BTCUSD,,,,,
Date,Open,High,Low,Close,Volume
18/07/2010,0,0.1,0.1,0.1,0.08K
19/07/2010,0.1,0.1,0.1,0.1,0.57K
20/07/2010,0.1,0.1,0.1,0.1,0.26K
21/07/2010,0.1,0.1,0.1,0.1,0.58K
22/07/2010,0.1,0.1,0.1,0.1,2.16K
23/07/2010,0.1,0.1,0.1,0.1,2.40K
24/07/2010,0.1,0.1,0.1,0.1,0.50K
25/07/2010,0.1,0.1,0.1,0.1,1.55K
26/07/2010,0.1,0.1,0.1,0.1,0.88K
27/07/2010,0.1,0.1,0.1,0.1,3.37K
28/07/2010,0.1,0.1,0.1,0.1,4.39K
29/07/2010,0.1,0.1,0.1,0.1,8.06K
30/07/2010,0.1,0.1,0.1,0.1,3.02K
31/07/2010,0.1,0.1,0.1,0.1,4.02K
01/08/2010,0.1,0.1,0.1,0.1,2.60K
02/08/2010,0.1,0.1,0.1,0.1,3.60K
03/08/2010,0.1,0.1,0.1,0.1,9.82K
04/08/2010,0.1,0.1,0.1,0.1,3.49K
05/08/2010,0.1,0.1,0.1,0.1,5.03K
06/08/2010,0.1,0.1,0.1,0.1,1.40K
07/08/2010,0.1,0.1,0.1,0.1,2.62K
08/08/2010,0.1,0.1,0.1,0.1,2.20K
09/08/2010,0.1,0.1,0.1,0.1,13.63K
10/08/2010,0.1,0.1,0.1,0.1,1.31K
11/08/2010,0.1,0.1,0.1,0.1,14.06K
12/08/2010,0.1,0.1,0.1,0.1,2.06K
13/08/2010,0.1,0.1,0.1,0.1,3.59K
14/08/2010,0.1,0.1,0.1,0.1,4.40K
15/08/2010,0.1,0.1,0.1,0.1,4.46K
16/08/2010,0.1,0.1,0.1,0.1,10.73K
17/08/2010,0.1,0.1,0.1,0.1,13.19K
18/08/2010,0.1,0.1,0.1,0.1,2.95K
19/08/2010,0.1,0.1,0.1,0.1,0.74K
20/08/2010,0.1,0.1,0.1,0.1,4.20K
21/08/2010,0.1,0.1,0.1,0.1,10.44K
22/08/2010,0.1,0.1,0.1,0.1,18.65K
23/08/2010,0.1,0.1,0.1,0.1,4.30K
24/08/2010,0.1,0.1,0.1,0.1,6.71K
25/08/2010,0.1,0.1,0.1,0.1,4.23K
26/08/2010,0.1,0.1,0.1,0.1,3.87K
27/08/2010,0.1,0.1,0.1,0.1,9.01K
28/08/2010,0.1,0.1,0.1,0.1,6.17K
29/08/2010,0.1,0.1,0.1,0.1,3.17K
30/08/2010,0.1,0.1,0,0.1,34.19K
31/08/2010,0.1,0.1,0.1,0.1,14.89K
01/09/2010,0.1,0.1,0.1,0.1,7.17K
02/09/2010,0.1,0.1,0.1,0.1,8.15K
03/09/2010,0.1,0.1,0.1,0.1,0.89K
04/09/2010,0.1,0.1,0.1,0.1,3.30K
05/09/2010,0.1,0.1,0.1,0.1,8.46K
06/09/2010,0.1,0.1,0.1,0.1,0.91K
07/09/2010,0.1,0.1,0.1,0.1,3.46K
08/09/2010,0.1,0.1,0.1,0.1,2.35K
09/09/2010,0.1,0.1,0.1,0.1,1.73K
10/09/2010,0.1,0.1,0.1,0.1,4.94K
11/09/2010,0.1,0.1,0.1,0.1,7.75K
12/09/2010,0.1,0.1,0.1,0.1,0.79K
13/09/2010,0.1,0.1,0.1,0.1,10.08K
14/09/2010,0.1,0.2,0.1,0.1,14.02K
15/09/2010,0.1,0.1,0.1,0.1,3.65K
16/09/2010,0.1,0.1,0.1,0.1,0.73K
17/09/2010,0.1,0.1,0.1,0.1,7.26K
18/09/2010,0.1,0.1,0.1,0.1,7.09K
19/09/2010,0.1,0.1,0.1,0.1,12.85K
20/09/2010,0.1,0.1,0.1,0.1,14.31K
21/09/2010,0.1,0.1,0.1,0.1,5.74K
22/09/2010,0.1,0.1,0.1,0.1,11.56K
23/09/2010,0.1,0.1,0.1,0.1,15.51K
24/09/2010,0.1,0.1,0.1,0.1,0.68K
25/09/2010,0.1,0.1,0.1,0.1,2.15K
26/09/2010,0.1,0.1,0.1,0.1,12.06K
27/09/2010,0.1,0.1,0.1,0.1,10.75K
28/09/2010,0.1,0.1,0.1,0.1,7.09K
29/09/2010,0.1,0.1,0.1,0.1,23.48K
30/09/2010,0.1,0.1,0.1,0.1,7.92K
01/10/2010,0.1,0.1,0.1,0.1,1.72K
02/10/2010,0.1,0.1,0.1,0.1,13.06K
03/10/2010,0.1,0.1,0.1,0.1,7.17K
04/10/2010,0.1,0.1,0.1,0.1,34.00K
05/10/2010,0.1,0.1,0.1,0.1,27.53K
06/10/2010,0.1,0.1,0.1,0.1,33.43K
07/10/2010,0.1,0.1,0.1,0.1,43.69K
08/10/2010,0.1,0.1,0,0.1,139.29K
09/10/2010,0.1,0.1,0.1,0.1,187.85K
10/10/2010,0.1,0.1,0.1,0.1,50.68K
11/10/2010,0.1,0.1,0.1,0.1,14.09K
12/10/2010,0.1,0.1,0.1,0.1,25.66K
13/10/2010,0.1,0.1,0.1,0.1,47.56K
14/10/2010,0.1,0.1,0.1,0.1,37.22K
15/10/2010,0.1,0.1,0.1,0.1,24.64K
16/10/2010,0.1,0.1,0.1,0.1,6.29K
17/10/2010,0.1,0.1,0.1,0.1,18.22K
18/10/2010,0.1,0.1,0.1,0.1,25.67K
19/10/2010,0.1,0.1,0.1,0.1,6.24K
20/10/2010,0.1,0.1,0.1,0.1,31.86K
21/10/2010,0.1,0.1,0.1,0.1,44.87K
22/10/2010,0.1,0.1,0.1,0.1,34.60K
23/10/2010,0.1,0.1,0.1,0.1,4.42K
24/10/2010,0.1,0.2,0.1,0.1,13.80K
25/10/2010,0.1,0.2,0.1,0.1,30.30K
26/10/2010,0.1,0.2,0.1,0.2,19.22K
27/10/2010,0.2,0.2,0.2,0.2,65.61K
28/10/2010,0.2,0.2,0.2,0.2,21.53K
29/10/2010,0.2,0.2,0.2,0.2,28.69K
30/10/2010,0.2,0.2,0.2,0.2,26.71K
31/10/2010,0.2,0.2,0.2,0.2,40.34K
01/11/2010,0.2,0.2,0.2,0.2,21.26K
02/11/2010,0.2,0.2,0.2,0.2,5.85K
03/11/2010,0.2,0.3,0.1,0.2,61.47K
04/11/2010,0.2,0.2,0.2,0.2,29.70K
05/11/2010,0.2,0.3,0.2,0.3,36.62K
06/11/2010,0.3,0.5,0.2,0.4,32.76K
07/11/2010,0.4,0.5,0.3,0.3,77.22K
08/11/2010,0.3,0.4,0.2,0.2,118.20K
09/11/2010,0.2,0.3,0.2,0.2,47.98K
10/11/2010,0.2,0.2,0.1,0.2,30.39K
11/11/2010,0.2,0.2,0.2,0.2,5.03K
12/11/2010,0.2,0.3,0.2,0.3,40.72K
13/11/2010,0.3,0.3,0.3,0.3,21.92K
14/11/2010,0.3,0.3,0.3,0.3,16.84K
15/11/2010,0.3,0.3,0.3,0.3,8.51K
16/11/2010,0.3,0.3,0.2,0.2,33.93K
17/11/2010,0.2,0.3,0.2,0.2,32.87K
18/11/2010,0.2,0.3,0.2,0.3,37.45K
19/11/2010,0.3,0.3,0.3,0.3,2.16K
20/11/2010,0.3,0.3,0.3,0.3,14.65K
21/11/2010,0.3,0.3,0.3,0.3,0.77K
22/11/2010,0.3,0.3,0.3,0.3,28.21K
23/11/2010,0.3,0.3,0.3,0.3,4.86K
24/11/2010,0.3,0.3,0.3,0.3,2.52K
25/11/2010,0.3,0.3,0.3,0.3,1.68K
26/11/2010,0.3,0.3,0.3,0.3,33.53K
27/11/2010,0.3,0.3,0.3,0.3,1.83K
28/11/2010,0.3,0.3,0.3,0.3,20.80K
29/11/2010,0.3,0.3,0.2,0.2,35.06K
30/11/2010,0.2,0.2,0.2,0.2,21.48K
01/12/2010,0.2,0.2,0.2,0.2,8.16K
02/12/2010,0.2,0.3,0.2,0.3,20.31K
03/12/2010,0.3,0.3,0.2,0.3,2.57K
04/12/2010,0.3,0.3,0.2,0.2,28.56K
05/12/2010,0.2,0.2,0.2,0.2,5.74K
06/12/2010,0.2,0.2,0.2,0.2,4.32K
07/12/2010,0.2,0.2,0.2,0.2,24.59K
08/12/2010,0.2,0.2,0.2,0.2,3.43K
09/12/2010,0.2,0.2,0.2,0.2,21.34K
10/12/2010,0.2,0.2,0.2,0.2,1.68K
11/12/2010,0.2,0.2,0.2,0.2,5.79K
12/12/2010,0.2,0.2,0.2,0.2,1.96K
13/12/2010,0.2,0.2,0.2,0.2,6.42K
14/12/2010,0.2,0.2,0.2,0.2,10.39K
15/12/2010,0.2,0.2,0.2,0.2,3.69K
16/12/2010,0.2,0.3,0.2,0.3,14.36K
17/12/2010,0.3,0.2,0.2,0.2,0.53K
18/12/2010,0.2,0.2,0.2,0.2,0.17K
19/12/2010,0.2,0.2,0.2,0.2,2.00K
20/12/2010,0.2,0.3,0.2,0.3,10.68K
21/12/2010,0.3,0.3,0.2,0.2,9.23K
22/12/2010,0.2,0.3,0.2,0.3,3.80K
23/12/2010,0.3,0.3,0.2,0.3,8.65K
24/12/2010,0.3,0.3,0.2,0.2,5.03K
25/12/2010,0.2,0.3,0.2,0.2,0.70K
26/12/2010,0.2,0.3,0.2,0.3,16.59K
27/12/2010,0.3,0.3,0.3,0.3,4.94K
28/12/2010,0.3,0.3,0.3,0.3,15.44K
29/12/2010,0.3,0.3,0.3,0.3,18.61K
30/12/2010,0.3,0.3,0.3,0.3,2.54K
31/12/2010,0.3,0.3,0.3,0.3,1.45K
01/01/2011,0.3,0.3,0.3,0.3,2.82K
02/01/2011,0.3,0.3,0.3,0.3,5.35K
03/01/2011,0.3,0.3,0.3,0.3,1.43K
04/01/2011,0.3,0.3,0.3,0.3,1.88K
05/01/2011,0.3,0.3,0.3,0.3,0.36K
06/01/2011,0.3,0.3,0.3,0.3,3.46K
07/01/2011,0.3,0.3,0.3,0.3,42.60K
08/01/2011,0.3,0.3,0.3,0.3,1.63K
09/01/2011,0.3,0.3,0.3,0.3,1.69K
10/01/2011,0.3,0.3,0.3,0.3,10.36K
11/01/2011,0.3,0.3,0.3,0.3,4.86K
12/01/2011,0.3,0.4,0.3,0.3,31.36K
13/01/2011,0.3,0.4,0.3,0.3,20.12K
14/01/2011,0.3,0.4,0.3,0.4,27.13K
15/01/2011,0.4,0.4,0.4,0.4,1.52K
16/01/2011,0.4,0.4,0.4,0.4,2.78K
17/01/2011,0.4,0.4,0.3,0.3,18.24K
18/01/2011,0.3,0.3,0.3,0.3,15.67K
19/01/2011,0.3,0.3,0.3,0.3,7.29K
20/01/2011,0.3,0.4,0.3,0.4,19.88K
21/01/2011,0.4,0.4,0.4,0.4,8.48K
22/01/2011,0.4,0.4,0.4,0.4,10.53K
23/01/2011,0.4,0.4,0.4,0.4,1.15K
24/01/2011,0.4,0.4,0.4,0.4,11.06K
25/01/2011,0.4,0.4,0.4,0.4,2.16K
26/01/2011,0.4,0.4,0.4,0.4,15.57K
27/01/2011,0.4,0.4,0.4,0.4,27.71K
28/01/2011,0.4,0.4,0.4,0.4,5.33K
29/01/2011,0.4,0.4,0.4,0.4,1.45K
30/01/2011,0.4,0.5,0.4,0.5,10.38K
31/01/2011,0.5,0.9,0.5,0.5,63.52K
01/02/2011,0.5,0.9,0.5,0.7,31.56K
02/02/2011,0.7,0.8,0.7,0.7,5.63K
03/02/2011,0.7,0.8,0.7,0.7,8.53K
04/02/2011,0.7,0.9,0.7,0.8,42.22K
05/02/2011,0.8,0.9,0.8,0.9,15.79K
06/02/2011,0.9,0.9,0.8,0.9,8.74K
07/02/2011,0.9,0.9,0.8,0.9,2.26K
08/02/2011,0.9,0.9,0.9,0.9,7.02K
09/02/2011,0.9,1.1,0.8,1.1,49.63K
10/02/2011,1.1,1.1,0.8,1,26.56K
11/02/2011,1,1.1,0.9,1.1,13.30K
12/02/2011,1.1,1.1,1,1.1,4.12K
13/02/2011,1.1,1.1,1,1,3.24K
14/02/2011,1,1.1,1,1.1,7.10K
15/02/2011,1.1,1.1,1,1,8.62K
16/02/2011,1,1,1,1,7.19K
17/02/2011,1,1,1,1,4.01K
18/02/2011,1,1,0.8,0.9,36.95K
19/02/2011,0.9,1,0.8,0.9,3.80K
20/02/2011,0.9,0.9,0.8,0.9,9.97K
21/02/2011,0.9,0.9,0.8,0.8,1.70K
22/02/2011,0.8,0.9,0.8,0.9,12.10K
23/02/2011,0.9,0.9,0.9,0.9,6.72K
24/02/2011,0.9,1,0.9,1,13.42K
25/02/2011,1,1,0.9,0.9,4.46K
26/02/2011,0.9,1,0.9,1,4.74K
27/02/2011,1,1,0.9,0.9,23.27K
28/02/2011,0.9,0.9,0.8,0.9,4.65K
01/03/2011,0.9,1,0.9,0.9,22.57K
02/03/2011,0.9,0.9,0.9,0.9,2.74K
03/03/2011,0.9,0.9,0.9,0.9,2.75K
04/03/2011,0.9,0.9,0.9,0.9,2.71K
05/03/2011,0.9,0.9,0.8,0.9,12.57K
06/03/2011,0.9,0.9,0.8,0.9,12.63K
07/03/2011,0.9,0.9,0.8,0.9,15.27K
08/03/2011,0.9,0.9,0.9,0.9,4.53K
09/03/2011,0.9,0.9,0.9,0.9,4.55K
10/03/2011,0.9,0.9,0.8,0.9,8.87K
11/03/2011,0.9,0.9,0.9,0.9,3.73K
12/03/2011,0.9,0.9,0.9,0.9,4.82K
13/03/2011,0.9,0.9,0.9,0.9,0.66K
14/03/2011,0.9,0.9,0.9,0.9,5.27K
15/03/2011,0.9,0.9,0.9,0.9,2.73K
16/03/2011,0.9,0.9,0.8,0.9,7.93K
17/03/2011,0.9,0.9,0.8,0.8,7.16K
18/03/2011,0.8,0.9,0.7,0.8,14.23K
19/03/2011,0.8,0.8,0.7,0.8,9.88K
20/03/2011,0.8,0.8,0.7,0.7,5.82K
21/03/2011,0.7,0.8,0.7,0.8,3.70K
22/03/2011,0.8,0.8,0.7,0.8,12.15K
23/03/2011,0.8,0.9,0.8,0.8,13.26K
24/03/2011,0.8,0.9,0.8,0.9,14.01K
25/03/2011,0.9,0.9,0.9,0.9,4.82K
26/03/2011,0.9,0.9,0.8,0.9,11.76K
27/03/2011,0.9,0.9,0.8,0.8,5.34K
28/03/2011,0.8,0.9,0.8,0.8,12.57K
29/03/2011,0.8,0.8,0.8,0.8,4.22K
30/03/2011,0.8,0.8,0.8,0.8,3.22K
31/03/2011,0.8,0.8,0.8,0.8,6.88K
01/04/2011,0.8,0.8,0.8,0.8,3.19K
02/04/2011,0.8,0.8,0.8,0.8,2.49K
03/04/2011,0.8,0.8,0.8,0.8,3.93K
04/04/2011,0.8,0.8,0.6,0.7,31.16K
05/04/2011,0.7,0.7,0.6,0.7,9.73K
06/04/2011,0.7,0.8,0.7,0.7,8.70K
07/04/2011,0.7,0.8,0.7,0.8,10.83K
08/04/2011,0.8,0.8,0.7,0.8,18.21K
09/04/2011,0.8,0.8,0.7,0.7,12.12K
10/04/2011,0.7,0.8,0.7,0.7,5.35K
11/04/2011,0.7,0.8,0.7,0.8,14.65K
12/04/2011,0.8,0.9,0.8,0.9,48.42K
13/04/2011,0.9,1,0.9,0.9,43.40K
14/04/2011,0.9,1,0.9,1,31.11K
15/04/2011,1,1.1,0.9,1,50.31K
16/04/2011,1,1.1,1,1,28.87K
17/04/2011,1,1.1,1,1.1,24.23K
18/04/2011,1.1,1.2,1.1,1.2,27.48K
19/04/2011,1.2,1.2,1.1,1.2,12.56K
20/04/2011,1.2,1.2,1.1,1.1,21.35K
21/04/2011,1.1,1.2,1.1,1.2,39.30K
22/04/2011,1.2,1.4,1.2,1.4,39.42K
23/04/2011,1.4,2,1.3,1.7,66.62K
24/04/2011,1.7,2,1.6,1.6,21.54K
25/04/2011,1.6,1.7,1.5,1.6,13.47K
26/04/2011,1.6,1.8,1.5,1.8,24.05K
27/04/2011,1.8,2,1.7,1.9,33.06K
28/04/2011,1.9,2.7,1.7,2.2,100.24K
29/04/2011,2.2,3,2.2,2.9,57.58K
30/04/2011,2.9,4.2,2.8,3.5,65.43K
01/05/2011,3.5,3.9,2.5,3,45.77K
02/05/2011,3,3.5,3,3.2,18.33K
03/05/2011,3.2,3.5,3.1,3.4,16.92K
04/05/2011,3.4,3.6,3.3,3.4,17.28K
05/05/2011,3.4,3.5,3.3,3.3,15.35K
06/05/2011,3.3,3.6,3.3,3.5,23.02K
07/05/2011,3.5,3.7,3.4,3.6,17.83K
08/05/2011,3.6,3.9,3.6,3.9,21.13K
09/05/2011,3.9,3.9,3.7,3.8,11.52K
10/05/2011,3.8,6,3.8,5.8,56.22K
11/05/2011,5.8,6.1,4.6,5.5,52.57K
12/05/2011,5.5,6.5,5.2,6.3,31.72K
13/05/2011,6.3,8.4,6.3,8.2,64.00K
14/05/2011,8.2,8.9,5.8,7.2,55.39K
15/05/2011,7.2,7.8,6.2,7,18.30K
16/05/2011,7,8.5,6.8,8,44.14K
17/05/2011,8,8.4,7,7.2,35.35K
18/05/2011,7.2,7.5,6.6,6.9,25.40K
19/05/2011,6.9,7.3,6.6,6.8,24.44K
20/05/2011,6.8,7.1,5.6,5.6,44.46K
21/05/2011,5.6,6.5,5.6,6.1,31.11K
22/05/2011,6.1,6.8,6,6.7,23.87K
23/05/2011,6.7,7.4,6.7,7.2,35.28K
24/05/2011,7.2,7.5,7,7.4,29.28K
25/05/2011,7.4,9.3,7.2,8.4,64.05K
26/05/2011,8.4,9,8,8.8,28.65K
27/05/2011,8.8,8.8,8.5,8.5,14.43K
28/05/2011,8.5,8.7,8.1,8.3,12.25K
29/05/2011,8.3,8.5,8.1,8.4,7.49K
30/05/2011,8.4,9,8.3,8.8,17.68K
31/05/2011,8.8,9.5,8.1,8.7,45.79K
01/06/2011,8.7,9.7,8.3,9.6,43.48K
02/06/2011,9.6,10.9,9.5,10.6,41.05K
03/06/2011,10.6,14.5,10.6,14.3,72.98K
04/06/2011,14.3,18.9,14,18.9,44.48K
05/06/2011,18.9,19,16.2,16.7,24.28K
06/06/2011,16.7,19.2,16.5,18.5,55.09K
07/06/2011,18.5,24.3,18.3,23.9,53.72K
08/06/2011,23.9,31.9,22.2,29.6,104.93K
09/06/2011,29.6,31.5,26.1,28.9,62.93K
10/06/2011,28.9,29.4,20,24,92.21K
11/06/2011,24,24,13,14.6,121.87K
12/06/2011,14.6,25,10.3,18.5,151.19K
13/06/2011,18.5,24.5,16,19.8,73.42K
14/06/2011,19.8,20.5,18,19.3,36.16K
15/06/2011,19.3,20,19,19.5,27.71K
16/06/2011,19.5,19.9,17,17,49.20K
17/06/2011,17,18.3,13,15.7,108.62K
18/06/2011,15.7,17,15.1,16.9,35.54K
19/06/2011,16.9,18.9,16.9,17.5,30.18K
20/06/2011,17.5,17.5,17.5,17.5,
21/06/2011,17.5,17.5,17.5,17.5,
22/06/2011,17.5,17.5,17.5,17.5,
23/06/2011,17.5,17.5,17.5,17.5,
24/06/2011,17.5,17.5,17.5,17.5,
25/06/2011,17.5,17.5,17.5,17.5,
26/06/2011,17.5,17.5,14,16.5,15.05K
27/06/2011,16.5,18,15,16.8,31.45K
28/06/2011,16.8,17.5,16.5,17,24.40K
29/06/2011,17,17.2,16.7,16.9,21.04K
30/06/2011,16.9,17,15.7,16.1,34.96K
01/07/2011,16.1,16.7,15.3,15.4,33.28K
02/07/2011,15.4,15.8,15.3,15.4,19.45K
03/07/2011,15.4,15.7,15.3,15.4,16.79K
04/07/2011,15.4,15.5,13.1,13.9,52.28K
05/07/2011,13.9,15,11,12.9,84.08K
06/07/2011,12.9,16.5,12.7,14.8,111.82K
07/07/2011,14.8,15.9,14.5,14.8,54.47K
08/07/2011,14.8,15.6,13.9,14.3,34.85K
09/07/2011,14.3,14.7,14,14.4,11.91K
10/07/2011,14.4,15.7,14.4,14.9,45.28K
11/07/2011,14.9,15.2,13.8,14.2,49.16K
12/07/2011,14.2,14.6,13.9,14,26.36K
13/07/2011,14,14.1,13.9,13.9,10.34K
14/07/2011,13.9,14.1,13.7,14,17.66K
15/07/2011,14,14.1,13.5,13.8,24.82K
16/07/2011,13.8,13.8,13.5,13.7,17.26K
17/07/2011,13.7,13.8,13,13.2,34.38K
18/07/2011,13.2,13.9,12.5,13.5,75.90K
19/07/2011,13.5,14.7,13.4,13.9,67.58K
20/07/2011,13.9,14,13.4,13.7,23.18K
21/07/2011,13.7,13.8,13.4,13.6,25.02K
22/07/2011,13.6,13.8,13.4,13.7,15.17K
23/07/2011,13.7,13.8,13.5,13.7,22.46K
24/07/2011,13.7,14.1,13.6,14,26.62K
25/07/2011,14,14.7,13.8,14.1,31.58K
26/07/2011,14.1,14.1,13.8,13.9,16.79K
27/07/2011,13.9,14.1,13.9,13.9,11.51K
28/07/2011,13.9,13.9,13.3,13.5,32.74K
29/07/2011,13.5,13.7,13.3,13.5,7.26K
30/07/2011,13.5,13.6,13.4,13.5,6.10K
31/07/2011,13.5,14.9,12.8,13.4,45.72K
01/08/2011,13.4,13.6,12.9,13.1,21.75K
02/08/2011,13.1,13.1,11.5,12.1,57.24K
03/08/2011,12.1,12.2,8.7,9.3,90.29K
04/08/2011,9.3,11.1,9.3,10.8,50.09K
05/08/2011,10.8,11,9.5,9.8,30.77K
06/08/2011,9.8,9.9,5.7,6.6,102.41K
07/08/2011,6.6,9.5,6,7.9,89.83K
08/08/2011,7.9,8.2,7.1,7.8,34.04K
09/08/2011,7.8,12.1,7.7,10,114.47K
10/08/2011,10,10.4,9.5,10,24.25K
11/08/2011,10,10.5,8.4,9.5,58.12K
12/08/2011,9.5,9.8,8.9,9.5,41.59K
13/08/2011,9.5,10.3,9.3,10.1,29.76K
14/08/2011,10.1,11.2,9.6,10.8,44.13K
15/08/2011,10.8,11.9,10.7,11.1,38.16K
16/08/2011,11.1,11.3,10.8,11,15.33K
17/08/2011,11,11.1,10.7,10.9,22.90K
18/08/2011,10.9,11.1,10.8,10.8,8.21K
19/08/2011,10.8,11.8,10.8,11.6,33.72K
20/08/2011,11.6,11.7,11.4,11.4,9.92K
21/08/2011,11.4,11.5,11.3,11.3,8.72K
22/08/2011,11.3,11.5,10.5,10.9,37.00K
23/08/2011,10.9,11.3,10.8,10.9,12.78K
24/08/2011,10.9,11.1,10.8,10.9,7.82K
25/08/2011,10.9,10.9,9.1,9.7,55.49K
26/08/2011,9.7,9.9,7.6,8.2,83.00K
27/08/2011,8.2,9.1,8.1,8.6,22.00K
28/08/2011,8.6,9.5,8.4,9.1,24.16K
29/08/2011,9.1,9.3,8.6,9,21.65K
30/08/2011,9,9,8.6,8.8,11.77K
31/08/2011,8.8,8.8,8,8.2,19.65K
01/09/2011,8.2,8.4,8.1,8.2,11.90K
02/09/2011,8.2,8.7,8.2,8.6,16.82K
03/09/2011,8.6,8.7,8.4,8.5,6.95K
04/09/2011,8.5,8.5,7.8,8.2,19.67K
05/09/2011,8.2,8.2,7.3,7.6,30.80K
06/09/2011,7.6,7.7,6.1,6.9,82.50K
07/09/2011,6.9,7.6,6.5,7.2,49.64K
08/09/2011,7.2,7.2,6.5,6.5,31.89K
09/09/2011,6.5,6.6,4.2,5,217.43K
10/09/2011,5,5.5,4.6,4.8,44.49K
11/09/2011,4.8,7.4,4.6,5.9,143.79K
12/09/2011,5.9,6.6,5.4,6.1,63.86K
13/09/2011,6.1,6.1,5.7,5.8,23.76K
14/09/2011,5.8,5.8,5.3,5.6,43.77K
15/09/2011,5.6,5.6,4.4,4.8,86.22K
16/09/2011,4.8,5,4.6,4.8,31.65K
17/09/2011,4.8,4.9,4.7,4.8,20.30K
18/09/2011,4.8,5.6,4.7,5.2,44.62K
19/09/2011,5.2,5.6,4.9,5.5,49.84K
20/09/2011,5.5,6.8,5.4,6.1,116.75K
21/09/2011,6.1,6.3,5.1,5.6,68.16K
22/09/2011,5.6,5.8,5.3,5.4,31.65K
23/09/2011,5.4,5.7,5.4,5.6,55.67K
24/09/2011,5.6,5.6,5.3,5.5,17.94K
25/09/2011,5.5,5.5,5.3,5.3,9.49K
26/09/2011,5.3,5.4,4.7,4.9,56.07K
27/09/2011,4.9,5.1,4.8,4.9,24.65K
28/09/2011,4.9,5,4.6,4.8,30.63K
29/09/2011,4.8,4.8,4.7,4.8,14.09K
30/09/2011,4.8,5.3,4.7,5.1,41.46K
01/10/2011,5.1,5.3,4.9,5,23.46K
02/10/2011,5,5.1,4.9,5,10.46K
03/10/2011,5,5,4.9,5,17.29K
04/10/2011,5,5,4.9,5,15.79K
05/10/2011,5,5,4.8,4.9,17.59K
06/10/2011,4.9,4.9,4.5,4.7,54.77K
07/10/2011,4.7,4.8,3.8,4.3,97.55K
08/10/2011,4.3,4.3,3.8,4,39.61K
09/10/2011,4,4.4,4,4.1,37.92K
10/10/2011,4.1,4.2,4,4.1,16.86K
11/10/2011,4.1,4.1,3.8,3.9,41.10K
12/10/2011,3.9,4.4,3.9,4.2,69.40K
13/10/2011,4.2,4.2,4,4.1,19.71K
14/10/2011,4.1,4.1,4,4,20.06K
15/10/2011,4,4.1,3.7,3.8,42.09K
16/10/2011,3.8,3.9,3.4,3.6,36.20K
17/10/2011,3.6,3.7,2.3,2.6,207.43K
18/10/2011,2.6,2.9,2.3,2.4,87.86K
19/10/2011,2.4,2.5,2,2.3,101.87K
20/10/2011,2.3,2.4,2.2,2.3,48.86K
21/10/2011,2.3,2.7,2.3,2.6,72.97K
22/10/2011,2.6,3.3,2.5,3.2,120.16K
23/10/2011,3.2,3.2,3,3.2,37.04K
24/10/2011,3.2,3.2,2.5,2.5,92.23K
25/10/2011,2.5,3,2.4,2.8,101.41K
26/10/2011,2.8,2.8,2.7,2.8,29.40K
27/10/2011,2.8,3.1,2.7,3,58.70K
28/10/2011,3,3.3,2.9,3.2,52.37K
29/10/2011,3.2,3.8,3.1,3.6,79.54K
30/10/2011,3.6,3.7,3.2,3.3,50.69K
31/10/2011,3.3,3.3,3.1,3.3,30.98K
01/11/2011,3.3,3.3,3.1,3.2,37.89K
02/11/2011,3.2,3.4,3.1,3.3,32.31K
03/11/2011,3.3,3.3,3.1,3.2,24.52K
04/11/2011,3.2,3.2,3,3.1,39.51K
05/11/2011,3.1,3.2,2.8,3,52.96K
06/11/2011,3,3,2.9,3,17.23K
07/11/2011,3,3,3,3,23.99K
08/11/2011,3,3.2,3,3,60.34K
09/11/2011,3,3.1,2.9,3,52.20K
10/11/2011,3,3,2.8,2.8,33.93K
11/11/2011,2.8,3.1,2.8,3.1,44.85K
12/11/2011,3.1,3.1,3,3,20.38K
13/11/2011,3,3,3,3,9.63K
14/11/2011,3,3,2.1,2.2,382.19K
15/11/2011,2.2,2.5,2.1,2.3,76.42K
16/11/2011,2.3,2.6,2.3,2.6,44.21K
17/11/2011,2.6,2.6,2,2.3,117.28K
18/11/2011,2.3,2.4,2,2,98.14K
19/11/2011,2,2.3,2,2.2,78.30K
20/11/2011,2.2,2.5,2.2,2.2,79.73K
21/11/2011,2.2,2.3,2.2,2.3,41.73K
22/11/2011,2.3,2.3,2.3,2.3,34.21K
23/11/2011,2.3,2.4,2.3,2.3,40.00K
24/11/2011,2.3,2.6,2.3,2.4,87.27K
25/11/2011,2.4,2.5,2.4,2.5,44.41K
26/11/2011,2.5,2.5,2.4,2.5,36.12K
27/11/2011,2.5,2.5,2.4,2.5,22.73K
28/11/2011,2.5,2.5,2.4,2.5,41.26K
29/11/2011,2.5,3,2.5,2.8,180.53K
30/11/2011,2.8,3.1,2.7,3,120.15K
01/12/2011,3,3.1,2.9,3.1,63.86K
02/12/2011,3.1,3.1,3,3.1,57.50K
03/12/2011,3.1,3.1,2.8,2.8,123.02K
04/12/2011,2.8,2.9,2.6,2.8,95.22K
05/12/2011,2.8,2.9,2.8,2.9,30.89K
06/12/2011,2.9,3,2.9,3,55.60K
07/12/2011,3,3.1,2.9,3,58.12K
08/12/2011,3,3,2.9,3,39.93K
09/12/2011,3,3,2.9,3,34.39K
10/12/2011,3,3.1,2.9,3,74.31K
11/12/2011,3,3.4,3,3.3,108.22K
12/12/2011,3.3,3.3,3.1,3.1,39.90K
13/12/2011,3.1,3.3,3.1,3.3,32.66K
14/12/2011,3.3,3.3,3,3.2,72.48K
15/12/2011,3.2,3.2,3.1,3.2,30.09K
16/12/2011,3.2,3.2,3.2,3.2,29.87K
17/12/2011,3.2,3.2,3.2,3.2,16.48K
18/12/2011,3.2,3.2,3.2,3.2,10.79K
19/12/2011,3.2,3.7,3.2,3.5,139.99K
20/12/2011,3.5,4.5,3.5,4,186.41K
21/12/2011,4,4,3.8,3.9,48.79K
22/12/2011,3.9,4,3.5,3.9,57.21K
23/12/2011,3.9,4,3.8,4,20.50K
24/12/2011,4,4,3.9,3.9,14.93K
25/12/2011,3.9,4.4,3.8,4.2,80.80K
26/12/2011,4.2,4.3,3.8,4,88.83K
27/12/2011,4,4.1,4,4.1,30.16K
28/12/2011,4.1,4.3,4,4.2,33.84K
29/12/2011,4.2,4.3,4.1,4.2,53.07K
30/12/2011,4.2,4.3,4.1,4.3,41.07K
31/12/2011,4.3,5,4.2,4.7,129.73K
01/01/2012,4.7,5.5,4.6,5.3,108.51K
02/01/2012,5.3,5.5,4.8,5.2,69.15K
03/01/2012,5.2,5.3,4.7,4.9,125.17K
04/01/2012,4.9,5.7,4.8,5.6,131.17K
05/01/2012,5.6,7.2,5.6,6.9,182.33K
06/01/2012,6.9,7.2,6.1,6.7,218.08K
07/01/2012,6.7,7,6.4,6.8,48.39K
08/01/2012,6.8,7.2,6.7,7.1,57.19K
09/01/2012,7.1,7.2,5.8,6.3,148.41K
10/01/2012,6.3,6.9,6,6.4,110.21K
11/01/2012,6.4,7.1,6.4,6.9,99.44K
12/01/2012,6.9,7,6.3,6.8,140.12K
13/01/2012,6.8,6.8,6.4,6.4,60.23K
14/01/2012,6.4,6.9,6.2,6.8,141.90K
15/01/2012,6.8,7.1,6.7,7,62.23K
16/01/2012,7,7.2,6.5,6.7,122.67K
17/01/2012,6.7,6.9,4.6,5.6,213.41K
18/01/2012,5.6,6.9,5.1,5.9,226.68K
19/01/2012,5.9,6.4,5.9,6.4,114.82K
20/01/2012,6.4,6.6,6.3,6.5,66.79K
21/01/2012,6.5,6.6,6.1,6.2,64.76K
22/01/2012,6.2,6.4,6.1,6.3,44.89K
23/01/2012,6.3,6.4,6.2,6.4,17.69K
24/01/2012,6.4,6.4,6.2,6.3,35.66K
25/01/2012,6.3,6.3,5.5,5.8,133.12K
26/01/2012,5.8,5.9,5.3,5.3,123.95K
27/01/2012,5.3,5.5,5.1,5.3,115.57K
28/01/2012,5.3,5.8,5.3,5.6,89.71K
29/01/2012,5.6,5.7,5.3,5.4,46.43K
30/01/2012,5.4,5.6,5.4,5.5,42.30K
31/01/2012,5.5,5.7,5.4,5.5,48.30K
01/02/2012,5.5,6.2,5.5,6.1,115.52K
02/02/2012,6.1,6.2,5.8,6.1,54.55K
03/02/2012,6.1,6.1,5.7,6,59.28K
04/02/2012,6,6,5.8,5.9,20.62K
05/02/2012,5.9,5.9,5.4,5.7,120.34K
06/02/2012,5.7,5.7,5.4,5.4,90.26K
07/02/2012,5.4,5.8,5.4,5.7,72.75K
08/02/2012,5.7,5.8,5.3,5.6,237.94K
09/02/2012,5.6,5.9,5.5,5.8,89.95K
10/02/2012,5.8,6,5.8,5.9,39.31K
11/02/2012,5.9,6,5.5,5.6,69.71K
12/02/2012,5.6,5.8,5.4,5.5,81.92K
13/02/2012,5.5,5.7,5.2,5.3,170.21K
14/02/2012,5.3,5.4,4.2,4.5,297.57K
15/02/2012,4.5,4.9,4.2,4.3,161.80K
16/02/2012,4.3,4.4,3.9,4.3,166.60K
17/02/2012,4.3,4.8,4.2,4.4,135.95K
18/02/2012,4.4,4.5,4.1,4.2,70.41K
19/02/2012,4.2,4.5,4.2,4.4,62.37K
20/02/2012,4.4,4.5,4.3,4.4,37.30K
21/02/2012,4.4,4.4,4.2,4.3,51.79K
22/02/2012,4.3,4.5,4.3,4.4,103.84K
23/02/2012,4.4,5.2,4.4,5,164.31K
24/02/2012,5,5.1,4.8,5,89.83K
25/02/2012,5,5.1,4.7,4.8,86.16K
26/02/2012,4.8,5.1,4.8,4.9,70.04K
27/02/2012,4.9,5,4.9,5,29.37K
28/02/2012,5,5,4.7,4.9,62.69K
29/02/2012,4.9,4.9,4.8,4.9,26.54K
01/03/2012,4.9,5,4.9,4.9,44.18K
02/03/2012,4.9,4.9,4.5,4.7,130.77K
03/03/2012,4.7,4.8,4.5,4.6,40.08K
04/03/2012,4.6,4.9,4.6,4.8,58.83K
05/03/2012,4.8,5.1,4.8,5,65.83K
06/03/2012,5,5.1,4.9,5,44.53K
07/03/2012,5,5.1,4.8,4.9,46.17K
08/03/2012,4.9,5,4.8,4.9,58.09K
09/03/2012,4.9,4.9,4.8,4.9,32.72K
10/03/2012,4.9,4.9,4.8,4.8,28.07K
11/03/2012,4.8,5,4.8,4.9,42.44K
12/03/2012,4.9,4.9,4.9,4.9,22.05K
13/03/2012,4.9,5.4,4.9,5.3,127.33K
14/03/2012,5.3,5.4,5.3,5.4,62.89K
15/03/2012,5.4,5.4,5.3,5.3,41.08K
16/03/2012,5.3,5.4,5.3,5.3,32.72K
17/03/2012,5.3,5.4,5.2,5.2,39.10K
18/03/2012,5.2,5.3,5.2,5.3,22.86K
19/03/2012,5.3,5.3,4.5,4.7,188.89K
20/03/2012,4.7,4.9,4.6,4.8,66.34K
21/03/2012,4.8,4.9,4.8,4.8,46.44K
22/03/2012,4.8,4.9,4.6,4.7,58.07K
23/03/2012,4.7,4.8,4.6,4.7,54.13K
24/03/2012,4.7,4.7,4.6,4.7,39.07K
25/03/2012,4.7,4.7,4.3,4.6,71.56K
26/03/2012,4.6,4.7,4.5,4.6,69.84K
27/03/2012,4.6,4.8,4.5,4.8,73.43K
28/03/2012,4.8,4.8,4.7,4.8,38.02K
29/03/2012,4.8,4.9,4.7,4.8,37.98K
30/03/2012,4.8,4.9,4.7,4.9,39.07K
31/03/2012,4.9,4.9,4.8,4.9,35.53K
01/04/2012,4.9,4.9,4.7,4.8,35.95K
02/04/2012,4.8,5.1,4.8,5,80.66K
03/04/2012,5,5,4.8,4.9,78.48K
04/04/2012,4.9,5,4.9,4.9,51.04K
05/04/2012,4.9,4.9,4.9,4.9,33.81K
06/04/2012,4.9,5,4.9,4.9,58.21K
07/04/2012,4.9,4.9,4.7,4.7,80.95K
08/04/2012,4.7,4.8,4.6,4.8,41.97K
09/04/2012,4.8,4.9,4.7,4.9,39.24K
10/04/2012,4.9,4.9,4.8,4.8,53.10K
11/04/2012,4.8,5,4.8,4.9,67.04K
12/04/2012,4.9,4.9,4.8,4.9,46.37K
13/04/2012,4.9,4.9,4.7,4.9,93.11K
14/04/2012,4.9,5,4.9,5,63.89K
15/04/2012,5,5,4.9,5,33.34K
16/04/2012,5,5,4.9,4.9,31.16K
17/04/2012,4.9,5,4.9,5,30.65K
18/04/2012,5,5.2,5,5.1,79.13K
19/04/2012,5.1,5.2,5.1,5.1,46.68K
20/04/2012,5.1,5.5,5.1,5.3,104.07K
21/04/2012,5.3,5.5,5.1,5.3,60.92K
22/04/2012,5.3,5.3,5.1,5.2,37.11K
23/04/2012,5.2,5.2,5,5,49.37K
24/04/2012,5,5.2,4.9,5.1,70.99K
25/04/2012,5.1,5.2,5,5.1,35.64K
26/04/2012,5.1,5.2,5,5.1,57.36K
27/04/2012,5.1,5.1,5,5.1,25.87K
28/04/2012,5.1,5.1,4.8,5,91.59K
29/04/2012,5,5,4.9,4.9,22.23K
30/04/2012,4.9,5,4.9,4.9,55.77K
01/05/2012,4.9,5,4.9,5,36.68K
02/05/2012,5,5.2,5,5.1,95.96K
03/05/2012,5.1,5.2,5,5.1,35.42K
04/05/2012,5.1,5.2,5.1,5.1,43.63K
05/05/2012,5.1,5.1,5,5.1,18.84K
06/05/2012,5.1,5.1,5,5.1,19.30K
07/05/2012,5.1,5.1,5,5.1,46.18K
08/05/2012,5.1,5.1,5,5.1,68.20K
09/05/2012,5.1,5.1,5,5,38.92K
10/05/2012,5,5.1,4.8,4.8,69.98K
11/05/2012,4.8,5,4.8,5,63.13K
12/05/2012,5,5,4.9,4.9,20.88K
13/05/2012,4.9,5,4.9,4.9,14.05K
14/05/2012,4.9,5,4.9,5,52.85K
15/05/2012,5,5,4.9,5,44.14K
16/05/2012,5,5.1,5,5.1,69.37K
17/05/2012,5.1,5.1,5.1,5.1,26.62K
18/05/2012,5.1,5.1,5.1,5.1,52.58K
19/05/2012,5.1,5.1,5.1,5.1,23.16K
20/05/2012,5.1,5.2,5.1,5.1,18.69K
21/05/2012,5.1,5.1,5.1,5.1,33.62K
22/05/2012,5.1,5.1,5.1,5.1,46.68K
23/05/2012,5.1,5.2,5.1,5.1,52.96K
24/05/2012,5.1,5.2,5.1,5.1,28.92K
25/05/2012,5.1,5.2,5.1,5.2,23.08K
26/05/2012,5.2,5.2,5.1,5.1,16.59K
27/05/2012,5.1,5.2,5.1,5.1,15.75K
28/05/2012,5.1,5.2,5.1,5.1,27.56K
29/05/2012,5.1,5.2,5,5.2,61.27K
30/05/2012,5.2,5.2,5.1,5.1,39.94K
31/05/2012,5.1,5.2,5.1,5.2,39.48K
01/06/2012,5.2,5.3,5.2,5.3,44.69K
02/06/2012,5.3,5.3,5.2,5.3,15.17K
03/06/2012,5.3,5.3,5.2,5.2,12.68K
04/06/2012,5.2,5.3,5.2,5.3,51.24K
05/06/2012,5.3,5.5,5.2,5.4,83.93K
06/06/2012,5.4,5.5,5.4,5.5,40.68K
07/06/2012,5.5,5.6,5.4,5.6,48.07K
08/06/2012,5.6,5.7,5.6,5.6,53.84K
09/06/2012,5.6,5.7,5.5,5.6,37.12K
10/06/2012,5.6,5.6,5.4,5.5,24.40K
11/06/2012,5.5,5.6,5.4,5.6,40.26K
12/06/2012,5.6,5.8,5.5,5.7,78.98K
13/06/2012,5.7,6,5.7,5.9,57.24K
14/06/2012,5.9,6,5.8,5.9,35.04K
15/06/2012,5.9,6.6,5.9,6.5,65.64K
16/06/2012,6.5,6.6,6.3,6.4,78.20K
17/06/2012,6.4,6.5,6.1,6.2,48.80K
18/06/2012,6.2,6.4,6,6.3,46.83K
19/06/2012,6.3,6.5,6.3,6.5,43.88K
20/06/2012,6.5,6.7,6.4,6.7,64.07K
21/06/2012,6.7,6.8,6.6,6.7,51.94K
22/06/2012,6.7,6.8,6.4,6.6,56.82K
23/06/2012,6.6,6.7,6.4,6.4,20.12K
24/06/2012,6.4,6.5,6.3,6.3,33.95K
25/06/2012,6.3,6.4,6.2,6.3,62.64K
26/06/2012,6.3,6.5,6.3,6.4,48.74K
27/06/2012,6.4,6.7,6.4,6.7,41.98K
28/06/2012,6.7,6.7,6.5,6.6,42.82K
29/06/2012,6.6,6.7,6.5,6.7,26.30K
30/06/2012,6.7,6.7,6.6,6.7,20.59K
01/07/2012,6.7,6.7,6.5,6.6,20.58K
02/07/2012,6.6,6.8,6.6,6.8,32.36K
03/07/2012,6.8,6.8,6.4,6.4,71.07K
04/07/2012,6.4,6.6,6.4,6.5,33.48K
05/07/2012,6.5,6.8,6.5,6.7,45.35K
06/07/2012,6.7,6.7,6.6,6.7,43.19K
07/07/2012,6.7,6.9,6.6,6.8,37.99K
08/07/2012,6.8,6.9,6.7,6.8,18.22K
09/07/2012,6.8,7.1,6.7,7,61.64K
10/07/2012,7,7.3,7,7.2,70.07K
11/07/2012,7.2,7.3,7,7.2,41.89K
12/07/2012,7.2,7.9,7.1,7.8,64.62K
13/07/2012,7.8,7.8,7.4,7.7,65.47K
14/07/2012,7.7,7.7,7.5,7.5,16.01K
15/07/2012,7.5,7.7,7.4,7.6,26.98K
16/07/2012,7.6,8.6,7.6,8.5,103.40K
17/07/2012,8.5,9.5,7.3,8.8,210.80K
18/07/2012,8.8,9.4,8.5,9.1,105.95K
19/07/2012,9.1,9.2,8.8,8.9,48.25K
20/07/2012,8.9,8.9,7.6,8.5,154.66K
21/07/2012,8.5,9.7,8,8.9,139.91K
22/07/2012,8.9,9,8.3,8.4,30.07K
23/07/2012,8.4,9.2,7.8,8.4,146.40K
24/07/2012,8.4,8.9,8.3,8.6,40.95K
25/07/2012,8.6,8.9,8.4,8.8,64.72K
26/07/2012,8.8,8.9,8.6,8.9,32.38K
27/07/2012,8.9,8.9,8.8,8.9,26.67K
28/07/2012,8.9,8.9,8.7,8.9,16.17K
29/07/2012,8.9,8.9,8.7,8.7,11.46K
30/07/2012,8.7,9.1,8.7,9.1,51.26K
31/07/2012,9.1,9.4,9.1,9.4,70.17K
01/08/2012,9.4,9.6,9.1,9.6,68.70K
02/08/2012,9.6,11,9.4,10.5,126.69K
03/08/2012,10.5,11.1,10.3,11,61.64K
04/08/2012,11,11.3,10.5,11,52.32K
05/08/2012,11,11.3,10.1,10.9,67.28K
06/08/2012,10.9,11.2,10.6,10.9,51.64K
07/08/2012,10.9,11.1,10.6,11.1,41.65K
08/08/2012,11.1,11.1,10.9,11.1,31.32K
09/08/2012,11.1,12,10.8,11.1,101.88K
10/08/2012,11.1,11.6,11,11.4,63.60K
11/08/2012,11.4,11.6,11.4,11.5,21.79K
12/08/2012,11.5,11.8,11.4,11.6,30.34K
13/08/2012,11.6,12.1,11.5,12,54.04K
14/08/2012,12,12.3,11.9,12.2,44.02K
15/08/2012,12.2,13.3,12.2,13.3,57.56K
16/08/2012,13.3,13.8,12.5,13.5,96.60K
17/08/2012,13.5,15.4,10.6,11.6,221.03K
18/08/2012,11.6,12.9,11,11.6,88.05K
19/08/2012,11.6,11.6,7.6,8,238.86K
20/08/2012,8,10.5,7.8,10.1,192.50K
21/08/2012,10.1,10.3,9.7,9.9,72.08K
22/08/2012,9.9,10.1,9.6,9.8,67.51K
23/08/2012,9.8,10.3,9.7,10.1,56.02K
24/08/2012,10.1,10.6,9.9,10.6,92.08K
25/08/2012,10.6,10.6,10.2,10.5,40.23K
26/08/2012,10.5,10.6,10.4,10.6,26.33K
27/08/2012,10.6,12.1,10.5,10.9,175.12K
28/08/2012,10.9,11.2,10.5,10.9,54.88K
29/08/2012,10.9,11.1,10.6,10.9,53.65K
30/08/2012,10.9,10.9,10.6,10.8,30.87K
31/08/2012,10.8,10.8,9.7,10.2,67.79K
01/09/2012,10.2,10.3,9.8,10,23.38K
02/09/2012,10,10.4,9.7,10.2,25.06K
03/09/2012,10.2,10.6,10.1,10.5,22.93K
04/09/2012,10.5,10.5,10.1,10.4,34.88K
05/09/2012,10.4,11.2,10.3,11,60.77K
06/09/2012,11,11.3,10.6,11.2,67.05K
07/09/2012,11.2,11.2,10.9,11,35.54K
08/09/2012,11,11.1,10.8,11,24.25K
09/09/2012,11,11.1,10.9,11,14.03K
10/09/2012,11,11.2,10.9,11.2,42.29K
11/09/2012,11.2,11.4,10.9,11.3,64.95K
12/09/2012,11.3,11.4,10.8,11.4,58.63K
13/09/2012,11.4,11.4,11.2,11.4,20.57K
14/09/2012,11.4,11.8,11.3,11.7,43.26K
15/09/2012,11.7,11.8,11.6,11.8,16.27K
16/09/2012,11.8,12,11.7,11.9,30.30K
17/09/2012,11.9,12,11.8,11.9,26.61K
18/09/2012,11.9,12.4,11.8,12.3,40.95K
19/09/2012,12.3,12.7,12.1,12.6,41.88K
20/09/2012,12.6,12.7,12.3,12.3,32.57K
21/09/2012,12.3,12.5,12,12.4,35.84K
22/09/2012,12.4,12.4,12.1,12.2,14.99K
23/09/2012,12.2,12.3,11.6,12.2,39.92K
24/09/2012,12.2,12.3,11.9,12.1,27.29K
25/09/2012,12.1,12.2,12,12.2,21.23K
26/09/2012,12.2,12.5,12,12.3,23.50K
27/09/2012,12.3,12.4,12.2,12.3,19.33K
28/09/2012,12.3,12.4,12.1,12.4,26.68K
29/09/2012,12.4,12.5,12.2,12.4,17.06K
30/09/2012,12.4,12.4,12.3,12.4,7.79K
01/10/2012,12.4,12.5,12.3,12.4,24.83K
02/10/2012,12.4,12.9,12.3,12.8,50.83K
03/10/2012,12.8,13,12.7,12.9,32.96K
04/10/2012,12.9,13.1,12.6,12.9,37.95K
05/10/2012,12.9,13,12.5,12.7,31.26K
06/10/2012,12.7,12.9,12.4,12.5,24.67K
07/10/2012,12.5,12.6,11.7,11.8,63.51K
08/10/2012,11.8,11.9,10.6,11.8,97.94K
09/10/2012,11.8,12.4,11.6,11.9,46.77K
10/10/2012,11.9,12.2,11.8,12.1,27.72K
11/10/2012,12.1,12.1,11.9,12,19.83K
12/10/2012,12,12.1,11.9,12,21.54K
13/10/2012,12,12.1,11.9,11.9,11.86K
14/10/2012,11.9,12,11.5,11.7,22.89K
15/10/2012,11.7,12,11.4,11.8,27.10K
16/10/2012,11.8,12,11.5,11.9,41.19K
17/10/2012,11.9,12,11.7,11.8,23.55K
18/10/2012,11.8,12,11.8,11.9,21.88K
19/10/2012,11.9,12,11.6,11.7,23.18K
20/10/2012,11.7,11.9,11.6,11.7,22.11K
21/10/2012,11.7,11.8,11.6,11.6,9.38K
22/10/2012,11.6,11.8,11.5,11.7,37.62K
23/10/2012,11.7,12,11.4,11.6,54.34K
24/10/2012,11.6,11.8,11.6,11.6,21.77K
25/10/2012,11.6,11.7,10.5,10.9,84.71K
26/10/2012,10.9,10.9,9.7,10.2,99.00K
27/10/2012,10.2,10.8,9.8,10.3,47.87K
28/10/2012,10.3,10.9,10.3,10.7,22.39K
29/10/2012,10.7,10.9,10.3,10.6,37.58K
30/10/2012,10.6,10.9,10.6,10.9,26.02K
31/10/2012,10.9,11.2,10.7,11.2,40.67K
01/11/2012,11.2,11.3,10.4,10.6,50.36K
02/11/2012,10.6,10.8,10.3,10.5,24.49K
03/11/2012,10.5,10.6,10.4,10.6,16.73K
04/11/2012,10.6,10.9,10.5,10.8,16.75K
05/11/2012,10.8,10.9,10.6,10.8,21.78K
06/11/2012,10.8,10.9,10.7,10.9,27.00K
07/11/2012,10.9,11.2,10.8,10.9,31.73K
08/11/2012,10.9,11.1,10.8,10.9,26.06K
09/11/2012,10.9,11,10.8,10.8,14.73K
10/11/2012,10.8,11,10.8,10.9,13.49K
11/11/2012,10.9,10.9,10.7,10.9,12.63K
12/11/2012,10.9,11.2,10.8,11,39.22K
13/11/2012,11,11.1,10.9,10.9,16.76K
14/11/2012,10.9,11.1,10.8,10.9,24.54K
15/11/2012,10.9,11.3,10.9,11.2,31.90K
16/11/2012,11.2,11.8,11.2,11.8,58.25K
17/11/2012,11.8,11.8,11.5,11.8,19.11K
18/11/2012,11.8,11.8,11.6,11.6,15.51K
19/11/2012,11.6,11.8,11.6,11.8,25.20K
20/11/2012,11.8,11.8,11.6,11.7,27.22K
21/11/2012,11.7,11.8,11.6,11.8,19.23K
22/11/2012,11.8,12.4,11.7,12.4,58.30K
23/11/2012,12.4,12.4,12.1,12.4,18.97K
24/11/2012,12.4,12.5,12.3,12.4,19.57K
25/11/2012,12.4,12.6,12.3,12.5,24.02K
26/11/2012,12.5,12.6,11.9,12.3,35.91K
27/11/2012,12.3,12.3,11.9,12.2,33.20K
28/11/2012,12.2,12.4,12.1,12.4,30.69K
29/11/2012,12.4,12.6,12.1,12.4,26.51K
30/11/2012,12.4,12.6,12.4,12.6,24.35K
01/12/2012,12.6,12.7,12.5,12.6,14.70K
02/12/2012,12.6,12.7,12.4,12.5,14.01K
03/12/2012,12.5,12.7,12.5,12.7,26.76K
04/12/2012,12.7,13.5,12.6,13.4,63.25K
05/12/2012,13.4,13.4,13.1,13.4,29.80K
06/12/2012,13.4,13.7,12.9,13.3,46.56K
07/12/2012,13.3,13.6,13,13.5,32.80K
08/12/2012,13.5,13.6,13.4,13.4,13.17K
09/12/2012,13.4,13.5,13,13.4,28.17K
10/12/2012,13.4,13.6,13.3,13.4,24.67K
11/12/2012,13.4,13.7,13.3,13.6,28.05K
12/12/2012,13.6,13.8,13.3,13.7,37.68K
13/12/2012,13.7,13.8,13.5,13.7,24.20K
14/12/2012,13.7,13.9,13,13.6,70.14K
15/12/2012,13.6,13.6,13.4,13.5,15.19K
16/12/2012,13.5,13.7,13.1,13.3,42.76K
17/12/2012,13.3,13.5,12.8,13.3,63.63K
18/12/2012,13.3,13.4,13.1,13.3,23.22K
19/12/2012,13.3,13.6,13.2,13.6,38.81K
20/12/2012,13.6,13.7,13.3,13.5,32.98K
21/12/2012,13.5,13.6,13.4,13.5,25.33K
22/12/2012,13.5,13.6,13.3,13.4,14.78K
23/12/2012,13.4,13.5,13,13.3,23.98K
24/12/2012,13.3,13.4,13.2,13.4,16.69K
25/12/2012,13.4,13.4,13.1,13.4,13.17K
26/12/2012,13.4,13.5,13.2,13.5,15.84K
27/12/2012,13.5,13.5,13.3,13.4,19.82K
28/12/2012,13.4,13.6,13.3,13.4,23.81K
29/12/2012,13.4,13.7,13.3,13.4,26.15K
30/12/2012,13.4,13.6,13.4,13.4,11.76K
31/12/2012,13.4,13.6,13.4,13.5,15.05K
01/01/2013,13.5,13.6,13.2,13.3,28.41K
02/01/2013,13.3,13.4,13.2,13.3,17.97K
03/01/2013,13.3,13.5,13.3,13.4,18.03K
04/01/2013,13.4,13.5,13.3,13.5,29.64K
05/01/2013,13.5,13.6,13.3,13.4,21.33K
06/01/2013,13.4,13.5,13.4,13.4,12.74K
07/01/2013,13.4,13.6,13.4,13.6,25.48K
08/01/2013,13.6,13.9,13.5,13.7,42.80K
09/01/2013,13.7,13.9,13.6,13.8,28.61K
10/01/2013,13.8,14.3,13.8,14.1,51.81K
11/01/2013,14.1,14.4,13.9,14.1,40.44K
12/01/2013,14.1,14.3,14,14.2,26.93K
13/01/2013,14.2,14.3,13.9,14.1,38.33K
14/01/2013,14.1,14.4,14.1,14.3,22.10K
15/01/2013,14.3,14.5,14,14.3,51.57K
16/01/2013,14.3,14.7,14.2,14.7,45.53K
17/01/2013,14.7,15.7,14.6,15.5,65.49K
18/01/2013,15.5,16,15.4,15.7,56.10K
19/01/2013,15.7,15.8,15.3,15.6,34.59K
20/01/2013,15.6,15.9,15.5,15.7,25.98K
21/01/2013,15.7,17,15.6,16.8,61.50K
22/01/2013,16.8,17.6,16.6,17.3,60.98K
23/01/2013,17.3,17.6,16.8,17.5,49.44K
24/01/2013,17.5,19.2,15.6,16.9,172.01K
25/01/2013,16.9,17.8,15.4,17.4,80.77K
26/01/2013,17.4,17.9,16.5,17.9,34.81K
27/01/2013,17.9,18,17.2,17.8,23.77K
28/01/2013,17.8,18.9,17.8,18.7,57.67K
29/01/2013,18.7,19.8,18.7,19.5,86.08K
30/01/2013,19.5,19.8,19.1,19.7,45.07K
31/01/2013,19.7,21.4,19.5,20.4,99.23K
01/02/2013,20.4,21.1,20.3,20.5,49.92K
02/02/2013,20.5,20.5,18,19.6,80.50K
03/02/2013,19.6,20.9,19.4,20.6,34.24K
04/02/2013,20.6,21,19.9,20.4,52.22K
05/02/2013,20.4,20.8,20.2,20.6,29.21K
06/02/2013,20.6,21.3,20.6,21.2,51.99K
07/02/2013,21.2,22.2,20.8,22.1,64.26K
08/02/2013,22.1,22.8,22,22.7,48.65K
09/02/2013,22.7,24,22.6,23.6,38.13K
10/02/2013,23.6,24.1,22.7,24,56.43K
11/02/2013,24,24.7,23.6,24.6,29.53K
12/02/2013,24.6,25.8,24.3,25.2,74.24K
13/02/2013,25.2,26.3,24.2,24.2,90.15K
14/02/2013,24.2,27.6,21.7,27.2,145.74K
15/02/2013,27.2,27.5,26.1,27.1,51.71K
16/02/2013,27.1,27.5,26.8,27.2,18.83K
17/02/2013,27.2,27.4,25,26.8,77.04K
18/02/2013,26.8,27.1,26.4,27,29.74K
19/02/2013,27,29.6,26.8,29.4,99.70K
20/02/2013,29.4,29.9,29,29.6,37.21K
21/02/2013,29.6,30,29.3,29.8,34.73K
22/02/2013,29.8,31.3,29.7,30.3,66.95K
23/02/2013,30.3,30.7,28,29.8,72.28K
24/02/2013,29.8,30.4,29.2,29.9,24.28K
25/02/2013,29.9,30.4,29.5,30.4,26.78K
26/02/2013,30.4,31.7,30.1,31.1,42.86K
27/02/2013,31.1,31.6,30.8,30.9,30.47K
28/02/2013,30.9,34.5,30.9,33.4,126.52K
01/03/2013,33.4,34.9,32.9,34.5,39.79K
02/03/2013,34.5,34.8,33.2,34.3,36.66K
03/03/2013,34.3,34.5,33.8,34.5,12.53K
04/03/2013,34.5,36.7,34.2,36.2,46.77K
05/03/2013,36.2,40.7,36.2,40.3,85.43K
06/03/2013,40.3,49.1,40.1,41,126.45K
07/03/2013,41,45.5,33.3,42,157.32K
08/03/2013,42,44.5,41,44.2,47.10K
09/03/2013,44.2,47,43.4,46.8,44.48K
10/03/2013,46.8,48,45.5,46,36.36K
11/03/2013,46,48.5,45.5,48.4,41.39K
12/03/2013,48.4,48.4,36.7,44.3,183.41K
13/03/2013,44.3,47.3,43.8,46.9,49.52K
14/03/2013,46.9,48,46,47.2,37.04K
15/03/2013,47.2,47.5,46.4,47,20.29K
16/03/2013,47,47.4,46.3,47,16.32K
17/03/2013,47,47.7,46.8,47.4,13.94K
18/03/2013,47.4,52.9,47.1,51.6,65.31K
19/03/2013,51.6,62,50,59.1,111.70K
20/03/2013,59.1,66,57.7,64.5,93.14K
21/03/2013,64.5,74.9,63.1,70.8,94.31K
22/03/2013,70.8,73.8,65,69.9,73.20K
23/03/2013,69.9,70.5,52.3,64.3,150.46K
24/03/2013,64.3,72.5,62.7,71.5,42.02K
25/03/2013,71.5,78,69.5,73.6,79.74K
26/03/2013,73.6,79.7,73.1,78.5,56.67K
27/03/2013,78.5,89.5,78.4,88.9,72.23K
28/03/2013,88.9,95.7,75,86.2,140.26K
29/03/2013,86.2,93.1,83,90.5,83.18K
30/03/2013,90.5,95,87,92.2,37.29K
31/03/2013,92.2,93.8,91,93,21.13K
01/04/2013,93,106,92.2,104,90.56K
02/04/2013,104,118.4,99,118,81.29K
03/04/2013,118,147,110,135,152.71K
04/04/2013,135,142.1,116.4,132.1,88.36K
05/04/2013,132.1,144.9,130.2,142.3,68.59K
06/04/2013,142.3,143.9,139.5,142.6,18.29K
07/04/2013,142.6,164.9,142.6,162.3,60.96K
08/04/2013,162.3,194.9,162.6,187.5,114.25K
09/04/2013,187.5,240.1,186.5,230,105.84K
10/04/2013,230,266,105,165,190.18K
11/04/2013,165,188.7,110.2,124.9,118.75K
12/04/2013,124.9,140,54.3,117,556.47K
13/04/2013,117,130,85.5,93,238.35K
14/04/2013,93,110,84.4,90,166.28K
15/04/2013,90,102,71.5,82.4,236.67K
16/04/2013,82.4,84.5,50,68.4,572.35K
17/04/2013,68.4,98.8,63.3,93.1,327.63K
18/04/2013,93.1,113,86,109,172.98K
19/04/2013,109,136.4,105.5,118.5,257.17K
20/04/2013,118.5,132,115,126.6,74.36K
21/04/2013,126.6,130.5,110,119.2,99.13K
22/04/2013,119.2,127.4,118.5,127.4,59.15K
23/04/2013,127.4,144,125,143.5,116.15K
24/04/2013,143.5,166.4,141,154.2,225.90K
25/04/2013,154.2,162,120.1,141.7,187.65K
26/04/2013,141.7,145,121.4,136.9,129.01K
27/04/2013,136.9,139.9,122.7,128,59.88K
28/04/2013,128,136.7,127.5,134.4,27.52K
29/04/2013,134.4,149.1,133,144,70.21K
30/04/2013,144,146.9,134,139.2,65.23K
01/05/2013,139.2,140.1,104,116.4,180.01K
02/05/2013,116.4,126.9,91.1,106.3,234.17K
03/05/2013,106.3,109,79,98.1,246.48K
04/05/2013,98.1,116.3,92,112.9,132.62K
05/05/2013,112.9,118.8,107,116,84.21K
06/05/2013,116,124.9,106,112.3,150.07K
07/05/2013,112.3,114,97.5,109.6,139.67K
08/05/2013,109.6,116.8,109.5,113.2,61.72K
09/05/2013,113.2,113.7,108.8,112.8,26.95K
10/05/2013,112.8,122.5,111.5,117.7,77.48K
11/05/2013,117.7,118.7,113,115.6,28.04K
12/05/2013,115.6,117.5,112.4,114.8,20.60K
13/05/2013,114.8,118.9,114.5,118,26.18K
14/05/2013,118,119.8,109.4,111.4,87.78K
15/05/2013,111.4,116.4,103,114.2,117.97K
16/05/2013,114.2,119,112.1,118.2,45.23K
17/05/2013,118.2,125.6,116.6,123.5,79.12K
18/05/2013,123.5,125.3,122.3,123.2,22.65K
19/05/2013,123.2,124.5,119.5,122.5,20.57K
20/05/2013,122.5,123.7,120.1,122,17.32K
21/05/2013,122,123.1,121.1,122.9,13.39K
22/05/2013,122.9,124.5,122,123.8,18.31K
23/05/2013,123.8,126.9,123,126.3,22.12K
24/05/2013,126.3,134,125.4,133.1,48.77K
25/05/2013,133.1,133.5,128.2,132,16.84K
26/05/2013,132,136,130.6,133.5,23.36K
27/05/2013,133.5,135.5,124,129.8,46.83K
28/05/2013,129.8,130.6,125.4,129,22.80K
29/05/2013,129,132.7,127.6,132.3,19.25K
30/05/2013,132.3,132.4,126.5,128.8,24.70K
31/05/2013,128.8,130,126.3,128.8,16.58K
01/06/2013,128.8,129.8,127.1,129.3,6.36K
02/06/2013,129.3,130.1,115,122.5,101.14K
03/06/2013,122.5,122.8,115.1,120.7,28.90K
04/06/2013,120.7,124,118.8,121.4,21.95K
05/06/2013,121.4,123.5,119.5,121.9,16.64K
06/06/2013,121.9,123.3,117,119,22.10K
07/06/2013,119,119.1,106.2,111,65.77K
08/06/2013,111,113.2,107,107.9,17.22K
09/06/2013,107.9,109,88,100.4,149.43K
10/06/2013,100.4,110.6,95,106.3,64.32K
11/06/2013,106.3,109.6,103.2,109,16.13K
12/06/2013,109,112.3,106,108.8,17.70K
13/06/2013,108.8,110.3,100.3,103.9,30.44K
14/06/2013,103.9,104.7,97.1,100,36.05K
15/06/2013,100,103.7,97.5,99.8,22.53K
16/06/2013,99.8,101.8,98.9,99.9,8.66K
17/06/2013,99.9,102.4,98.9,101.9,15.19K
18/06/2013,101.9,113.3,101,107.3,60.61K
19/06/2013,107.3,111,104.7,108.3,17.57K
20/06/2013,108.3,114.5,107.1,111.3,43.09K
21/06/2013,111.3,115,107.6,109.5,38.08K
22/06/2013,109.5,110,107.5,108.2,7.28K
23/06/2013,108.2,109,106.2,107.9,11.05K
24/06/2013,107.9,108.3,100.8,102.1,28.90K
25/06/2013,102.1,110,100,103.3,93.71K
26/06/2013,103.3,105.5,101.8,104,13.23K
27/06/2013,104,104,100.1,101.7,14.73K
28/06/2013,101.7,101.8,92.3,94.7,47.77K
29/06/2013,94.7,100.4,93,95,25.54K
30/06/2013,95,98.1,93.8,97.5,8.58K
01/07/2013,97.5,98.2,86,88.1,53.17K
02/07/2013,88.1,92.6,87.5,90.4,27.77K
03/07/2013,90.4,91.2,76,78.9,73.62K
04/07/2013,78.9,84.3,72,80,63.55K
05/07/2013,80,80.6,65.4,68.5,91.06K
06/07/2013,68.5,75,66.8,69.7,41.04K
07/07/2013,69.7,77,66.6,76.5,42.95K
08/07/2013,76.5,80,72.5,76,58.99K
09/07/2013,76,78.3,72.5,76.7,32.52K
10/07/2013,76.7,89.8,75.5,88,60.07K
11/07/2013,88,90.7,85,89,35.57K
12/07/2013,89,104.2,88,94,101.55K
13/07/2013,94,98.3,87.8,98.3,34.46K
14/07/2013,98.3,99,92.9,94.4,12.34K
15/07/2013,94.4,101.9,93.1,98.9,34.51K
16/07/2013,98.9,100.7,96,97.1,16.53K
17/07/2013,97.1,100,96.2,98.5,17.27K
18/07/2013,98.5,98.8,86.2,90.1,59.50K
19/07/2013,90.1,95.2,87.6,92,27.68K
20/07/2013,92,93.1,89.3,89.8,9.43K
21/07/2013,89.8,92,88,92,8.77K
22/07/2013,92,92,89.8,91.6,9.10K
23/07/2013,91.6,97.1,91.6,95.6,24.61K
24/07/2013,95.6,96,92.3,95.1,14.60K
25/07/2013,95.1,97.5,93.6,96.9,22.51K
26/07/2013,96.9,97.5,96,96,11.15K
27/07/2013,96,97,93,94.4,15.12K
28/07/2013,94.4,100.6,94,98.8,42.23K
29/07/2013,98.8,102.8,98.4,101.5,24.74K
30/07/2013,101.5,108,100.5,108,27.85K
31/07/2013,108,111.7,103.6,106.2,45.50K
01/08/2013,106.2,108,103,104,15.02K
02/08/2013,104,108,101.2,104.5,27.50K
03/08/2013,104.5,105.9,102,104.9,8.90K
04/08/2013,104.9,106,103.5,105.1,6.38K
05/08/2013,105.1,107.8,105,106.7,15.44K
06/08/2013,106.7,107.5,105.1,106.6,13.41K
07/08/2013,106.6,107,105.2,106,7.72K
08/08/2013,106,106.7,101,103.1,24.02K
09/08/2013,103.1,105.8,101.9,102.8,12.04K
10/08/2013,102.8,103.9,102.4,103,4.00K
11/08/2013,103,105.2,102.7,105,8.17K
12/08/2013,105,108.1,103.5,106.8,20.08K
13/08/2013,106.8,109.6,104.5,109.6,18.75K
14/08/2013,109.6,115,108,112.6,50.57K
15/08/2013,112.6,113.3,108.8,110,15.86K
16/08/2013,110,112.3,108.2,109,13.54K
17/08/2013,109,114,108.2,112.8,12.78K
18/08/2013,112.8,114.7,112,113.4,9.62K
19/08/2013,113.4,123.8,111.8,118.5,53.07K
20/08/2013,118.5,123,116.8,121.2,24.29K
21/08/2013,121.2,125,119.7,123.3,30.64K
22/08/2013,123.3,124.5,120.5,122,13.96K
23/08/2013,122,122,118.4,118.5,19.47K
24/08/2013,118.5,121.4,118,119.6,8.96K
25/08/2013,119.6,123,119.1,122.1,7.44K
26/08/2013,122.1,123,119.9,120.1,11.44K
27/08/2013,120.1,133,120,131.3,53.85K
28/08/2013,131.3,131.7,128,128.8,12.56K
29/08/2013,128.8,131.2,128.2,129.3,8.22K
30/08/2013,129.3,142.8,128.6,138,46.07K
31/08/2013,138,148.7,135.9,141,31.15K
01/09/2013,141,147.3,141,146,14.10K
02/09/2013,146,148.5,142.1,144,10.65K
03/09/2013,144,148.9,142.2,144,17.00K
04/09/2013,144,145.8,130.1,132.5,28.75K
05/09/2013,132.5,138,127.2,130.2,27.03K
06/09/2013,130.2,134,121.9,121.9,19.17K
07/09/2013,121.9,131,121.3,129,14.19K
08/09/2013,129,129.9,124.1,126.3,7.35K
09/09/2013,126.3,137.5,124,133.1,29.69K
10/09/2013,133.1,136,131.4,132.6,8.88K
11/09/2013,132.6,145.9,127.5,142.1,41.56K
12/09/2013,142.1,145.5,137.5,139.4,20.53K
13/09/2013,139.4,145.6,137.8,140.7,20.12K
14/09/2013,140.7,142,136.5,136.7,8.90K
15/09/2013,136.7,141,135,138.3,6.44K
16/09/2013,138.3,142.2,137.9,139.4,10.61K
17/09/2013,139.4,141.4,138,139.1,9.64K
18/09/2013,139.1,142,139,140.4,9.49K
19/09/2013,140.4,141.2,131.1,135.1,21.02K
20/09/2013,135.1,137.3,131,133.8,11.05K
21/09/2013,133.8,136,132,134.4,5.09K
22/09/2013,134.4,135,131,134,5.89K
23/09/2013,134,135,132,133.4,6.00K
24/09/2013,133.4,136.6,132.5,134.8,8.58K
25/09/2013,134.8,138,134.7,135,9.52K
26/09/2013,135,139,134.7,137.1,6.54K
27/09/2013,137.1,142.7,134.8,138.9,27.14K
28/09/2013,138.9,143,138,142.5,13.66K
29/09/2013,142.5,145.8,141.4,143.9,18.10K
30/09/2013,143.9,145.8,138.1,141.9,14.63K
01/10/2013,141.9,144.4,139.4,140.3,9.57K
02/10/2013,140.3,141.9,109.7,123,111.32K
03/10/2013,123,132,120.1,131,35.27K
04/10/2013,131,139.8,128.5,136.8,18.51K
05/10/2013,136.8,138,135.3,136.7,5.00K
06/10/2013,136.7,138,134.1,137.8,4.89K
07/10/2013,137.8,139,135.1,135.8,7.36K
08/10/2013,135.8,137.8,135.6,136.5,5.23K
09/10/2013,136.5,142.1,135.8,139.5,17.49K
10/10/2013,139.5,141.7,138.5,140.4,11.08K
11/10/2013,140.4,141.9,138.9,140.1,7.25K
12/10/2013,140.1,143.1,139.4,142.9,11.02K
13/10/2013,142.9,147.6,141.5,147.5,16.17K
14/10/2013,147.5,153.7,146,151.4,29.99K
15/10/2013,151.4,158.1,150.6,158.1,15.73K
16/10/2013,158.1,163,144.2,152.8,42.78K
17/10/2013,152.8,159.9,150.8,157.6,15.88K
18/10/2013,157.6,168.3,156.5,168.3,25.89K
19/10/2013,168.3,195.8,167.1,183.1,55.28K
20/10/2013,183.1,186.1,177.2,186.1,11.42K
21/10/2013,186.1,197.4,183.2,192.8,24.10K
22/10/2013,192.8,205.5,192.8,203,33.87K
23/10/2013,203,228,200.7,228,39.90K
24/10/2013,228,233.4,175.3,207,96.75K
25/10/2013,207,209,176.6,197.9,36.75K
26/10/2013,197.9,198.4,187,188.6,12.09K
27/10/2013,188.6,207.8,188.9,206.9,13.16K
28/10/2013,206.9,209.8,200.4,206.9,11.07K
29/10/2013,206.9,216.5,204.2,216,10.02K
30/10/2013,216,216.5,204,208,13.47K
31/10/2013,208,215,205.4,211.2,5.29K
01/11/2013,211.2,214.9,209.7,213.4,5.88K
02/11/2013,213.4,214.9,211,211.7,4.88K
03/11/2013,211.7,226.9,212.1,224,12.27K
04/11/2013,224,239,221.9,238.2,18.06K
05/11/2013,238.2,258.9,229,251.3,45.10K
06/11/2013,251.3,272.5,251.4,264.1,38.82K
07/11/2013,264.1,324.2,263.6,309.6,86.13K
08/11/2013,309.6,358,308,355,44.63K
09/11/2013,355,395,340,367.8,49.91K
10/11/2013,367.8,372.5,290,336.3,74.25K
11/11/2013,336.3,376,321.4,363,18.00K
12/11/2013,363,391.8,359,380,22.03K
13/11/2013,380,445,372.2,434.9,36.02K
14/11/2013,434.9,447.5,402.5,433.4,31.41K
15/11/2013,433.4,457.9,413,433.9,28.13K
16/11/2013,433.9,476.9,428,462,19.14K
17/11/2013,462,536.8,457,528.3,26.72K
18/11/2013,528.3,787.9,522,785.4,72.07K
19/11/2013,785.4,900.9,502.6,645.7,99.10K
20/11/2013,645.7,650,453.3,638,91.59K
21/11/2013,638,784.3,595.2,764.9,38.73K
22/11/2013,764.9,822,682.3,802,30.15K
23/11/2013,802,890,799.5,832.5,21.31K
24/11/2013,832.5,855,745.2,795,25.95K
25/11/2013,795,850,759,830,26.38K
26/11/2013,830,975,825.1,970,31.61K
27/11/2013,970,"1,094.80",914.3,"1,079.90",37.86K
28/11/2013,"1,079.90","1,224.50","1,032.10","1,101.40",37.40K
29/11/2013,"1,101.40","1,241.90","1,050.00","1,206.90",38.71K
30/11/2013,"1,206.90","1,232.90","1,150.20","1,205.70",15.10K
01/12/2013,"1,205.70","1,216.80",840.3,"1,004.40",79.92K
02/12/2013,"1,004.40","1,117.70",975,"1,096.60",37.05K
03/12/2013,"1,096.60","1,185.60","1,064.90","1,154.90",19.34K
04/12/2013,"1,154.90","1,239.70","1,131.30","1,237.60",16.30K
05/12/2013,"1,237.60","1,239.90",870,"1,106.30",58.44K
06/12/2013,"1,106.30","1,118.90",800.1,845,53.52K
07/12/2013,845,896,576,697,97.66K
08/12/2013,697,829,653,804,31.21K
09/12/2013,804,980,787.7,919,27.63K
10/12/2013,919,"1,067.70",912,"1,033.70",22.10K
11/12/2013,"1,033.70","1,056.80",856.1,919.9,24.36K
12/12/2013,919.9,941,839.5,900,9.91K
13/12/2013,900,989.9,882.1,936.8,17.37K
14/12/2013,936.8,947.9,875.1,908.9,11.59K
15/12/2013,908.9,927.9,838,919.9,15.17K
16/12/2013,919.9,924.9,714,759.9,41.33K
17/12/2013,759.9,780,678.9,715,31.71K
18/12/2013,715,717,454.9,541,110.50K
19/12/2013,541,746,522.4,732,45.76K
20/12/2013,732,774.4,621.3,650,34.77K
21/12/2013,650,690,610,640.5,14.73K
22/12/2013,640.5,699.9,615,639.5,11.63K
23/12/2013,639.5,724.9,631,713.2,15.07K
24/12/2013,713.2,729.9,666,702.8,10.95K
25/12/2013,702.8,710,673.9,707.3,5.34K
26/12/2013,707.3,829.6,707.2,802,23.53K
27/12/2013,802,836.8,767.9,803,13.89K
28/12/2013,803,806,715.6,762,13.34K
29/12/2013,762,804,735,785,7.04K
30/12/2013,785,818.8,781,804.8,10.48K
31/12/2013,804.8,813.9,777,805.9,9.17K
01/01/2014,805.9,829.9,771,815.9,10.76K
02/01/2014,815.9,886.2,810.5,856.9,12.81K
03/01/2014,856.9,888.2,839.4,884.3,9.71K
04/01/2014,884.3,932.2,848.3,924.7,14.24K
05/01/2014,924.7,"1,029.90",911.4,"1,014.70",21.37K
06/01/2014,"1,014.70","1,093.40",964.7,"1,012.70",23.08K
07/01/2014,"1,012.70","1,044.00",879.8,879.9,22.67K
08/01/2014,879.9,966.9,858.9,938.8,14.10K
09/01/2014,938.8,964.6,866.5,937,14.42K
10/01/2014,937,964.8,905.9,957.8,6.35K
11/01/2014,957.8,"1,010.80",935,"1,005.30",11.18K
12/01/2014,"1,005.30","1,022.70",922.1,939.8,9.93K
13/01/2014,939.8,949.2,879.9,922.9,10.13K
14/01/2014,922.9,942.5,904.2,919.3,4.31K
15/01/2014,919.3,973.1,915.1,941.2,6.83K
16/01/2014,941.2,955.5,910.5,913.5,5.10K
17/01/2014,913.5,929.8,867.2,894.2,10.31K
18/01/2014,894.2,924.7,884.7,905.7,6.04K
19/01/2014,905.7,958.1,901.9,954.8,7.57K
20/01/2014,954.8,980.5,926,956,10.41K
21/01/2014,956,974.3,943.2,962.2,6.59K
22/01/2014,962.2,973.9,935,951,4.78K
23/01/2014,951,958.1,936.3,944.2,1.97K
24/01/2014,944.2,949.5,902.9,916.5,6.20K
25/01/2014,916.5,978.4,915.9,961,8.18K
26/01/2014,961,"1,038.10",950.7,"1,007.00",13.07K
27/01/2014,"1,007.00","1,021.50",937.2,943.5,8.33K
28/01/2014,943.5,972.6,911.7,932.7,10.41K
29/01/2014,932.7,950.6,918.9,925.7,5.68K
30/01/2014,925.7,953.2,909.5,941.4,5.43K
31/01/2014,941.4,954.7,924.6,938.8,4.31K
01/02/2014,938.8,969.2,927.8,940.4,4.37K
02/02/2014,940.4,959.4,934.4,953.3,1.58K
03/02/2014,953.3,959.6,931.7,931.7,2.79K
04/02/2014,931.7,949.1,900.8,926.6,4.61K
05/02/2014,926.6,939.8,890,904.5,7.56K
06/02/2014,904.5,908.8,800.9,828.9,18.60K
07/02/2014,828.9,833.1,651.7,695.7,49.91K
08/02/2014,695.7,719.3,632.1,648.8,22.88K
09/02/2014,648.8,694.1,622.5,659.6,19.89K
10/02/2014,659.6,700,500,582.6,40.13K
11/02/2014,582.6,609.7,550.2,579,16.73K
12/02/2014,579,585.1,511.9,531.1,21.30K
13/02/2014,531.1,549.2,451.3,451.4,28.94K
14/02/2014,451.4,500,302.2,427.7,65.82K
15/02/2014,427.7,447.9,310.1,371.1,50.62K
16/02/2014,371.1,540,220.4,299.8,86.18K
17/02/2014,299.8,411.2,263.4,272.3,51.44K
18/02/2014,272.3,370.1,248.3,294,48.88K
19/02/2014,294,308.6,257.2,261.5,31.50K
20/02/2014,261.5,271.6,109.2,111.9,102.18K
21/02/2014,111.9,160.1,91.7,111.6,82.59K
22/02/2014,111.6,290.6,96.7,255.6,72.17K
23/02/2014,255.6,349.1,220.3,310.2,38.55K
24/02/2014,310.2,316.9,131.9,174,95.12K
25/02/2014,174,174.6,102.3,135.8,30.43K
26/02/2014,135.8,650,522.8,593.1,0.60K
27/02/2014,593.1,629.9,580.5,596.5,0.50K
28/02/2014,596.5,599,570,573.9,0.51K
01/03/2014,573.9,564.1,262.8,557.4,0.40K
02/03/2014,557.4,562.9,541.5,544.6,0.83K
03/03/2014,544.6,695.4,545.4,662.2,1.26K
04/03/2014,662.2,686.2,645.2,661.8,1.37K
05/03/2014,661.8,666,636.8,658.3,1.26K
06/03/2014,658.3,661.8,636.2,648.3,2.07K
07/03/2014,648.3,655.2,600.3,616.7,2.34K
08/03/2014,616.7,625.7,588.6,609.2,2.17K
09/03/2014,609.2,637.6,598.5,627,1.95K
10/03/2014,627,633.7,594.7,613,2.63K
11/03/2014,613,619.7,599.9,608.7,2.43K
12/03/2014,608.7,640.8,608.2,619.4,3.20K
13/03/2014,619.4,636.1,616.1,625,3.41K
14/03/2014,625,631.2,610.6,614,4.00K
15/03/2014,614,628.8,609.2,624,3.46K
16/03/2014,624,627.3,613.2,619.1,3.30K
17/03/2014,619.1,622.5,602.7,606.4,3.58K
18/03/2014,606.4,611.7,585.7,598.9,3.65K
19/03/2014,598.9,607.1,590.1,595,3.58K
20/03/2014,595,598.4,560.3,566,4.24K
21/03/2014,566,587.4,540.2,549.6,3.82K
22/03/2014,549.6,570,537.2,564.3,3.77K
23/03/2014,564.3,564.3,538.6,551.2,4.13K
24/03/2014,551.2,572.5,531.3,567.6,3.67K
25/03/2014,567.6,569.7,550.4,562.9,3.87K
26/03/2014,562.9,575.4,546.3,562.5,3.71K
27/03/2014,562.5,567.8,460.5,460.5,3.78K
28/03/2014,460.5,515,453.8,482.6,4.11K
29/03/2014,482.6,494.3,473.8,477.1,4.29K
30/03/2014,477.1,479,424,446.9,3.86K
31/03/2014,446.9,473.4,422.5,444.7,4.15K
01/04/2014,444.7,487.4,438,463.5,3.97K
02/04/2014,463.5,480.3,409.3,424.4,4.38K
03/04/2014,424.4,448.7,386.7,436.3,4.02K
04/04/2014,436.3,456.5,415.5,444.4,2.57K
05/04/2014,444.4,461.2,439.4,456.6,1.16K
06/04/2014,456.6,472.4,446.3,455.7,3.59K
07/04/2014,455.7,485.1,448,462.4,3.95K
08/04/2014,462.4,480.7,457.6,466.6,3.91K
09/04/2014,466.6,479.7,451.1,457.3,3.88K
10/04/2014,457.3,463.5,384.6,384.6,3.65K
11/04/2014,384.6,450.4,355.7,435.1,5.16K
12/04/2014,435.1,469.8,428,437.6,5.19K
13/04/2014,437.6,454.1,409.9,427.6,4.97K
14/04/2014,427.6,497.8,420.1,478.4,7.62K
15/04/2014,478.4,526.6,466.4,526.4,8.00K
16/04/2014,526.4,549,496.1,537,8.06K
17/04/2014,537,537,486.9,502,8.00K
18/04/2014,502,512.2,472,485.5,8.36K
19/04/2014,485.5,516.9,473.2,506,8.38K
20/04/2014,506,522.2,488.7,498.5,7.69K
21/04/2014,498.5,524.7,490.7,495.2,7.35K
22/04/2014,495.2,520.5,483.4,487.9,5.68K
23/04/2014,487.9,510,482.3,487.3,4.74K
24/04/2014,487.3,507.3,477.2,500.3,4.23K
25/04/2014,500.3,502.5,438.3,464.5,6.45K
26/04/2014,464.5,468.7,448.6,457.9,6.89K
27/04/2014,457.9,461.4,437.4,443.2,6.96K
28/04/2014,443.2,451.1,420.8,441.9,4.54K
29/04/2014,441.9,453.8,430.7,446.1,3.72K
30/04/2014,446.1,452.6,430.9,445.6,4.08K
01/05/2014,445.6,464.5,444.5,460.1,4.20K
02/05/2014,460.1,463.4,442,453.7,3.38K
03/05/2014,453.7,454.2,429.1,438.6,2.58K
04/05/2014,438.6,446.6,428.8,436,3.37K
05/05/2014,436,443.9,426.4,430.9,3.04K
06/05/2014,430.9,435,420.2,432.2,4.19K
07/05/2014,432.2,458.8,423.5,446.5,5.03K
08/05/2014,446.5,455.5,439.5,441.1,2.54K
09/05/2014,441.1,455.8,438.5,445.5,2.27K
10/05/2014,445.5,459.5,441.4,451.9,0.45K
11/05/2014,451.9,455.4,429,433.2,1.89K
12/05/2014,433.2,441.1,430.2,438.2,1.39K
13/05/2014,438.2,442.3,432.7,433.9,2.65K
14/05/2014,433.9,444.3,433.9,442.6,2.20K
15/05/2014,442.6,450,441.5,448.1,2.17K
16/05/2014,448.1,455.1,441.9,453.6,1.76K
17/05/2014,453.6,455.9,452.2,452.8,1.71K
18/05/2014,452.8,454,449,450.1,1.45K
19/05/2014,450.1,451.7,441.2,443.9,1.35K
20/05/2014,443.9,486.2,437.3,484.6,1.90K
21/05/2014,484.6,495.2,481.7,488.8,1.40K
22/05/2014,488.8,519.3,485.5,515.4,3.12K
23/05/2014,515.4,540.9,515.2,518.1,2.76K
24/05/2014,518.1,526.7,510.4,520.5,2.86K
25/05/2014,520.5,575.2,520.5,570.4,1.87K
26/05/2014,570.4,586.4,564.7,582,2.96K
27/05/2014,582,586.2,555.3,570.1,3.35K
28/05/2014,570.1,581.8,562.6,570.8,3.57K
29/05/2014,570.8,573.8,557.7,564.4,3.73K
30/05/2014,564.4,613.3,564,612.3,6.21K
31/05/2014,612.3,629,604.7,627.9,4.41K
01/06/2014,627.9,675,622,649.8,3.55K
02/06/2014,649.8,662.6,625.5,655.5,4.13K
03/06/2014,655.5,676.5,631.4,669.4,4.36K
04/06/2014,669.4,669.8,602.1,638.9,5.60K
05/06/2014,638.9,665.4,635.6,660.2,2.76K
06/06/2014,660.2,663.8,647.1,650.4,6.04K
07/06/2014,650.4,659.8,641,651.7,1.97K
08/06/2014,651.7,658.9,648.7,651,3.31K
09/06/2014,651,652.1,639.1,644.3,3.26K
10/06/2014,644.3,661.4,641.7,655.6,3.56K
11/06/2014,655.6,663,642.3,643,3.80K
12/06/2014,643,643.8,591.1,597.1,4.59K
13/06/2014,597.1,619.1,594.9,610.3,7.55K
14/06/2014,610.3,613.8,563.7,583.4,5.00K
15/06/2014,583.4,587.8,560.8,582.3,3.94K
16/06/2014,582.3,606.1,580.5,599.1,3.99K
17/06/2014,599.1,608.4,594.9,605.1,3.00K
18/06/2014,605.1,614.4,603.6,606.2,3.31K
19/06/2014,606.2,612.6,598.7,600.2,5.60K
20/06/2014,600.2,602,587.1,590.8,2.15K
21/06/2014,590.8,599.2,584.8,597,2.28K
22/06/2014,597,610.1,592,603.6,2.04K
23/06/2014,603.6,604.7,582.9,591.2,2.65K
24/06/2014,591.2,595.7,585.4,588.8,3.08K
25/06/2014,588.8,589.6,566.9,568.5,3.09K
26/06/2014,568.5,582.7,565.8,582.7,4.15K
27/06/2014,582.7,603.9,580.1,602.2,3.39K
28/06/2014,602.2,608.8,594,597.6,2.94K
29/06/2014,597.6,604.3,593.2,601.1,2.89K
30/06/2014,601.1,637.3,596.5,635.1,3.83K
01/07/2014,635.1,652.5,634.1,643.2,4.11K
02/07/2014,643.2,652.1,604.6,645.7,4.78K
03/07/2014,645.7,646.4,633.6,638,4.01K
04/07/2014,638,642.2,623,624,3.60K
05/07/2014,624,627.8,619.7,623,3.25K
06/07/2014,623,629.4,622.7,626.7,2.70K
07/07/2014,626.7,627.9,607.3,613.6,2.53K
08/07/2014,613.6,619.7,609.3,615.3,3.21K
09/07/2014,615.3,623.8,610.5,623,3.07K
10/07/2014,623,625,611.7,618.4,3.61K
11/07/2014,618.4,633.6,616.1,632.9,3.12K
12/07/2014,632.9,638.6,625.9,635.9,3.43K
13/07/2014,635.9,638.6,627.5,628,1.70K
14/07/2014,628,629,616.1,618.3,2.55K
15/07/2014,618.3,624.4,617.3,619.6,3.69K
16/07/2014,619.6,622.4,614.2,614.8,3.00K
17/07/2014,614.8,632.5,610,626.6,2.92K
18/07/2014,626.6,630.2,617.9,627.5,3.35K
19/07/2014,627.5,634.1,625.1,627,3.96K
20/07/2014,627,627.9,620,621,2.30K
21/07/2014,621,625.9,615,625.1,2.53K
22/07/2014,625.1,628.8,620,622.5,3.28K
23/07/2014,622.5,625,621,621.7,2.17K
24/07/2014,621.7,622,599.4,601.9,4.74K
25/07/2014,601.9,609.1,597.4,600.5,5.92K
26/07/2014,600.5,603,593.3,596,3.48K
27/07/2014,596,601.5,593.7,595,3.53K
28/07/2014,595,597.5,578.1,587.9,2.33K
29/07/2014,587.9,591.3,579.5,585.8,6.72K
30/07/2014,585.8,586.1,564.2,564.6,4.10K
31/07/2014,564.6,593.7,564,589.5,3.52K
01/08/2014,589.5,604,586.4,598.8,8.93K
02/08/2014,598.8,598.9,587.4,591.7,2.12K
03/08/2014,591.7,592.1,580.6,588.9,1.26K
04/08/2014,588.9,595.1,586.5,592.8,3.42K
05/08/2014,592.8,594.3,585.4,588.8,4.09K
06/08/2014,588.8,593.8,587.2,589.8,3.01K
07/08/2014,589.8,595.1,587.9,592.8,2.50K
08/08/2014,592.8,608.2,592.1,595.8,3.11K
09/08/2014,595.8,595.6,587.4,589.5,1.42K
10/08/2014,589.5,596.6,588.1,592.1,1.34K
11/08/2014,592.1,593.6,571.7,575.9,2.57K
12/08/2014,575.9,578.3,562,567.7,3.33K
13/08/2014,567.7,573.5,523.2,542.1,4.82K
14/08/2014,542.1,544.9,495.9,504.8,10.88K
15/08/2014,504.8,515.2,483.2,496.5,4.77K
16/08/2014,496.5,524.3,483.2,522,3.87K
17/08/2014,522,524.7,478.2,485.5,3.14K
18/08/2014,485.5,493.3,450,462.2,6.38K
19/08/2014,462.2,487,455.8,485.1,5.12K
20/08/2014,485.1,521.8,468.5,516.8,5.89K
21/08/2014,516.8,537.2,511.4,517.9,5.65K
22/08/2014,517.9,524.4,500.6,516.1,6.03K
23/08/2014,516.1,516.8,494,497.7,3.13K
24/08/2014,497.7,514.8,496.8,509.7,2.53K
25/08/2014,509.7,511.3,499.7,502.9,2.74K
26/08/2014,502.9,516,501.8,512.6,3.53K
27/08/2014,512.6,527.4,512.7,515.2,3.79K
28/08/2014,515.2,521.6,503.3,510.8,4.47K
29/08/2014,510.8,515.2,506.7,512.6,3.64K
30/08/2014,512.6,512.9,503.1,506,2.63K
31/08/2014,506,508.3,478.3,481.8,6.10K
01/09/2014,481.8,487.5,471.8,477.2,6.79K
02/09/2014,477.2,487,470.5,478.9,6.75K
03/09/2014,478.9,487.3,476.8,480,6.14K
04/09/2014,480,498.5,476.3,491,8.81K
05/09/2014,491,495,483.1,483.6,6.04K
06/09/2014,483.6,491.4,480.8,484.5,3.79K
07/09/2014,484.5,490.7,478.5,485.8,3.56K
08/09/2014,485.8,487,469.5,475.7,8.14K
09/09/2014,475.7,478.6,467.5,474.9,7.29K
10/09/2014,474.9,491,471.6,479.7,8.29K
11/09/2014,479.7,488.9,474.6,478.5,6.29K
12/09/2014,478.5,479.7,471.1,477.7,5.15K
13/09/2014,477.7,480.6,474.6,478.2,5.28K
14/09/2014,478.2,480.3,472,477.7,4.21K
15/09/2014,477.7,479.3,473.7,477.7,5.63K
16/09/2014,477.7,478.8,464,466.8,6.52K
17/09/2014,466.8,469.4,458.3,461.1,7.51K
18/09/2014,461.1,462.3,408.8,424.3,8.93K
19/09/2014,424.3,429.2,386.1,397.7,14.97K
20/09/2014,397.7,427.7,387.5,411.5,14.29K
21/09/2014,411.5,415.1,394.5,401.6,10.42K
22/09/2014,401.6,410.8,398.6,404.1,13.52K
23/09/2014,404.1,445.5,394.8,436.9,17.94K
24/09/2014,436.9,439.2,422.1,423.8,21.37K
25/09/2014,423.8,427.5,409.6,412.3,14.63K
26/09/2014,412.3,416.4,399.7,404.5,12.12K
27/09/2014,404.5,407.1,394.7,399,9.74K
28/09/2014,399,402.3,374.1,379.1,13.94K
29/09/2014,379.1,389.3,372.6,376.8,20.69K
30/09/2014,376.8,395.2,374.7,388.2,16.92K
01/10/2014,388.2,395.1,381.1,382.8,17.73K
02/10/2014,382.8,385.6,371.2,375.1,14.30K
03/10/2014,375.1,378.2,362.8,363.5,16.81K
04/10/2014,363.5,369.9,327.1,335.3,23.04K
05/10/2014,335.3,344.3,294.9,322.9,29.85K
06/10/2014,322.9,347.9,303,331.5,41.17K
07/10/2014,331.5,345.5,321.7,331.6,30.17K
08/10/2014,331.6,351.6,325.4,350.9,21.77K
09/10/2014,350.9,384.6,347.6,360.9,35.59K
10/10/2014,360.9,378.1,353.3,361.7,28.41K
11/10/2014,361.7,370.1,350.5,361.2,13.93K
12/10/2014,361.2,374.6,352.3,373.2,11.23K
13/10/2014,373.2,391.2,366,387.3,23.58K
14/10/2014,387.3,407.7,385.7,397.1,28.87K
15/10/2014,397.1,397.9,388.2,393.2,22.49K
16/10/2014,393.2,398.8,371.6,379.8,20.79K
17/10/2014,379.8,384.8,372.4,380.5,16.57K
18/10/2014,380.5,395.7,373.6,390.9,9.45K
19/10/2014,390.9,394.5,383.9,387.3,5.33K
20/10/2014,387.3,387.8,378.4,380.4,10.56K
21/10/2014,380.4,388.2,377.4,382.4,9.66K
22/10/2014,382.4,383.7,377,378.9,10.53K
23/10/2014,378.9,381.1,353.5,355.8,19.12K
24/10/2014,355.8,360.9,351.4,355.1,20.03K
25/10/2014,355.1,356.6,341.5,346.7,14.04K
26/10/2014,346.7,356.8,344.2,348.7,11.58K
27/10/2014,348.7,356.4,344.9,350.1,10.60K
28/10/2014,350.1,355.7,348.3,351.1,9.43K
29/10/2014,351.1,352.8,334.7,335.1,12.26K
30/10/2014,335.1,350.4,333.4,344.9,16.12K
31/10/2014,344.9,348,336.1,337.9,14.00K
01/11/2014,337.9,339,320.7,325.4,13.77K
02/11/2014,325.4,329.8,319.8,322.5,11.90K
03/11/2014,322.5,332.9,321.7,324.2,13.43K
04/11/2014,324.2,328.8,320.1,328,15.12K
05/11/2014,328,342,326.5,338,15.84K
06/11/2014,338,351.1,335.7,347.7,15.65K
07/11/2014,347.7,351.6,340.2,341.9,15.02K
08/11/2014,341.9,346.3,339.8,343.5,8.19K
09/11/2014,343.5,362.2,341.8,362,12.63K
10/11/2014,362,374.7,356.6,367.1,22.81K
11/11/2014,367.1,371,361.9,365.4,15.79K
12/11/2014,365.4,442.7,365.8,432,38.53K
13/11/2014,432,480.5,390.9,428.7,58.20K
14/11/2014,428.7,430.2,382,396.5,35.73K
15/11/2014,396.5,407.3,368,374.9,13.33K
16/11/2014,374.9,390.4,370.5,385.6,14.35K
17/11/2014,385.6,412.3,378.3,384.7,27.60K
18/11/2014,384.7,394.9,372,379.2,27.09K
19/11/2014,379.2,389.3,374.3,381.4,19.87K
20/11/2014,381.4,383,355.1,357.3,21.98K
21/11/2014,357.3,358.7,343.8,351.8,23.47K
22/11/2014,351.8,364.2,350.5,352,12.94K
23/11/2014,352,370.6,352.6,365.9,12.41K
24/11/2014,365.9,388.7,361.9,378.9,24.57K
25/11/2014,378.9,395.7,370.6,376.4,45.32K
26/11/2014,376.4,378.3,364,365.4,23.98K
27/11/2014,365.4,374.4,364.8,368.8,13.85K
28/11/2014,368.8,383.3,358.4,377.6,43.02K
29/11/2014,377.6,389.3,372.2,376.3,83.45K
30/11/2014,376.3,381.1,372.6,374.9,11.29K
01/12/2014,374.9,383.6,373,378.6,19.67K
02/12/2014,378.6,384.9,375.4,380.6,25.29K
03/12/2014,380.6,384.7,373.6,377,23.51K
04/12/2014,377,380.4,366.2,369.8,25.33K
05/12/2014,369.8,379.7,366.4,377.6,29.99K
06/12/2014,377.6,380.3,372,376.3,11.07K
07/12/2014,376.3,377.9,372.5,376.5,8.81K
08/12/2014,376.5,377.4,364.6,365,22.92K
09/12/2014,365,365.4,343.8,352.2,43.83K
10/12/2014,352.2,354.1,345.1,347.9,27.13K
11/12/2014,347.9,367.1,337.8,347.7,51.08K
12/12/2014,347.7,356.4,346,353.4,26.85K
13/12/2014,353.4,353.1,343.8,348.2,19.54K
14/12/2014,348.2,351.6,344.6,349.4,12.34K
15/12/2014,349.4,351.2,343.6,345.4,22.16K
16/12/2014,345.4,346.5,328.9,330.2,38.59K
17/12/2014,330.2,335.7,314.3,320,61.34K
18/12/2014,320,325.6,303.4,310.3,60.52K
19/12/2014,310.3,320.2,306.4,317.8,41.71K
20/12/2014,317.8,332.6,316,330.4,29.92K
21/12/2014,330.4,332,320.1,322.6,20.67K
22/12/2014,322.6,335.3,319.9,330.8,35.36K
23/12/2014,330.8,339.3,328,335.3,24.07K
24/12/2014,335.3,336.3,320.6,322.4,21.52K
25/12/2014,322.4,323.4,316.3,319,15.39K
26/12/2014,319,332.9,316.4,330,23.01K
27/12/2014,330,330.7,312,315.3,21.63K
28/12/2014,315.3,322.8,310.5,316.5,20.41K
29/12/2014,316.5,321.6,308.3,314.1,20.36K
30/12/2014,314.1,316.2,309.3,311.3,22.78K
31/12/2014,311.3,319.1,308.9,318.2,20.50K
01/01/2015,318.2,321.4,313.5,314.9,12.82K
02/01/2015,314.9,316.4,313.1,315.2,14.73K
03/01/2015,315.2,315.8,284.9,287.1,47.37K
04/01/2015,287.1,289.9,255.9,264.7,88.77K
05/01/2015,264.7,278.3,262.9,274.8,54.99K
06/01/2015,274.8,285.1,271.5,282.3,21.94K
07/01/2015,282.3,296.1,280.7,291.3,30.67K
08/01/2015,291.3,292.7,279,282.7,20.18K
09/01/2015,282.7,290.6,277.3,288,20.93K
10/01/2015,288,289.3,272,273.4,14.73K
11/01/2015,273.4,278,263.8,264.8,15.11K
12/01/2015,264.8,273.1,263.3,269.3,25.39K
13/01/2015,269.3,269.1,217.1,221.3,95.50K
14/01/2015,221.3,230.9,157.3,164.9,170.68K
15/01/2015,164.9,231.3,164.6,209.8,124.67K
16/01/2015,209.8,222.6,198.7,206.9,62.32K
17/01/2015,206.9,212.6,191.7,199.6,43.13K
18/01/2015,199.6,220.7,192.5,210.6,40.37K
19/01/2015,210.6,219.5,205.5,215.9,31.58K
20/01/2015,215.9,216.6,203.4,210.6,37.48K
21/01/2015,210.6,229.3,207.1,228.2,43.18K
22/01/2015,228.2,238.8,225.6,232.7,53.71K
23/01/2015,232.7,237,224.8,232.2,38.17K
24/01/2015,232.2,248.9,229.6,248.2,33.24K
25/01/2015,248.2,256.4,241.4,252.1,50.19K
26/01/2015,252.1,310.9,251.5,269.2,105.71K
27/01/2015,269.2,276.9,247.3,263.3,50.26K
28/01/2015,263.3,267.7,228.1,236.2,63.77K
29/01/2015,236.2,241.5,220.4,234,54.49K
30/01/2015,234,244.8,227.2,231.8,48.23K
31/01/2015,231.8,235.4,216.5,218.5,42.15K
01/02/2015,218.5,231.4,209.7,225.3,41.16K
02/02/2015,225.3,242.5,220.5,238.9,39.02K
03/02/2015,238.9,247.5,223.9,227.4,63.08K
04/02/2015,227.4,230.7,220.2,226.6,55.24K
05/02/2015,226.6,229.9,214.4,216.5,40.64K
06/02/2015,216.5,226.2,215.6,223,52.52K
07/02/2015,223,231,222.4,227.7,39.76K
08/02/2015,227.7,230.2,219.5,223.7,29.05K
09/02/2015,223.7,225,215.7,220.3,91.69K
10/02/2015,220.3,222.2,214.4,219.7,86.15K
11/02/2015,219.7,223.5,217.3,218.8,71.73K
12/02/2015,218.8,223,217.3,221.8,50.11K
13/02/2015,221.8,241.6,220.6,236.2,112.25K
14/02/2015,236.2,261.3,235.4,258.6,133.80K
15/02/2015,258.6,264.6,226.6,233.3,179.14K
16/02/2015,233.3,240,228,235.8,115.47K
17/02/2015,235.8,247.2,232,243.2,116.26K
18/02/2015,243.2,245.5,231.7,235.2,99.66K
19/02/2015,235.2,244.1,234.9,241.9,66.05K
20/02/2015,241.9,247.8,238.8,244.5,83.59K
21/02/2015,244.5,247.3,242.6,244.4,42.95K
22/02/2015,244.4,246.5,232.7,235.7,75.70K
23/02/2015,235.7,240.1,231.3,238.8,62.67K
24/02/2015,238.8,240.3,235.5,238.9,45.03K
25/02/2015,238.9,239.6,234.6,237.3,38.10K
26/02/2015,237.3,238.2,233.5,236.5,50.87K
27/02/2015,236.5,258.7,235.7,253.5,167.81K
28/02/2015,253.5,255.4,248.7,254.1,39.41K
01/03/2015,254.1,260.6,244.8,257.9,51.33K
02/03/2015,257.9,274.8,256.1,273.8,81.09K
03/03/2015,273.8,287.1,266.1,280.6,164.82K
04/03/2015,280.6,284.5,265.9,271.9,139.00K
05/03/2015,271.9,280.8,262.8,275.2,123.64K
06/03/2015,275.2,278,269,272.6,98.80K
07/03/2015,272.6,278.3,269.4,274.9,60.72K
08/03/2015,274.9,278.8,271.3,274.5,50.40K
09/03/2015,274.5,293.3,273.8,290,151.77K
10/03/2015,290,301,288.1,291.4,158.18K
11/03/2015,291.4,297.7,288.9,295.6,79.98K
12/03/2015,295.6,297,290.8,293.9,107.32K
13/03/2015,293.9,294.9,286.1,287.2,97.34K
14/03/2015,287.2,288.4,279.3,281.6,75.72K
15/03/2015,281.6,286.4,280.4,284.9,39.46K
16/03/2015,284.9,294,284.8,290.4,66.34K
17/03/2015,290.4,292.5,283.3,285.4,65.01K
18/03/2015,285.4,285.6,248.2,255.9,206.74K
19/03/2015,255.9,264.8,247,260.9,180.69K
20/03/2015,260.9,264.7,257.9,261.8,52.83K
21/03/2015,261.8,263.3,254,259.7,51.65K
22/03/2015,259.7,270.4,259,268.6,56.63K
23/03/2015,268.6,271,259.4,265.5,81.45K
24/03/2015,265.5,267,242.7,246.7,151.09K
25/03/2015,246.7,249.2,234.8,246.4,131.44K
26/03/2015,246.4,254.7,243.5,248,89.47K
27/03/2015,248,250.1,244.5,247.2,62.56K
28/03/2015,247.2,254.3,246.3,252,55.06K
29/03/2015,252,252.8,238.9,242.1,77.54K
30/03/2015,242.1,248.8,236.6,246.8,85.33K
31/03/2015,246.8,248.7,241.2,244.1,75.33K
01/04/2015,244.1,247.7,239.6,246.2,67.08K
02/04/2015,246.2,254.9,244.3,252.6,81.37K
03/04/2015,252.6,256.5,251.3,254.5,71.74K
04/04/2015,254.5,255.2,250.3,252.9,30.72K
05/04/2015,252.9,260.3,250.6,259.6,43.83K
06/04/2015,259.6,261.5,252.3,255,45.93K
07/04/2015,255,255.6,250.1,253,44.79K
08/04/2015,253,254.3,242.6,244.6,102.65K
09/04/2015,244.6,246.2,237.6,243.3,69.19K
10/04/2015,243.3,244.1,231.3,234.7,100.20K
11/04/2015,234.7,240,233.1,236.5,51.99K
12/04/2015,236.5,237.5,232.3,235.9,33.03K
13/04/2015,235.9,236.8,220.4,223.6,105.15K
14/04/2015,223.6,224.7,214.3,218,115.19K
15/04/2015,218,223.6,217.1,223,77.23K
16/04/2015,223,229.5,222.9,228,84.89K
17/04/2015,228,229.3,220.6,222.6,66.92K
18/04/2015,222.6,224.5,220.6,223.4,36.54K
19/04/2015,223.4,226.9,222,223,35.50K
20/04/2015,223,226.7,221.6,224.2,44.87K
21/04/2015,224.2,235.3,223.3,233.7,68.35K
22/04/2015,233.7,238.4,231.8,233.8,77.56K
23/04/2015,233.8,236.1,232.6,235.4,42.45K
24/04/2015,235.4,236.6,229.1,231.1,69.78K
25/04/2015,231.1,232.3,223.1,226.1,43.78K
26/04/2015,226.1,226.7,214.1,218.7,100.77K
27/04/2015,218.7,242.6,216.6,229,123.41K
28/04/2015,229,229.9,222,225.8,65.97K
29/04/2015,225.8,227.2,222.3,225.4,60.89K
30/04/2015,225.4,240,224.7,235.8,112.24K
01/05/2015,235.8,239.4,232.4,233.2,60.14K
02/05/2015,233.2,236.4,231.7,235.3,37.08K
03/05/2015,235.3,243.6,233.8,240,55.72K
04/05/2015,240,243.2,237.4,239,69.12K
05/05/2015,239,239.6,231.8,235.8,77.87K
06/05/2015,235.8,237.1,228.2,230,103.66K
07/05/2015,230,240.3,228.3,237.7,91.05K
08/05/2015,237.7,247,235.8,243.7,87.50K
09/05/2015,243.7,247.9,238.5,241.4,62.79K
10/05/2015,241.4,244.8,238.2,240,44.00K
11/05/2015,240,243.9,238.9,241.8,57.17K
12/05/2015,241.8,243,239.2,241.6,40.08K
13/05/2015,241.6,243.9,234.1,236.4,84.43K
14/05/2015,236.4,239.2,232.4,236.9,71.02K
15/05/2015,236.9,238.8,235.5,237.2,46.03K
16/05/2015,237.2,237.8,234.6,236.2,27.05K
17/05/2015,236.2,237.8,235.4,236.3,28.43K
18/05/2015,236.3,237.1,231.5,232.6,53.14K
19/05/2015,232.6,234.5,231.3,232,40.94K
20/05/2015,232,235.2,231.5,234,49.69K
21/05/2015,234,236.6,233.6,235.4,42.94K
22/05/2015,235.4,242,234.6,240.4,74.11K
23/05/2015,240.4,241.7,238.1,238.9,36.03K
24/05/2015,238.9,242.4,237.5,241,30.26K
25/05/2015,241,241.8,235.8,237.4,26.39K
26/05/2015,237.4,239,235.6,237.8,37.08K
27/05/2015,237.8,238.9,235.9,237.3,48.03K
28/05/2015,237.3,238.4,236.2,237.3,35.75K
29/05/2015,237.3,237.9,235.1,237,38.92K
30/05/2015,237,237.1,231.6,233.2,41.63K
31/05/2015,233.2,234,229.1,229.8,39.00K
01/06/2015,229.8,231.8,221,223.1,87.06K
02/06/2015,223.1,227.4,222.3,225.7,60.81K
03/06/2015,225.7,227.9,223.7,225.6,54.35K
04/06/2015,225.6,226.7,223.5,224.2,44.06K
05/06/2015,224.2,226.4,222.1,225.3,56.46K
06/06/2015,225.3,225.8,223.5,224.7,22.47K
07/06/2015,224.7,226.4,222.2,223.5,40.48K
08/06/2015,223.5,229.9,223,228.6,74.15K
09/06/2015,228.6,231.4,227.5,229.6,54.84K
10/06/2015,229.6,230.4,227.8,228.8,41.64K
11/06/2015,228.8,230.6,228.5,229.9,38.00K
12/06/2015,229.9,231.6,229.3,230.5,40.75K
13/06/2015,230.5,233.1,229,232.5,38.01K
14/06/2015,232.5,235.5,232.1,233.8,32.90K
15/06/2015,233.8,238.6,233.3,237,63.47K
16/06/2015,237,254.1,235.7,249.8,122.47K
17/06/2015,249.8,258.5,245.1,247.4,121.62K
18/06/2015,247.4,251.9,242.5,248.4,78.14K
19/06/2015,248.4,250.8,243.6,244.1,84.70K
20/06/2015,244.1,246.6,238.7,245,51.28K
21/06/2015,245,246,240.9,244.1,25.15K
22/06/2015,244.1,248.6,243.2,247.5,47.59K
23/06/2015,247.5,247.7,242.3,243.8,38.43K
24/06/2015,243.8,244.5,239.1,240.6,47.11K
25/06/2015,240.6,243.6,239.3,242.6,40.36K
26/06/2015,242.6,243.5,240.1,242.9,37.62K
27/06/2015,242.9,251.6,241.8,250.7,54.70K
28/06/2015,250.7,251.6,246.6,248.9,39.89K
29/06/2015,248.9,257.5,248,257,92.64K
30/06/2015,257,268.7,255.4,264.1,116.53K
01/07/2015,264.1,265,254.4,257.6,66.94K
02/07/2015,257.6,261.3,253.1,254.9,45.01K
03/07/2015,254.9,256.7,252.4,255.4,36.58K
04/07/2015,255.4,261.1,253.4,260.5,32.95K
05/07/2015,260.5,274.1,257.6,270.1,48.45K
06/07/2015,270.1,277.5,266.5,269.1,90.58K
07/07/2015,269.1,271.3,263.2,266.2,41.61K
08/07/2015,266.2,273.6,263.2,268.6,45.29K
09/07/2015,268.6,272.3,265.1,269.1,48.39K
10/07/2015,269.1,297.9,266.9,283.6,117.17K
11/07/2015,283.6,298.8,282.3,292,46.49K
12/07/2015,292,315.9,291.3,310.4,120.70K
13/07/2015,310.4,310.9,276.9,290.4,146.85K
14/07/2015,290.4,297,285.2,287,60.62K
15/07/2015,287,292.9,283.2,283.4,59.58K
16/07/2015,283.4,290.8,273.3,276.6,121.32K
17/07/2015,276.6,280.8,271.2,279.6,62.12K
18/07/2015,279.6,282.5,243.2,274,55.34K
19/07/2015,274,277.1,271.9,273.2,30.20K
20/07/2015,273.2,278.9,271.8,277.7,46.60K
21/07/2015,277.7,281,274.2,275.1,49.05K
22/07/2015,275.1,277.4,273.1,276.5,41.97K
23/07/2015,276.5,277.9,274.5,275.5,35.66K
24/07/2015,275.5,289.8,274.3,288.4,74.36K
25/07/2015,288.4,291.2,284.7,288.7,41.65K
26/07/2015,288.7,293.3,286.8,291.8,30.99K
27/07/2015,291.8,295.8,285.4,293,69.71K
28/07/2015,293,296.7,291.7,293.7,49.07K
29/07/2015,293.7,294.7,286.9,288.4,50.67K
30/07/2015,288.4,289.9,284.9,287,44.79K
31/07/2015,287,288.7,280.8,283.7,49.21K
01/08/2015,283.7,284.5,276.3,280.5,39.43K
02/08/2015,280.5,282.5,275.9,281.4,35.67K
03/08/2015,281.4,285,278.9,281.6,45.89K
04/08/2015,281.6,285.7,279.6,284.3,44.84K
05/08/2015,284.3,285.5,280.5,281.7,38.29K
06/08/2015,281.7,282,276.5,278,33.26K
07/08/2015,278,279.6,274.3,277.9,42.81K
08/08/2015,277.9,278.9,257.4,258.6,82.54K
09/08/2015,258.6,266.8,258.6,263.9,57.48K
10/08/2015,263.9,266.6,260.5,263.3,48.57K
11/08/2015,263.3,269.9,261.4,269,51.36K
12/08/2015,269,271.5,263.7,267.7,56.73K
13/08/2015,267.7,268.4,261.3,263.4,56.49K
14/08/2015,263.4,267.2,260.2,265,52.33K
15/08/2015,265,266.5,259.4,260.5,38.91K
16/08/2015,260.5,261.9,254.6,257.1,69.04K
17/08/2015,257.1,259.9,252.9,257.1,47.88K
18/08/2015,257.1,257.5,245.7,246.7,94.50K
19/08/2015,246.7,247.9,214.3,226,245.82K
20/08/2015,226,238,225.5,234.7,90.98K
21/08/2015,234.7,236.3,230.5,232.4,57.65K
22/08/2015,232.4,235.1,221,229.5,74.21K
23/08/2015,229.5,232.7,224.3,226.8,48.84K
24/08/2015,226.8,228.4,207.8,211.4,196.70K
25/08/2015,211.4,226.6,196.3,220.5,190.79K
26/08/2015,220.5,230.7,218.8,225,92.81K
27/08/2015,225,228.4,222,222.7,60.25K
28/08/2015,222.7,234.8,219.6,231.6,90.66K
29/08/2015,231.6,233.1,226.4,228.5,43.74K
30/08/2015,228.5,232.3,225.4,228.4,39.81K
31/08/2015,228.4,231.8,224.2,229.5,54.51K
01/09/2015,229.5,231.4,225.8,227.2,66.54K
02/09/2015,227.2,230.6,225.6,228.6,58.77K
03/09/2015,228.6,229.6,225.4,226.2,54.15K
04/09/2015,226.2,231.1,225.8,230.3,61.76K
05/09/2015,230.3,235.6,228.3,233.7,48.28K
06/09/2015,233.7,243.6,234.7,239.9,66.27K
07/09/2015,239.9,242.7,237.5,239.6,57.19K
08/09/2015,239.6,246.4,239.2,243.2,76.35K
09/09/2015,243.2,244.3,236.5,237.4,69.26K
10/09/2015,237.4,240.6,234.3,238.1,60.54K
11/09/2015,238.1,241,237.4,239.9,45.77K
12/09/2015,239.9,240.3,233.3,235.6,43.77K
13/09/2015,235.6,236.2,228.3,230.2,51.60K
14/09/2015,230.2,232.6,226,229.9,61.10K
15/09/2015,229.9,242.8,228,229.5,49.52K
16/09/2015,229.5,230.9,225.1,228.6,51.91K
17/09/2015,228.6,235.2,227.9,232.7,56.06K
18/09/2015,232.7,234.7,230.6,232.2,53.17K
19/09/2015,232.2,233.4,230.2,231.1,34.47K
20/09/2015,231.1,232.7,229.9,231.1,33.15K
21/09/2015,231.1,231.6,225,226.3,53.43K
22/09/2015,226.3,233.2,224.1,230,71.55K
23/09/2015,230,232.2,228.5,229.9,43.60K
24/09/2015,229.9,235.8,229.6,233.8,72.12K
25/09/2015,233.8,237.6,232.7,235,61.58K
26/09/2015,235,235.7,232.7,234.3,40.29K
27/09/2015,234.3,234.8,231.8,232.5,36.14K
28/09/2015,232.5,240.4,232.4,238.9,64.28K
29/09/2015,238.9,240.4,234.8,236.7,57.30K
30/09/2015,236.7,237.8,234.4,235.9,50.52K
01/10/2015,235.9,238.7,234.7,237.1,52.88K
02/10/2015,237.1,238.4,235.1,236.7,47.94K
03/10/2015,236.7,239.5,236.1,238.6,43.31K
04/10/2015,238.6,277.6,237.5,238.3,31.85K
05/10/2015,238.3,240.5,236.4,240.1,61.24K
06/10/2015,240.1,247.6,239.4,246.1,78.84K
07/10/2015,246.1,247.3,241.6,243,62.60K
08/10/2015,243,244.8,241.6,242.6,44.15K
09/10/2015,242.6,244.6,241.3,244,40.57K
10/10/2015,244,245.9,242.9,245.4,38.96K
11/10/2015,245.4,248.3,244.5,247.6,41.43K
12/10/2015,247.6,248,244.6,245.4,40.39K
13/10/2015,245.4,251.2,243.1,248.8,74.88K
14/10/2015,248.8,255.1,248.3,252.3,69.58K
15/10/2015,252.3,256.8,251.2,254.4,60.64K
16/10/2015,254.4,267.3,253.9,262.9,95.18K
17/10/2015,262.9,275.4,261.7,269.6,113.84K
18/10/2015,269.6,272.4,259.5,261.7,52.27K
19/10/2015,261.7,266,259.9,263.8,58.17K
20/10/2015,263.8,272.1,262.7,269.8,75.40K
21/10/2015,269.8,272.2,263.5,267.1,59.64K
22/10/2015,267.1,278.7,266.8,274.4,93.15K
23/10/2015,274.4,279.8,273.2,276.9,69.32K
24/10/2015,276.9,283,277,282.6,60.13K
25/10/2015,282.6,295.6,281.8,287.9,113.90K
26/10/2015,287.9,287.6,279.6,285.1,73.21K
27/10/2015,285.1,298.4,285.1,294.7,105.87K
28/10/2015,294.7,307.5,294,303.5,116.41K
29/10/2015,303.5,318.5,300.2,313.6,138.92K
30/10/2015,313.6,334.9,310.8,327.1,156.49K
31/10/2015,327.1,333.3,304.6,311.2,105.83K
01/11/2015,311.2,324.3,304.7,323,73.71K
02/11/2015,323,365.8,319.8,359.3,223.10K
03/11/2015,359.3,416.8,354.6,396.5,421.99K
04/11/2015,396.5,492.8,368.6,400.9,517.73K
05/11/2015,400.9,447.2,366.1,382.7,302.95K
06/11/2015,382.7,396.4,348.8,369.8,255.28K
07/11/2015,369.8,391.8,369,385.1,103.03K
08/11/2015,385.1,389.8,365.5,371.6,94.36K
09/11/2015,371.6,385.1,360.2,380.2,125.54K
10/11/2015,380.2,381.4,323.2,336.7,210.29K
11/11/2015,336.7,341.8,292.4,304.7,263.96K
12/11/2015,304.7,346.1,306.1,333.9,164.61K
13/11/2015,333.9,341.8,323.9,333.8,97.25K
14/11/2015,333.8,369.8,326.4,331.8,71.11K
15/11/2015,331.8,334.8,314.2,317.5,88.32K
16/11/2015,317.5,332,314.1,330.2,87.14K
17/11/2015,330.2,342.9,328.1,333.9,98.25K
18/11/2015,333.9,337.4,329.4,335.9,78.36K
19/11/2015,335.9,335.6,323.4,325,86.38K
20/11/2015,325,327.1,309.5,321.1,109.99K
21/11/2015,321.1,328.4,318.4,324.7,45.00K
22/11/2015,324.7,326.9,319.4,322.8,36.75K
23/11/2015,322.8,325,319.9,322.1,42.73K
24/11/2015,322.1,323.3,315.5,318.4,50.66K
25/11/2015,318.4,330,315.7,327.5,77.68K
26/11/2015,327.5,368.9,327.4,353.7,211.38K
27/11/2015,353.7,363.9,345.1,359.5,103.48K
28/11/2015,359.5,360.1,350.5,355.8,56.17K
29/11/2015,355.8,372.8,354.5,370.8,67.37K
30/11/2015,370.8,382.6,367.9,378,129.77K
01/12/2015,378,379,353.7,361.8,111.91K
02/12/2015,361.8,363.4,347.2,360,92.45K
03/12/2015,360,371.4,355.5,360.3,87.23K
04/12/2015,360.3,364,354.3,361.7,60.55K
05/12/2015,361.7,390.3,361.5,386.7,115.20K
06/12/2015,386.7,402.2,382.6,393.4,131.86K
07/12/2015,393.4,398.7,381.7,394.3,96.75K
08/12/2015,394.3,411.1,388,410.7,74.36K
09/12/2015,410.7,424.6,403.3,416,147.36K
10/12/2015,416,420.4,409.5,415.5,71.66K
11/12/2015,415.5,453.4,413.7,449.8,175.06K
12/12/2015,449.8,467.7,403.7,432.3,211.44K
13/12/2015,432.3,441,420.8,434.7,64.14K
14/12/2015,434.7,449.5,428.8,442,218.92K
15/12/2015,442,464.2,440.7,462.6,107.06K
16/12/2015,462.6,465.2,437.4,454,185.22K
17/12/2015,454,458.4,447.3,455.5,64.58K
18/12/2015,455.5,466.1,453.5,463.2,83.41K
19/12/2015,463.2,466,452.3,461.2,61.31K
20/12/2015,461.2,462.8,431.1,441.8,121.53K
21/12/2015,441.8,445.5,424,437.6,121.99K
22/12/2015,437.6,443.2,433.3,437,65.79K
23/12/2015,437,444.8,434.3,442.4,63.25K
24/12/2015,442.4,460.6,441.8,453,79.60K
25/12/2015,453,457.4,449.5,454,42.39K
26/12/2015,454,456.5,400.5,415.4,208.58K
27/12/2015,415.4,425.5,406.1,422.4,67.58K
28/12/2015,422.4,429.9,417.1,421.8,68.35K
29/12/2015,421.8,433.6,419.3,431.9,70.65K
30/12/2015,431.9,435,420.8,427.1,68.27K
31/12/2015,427.1,433.1,417.1,430,65.21K
01/01/2016,430,438,425.9,434,46.97K
02/01/2016,434,437.4,430.7,433.7,33.57K
03/01/2016,433.7,434.1,423.1,430.7,54.83K
04/01/2016,430.7,435.3,428.6,433.3,53.01K
05/01/2016,433.3,435.3,428.9,431.2,45.03K
06/01/2016,431.2,432.1,425,430.8,43.43K
07/01/2016,430.8,457.5,428.5,457,130.20K
08/01/2016,457,462.9,446.5,452.9,91.31K
09/01/2016,452.9,454.5,444.9,448.3,39.81K
10/01/2016,448.3,448.9,438.6,446.2,44.46K
11/01/2016,446.2,451.1,441.8,447.7,56.59K
12/01/2016,447.7,448.4,443.1,445,44.59K
13/01/2016,445,443.7,420.4,432.2,92.04K
14/01/2016,432.2,433.7,427,429.1,46.17K
15/01/2016,429.1,430.1,364.7,372.3,268.14K
16/01/2016,372.3,386.7,350.4,385,183.96K
17/01/2016,385,390.7,377.7,382.5,66.09K
18/01/2016,382.5,387.3,373.2,384.4,69.30K
19/01/2016,384.4,386.7,375.9,379.5,66.35K
20/01/2016,379.5,425.7,374,414.6,190.32K
21/01/2016,414.6,423.4,403.9,410.2,89.94K
22/01/2016,410.2,411.5,374.9,382.6,144.86K
23/01/2016,382.6,395.4,380.3,388.6,61.38K
24/01/2016,388.6,405.4,385.5,402.1,64.54K
25/01/2016,402.1,403.8,386.9,392.8,67.66K
26/01/2016,392.8,397.7,387.9,389.8,56.81K
27/01/2016,389.8,397.4,389.4,395,43.68K
28/01/2016,395,395.4,376.7,379.7,77.32K
29/01/2016,379.7,385.8,363.5,380.3,138.46K
30/01/2016,380.3,381.8,375,377.8,36.18K
31/01/2016,377.8,380.5,366.9,369.8,39.02K
01/02/2016,369.8,379.8,365.3,372.2,74.35K
02/02/2016,372.2,376.6,371.4,373.9,50.98K
03/02/2016,373.9,375.9,366.2,368,59.81K
04/02/2016,368,391.8,368,390.6,101.87K
05/02/2016,390.6,391.1,384.5,386.5,60.92K
06/02/2016,386.5,386.4,372.9,376.7,78.85K
07/02/2016,376.7,382.6,375.3,377.9,40.74K
08/02/2016,377.9,380.9,372.1,372.6,62.24K
09/02/2016,372.6,377.6,371.4,375.3,55.36K
10/02/2016,375.3,385.4,374.1,381.9,97.49K
11/02/2016,381.9,383.2,372.8,379.5,62.65K
12/02/2016,379.5,386.4,379.3,384,53.76K
13/02/2016,384,392.6,383.3,390.1,48.16K
14/02/2016,390.1,405.9,390.1,405.5,73.59K
15/02/2016,405.5,410.9,396.6,401.1,86.13K
16/02/2016,401.1,409.8,398,406.4,68.33K
17/02/2016,406.4,421.5,405,417.1,90.32K
18/02/2016,417.1,425.5,414.8,421.4,77.35K
19/02/2016,421.4,424.3,416.4,420,52.24K
20/02/2016,420,442.7,419.5,440.1,111.63K
21/02/2016,440.1,447.6,425.5,437.9,100.50K
22/02/2016,437.9,440.2,431.3,437.8,56.01K
23/02/2016,437.8,440.8,414.4,419.9,93.72K
24/02/2016,419.9,425.2,410.4,422.7,66.51K
25/02/2016,422.7,427.2,417.5,423.5,53.54K
26/02/2016,423.5,427.6,419.1,427.3,53.21K
27/02/2016,427.3,434.1,427.3,431.3,42.79K
28/02/2016,431.3,435.6,421.2,432.5,50.85K
29/02/2016,432.5,441.3,429.8,436.2,68.77K
01/03/2016,436.2,439,428.5,434,67.46K
02/03/2016,434,435.9,423.9,425.4,57.75K
03/03/2016,425.4,425.8,414.9,419.6,78.90K
04/03/2016,419.6,423.4,407.2,409.5,75.27K
05/03/2016,409.5,410.1,386.9,399,129.15K
06/03/2016,399,412,393.1,406,62.59K
07/03/2016,406,416.6,402,414.9,61.77K
08/03/2016,414.9,416.7,408.4,411.9,53.77K
09/03/2016,411.9,414.9,408.9,412.8,50.92K
10/03/2016,412.8,417.5,410.3,415.8,55.74K
11/03/2016,415.8,422.4,415.1,419.1,60.63K
12/03/2016,419.1,420.7,407,410.4,59.64K
13/03/2016,410.4,415.9,409.6,412.4,34.98K
14/03/2016,412.4,416.1,411.2,414.3,49.33K
15/03/2016,414.3,417.4,412.3,415.1,48.60K
16/03/2016,415.1,417,413.3,415.9,44.54K
17/03/2016,415.9,419.6,415.3,418.2,43.82K
18/03/2016,418.2,418.6,402.5,408.2,66.07K
19/03/2016,408.2,410.5,402.1,408.7,37.00K
20/03/2016,408.7,413.5,407.2,411.5,30.54K
21/03/2016,411.5,413.1,407.3,411.1,43.16K
22/03/2016,411.1,417.9,410.8,416.2,49.08K
23/03/2016,416.2,419.6,414.2,417,40.61K
24/03/2016,417,417.7,412.9,414.7,38.83K
25/03/2016,414.7,417.3,412.4,415.7,34.59K
26/03/2016,415.7,417.7,413.9,416.5,28.06K
27/03/2016,416.5,427.4,415.5,424.6,61.72K
28/03/2016,424.6,425.4,419.7,422.2,43.45K
29/03/2016,422.2,424.5,406.4,415,69.11K
30/03/2016,415,416.2,408.4,412.4,43.28K
31/03/2016,412.4,417.2,411.5,415.7,41.84K
01/04/2016,415.7,416.9,412.8,415.6,38.22K
02/04/2016,415.6,420.1,415.1,418.5,31.31K
03/04/2016,418.5,420.2,417,419.1,22.80K
04/04/2016,419.1,420.4,416.2,419.3,33.44K
05/04/2016,419.3,423.7,418,422.1,40.89K
06/04/2016,422.1,422.8,419.5,421.3,32.67K
07/04/2016,421.3,422,417.9,420.1,36.06K
08/04/2016,420.1,423.5,415.5,417.7,46.95K
09/04/2016,417.7,418.9,412.4,418,29.43K
10/04/2016,418,421.6,416.7,420.3,23.30K
11/04/2016,420.3,422.4,418.1,421.4,36.39K
12/04/2016,421.4,426.7,420.7,424.7,57.71K
13/04/2016,424.7,426.6,421.4,423.5,38.09K
14/04/2016,423.5,425.4,421.8,424,30.66K
15/04/2016,424,429.5,423.3,428.7,54.12K
16/04/2016,428.7,432,426.8,430,29.02K
17/04/2016,430,430.6,423.8,426.3,25.59K
18/04/2016,426.3,429.1,424.4,427.7,32.58K
19/04/2016,427.7,436.1,426.8,434.9,45.68K
20/04/2016,434.9,442.9,432.5,441.2,74.36K
21/04/2016,441.2,450.8,439.5,449.3,63.13K
22/04/2016,449.3,450.2,441.9,445.3,49.71K
23/04/2016,445.3,451.5,443.1,450.1,42.36K
24/04/2016,450.1,461.8,447.9,457.6,74.43K
25/04/2016,457.6,466.2,451.8,461.7,81.66K
26/04/2016,461.7,468.9,459.2,466,67.56K
27/04/2016,466,467.9,444.6,447,90.81K
28/04/2016,447,450.1,433.9,448.5,81.94K
29/04/2016,448.5,456.3,445.2,455,44.85K
30/04/2016,455,456.9,446.6,448.5,35.31K
01/05/2016,448.5,454.2,447.5,452.2,21.75K
02/05/2016,452.2,453.9,440.2,444.2,73.85K
03/05/2016,444.2,451.5,441.5,450.3,49.75K
04/05/2016,450.3,450.9,444.2,445.8,39.44K
05/05/2016,445.8,449.2,444.4,448.1,41.89K
06/05/2016,448.1,461.5,445.7,459.6,68.43K
07/05/2016,459.6,460.6,454.6,458.5,30.97K
08/05/2016,458.5,460.2,454.9,457.9,27.60K
09/05/2016,457.9,464.2,455.4,460.4,48.42K
10/05/2016,460.4,462.1,446.8,449.4,59.99K
11/05/2016,449.4,456.1,449.6,452.5,39.97K
12/05/2016,452.5,455.3,448.4,454.4,49.19K
13/05/2016,454.4,457.2,451.5,455.4,32.39K
14/05/2016,455.4,457.7,453.6,456.4,20.36K
15/05/2016,456.4,460.3,455,458.1,21.20K
16/05/2016,458.1,459.6,450.7,454.9,36.60K
17/05/2016,454.9,456.3,451.7,453.3,34.63K
18/05/2016,453.3,456.6,452.4,454.2,32.61K
19/05/2016,454.2,455.2,441.1,442.7,59.39K
20/05/2016,442.7,447.8,435.4,442.1,48.43K
21/05/2016,442.1,445.2,439.7,443.6,23.00K
22/05/2016,443.6,444.2,436.9,439.6,28.74K
23/05/2016,439.6,445,438.2,443.7,35.90K
24/05/2016,443.7,447.9,442,446.1,33.22K
25/05/2016,446.1,451.2,445.4,449.8,37.72K
26/05/2016,449.8,454.3,447.7,453.3,37.72K
27/05/2016,453.3,479.2,452.7,474,135.68K
28/05/2016,474,531.8,467,524.2,150.17K
29/05/2016,524.2,548,493.2,516,152.57K
30/05/2016,516,544.2,512.8,532.3,77.53K
31/05/2016,532.3,546.9,513.2,528.9,114.08K
01/06/2016,528.9,542.3,521.3,537.4,72.41K
02/06/2016,537.4,541.5,530.5,537.1,52.88K
03/06/2016,537.1,573.7,534.3,567,106.25K
04/06/2016,567,592.7,560.9,572,87.41K
05/06/2016,572,583.6,567.8,574.9,64.52K
06/06/2016,574.9,586.7,571.7,583.6,63.68K
07/06/2016,583.6,591.3,543.6,575.6,84.69K
08/06/2016,575.6,582.4,567.8,580.5,49.60K
09/06/2016,580.5,580.7,569.3,574.7,48.61K
10/06/2016,574.7,579.3,571.1,577.9,45.50K
11/06/2016,577.9,592.6,576.3,591.6,42.22K
12/06/2016,591.6,683.8,592.8,666.5,217.38K
13/06/2016,666.5,718.2,652.8,700.1,216.73K
14/06/2016,700.1,702.5,654.7,685.1,135.65K
15/06/2016,685.1,695.1,670.5,690.8,78.62K
16/06/2016,690.8,769.7,687.4,761.2,229.57K
17/06/2016,761.2,771.9,704.2,743.9,215.87K
18/06/2016,743.9,776,727.1,753.8,120.53K
19/06/2016,753.8,765.1,740.4,761,60.45K
20/06/2016,761,764.6,717.4,734,112.29K
21/06/2016,734,732.2,626,667.4,248.08K
22/06/2016,667.4,677.8,586.6,590.6,202.32K
23/06/2016,590.6,629.5,539.3,620.8,261.74K
24/06/2016,620.8,687.4,616.4,656.9,196.69K
25/06/2016,656.9,688.1,640.8,663.5,100.46K
26/06/2016,663.5,665.2,609.9,625.4,88.93K
27/06/2016,625.4,650.3,615.2,644.7,99.81K
28/06/2016,644.7,659.3,634.3,644.9,76.66K
29/06/2016,644.9,645.9,621.8,636.5,80.22K
30/06/2016,636.5,673,631.2,670,88.20K
01/07/2016,670,685.1,661.1,674.6,92.23K
02/07/2016,674.6,700.5,671.5,698.1,67.38K
03/07/2016,698.1,701.5,644.6,661.6,99.27K
04/07/2016,661.6,679,644,675.2,63.91K
05/07/2016,675.2,679.2,657.3,663.7,54.64K
06/07/2016,663.7,678.4,662.2,672.7,47.05K
07/07/2016,672.7,676.2,605,635.3,153.61K
08/07/2016,635.3,663.4,630.2,662.8,75.89K
09/07/2016,662.8,663.5,620.7,651.8,96.01K
10/07/2016,651.8,652,636.8,647.1,29.26K
11/07/2016,647.1,657.5,640,646.7,45.94K
12/07/2016,646.7,673.2,644.6,670.6,66.59K
13/07/2016,670.6,672,656,661.2,62.96K
14/07/2016,661.2,661.9,646.3,657.3,48.20K
15/07/2016,657.3,667.5,656.5,664.2,35.83K
16/07/2016,664.2,665.4,655.7,660.7,20.39K
17/07/2016,660.7,680.9,660.1,676.3,46.84K
18/07/2016,676.3,680.4,664.6,670.4,42.58K
19/07/2016,670.4,673.2,663.6,671.1,30.40K
20/07/2016,671.1,672.3,659.5,664.4,37.56K
21/07/2016,664.4,666.5,657.8,664.6,32.17K
22/07/2016,664.6,669.4,645.7,651.1,65.90K
23/07/2016,651.1,658.2,648,655.2,29.89K
24/07/2016,655.2,664.2,651,659.3,29.82K
25/07/2016,659.3,662.5,651.1,654,34.38K
26/07/2016,654,657.8,643.5,654.4,49.39K
27/07/2016,654.4,659.1,646,654.5,29.89K
28/07/2016,654.5,658,650.8,654.1,28.11K
29/07/2016,654.1,657.4,651,655.4,27.04K
30/07/2016,655.4,657.5,652.1,654.7,19.35K
31/07/2016,654.7,654.9,621.4,621.9,62.89K
01/08/2016,621.9,627.9,603.5,607,66.66K
02/08/2016,607,613.8,471.4,513.4,130.91K
03/08/2016,513.4,573.1,514.1,566.4,85.93K
04/08/2016,566.4,584.9,559.5,576.2,44.82K
05/08/2016,576.2,580,565.8,574.7,27.89K
06/08/2016,574.7,596.7,565.3,586.5,25.38K
07/08/2016,586.5,596,580.9,590.8,26.20K
08/08/2016,590.8,594.2,585.4,589.2,24.88K
09/08/2016,589.2,591.2,581.1,585.3,25.97K
10/08/2016,585.3,600.5,580.9,590.9,49.57K
11/08/2016,590.9,599.2,585.4,587.8,39.83K
12/08/2016,587.8,591.1,582.2,587.1,25.50K
13/08/2016,587.1,590.1,582.8,584.6,19.30K
14/08/2016,584.6,585.8,559.9,569.1,33.07K
15/08/2016,569.1,575,559.3,567,33.77K
16/08/2016,567,583.4,563.4,580.2,37.69K
17/08/2016,580.2,581.1,568.7,572.3,32.76K
18/08/2016,572.3,579.5,570.8,573.4,30.39K
19/08/2016,573.4,577.9,566.3,574.6,25.53K
20/08/2016,574.6,583.5,572.3,582.6,23.12K
21/08/2016,582.6,585.3,577.8,580.7,14.16K
22/08/2016,580.7,591.9,577.1,587.5,33.56K
23/08/2016,587.5,589.9,578.6,583.6,32.08K
24/08/2016,583.6,584.5,576.8,579.7,28.06K
25/08/2016,579.7,580.7,570.8,578,32.73K
26/08/2016,578,582.7,575.8,579.4,21.17K
27/08/2016,579.4,580.4,567.3,570.3,18.69K
28/08/2016,570.3,576.3,569.2,575,12.83K
29/08/2016,575,578.6,571.4,574.2,23.86K
30/08/2016,574.2,579.9,572.5,577.3,27.48K
31/08/2016,577.3,578.3,571.7,573.9,24.93K
01/09/2016,573.9,705,569.4,572,25.87K
02/09/2016,572,577.6,569.3,575.3,26.61K
03/09/2016,575.3,605,572.6,598.8,35.70K
04/09/2016,598.8,615.2,590.8,609.5,30.69K
05/09/2016,609.5,610.6,598.8,605.8,25.29K
06/09/2016,605.8,612,603.5,610.4,24.33K
07/09/2016,610.4,616.5,606.2,613.2,30.03K
08/09/2016,613.2,629.3,611.3,625.6,36.33K
09/09/2016,625.6,627.6,617.3,623.2,28.33K
10/09/2016,623.2,627.5,621.1,624.5,15.28K
11/09/2016,624.5,630.8,592.8,605.6,36.54K
12/09/2016,605.6,610.6,603,608,27.95K
13/09/2016,608,612,604.9,608.6,27.52K
14/09/2016,608.6,612.2,606.4,609.5,24.24K
15/09/2016,609.5,610.7,605.1,608.1,22.69K
16/09/2016,608.1,610.4,605.2,607.8,21.85K
17/09/2016,607.8,609.6,604.5,607.1,15.89K
18/09/2016,607.1,612.4,605.2,610.7,16.33K
19/09/2016,610.7,612.4,607,609.8,21.24K
20/09/2016,609.8,611.3,605.9,609.2,22.61K
21/09/2016,609.2,608.8,591.7,597.2,36.86K
22/09/2016,597.2,599.8,592.8,595.6,22.44K
23/09/2016,595.6,603.7,594.1,602.9,25.92K
24/09/2016,602.9,605.9,600.5,602.6,13.47K
25/09/2016,602.6,604.9,598.3,601.5,13.28K
26/09/2016,601.5,608.5,598.2,606.5,27.51K
27/09/2016,606.5,609,601.7,605.5,25.55K
28/09/2016,605.5,606.9,602.6,604.7,18.94K
29/09/2016,604.7,607.2,602,604.7,25.32K
30/09/2016,604.7,608.8,602.3,608.1,23.95K
01/10/2016,608.1,615,607.1,613.4,16.93K
02/10/2016,613.4,614.2,607.7,610.7,16.54K
03/10/2016,610.7,613.2,608.5,611.6,21.95K
04/10/2016,611.6,612.7,606.5,609,24.99K
05/10/2016,609,613.7,608,611.8,23.40K
06/10/2016,611.8,612.7,608.5,611,21.63K
07/10/2016,611,619.4,609.1,616,32.73K
08/10/2016,616,619.6,614.9,617.7,13.62K
09/10/2016,617.7,618.3,613,615.8,13.43K
10/10/2016,615.8,618.8,612.8,617.3,25.23K
11/10/2016,617.3,642.3,615.6,640.5,55.77K
12/10/2016,640.5,642.5,632.2,636,26.95K
13/10/2016,636,639.5,632.3,635.6,25.62K
14/10/2016,635.6,640.5,630.7,637.9,31.42K
15/10/2016,637.9,641.4,635.1,637,12.38K
16/10/2016,637,642.2,636.4,640.1,12.89K
17/10/2016,640.1,641.3,634.9,637.4,27.69K
18/10/2016,637.4,639.3,632.2,635.3,24.60K
19/10/2016,635.3,637.3,624.1,629.1,35.29K
20/10/2016,629.1,630.8,625.5,628.3,20.94K
21/10/2016,628.3,633.3,627.6,630.5,28.09K
22/10/2016,630.5,659.9,629.7,655.5,37.10K
23/10/2016,655.5,661.2,648.8,653,21.91K
24/10/2016,653,654.3,645.7,650.5,33.24K
25/10/2016,650.5,662.5,647.7,651,36.74K
26/10/2016,651,678.4,651.4,674.7,47.67K
27/10/2016,674.7,687.9,672.3,682.3,46.56K
28/10/2016,682.3,688.4,678.6,686.2,38.97K
29/10/2016,686.2,720.2,685.2,715,54.03K
30/10/2016,715,714.9,689.5,697.3,39.33K
31/10/2016,697.3,707.2,682.2,698.7,38.05K
01/11/2016,698.7,734.4,695.2,726.8,68.07K
02/11/2016,726.8,735.8,718.1,733.5,39.04K
03/11/2016,733.5,744.4,670.4,684.9,96.41K
04/11/2016,684.9,706.6,681.3,702.1,48.24K
05/11/2016,702.1,706.4,694,702.1,22.02K
06/11/2016,702.1,714.1,697.6,709.9,25.81K
07/11/2016,709.9,711.7,698.3,705.4,30.74K
08/11/2016,705.4,714.6,701,710.9,39.73K
09/11/2016,710.9,741.2,707.1,721.4,70.70K
10/11/2016,721.4,723,707.3,714.6,33.33K
11/11/2016,714.6,719.8,711.7,715,25.58K
12/11/2016,715,717.4,701.1,704.3,27.60K
13/11/2016,704.3,705.6,685,702,36.14K
14/11/2016,702,708,696.1,704.6,37.75K
15/11/2016,704.6,716.9,697.9,711.1,41.40K
16/11/2016,711.1,746,708.1,740.3,79.57K
17/11/2016,740.3,751.9,730.1,737.5,62.77K
18/11/2016,737.5,751.4,731,747,39.71K
19/11/2016,747,755.3,737.4,747.9,25.63K
20/11/2016,747.9,752.3,712.8,728.5,47.42K
21/11/2016,728.5,744.3,726.5,736.2,32.51K
22/11/2016,736.2,754,730.6,749.3,44.44K
23/11/2016,749.3,750.9,731.3,741.1,37.87K
24/11/2016,741.1,744.2,726.2,735.3,37.24K
25/11/2016,735.3,741.3,729,740.4,28.85K
26/11/2016,740.4,741,725.6,734.1,22.58K
27/11/2016,734.1,738.3,727.1,729.4,21.35K
28/11/2016,729.4,738.1,727.7,733.3,34.12K
29/11/2016,733.3,737,727.8,732.6,32.57K
30/11/2016,732.6,745.4,730.6,742.5,39.28K
01/12/2016,742.5,755.5,741.1,752.6,54.03K
02/12/2016,752.6,779,752.3,770.9,63.22K
03/12/2016,770.9,772.3,755.8,764.2,38.45K
04/12/2016,764.2,769.2,758.8,766.4,19.16K
05/12/2016,766.4,769.2,746,754.3,51.17K
06/12/2016,754.3,762.5,750.9,758.2,33.43K
07/12/2016,758.2,769,754.3,765.6,34.87K
08/12/2016,765.6,773.4,761.2,768.5,28.78K
09/12/2016,768.5,773.5,765,770.5,24.18K
10/12/2016,770.5,777,769.2,774,18.02K
11/12/2016,774,774.2,763,767.9,17.14K
12/12/2016,767.9,781.3,767.9,778.5,28.76K
13/12/2016,778.5,790.3,767.8,778.7,33.11K
14/12/2016,778.7,780.8,771,776.5,24.78K
15/12/2016,776.5,780.3,773.1,775.2,26.22K
16/12/2016,775.2,783.9,773.3,782,27.61K
17/12/2016,782,791.6,779.4,787.2,23.58K
18/12/2016,787.2,791.3,783.8,789,14.53K
19/12/2016,789,793.7,786.3,789.8,25.46K
20/12/2016,789.8,800,787.1,799.1,34.48K
21/12/2016,799.1,833.1,796,829.2,65.29K
22/12/2016,829.2,874.7,828.9,860.2,70.56K
23/12/2016,860.2,920.3,858,917.2,102.22K
24/12/2016,917.2,920.5,880.8,891.1,46.03K
25/12/2016,891.1,895.2,851.4,891.1,42.48K
26/12/2016,891.1,909.3,885.9,898.4,38.79K
27/12/2016,898.4,937.9,893.4,925.8,49.69K
28/12/2016,925.8,974.5,925.5,972.2,77.29K
29/12/2016,972.2,982.6,949.2,971.1,61.13K
30/12/2016,971.1,971.6,927.4,959,70.84K
31/12/2016,959,965.5,942.4,963.4,27.56K
01/01/2017,963.4,"1,001.60",956.1,995.4,41.15K
02/01/2017,995.4,"1,031.70",990.2,"1,017.00",64.95K
03/01/2017,"1,017.00","1,035.50","1,006.50","1,033.30",54.79K
04/01/2017,"1,033.30","1,148.50","1,022.30","1,135.40",156.27K
05/01/2017,"1,135.40","1,150.60",874.5,989.3,240.01K
06/01/2017,989.3,"1,027.40",852.5,886.2,194.29K
07/01/2017,886.2,900.9,806.7,888.9,130.66K
08/01/2017,888.9,936.1,875.8,900.9,76.91K
09/01/2017,900.9,910.5,870.9,899.8,62.58K
10/01/2017,899.8,911.3,890.1,904.4,53.71K
11/01/2017,904.4,917.7,751.6,785.4,194.44K
12/01/2017,785.4,828.2,739.5,810.1,120.24K
13/01/2017,810.1,835,771,824.8,89.86K
14/01/2017,824.8,838.9,808.3,819.6,44.21K
15/01/2017,819.6,826.4,808.6,821.2,24.40K
16/01/2017,821.2,836.7,817.7,827.3,33.22K
17/01/2017,827.3,906.4,825,899.7,82.21K
18/01/2017,899.7,913.7,845.9,872,69.26K
19/01/2017,872,905.3,870.7,895.2,58.44K
20/01/2017,895.2,901.5,878.9,892.9,38.87K
21/01/2017,892.9,928.9,889.5,919.8,40.38K
22/01/2017,919.8,938.4,888.6,918.8,47.93K
23/01/2017,918.8,928,910.8,921.5,32.74K
24/01/2017,921.5,925.6,889.2,893.8,58.87K
25/01/2017,893.8,905.7,883.6,894.4,37.90K
26/01/2017,894.4,919.3,893.5,915.6,33.80K
27/01/2017,915.6,922.6,907.9,918,30.97K
28/01/2017,918,921.9,912.8,918.5,14.31K
29/01/2017,918.5,922.4,912.7,914.5,11.05K
30/01/2017,914.5,922.3,911.5,920.7,19.06K
31/01/2017,920.7,967.5,917.4,965.5,54.67K
01/02/2017,965.5,986.6,959.8,982.4,45.22K
02/02/2017,982.4,"1,009.10",973.5,"1,004.00",50.86K
03/02/2017,"1,004.00","1,023.70",989.2,"1,013.00",61.67K
04/02/2017,"1,013.00","1,041.00","1,000.40","1,031.80",39.46K
05/02/2017,"1,031.80","1,033.70","1,004.00","1,016.10",31.06K
06/02/2017,"1,016.10","1,030.60","1,010.80","1,024.70",32.02K
07/02/2017,"1,024.70","1,054.10","1,019.90","1,049.60",39.55K
08/02/2017,"1,049.60","1,069.20","1,020.30","1,055.50",65.15K
09/02/2017,"1,055.50","1,073.00",924.7,979,146.75K
10/02/2017,979,"1,005.60",947,997.6,62.13K
11/02/2017,997.6,"1,014.30",983.9,"1,008.30",28.32K
12/02/2017,"1,008.30","1,007.80",992.5,996.5,14.75K
13/02/2017,996.5,"1,007.60",975.1,995.4,32.91K
14/02/2017,995.4,"1,013.80",986.5,"1,008.30",39.54K
15/02/2017,"1,008.30","1,010.90",999.7,"1,008.20",23.36K
16/02/2017,"1,008.20","1,040.30","1,007.40","1,031.90",38.08K
17/02/2017,"1,031.90","1,057.40","1,025.90","1,049.40",45.71K
18/02/2017,"1,049.40","1,063.20","1,044.70","1,052.30",25.36K
19/02/2017,"1,052.30","1,056.50","1,037.70","1,048.90",17.95K
20/02/2017,"1,048.90","1,081.80","1,041.00","1,077.60",31.01K
21/02/2017,"1,077.60","1,123.00","1,073.50","1,119.00",57.05K
22/02/2017,"1,119.00","1,132.30","1,094.80","1,120.50",47.91K
23/02/2017,"1,120.50","1,181.60","1,113.50","1,171.90",65.74K
24/02/2017,"1,171.90","1,211.70","1,092.40","1,176.50",108.17K
25/02/2017,"1,176.50","1,180.00","1,116.20","1,149.10",45.86K
26/02/2017,"1,149.10","1,177.50","1,130.60","1,171.60",30.77K
27/02/2017,"1,171.60","1,195.80","1,164.30","1,188.80",35.47K
28/02/2017,"1,188.80","1,208.20","1,175.80","1,189.30",50.58K
01/03/2017,"1,189.30","1,225.00","1,154.60","1,222.70",51.15K
02/03/2017,"1,222.70","1,287.00","1,212.00","1,255.50",78.49K
03/03/2017,"1,255.50","1,291.30","1,250.80","1,283.30",67.28K
04/03/2017,"1,283.30","1,285.80","1,228.70","1,264.30",38.42K
05/03/2017,"1,264.30","1,273.30","1,242.10","1,271.20",25.43K
06/03/2017,"1,271.20","1,280.60","1,261.00","1,277.00",31.03K
07/03/2017,"1,277.00","1,280.90","1,148.70","1,232.70",87.72K
08/03/2017,"1,232.70","1,242.00","1,136.90","1,147.00",97.88K
09/03/2017,"1,147.00","1,207.00","1,129.30","1,191.30",59.86K
10/03/2017,"1,191.30","1,330.40",988.7,"1,112.40",190.47K
11/03/2017,"1,112.40","1,202.70","1,104.80","1,179.20",70.75K
12/03/2017,"1,179.20","1,235.50","1,160.90","1,225.10",44.41K
13/03/2017,"1,225.10","1,245.60","1,205.60","1,238.20",60.46K
14/03/2017,"1,238.20","1,255.50","1,218.40","1,243.10",45.14K
15/03/2017,"1,243.10","1,256.90","1,236.40","1,253.40",43.59K
16/03/2017,"1,253.40","1,260.20","1,119.00","1,172.90",132.77K
17/03/2017,"1,172.90","1,174.90","1,063.50","1,071.70",163.74K
18/03/2017,"1,071.70","1,103.60",940.2,971.4,210.42K
19/03/2017,971.4,"1,063.70",967.3,"1,022.60",106.45K
20/03/2017,"1,022.60","1,057.50","1,005.00","1,047.50",61.43K
21/03/2017,"1,047.50","1,125.50","1,043.90","1,121.30",92.59K
22/03/2017,"1,121.30","1,121.90",997.8,"1,044.70",115.29K
23/03/2017,"1,044.70","1,062.80","1,022.00","1,035.00",56.52K
24/03/2017,"1,035.00","1,038.40",927.3,939.7,132.60K
25/03/2017,939.7,996,890.4,966.3,127.05K
26/03/2017,966.3,"1,004.30",946.7,969.4,85.33K
27/03/2017,969.4,"1,048.80",961.8,"1,045.10",91.26K
28/03/2017,"1,045.10","1,068.40","1,015.50","1,044.40",80.00K
29/03/2017,"1,044.40","1,058.70","1,008.30","1,041.90",68.85K
30/03/2017,"1,041.90","1,052.70","1,020.90","1,037.90",74.99K
31/03/2017,"1,037.90","1,088.20","1,035.20","1,079.10",90.99K
01/04/2017,"1,079.10","1,103.70","1,067.50","1,086.10",50.66K
02/04/2017,"1,086.10","1,109.50","1,074.20","1,097.40",70.98K
03/04/2017,"1,097.40","1,157.90","1,095.60","1,147.60",98.50K
04/04/2017,"1,147.60","1,161.20","1,122.20","1,141.80",71.00K
05/04/2017,"1,141.80","1,143.80","1,110.10","1,129.90",69.47K
06/04/2017,"1,129.90","1,201.60","1,130.50","1,188.70",92.36K
07/04/2017,"1,188.70","1,201.20","1,173.20","1,190.50",59.75K
08/04/2017,"1,190.50","1,198.20","1,166.70","1,180.80",33.18K
09/04/2017,"1,180.80","1,215.10","1,174.00","1,204.30",45.35K
10/04/2017,"1,204.30","1,214.90","1,194.80","1,206.70",40.01K
11/04/2017,"1,206.70","1,229.60","1,195.80","1,220.70",37.40K
12/04/2017,"1,220.70","1,225.50","1,207.40","1,212.50",44.78K
13/04/2017,"1,212.50","1,218.70","1,150.30","1,176.20",66.05K
14/04/2017,"1,176.20","1,195.40","1,162.20","1,177.30",47.22K
15/04/2017,"1,177.30","1,194.80",841.5,"1,177.00",28.39K
16/04/2017,"1,177.00","1,188.00","1,166.70","1,176.80",18.93K
17/04/2017,"1,176.80","1,203.00","1,172.80","1,194.00",46.48K
18/04/2017,"1,194.00","1,213.90","1,191.10","1,206.10",52.75K
19/04/2017,"1,206.10","1,218.20","1,194.10","1,215.20",43.35K
20/04/2017,"1,215.20","1,246.60","1,210.70","1,238.10",55.20K
21/04/2017,"1,238.10","1,257.00","1,235.60","1,249.60",41.34K
22/04/2017,"1,249.60","1,257.00","1,215.80","1,240.90",43.82K
23/04/2017,"1,240.90","1,256.20","1,223.10","1,249.10",42.61K
24/04/2017,"1,249.10","1,256.40","1,234.90","1,248.20",38.54K
25/04/2017,"1,248.20","1,272.60","1,244.20","1,264.30",43.89K
26/04/2017,"1,264.30","1,309.20","1,263.00","1,286.60",58.91K
27/04/2017,"1,286.60","1,346.80","1,285.30","1,332.90",61.77K
28/04/2017,"1,332.90","1,356.20","1,287.60","1,329.60",77.57K
29/04/2017,"1,329.60","1,343.70","1,314.20","1,336.30",40.97K
30/04/2017,"1,336.30","1,358.90","1,309.70","1,351.90",40.64K
01/05/2017,"1,351.90","1,448.70","1,342.80","1,415.80",100.44K
02/05/2017,"1,415.80","1,471.10","1,394.80","1,445.90",70.01K
03/05/2017,"1,445.90","1,496.40","1,424.10","1,485.60",81.72K
04/05/2017,"1,485.60","1,609.80","1,437.10","1,516.80",136.71K
05/05/2017,"1,516.80","1,588.10","1,485.00","1,507.80",120.38K
06/05/2017,"1,507.80","1,560.40","1,503.90","1,545.30",59.60K
07/05/2017,"1,545.30","1,572.90","1,495.20","1,554.40",71.36K
08/05/2017,"1,554.40","1,667.70","1,552.90","1,664.50",107.23K
09/05/2017,"1,664.50","1,757.40","1,620.00","1,697.50",127.23K
10/05/2017,"1,697.50","1,766.20","1,665.00","1,752.30",89.68K
11/05/2017,"1,752.30","1,864.80","1,741.50","1,819.30",109.01K
12/05/2017,"1,819.30","1,822.50","1,641.20","1,686.40",109.34K
13/05/2017,"1,686.40","1,770.50","1,594.60","1,763.70",75.47K
14/05/2017,"1,763.70","1,802.80","1,736.10","1,772.60",40.64K
15/05/2017,"1,772.60","1,776.70","1,656.80","1,708.90",80.24K
16/05/2017,"1,708.90","1,752.60","1,653.70","1,729.30",75.54K
17/05/2017,"1,729.30","1,842.80","1,704.00","1,801.30",94.62K
18/05/2017,"1,801.30","1,980.50","1,791.10","1,881.00",73.10K
19/05/2017,"1,881.00","1,969.70","1,875.30","1,962.00",98.76K
20/05/2017,"1,962.00","2,048.40","1,944.40","2,040.20",89.86K
21/05/2017,"2,040.20","2,094.90","1,980.10","2,044.20",78.78K
22/05/2017,"2,044.20","2,264.80","1,998.60","2,124.40",174.38K
23/05/2017,"2,124.40","2,286.30","2,110.80","2,272.60",114.18K
24/05/2017,"2,272.60","2,497.00","2,263.30","2,445.30",149.26K
25/05/2017,"2,445.30","2,781.80","2,210.50","2,307.20",248.44K
26/05/2017,"2,307.00","2,616.50","2,051.40","2,244.90",191.49K
27/05/2017,"2,244.90","2,322.40","1,868.60","2,052.40",222.95K
28/05/2017,"2,052.40","2,300.50","2,051.10","2,189.00",125.00K
29/05/2017,"2,189.00","2,337.40","2,117.30","2,278.20",92.24K
30/05/2017,"2,278.20","2,329.30","2,147.10","2,192.60",120.96K
31/05/2017,"2,192.60","2,330.60","2,168.40","2,303.30",117.75K
01/06/2017,"2,303.30","2,460.80","2,303.30","2,412.60",122.70K
02/06/2017,"2,412.60","2,494.00","2,385.60","2,492.60",83.03K
03/06/2017,"2,492.60","2,582.80","2,449.90","2,545.40",70.96K
04/06/2017,"2,545.40","2,559.80","2,478.20","2,524.10",59.48K
05/06/2017,"2,524.10","2,705.40","2,523.90","2,705.00",86.69K
06/06/2017,"2,705.00","2,931.20","2,699.70","2,870.50",192.23K
07/06/2017,"2,870.50","2,880.90","2,626.60","2,691.50",122.68K
08/06/2017,"2,691.50","2,808.40","2,623.60","2,798.80",95.42K
09/06/2017,"2,798.80","2,852.10","2,786.10","2,811.40",67.05K
10/06/2017,"2,811.40","2,914.20","2,807.40","2,900.30",86.52K
11/06/2017,"2,900.30","2,977.90","2,867.30","2,973.40",83.03K
12/06/2017,"2,973.40","2,985.10","2,483.60","2,656.80",217.96K
13/06/2017,"2,656.80","2,784.80","2,647.40","2,713.00",116.74K
14/06/2017,"2,713.00","2,803.70","2,349.00","2,467.30",174.19K
15/06/2017,"2,467.30","2,521.60","2,125.60","2,442.50",262.79K
16/06/2017,"2,442.50","2,536.40","2,335.30","2,508.60",117.21K
17/06/2017,"2,508.60","2,690.70","2,454.80","2,655.10",95.95K
18/06/2017,"2,655.10","2,676.00","2,488.60","2,539.60",92.00K
19/06/2017,"2,539.60","2,617.80","2,518.80","2,616.80",81.83K
20/06/2017,"2,616.80","2,800.50","2,614.00","2,754.40",111.30K
21/06/2017,"2,754.40","2,804.40","2,624.40","2,677.60",116.03K
22/06/2017,"2,677.60","2,757.30","2,623.20","2,722.80",78.30K
23/06/2017,"2,722.80","2,759.70","2,699.50","2,710.40",56.94K
24/06/2017,"2,710.40","2,741.60","2,540.40","2,590.10",86.96K
25/06/2017,"2,590.10","2,660.70","2,472.40","2,541.60",86.97K
26/06/2017,"2,541.60","2,584.80","2,327.30","2,446.10",165.83K
27/06/2017,"2,446.10","2,585.10","2,309.60","2,583.80",159.26K
28/06/2017,"2,583.80","2,616.90","2,490.10","2,577.70",110.42K
29/06/2017,"2,577.70","2,605.90","2,526.50","2,558.40",75.32K
30/06/2017,"2,558.40","2,576.30","2,469.50","2,480.60",73.00K
01/07/2017,"2,480.60","2,529.60","2,387.50","2,424.60",66.32K
02/07/2017,"2,424.60","2,555.30","2,375.90","2,536.50",67.76K
03/07/2017,"2,536.50","2,617.50","2,506.30","2,572.50",83.42K
04/07/2017,"2,572.50","2,658.70","2,570.00","2,617.30",80.68K
05/07/2017,"2,617.30","2,642.70","2,562.00","2,627.90",89.72K
06/07/2017,"2,627.90","2,634.80","2,581.80","2,614.20",60.16K
07/07/2017,"2,614.20","2,617.50","2,484.70","2,513.90",90.45K
08/07/2017,"2,513.90","2,568.70","2,480.60","2,564.90",54.51K
09/07/2017,"2,564.90","2,576.70","2,509.60","2,511.40",39.16K
10/07/2017,"2,511.40","2,530.30","2,271.80","2,344.00",123.80K
11/07/2017,"2,344.00","2,412.80","2,265.50","2,324.30",146.63K
12/07/2017,"2,324.30","2,424.80","2,262.10","2,403.10",109.52K
13/07/2017,"2,403.10","2,436.70","2,335.00","2,362.40",88.17K
14/07/2017,"2,362.40","2,370.50","2,165.40","2,234.20",114.41K
15/07/2017,"2,234.20","2,237.10","1,974.00","1,975.10",155.32K
16/07/2017,"1,975.10","2,044.40","1,809.00","1,914.10",189.64K
17/07/2017,"1,914.10","2,233.80","1,913.80","2,233.40",176.89K
18/07/2017,"2,233.40","2,400.70","2,164.60","2,320.20",202.62K
19/07/2017,"2,320.20","2,412.40","2,243.10","2,282.60",154.32K
20/07/2017,"2,282.60","2,932.80","2,282.10","2,866.00",310.34K
21/07/2017,"2,866.00","2,874.00","2,622.50","2,675.10",193.76K
22/07/2017,"2,675.10","2,876.70","2,658.60","2,836.50",121.92K
23/07/2017,"2,836.50","2,856.70","2,675.60","2,756.60",108.23K
24/07/2017,"2,756.60","2,798.90","2,715.70","2,763.40",83.01K
25/07/2017,"2,763.40","2,779.10","2,472.60","2,582.60",205.88K
26/07/2017,"2,582.60","2,631.70","2,441.50","2,559.20",135.50K
27/07/2017,"2,559.20","2,712.90","2,547.70","2,691.90",103.83K
28/07/2017,"2,691.90","2,843.80","2,683.60","2,806.80",138.91K
29/07/2017,"2,806.80","2,812.10","2,699.40","2,733.50",84.49K
30/07/2017,"2,733.50","2,773.10","2,621.70","2,766.50",82.72K
31/07/2017,"2,766.50","2,916.30","2,723.10","2,883.30",91.12K
01/08/2017,"2,883.30","2,946.00","2,659.60","2,747.00",123.17K
02/08/2017,"2,747.00","2,773.80","2,668.90","2,720.50",81.82K
03/08/2017,"2,720.50","2,822.90","2,717.60","2,810.00",68.10K
04/08/2017,"2,810.00","2,892.70","2,779.50","2,878.50",68.76K
05/08/2017,"2,878.50","3,344.00","2,875.90","3,262.80",159.40K
06/08/2017,"3,262.80","3,295.10","3,166.50","3,232.00",60.66K
07/08/2017,"3,232.00","3,425.10","3,198.50","3,401.90",88.11K
08/08/2017,"3,401.90","3,494.90","3,357.10","3,429.40",106.94K
09/08/2017,"3,429.40","3,437.10","3,251.00","3,348.80",97.06K
10/08/2017,"3,348.80","3,453.80","3,322.90","3,425.70",71.00K
11/08/2017,"3,425.70","3,706.50","3,409.80","3,654.40",97.56K
12/08/2017,"3,654.40","3,967.30","3,611.40","3,871.60",123.59K
13/08/2017,"3,871.60","4,189.40","3,847.30","4,062.60",158.59K
14/08/2017,"4,062.60","4,336.70","3,978.90","4,327.90",128.46K
15/08/2017,"4,327.90","4,436.50","3,837.10","4,161.70",211.58K
16/08/2017,"4,161.70","4,398.10","3,938.60","4,387.40",112.90K
17/08/2017,"4,387.40","4,487.50","4,194.10","4,278.90",127.48K
18/08/2017,"4,278.90","4,362.70","3,978.30","4,105.40",144.40K
19/08/2017,"4,105.40","4,189.70","3,957.50","4,150.50",113.72K
20/08/2017,"4,150.50","4,182.30","4,034.40","4,066.60",70.16K
21/08/2017,"4,066.60","4,097.30","3,966.90","4,005.10",90.65K
22/08/2017,"4,005.10","4,142.70","3,612.20","4,089.70",169.14K
23/08/2017,"4,089.70","4,255.60","4,070.50","4,141.10",96.65K
24/08/2017,"4,141.10","4,364.10","4,111.70","4,318.40",72.36K
25/08/2017,"4,318.40","4,461.70","4,292.60","4,364.40",82.90K
26/08/2017,"4,364.40","4,379.30","4,263.30","4,352.30",46.16K
27/08/2017,"4,352.30","4,408.20","4,321.10","4,345.80",42.52K
28/08/2017,"4,345.80","4,403.10","4,195.20","4,390.30",75.49K
29/08/2017,"4,390.30","4,647.80","4,350.20","4,597.30",100.80K
30/08/2017,"4,597.30","4,644.10","4,491.80","4,583.00",68.47K
31/08/2017,"4,583.00","4,765.10","4,580.10","4,735.10",72.29K
01/09/2017,"4,735.10","4,925.20","4,690.20","4,921.90",102.01K
02/09/2017,"4,921.90","4,976.50","4,448.60","4,573.80",160.77K
03/09/2017,"4,573.80","4,719.80","4,397.70","4,612.90",102.82K
04/09/2017,"4,612.90","4,621.00","4,098.60","4,267.50",170.40K
05/09/2017,"4,267.50","4,496.70","4,004.60","4,409.10",158.41K
06/09/2017,"4,409.10","4,660.00","4,401.50","4,618.70",110.93K
07/09/2017,"4,618.70","4,690.50","4,493.20","4,635.60",70.53K
08/09/2017,"4,635.60","4,699.60","4,130.90","4,326.50",180.36K
09/09/2017,"4,326.50","4,402.10","4,185.30","4,335.10",77.09K
10/09/2017,"4,335.10","4,338.10","4,032.10","4,245.90",108.08K
11/09/2017,"4,245.90","4,364.40","4,134.60","4,217.90",88.76K
12/09/2017,"4,217.90","4,387.80","4,075.00","4,158.90",107.04K
13/09/2017,"4,158.90","4,174.60","3,752.00","3,870.30",186.54K
14/09/2017,"3,870.30","3,930.70","3,219.00","3,243.10",317.59K
15/09/2017,"3,243.10","3,824.40","2,979.90","3,713.80",448.55K
16/09/2017,"3,713.80","3,893.70","3,551.80","3,698.90",169.36K
17/09/2017,"3,698.90","3,796.60","3,485.80","3,689.60",96.07K
18/09/2017,"3,689.60","4,122.80","3,689.00","4,100.30",147.93K
19/09/2017,"4,100.30","4,120.70","3,852.20","3,908.00",123.22K
20/09/2017,"3,908.00","4,053.00","3,846.80","3,882.20",86.65K
21/09/2017,"3,882.20","3,912.80","3,576.50","3,617.30",145.13K
22/09/2017,"3,617.30","3,753.50","3,505.80","3,600.80",114.72K
23/09/2017,"3,600.80","3,813.40","3,563.20","3,788.00",67.82K
24/09/2017,"3,788.00","3,790.90","3,633.90","3,667.50",49.66K
25/09/2017,"3,667.50","3,971.50","3,665.70","3,932.80",100.20K
26/09/2017,"3,932.80","3,982.30","3,858.80","3,892.70",63.25K
27/09/2017,"3,892.70","4,232.40","3,882.10","4,212.20",117.60K
28/09/2017,"4,212.20","4,274.60","4,112.90","4,195.60",92.23K
29/09/2017,"4,195.60","4,237.50","4,030.40","4,172.80",97.80K
30/09/2017,"4,172.80","4,383.30","4,164.30","4,360.60",67.49K
01/10/2017,"4,360.60","4,412.60","4,258.30","4,403.10",60.58K
02/10/2017,"4,403.10","4,477.40","4,364.70","4,401.30",71.20K
03/10/2017,"4,401.30","4,436.00","4,230.70","4,314.20",81.87K
04/10/2017,"4,314.20","4,355.30","4,183.60","4,218.70",64.08K
05/10/2017,"4,218.70","4,365.80","4,143.40","4,321.40",63.61K
06/10/2017,"4,321.40","4,422.10","4,296.90","4,371.90",61.69K
07/10/2017,"4,371.90","4,472.90","4,319.50","4,435.80",40.20K
08/10/2017,"4,435.80","4,622.90","4,419.40","4,611.70",71.37K
09/10/2017,"4,611.70","4,875.40","4,556.10","4,777.50",110.19K
10/10/2017,"4,777.50","4,930.00","4,722.80","4,763.40",98.49K
11/10/2017,"4,763.40","4,874.90","4,718.60","4,824.20",70.48K
12/10/2017,"4,824.20","5,432.60","4,815.00","5,432.60",163.92K
13/10/2017,"5,432.60","5,852.80","5,392.00","5,637.30",215.02K
14/10/2017,"5,637.30","5,839.60","5,568.90","5,824.70",76.22K
15/10/2017,"5,824.70","5,862.70","5,448.20","5,688.10",101.64K
16/10/2017,"5,677.40","5,795.30","5,576.10","5,759.30",61.36K
17/10/2017,"5,759.30","5,773.30","5,521.10","5,598.60",65.64K
18/10/2017,"5,598.60","5,601.30","5,114.90","5,575.80",122.02K
19/10/2017,"5,576.70","5,737.40","5,517.60","5,698.60",83.06K
20/10/2017,"5,698.60","6,075.30","5,611.40","5,993.10",123.86K
21/10/2017,"5,993.10","6,187.20","5,874.50","6,006.60",112.94K
22/10/2017,"6,006.60","6,070.60","5,723.00","5,982.90",105.03K
23/10/2017,"5,982.90","6,049.00","5,644.20","5,903.60",137.14K
24/10/2017,"5,903.60","5,904.60","5,463.40","5,513.10",143.74K
25/10/2017,"5,513.10","5,748.00","5,375.60","5,734.00",105.84K
26/10/2017,"5,734.00","5,970.40","5,689.90","5,887.60",93.68K
27/10/2017,"5,887.60","5,997.80","5,692.30","5,764.60",83.93K
28/10/2017,"5,764.60","5,871.00","5,654.80","5,726.60",53.23K
29/10/2017,"5,726.60","6,295.40","5,679.40","6,147.50",163.06K
30/10/2017,"6,147.70","6,226.20","6,019.00","6,124.30",78.62K
31/10/2017,"6,124.30","6,467.20","6,090.80","6,451.20",101.25K
01/11/2017,"6,449.10","6,738.70","6,355.00","6,737.80",133.19K
02/11/2017,"6,737.80","7,339.90","6,737.80","7,024.80",238.80K
03/11/2017,"7,024.80","7,445.60","6,938.90","7,152.10",154.89K
04/11/2017,"7,147.00","7,492.20","6,957.80","7,363.80",106.60K
05/11/2017,"7,363.80","7,599.40","7,284.30","7,389.50",105.73K
06/11/2017,"7,389.50","7,429.70","6,934.70","6,959.20",159.69K
07/11/2017,"6,959.30","7,222.40","6,957.80","7,102.80",101.05K
08/11/2017,"7,102.20","7,869.10","7,027.00","7,444.40",220.22K
09/11/2017,"7,444.40","7,457.10","7,040.80","7,129.60",126.77K
10/11/2017,"7,129.60","7,319.00","6,406.00","6,565.80",222.00K
11/11/2017,"6,565.80","6,821.50","6,197.90","6,339.90",135.72K
12/11/2017,"6,339.90","6,490.50","5,493.60","5,878.10",269.83K
13/11/2017,"5,878.10","6,760.10","5,828.30","6,522.50",178.34K
14/11/2017,"6,522.50","6,728.60","6,419.20","6,597.10",96.50K
15/11/2017,"6,597.10","7,330.10","6,596.90","7,283.20",131.12K
16/11/2017,"7,283.00","7,964.60","7,119.20","7,853.70",133.94K
17/11/2017,"7,853.70","8,000.20","7,534.70","7,700.00",117.35K
18/11/2017,"7,700.00","7,857.50","7,458.90","7,780.90",74.38K
19/11/2017,"7,781.00","8,100.90","7,675.40","8,042.60",68.62K
20/11/2017,"8,042.60","8,294.10","7,947.30","8,244.70",75.70K
21/11/2017,"8,245.90","8,368.40","7,819.10","8,100.00",115.45K
22/11/2017,"8,099.90","8,304.40","8,091.60","8,234.50",65.81K
23/11/2017,"8,234.50","8,266.50","8,012.40","8,013.40",68.01K
24/11/2017,"8,013.40","8,332.90","7,900.20","8,200.80",73.00K
25/11/2017,"8,203.50","8,762.00","8,153.70","8,754.70",84.67K
26/11/2017,"8,754.60","9,474.60","8,746.60","9,318.40",85.89K
27/11/2017,"9,318.40","9,733.60","9,316.80","9,733.20",106.90K
28/11/2017,"9,732.60","9,969.60","9,638.20","9,906.00",87.76K
29/11/2017,"9,906.00","11,417.80","8,938.70","9,837.90",233.33K
30/11/2017,"9,848.00","10,689.10","9,023.80","9,946.80",187.01K
01/12/2017,"9,947.10","10,942.80","9,420.90","10,861.50",131.92K
02/12/2017,"10,861.50","11,175.20","10,715.50","10,912.70",86.83K
03/12/2017,"10,912.70","11,851.10","10,578.40","11,246.20",122.13K
04/12/2017,"11,244.20","11,624.60","10,917.80","11,623.90",93.17K
05/12/2017,"11,624.40","11,901.90","11,486.10","11,667.10",89.69K
06/12/2017,"11,667.10","13,843.20","11,661.80","13,749.60",191.58K
07/12/2017,"13,750.10","16,879.30","13,401.60","16,850.30",297.11K
08/12/2017,"16,868.00","17,294.80","13,906.10","16,047.60",286.76K
09/12/2017,"16,048.20","16,313.20","13,151.50","14,843.40",181.98K
10/12/2017,"14,840.00","15,783.20","13,031.00","15,059.60",201.62K
11/12/2017,"15,060.50","17,399.20","15,024.60","16,732.50",159.73K
12/12/2017,"16,733.30","17,560.70","16,254.50","17,083.90",132.85K
13/12/2017,"17,083.90","17,268.00","15,669.90","16,286.80",155.41K
14/12/2017,"16,286.80","16,941.10","16,023.60","16,467.90",107.92K
15/12/2017,"16,467.90","17,987.00","16,442.20","17,604.80",153.65K
16/12/2017,"17,594.10","19,587.70","17,318.50","19,345.50",112.17K
17/12/2017,"19,346.60","19,870.60","18,750.90","19,065.70",117.41K
18/12/2017,"19,065.70","19,221.10","18,114.40","18,972.30",139.25K
19/12/2017,"18,971.20","19,022.00","16,812.80","17,523.70",174.54K
20/12/2017,"17,521.70","17,813.60","15,642.70","16,462.00",227.68K
21/12/2017,"16,461.10","17,301.80","14,953.00","15,632.10",163.74K
22/12/2017,"15,632.10","15,823.70","10,875.70","13,665.00",466.98K
23/12/2017,"13,665.00","15,493.20","13,356.10","14,396.50",170.17K
24/12/2017,"14,396.60","14,413.70","12,166.50","13,790.00",182.42K
25/12/2017,"13,790.00","14,467.40","13,010.70","13,833.50",107.48K
26/12/2017,"13,830.20","16,094.70","13,748.50","15,756.60",143.14K
27/12/2017,"15,757.00","16,514.60","14,534.70","15,416.60",138.71K
28/12/2017,"15,416.30","15,505.50","13,466.10","14,398.70",170.37K
29/12/2017,"14,398.50","15,109.80","13,951.10","14,392.60",118.88K
30/12/2017,"14,392.10","14,461.50","11,962.10","12,531.50",182.07K
31/12/2017,"12,532.40","14,241.80","12,359.40","13,850.40",111.27K
01/01/2018,"13,850.50","13,921.50","12,877.70","13,444.90",78.43K
02/01/2018,"13,444.90","15,306.10","12,934.20","14,754.10",137.73K
03/01/2018,"14,754.10","15,435.00","14,579.70","15,156.60",106.54K
04/01/2018,"15,156.50","15,408.70","14,244.70","15,180.10",110.97K
05/01/2018,"15,180.10","17,126.90","14,832.40","16,954.80",141.96K
06/01/2018,"16,954.80","17,252.80","16,286.60","17,172.30",83.93K
07/01/2018,"17,174.50","17,184.80","15,791.10","16,228.20",79.01K
08/01/2018,"16,228.30","16,302.90","13,902.30","14,976.20",142.45K
09/01/2018,"14,976.20","15,324.60","14,613.40","14,778.50",71.40K
10/01/2018,"14,778.50","15,045.40","13,613.10","15,043.00",87.07K
11/01/2018,"15,046.70","15,109.10","13,048.30","13,535.40",167.81K
12/01/2018,"13,529.20","14,176.40","13,410.00","13,886.70",82.37K
13/01/2018,"13,896.00","14,640.70","13,888.20","14,292.20",61.14K
14/01/2018,"14,291.90","14,446.10","13,094.70","13,695.20",85.12K
15/01/2018,"13,695.50","14,396.60","13,475.40","13,697.50",73.27K
16/01/2018,"13,704.40","13,711.00","10,050.70","11,362.00",317.10K
17/01/2018,"11,357.70","11,769.60","9,271.30","11,192.30",361.80K
18/01/2018,"11,202.00","12,004.70","10,660.20","11,245.40",242.45K
19/01/2018,"11,229.60","11,973.20","10,901.50","11,580.20",170.74K
20/01/2018,"11,579.20","13,082.20","11,567.30","12,858.90",143.90K
21/01/2018,"12,857.10","12,860.20","11,164.50","11,594.90",206.96K
22/01/2018,"11,597.50","11,970.90","10,136.80","10,864.80",201.73K
23/01/2018,"10,869.00","11,438.00","10,056.60","10,903.20",188.37K
24/01/2018,"10,899.40","11,549.50","10,584.50","11,452.30",136.06K
25/01/2018,"11,439.90","11,740.90","10,983.80","11,203.00",181.81K
26/01/2018,"11,203.10","11,655.30","10,389.40","11,118.10",253.91K
27/01/2018,"11,118.00","11,621.70","10,908.40","11,467.50",163.49K
28/01/2018,"11,471.20","12,112.70","11,433.30","11,795.10",154.63K
29/01/2018,"11,794.90","11,888.10","11,119.00","11,244.80",137.42K
30/01/2018,"11,244.50","11,277.20","9,917.70","10,166.00",264.72K
31/01/2018,"10,166.30","10,397.70","9,742.20","10,265.40",208.47K
01/02/2018,"10,266.20","10,303.00","8,789.20","9,181.10",358.40K
02/02/2018,"9,179.80","9,201.40","7,915.80","8,893.20",519.40K
03/02/2018,"8,894.40","9,506.90","8,249.30","9,241.10",248.71K
04/02/2018,"9,241.50","9,382.10","7,932.10","8,222.20",280.94K
05/02/2018,"8,220.80","8,383.20","6,651.90","6,938.50",593.89K
06/02/2018,"6,939.30","7,896.20","5,996.60","7,701.20",886.88K
07/02/2018,"7,693.80","8,536.50","7,196.60","7,594.70",445.62K
08/02/2018,"7,595.10","8,489.90","7,595.10","8,164.20",296.10K
09/02/2018,"8,163.60","8,735.60","7,784.60","8,699.80",233.94K
10/02/2018,"8,697.30","9,066.60","8,172.20","8,559.60",263.53K
11/02/2018,"8,559.70","8,564.20","7,843.70","8,081.90",236.20K
12/02/2018,"8,083.60","8,984.90","8,083.60","8,903.50",238.67K
13/02/2018,"8,906.20","8,942.70","8,378.00","8,539.20",195.87K
14/02/2018,"8,542.60","9,500.00","8,541.60","9,476.30",246.88K
15/02/2018,"9,475.60","10,206.80","9,348.50","10,037.30",291.28K
16/02/2018,"10,031.30","10,294.30","9,707.70","10,178.70",206.44K
17/02/2018,"10,177.30","11,095.90","10,070.90","11,073.50",224.76K
18/02/2018,"11,073.70","11,271.60","10,137.20","10,398.80",288.91K
19/02/2018,"10,396.60","11,250.50","10,324.80","11,169.40",215.20K
20/02/2018,"11,169.70","11,791.50","11,119.90","11,238.70",267.56K
21/02/2018,"11,240.90","11,289.70","10,252.20","10,473.00",327.14K
22/02/2018,"10,470.10","10,930.20","9,743.90","9,841.70",316.63K
23/02/2018,"9,840.60","10,419.10","9,597.80","10,170.40",271.50K
24/02/2018,"10,163.80","10,506.10","9,394.50","9,704.30",239.16K
25/02/2018,"9,703.10","9,860.30","9,330.10","9,585.20",196.49K
26/02/2018,"9,590.90","10,378.40","9,410.30","10,285.10",235.94K
27/02/2018,"10,287.80","10,867.20","10,120.50","10,594.40",202.58K
28/02/2018,"10,584.40","11,070.70","10,303.40","10,333.90",215.22K
01/03/2018,"10,335.10","11,047.80","10,248.70","10,904.50",188.77K
02/03/2018,"10,904.50","11,167.00","10,677.10","10,827.70",201.69K
03/03/2018,"10,822.50","11,420.70","9,585.50","11,402.30",172.20K
04/03/2018,"11,402.80","11,490.30","10,878.40","11,416.50",156.40K
05/03/2018,"11,415.70","11,506.90","11,281.20","11,330.60",162.11K
06/03/2018,"11,314.20","11,316.40","10,412.00","10,675.10",230.65K
07/03/2018,"10,779.00","10,899.00","9,422.10","9,902.90",284.54K
08/03/2018,"9,910.70","10,109.00","9,037.00","9,300.00",256.26K
09/03/2018,"9,301.90","9,420.50","8,351.00","9,217.00",371.46K
10/03/2018,"9,216.20","9,500.00","8,691.10","8,762.00",198.73K
11/03/2018,"8,732.20","9,719.60","8,516.40","9,529.60",266.59K
12/03/2018,"9,535.80","9,892.20","8,804.10","9,137.40",257.91K
13/03/2018,"9,138.70","9,482.00","8,875.10","9,154.90",239.46K
14/03/2018,"9,154.90","9,353.40","7,958.50","8,210.60",305.45K
15/03/2018,"8,210.20","8,427.00","7,691.70","8,264.40",326.53K
16/03/2018,"8,264.30","8,604.80","7,929.10","8,289.20",236.13K
17/03/2018,"8,198.00","8,344.80","7,760.20","7,874.90",208.05K
18/03/2018,"7,873.20","8,283.60","7,323.30","8,201.20",348.02K
19/03/2018,"8,200.90","8,698.30","8,127.70","8,616.80",316.96K
20/03/2018,"8,614.10","9,039.60","8,326.80","8,912.60",253.44K
21/03/2018,"8,912.40","9,173.40","8,775.10","8,905.90",218.19K
22/03/2018,"8,903.70","9,096.20","8,499.10","8,726.20",223.01K
23/03/2018,"8,725.30","8,917.00","8,305.60","8,916.80",210.11K
24/03/2018,"8,917.30","9,008.80","8,523.60","8,547.40",177.43K
25/03/2018,"8,549.10","8,679.00","8,392.20","8,473.20",149.52K
26/03/2018,"8,474.00","8,515.70","7,865.90","8,143.50",247.18K
27/03/2018,"8,146.50","8,218.30","7,760.60","7,801.70",223.10K
28/03/2018,"7,803.00","8,110.40","7,754.50","7,954.90",167.36K
29/03/2018,"7,955.20","7,980.70","6,954.90","7,129.20",348.75K
30/03/2018,"7,132.40","7,288.10","6,603.80","6,853.70",417.31K
31/03/2018,"6,856.50","7,221.50","6,804.90","6,938.20",245.30K
01/04/2018,"6,939.10","7,047.70","6,460.10","6,825.20",257.53K
02/04/2018,"6,825.40","7,121.30","6,787.60","7,068.40",199.31K
03/04/2018,"7,067.20","7,519.30","7,032.90","7,424.20",230.80K
04/04/2018,"7,423.80","7,432.90","6,726.90","6,808.90",239.51K
05/04/2018,"6,808.70","6,918.20","6,592.50","6,782.00",221.70K
06/04/2018,"6,783.70","6,859.70","6,523.40","6,624.30",174.90K
07/04/2018,"6,624.50","7,071.90","6,616.10","6,905.70",177.10K
08/04/2018,"6,905.90","7,113.40","6,903.90","7,030.50",132.51K
09/04/2018,"7,035.70","7,192.50","6,633.20","6,781.90",241.19K
10/04/2018,"6,782.60","6,899.50","6,671.60","6,854.80",134.23K
11/04/2018,"6,855.60","6,988.60","6,818.40","6,962.10",142.07K
12/04/2018,"6,963.30","8,009.60","6,779.30","7,926.60",398.30K
13/04/2018,"7,926.90","8,228.00","7,756.60","7,887.40",296.95K
14/04/2018,"7,891.10","8,180.20","7,839.30","8,004.40",164.71K
15/04/2018,"8,004.60","8,411.50","8,004.60","8,363.60",160.26K
16/04/2018,"8,362.20","8,412.90","7,908.50","8,070.00",197.70K
17/04/2018,"8,070.00","8,171.70","7,852.80","7,908.60",162.59K
18/04/2018,"7,908.50","8,227.60","7,895.30","8,178.40",163.26K
19/04/2018,"8,179.00","8,303.70","8,126.70","8,290.80",155.08K
20/04/2018,"8,292.30","8,926.20","8,224.50","8,867.00",225.96K
21/04/2018,"8,867.00","9,027.70","8,614.50","8,923.10",206.01K
22/04/2018,"8,923.60","9,022.30","8,766.50","8,806.70",161.89K
23/04/2018,"8,809.30","9,001.00","8,785.30","8,952.80",147.54K
24/04/2018,"8,952.70","9,734.80","8,937.00","9,645.30",260.79K
25/04/2018,"9,645.00","9,753.10","8,768.10","8,873.10",395.67K
26/04/2018,"8,874.50","9,303.60","8,669.80","9,287.00",248.39K
27/04/2018,"9,282.80","9,386.30","8,920.20","8,940.90",184.91K
28/04/2018,"8,940.80","9,428.90","8,895.50","9,352.40",199.78K
29/04/2018,"9,352.20","9,565.10","9,182.80","9,415.10",184.72K
30/04/2018,"9,415.80","9,456.70","9,135.40","9,245.10",156.83K
01/05/2018,"9,245.10","9,245.10","8,851.00","9,074.90",173.35K
02/05/2018,"9,076.80","9,265.70","8,991.90","9,243.20",137.48K
03/05/2018,"9,244.20","9,809.40","9,171.40","9,749.70",201.18K
04/05/2018,"9,747.60","9,800.90","9,549.00","9,708.60",161.55K
05/05/2018,"9,709.50","9,992.80","9,691.30","9,853.50",158.45K
06/05/2018,"9,859.60","9,957.70","9,446.70","9,656.40",150.95K
07/05/2018,"9,651.10","9,675.60","9,204.20","9,431.60",165.08K
08/05/2018,"9,373.90","9,404.40","9,079.80","9,196.40",157.45K
09/05/2018,"9,194.90","9,377.90","8,988.00","9,319.10",147.89K
10/05/2018,"9,319.20","9,393.30","9,013.40","9,025.70",152.71K
11/05/2018,"9,026.00","9,028.70","8,359.60","8,408.30",270.62K
12/05/2018,"8,409.60","8,646.10","8,184.10","8,459.50",210.87K
13/05/2018,"8,489.10","8,758.40","8,330.00","8,693.50",149.80K
14/05/2018,"8,693.40","8,878.30","8,305.10","8,674.10",212.05K
15/05/2018,"8,674.00","8,842.10","8,436.50","8,477.00",179.62K
16/05/2018,"8,477.00","8,496.40","8,120.10","8,344.40",188.03K
17/05/2018,"8,344.60","8,458.70","8,022.30","8,063.00",154.36K
18/05/2018,"8,064.40","8,273.60","7,939.80","8,245.70",150.32K
19/05/2018,"8,244.70","8,389.10","8,153.20","8,245.10",107.89K
20/05/2018,"8,243.90","8,580.40","8,184.70","8,529.00",113.76K
21/05/2018,"8,529.50","8,550.60","8,375.50","8,403.30",115.52K
22/05/2018,"8,403.80","8,414.50","7,979.30","8,006.00",137.51K
23/05/2018,"8,005.70","8,047.40","7,467.60","7,512.30",237.60K
24/05/2018,"7,512.30","7,736.60","7,293.40","7,592.90",211.11K
25/05/2018,"7,593.90","7,653.40","7,355.60","7,477.70",161.82K
26/05/2018,"7,478.50","7,619.30","7,331.50","7,361.30",103.07K
27/05/2018,"7,361.90","7,411.80","7,267.50","7,366.70",103.29K
28/05/2018,"7,367.30","7,446.90","7,090.60","7,119.30",152.29K
29/05/2018,"7,119.30","7,533.00","7,069.80","7,467.70",186.97K
30/05/2018,"7,469.20","7,565.20","7,306.80","7,400.10",140.37K
31/05/2018,"7,400.80","7,611.90","7,355.00","7,502.60",144.52K
01/06/2018,"7,502.50","7,610.40","7,375.80","7,530.80",135.92K
02/06/2018,"7,530.80","7,694.50","7,467.90","7,646.60",121.18K
03/06/2018,"7,646.60","7,775.00","7,611.30","7,729.30",116.68K
04/06/2018,"7,729.30","7,759.90","7,468.40","7,504.30",141.01K
05/06/2018,"7,507.40","7,672.60","7,391.00","7,631.50",145.23K
06/06/2018,"7,631.50","7,699.10","7,504.40","7,661.00",130.66K
07/06/2018,"7,661.00","7,754.70","7,657.70","7,697.80",124.00K
08/06/2018,"7,697.90","7,710.50","7,556.90","7,622.10",112.88K
09/06/2018,"7,622.10","7,689.00","7,493.30","7,515.80",97.56K
10/06/2018,"7,515.80","7,516.30","6,668.10","6,775.10",275.69K
11/06/2018,"6,775.20","6,910.80","6,657.20","6,885.90",174.88K
12/06/2018,"6,885.90","6,887.20","6,476.00","6,558.20",178.26K
13/06/2018,"6,558.50","6,624.60","6,129.10","6,312.30",237.48K
14/06/2018,"6,312.30","6,711.50","6,283.60","6,647.10",201.54K
15/06/2018,"6,647.30","6,655.80","6,395.70","6,410.30",143.53K
16/06/2018,"6,410.00","6,564.20","6,358.00","6,505.80",108.79K
17/06/2018,"6,505.80","6,593.00","6,452.10","6,460.30",90.67K
18/06/2018,"6,460.50","6,794.50","6,410.90","6,719.80",135.70K
19/06/2018,"6,719.80","6,839.50","6,681.50","6,752.40",120.54K
20/06/2018,"6,752.30","6,812.70","6,575.10","6,765.40",121.48K
21/06/2018,"6,765.80","6,797.50","6,695.10","6,728.00",99.29K
22/06/2018,"6,728.20","6,739.70","5,955.00","6,055.70",278.22K
23/06/2018,"6,055.20","6,259.00","6,032.80","6,167.30",142.90K
24/06/2018,"6,167.90","6,248.30","5,785.30","6,154.60",240.60K
25/06/2018,"6,155.10","6,331.20","6,101.70","6,256.60",210.69K
26/06/2018,"6,256.90","6,267.70","6,060.00","6,082.10",176.66K
27/06/2018,"6,081.10","6,187.30","6,025.40","6,154.90",133.42K
28/06/2018,"6,154.90","6,178.40","5,854.00","5,883.50",156.05K
29/06/2018,"5,883.20","6,284.90","5,818.50","6,213.30",206.96K
30/06/2018,"6,213.40","6,498.50","6,204.00","6,398.90",189.33K
01/07/2018,"6,398.50","6,445.10","6,284.70","6,366.80",128.51K
02/07/2018,"6,349.10","6,680.00","6,275.00","6,619.50",179.92K
03/07/2018,"6,618.60","6,676.60","6,513.50","6,513.50",150.19K
04/07/2018,"6,513.80","6,774.50","6,442.30","6,598.40",143.04K
05/07/2018,"6,598.00","6,693.60","6,466.10","6,546.50",166.18K
06/07/2018,"6,546.50","6,638.20","6,458.30","6,617.70",132.69K
07/07/2018,"6,617.70","6,805.90","6,531.10","6,765.50",114.57K
08/07/2018,"6,765.40","6,784.00","6,694.30","6,714.80",267.60K
09/07/2018,"6,715.10","6,793.80","6,637.70","6,667.10",289.48K
10/07/2018,"6,668.40","6,686.80","6,291.50","6,307.20",315.27K
11/07/2018,"6,307.20","6,409.70","6,296.60","6,389.10",243.82K
12/07/2018,"6,389.10","6,389.40","6,088.80","6,250.60",289.24K
13/07/2018,"6,250.80","6,333.80","6,144.50","6,230.20",233.22K
14/07/2018,"6,229.50","6,313.50","6,192.50","6,254.80",243.71K
15/07/2018,"6,254.80","6,399.60","6,238.50","6,362.90",180.67K
16/07/2018,"6,362.80","6,749.20","6,344.10","6,729.90",312.12K
17/07/2018,"6,729.80","7,453.20","6,666.00","7,322.00",337.75K
18/07/2018,"7,321.60","7,581.20","7,249.30","7,383.60",333.32K
19/07/2018,"7,383.90","7,558.40","7,288.80","7,477.50",247.25K
20/07/2018,"7,477.60","7,683.60","7,292.00","7,339.40",258.85K
21/07/2018,"7,339.30","7,460.80","7,223.50","7,408.70",160.77K
22/07/2018,"7,409.00","7,575.30","7,343.70","7,412.30",204.16K
23/07/2018,"7,412.40","7,809.60","7,379.20","7,723.00",272.15K
24/07/2018,"7,723.10","8,479.80","7,701.90","8,407.00",345.32K
25/07/2018,"8,404.90","8,484.60","8,062.10","8,173.70",269.23K
26/07/2018,"8,173.90","8,304.30","7,861.00","7,937.00",235.45K
27/07/2018,"7,936.90","8,273.80","7,808.30","8,187.40",243.22K
28/07/2018,"8,186.80","8,234.10","8,077.40","8,234.10",147.14K
29/07/2018,"8,231.50","8,275.40","8,113.30","8,215.60",155.24K
30/07/2018,"8,214.70","8,262.00","7,874.40","8,177.10",242.21K
31/07/2018,"8,176.40","8,176.50","7,649.80","7,729.40",266.94K
01/08/2018,"7,728.50","7,753.20","7,449.20","7,606.40",237.69K
02/08/2018,"7,606.40","7,701.40","7,470.60","7,535.60",216.34K
03/08/2018,"7,535.60","7,535.60","7,293.50","7,419.00",226.46K
04/08/2018,"7,418.90","7,484.20","6,949.70","7,014.30",222.57K
05/08/2018,"7,014.00","7,087.60","6,887.90","7,027.10",177.64K
06/08/2018,"7,027.80","7,143.60","6,852.50","6,943.60",168.87K
07/08/2018,"6,943.60","7,149.70","6,689.90","6,724.90",232.48K
08/08/2018,"6,725.20","6,725.20","6,138.80","6,283.60",311.54K
09/08/2018,"6,283.70","6,620.20","6,197.00","6,538.80",237.66K
10/08/2018,"6,539.50","6,570.20","6,043.40","6,152.30",298.82K
11/08/2018,"6,152.80","6,469.60","6,009.80","6,231.60",247.34K
12/08/2018,"6,232.10","6,453.00","6,169.80","6,313.00",216.33K
13/08/2018,"6,313.00","6,524.10","6,159.60","6,255.30",234.09K
14/08/2018,"6,255.30","6,255.30","5,898.30","6,190.20",3.66M
15/08/2018,"6,190.20","6,592.80","6,177.90","6,256.90",3.74M
16/08/2018,"6,256.90","6,470.90","6,249.80","6,306.70",3.50M
17/08/2018,"6,306.70","6,581.70","6,291.80","6,581.70",3.20M
18/08/2018,"6,581.80","6,626.40","6,295.50","6,379.10",3.15M
19/08/2018,"6,379.10","6,534.80","6,316.00","6,481.50",2.71M
20/08/2018,"6,474.20","6,516.40","6,255.90","6,268.10",3.10M
21/08/2018,"6,268.10","6,484.10","6,257.40","6,482.20",1.46M
22/08/2018,"6,482.20","6,840.80","6,304.80","6,359.60",3.63M
23/08/2018,"6,359.90","6,550.20","6,359.20","6,521.20",2.76M
24/08/2018,"6,521.20","6,721.20","6,472.80","6,680.40",3.70M
25/08/2018,"6,680.60","6,783.40","6,655.30","6,734.80",3.59M
26/08/2018,"6,734.90","6,892.70","6,573.10","6,712.70",3.37M
27/08/2018,"6,712.70","6,902.90","6,650.40","6,897.60",3.26M
28/08/2018,"6,897.60","7,129.70","6,861.20","7,074.60",3.79M
29/08/2018,"7,074.60","7,121.40","6,926.70","7,029.10",4.11M
30/08/2018,"7,029.20","7,050.20","6,798.00","6,993.70",3.74M
31/08/2018,"6,993.70","7,080.20","6,698.00","7,033.80",4.21M
01/09/2018,"7,032.40","7,264.30","7,020.40","7,189.60",3.52M
02/09/2018,"7,189.60","7,334.80","7,117.30","7,293.90",3.90M
03/09/2018,"7,289.80","7,330.70","7,182.80","7,264.20",3.87M
04/09/2018,"7,264.20","7,409.90","7,234.50","7,377.50",3.92M
05/09/2018,"7,377.50","7,407.50","6,691.80","6,706.80",4.55M
06/09/2018,"6,706.80","6,732.90","6,337.80","6,514.00",4.02M
07/09/2018,"6,514.10","6,540.60","6,316.20","6,390.90",3.30M
08/09/2018,"6,390.90","6,484.30","6,132.30","6,184.30",3.46M
09/09/2018,"6,184.30","6,432.60","6,148.80","6,238.50",2.84M
10/09/2018,"6,238.50","6,358.50","6,237.30","6,321.00",3.11M
11/09/2018,"6,320.70","6,391.80","6,189.60","6,293.90",3.30M
12/09/2018,"6,293.90","6,353.50","6,204.50","6,338.00",3.04M
13/09/2018,"6,338.00","6,867.30","6,337.80","6,482.90",3.53M
14/09/2018,"6,482.90","6,579.40","6,412.10","6,483.70",3.20M
15/09/2018,"6,482.60","6,562.90","6,470.30","6,519.00",3.16M
16/09/2018,"6,519.00","6,520.80","6,406.20","6,500.20",3.34M
17/09/2018,"6,500.20","6,533.50","6,215.90","6,251.90",3.26M
18/09/2018,"6,251.90","6,388.80","6,228.80","6,342.00",2.82M
19/09/2018,"6,342.00","6,478.70","6,144.50","6,390.40",3.54M
20/09/2018,"6,390.40","6,537.50","6,346.40","6,489.20",5.18M
21/09/2018,"6,490.90","6,780.50","6,489.80","6,766.70",7.73M
22/09/2018,"6,766.70","6,833.30","6,635.50","6,729.60",7.31M
23/09/2018,"6,729.60","6,789.40","6,666.40","6,704.10",7.34M
24/09/2018,"6,713.30","6,728.10","6,559.10","6,584.10",7.57M
25/09/2018,"6,590.60","6,590.60","5,977.00","6,445.10",7.34M
26/09/2018,"6,443.00","6,551.90","6,384.10","6,468.10",8.64M
27/09/2018,"6,463.70","6,738.30","6,428.80","6,689.20",9.34M
28/09/2018,"6,685.70","6,809.20","6,538.60","6,636.00",9.57M
29/09/2018,"6,633.90","6,648.40","6,464.40","6,603.90",9.42M
30/09/2018,"6,603.90","6,673.90","6,533.50","6,635.20",9.34M
01/10/2018,"6,635.20","6,674.70","6,072.70","6,608.20",9.19M
02/10/2018,"6,608.20","6,645.70","6,034.90","6,549.90",9.34M
03/10/2018,"6,549.90","6,563.50","6,429.60","6,507.80",9.21M
04/10/2018,"6,509.20","6,653.00","6,487.80","6,584.20",9.31M
05/10/2018,"6,584.20","6,682.30","6,537.60","6,639.10",9.34M
06/10/2018,"6,639.10","6,661.50","6,550.40","6,596.30",9.18M
07/10/2018,"6,596.30","6,633.90","6,523.80","6,611.00",77.06K
08/10/2018,"6,611.00","6,699.50","6,589.90","6,669.60",119.68K
09/10/2018,"6,669.60","6,678.90","6,613.30","6,650.80",80.79K
10/10/2018,"6,650.60","6,653.50","6,526.00","6,618.00",101.93K
11/10/2018,"6,618.00","6,622.50","6,206.20","6,239.10",245.28K
12/10/2018,"6,239.20","6,344.80","6,206.80","6,291.30",147.40K
13/10/2018,"6,291.30","6,329.30","6,282.80","6,321.70",94.45K
14/10/2018,"6,321.60","6,390.90","6,300.00","6,326.80",99.38K
15/10/2018,"6,326.80","7,358.40","6,300.20","6,699.80",443.33K
16/10/2018,"6,712.40","6,836.70","6,645.40","6,705.30",155.85K
17/10/2018,"6,718.90","6,745.90","6,637.80","6,686.60",136.71K
18/10/2018,"6,690.10","6,736.30","6,530.60","6,574.10",134.15K
19/10/2018,"6,576.40","6,603.20","6,506.90","6,512.00",121.44K
20/10/2018,"6,511.70","6,593.70","6,495.90","6,572.20",97.77K
21/10/2018,"6,575.90","6,643.10","6,568.00","6,583.00",92.94K
22/10/2018,"6,583.00","6,612.70","6,529.50","6,555.80",101.57K
23/10/2018,"6,558.60","6,573.60","6,500.50","6,528.70",108.86K
24/10/2018,"6,531.20","6,593.80","6,522.60","6,530.70",98.74K
25/10/2018,"6,532.50","6,544.80","6,491.50","6,507.00",97.43K
26/10/2018,"6,507.00","6,570.50","6,498.50","6,510.00",97.17K
27/10/2018,"6,510.00","6,534.00","6,473.70","6,494.20",76.72K
28/10/2018,"6,494.60","6,502.20","6,461.20","6,486.10",93.97K
29/10/2018,"6,486.10","6,498.40","6,310.50","6,335.00",160.52K
30/10/2018,"6,336.70","6,469.90","6,316.50","6,325.70",128.21K
31/10/2018,"6,327.90","6,405.70","6,257.80","6,365.90",129.06K
01/11/2018,"6,365.90","6,421.80","6,354.20","6,400.50",124.16K
02/11/2018,"6,400.50","6,444.30","6,390.90","6,424.70",135.87K
03/11/2018,"6,424.50","6,429.50","6,346.20","6,386.20",112.84K
04/11/2018,"6,386.20","6,508.90","6,359.70","6,478.20",128.76K
05/11/2018,"6,478.20","6,489.20","6,431.70","6,459.70",128.51K
06/11/2018,"6,460.40","6,509.60","6,441.60","6,502.80",154.87K
07/11/2018,"6,503.10","6,594.30","6,502.00","6,565.30",170.76K
08/11/2018,"6,565.30","6,577.30","6,466.30","6,474.00",159.30K
09/11/2018,"6,473.80","6,496.10","6,390.00","6,412.00",151.60K
10/11/2018,"6,411.90","6,461.70","6,411.70","6,427.10",115.87K
11/11/2018,"6,427.10","6,451.70","6,359.00","6,446.10",127.40K
12/11/2018,"6,445.00","6,475.90","6,409.40","6,435.00",130.16K
13/11/2018,"6,435.00","6,466.80","6,386.70","6,429.20",137.60K
14/11/2018,"6,428.90","6,453.30","5,619.20","5,842.40",438.21K
15/11/2018,"5,854.00","5,878.50","5,384.10","5,718.90",375.86K
16/11/2018,"5,723.50","5,747.70","5,539.70","5,636.20",224.12K
17/11/2018,"5,636.20","5,645.50","5,561.40","5,621.80",156.51K
18/11/2018,"5,621.00","5,727.90","5,615.50","5,658.30",158.68K
19/11/2018,"5,660.40","5,662.50","4,831.10","4,883.80",478.26K
20/11/2018,"4,883.60","5,013.40","4,272.30","4,524.60",714.08K
21/11/2018,"4,523.00","4,743.70","4,393.00","4,638.70",412.74K
22/11/2018,"4,646.40","4,695.70","4,346.70","4,356.00",261.85K
23/11/2018,"4,360.90","4,455.60","4,223.70","4,398.00",348.99K
24/11/2018,"4,397.30","4,494.60","3,821.50","3,920.40",382.72K
25/11/2018,"3,920.30","4,198.40","3,634.20","4,062.20",619.95K
26/11/2018,"4,061.00","4,179.00","3,679.80","3,837.00",571.04K
27/11/2018,"3,840.30","3,920.60","3,687.80","3,866.50",457.27K
28/11/2018,"3,866.40","4,391.80","3,866.40","4,265.40",533.04K
29/11/2018,"4,265.50","4,440.10","4,140.60","4,296.50",414.46K
30/11/2018,"4,296.80","4,340.60","3,954.50","4,039.70",444.52K
01/12/2018,"4,038.70","4,299.10","3,967.10","4,196.20",316.30K
02/12/2018,"4,196.20","4,316.10","4,105.30","4,160.40",298.63K
03/12/2018,"4,160.30","4,177.00","3,839.90","3,897.80",355.10K
04/12/2018,"3,899.90","4,082.90","3,809.30","3,958.50",326.71K
05/12/2018,"3,958.10","3,974.10","3,765.20","3,771.60",341.60K
06/12/2018,"3,771.40","3,887.20","3,505.70","3,508.60",467.54K
07/12/2018,"3,508.90","3,626.60","3,251.80","3,422.20",639.33K
08/12/2018,"3,422.30","3,507.70","3,302.90","3,430.40",424.40K
09/12/2018,"3,430.30","3,677.60","3,424.20","3,567.50",327.93K
10/12/2018,"3,566.90","3,622.40","3,412.70","3,460.50",394.49K
11/12/2018,"3,460.40","3,485.90","3,349.90","3,407.70",418.53K
12/12/2018,"3,390.20","3,510.20","3,379.40","3,466.10",391.17K
13/12/2018,"3,466.20","3,474.40","3,284.80","3,315.30",435.89K
14/12/2018,"3,315.40","3,336.60","3,199.10","3,247.80",445.56K
15/12/2018,"3,247.80","3,282.30","3,177.00","3,228.70",332.95K
16/12/2018,"3,228.60","3,305.00","3,225.90","3,247.90",335.69K
17/12/2018,"3,248.30","3,597.40","3,243.10","3,526.10",534.78K
18/12/2018,"3,526.00","3,683.10","3,456.90","3,668.00",698.53K
19/12/2018,"3,668.10","3,924.70","3,647.50","3,687.10",792.40K
20/12/2018,"3,687.20","4,140.30","3,665.80","4,076.00",958.58K
21/12/2018,"4,075.20","4,153.10","3,786.90","3,850.90",748.76K
22/12/2018,"3,850.90","3,977.20","3,803.70","3,964.40",554.59K
23/12/2018,"3,964.30","4,037.10","3,904.60","3,944.40",572.21K
24/12/2018,"3,944.50","4,208.20","3,941.90","4,026.10",716.29K
25/12/2018,"4,025.60","4,030.70","3,676.50","3,762.50",670.94K
26/12/2018,"3,762.80","3,841.90","3,680.30","3,793.70",567.11K
27/12/2018,"3,793.40","3,822.60","3,560.80","3,586.90",543.44K
28/12/2018,"3,587.10","3,900.30","3,565.50","3,861.60",565.24K
29/12/2018,"3,861.60","3,899.60","3,696.00","3,706.80",505.41K
30/12/2018,"3,708.20","3,837.70","3,682.50","3,815.00",519.17K
31/12/2018,"3,815.10","3,819.60","3,658.80","3,709.40",545.83K
01/01/2019,"3,709.50","3,814.30","3,664.40","3,809.40",469.11K
02/01/2019,"3,809.70","3,894.80","3,768.10","3,873.80",554.47K
03/01/2019,"3,874.10","3,875.80","3,753.00","3,780.10",450.32K
04/01/2019,"3,780.50","3,823.90","3,720.00","3,802.70",488.70K
05/01/2019,"3,802.80","3,846.70","3,769.00","3,785.40",468.45K
06/01/2019,"3,785.70","4,034.10","3,758.50","4,004.10",529.89K
07/01/2019,"4,004.30","4,028.00","3,945.50","3,985.90",500.88K
08/01/2019,"3,985.80","4,070.50","3,943.10","3,971.00",514.08K
09/01/2019,"3,971.00","4,014.20","3,957.50","3,978.00",473.42K
10/01/2019,"3,978.90","4,007.70","3,562.10","3,603.70",697.31K
11/01/2019,"3,603.30","3,655.70","3,563.10","3,616.50",551.64K
12/01/2019,"3,616.60","3,633.90","3,561.30","3,597.20",435.06K
13/01/2019,"3,597.30","3,617.60","3,473.20","3,490.20",452.79K
14/01/2019,"3,490.40","3,672.00","3,490.40","3,638.10",539.93K
15/01/2019,"3,637.50","3,660.80","3,545.70","3,571.30",544.85K
16/01/2019,"3,570.60","3,644.10","3,561.40","3,588.00",487.34K
17/01/2019,"3,588.10","3,636.70","3,554.80","3,626.40",525.10K
18/01/2019,"3,626.30","3,627.90","3,575.70","3,605.60",488.16K
19/01/2019,"3,605.80","3,715.20","3,604.10","3,677.80",537.06K
20/01/2019,"3,676.20","3,699.10","3,503.90","3,542.30",563.31K
21/01/2019,"3,542.70","3,561.40","3,505.40","3,536.70",394.17K
22/01/2019,"3,536.90","3,607.90","3,465.20","3,580.10",447.70K
23/01/2019,"3,580.10","3,608.30","3,532.80","3,561.50",445.87K
24/01/2019,"3,561.40","3,587.00","3,539.70","3,574.30",428.60K
25/01/2019,"3,574.30","3,582.60","3,542.20","3,572.00",448.89K
26/01/2019,"3,572.00","3,652.50","3,556.10","3,570.90",432.55K
27/01/2019,"3,570.90","3,583.20","3,509.20","3,555.60",464.02K
28/01/2019,"3,555.80","3,561.20","3,395.70","3,442.80",620.85K
29/01/2019,"3,442.80","3,450.10","3,368.20","3,414.80",585.46K
30/01/2019,"3,414.60","3,479.00","3,394.20","3,460.00",600.25K
31/01/2019,"3,460.00","3,484.70","3,427.00","3,437.20",477.07K
01/02/2019,"3,437.70","3,485.70","3,415.30","3,467.90",481.58K
02/02/2019,"3,467.90","3,514.50","3,447.80","3,502.50",443.60K
03/02/2019,"3,502.30","3,507.80","3,431.30","3,459.10",451.66K
04/02/2019,"3,459.00","3,479.70","3,437.10","3,462.80",503.92K
05/02/2019,"3,463.00","3,485.90","3,450.30","3,468.40",460.95K
06/02/2019,"3,468.50","3,478.00","3,383.90","3,404.30",514.21K
07/02/2019,"3,404.90","3,421.80","3,390.30","3,397.70",471.36K
08/02/2019,"3,397.30","3,721.10","3,382.50","3,661.70",699.23K
09/02/2019,"3,661.60","3,675.30","3,633.20","3,661.40",454.80K
10/02/2019,"3,661.00","3,680.60","3,617.10","3,679.00",501.90K
11/02/2019,"3,678.80","3,681.10","3,623.80","3,631.80",517.28K
12/02/2019,"3,631.80","3,656.40","3,594.40","3,632.00",545.82K
13/02/2019,"3,632.00","3,663.50","3,599.20","3,611.50",558.02K
14/02/2019,"3,611.50","3,624.50","3,580.20","3,592.60",498.14K
15/02/2019,"3,592.60","3,648.30","3,581.40","3,604.70",516.21K
16/02/2019,"3,604.70","3,641.90","3,599.70","3,616.80",485.63K
17/02/2019,"3,616.80","3,689.90","3,607.90","3,664.20",580.51K
18/02/2019,"3,664.20","3,903.70","3,655.10","3,896.00",933.15K
19/02/2019,"3,896.40","3,993.80","3,863.70","3,914.30",1.44M
20/02/2019,"3,914.30","3,983.60","3,881.20","3,972.40",698.01K
21/02/2019,"3,972.00","4,011.50","3,909.20","3,936.60",668.16K
22/02/2019,"3,937.40","3,983.10","3,931.70","3,965.20",649.55K
23/02/2019,"3,965.20","4,152.60","3,939.40","4,120.40",727.85K
24/02/2019,"4,120.50","4,194.20","3,738.70","3,755.20",977.78K
25/02/2019,"3,755.70","3,870.70","3,753.80","3,833.70",765.87K
26/02/2019,"3,833.50","3,845.50","3,775.00","3,810.30",2.09M
27/02/2019,"3,810.30","3,836.40","3,701.90","3,814.60",2.82M
28/02/2019,"3,814.60","3,883.70","3,783.30","3,816.60",2.31M
01/03/2019,"3,816.70","3,855.80","3,816.40","3,821.90",1.74M
02/03/2019,"3,821.90","3,843.20","3,783.60","3,823.10",1.61M
03/03/2019,"3,823.20","3,836.60","3,789.70","3,809.50",1.51M
04/03/2019,"3,809.70","3,828.40","3,681.80","3,715.90",2.85M
05/03/2019,"3,715.90","3,873.20","3,705.70","3,857.20",3.82M
06/03/2019,"3,857.20","3,887.30","3,816.70","3,863.00",2.52M
07/03/2019,"3,863.10","3,907.40","3,847.90","3,875.10",2.60M
08/03/2019,"3,875.10","3,929.00","3,810.70","3,865.90",2.96M
09/03/2019,"3,865.60","3,964.00","3,859.70","3,944.30",2.48M
10/03/2019,"3,944.40","3,944.50","3,889.20","3,915.20",1.89M
11/03/2019,"3,915.20","3,935.50","3,842.40","3,870.30",3.19M
12/03/2019,"3,870.30","3,900.10","3,817.10","3,886.00",2.90M
13/03/2019,"3,885.90","3,894.70","3,847.40","3,865.10",2.28M
14/03/2019,"3,865.10","3,914.70","3,828.40","3,879.00",2.86M
15/03/2019,"3,879.00","3,935.70","3,874.80","3,924.30",3.11M
16/03/2019,"3,924.40","4,050.60","3,923.70","4,006.40",3.46M
17/03/2019,"4,006.40","4,009.80","3,956.30","3,981.50",1.87M
18/03/2019,"3,981.50","4,032.30","3,958.50","3,990.20",2.62M
19/03/2019,"3,990.20","4,029.90","3,972.40","4,017.00",2.99M
20/03/2019,"4,017.00","4,050.00","3,985.30","4,041.20",3.18M
21/03/2019,"4,041.20","4,064.00","3,923.80","3,982.20",3.88M
22/03/2019,"3,982.20","4,005.70","3,971.80","3,990.40",2.83M
23/03/2019,"3,990.40","4,018.20","3,980.80","4,002.50",2.00M
24/03/2019,"4,002.60","4,005.70","3,967.00","3,994.70",2.04M
25/03/2019,"3,994.80","4,000.50","3,897.90","3,937.00",2.86M
26/03/2019,"3,937.10","3,950.70","3,899.90","3,942.80",2.53M
27/03/2019,"3,942.80","4,043.30","3,936.20","4,041.70",2.78M
28/03/2019,"4,041.70","4,041.70","4,008.40","4,025.60",2.11M
29/03/2019,"4,025.70","4,123.10","4,022.60","4,102.20",3.30M
30/03/2019,"4,103.70","4,138.10","4,057.10","4,111.80",2.55M
31/03/2019,"4,111.80","4,121.90","4,082.20","4,102.30",2.43M
01/04/2019,"4,102.30","4,159.10","4,076.80","4,145.10",3.22M
02/04/2019,"4,145.10","4,899.60","4,143.50","4,859.30",14.77M
03/04/2019,"4,859.30","5,278.40","4,814.00","4,968.70",13.83M
04/04/2019,"4,968.70","5,042.50","4,789.20","4,902.40",1.05M
05/04/2019,"4,902.50","5,029.40","4,888.30","5,010.20",851.72K
06/04/2019,"5,010.00","5,198.40","4,947.90","5,046.20",952.18K
07/04/2019,"5,046.10","5,219.50","5,033.70","5,173.60",841.27K
08/04/2019,"5,173.50","5,300.60","5,060.50","5,245.20",928.23K
09/04/2019,"5,245.00","5,245.90","5,095.20","5,158.40",784.62K
10/04/2019,"5,158.40","5,404.10","5,142.90","5,307.80",837.51K
11/04/2019,"5,307.70","5,337.00","4,948.00","5,022.60",943.49K
12/04/2019,"5,022.70","5,080.50","4,889.20","5,054.20",779.14K
13/04/2019,"5,054.20","5,093.40","5,011.60","5,051.80",577.16K
14/04/2019,"5,052.00","5,153.50","5,010.70","5,134.80",566.38K
15/04/2019,"5,135.10","5,168.00","4,964.20","5,032.30",688.20K
16/04/2019,"5,031.40","5,198.40","5,014.40","5,180.90",631.05K
17/04/2019,"5,182.10","5,230.90","5,165.50","5,208.30",806.52K
18/04/2019,"5,208.30","5,293.10","5,205.00","5,264.70",727.97K
19/04/2019,"5,264.80","5,282.40","5,192.10","5,241.00",787.09K
20/04/2019,"5,241.00","5,327.00","5,240.20","5,290.20",782.32K
21/04/2019,"5,290.20","5,308.20","5,189.80","5,243.50",811.41K
22/04/2019,"5,248.20","5,370.20","5,170.20","5,346.70",920.77K
23/04/2019,"5,346.50","5,594.40","5,291.40","5,511.60",900.00K
24/04/2019,"5,511.20","5,589.60","5,346.80","5,415.60",994.04K
25/04/2019,"5,415.60","5,528.20","5,137.40","5,209.10",955.36K
26/04/2019,"5,209.20","5,469.30","5,159.30","5,298.30",1.03M
27/04/2019,"5,298.20","5,318.10","5,225.40","5,265.90",833.13K
28/04/2019,"5,265.70","5,332.50","5,234.40","5,302.30",681.41K
29/04/2019,"5,302.40","5,322.90","5,188.90","5,235.00",775.82K
30/04/2019,"5,235.40","5,336.60","5,195.90","5,320.80",697.42K
01/05/2019,"5,321.10","5,396.30","5,319.50","5,384.20",623.64K
02/05/2019,"5,384.60","5,530.80","5,370.00","5,493.80",722.23K
03/05/2019,"5,493.60","5,844.20","5,478.70","5,766.80",1.04M
04/05/2019,"5,768.00","5,899.20","5,605.00","5,830.90",920.61K
05/05/2019,"5,830.80","5,838.20","5,708.20","5,774.90",709.02K
06/05/2019,"5,775.10","5,801.40","5,630.50","5,745.10",755.39K
07/05/2019,"5,745.50","6,019.80","5,745.50","5,849.50",955.88K
08/05/2019,"5,849.40","6,011.30","5,799.10","5,990.30",757.13K
09/05/2019,"5,990.50","6,206.00","5,990.00","6,191.50",799.96K
10/05/2019,"6,194.30","6,466.60","6,157.80","6,386.00",907.94K
11/05/2019,"6,386.60","7,373.80","6,386.50","7,190.30",1.31M
12/05/2019,"7,190.00","7,518.90","6,802.60","6,984.80",1.35M
13/05/2019,"6,984.70","8,058.30","6,893.10","7,806.00",1.20M
14/05/2019,"7,806.40","8,323.90","7,674.00","7,994.60",1.33M
15/05/2019,"7,994.80","8,225.30","7,856.50","8,164.60",1.13M
16/05/2019,"8,164.80","8,293.30","7,720.40","7,871.80",1.18M
17/05/2019,"7,871.90","7,924.00","6,998.60","7,359.50",1.43M
18/05/2019,"7,359.90","7,458.50","7,189.40","7,262.60",865.53K
19/05/2019,"7,261.90","8,253.40","7,252.30","8,157.20",1.08M
20/05/2019,"8,156.40","8,156.40","7,604.00","7,965.30",958.81K
21/05/2019,"7,965.00","8,056.80","7,813.20","7,930.30",804.88K
22/05/2019,"7,928.70","7,999.00","7,545.90","7,635.70",821.40K
23/05/2019,"7,637.20","7,939.10","7,486.80","7,852.10",815.14K
24/05/2019,"7,852.80","8,124.10","7,775.40","7,970.10",868.47K
25/05/2019,"7,971.40","8,090.10","7,919.10","8,027.40",691.27K
26/05/2019,"8,029.60","8,718.60","7,866.50","8,630.20",872.12K
27/05/2019,"8,628.90","8,902.80","8,607.30","8,760.10",907.96K
28/05/2019,"8,759.40","8,794.10","8,568.80","8,716.30",763.20K
29/05/2019,"8,715.60","8,747.20","8,435.30","8,647.80",15.43M
30/05/2019,"8,647.80","9,045.90","8,054.70","8,271.90",1.04M
31/05/2019,"8,271.40","8,578.80","8,135.00","8,558.30",858.41K
01/06/2019,"8,556.90","8,615.80","8,454.00","8,545.70",686.75K
02/06/2019,"8,545.80","8,807.70","8,534.80","8,728.60",614.54K
03/06/2019,"8,728.60","8,734.90","8,102.70","8,124.80",739.45K
04/06/2019,"8,118.10","8,118.10","7,494.00","7,685.50",966.95K
05/06/2019,"7,685.60","7,885.00","7,590.40","7,779.10",762.94K
06/06/2019,"7,779.60","7,861.40","7,480.40","7,784.90",651.82K
07/06/2019,"7,785.80","8,099.40","7,749.40","7,985.20",588.87K
08/06/2019,"7,985.30","8,044.40","7,770.50","7,901.40",485.81K
09/06/2019,"7,901.60","7,937.50","7,516.90","7,635.00",554.48K
10/06/2019,"7,635.00","8,012.80","7,523.60","7,987.80",641.38K
11/06/2019,"7,987.80","8,010.40","7,714.50","7,888.00",579.00K
12/06/2019,"7,888.00","8,198.10","7,805.80","8,133.10",607.89K
13/06/2019,"8,132.40","8,306.10","8,028.60","8,219.00",574.21K
14/06/2019,"8,218.60","8,685.30","8,153.20","8,656.10",643.17K
15/06/2019,"8,655.80","8,856.70","8,582.30","8,812.50",608.69K
16/06/2019,"8,812.20","9,332.00","8,771.10","8,962.50",849.77K
17/06/2019,"8,961.00","9,438.10","8,959.80","9,318.80",738.80K
18/06/2019,"9,318.90","9,336.10","8,962.70","9,080.60",723.17K
19/06/2019,"9,080.70","9,295.10","9,044.00","9,255.40",587.57K
20/06/2019,"9,255.00","9,583.90","9,188.40","9,517.00",693.62K
21/06/2019,"9,517.70","10,184.30","9,517.40","10,179.30",769.12K
22/06/2019,"10,178.10","11,160.50","10,031.30","10,721.70",1.09M
23/06/2019,"10,721.50","11,361.30","10,557.80","10,897.10",683.79K
24/06/2019,"10,897.30","11,114.40","10,622.60","11,046.40",566.96K
25/06/2019,"11,046.60","11,833.90","11,033.70","11,809.90",781.09K
26/06/2019,"11,811.60","13,929.80","11,747.30","13,063.80",1.48M
27/06/2019,"13,062.40","13,422.00","10,493.50","11,287.80",1.59M
28/06/2019,"11,288.40","12,461.80","10,970.50","12,409.10",1.09M
29/06/2019,"12,408.00","12,422.90","11,490.80","11,906.50",834.62K
30/06/2019,"11,906.00","12,179.30","10,765.40","10,818.60",880.77K
01/07/2019,"10,821.40","11,254.50","10,041.60","10,616.60",1.04M
02/07/2019,"10,615.50","10,923.50","9,728.50","10,835.90",1.12M
03/07/2019,"10,835.90","11,931.80","10,835.90","11,900.80",998.73K
04/07/2019,"11,899.30","11,948.00","11,087.10","11,163.10",840.34K
05/07/2019,"11,159.70","11,381.80","10,810.30","10,970.20",772.67K
06/07/2019,"10,969.80","11,650.20","10,967.90","11,268.00",688.96K
07/07/2019,"11,267.90","11,524.60","11,108.10","11,415.90",601.93K
08/07/2019,"11,415.80","12,332.30","11,304.80","12,252.60",695.60K
09/07/2019,"12,250.60","12,772.90","12,111.20","12,541.50",847.84K
10/07/2019,"12,542.80","13,134.40","11,594.90","12,110.60",1.11M
11/07/2019,"12,111.60","12,111.60","11,029.00","11,342.30",943.13K
12/07/2019,"11,343.70","11,881.40","11,109.80","11,762.10",738.17K
13/07/2019,"11,762.80","11,798.40","10,839.40","11,364.90",747.71K
14/07/2019,"11,364.30","11,448.70","10,128.90","10,200.10",840.76K
15/07/2019,"10,199.90","11,064.70","9,885.40","10,845.90",956.52K
16/07/2019,"10,844.00","11,019.50","9,375.30","9,424.80",1.05M
17/07/2019,"9,425.10","9,983.60","9,082.60","9,723.20",1.03M
18/07/2019,"9,723.10","10,787.10","9,390.00","10,651.40",974.49K
19/07/2019,"10,651.60","10,758.40","10,160.70","10,571.50",727.79K
20/07/2019,"10,571.90","11,155.60","10,462.00","10,826.70",668.94K
21/07/2019,"10,827.00","10,883.80","10,442.50","10,714.40",562.17K
22/07/2019,"10,715.10","10,806.30","10,196.50","10,412.50",591.27K
23/07/2019,"10,412.80","10,414.70","9,865.40","9,888.70",663.38K
24/07/2019,"9,887.20","9,945.30","9,584.00","9,804.30",639.54K
25/07/2019,"9,804.70","10,203.50","9,776.60","9,945.30",545.85K
26/07/2019,"9,945.20","10,436.10","9,724.20","9,831.00",493.75K
27/07/2019,"9,830.40","10,232.30","9,389.10","9,492.10",661.89K
28/07/2019,"9,491.10","9,798.50","9,401.10","9,727.80",518.59K
29/07/2019,"9,728.50","9,835.40","9,502.50","9,580.90",510.90K
30/07/2019,"9,580.00","9,703.00","9,483.00","9,580.70",511.51K
31/07/2019,"9,580.30","10,100.00","9,562.40","10,082.00",589.84K
01/08/2019,"10,081.90","10,459.00","9,890.60","10,380.00",608.37K
02/08/2019,"10,380.50","10,664.80","10,330.50","10,520.10",578.29K
03/08/2019,"10,519.90","10,893.60","10,504.50","10,815.70",508.75K
04/08/2019,"10,816.10","11,017.70","10,568.80","10,934.60",585.71K
05/08/2019,"10,934.80","11,922.30","10,934.80","11,816.80",769.63K
06/08/2019,"11,817.60","12,291.90","11,237.00","11,480.90",807.58K
07/08/2019,"11,481.00","12,114.50","11,406.40","12,013.90",702.85K
08/08/2019,"12,015.90","12,236.60","11,727.00","12,191.60",592.15K
09/08/2019,"12,190.00","12,225.30","11,885.00","12,089.80",558.72K
10/08/2019,"12,090.50","12,185.00","11,281.60","11,314.50",570.74K
11/08/2019,"11,314.60","11,728.40","11,146.10","11,517.20",435.83K
12/08/2019,"11,505.10","11,508.60","11,267.30","11,394.20",391.08K
13/08/2019,"11,395.00","11,445.60","10,793.20","10,892.90",540.78K
14/08/2019,"10,894.20","10,894.50","9,965.50","10,049.40",745.59K
15/08/2019,"10,053.30","10,448.20","9,580.10","10,303.40",930.05K
16/08/2019,"10,300.90","10,734.00","9,788.60","10,335.60",798.67K
17/08/2019,"10,335.50","10,460.70","10,016.30","10,218.10",497.77K
18/08/2019,"10,219.30","10,494.90","10,086.70","10,312.70",441.11K
19/08/2019,"10,312.80","10,923.90","10,267.80","10,910.70",519.01K
20/08/2019,"10,911.20","10,941.60","10,581.00","10,752.60",515.47K
21/08/2019,"10,753.30","10,797.80","9,908.00","10,141.50",717.65K
22/08/2019,"10,141.10","10,218.20","9,777.00","10,105.00",520.75K
23/08/2019,"10,104.90","10,434.30","9,921.40","10,388.70",436.26K
24/08/2019,"10,389.40","10,415.90","9,917.50","10,131.00",463.85K
25/08/2019,"10,132.10","10,307.00","9,935.20","10,136.30",422.53K
26/08/2019,"10,136.00","10,568.20","10,136.00","10,371.80",568.77K
27/08/2019,"10,372.20","10,387.60","10,060.20","10,184.80",419.81K
28/08/2019,"10,184.70","10,271.30","9,629.60","9,729.40",580.29K
29/08/2019,"9,729.10","9,729.10","9,343.00","9,491.00",509.13K
30/08/2019,"9,494.10","9,675.70","9,370.20","9,585.40",413.92K
31/08/2019,"9,585.50","9,677.50","9,457.30","9,594.40",311.49K
01/09/2019,"9,594.70","9,799.50","9,533.60","9,729.30",322.66K
02/09/2019,"9,728.80","10,431.50","9,720.30","10,348.80",542.79K
03/09/2019,"10,348.10","10,756.80","10,283.50","10,612.30",578.79K
04/09/2019,"10,611.60","10,783.60","10,388.60","10,568.20",504.45K
05/09/2019,"10,567.80","10,630.70","10,469.90","10,566.90",402.09K
06/09/2019,"10,566.70","10,896.20","10,227.40","10,309.30",643.02K
07/09/2019,"10,306.90","10,556.40","10,302.30","10,461.10",393.57K
08/09/2019,"10,461.60","10,578.00","10,266.30","10,402.80",339.73K
09/09/2019,"10,402.10","10,478.00","10,095.70","10,309.00",473.76K
10/09/2019,"10,308.70","10,379.80","9,970.70","10,105.40",383.22K
11/09/2019,"10,104.90","10,257.50","9,908.90","10,162.50",413.06K
12/09/2019,"10,162.40","10,447.90","10,051.00","10,415.10",413.22K
13/09/2019,"10,415.20","10,441.40","10,174.10","10,342.10",365.52K
14/09/2019,"10,342.20","10,421.40","10,253.70","10,337.30",326.44K
15/09/2019,"10,337.30","10,360.40","10,272.00","10,311.50",255.79K
16/09/2019,"10,311.30","10,360.50","10,108.50","10,255.50",372.53K
17/09/2019,"10,254.60","10,273.60","10,153.50","10,195.70",321.64K
18/09/2019,"10,195.70","10,257.50","10,119.30","10,164.70",318.82K
19/09/2019,"10,164.60","10,297.60","9,707.60","10,250.50",542.25K
20/09/2019,"10,251.50","10,279.50","10,088.60","10,172.70",362.07K
21/09/2019,"10,172.80","10,177.90","9,939.80","9,993.00",326.17K
22/09/2019,"9,993.00","10,075.00","9,870.90","10,031.60",337.06K
23/09/2019,"10,031.30","10,048.80","9,656.30","9,702.20",431.10K
24/09/2019,"9,702.70","9,793.80","8,069.40","8,513.90",933.16K
25/09/2019,"8,512.30","8,729.80","8,245.10","8,432.40",696.11K
26/09/2019,"8,432.50","8,463.10","7,773.60","8,063.80",731.03K
27/09/2019,"8,063.80","8,257.40","7,882.10","8,184.90",561.40K
28/09/2019,"8,184.50","8,297.20","8,031.10","8,208.50",457.79K
29/09/2019,"8,208.00","8,226.80","7,922.10","8,049.10",418.48K
30/09/2019,"8,048.90","8,318.50","7,749.00","8,284.30",600.26K
01/10/2019,"8,285.00","8,486.20","8,187.90","8,302.70",533.95K
02/10/2019,"8,302.70","8,374.00","8,167.70","8,364.10",405.86K
03/10/2019,"8,363.60","8,391.70","8,090.10","8,226.90",460.97K
04/10/2019,"8,227.60","8,233.60","8,041.40","8,148.10",416.92K
05/10/2019,"8,148.00","8,185.10","8,030.60","8,127.30",360.92K
06/10/2019,"8,127.30","8,145.50","7,834.90","7,881.90",448.80K
07/10/2019,"7,882.60","8,293.50","7,797.00","8,198.60",604.74K
08/10/2019,"8,198.50","8,323.10","8,118.10","8,182.90",469.04K
09/10/2019,"8,180.10","8,655.90","8,122.70","8,566.70",636.43K
10/10/2019,"8,566.80","8,638.50","8,438.70","8,562.30",511.46K
11/10/2019,"8,562.20","8,751.10","8,249.70","8,267.80",667.86K
12/10/2019,"8,267.60","8,394.80","8,260.90","8,304.40",424.02K
13/10/2019,"8,304.30","8,450.20","8,190.60","8,281.50",419.87K
14/10/2019,"8,281.30","8,374.30","8,222.20","8,353.30",505.02K
15/10/2019,"8,353.40","8,400.20","8,139.50","8,167.20",469.73K
16/10/2019,"8,167.10","8,185.90","7,929.80","8,000.40",538.92K
17/10/2019,"8,000.40","8,118.20","7,944.40","8,073.30",444.95K
18/10/2019,"8,073.30","8,116.40","7,842.00","7,948.50",505.79K
19/10/2019,"7,948.30","8,060.20","7,892.40","7,957.30",428.83K
20/10/2019,"7,957.40","8,288.50","7,889.60","8,223.40",513.91K
21/10/2019,"8,224.10","8,315.30","8,155.70","8,208.20",489.40K
22/10/2019,"8,207.40","8,289.10","8,017.70","8,031.40",570.39K
23/10/2019,"8,031.00","8,055.00","7,329.20","7,477.00",892.08K
24/10/2019,"7,476.80","7,501.50","7,366.30","7,422.70",586.49K
25/10/2019,"7,422.80","8,697.70","7,404.90","8,658.30",1.18M
26/10/2019,"8,658.40","10,540.00","8,061.80","9,230.60",1.78M
27/10/2019,"9,230.60","9,773.20","9,081.00","9,529.60",1.16M
28/10/2019,"9,530.10","9,866.90","9,202.50","9,207.20",1.04M
29/10/2019,"9,206.50","9,531.30","9,125.30","9,411.30",918.48K
30/10/2019,"9,411.30","9,411.30","9,018.40","9,157.90",789.73K
31/10/2019,"9,157.90","9,378.90","8,959.60","9,152.60",798.93K
01/11/2019,"9,153.10","9,270.40","9,057.20","9,230.10",689.65K
02/11/2019,"9,230.30","9,356.70","9,201.20","9,300.60",570.74K
03/11/2019,"9,300.50","9,359.10","9,095.00","9,198.30",536.56K
04/11/2019,"9,198.70","9,500.40","9,134.10","9,396.40",681.01K
05/11/2019,"9,396.10","9,452.70","9,193.90","9,310.80",653.42K
06/11/2019,"9,311.20","9,424.60","9,262.70","9,338.90",578.03K
07/11/2019,"9,339.20","9,367.00","9,130.00","9,223.50",603.54K
08/11/2019,"9,223.60","9,254.80","8,722.40","8,778.20",791.79K
09/11/2019,"8,778.10","8,877.50","8,746.90","8,804.50",512.02K
10/11/2019,"8,804.70","9,092.90","8,763.50","9,036.80",581.57K
11/11/2019,"9,036.90","9,066.40","8,649.40","8,736.90",601.16K
12/11/2019,"8,737.40","8,841.20","8,615.70","8,812.60",575.16K
13/11/2019,"8,813.20","8,829.70","8,721.10","8,783.10",454.33K
14/11/2019,"8,782.90","8,799.80","8,615.80","8,661.20",515.43K
15/11/2019,"8,660.80","8,761.80","8,437.10","8,476.30",653.71K
16/11/2019,"8,476.20","8,532.80","8,450.70","8,497.30",471.16K
17/11/2019,"8,497.40","8,631.70","8,413.00","8,509.80",531.22K
18/11/2019,"8,510.30","8,516.30","8,110.40","8,208.40",692.60K
19/11/2019,"8,207.70","8,245.60","8,032.80","8,145.70",654.27K
20/11/2019,"8,145.70","8,223.00","8,074.20","8,099.30",607.27K
21/11/2019,"8,099.40","8,129.60","7,519.70","7,627.90",891.50K
22/11/2019,"7,627.90","7,700.90","6,818.50","7,272.50",1.41M
23/11/2019,"7,271.60","7,342.50","7,093.70","7,324.10",783.18K
24/11/2019,"7,325.00","7,344.10","6,894.90","6,924.70",904.50K
25/11/2019,"6,924.70","7,352.80","6,534.80","7,115.60",1.29M
26/11/2019,"7,115.50","7,329.50","7,045.10","7,162.80",844.27K
27/11/2019,"7,162.80","7,636.90","6,875.40","7,510.60",996.49K
28/11/2019,"7,510.60","7,639.50","7,380.60","7,426.70",737.58K
29/11/2019,"7,426.60","7,825.30","7,412.30","7,742.70",766.71K
30/11/2019,"7,742.70","7,787.70","7,472.70","7,546.60",650.60K
01/12/2019,"7,546.50","7,546.50","7,244.40","7,396.40",777.00K
02/12/2019,"7,395.90","7,433.80","7,173.60","7,298.20",687.78K
03/12/2019,"7,298.10","7,389.40","7,227.10","7,291.80",548.77K
04/12/2019,"7,291.90","7,702.20","7,113.60","7,204.40",971.75K
05/12/2019,"7,204.60","7,476.30","7,184.00","7,399.20",780.78K
06/12/2019,"7,399.20","7,552.10","7,329.80","7,530.80",706.10K
07/12/2019,"7,530.40","7,595.70","7,489.60","7,510.90",557.14K
08/12/2019,"7,510.80","7,576.40","7,416.70","7,524.40",499.04K
09/12/2019,"7,524.80","7,626.00","7,321.60","7,355.80",648.66K
10/12/2019,"7,356.20","7,400.30","7,192.10","7,235.70",609.50K
11/12/2019,"7,235.80","7,284.40","7,168.80","7,208.00",518.40K
12/12/2019,"7,208.00","7,272.40","7,124.60","7,208.00",611.80K
13/12/2019,"7,208.40","7,288.00","7,200.30","7,255.20",503.49K
14/12/2019,"7,255.20","7,267.40","7,043.30","7,080.80",524.56K
15/12/2019,"7,080.80","7,175.80","7,033.80","7,128.50",492.58K
16/12/2019,"7,128.50","7,153.10","6,864.60","6,903.50",689.56K
17/12/2019,"6,903.50","6,943.50","6,575.00","6,613.30",894.55K
18/12/2019,"6,613.50","7,387.70","6,462.20","7,276.00",1.14M
19/12/2019,"7,276.40","7,354.00","7,039.30","7,165.50",778.72K
20/12/2019,"7,165.50","7,218.40","7,107.70","7,196.40",627.04K
21/12/2019,"7,196.40","7,197.60","7,129.60","7,156.20",468.74K
22/12/2019,"7,156.30","7,501.10","7,142.00","7,495.80",677.94K
23/12/2019,"7,496.20","7,684.00","7,276.20","7,322.80",952.16K
24/12/2019,"7,322.40","7,433.20","7,185.70","7,268.30",785.54K
25/12/2019,"7,268.30","7,542.40","7,150.90","7,224.80",625.41K
26/12/2019,"7,225.00","7,414.30","7,177.30","7,210.90",795.09K
27/12/2019,"7,210.80","7,293.80","7,128.50","7,261.70",718.07K
28/12/2019,"7,261.90","7,375.90","7,256.50","7,321.50",610.96K
29/12/2019,"7,321.60","7,518.90","7,303.00","7,397.50",611.69K
30/12/2019,"7,397.50","7,420.90","7,244.10","7,261.80",606.11K
31/12/2019,"7,261.50","7,331.00","7,167.40","7,196.40",586.60K
01/01/2020,"7,196.40","7,259.40","7,180.00","7,199.80",420.28K
02/01/2020,"7,199.70","7,209.60","6,901.40","6,967.00",632.78K
03/01/2020,"6,967.10","7,402.90","6,884.10","7,343.10",936.29K
04/01/2020,"7,345.10","7,433.10","7,291.40","7,376.80",523.91K
05/01/2020,"7,376.80","7,501.00","7,345.60","7,372.50",628.14K
06/01/2020,"7,372.60","7,783.10","7,366.70","7,759.10",786.75K
07/01/2020,"7,759.10","8,182.00","7,754.10","8,155.70",1.01M
08/01/2020,"8,154.20","8,436.40","7,900.80","8,059.60",1.19M
09/01/2020,"8,060.00","8,065.90","7,779.20","7,842.40",786.50K
10/01/2020,"7,842.50","8,187.40","7,697.70","8,187.10",1.05M
11/01/2020,"8,187.80","8,262.90","8,008.40","8,024.10",776.75K
12/01/2020,"8,023.30","8,189.90","7,973.10","8,187.60",595.22K
13/01/2020,"8,188.30","8,196.70","8,068.40","8,111.40",610.66K
14/01/2020,"8,111.20","8,898.70","8,111.20","8,829.20",1.48M
15/01/2020,"8,827.90","8,904.00","8,615.50","8,818.30",1.17M
16/01/2020,"8,818.10","8,850.00","8,605.80","8,726.90",748.32K
17/01/2020,"8,726.70","9,005.10","8,675.90","8,913.10",794.11K
18/01/2020,"8,913.00","8,982.30","8,814.60","8,916.30",627.74K
19/01/2020,"8,916.30","9,183.70","8,552.80","8,706.20",975.01K
20/01/2020,"8,705.70","8,740.10","8,539.20","8,641.90",599.06K
21/01/2020,"8,642.00","8,770.30","8,524.00","8,732.60",540.20K
22/01/2020,"8,733.00","8,805.40","8,610.80","8,678.50",509.06K
23/01/2020,"8,678.50","8,687.30","8,309.60","8,405.10",722.67K
24/01/2020,"8,404.90","8,522.00","8,242.60","8,439.90",617.02K
25/01/2020,"8,439.90","8,447.60","8,277.20","8,341.60",444.00K
26/01/2020,"8,341.60","8,607.80","8,304.90","8,607.80",468.34K
27/01/2020,"8,608.10","8,983.10","8,585.60","8,866.60",706.45K
28/01/2020,"8,866.60","9,389.50","8,866.60","9,377.30",954.20K
29/01/2020,"9,377.30","9,428.70","9,250.90","9,298.90",749.88K
30/01/2020,"9,299.10","9,569.00","9,209.20","9,507.30",765.21K
31/01/2020,"9,508.30","9,525.00","9,222.30","9,349.10",633.37K
01/02/2020,"9,349.30","9,458.80","9,301.50","9,381.60",458.42K
02/02/2020,"9,381.50","9,465.40","9,183.10","9,334.90",683.37K
03/02/2020,"9,334.60","9,582.80","9,243.10","9,296.60",701.39K
04/02/2020,"9,296.50","9,347.50","9,193.90","9,193.90",651.68K
05/02/2020,"9,194.10","9,726.80","9,179.90","9,611.80",771.46K
06/02/2020,"9,611.80","9,854.90","9,536.10","9,772.00",778.67K
07/02/2020,"9,771.90","9,872.50","9,738.70","9,818.60",608.96K
08/02/2020,"9,817.30","9,931.20","9,673.20","9,895.50",551.31K
09/02/2020,"9,895.40","10,157.10","9,882.70","10,151.50",617.35K
10/02/2020,"10,151.50","10,181.70","9,774.80","9,854.10",781.22K
11/02/2020,"9,854.00","10,314.10","9,725.10","10,229.50",791.28K
12/02/2020,"10,229.30","10,435.60","10,229.30","10,317.70",803.25K
13/02/2020,"10,321.90","10,482.60","10,116.90","10,235.10",940.30K
14/02/2020,"10,235.50","10,372.40","10,125.20","10,333.00",732.51K
15/02/2020,"10,336.00","10,369.80","9,831.70","9,907.70",808.81K
16/02/2020,"9,907.40","10,056.40","9,654.90","9,932.30",808.91K
17/02/2020,"9,931.70","9,951.50","9,468.90","9,701.40",961.88K
18/02/2020,"9,701.50","10,230.10","9,601.60","10,158.40",945.91K
19/02/2020,"10,158.60","10,230.90","9,424.30","9,609.40",905.95K
20/02/2020,"9,611.90","9,681.40","9,448.90","9,602.40",870.80K
21/02/2020,"9,602.20","9,747.10","9,574.50","9,684.50",716.61K
22/02/2020,"9,684.50","9,706.50","9,569.80","9,655.70",589.88K
23/02/2020,"9,655.60","9,965.60","9,653.40","9,942.70",775.88K
24/02/2020,"9,943.20","9,981.00","9,507.00","9,662.70",980.00K
25/02/2020,"9,662.60","9,672.30","9,269.80","9,317.20",937.97K
26/02/2020,"9,317.10","9,368.10","8,672.00","8,800.30",1.32M
27/02/2020,"8,800.10","8,968.30","8,538.50","8,818.60",1.13M
28/02/2020,"8,820.10","8,898.70","8,451.90","8,697.50",1.08M
29/02/2020,"8,697.10","8,793.70","8,539.80","8,543.70",683.44K
01/03/2020,"8,543.80","8,737.20","8,437.20","8,540.00",784.05K
02/03/2020,"8,537.50","8,961.80","8,503.10","8,904.80",1.02M
03/03/2020,"8,906.10","8,911.70","8,669.30","8,761.40",1.01M
04/03/2020,"8,761.30","8,840.30","8,679.70","8,757.90",759.69K
05/03/2020,"8,757.90","9,147.30","8,751.50","9,060.30",950.76K
06/03/2020,"9,060.60","9,165.20","9,004.90","9,134.80",1.04M
07/03/2020,"9,134.20","9,180.80","8,848.70","8,887.80",750.65K
08/03/2020,"8,887.80","8,888.00","8,015.30","8,034.10",1.11M
09/03/2020,"8,035.80","8,158.80","7,648.70","7,933.00",1.54M
10/03/2020,"7,933.00","8,145.50","7,740.20","7,891.20",1.20M
11/03/2020,"7,892.10","7,976.50","7,606.00","7,935.10",1.10M
12/03/2020,"7,935.20","7,963.10","4,546.60","4,826.00",3.22M
13/03/2020,"4,815.20","5,934.30","3,869.50","5,584.30",4.17M
14/03/2020,"5,589.40","5,634.90","5,072.20","5,182.70",1.69M
15/03/2020,"5,182.90","5,863.30","5,120.60","5,366.30",1.61M
16/03/2020,"5,366.40","5,369.30","4,477.70","5,030.00",2.55M
17/03/2020,"5,030.20","5,432.80","4,946.50","5,261.10",1.89M
18/03/2020,"5,260.70","5,373.10","5,020.90","5,361.40",1.80M
19/03/2020,"5,359.20","6,379.50","5,256.00","6,172.00",2.18M
20/03/2020,"6,171.60","6,858.10","5,748.20","6,205.30",2.22M
21/03/2020,"6,205.60","6,438.30","5,887.00","6,186.20",1.64M
22/03/2020,"6,186.90","6,394.40","5,771.20","5,822.10",1.48M
23/03/2020,"5,822.00","6,564.70","5,710.80","6,468.90",1.88M
24/03/2020,"6,468.80","6,814.20","6,380.80","6,744.60",1.73M
25/03/2020,"6,744.80","6,930.20","6,474.60","6,678.90",1.52M
26/03/2020,"6,677.90","6,772.90","6,541.70","6,725.10",1.18M
27/03/2020,"6,725.50","6,813.70","6,322.30","6,373.40",1.16M
28/03/2020,"6,373.40","6,374.30","6,046.50","6,233.70",1.26M
29/03/2020,"6,233.20","6,258.80","5,889.30","5,890.40",916.17K
30/03/2020,"5,890.40","6,576.50","5,872.50","6,391.00",1.43M
31/03/2020,"6,391.10","6,513.10","6,346.30","6,412.50",1.05M
01/04/2020,"6,412.40","6,661.30","6,157.40","6,638.50",1.40M
02/04/2020,"6,638.80","7,182.70","6,567.90","6,800.50",1.74M
03/04/2020,"6,799.90","7,026.30","6,623.60","6,735.90",1.35M
04/04/2020,"6,735.90","6,958.60","6,679.10","6,857.40",1.05M
05/04/2020,"6,857.50","6,889.40","6,686.00","6,772.70",842.33K
06/04/2020,"6,772.80","7,335.00","6,770.10","7,332.30",1.53M
07/04/2020,"7,332.30","7,440.30","7,101.70","7,185.20",1.32M
08/04/2020,"7,185.60","7,396.10","7,153.10","7,361.20",983.94K
09/04/2020,"7,361.10","7,361.10","7,140.30","7,289.00",963.55K
10/04/2020,"7,289.00","7,294.40","6,756.10","6,863.10",1.37M
11/04/2020,"6,862.70","6,931.40","6,765.10","6,867.80",845.58K
12/04/2020,"6,867.90","7,158.80","6,785.10","6,917.60",1.10M
13/04/2020,"6,918.10","6,920.30","6,618.50","6,841.30",1.25M
14/04/2020,"6,841.80","6,970.80","6,768.60","6,850.90",999.53K
15/04/2020,"6,851.30","6,929.50","6,615.90","6,629.10",1.00M
16/04/2020,"6,629.10","7,159.70","6,520.50","7,085.60",1.54M
17/04/2020,"7,085.50","7,142.80","7,005.80","7,035.80",810.10K
18/04/2020,"7,035.90","7,259.40","7,031.50","7,230.80",796.45K
19/04/2020,"7,230.90","7,238.00","7,079.10","7,122.90",5.93M
20/04/2020,"7,122.90","7,207.50","6,771.20","6,833.50",1.26M
21/04/2020,"6,833.40","6,919.30","6,774.30","6,842.50",892.57K
22/04/2020,"6,842.50","7,137.40","6,821.80","7,112.90",914.18K
23/04/2020,"7,112.80","7,655.40","7,036.50","7,488.50",1.34M
24/04/2020,"7,491.30","7,583.50","7,423.50","7,503.80",951.95K
25/04/2020,"7,503.90","7,684.60","7,451.00","7,540.40",861.93K
26/04/2020,"7,540.40","7,679.40","7,520.50","7,678.90",921.59K
27/04/2020,"7,679.40","7,768.50","7,637.70","7,766.00",980.50K
28/04/2020,"7,766.00","7,770.10","7,655.30","7,746.90",808.09K
29/04/2020,"7,746.70","8,918.50","7,729.70","8,770.90",1.83M
30/04/2020,"8,770.60","9,437.50","8,425.50","8,629.00",2.04M
01/05/2020,"8,628.60","9,040.30","8,621.00","8,821.60",1.11M
02/05/2020,"8,821.60","8,986.20","8,771.30","8,966.30",890.34K
03/05/2020,"8,966.20","9,169.90","8,742.20","8,885.50",1.15M
04/05/2020,"8,885.50","8,945.50","8,553.20","8,874.70",1.12M
05/05/2020,"8,874.20","9,078.70","8,800.40","9,001.00",1.05M
06/05/2020,"9,000.60","9,373.70","8,923.60","9,151.40",1.62M
07/05/2020,"9,152.70","10,033.00","9,064.80","9,979.80",1.91M
08/05/2020,"9,980.10","10,018.20","9,731.40","9,806.20",1.42M
09/05/2020,"9,806.00","9,910.50","9,533.60","9,554.60",1.49M
10/05/2020,"9,553.90","9,569.40","8,259.30","8,738.80",2.47M
11/05/2020,"8,737.60","9,129.60","8,235.60","8,579.80",2.29M
12/05/2020,"8,569.80","8,964.50","8,542.80","8,813.80",1.35M
13/05/2020,"8,813.90","9,384.60","8,799.10","9,298.70",1.50M
14/05/2020,"9,298.70","9,887.50","9,265.80","9,778.40",1.77M
15/05/2020,"9,778.60","9,819.60","9,223.20","9,318.00",1.56M
16/05/2020,"9,318.10","9,579.00","9,233.00","9,379.50",1.10M
17/05/2020,"9,376.60","9,866.00","9,327.80","9,677.70",1.18M
18/05/2020,"9,678.40","9,930.20","9,524.40","9,730.70",1.18M
19/05/2020,"9,730.80","9,883.90","9,498.70","9,773.30",1.16M
20/05/2020,"9,773.00","9,829.30","9,368.40","9,512.30",1.15M
21/05/2020,"9,511.60","9,567.10","8,833.60","9,059.00",1.41M
22/05/2020,"9,058.20","9,253.50","8,952.10","9,169.70",914.59K
23/05/2020,"9,169.80","9,303.20","9,098.90","9,177.00",812.56K
24/05/2020,"9,177.90","9,292.00","8,724.10","8,728.20",1.11M
25/05/2020,"8,728.00","8,959.50","8,666.10","8,898.20",941.89K
26/05/2020,"8,897.70","8,994.60","8,713.90","8,842.50",784.92K
27/05/2020,"8,842.30","9,210.90","8,818.60","9,199.10",810.89K
28/05/2020,"9,199.80","9,610.80","9,119.20","9,572.20",948.86K
29/05/2020,"9,573.40","9,596.50","9,358.10","9,424.80",814.33K
30/05/2020,"9,424.80","9,729.90","9,352.70","9,692.50",720.62K
31/05/2020,"9,692.90","9,695.60","9,406.20","9,454.80",645.27K
01/06/2020,"9,454.50","10,301.80","9,429.70","10,189.30",796.68K
02/06/2020,"10,190.70","10,207.30","9,347.30","9,527.60",1.06M
03/06/2020,"9,527.00","9,667.20","9,421.70","9,667.20",558.12K
04/06/2020,"9,667.20","9,864.40","9,490.90","9,794.40",593.66K
05/06/2020,"9,794.00","9,846.10","9,628.70","9,631.20",527.05K
06/06/2020,"9,630.80","9,733.10","9,549.50","9,669.60",370.85K
07/06/2020,"9,669.60","9,791.80","9,417.40","9,742.60",549.20K
08/06/2020,"9,743.40","9,788.20","9,662.30","9,777.90",431.04K
09/06/2020,"9,777.70","9,857.20","9,616.60","9,768.80",479.55K
10/06/2020,"9,768.80","9,970.90","9,710.70","9,878.80",533.55K
11/06/2020,"9,878.90","9,945.20","9,139.10","9,283.20",919.30K
12/06/2020,"9,283.70","9,547.50","9,249.40","9,466.60",529.28K
13/06/2020,"9,466.50","9,484.90","9,369.90","9,471.30",364.97K
14/06/2020,"9,470.70","9,474.70","9,264.40","9,345.30",311.27K
15/06/2020,"9,345.50","9,489.70","8,925.60","9,425.40",750.90K
16/06/2020,"9,425.60","9,577.10","9,379.30","9,523.50",545.47K
17/06/2020,"9,523.60","9,543.60","9,258.20","9,464.60",446.45K
18/06/2020,"9,464.60","9,480.40","9,289.30","9,388.10",391.67K
19/06/2020,"9,390.30","9,424.00","9,249.60","9,314.00",478.49K
20/06/2020,"9,314.00","9,394.50","9,199.80","9,358.80",383.44K
21/06/2020,"9,358.80","9,411.20","9,288.50","9,296.40",335.99K
22/06/2020,"9,296.50","9,751.90","9,285.80","9,683.70",523.32K
23/06/2020,"9,683.90","9,715.60","9,581.80","9,624.60",375.49K
24/06/2020,"9,624.60","9,667.40","9,223.00","9,302.00",515.78K
25/06/2020,"9,300.80","9,327.30","9,022.60","9,247.50",524.45K
26/06/2020,"9,247.50","9,296.50","9,060.10","9,160.00",489.84K
27/06/2020,"9,160.50","9,190.50","8,865.30","9,008.30",441.93K
28/06/2020,"9,008.40","9,185.50","8,950.20","9,124.00",329.01K
29/06/2020,"9,122.80","9,229.10","9,033.60","9,185.40",401.12K
30/06/2020,"9,186.00","9,199.80","9,075.30","9,135.40",381.73K
01/07/2020,"9,135.90","9,289.00","9,101.10","9,229.90",366.78K
02/07/2020,"9,229.90","9,259.70","8,962.10","9,085.10",483.10K
03/07/2020,"9,085.00","9,120.40","9,050.90","9,067.10",333.88K
04/07/2020,"9,067.10","9,182.30","9,049.60","9,134.40",261.25K
05/07/2020,"9,134.30","9,149.60","8,932.10","9,081.00",314.10K
06/07/2020,"9,080.40","9,363.00","9,063.20","9,339.00",510.27K
07/07/2020,"9,338.80","9,371.20","9,209.30","9,256.00",420.55K
08/07/2020,"9,256.30","9,458.30","9,233.10","9,429.90",509.94K
09/07/2020,"9,430.10","9,434.50","9,176.00","9,235.70",444.27K
10/07/2020,"9,239.00","9,309.80","9,131.90","9,285.10",418.47K
11/07/2020,"9,285.80","9,295.50","9,184.20","9,233.30",353.92K
12/07/2020,"9,234.20","9,337.80","9,170.40","9,300.80",366.88K
13/07/2020,"9,300.50","9,329.60","9,207.60","9,243.60",456.87K
14/07/2020,"9,243.10","9,274.80","9,135.70","9,253.40",453.83K
15/07/2020,"9,253.60","9,270.20","9,168.70","9,198.70",429.84K
16/07/2020,"9,198.70","9,224.20","9,052.00","9,135.30",429.04K
17/07/2020,"9,135.40","9,181.90","9,091.50","9,155.80",310.92K
18/07/2020,"9,155.80","9,198.80","9,126.70","9,170.20",276.40K
19/07/2020,"9,170.10","9,224.80","9,106.40","9,208.00",265.25K
20/07/2020,"9,208.10","9,218.40","9,139.90","9,162.40",312.98K
21/07/2020,"9,162.30","9,426.90","9,155.10","9,387.30",458.99K
22/07/2020,"9,387.40","9,523.10","9,296.00","9,513.70",386.00K
23/07/2020,"9,513.60","9,646.50","9,451.10","9,599.60",425.66K
24/07/2020,"9,599.20","9,626.20","9,480.50","9,546.40",359.16K
25/07/2020,"9,546.70","9,729.30","9,536.20","9,704.10",306.29K
26/07/2020,"9,690.00","10,086.60","9,645.90","9,932.50",415.07K
27/07/2020,"9,932.70","11,367.00","9,894.60","11,022.80",908.99K
28/07/2020,"10,961.10","11,046.10","10,873.60","10,908.50",658.37K
29/07/2020,"10,908.40","11,336.50","10,771.80","11,105.90",576.83K
30/07/2020,"11,105.80","11,164.40","10,861.60","11,096.20",501.14K
31/07/2020,"11,096.50","11,434.80","10,964.60","11,333.40",530.95K
01/08/2020,"11,333.20","11,847.70","11,226.10","11,803.10",611.47K
02/08/2020,"11,802.60","12,061.10","10,730.70","11,066.80",647.95K
03/08/2020,"11,066.90","11,461.10","10,981.60","11,224.40",470.24K
04/08/2020,"11,223.80","11,407.80","11,043.00","11,184.70",485.79K
05/08/2020,"11,184.80","11,771.50","11,114.50","11,735.10",570.83K
06/08/2020,"11,735.00","11,898.40","11,563.00","11,757.10",554.85K
07/08/2020,"11,757.10","11,901.80","11,352.40","11,592.00",517.00K
08/08/2020,"11,591.60","11,805.50","11,533.50","11,764.30",317.06K
09/08/2020,"11,764.40","11,792.80","11,527.50","11,681.20",303.00K
10/08/2020,"11,681.10","12,041.10","11,546.90","11,889.20",564.11K
11/08/2020,"11,889.20","11,931.80","11,146.70","11,390.40",615.90K
12/08/2020,"11,390.40","11,605.40","11,190.60","11,557.20",549.59K
13/08/2020,"11,557.20","11,772.90","11,298.40","11,770.90",545.67K
14/08/2020,"11,771.10","11,835.50","11,651.50","11,750.80",435.44K
15/08/2020,"11,751.10","11,964.00","11,711.50","11,845.30",499.10K
16/08/2020,"11,845.50","11,922.50","11,688.90","11,899.00",410.81K
17/08/2020,"11,898.80","12,444.10","11,764.00","12,282.60",628.41K
18/08/2020,"12,283.00","12,381.40","11,842.00","11,947.60",606.79K
19/08/2020,"11,944.40","12,013.20","11,602.60","11,750.20",550.26K
20/08/2020,"11,751.00","11,881.00","11,672.70","11,856.90",430.93K
21/08/2020,"11,856.90","11,877.40","11,495.60","11,529.20",506.38K
22/08/2020,"11,529.20","11,677.00","11,382.10","11,661.30",433.98K
23/08/2020,"11,661.10","11,705.40","11,520.80","11,641.60",377.33K
24/08/2020,"11,641.60","11,824.60","11,587.10","11,753.50",429.13K
25/08/2020,"11,752.90","11,766.90","11,131.00","11,324.80",594.07K
26/08/2020,"11,324.90","11,533.60","11,254.60","11,462.30",513.06K
27/08/2020,"11,462.30","11,580.30","11,135.30","11,327.40",560.59K
28/08/2020,"11,327.50","11,539.00","11,281.90","11,527.40",464.94K
29/08/2020,"11,527.80","11,576.80","11,433.50","11,468.10",389.85K
30/08/2020,"11,468.10","11,704.20","11,462.60","11,702.00",409.36K
31/08/2020,"11,701.10","11,760.20","11,563.80","11,644.20",496.14K
01/09/2020,"11,644.20","12,045.90","11,544.60","11,914.90",580.69K
02/09/2020,"11,914.40","11,947.50","11,244.90","11,413.30",20.26M
03/09/2020,"11,413.20","11,442.70","10,009.50","10,168.80",9.65M
04/09/2020,"10,168.70","10,614.20","9,960.30","10,472.50",12.50M
05/09/2020,"10,472.30","10,558.70","9,897.80","10,092.20",14.72M
06/09/2020,"10,092.20","10,337.70","10,004.70","10,296.40",12.12M
07/09/2020,"10,296.40","10,400.90","9,887.00","10,376.90",12.40M
08/09/2020,"10,376.90","10,434.40","9,877.10","10,126.60",113.90K
09/09/2020,"10,126.80","10,343.30","9,984.60","10,224.60",71.37K
10/09/2020,"10,224.30","10,480.30","10,219.20","10,339.70",88.01K
11/09/2020,"10,339.80","10,398.80","10,212.60","10,390.20",62.28K
12/09/2020,"10,390.20","10,476.80","10,275.90","10,441.90",48.49K
13/09/2020,"10,441.70","10,579.60","10,219.40","10,326.00",66.12K
14/09/2020,"10,332.70","10,744.30","10,264.50","10,675.30",96.64K
15/09/2020,"10,675.20","10,931.80","10,627.80","10,785.30",91.70K
16/09/2020,"10,785.20","11,093.30","10,669.20","10,949.50",94.94K
17/09/2020,"10,950.10","11,039.30","10,755.20","10,941.30",77.22K
18/09/2020,"10,941.30","11,029.70","10,818.70","10,933.00",63.48K
19/09/2020,"10,933.00","11,177.10","10,890.70","11,081.80",51.63K
20/09/2020,"11,081.60","11,081.60","10,772.70","10,921.50",53.39K
21/09/2020,"10,919.90","10,987.20","10,328.50","10,416.80",109.85K
22/09/2020,"10,419.40","10,570.70","10,361.70","10,531.50",63.52K
23/09/2020,"10,531.50","10,535.40","10,146.60","10,237.30",74.95K
24/09/2020,"10,238.10","10,787.80","10,201.00","10,739.40",82.95K
25/09/2020,"10,739.90","10,756.00","10,558.90","10,688.80",71.43K
26/09/2020,"10,688.90","10,793.30","10,650.20","10,727.90",37.85K
27/09/2020,"10,727.90","10,799.20","10,602.70","10,776.20",40.92K
28/09/2020,"10,776.40","10,946.60","10,685.20","10,693.20",72.29K
29/09/2020,"10,694.30","10,858.40","10,642.40","10,840.90",59.64K
30/09/2020,"10,843.40","10,847.70","10,667.60","10,776.10",55.55K
01/10/2020,"10,776.60","10,913.70","10,462.70","10,620.50",95.33K
02/10/2020,"10,619.60","10,662.90","10,387.60","10,572.30",77.94K
03/10/2020,"10,572.20","10,597.80","10,501.20","10,544.20",29.10K
04/10/2020,"10,544.40","10,693.30","10,520.80","10,672.90",31.40K
05/10/2020,"10,672.50","10,789.60","10,623.40","10,789.50",48.86K
06/10/2020,"10,790.20","10,800.30","10,530.80","10,602.60",69.07K
07/10/2020,"10,601.00","10,680.10","10,553.30","10,670.90",49.27K
08/10/2020,"10,670.70","10,948.60","10,549.60","10,924.10",79.78K
09/10/2020,"10,923.50","11,103.00","10,836.90","11,054.20",70.95K
10/10/2020,"11,053.50","11,475.00","11,053.10","11,298.40",65.81K
11/10/2020,"11,295.60","11,439.40","11,277.60","11,371.00",41.06K
12/10/2020,"11,370.80","11,715.90","11,227.40","11,533.90",84.02K
13/10/2020,"11,533.50","11,558.00","11,315.90","11,423.80",64.67K
14/10/2020,"11,424.40","11,541.00","11,293.50","11,420.40",59.12K
15/10/2020,"11,421.40","11,590.90","11,276.70","11,503.00",70.84K
16/10/2020,"11,503.20","11,542.20","11,224.60","11,322.00",71.42K
17/10/2020,"11,321.80","11,402.70","11,274.40","11,362.10",29.86K
18/10/2020,"11,362.10","11,506.90","11,349.80","11,506.90",31.51K
19/10/2020,"11,507.10","11,823.30","11,413.90","11,753.40",73.04K
20/10/2020,"11,753.90","12,029.40","11,685.70","11,913.50",94.59K
21/10/2020,"11,913.60","13,213.50","11,894.60","12,808.70",197.72K
22/10/2020,"12,805.50","13,183.90","12,698.20","12,974.60",113.31K
23/10/2020,"12,972.70","13,025.50","12,738.90","12,934.10",73.94K
24/10/2020,"12,933.60","13,161.50","12,876.40","13,117.20",51.20K
25/10/2020,"13,117.00","13,345.30","12,900.40","13,032.20",59.73K
26/10/2020,"13,033.00","13,229.70","12,792.40","13,061.60",89.47K
27/10/2020,"13,061.50","13,782.30","13,050.30","13,657.80",128.64K
28/10/2020,"13,658.30","13,851.70","12,907.60","13,278.90",144.18K
29/10/2020,"13,278.30","13,640.00","12,982.90","13,457.20",111.23K
30/10/2020,"13,457.00","13,667.90","13,134.50","13,559.90",108.77K
31/10/2020,"13,560.20","14,065.40","13,441.70","13,797.30",102.75K
01/11/2020,"13,795.50","13,889.50","13,628.70","13,759.40",51.71K
02/11/2020,"13,759.70","13,828.40","13,214.20","13,561.40",97.76K
03/11/2020,"13,560.50","14,054.00","13,294.60","14,019.90",108.17K
04/11/2020,"14,023.00","14,238.80","13,544.40","14,145.60",140.80K
05/11/2020,"14,145.60","15,739.90","14,099.70","15,587.10",227.49K
06/11/2020,"15,593.90","15,955.20","15,223.50","15,577.90",186.13K
07/11/2020,"15,578.20","15,754.40","14,385.10","14,828.40",160.73K
08/11/2020,"14,826.60","15,648.30","14,720.70","15,483.70",94.99K
09/11/2020,"15,483.30","15,819.60","14,816.90","15,327.20",165.04K
10/11/2020,"15,328.00","15,465.30","15,096.50","15,303.60",93.36K
11/11/2020,"15,303.10","15,953.90","15,281.00","15,695.80",119.07K
12/11/2020,"15,695.80","16,342.70","15,483.50","16,294.70",165.54K
13/11/2020,"16,293.00","16,474.10","15,973.40","16,324.20",113.75K
14/11/2020,"16,323.10","16,328.20","15,717.70","16,071.00",83.64K
15/11/2020,"16,074.70","16,158.10","15,782.30","15,953.00",58.43K
16/11/2020,"15,954.10","16,880.70","15,870.70","16,715.80",118.09K
17/11/2020,"16,715.80","17,845.40","16,562.00","17,662.30",175.87K
18/11/2020,"17,662.30","18,466.10","17,258.90","17,774.60",233.43K
19/11/2020,"17,775.10","18,166.00","17,380.10","17,803.50",135.94K
20/11/2020,"17,805.50","18,811.00","17,758.40","18,675.20",134.42K
21/11/2020,"18,673.80","18,966.00","18,397.50","18,687.20",108.91K
22/11/2020,"18,689.30","18,751.50","17,644.60","18,412.90",121.76K
23/11/2020,"18,428.10","18,756.80","18,016.00","18,379.60",127.35K
24/11/2020,"18,394.60","19,416.60","18,074.80","19,152.60",180.79K
25/11/2020,"19,151.50","19,486.70","18,527.70","18,723.00",146.12K
26/11/2020,"18,721.90","18,894.90","16,235.20","17,162.00",312.07K
27/11/2020,"17,160.90","17,450.30","16,481.60","17,127.10",138.80K
28/11/2020,"17,142.60","17,874.40","16,874.40","17,730.70",95.20K
29/11/2020,"17,729.70","18,336.30","17,530.40","18,185.50",79.12K
30/11/2020,"18,186.00","19,831.20","18,186.00","19,698.10",185.59K
01/12/2020,"19,697.80","19,897.40","18,257.00","18,770.70",208.72K
02/12/2020,"18,767.90","19,335.50","18,346.70","19,218.80",91.92K
03/12/2020,"19,219.80","19,596.60","18,883.70","19,433.30",99.97K
04/12/2020,"19,431.10","19,529.50","18,610.80","18,658.10",110.63K
05/12/2020,"18,657.50","19,172.70","18,507.10","19,146.50",59.44K
06/12/2020,"19,146.00","19,417.10","18,873.00","19,379.90",54.56K
07/12/2020,"19,368.40","19,424.60","18,908.80","19,170.70",61.98K
08/12/2020,"19,170.80","19,288.60","18,229.20","18,326.60",101.41K
09/12/2020,"18,322.40","18,637.90","17,658.80","18,546.00",129.72K
10/12/2020,"18,546.10","18,551.80","17,926.80","18,247.20",85.31K
11/12/2020,"18,250.50","18,288.30","17,600.10","18,023.60",111.53K
12/12/2020,"18,026.70","18,936.20","18,025.10","18,808.90",71.37K
13/12/2020,"18,808.10","19,403.60","18,716.80","19,176.80",82.45K
14/12/2020,"19,176.40","19,346.50","19,007.00","19,273.80",67.11K
15/12/2020,"19,273.90","19,556.30","19,076.20","19,434.90",98.39K
16/12/2020,"19,434.70","21,525.30","19,299.70","21,352.20",199.81K
17/12/2020,"21,352.30","23,738.00","21,243.10","22,825.40",310.74K
18/12/2020,"22,823.30","23,272.80","22,361.50","23,127.90",131.80K
19/12/2020,"23,127.60","24,107.10","22,797.00","23,844.00",133.88K
20/12/2020,"23,843.60","24,280.90","23,098.90","23,474.90",114.09K
21/12/2020,"23,474.10","24,101.90","22,015.50","22,728.50",154.69K
22/12/2020,"22,730.40","23,825.40","22,388.60","23,823.20",130.75K
23/12/2020,"23,820.80","24,063.70","22,694.70","23,257.90",178.47K
24/12/2020,"23,253.20","23,783.70","22,737.30","23,736.50",104.59K
25/12/2020,"23,728.70","24,778.90","23,445.30","24,689.60",2.40K
26/12/2020,"24,714.70","26,826.00","24,515.10","26,454.40",155.77K
27/12/2020,"26,460.30","28,360.30","25,858.20","26,261.30",231.23K
28/12/2020,"26,259.20","27,444.90","26,144.30","27,057.80",126.98K
29/12/2020,"27,065.30","27,390.70","25,902.80","27,376.00",119.57K
30/12/2020,"27,374.50","28,979.30","27,374.50","28,868.70",159.82K
31/12/2020,"28,866.80","29,298.80","28,025.00","28,949.40",136.69K
01/01/2021,"28,951.70","29,627.10","28,712.40","29,359.90",100.90K
02/01/2021,"29,359.70","33,233.50","29,008.00","32,193.30",240.87K
03/01/2021,"32,192.90","34,755.90","32,029.60","32,958.90",155.21K
04/01/2021,"33,016.60","33,587.50","28,204.50","32,022.60",255.27K
05/01/2021,"32,015.40","34,414.70","30,010.50","33,991.50",202.13K
06/01/2021,"33,999.30","36,934.80","33,408.30","36,793.20",227.56K
07/01/2021,"36,798.50","40,340.90","36,361.20","39,460.20",249.60K
08/01/2021,"39,466.40","41,921.70","36,613.40","40,599.30",251.29K
09/01/2021,"40,607.20","41,363.50","38,775.10","40,151.90",128.42K
10/01/2021,"40,149.70","41,362.40","35,141.60","38,192.20",215.78K
11/01/2021,"38,195.30","38,217.20","30,411.60","35,544.30",251.04K
12/01/2021,"35,426.00","36,598.70","32,572.70","34,076.10",241.93K
13/01/2021,"34,061.20","37,764.60","32,451.90","37,382.20",209.93K
14/01/2021,"37,383.40","40,054.30","36,772.10","39,175.70",172.40K
15/01/2021,"39,175.70","39,715.00","34,488.70","36,845.80",118.42K
16/01/2021,"36,751.80","37,931.70","35,408.40","36,019.50",137.02K
17/01/2021,"36,020.10","36,801.30","33,883.50","35,839.60",126.82K
18/01/2021,"35,838.20","37,436.80","34,801.00","36,613.20",111.52K
19/01/2021,"36,630.60","37,821.00","36,001.40","36,002.90",79.11K
20/01/2021,"35,862.10","36,384.40","33,444.50","35,476.30",153.61K
21/01/2021,"35,472.30","35,591.10","30,101.80","30,842.10",253.27K
22/01/2021,"30,838.70","33,821.20","28,871.20","33,000.50",243.09K
23/01/2021,"32,994.10","33,441.40","31,418.20","32,088.90",100.70K
24/01/2021,"32,088.50","33,034.80","30,982.90","32,241.30",88.21K
25/01/2021,"32,244.30","34,854.30","31,967.40","32,252.30",142.43K
26/01/2021,"32,244.10","32,917.70","30,850.00","32,502.10",139.84K
27/01/2021,"32,499.60","32,545.40","29,290.40","30,404.00",194.35K
28/01/2021,"30,408.90","33,790.80","29,911.90","33,374.80",167.39K
29/01/2021,"33,381.70","38,546.00","31,953.30","34,301.80",297.73K
30/01/2021,"34,300.00","34,920.90","32,908.50","34,283.10",128.57K
31/01/2021,"34,281.60","34,348.30","32,189.90","33,108.10",101.92K
01/02/2021,"33,106.80","34,685.60","32,324.90","33,515.70",126.32K
02/02/2021,"33,514.00","35,976.10","33,462.40","35,485.20",120.85K
03/02/2021,"35,486.90","37,646.80","35,401.50","37,646.80",131.03K
04/02/2021,"37,648.90","38,707.90","36,380.80","36,982.10",151.44K
05/02/2021,"36,976.40","38,303.60","36,640.00","38,297.60",100.60K
06/02/2021,"38,300.60","40,939.70","38,275.30","39,256.60",156.02K
07/02/2021,"39,228.90","39,691.70","37,381.60","38,852.90",125.37K
08/02/2021,"38,853.60","46,596.40","38,057.00","46,395.70",248.47K
09/02/2021,"46,396.40","48,143.50","45,104.70","46,508.60",193.87K
10/02/2021,"46,507.80","47,295.30","43,800.50","44,836.00",151.83K
11/02/2021,"44,834.80","48,622.10","44,041.10","47,990.70",145.77K
12/02/2021,"47,995.00","48,927.40","46,218.60","47,371.70",133.73K
13/02/2021,"47,373.10","48,097.30","46,270.50","47,168.70",89.42K
14/02/2021,"47,172.10","49,695.10","47,051.90","48,643.40",106.50K
15/02/2021,"48,611.10","48,936.50","45,786.10","47,936.30",123.18K
16/02/2021,"47,934.20","50,515.80","47,044.40","49,169.70",141.37K
17/02/2021,"49,161.30","52,577.70","49,018.10","52,079.20",140.03K
18/02/2021,"52,094.50","52,524.00","50,941.60","51,582.20",94.35K
19/02/2021,"51,590.10","56,238.50","50,816.80","55,906.60",139.43K
20/02/2021,"55,922.00","57,523.80","54,124.10","55,923.70",127.85K
21/02/2021,"55,907.60","58,335.10","55,502.70","57,433.80",87.26K
22/02/2021,"57,437.60","57,480.80","48,353.80","54,111.80",244.95K
23/02/2021,"54,114.10","54,115.00","45,093.80","48,911.20",315.07K
24/02/2021,"48,911.10","51,311.80","47,031.70","49,697.50",153.75K
25/02/2021,"49,695.90","52,013.80","46,773.70","46,928.50",83.22K
26/02/2021,"46,928.50","48,413.90","44,248.20","46,345.60",189.41K
27/02/2021,"46,333.10","48,335.10","45,059.40","46,136.70",98.75K
28/02/2021,"46,136.00","46,582.00","43,100.60","45,164.00",135.08K
01/03/2021,"45,160.50","49,774.00","45,008.80","49,595.50",137.52K
02/03/2021,"49,595.60","50,191.90","47,100.60","48,424.20",102.10K
03/03/2021,"48,422.20","52,567.90","48,159.20","50,395.10",44.93K
04/03/2021,"50,388.00","51,757.70","47,521.80","48,428.00",9.56K
05/03/2021,"48,363.60","49,429.40","46,370.10","48,792.50",113.64K
06/03/2021,"48,798.70","49,191.80","47,132.80","48,855.60",66.66K
07/03/2021,"48,899.00","51,434.10","48,890.60","50,982.30",82.91K
08/03/2021,"50,988.90","52,384.90","49,338.10","52,311.00",68.14K
09/03/2021,"52,352.40","54,880.60","51,941.30","54,879.00",114.06K
10/03/2021,"54,882.70","57,328.70","53,073.60","55,851.90",140.96K
11/03/2021,"55,851.20","58,135.00","54,351.80","57,799.50",129.63K
12/03/2021,"57,806.20","58,052.30","55,134.50","57,265.10",116.96K
13/03/2021,"57,267.40","61,795.80","56,118.80","61,195.30",134.64K
14/03/2021,"61,192.70","61,673.70","59,113.70","59,113.70",80.29K
15/03/2021,"59,117.40","60,565.90","55,088.80","55,791.30",117.71K
16/03/2021,"55,619.50","56,889.70","53,342.60","56,889.70",128.51K
17/03/2021,"56,892.90","58,933.20","54,253.20","58,913.50",118.26K
18/03/2021,"58,911.80","60,088.00","57,099.60","57,656.00",102.62K
19/03/2021,"57,645.00","59,448.30","56,305.10","58,088.00",83.98K
20/03/2021,"58,084.10","59,882.10","57,863.00","58,093.40",67.83K
21/03/2021,"58,097.40","58,583.80","55,583.30","57,383.80",77.47K
22/03/2021,"57,379.30","58,379.90","53,784.20","54,158.30",95.53K
23/03/2021,"54,117.50","55,813.80","52,992.30","54,452.50",84.84K
24/03/2021,"54,309.10","57,169.40","51,725.40","52,325.40",137.91K
25/03/2021,"52,330.00","53,175.40","50,441.30","51,322.30",143.35K
26/03/2021,"51,317.40","55,074.10","51,302.00","55,036.10",100.30K
27/03/2021,"55,033.80","56,531.10","54,010.20","55,862.90",73.87K
28/03/2021,"55,856.90","56,504.20","54,711.30","55,765.20",58.71K
29/03/2021,"55,764.70","58,392.60","54,951.10","57,616.20",107.91K
30/03/2021,"57,614.60","59,366.90","57,077.10","58,771.30",86.21K
31/03/2021,"58,771.40","59,795.60","56,991.60","58,763.70",98.06K
01/04/2021,"58,763.20","59,406.50","58,040.70","58,718.30",69.04K
02/04/2021,"58,718.20","60,134.90","58,466.50","58,977.30",72.37K
03/04/2021,"58,976.80","59,770.50","56,906.70","57,059.90",68.74K
04/04/2021,"57,059.70","58,464.80","56,470.60","58,199.90",57.21K
05/04/2021,"58,202.30","59,205.10","56,842.70","58,993.40",54.13K
06/04/2021,"59,169.00","59,487.00","57,403.30","57,996.30",77.15K
07/04/2021,"57,996.30","58,627.70","55,489.30","55,948.70",110.69K
08/04/2021,"55,948.00","58,136.70","55,721.60","58,077.40",64.78K
09/04/2021,"58,076.80","58,890.90","57,686.00","58,118.70",59.22K
10/04/2021,"58,127.40","61,229.00","57,900.00","59,748.40",103.72K
11/04/2021,"59,772.40","60,667.10","59,250.30","59,978.70",58.20K
12/04/2021,"59,982.10","61,259.90","59,569.20","59,863.80",81.88K
13/04/2021,"59,863.60","63,659.00","59,839.40","63,540.90",126.56K
14/04/2021,"63,544.20","64,778.00","61,366.30","62,980.40",130.43K
15/04/2021,"62,978.60","63,729.10","62,067.50","63,216.00",76.97K
16/04/2021,"63,211.60","63,518.50","60,027.30","61,379.70",136.85K
17/04/2021,"61,358.30","62,509.10","59,672.10","60,041.90",84.08K
18/04/2021,"60,043.20","60,362.10","51,817.60","56,207.10",216.81K
19/04/2021,"56,208.10","57,517.00","54,272.30","55,646.10",117.51K
20/04/2021,"55,645.10","57,054.90","53,422.50","56,483.20",115.49K
21/04/2021,"56,479.50","56,764.40","53,657.60","53,820.20",100.26K
22/04/2021,"53,821.30","55,408.40","50,590.90","51,729.50",168.13K
23/04/2021,"51,707.10","52,099.90","47,659.40","51,143.60",214.46K
24/04/2021,"51,140.80","51,183.00","48,775.20","50,088.90",82.25K
25/04/2021,"50,088.20","50,532.40","47,098.50","48,963.60",59.20K
26/04/2021,"48,963.50","54,320.90","48,815.90","54,020.50",129.76K
27/04/2021,"54,011.10","55,427.80","53,345.00","55,036.50",84.08K
28/04/2021,"55,036.00","56,419.90","53,876.40","54,841.40",86.96K
29/04/2021,"54,838.60","55,173.70","52,400.00","53,560.80",83.90K
30/04/2021,"53,562.30","57,925.60","53,088.70","57,720.30",103.74K
01/05/2021,"57,719.10","58,449.40","57,029.50","57,807.10",63.41K
02/05/2021,"57,807.20","57,868.40","56,110.50","56,603.80",53.61K
03/05/2021,"56,605.80","58,925.10","56,562.40","57,169.80",89.24K
04/05/2021,"57,170.60","57,201.30","53,741.50","53,741.50",132.33K
05/05/2021,"53,872.50","57,936.40","53,872.50","57,441.30",119.82K
06/05/2021,"57,441.00","58,364.90","55,294.50","56,405.40",109.02K
07/05/2021,"56,411.40","58,639.30","55,300.10","57,337.20",110.01K
08/05/2021,"57,330.30","59,471.10","56,972.20","58,840.10",101.27K
09/05/2021,"58,840.60","59,227.00","56,414.40","58,238.30",103.59K
10/05/2021,"58,251.20","59,523.90","53,678.30","55,848.90",142.61K
11/05/2021,"55,846.10","56,871.10","54,550.40","56,695.70",96.47K
12/05/2021,"56,694.50","57,938.50","49,187.00","49,384.20",160.74K
13/05/2021,"49,398.20","51,337.30","46,331.10","49,704.60",236.71K
14/05/2021,"49,704.90","51,459.20","48,874.00","49,839.80",118.84K
15/05/2021,"49,839.10","50,640.90","46,650.20","46,708.80",131.91K
16/05/2021,"46,729.30","49,764.30","43,920.80","46,426.40",180.07K
17/05/2021,"46,424.20","46,545.40","42,201.50","43,541.30",274.76K
18/05/2021,"43,538.50","45,770.90","42,293.90","42,897.30",154.96K
19/05/2021,"42,898.30","43,516.60","30,261.70","36,720.50",607.10K
20/05/2021,"36,706.80","42,425.90","35,010.40","40,717.20",269.75K
21/05/2021,"40,611.20","42,108.30","33,592.30","37,297.40",315.50K
22/05/2021,"37,291.00","38,776.00","35,314.90","37,448.30",185.83K
23/05/2021,"37,446.80","38,248.70","31,192.40","34,679.70",325.73K
24/05/2021,"34,720.30","39,851.70","34,474.60","38,750.60",244.88K
25/05/2021,"38,753.60","39,740.80","36,540.70","38,378.30",163.01K
26/05/2021,"38,375.70","40,750.00","37,847.00","39,249.20",153.80K
27/05/2021,"39,249.00","40,322.20","37,190.80","38,417.30",122.93K
28/05/2021,"38,543.20","38,844.10","34,772.40","35,662.50",199.58K
29/05/2021,"35,664.50","37,227.10","33,664.20","34,584.60",160.43K
30/05/2021,"34,589.30","36,388.60","33,441.00","35,652.80",104.18K
31/05/2021,"35,644.00","37,480.70","34,213.20","37,298.60",131.70K
01/06/2021,"37,294.30","37,850.30","35,742.70","36,687.60",113.48K
02/06/2021,"36,687.70","38,199.90","35,981.10","37,555.80",96.89K
03/06/2021,"37,555.70","39,462.30","37,193.60","39,187.30",106.44K
04/06/2021,"39,191.40","39,255.40","35,659.90","36,851.30",127.71K
05/06/2021,"36,841.20","37,887.60","34,832.00","35,520.00",101.48K
06/06/2021,"35,518.70","36,434.00","35,265.30","35,815.40",62.20K
07/06/2021,"35,815.40","36,754.60","33,410.10","33,578.00",119.50K
08/06/2021,"33,574.60","34,047.80","31,158.10","33,382.90",193.54K
09/06/2021,"33,385.50","37,517.60","32,428.60","37,332.20",209.82K
10/06/2021,"37,375.20","38,340.80","35,824.00","36,649.40",154.32K
11/06/2021,"36,654.30","37,641.10","36,003.30","37,314.60",109.15K
12/06/2021,"37,334.40","37,437.30","34,703.30","35,467.50",87.73K
13/06/2021,"35,467.50","39,321.60","34,827.00","39,022.90",123.32K
14/06/2021,"39,024.10","40,970.40","38,769.90","40,529.40",157.35K
15/06/2021,"40,522.50","41,318.00","39,589.90","40,156.10",117.55K
16/06/2021,"40,148.10","40,494.40","38,156.40","38,336.00",123.52K
17/06/2021,"38,337.80","39,529.90","37,425.30","38,052.00",109.58K
18/06/2021,"38,045.50","38,166.00","35,198.50","35,749.40",102.84K
19/06/2021,"35,770.00","36,357.30","34,845.50","35,513.40",105.46K
20/06/2021,"35,510.90","36,097.90","33,378.00","35,595.80",137.48K
21/06/2021,"35,597.90","35,708.40","31,284.10","31,692.00",256.87K
22/06/2021,"31,682.70","33,272.50","28,901.80","32,496.40",309.65K
23/06/2021,"32,498.30","34,784.30","31,736.50","33,674.30",173.34K
24/06/2021,"33,678.10","35,249.90","32,356.70","34,665.80",119.25K
25/06/2021,"34,660.50","35,490.90","31,337.90","31,594.00",193.43K
26/06/2021,"31,592.10","32,643.00","30,206.90","32,243.40",156.67K
27/06/2021,"32,247.10","34,685.50","32,041.70","34,678.50",148.80K
28/06/2021,"34,682.20","35,231.20","33,944.90","34,475.90",112.00K
29/06/2021,"34,477.30","36,590.30","34,247.60","35,834.70",97.27K
30/06/2021,"35,832.60","36,089.50","34,126.60","35,026.90",107.07K
01/07/2021,"35,030.70","35,032.70","32,839.20","33,543.60",27.41K
02/07/2021,"33,542.20","33,925.90","32,734.60","33,813.40",78.93K
03/07/2021,"33,814.20","34,909.80","33,363.30","34,742.80",55.69K
04/07/2021,"34,742.80","35,957.60","34,740.10","35,298.20",56.13K
05/07/2021,"35,297.00","35,300.50","33,164.10","33,687.80",88.36K
06/07/2021,"33,688.50","35,062.00","33,581.70","34,225.60",83.63K
07/07/2021,"34,228.70","35,036.60","33,801.30","33,867.80",72.03K
08/07/2021,"33,859.40","33,923.20","32,146.90","32,866.30",108.09K
09/07/2021,"32,866.30","34,079.20","32,367.00","33,797.40",67.14K
10/07/2021,"33,797.70","34,221.00","33,056.80","33,510.60",50.94K
11/07/2021,"33,510.80","34,580.60","33,319.80","34,227.70",35.72K
12/07/2021,"34,228.30","34,598.00","32,662.80","33,113.00",63.24K
13/07/2021,"33,106.10","33,307.70","32,259.50","32,728.10",60.04K
14/07/2021,"32,727.80","33,051.90","31,611.20","32,820.70",69.56K
15/07/2021,"32,820.50","33,157.00","31,175.80","31,840.50",76.95K
16/07/2021,"31,842.30","32,239.80","31,062.20","31,394.00",70.48K
17/07/2021,"31,384.40","31,914.80","31,207.80","31,518.60",58.06K
18/07/2021,"31,517.90","32,408.20","31,220.60","31,785.40",57.01K
19/07/2021,"31,782.90","31,887.00","30,478.20","30,837.20",77.48K
20/07/2021,"30,835.40","31,040.80","29,310.20","29,793.80",97.46K
21/07/2021,"29,794.70","32,794.60","29,519.30","32,131.40",118.34K
22/07/2021,"32,131.70","32,585.40","31,729.40","32,298.90",64.87K
23/07/2021,"32,297.90","33,605.60","32,041.10","33,603.30",66.15K
24/07/2021,"33,600.50","33,955.00","33,412.90","33,824.80",67.14K
25/07/2021,"34,392.50","35,391.10","33,881.30","35,391.10",65.10K
26/07/2021,"35,392.30","40,522.90","35,236.70","37,276.60",177.63K
27/07/2021,"37,294.30","39,455.90","36,427.40","39,452.00",100.24K
28/07/2021,"39,450.40","40,862.20","38,883.80","40,003.20",148.92K
29/07/2021,"40,009.00","40,630.70","39,340.80","40,001.40",75.30K
30/07/2021,"40,001.10","42,264.40","38,358.40","42,203.40",98.45K
31/07/2021,"42,201.40","42,285.30","41,066.40","41,553.70",44.65K
01/08/2021,"41,510.00","42,565.00","39,556.50","39,878.30",80.33K
02/08/2021,"39,869.80","40,449.00","38,692.50","39,168.40",74.81K
03/08/2021,"39,167.40","39,766.60","37,688.20","38,130.30",0.26K
04/08/2021,"38,188.40","39,956.50","37,556.00","39,736.90",79.22K
05/08/2021,"39,734.40","41,366.30","37,365.40","40,867.20",130.60K
06/08/2021,"40,868.40","43,253.40","39,905.40","42,795.40",111.93K
07/08/2021,"42,784.70","44,697.30","42,611.00","44,614.20",112.84K
08/08/2021,"44,584.90","45,284.10","43,314.40","43,792.80",105.25K
09/08/2021,"43,794.90","46,460.70","42,824.10","46,284.30",117.08K
10/08/2021,"46,281.80","46,663.40","44,681.20","45,593.80",80.55K
11/08/2021,"45,593.20","46,736.50","45,367.90","45,564.30",75.43K
12/08/2021,"45,562.30","46,213.80","43,814.70","44,403.40",81.07K
13/08/2021,"44,404.00","47,836.00","44,242.40","47,809.10",75.27K
14/08/2021,"47,809.60","48,090.90","46,117.20","47,081.50",64.29K
15/08/2021,"47,082.60","47,344.10","45,564.10","46,991.30",58.11K
16/08/2021,"46,991.60","48,002.40","45,672.10","45,996.30",2.41K
17/08/2021,"45,907.50","47,140.60","44,441.30","44,691.60",84.14K
18/08/2021,"44,691.10","46,004.90","44,230.00","44,723.80",22.36K
19/08/2021,"44,725.90","47,012.30","43,986.70","46,755.90",77.92K
20/08/2021,"46,756.70","49,343.30","46,646.80","49,324.00",83.19K
21/08/2021,"49,330.00","49,719.10","48,293.50","48,875.80",18.20K
22/08/2021,"48,870.40","49,480.30","48,151.00","49,254.50",49.32K
23/08/2021,"49,255.40","50,498.80","49,038.60","49,539.70",75.37K
24/08/2021,"49,532.50","49,847.40","47,623.60","47,714.70",74.26K
25/08/2021,"47,707.40","49,230.20","47,163.30","48,994.50",63.54K
26/08/2021,"48,994.40","49,347.80","46,360.40","46,831.60",73.79K
27/08/2021,"46,830.20","49,142.00","46,371.50","49,064.30",62.47K
28/08/2021,"49,062.80","49,289.40","48,428.50","48,897.10",36.73K
29/08/2021,"48,899.70","49,621.70","47,870.10","48,777.40",47.62K
30/08/2021,"48,777.10","48,886.00","46,876.90","46,992.70",61.68K
31/08/2021,"46,989.10","48,217.00","46,709.30","47,130.40",71.48K
01/09/2021,"47,129.20","49,121.00","46,533.10","48,819.40",74.38K
02/09/2021,"48,817.80","50,355.30","48,612.90","49,274.30",80.21K
03/09/2021,"49,269.50","51,008.80","48,377.30","49,999.00",88.08K
04/09/2021,"49,999.30","50,534.60","49,461.40","49,918.40",48.14K
05/09/2021,"49,918.70","51,878.20","49,492.40","51,768.60",57.30K
06/09/2021,"51,769.40","52,726.20","51,002.80","52,672.10",69.46K
07/09/2021,"52,674.20","52,885.30","43,072.40","46,779.60",187.56K
08/09/2021,"46,774.10","47,316.90","44,493.70","46,061.40",100.48K
09/09/2021,"46,057.60","47,305.70","45,609.00","46,385.60",73.63K
10/09/2021,"46,385.90","47,021.60","44,283.60","44,842.80",75.62K
11/09/2021,"44,844.90","45,975.60","44,766.60","45,161.90",41.58K
12/09/2021,"45,162.60","46,386.40","44,755.20","46,062.30",44.52K
13/09/2021,"46,060.80","46,807.70","43,463.20","44,949.50",96.15K
14/09/2021,"44,950.20","47,247.60","44,718.70","47,077.50",65.33K
15/09/2021,"47,070.80","48,436.50","46,743.90","48,130.60",63.40K
16/09/2021,"48,132.30","48,480.60","47,040.30","47,748.00",60.91K
17/09/2021,"47,748.20","48,155.90","46,788.80","47,282.80",50.16K
18/09/2021,"47,283.90","48,761.00","47,070.50","48,306.70",43.64K
19/09/2021,"48,299.90","48,341.90","46,866.60","47,238.70",41.98K
20/09/2021,"47,240.80","47,323.90","42,547.10","42,870.60",77.96K
21/09/2021,"43,012.30","43,619.30","39,646.80","40,651.30",142.55K
22/09/2021,"40,660.80","43,976.70","40,585.70","43,551.60",93.98K
23/09/2021,"43,550.70","44,949.80","43,090.10","44,869.20",74.54K
24/09/2021,"44,867.40","45,112.00","40,908.50","42,819.90",128.88K
25/09/2021,"42,818.70","42,959.30","41,714.50","42,686.80",46.35K
26/09/2021,"42,685.80","43,907.30","40,786.60","43,203.40",69.91K
27/09/2021,"43,200.90","44,293.20","42,143.90","42,172.60",54.12K
28/09/2021,"42,169.90","42,758.80","40,906.40","41,022.30",60.01K
29/09/2021,"41,023.10","42,571.20","40,815.00","41,536.80",48.21K
30/09/2021,"41,534.50","44,101.20","41,416.70","43,823.30",64.32K
01/10/2021,"43,824.40","48,435.20","43,292.90","48,146.00",94.66K
02/10/2021,"48,147.20","48,306.90","47,451.70","47,666.90",39.82K
03/10/2021,"47,665.40","49,165.20","47,123.00","48,200.10",42.41K
04/10/2021,"48,200.40","49,481.70","46,958.60","49,227.30",66.92K
05/10/2021,"49,229.50","51,872.40","49,060.10","51,469.30",76.63K
06/10/2021,"51,470.00","55,676.10","50,439.50","55,323.20",116.26K
07/10/2021,"55,325.20","55,325.60","53,476.40","53,783.90",75.68K
08/10/2021,"53,785.50","55,977.90","53,659.30","53,914.70",64.05K
09/10/2021,"53,924.10","55,430.80","53,711.70","54,942.50",64.65K
10/10/2021,"54,942.50","56,432.20","54,100.80","54,687.70",104.43K
11/10/2021,"54,686.90","57,814.10","54,457.80","57,477.30",73.84K
12/10/2021,"57,480.60","57,635.70","54,155.40","56,015.90",74.85K
13/10/2021,"56,014.50","57,697.40","54,314.40","57,380.10",73.62K
14/10/2021,"57,370.40","58,506.50","56,866.80","57,345.80",59.84K
15/10/2021,"57,348.20","62,892.80","56,874.80","61,672.50",121.48K
16/10/2021,"61,669.20","62,329.20","60,161.90","60,861.10",49.93K
17/10/2021,"60,865.50","61,651.40","59,143.40","61,527.50",53.39K
18/10/2021,"61,525.80","62,623.60","60,026.90","62,056.30",80.15K
19/10/2021,"62,030.20","64,454.00","61,451.00","64,278.50",80.16K
20/10/2021,"64,276.90","66,967.10","63,543.70","65,979.10",79.87K
21/10/2021,"66,004.60","66,616.90","62,092.10","62,210.20",105.38K
22/10/2021,"62,200.80","63,699.70","60,055.70","60,690.30",75.69K
23/10/2021,"60,693.20","61,728.70","59,738.30","61,312.50",37.05K
24/10/2021,"61,308.20","61,469.90","59,523.70","60,866.50",42.67K
25/10/2021,"60,864.30","63,694.80","60,655.80","63,067.00",51.06K
26/10/2021,"63,067.50","63,275.10","59,907.30","60,310.80",57.13K
27/10/2021,"60,312.50","61,452.90","58,112.60","58,438.10",88.11K
28/10/2021,"58,437.20","62,251.30","58,128.10","60,582.50",88.47K
29/10/2021,"60,579.90","62,952.20","60,322.20","62,242.80",63.39K
30/10/2021,"62,245.00","62,338.50","60,786.00","61,840.10",40.51K
31/10/2021,"61,842.20","62,393.70","60,005.70","61,309.60",50.06K
01/11/2021,"61,310.10","62,430.10","59,612.70","60,915.30",61.21K
02/11/2021,"60,912.20","64,256.40","60,651.50","63,221.70",65.26K
03/11/2021,"63,223.50","63,508.60","60,883.00","62,918.50",61.05K
04/11/2021,"62,915.40","63,077.60","60,742.90","61,412.60",49.91K
05/11/2021,"61,411.50","62,560.30","60,742.40","60,974.30",44.46K
06/11/2021,"60,973.20","61,543.20","60,093.60","61,483.90",34.89K
07/11/2021,"61,483.80","63,273.20","61,347.20","63,273.20",34.34K
08/11/2021,"63,276.40","67,763.30","63,276.40","67,527.90",81.08K
09/11/2021,"67,528.70","68,493.30","66,334.90","66,904.40",66.13K
10/11/2021,"66,942.60","68,990.60","62,951.30","64,932.60",96.21K
11/11/2021,"64,922.80","65,583.30","64,121.90","64,806.70",50.37K
12/11/2021,"64,782.60","65,449.70","62,309.70","64,134.50",63.27K
13/11/2021,"64,133.30","64,906.00","63,381.40","64,398.60",30.34K
14/11/2021,"64,397.20","65,508.20","63,608.30","65,508.20",33.98K
15/11/2021,"65,514.90","66,311.20","63,439.50","63,597.90",53.53K
16/11/2021,"63,605.10","63,605.60","58,655.90","60,089.10",115.36K
17/11/2021,"60,074.20","60,814.50","58,531.90","60,367.80",73.93K
18/11/2021,"60,368.20","60,936.90","56,524.40","56,955.30",100.37K
19/11/2021,"56,908.30","58,335.90","55,626.30","58,083.40",74.44K
20/11/2021,"58,080.80","59,854.60","57,435.30","59,717.60",44.53K
21/11/2021,"59,724.00","60,002.60","58,528.30","58,714.30",40.98K
22/11/2021,"58,719.70","59,288.30","55,656.80","56,308.80",76.45K
23/11/2021,"56,304.80","57,855.10","55,542.50","57,573.20",72.48K
24/11/2021,"57,559.40","57,697.40","55,910.60","57,171.70",56.68K
25/11/2021,"57,167.10","59,387.30","57,029.80","58,935.10",56.79K
26/11/2021,"58,937.30","59,151.10","53,533.50","53,730.90",104.03K
27/11/2021,"53,747.20","55,280.30","53,654.30","54,765.90",40.71K
28/11/2021,"54,758.00","57,392.30","53,448.30","57,291.50",49.28K
29/11/2021,"57,288.10","58,855.20","56,726.70","57,794.80",58.65K
30/11/2021,"57,795.20","59,174.40","55,936.90","56,882.90",73.66K
01/12/2021,"56,891.70","59,064.30","56,496.50","57,210.30",66.75K
02/12/2021,"57,207.80","57,377.50","55,807.90","56,496.00",54.94K
03/12/2021,"56,495.20","57,543.60","52,008.90","53,631.50",89.20K
04/12/2021,"53,620.70","53,847.20","42,587.80","49,195.20",168.00K
05/12/2021,"49,196.40","49,689.30","47,797.80","49,405.50",72.03K
06/12/2021,"49,412.10","50,913.30","47,237.90","50,562.10",89.68K
07/12/2021,"50,547.40","51,918.60","50,070.90","50,595.20",56.29K
08/12/2021,"50,596.60","51,204.70","48,700.70","50,473.90",55.59K
09/12/2021,"50,477.60","50,790.20","47,341.90","47,596.60",58.69K
10/12/2021,"47,591.70","49,974.80","47,007.10","47,137.20",68.06K
11/12/2021,"47,138.40","49,487.00","46,834.00","49,314.50",45.23K
12/12/2021,"49,332.50","50,779.20","48,670.50","50,081.00",40.30K
13/12/2021,"50,075.90","50,196.10","45,848.20","46,703.60",80.37K
14/12/2021,"46,709.80","48,635.00","46,338.30","48,366.50",62.54K
15/12/2021,"48,366.20","49,477.90","46,572.60","48,871.50",80.28K
16/12/2021,"48,876.60","49,387.80","47,543.90","47,628.20",48.20K
17/12/2021,"47,630.40","47,997.20","45,523.80","46,172.20",67.50K
18/12/2021,"46,171.80","47,330.20","45,513.40","46,856.20",36.93K
19/12/2021,"46,855.70","48,270.20","46,438.40","46,704.50",44.05K
20/12/2021,"46,703.40","47,488.90","45,577.30","46,895.20",57.53K
21/12/2021,"46,900.10","49,306.10","46,654.00","48,902.00",57.88K
22/12/2021,"48,898.70","49,540.30","48,449.70","48,599.70",40.89K
23/12/2021,"48,599.60","51,355.60","48,053.40","50,801.00",56.24K
24/12/2021,"50,807.40","51,795.30","50,428.40","50,786.10",45.97K
25/12/2021,"50,789.60","51,140.20","50,196.80","50,406.40",26.67K
26/12/2021,"50,404.00","51,247.00","49,527.00","50,779.90",32.34K
27/12/2021,"50,783.60","52,016.30","50,459.00","50,678.20",43.90K
28/12/2021,"50,703.40","50,703.80","47,345.70","47,545.20",74.39K
29/12/2021,"47,548.40","48,121.70","46,127.80","46,461.70",63.92K
30/12/2021,"46,470.70","47,901.40","46,003.00","47,123.30",60.96K
31/12/2021,"47,123.30","48,553.90","45,693.60","46,219.50",58.18K
01/01/2022,"46,217.50","47,917.60","46,217.50","47,738.00",31.24K
02/01/2022,"47,738.70","47,944.90","46,718.20","47,311.80",27.02K
03/01/2022,"47,293.90","47,556.00","45,704.00","46,430.20",41.06K
04/01/2022,"46,435.70","47,505.40","45,602.10","45,837.30",55.59K
05/01/2022,"45,833.10","47,019.40","42,535.10","43,425.90",83.74K
06/01/2022,"43,431.60","43,772.30","42,481.10","43,097.50",63.08K
07/01/2022,"43,097.90","43,127.70","40,810.00","41,546.70",88.36K
08/01/2022,"41,551.30","42,304.40","40,574.30","41,672.00",52.54K
09/01/2022,"41,681.20","42,764.40","41,260.90","41,848.30",37.51K
10/01/2022,"41,848.90","42,243.80","39,697.00","41,832.20",85.50K
11/01/2022,"41,829.10","43,090.20","41,287.60","42,733.20",61.78K
12/01/2022,"42,735.00","44,243.60","42,476.70","43,901.00",53.95K
13/01/2022,"43,900.00","44,404.70","42,337.50","42,560.00",53.42K
14/01/2022,"42,562.20","43,435.10","41,848.70","43,073.30",50.50K
15/01/2022,"43,073.60","43,777.90","42,586.10","43,097.00",31.44K
16/01/2022,"43,079.20","43,462.00","42,643.30","43,079.10",28.66K
17/01/2022,"43,080.50","43,179.60","41,559.40","42,209.30",41.44K
18/01/2022,"42,209.90","42,674.20","41,300.70","42,364.60",47.32K
19/01/2022,"42,365.30","42,558.00","41,160.90","41,677.80",53.77K
20/01/2022,"41,683.60","43,487.10","40,568.30","40,715.90",65.28K
21/01/2022,"40,698.10","41,104.60","35,503.90","36,475.50",155.80K
22/01/2022,"36,467.70","36,749.80","34,116.00","35,075.20",138.09K
23/01/2022,"35,072.90","36,513.00","34,655.20","36,269.50",70.43K
24/01/2022,"36,268.60","37,424.00","32,985.60","36,686.30",153.77K
25/01/2022,"36,691.30","37,501.80","35,729.30","36,950.60",79.68K
26/01/2022,"36,962.30","38,862.60","36,280.00","36,800.40",107.87K
27/01/2022,"36,800.10","37,215.40","35,543.20","37,164.30",83.52K
28/01/2022,"37,195.60","37,995.90","36,176.50","37,745.10",69.45K
29/01/2022,"37,736.50","38,663.70","37,350.20","38,170.80",42.77K
30/01/2022,"38,167.50","38,313.30","37,390.60","37,917.70",34.10K
31/01/2022,"37,923.80","38,701.40","36,672.80","38,498.60",61.27K
01/02/2022,"38,475.60","39,230.00","38,037.90","38,709.70",55.20K
02/02/2022,"38,711.20","38,853.80","36,682.30","36,890.20",53.74K
03/02/2022,"36,890.20","37,304.30","36,297.30","37,287.80",50.35K
04/02/2022,"37,287.80","41,689.00","37,041.10","41,567.60",95.49K
05/02/2022,"41,566.50","41,899.80","40,963.30","41,412.10",46.32K
06/02/2022,"41,411.90","42,614.80","41,176.30","42,392.20",31.20K
07/02/2022,"42,385.20","44,468.30","41,695.40","43,833.90",76.60K
08/02/2022,"43,833.90","45,399.80","42,705.00","44,038.20",92.88K
09/02/2022,"44,038.20","44,800.40","43,163.00","44,388.90",50.92K
10/02/2022,"44,388.90","45,755.20","43,242.50","43,521.00",89.69K
11/02/2022,"43,519.30","43,915.10","42,023.40","42,388.40",69.95K
12/02/2022,"42,388.40","43,006.40","41,776.80","42,205.20",37.88K
13/02/2022,"42,205.50","42,725.10","41,880.10","42,061.10",25.88K
14/02/2022,"42,061.10","42,799.70","41,591.30","42,550.30",53.60K
15/02/2022,"42,550.30","44,722.60","42,460.10","44,544.40",56.34K
16/02/2022,"44,540.90","44,552.90","43,377.60","43,883.60",41.40K
17/02/2022,"43,885.50","44,167.10","40,103.80","40,552.80",72.63K
18/02/2022,"40,532.50","40,935.50","39,505.00","40,000.10",64.96K
19/02/2022,"40,000.10","40,434.30","39,666.60","40,090.30",25.78K
20/02/2022,"40,089.60","40,120.30","38,042.20","38,355.00",47.92K
21/02/2022,"38,355.00","39,444.10","36,868.90","37,017.70",91.82K
22/02/2022,"37,018.30","38,414.90","36,399.60","38,248.20",82.75K
23/02/2022,"38,248.20","39,194.50","37,099.50","37,224.60",64.84K
24/02/2022,"37,250.20","39,351.60","34,357.40","38,339.20",180.47K
25/02/2022,"38,339.20","39,683.70","38,042.60","39,209.60",83.78K
26/02/2022,"39,221.60","40,094.50","38,639.10","39,115.50",41.55K
27/02/2022,"39,116.60","39,838.50","37,062.30","37,689.10",66.14K
28/02/2022,"37,707.20","43,977.80","37,458.90","43,188.20",108.07K
01/03/2022,"43,187.20","44,900.50","42,876.60","44,420.30",90.67K
02/03/2022,"44,420.30","45,294.20","43,361.30","43,912.80",80.82K
03/03/2022,"43,912.80","44,077.20","41,840.80","42,463.00",74.11K
04/03/2022,"42,463.00","42,848.70","38,594.90","39,142.70",3.21B
05/03/2022,"39,142.80","39,600.20","38,626.10","39,395.80",1.50B
06/03/2022,"39,396.30","39,668.10","38,115.00","38,403.10",1.93B
07/03/2022,"38,420.60","39,532.00","37,182.10","38,024.80",3.02B
08/03/2022,"38,020.60","39,351.50","37,886.60","38,744.80",2.67B
09/03/2022,"38,731.50","42,538.50","38,663.30","41,929.00",3.60B
10/03/2022,"41,933.90","42,029.10","38,603.50","39,416.30",3.62B
11/03/2022,"39,422.50","40,177.00","38,236.40","38,730.20",2.79B
12/03/2022,"38,730.20","39,355.30","38,666.50","38,814.30",1.11B
13/03/2022,"38,813.20","39,272.30","37,603.40","37,792.40",1.55B
14/03/2022,"37,789.50","39,914.30","37,613.60","39,671.10",2.33B
15/03/2022,"39,673.00","39,854.70","38,220.90","39,285.70",2.25B
16/03/2022,"39,282.50","41,701.60","38,953.20","41,118.70",4.47B
17/03/2022,"41,118.70","41,406.00","40,557.80","40,914.80",1.90B
18/03/2022,"40,914.60","42,308.40","40,234.80","41,767.80",2.31B
19/03/2022,"41,768.00","42,386.00","41,529.60","42,233.00",224.59M
20/03/2022,"42,241.00","42,301.00","40,922.00","41,276.00",308.45M
21/03/2022,"41,282.00","41,532.00","40,530.00","41,022.00",406.62M
22/03/2022,"41,022.00","43,327.90","40,893.00","42,373.00",537.06M
23/03/2022,"42,373.00","43,027.00","41,795.00","42,912.00",433.96M
24/03/2022,"42,911.00","44,251.00","42,658.00","44,013.00",491.66M
25/03/2022,"44,013.00","45,112.00","43,622.00","44,331.00",494.09M
26/03/2022,"44,331.00","44,818.00","44,090.00","44,548.00",196.30M
27/03/2022,"44,542.00","46,947.00","44,445.00","46,859.00",388.79M
28/03/2022,"46,859.00","48,199.00","46,672.00","47,105.00",610.27M
29/03/2022,"47,126.00","48,127.00","47,029.00","47,449.00",478.82M
30/03/2022,"47,449.00","47,714.00","46,601.00","47,075.00",467.76M
31/03/2022,"47,071.00","47,624.00","45,228.00","45,525.00",520.00M
01/04/2022,"45,529.00","46,728.00","44,261.00","46,297.00",632.93M
02/04/2022,"46,299.00","47,212.00","45,641.00","45,811.00",345.93M
03/04/2022,"45,813.00","47,435.00","45,554.00","46,407.00",398.86M
04/04/2022,"46,407.00","46,899.00","45,152.00","46,629.00",446.12M
05/04/2022,"46,614.00","47,201.00","45,388.00","45,506.00",421.11M
06/04/2022,"45,494.00","45,519.00","43,122.00","43,173.00",649.52M
07/04/2022,"43,166.00","43,893.00","42,747.00","43,448.00",390.85M
08/04/2022,"43,450.00","43,979.00","42,113.00","42,275.00",467.83M
09/04/2022,"42,275.00","42,809.00","42,129.00","42,767.00",165.16M
10/04/2022,"42,760.00","43,421.00","41,884.00","42,138.00",255.83M
11/04/2022,"42,144.00","42,418.00","39,202.00","39,497.00",608.38M
12/04/2022,"39,507.00","40,678.00","39,265.00","40,078.00",468.27M
13/04/2022,"40,072.00","41,515.00","39,581.00","41,133.00",406.70M
14/04/2022,"41,133.00","41,494.00","39,585.00","39,936.00",294.29M
15/04/2022,"39,936.00","40,850.00","39,781.00","40,560.00",233.09M
16/04/2022,"40,571.00","40,691.00","40,003.00","40,382.00",151.31M
17/04/2022,"40,382.00","40,599.00","39,561.00","39,703.00",210.01M
18/04/2022,"39,700.00","41,095.00","38,577.00","40,803.00",484.26M
19/04/2022,"40,809.00","41,746.00","40,585.00","41,503.00",268.28M
20/04/2022,"41,499.00","42,203.00","40,915.00","41,368.00",382.84M
21/04/2022,"41,370.00","42,969.00","39,793.00","40,482.00",493.05M
22/04/2022,"40,487.00","40,792.00","39,200.00","39,709.00",421.30M
23/04/2022,"39,709.00","39,973.00","39,291.00","39,418.00",190.60M
24/04/2022,"39,434.00","39,929.00","39,033.00","39,464.00",283.63M
25/04/2022,"39,464.00","40,599.00","38,233.00","40,427.00",654.60M
26/04/2022,"40,443.00","40,770.00","37,708.00","38,113.00",681.47M
27/04/2022,"38,113.00","39,447.00","37,869.00","39,243.00",426.83M
28/04/2022,"39,243.00","40,382.00","38,888.00","39,748.00",542.39M
29/04/2022,"39,748.00","39,919.00","38,175.00","38,581.00",382.90M
30/04/2022,"38,590.00","38,776.00","37,596.00","37,650.00",248.22M
01/05/2022,"37,642.00","38,676.00","37,397.00","38,461.00",276.99M
02/05/2022,"38,472.00","39,134.00","38,061.00","38,514.00",580.79M
03/05/2022,"38,515.00","38,647.00","37,513.00","37,718.00",367.21M
04/05/2022,"37,717.00","40,021.00","37,660.00","39,688.00",691.49M
05/05/2022,"39,686.00","39,833.00","36,183.00","36,544.00",1.04B
06/05/2022,"36,540.00","36,646.00","35,267.00","36,009.00",752.84M
07/05/2022,"36,003.00","36,119.00","34,773.00","35,468.00",288.86M
08/05/2022,"35,468.00","35,497.00","33,727.00","34,060.00",671.05M
09/05/2022,"34,041.00","34,227.00","30,095.00","30,095.00",268.09K
10/05/2022,"30,098.20","32,621.20","29,831.00","31,007.50",235.61K
11/05/2022,"31,008.00","32,113.60","27,835.50","29,068.20",296.90K
12/05/2022,"29,073.40","30,136.70","26,500.50","28,976.00",309.48K
13/05/2022,"28,994.30","31,002.70","28,755.00","29,284.40",141.23K
14/05/2022,"29,285.20","30,277.40","28,666.70","30,080.40",70.46K
15/05/2022,"30,078.60","31,383.80","29,499.40","31,308.70",65.44K
16/05/2022,"31,308.30","31,312.40","29,135.80","29,849.00",100.25K
17/05/2022,"29,856.70","30,720.10","29,484.50","30,437.50",79.63K
18/05/2022,"30,437.50","30,687.90","28,648.10","28,683.70",92.03K
19/05/2022,"28,700.40","30,525.10","28,682.10","30,305.90",101.38K
20/05/2022,"30,305.90","30,735.10","28,738.50","29,178.60",98.78K
21/05/2022,"29,188.70","29,623.20","28,953.90","29,434.60",32.27K
22/05/2022,"29,433.00","30,462.00","29,260.10","30,286.60",50.60K
23/05/2022,"30,287.30","30,644.80","28,913.60","29,093.30",92.10K
24/05/2022,"29,091.60","29,810.80","28,706.10","29,648.70",79.42K
25/05/2022,"29,648.70","30,202.30","29,353.50","29,540.60",78.85K
26/05/2022,"29,537.90","29,868.90","28,077.90","29,203.50",126.71K
27/05/2022,"29,194.00","29,377.10","28,282.20","28,601.20",116.41K
28/05/2022,"28,620.10","29,194.40","28,537.20","29,027.10",43.87K
29/05/2022,"29,027.10","29,556.50","28,838.70","29,465.20",36.87K
30/05/2022,"29,465.20","32,185.60","29,307.20","31,723.30",129.56K
31/05/2022,"31,730.20","32,377.50","31,221.20","31,793.40",86.60K
01/06/2022,"31,793.10","31,969.90","29,396.60","29,798.50",135.09K
02/06/2022,"29,798.60","30,638.50","29,604.40","30,455.50",81.40K
03/06/2022,"30,455.70","30,674.80","29,330.80","29,700.90",72.13K
04/06/2022,"29,700.90","29,963.80","29,489.50","29,864.30",33.51K
05/06/2022,"29,865.10","30,166.90","29,539.00","29,913.00",30.33K
06/06/2022,"29,911.20","31,753.40","29,888.60","31,367.60",94.01K
07/06/2022,"31,370.30","31,556.60","29,235.00","31,128.80",140.32K
08/06/2022,"31,127.20","31,312.10","29,874.80","30,201.60",87.96K
09/06/2022,"30,202.10","30,691.40","29,953.80","30,097.80",61.72K
10/06/2022,"30,097.40","30,325.60","28,884.90","29,083.30",104.26K
11/06/2022,"29,083.30","29,426.60","28,161.80","28,403.40",82.92K
12/06/2022,"28,404.00","28,534.80","26,606.30","26,606.30",120.02K
13/06/2022,"26,606.30","26,857.60","22,006.30","22,448.00",379.26K
14/06/2022,"22,449.10","23,200.30","20,860.90","22,157.30",251.01K
15/06/2022,"22,137.50","22,754.40","20,125.80","22,577.90",280.41K
16/06/2022,"22,577.90","22,942.10","20,231.10","20,386.60",144.00K
17/06/2022,"20,391.30","21,315.40","20,244.10","20,444.60",136.27K
18/06/2022,"20,446.40","20,744.70","17,630.50","18,986.50",267.25K
19/06/2022,"18,983.40","20,763.50","17,983.70","20,577.20",169.39K
20/06/2022,"20,576.90","20,996.80","19,658.80","20,572.30",140.60K
21/06/2022,"20,571.60","21,689.30","20,371.70","20,720.40",136.32K
22/06/2022,"20,720.20","20,864.30","19,780.20","19,965.80",125.94K
23/06/2022,"19,967.30","21,189.80","19,907.50","21,100.70",110.70K
24/06/2022,"21,100.90","21,488.70","20,743.90","21,226.90",104.56K
25/06/2022,"21,226.90","21,553.40","20,917.50","21,489.90",66.63K
26/06/2022,"21,489.90","21,837.40","20,989.70","21,043.50",67.21K
27/06/2022,"21,037.70","21,497.50","20,568.00","20,730.20",84.69K
28/06/2022,"20,727.90","21,200.20","20,210.50","20,278.00",83.83K
29/06/2022,"20,278.00","20,415.80","19,880.70","20,111.30",98.97K
30/06/2022,"20,111.30","20,155.10","18,682.70","19,926.60",127.73K
01/07/2022,"19,926.60","20,785.60","18,980.10","19,262.90",150.18K
02/07/2022,"19,275.40","19,425.40","19,006.40","19,243.20",58.57K
03/07/2022,"19,243.40","19,626.40","18,794.40","19,309.90",65.27K
04/07/2022,"19,310.60","20,303.80","19,052.50","20,215.80",92.79K
05/07/2022,"20,215.80","20,706.90","19,315.40","20,200.60",122.43K
06/07/2022,"20,180.40","20,654.90","19,785.30","20,561.10",105.24K
07/07/2022,"20,557.90","21,817.80","20,282.70","21,637.80",115.81K
08/07/2022,"21,637.10","22,482.10","21,207.00","21,611.20",439.90K
09/07/2022,"21,610.40","21,944.10","21,338.40","21,587.50",190.11K
10/07/2022,"21,587.40","21,599.20","20,689.70","20,847.40",204.68K
11/07/2022,"20,847.20","20,855.00","19,897.00","19,963.20",160.20K
12/07/2022,"19,963.20","20,051.70","19,279.60","19,330.90",167.91K
13/07/2022,"19,331.60","20,250.80","18,942.20","20,250.00",249.38K
14/07/2022,"20,250.00","20,862.20","19,664.90","20,586.00",205.28K
15/07/2022,"20,586.10","21,178.10","20,393.40","20,825.10",164.67K
16/07/2022,"20,825.20","21,561.30","20,484.40","21,209.90",136.89K
17/07/2022,"21,209.80","21,654.40","20,755.20","20,785.60",132.81K
18/07/2022,"20,785.60","22,714.90","20,770.60","22,525.80",279.72K
19/07/2022,"22,529.30","23,757.30","21,581.80","23,410.20",308.91K
20/07/2022,"23,412.00","24,258.00","22,944.40","23,215.20",281.31K
21/07/2022,"23,219.90","23,403.80","22,360.20","23,153.00",217.08K
22/07/2022,"23,150.00","23,741.40","22,524.20","22,675.20",197.54K
23/07/2022,"22,683.60","22,991.00","21,971.70","22,460.40",137.42K
24/07/2022,"22,449.80","22,987.90","22,281.30","22,582.10",126.66K
25/07/2022,"22,582.30","22,653.30","21,275.40","21,301.90",206.93K
26/07/2022,"21,301.60","21,322.30","20,737.30","21,248.70",201.57K
27/07/2022,"21,248.00","23,027.80","21,047.50","22,958.30",242.66K
28/07/2022,"22,957.70","24,190.50","22,611.60","23,850.00",268.32K
29/07/2022,"23,850.20","24,340.00","23,451.40","23,774.30",221.66K
30/07/2022,"23,774.20","24,605.30","23,521.80","23,634.20",168.72K
31/07/2022,"23,634.20","24,179.30","23,236.20","23,303.40",138.84K
01/08/2022,"23,303.40","23,484.40","22,863.80","23,271.20",162.33K
02/08/2022,"23,271.10","23,423.30","22,670.80","22,988.60",177.30K
03/08/2022,"22,988.70","23,623.70","22,698.60","22,820.80",174.66K
04/08/2022,"22,822.20","23,214.50","22,438.70","22,612.10",181.19K
05/08/2022,"22,613.30","23,447.60","22,593.50","23,308.20",208.90K
06/08/2022,"23,308.20","23,344.40","22,923.60","22,944.20",94.44K
07/08/2022,"22,944.20","23,387.70","22,852.30","23,175.30",99.36K
08/08/2022,"23,175.30","24,234.10","23,160.60","23,816.30",197.94K
09/08/2022,"23,818.10","23,912.00","22,886.50","23,146.70",169.62K
10/08/2022,"23,150.30","24,209.90","22,714.70","23,962.90",243.61K
11/08/2022,"23,963.30","24,873.50","23,864.00","23,935.30",285.36K
12/08/2022,"23,935.30","24,440.80","23,616.40","24,398.70",194.96K
13/08/2022,"24,398.90","24,882.90","24,318.70","24,442.50",170.59K
14/08/2022,"24,442.10","24,997.30","24,172.20","24,302.80",177.25K
15/08/2022,"24,303.30","25,205.70","23,784.50","24,101.70",279.28K
16/08/2022,"24,102.60","24,240.80","23,693.80","23,856.80",201.70K
17/08/2022,"23,855.80","24,423.50","23,191.60","23,338.00",239.53K
18/08/2022,"23,337.70","23,578.00","23,131.30","23,203.60",160.97K
19/08/2022,"23,201.60","23,202.30","20,807.80","20,831.30",339.47K
20/08/2022,"20,830.70","21,357.40","20,784.80","21,138.90",206.94K
21/08/2022,"21,138.90","21,692.40","21,077.40","21,517.20",177.52K
22/08/2022,"21,516.80","21,517.40","20,912.10","21,416.30",251.83K
23/08/2022,"21,416.50","21,661.00","20,919.60","21,517.20",228.65K
24/08/2022,"21,516.20","21,832.30","21,171.10","21,365.20",202.40K
25/08/2022,"21,365.40","21,801.20","21,324.80","21,565.40",190.15K
26/08/2022,"21,564.20","21,815.30","20,122.40","20,249.90",322.16K
27/08/2022,"20,249.90","20,343.60","19,849.80","20,033.90",187.34K
28/08/2022,"20,034.20","20,150.80","19,542.90","19,550.20",159.60K
29/08/2022,"19,551.30","20,394.50","19,551.20","20,295.80",248.04K
30/08/2022,"20,295.60","20,558.20","19,559.70","19,792.60",308.41K
31/08/2022,"19,793.40","20,469.10","19,793.40","20,043.90",318.17K
01/09/2022,"20,049.90","20,202.70","19,584.40","20,126.10",275.08K
02/09/2022,"20,131.60","20,428.20","19,764.70","19,952.70",272.22K
03/09/2022,"19,952.80","20,043.80","19,660.70","19,831.40",157.85K
04/09/2022,"19,832.20","20,017.80","19,594.70","19,999.90",158.27K
05/09/2022,"19,999.90","20,042.90","19,650.70","19,793.10",238.71K
06/09/2022,"19,793.40","20,169.30","18,723.30","18,786.40",402.43K
07/09/2022,"18,786.30","19,445.90","18,548.40","19,281.50",319.10K
08/09/2022,"19,281.50","19,444.70","19,034.50","19,317.40",291.43K
09/09/2022,"19,318.80","21,545.70","19,294.10","21,365.20",480.37K
10/09/2022,"21,363.80","21,790.60","21,139.90","21,650.40",331.12K
11/09/2022,"21,650.40","21,836.40","21,363.00","21,834.90",297.12K
12/09/2022,"21,836.60","22,465.40","21,581.60","22,395.30",431.98K
13/09/2022,"22,395.30","22,702.50","19,909.60","20,175.50",485.32K
14/09/2022,"20,175.50","20,503.70","19,654.20","20,222.50",374.22K
15/09/2022,"20,222.30","20,321.40","19,532.30","19,701.70",358.42K
16/09/2022,"19,701.90","19,883.00","19,352.90","19,802.40",315.59K
17/09/2022,"19,802.80","20,178.60","19,761.00","20,113.50",204.58K
18/09/2022,"20,113.90","20,113.90","19,347.70","19,418.80",273.11K
19/09/2022,"19,417.40","19,666.60","18,277.80","19,538.90",423.43K
20/09/2022,"19,538.90","19,626.30","18,742.60","18,872.40",361.18K
21/09/2022,"18,875.10","19,758.40","18,191.80","18,489.00",446.85K
22/09/2022,"18,488.10","19,490.90","18,371.00","19,404.00",448.63K
23/09/2022,"19,404.10","19,477.30","18,554.80","19,293.50",431.15K
24/09/2022,"19,288.40","19,310.60","18,812.00","18,925.20",258.50K
25/09/2022,"18,925.10","19,125.10","18,659.60","18,803.20",209.71K
26/09/2022,"18,803.10","19,304.80","18,695.20","19,225.70",516.03K
27/09/2022,"19,228.80","20,361.20","18,850.40","19,081.00",660.12K
28/09/2022,"19,083.40","19,757.80","18,505.30","19,411.00",581.19K
29/09/2022,"19,420.20","19,631.50","18,877.90","19,593.00",449.57K
30/09/2022,"19,593.40","20,174.90","19,208.90","19,423.00",490.29K
01/10/2022,"19,422.90","19,480.30","19,172.60","19,311.90",173.91K
02/10/2022,"19,311.90","19,389.90","18,937.30","19,052.20",222.82K
03/10/2022,"19,057.60","19,676.00","19,001.30","19,628.30",333.03K
04/10/2022,"19,629.70","20,436.10","19,506.40","20,340.20",368.17K
05/10/2022,"20,340.50","20,353.80","19,761.70","20,157.50",352.76K
06/10/2022,"20,157.50","20,436.70","19,873.70","19,956.70",370.60K
07/10/2022,"19,962.40","20,051.40","19,352.10","19,531.30",263.50K
08/10/2022,"19,530.20","19,612.20","19,274.70","19,415.00",113.50K
09/10/2022,"19,416.30","19,552.10","19,329.60","19,441.00",127.53K
10/10/2022,"19,441.70","19,520.70","19,057.00","19,134.60",243.77K
11/10/2022,"19,134.30","19,261.30","18,868.70","19,059.10",288.57K
12/10/2022,"19,058.50","19,212.60","19,010.60","19,154.80",242.18K
13/10/2022,"19,154.60","19,494.40","18,207.90","19,379.80",455.13K
14/10/2022,"19,379.80","19,933.90","19,098.60","19,181.80",400.45K
15/10/2022,"19,181.70","19,218.70","19,000.80","19,068.70",123.66K
16/10/2022,"19,068.80","19,411.90","19,066.00","19,261.90",140.95K
17/10/2022,"19,262.20","19,663.50","19,163.60","19,548.20",248.40K
18/10/2022,"19,548.40","19,692.90","19,102.80","19,328.20",290.07K
19/10/2022,"19,328.20","19,358.60","19,101.20","19,123.90",209.28K
20/10/2022,"19,125.10","19,334.50","18,935.60","19,042.90",253.20K
21/10/2022,"19,042.90","19,245.50","18,703.30","19,162.60",294.66K
22/10/2022,"19,162.60","19,249.90","19,116.10","19,204.80",118.24K
23/10/2022,"19,204.80","19,680.90","19,092.50","19,571.20",180.63K
24/10/2022,"19,571.20","19,588.60","19,177.20","19,331.50",286.94K
25/10/2022,"19,331.80","20,406.90","19,249.00","20,082.70",371.54K
26/10/2022,"20,086.80","20,981.50","20,062.90","20,769.50",427.99K
27/10/2022,"20,769.50","20,867.90","20,231.60","20,292.90",365.49K
28/10/2022,"20,293.00","20,744.00","20,058.20","20,594.40",318.90K
29/10/2022,"20,594.20","21,038.10","20,561.90","20,809.80",276.54K
30/10/2022,"20,809.40","20,922.30","20,522.50","20,626.30",207.63K
31/10/2022,"20,626.00","20,822.40","20,260.00","20,496.30",327.47K
01/11/2022,"20,496.10","20,676.60","20,348.10","20,483.50",302.72K
02/11/2022,"20,482.90","20,778.30","20,065.80","20,154.40",420.23K
03/11/2022,"20,154.00","20,384.50","20,066.60","20,206.40",347.23K
04/11/2022,"20,206.40","21,281.90","20,184.60","21,145.90",499.50K
05/11/2022,"21,145.70","21,464.70","21,084.10","21,301.60",261.23K
06/11/2022,"21,298.70","21,360.40","20,901.00","20,916.30",242.26K
07/11/2022,"20,916.30","21,055.40","20,410.50","20,589.00",414.24K
08/11/2022,"20,589.00","20,667.50","17,260.00","18,527.40",865.10K
09/11/2022,"18,538.90","18,583.80","15,603.30","15,886.90",869.57K
10/11/2022,"15,887.00","18,138.20","15,799.30","17,589.10",720.74K
11/11/2022,"17,589.10","17,679.40","16,435.50","17,049.90",466.35K
12/11/2022,"17,049.90","17,100.80","16,633.90","16,795.20",192.91K
13/11/2022,"16,803.90","16,946.50","16,274.90","16,324.50",210.80K
14/11/2022,"16,325.00","17,158.40","15,834.00","16,613.70",442.46K
15/11/2022,"16,615.00","17,112.00","16,543.90","16,895.10",337.15K
16/11/2022,"16,895.40","16,993.40","16,408.20","16,540.50",295.73K
17/11/2022,"16,540.50","16,739.70","16,425.80","16,691.20",257.00K
18/11/2022,"16,715.40","16,846.30","16,553.00","16,638.30",241.96K
19/11/2022,"16,652.20","16,814.90","16,608.90","16,699.20",114.89K
20/11/2022,"16,699.30","16,749.30","16,209.20","16,286.70",172.83K
21/11/2022,"16,278.60","16,287.90","15,504.20","15,776.20",372.15K
22/11/2022,"15,776.60","16,274.60","15,620.40","16,212.90",287.21K
23/11/2022,"16,216.90","16,677.60","16,162.30","16,623.90",305.08K
24/11/2022,"16,604.90","16,785.60","16,472.00","16,601.20",229.59K
25/11/2022,"16,600.60","16,611.80","16,360.90","16,512.30",204.07K
26/11/2022,"16,512.30","16,686.30","16,387.90","16,456.50",194.94K
27/11/2022,"16,456.40","16,595.40","16,414.60","16,425.60",173.25K
28/11/2022,"16,426.10","16,481.40","16,013.50","16,211.70",284.84K
29/11/2022,"16,211.90","16,531.40","16,100.10","16,440.40",271.58K
30/11/2022,"16,440.80","17,215.50","16,433.20","17,163.90",348.22K
01/12/2022,"17,163.40","17,244.70","16,868.90","16,972.00",266.14K
02/12/2022,"16,972.20","17,096.20","16,799.90","17,093.60",227.01K
03/12/2022,"17,093.40","17,132.60","16,862.10","16,884.50",169.29K
04/12/2022,"16,884.80","17,198.10","16,881.60","17,112.60",197.12K
05/12/2022,"17,106.90","17,395.20","16,886.90","16,966.50",268.72K
06/12/2022,"16,966.30","17,101.10","16,914.90","17,089.30",246.19K
07/12/2022,"17,089.40","17,126.70","16,715.30","16,835.20",244.36K
08/12/2022,"16,835.20","17,294.20","16,765.80","17,225.70",261.64K
09/12/2022,"17,225.60","17,288.60","17,082.10","17,125.70",260.84K
10/12/2022,"17,125.70","17,220.50","17,105.70","17,127.20",148.81K
11/12/2022,"17,127.00","17,262.90","17,080.60","17,093.30",167.20K
12/12/2022,"17,093.20","17,232.50","16,878.50","17,210.40",249.39K
13/12/2022,"17,210.90","17,951.60","17,094.50","17,778.60",328.71K
14/12/2022,"17,778.60","18,351.80","17,682.10","17,796.40",318.98K
15/12/2022,"17,796.40","17,846.10","17,298.20","17,356.10",263.44K
16/12/2022,"17,356.70","17,518.50","16,542.40","16,629.60",303.56K
17/12/2022,"16,629.00","16,794.40","16,587.00","16,777.10",164.49K
18/12/2022,"16,777.00","16,825.70","16,666.50","16,741.10",124.29K
19/12/2022,"16,741.10","16,809.50","16,331.20","16,441.30",207.93K
20/12/2022,"16,441.30","17,031.30","16,400.70","16,902.80",284.57K
21/12/2022,"16,902.70","16,919.40","16,735.00","16,831.80",174.34K
22/12/2022,"16,831.80","16,862.20","16,566.10","16,820.60",198.28K
23/12/2022,"16,820.50","16,910.70","16,768.00","16,779.10",184.12K
24/12/2022,"16,778.60","16,855.80","16,777.80","16,837.20",110.12K
25/12/2022,"16,835.70","16,852.90","16,733.00","16,831.80",132.89K
26/12/2022,"16,831.80","16,936.10","16,799.40","16,918.10",133.36K
27/12/2022,"16,918.20","16,964.00","16,610.10","16,706.10",192.18K
28/12/2022,"16,705.90","16,781.10","16,474.20","16,546.20",217.96K
29/12/2022,"16,546.20","16,659.10","16,496.60","16,636.40",181.47K
30/12/2022,"16,636.40","16,644.40","16,360.00","16,607.20",192.76K
31/12/2022,"16,607.20","16,635.90","16,487.30","16,537.40",130.44K
01/01/2023,"16,537.50","16,621.90","16,499.70","16,618.40",107.84K
02/01/2023,"16,618.40","16,766.90","16,551.00","16,674.30",136.03K
03/01/2023,"16,673.10","16,773.20","16,607.20","16,674.20",178.73K
04/01/2023,"16,674.20","16,976.50","16,656.50","16,852.10",247.39K
05/01/2023,"16,852.20","16,877.90","16,772.30","16,829.80",178.96K
06/01/2023,"16,829.80","17,012.30","16,707.60","16,950.90",233.47K
07/01/2023,"16,950.90","16,979.60","16,909.70","16,943.60",110.48K
08/01/2023,"16,943.60","17,119.00","16,913.80","17,119.00",144.84K
09/01/2023,"17,119.00","17,390.80","17,107.10","17,180.10",301.24K
10/01/2023,"17,180.10","17,491.00","17,151.70","17,439.10",247.14K
11/01/2023,"17,440.50","17,989.80","17,323.90","17,942.30",291.53K
12/01/2023,"17,941.00","19,055.30","17,915.50","18,851.30",522.01K
13/01/2023,"18,850.80","19,981.60","18,723.80","19,927.00",426.67K
14/01/2023,"19,926.90","21,185.60","19,898.60","20,958.20",458.21K
15/01/2023,"20,956.00","21,032.20","20,585.70","20,879.80",205.80K
16/01/2023,"20,880.10","21,416.80","20,698.90","21,184.20",337.46K
17/01/2023,"21,184.40","21,506.40","20,926.20","21,137.10",310.04K
18/01/2023,"21,137.10","21,584.10","20,448.30","20,670.60",388.67K
19/01/2023,"20,670.60","21,169.40","20,669.70","21,081.20",275.76K
20/01/2023,"21,074.90","22,718.50","20,879.30","22,677.20",373.74K
21/01/2023,"22,677.50","23,304.50","22,461.10","22,775.70",382.69K
22/01/2023,"22,775.70","23,068.70","22,323.00","22,707.80",280.64K
23/01/2023,"22,709.00","23,161.80","22,527.90","22,915.50",327.85K
24/01/2023,"22,916.30","23,156.10","22,517.10","22,632.50",334.17K
25/01/2023,"22,632.50","23,779.00","22,366.30","23,055.10",388.18K
26/01/2023,"23,055.20","23,259.50","22,869.00","23,016.00",320.97K
27/01/2023,"23,016.00","23,480.30","22,602.90","23,074.60",310.36K
28/01/2023,"23,074.60","23,182.30","22,889.80","23,027.90",156.96K
29/01/2023,"23,023.50","23,952.90","22,973.30","23,753.10",320.86K
30/01/2023,"23,746.00","23,794.00","22,560.00","22,832.20",339.62K
31/01/2023,"22,832.20","23,262.90","22,724.90","23,125.10",289.38K
01/02/2023,"23,124.70","23,784.50","22,809.60","23,725.60",333.18K
02/02/2023,"23,726.20","24,207.20","23,398.10","23,427.60",382.86K
03/02/2023,"23,429.10","23,694.10","23,233.80","23,431.20",349.36K
04/02/2023,"23,431.20","23,571.80","23,269.80","23,323.80",170.27K
05/02/2023,"23,326.90","23,423.40","22,766.50","22,936.00",217.26K
06/02/2023,"22,936.00","23,130.60","22,633.70","22,761.80",278.58K
07/02/2023,"22,761.80","23,338.80","22,748.20","23,251.70",318.98K
08/02/2023,"23,251.70","23,425.10","22,691.70","22,964.60",289.12K
09/02/2023,"22,964.60","23,003.60","21,744.60","21,792.50",425.44K
10/02/2023,"21,792.50","21,933.60","21,491.70","21,635.00",352.79K
11/02/2023,"21,627.40","21,902.90","21,605.30","21,859.80",182.07K
12/02/2023,"21,859.90","22,080.70","21,653.10","21,786.80",211.65K
13/02/2023,"21,782.70","21,887.50","21,418.70","21,772.60",312.04K
14/02/2023,"21,776.90","22,308.60","21,556.20","22,198.50",378.39K
15/02/2023,"22,198.50","24,330.90","22,050.80","24,327.90",401.53K
16/02/2023,"24,328.10","25,233.80","23,525.90","23,539.60",484.50K
17/02/2023,"23,538.20","24,984.70","23,373.00","24,573.50",523.85K
18/02/2023,"24,573.50","24,838.90","24,457.00","24,631.40",223.77K
19/02/2023,"24,631.30","25,175.20","24,273.70","24,302.90",312.64K
20/02/2023,"24,302.80","25,085.40","23,868.60","24,839.50",363.02K
21/02/2023,"24,839.50","25,236.80","24,160.80","24,450.70",395.97K
22/02/2023,"24,450.70","24,474.30","23,593.40","24,186.60",400.24K
23/02/2023,"24,186.60","24,590.40","23,637.90","23,936.30",417.46K
24/02/2023,"23,936.40","24,123.40","22,970.30","23,191.50",367.99K
25/02/2023,"23,191.30","23,215.30","22,777.40","23,166.10",198.35K
26/02/2023,"23,166.10","23,671.80","23,066.00","23,558.70",209.12K
27/02/2023,"23,558.70","23,876.20","23,166.80","23,494.10",297.65K
28/02/2023,"23,494.00","23,595.00","23,033.80","23,130.50",275.10K
01/03/2023,"23,130.60","23,914.10","23,025.30","23,642.20",328.77K
02/03/2023,"23,642.20","23,780.50","23,208.70","23,465.40",249.26K
03/03/2023,"23,465.60","23,473.40","22,051.90","22,354.40",344.63K
04/03/2023,"22,354.70","22,403.70","22,167.40","22,347.10",123.93K
05/03/2023,"22,347.10","22,636.70","22,213.50","22,428.30",160.57K
06/03/2023,"22,428.20","22,595.40","22,320.10","22,410.00",215.31K
07/03/2023,"22,410.10","22,535.10","21,968.60","22,197.80",304.75K
08/03/2023,"22,197.80","22,274.30","21,661.30","21,710.80",316.51K
09/03/2023,"21,710.80","21,826.50","20,079.60","20,361.80",468.76K
10/03/2023,"20,362.00","20,362.60","19,591.80","20,156.70",655.27K
11/03/2023,"20,156.50","20,669.50","19,796.70","20,467.50",453.46K
12/03/2023,"20,465.00","22,028.60","20,294.20","21,994.80",455.69K
13/03/2023,"21,994.80","24,406.20","21,859.60","24,114.40",733.63K
14/03/2023,"24,121.50","26,365.90","23,994.60","24,699.70",753.06K
15/03/2023,"24,699.60","25,108.90","23,932.40","24,282.70",614.31K
16/03/2023,"24,283.20","25,139.00","24,147.90","25,004.10",462.58K
17/03/2023,"25,004.40","27,742.20","24,900.10","27,391.80",674.96K
18/03/2023,"27,391.90","27,659.10","26,688.70","26,914.50",392.47K
19/03/2023,"26,914.50","28,347.30","26,844.60","27,958.70",393.27K
20/03/2023,"27,958.90","28,457.80","27,157.00","27,720.50",503.90K
21/03/2023,"27,719.80","28,437.80","27,350.60","28,114.00",438.78K
22/03/2023,"28,114.20","28,760.30","26,668.70","27,261.70",262.03K
23/03/2023,"27,262.80","28,734.10","27,144.60","28,310.70",158.46K
24/03/2023,"28,306.90","28,374.50","27,026.50","27,462.20",110.36K
25/03/2023,"27,462.20","27,761.90","27,176.70","27,475.60",61.36K
26/03/2023,"27,474.90","28,153.70","27,429.10","27,973.50",60.64K
27/03/2023,"27,974.80","28,023.30","26,611.50","27,129.80",107.24K
28/03/2023,"27,127.80","27,465.00","26,665.60","27,262.20",94.16K
29/03/2023,"27,262.90","28,627.40","27,249.80","28,350.40",109.32K
30/03/2023,"28,350.30","29,160.40","27,716.70","28,029.50",122.51K
31/03/2023,"28,029.30","28,646.30","27,587.50","28,473.70",98.44K
01/04/2023,"28,473.70","28,795.10","28,285.60","28,456.10",38.09K
02/04/2023,"28,456.10","28,522.80","27,871.70","28,198.30",45.04K
03/04/2023,"28,194.70","28,458.40","27,256.90","27,802.10",98.00K
04/04/2023,"27,802.20","28,429.10","27,668.90","28,164.40",64.06K
05/04/2023,"28,164.40","28,744.40","27,823.50","28,173.50",77.32K
06/04/2023,"28,173.50","28,173.50","27,734.50","28,036.70",51.29K
07/04/2023,"28,037.60","28,102.50","27,779.40","27,910.40",30.94K
08/04/2023,"27,910.40","28,153.10","27,863.80","27,941.20",23.73K
09/04/2023,"27,941.20","28,522.70","27,809.20","28,326.60",39.35K
10/04/2023,"28,326.50","29,755.40","28,182.90","29,641.00",85.73K
11/04/2023,"29,641.00","30,484.60","29,597.80","30,209.60",89.38K
12/04/2023,"30,209.80","30,473.00","29,679.50","29,886.40",78.69K
13/04/2023,"29,892.40","30,524.10","29,864.50","30,387.40",65.87K
14/04/2023,"30,387.40","30,964.90","30,026.00","30,472.50",98.38K
15/04/2023,"30,472.60","30,586.50","30,208.80","30,299.60",31.71K
16/04/2023,"30,299.20","30,545.30","30,134.60","30,310.30",34.48K
17/04/2023,"30,310.80","30,312.20","29,274.00","29,434.90",71.90K
18/04/2023,"29,434.10","30,470.10","29,149.20","30,382.20",76.58K
19/04/2023,"30,382.20","30,408.40","28,641.10","28,813.70",111.27K
20/04/2023,"28,813.70","29,082.10","28,032.40","28,240.50",95.45K
21/04/2023,"28,240.50","28,353.40","27,171.10","27,264.80",98.72K
22/04/2023,"27,264.80","27,872.00","27,165.70","27,813.90",44.30K
23/04/2023,"27,813.80","27,815.00","27,388.50","27,591.40",41.77K
24/04/2023,"27,591.40","27,978.80","27,054.30","27,509.30",66.74K
25/04/2023,"27,510.10","28,375.60","27,201.10","28,298.80",65.31K
26/04/2023,"28,298.80","29,995.70","27,307.80","28,424.60",164.31K
27/04/2023,"28,424.50","29,859.80","28,392.40","29,475.90",121.63K
28/04/2023,"29,475.90","29,587.20","28,927.80","29,321.80",69.88K
29/04/2023,"29,318.40","29,425.50","29,058.50","29,234.10",25.72K
30/04/2023,"29,235.10","29,941.30","29,095.00","29,252.10",47.62K
01/05/2023,"29,252.10","29,329.60","27,685.90","28,077.60",84.36K
02/05/2023,"28,079.00","28,877.40","27,913.20","28,669.10",65.33K
03/05/2023,"28,669.10","29,244.70","28,164.40","29,023.60",81.22K
04/05/2023,"29,023.60","29,352.70","28,687.40","28,842.10",53.80K
05/05/2023,"28,842.20","29,653.90","28,825.30","29,513.20",74.52K
06/05/2023,"29,512.80","29,816.40","28,414.90","28,857.10",58.94K
07/05/2023,"28,857.10","29,122.00","28,419.60","28,424.80",36.50K
08/05/2023,"28,424.80","28,627.80","27,280.30","27,670.50",85.72K
09/05/2023,"27,670.50","27,816.00","27,366.30","27,634.90",49.75K
10/05/2023,"27,634.30","28,311.70","26,885.70","27,603.30",91.45K
11/05/2023,"27,604.30","27,607.40","26,766.20","26,983.50",62.85K
12/05/2023,"26,983.10","27,044.00","25,853.10","26,799.20",87.49K
13/05/2023,"26,798.70","27,011.90","26,695.60","26,777.50",27.95K
14/05/2023,"26,777.40","27,176.10","26,609.90","26,920.00",26.35K
15/05/2023,"26,920.40","27,651.70","26,752.10","27,183.90",53.27K
16/05/2023,"27,183.90","27,295.30","26,881.90","27,035.30",45.29K
17/05/2023,"27,035.50","27,465.30","26,597.70","27,403.10",58.14K
18/05/2023,"27,403.80","27,467.00","26,449.80","26,828.00",63.39K
19/05/2023,"26,828.20","27,154.70","26,711.30","26,882.90",36.67K
20/05/2023,"26,883.00","27,147.20","26,831.30","27,116.20",17.72K
21/05/2023,"27,116.20","27,257.10","26,677.60","26,749.90",27.42K
22/05/2023,"26,749.90","27,048.90","26,546.10","26,847.30",35.56K
23/05/2023,"26,851.60","27,448.10","26,804.10","27,220.70",50.89K
24/05/2023,"27,220.70","27,220.70","26,088.70","26,328.40",72.65K
25/05/2023,"26,327.10","26,589.20","25,892.50","26,475.80",50.17K
26/05/2023,"26,475.50","26,911.60","26,330.00","26,711.50",45.88K
27/05/2023,"26,711.20","26,882.90","26,591.20","26,857.50",18.68K
28/05/2023,"26,855.30","28,181.90","26,788.50","28,071.20",55.23K
29/05/2023,"28,068.40","28,431.20","27,548.80","27,739.40",54.56K
30/05/2023,"27,738.90","28,033.60","27,583.80","27,698.20",45.19K
31/05/2023,"27,696.90","27,825.00","26,865.10","27,216.10",63.08K
01/06/2023,"27,216.40","27,340.90","26,662.30","26,819.00",51.98K
02/06/2023,"26,819.00","27,299.40","26,541.30","27,244.70",49.37K
03/06/2023,"27,246.00","27,317.50","26,931.40","27,072.00",20.62K
04/06/2023,"27,070.90","27,410.20","26,956.10","27,122.30",23.81K
05/06/2023,"27,122.30","27,125.50","25,437.50","25,747.40",85.42K
06/06/2023,"25,745.60","27,325.20","25,425.60","27,230.20",88.61K
07/06/2023,"27,230.20","27,342.00","26,141.00","26,342.50",77.48K
08/06/2023,"26,341.80","26,784.40","26,231.30","26,501.10",39.95K
09/06/2023,"26,501.10","26,773.90","26,326.70","26,479.30",38.96K
10/06/2023,"26,479.30","26,525.10","25,468.30","25,844.00",83.57K
11/06/2023,"25,843.30","26,190.10","25,660.80","25,928.40",39.20K
12/06/2023,"25,927.90","26,080.70","25,635.00","25,906.80",40.75K
13/06/2023,"25,906.90","26,428.90","25,726.40","25,929.40",56.24K
14/06/2023,"25,929.00","26,051.70","24,847.40","25,129.50",60.82K
15/06/2023,"25,129.50","25,732.80","24,838.00","25,591.30",68.38K
16/06/2023,"25,591.90","26,472.80","25,276.00","26,341.30",69.24K
17/06/2023,"26,341.30","26,767.30","26,183.50","26,515.00",35.86K
18/06/2023,"26,515.00","26,679.30","26,290.60","26,339.70",27.31K
19/06/2023,"26,339.70","27,029.70","26,295.10","26,845.90",46.45K
20/06/2023,"26,845.90","28,393.00","26,665.50","28,307.70",100.55K
21/06/2023,"28,307.70","30,769.50","28,270.50","29,996.90",143.49K
22/06/2023,"29,992.80","30,497.80","29,590.40","29,890.50",79.22K
23/06/2023,"29,890.20","31,395.40","29,822.60","30,679.40",98.85K
24/06/2023,"30,680.70","30,795.30","30,269.40","30,533.60",38.15K
25/06/2023,"30,533.60","31,040.20","30,315.80","30,465.30",37.12K
26/06/2023,"30,466.30","30,645.90","29,986.30","30,267.00",58.71K
27/06/2023,"30,267.00","30,993.70","30,231.30","30,689.10",55.82K
28/06/2023,"30,691.90","30,703.40","29,919.50","30,078.60",51.06K
29/06/2023,"30,077.30","30,823.10","30,051.30","30,445.70",49.57K
30/06/2023,"30,445.70","31,275.50","29,714.50","30,472.90",118.65K
01/07/2023,"30,472.90","30,649.90","30,329.00","30,586.80",22.46K
02/07/2023,"30,587.10","30,769.00","30,227.90","30,617.70",28.82K
03/07/2023,"30,617.50","31,377.00","30,581.50","31,151.30",56.49K
04/07/2023,"31,152.00","31,326.50","30,657.80","30,768.40",42.12K
05/07/2023,"30,768.60","30,875.60","30,233.30","30,512.80",43.23K
06/07/2023,"30,512.80","31,463.60","29,869.00","29,913.10",90.81K
07/07/2023,"29,912.70","30,442.00","29,757.40","30,346.40",46.42K
08/07/2023,"30,346.80","30,379.90","30,055.90","30,288.80",17.41K
09/07/2023,"30,288.80","30,425.50","30,071.90","30,166.90",20.05K
10/07/2023,"30,166.90","31,019.60","29,969.10","30,415.30",55.24K
11/07/2023,"30,414.20","30,782.20","30,333.80","30,623.30",39.84K
12/07/2023,"30,623.30","30,951.30","30,231.70","30,387.30",54.06K
13/07/2023,"30,387.30","31,764.50","30,260.00","31,466.10",99.81K
14/07/2023,"31,465.40","31,602.60","29,944.30","30,317.40",82.42K
15/07/2023,"30,316.80","30,395.40","30,246.90","30,291.40",17.06K
16/07/2023,"30,291.80","30,435.00","30,075.40","30,235.50",20.31K
17/07/2023,"30,235.50","30,335.90","29,693.30","30,139.70",42.84K
18/07/2023,"30,139.70","30,242.40","29,624.60","29,866.80",42.40K
19/07/2023,"29,866.70","30,185.50","29,789.30","29,909.70",34.96K
20/07/2023,"29,909.70","30,408.00","29,621.40","29,801.00",50.33K
21/07/2023,"29,801.00","30,058.90","29,739.90","29,903.10",32.59K
22/07/2023,"29,904.50","29,988.00","29,657.30","29,788.90",18.47K
23/07/2023,"29,788.90","30,337.00","29,735.70","30,085.90",23.32K
24/07/2023,"30,085.90","30,098.20","28,890.70","29,178.10",55.73K
25/07/2023,"29,178.30","29,365.40","29,058.70","29,228.60",29.05K
26/07/2023,"29,228.80","29,681.80","29,109.70","29,352.20",44.33K
27/07/2023,"29,352.90","29,568.80","29,094.00","29,222.70",30.42K
28/07/2023,"29,222.70","29,533.00","29,125.10","29,315.00",31.42K
29/07/2023,"29,315.00","29,400.10","29,256.90","29,353.50",13.90K
30/07/2023,"29,354.20","29,446.60","29,054.50","29,281.70",20.58K
31/07/2023,"29,282.00","29,502.30","29,128.30","29,232.40",31.84K
01/08/2023,"29,232.30","29,712.20","28,611.00","29,712.20",64.01K
02/08/2023,"29,711.80","30,025.90","28,961.60","29,173.70",67.41K
03/08/2023,"29,180.90","29,409.80","28,981.00","29,189.30",36.08K
04/08/2023,"29,189.10","29,319.10","28,875.80","29,105.50",31.43K
05/08/2023,"29,105.60","29,139.30","28,983.00","29,068.10",14.55K
06/08/2023,"29,067.90","29,198.90","28,987.40","29,081.30",16.03K
07/08/2023,"29,081.30","29,270.20","28,721.00","29,204.20",41.19K
08/08/2023,"29,204.20","30,168.60","29,137.70","29,777.40",62.57K
09/08/2023,"29,771.30","30,104.00","29,384.20","29,578.00",49.67K
10/08/2023,"29,578.00","29,719.40","29,377.50","29,449.00",32.00K
11/08/2023,"29,448.90","29,544.90","29,271.20","29,420.80",27.71K
12/08/2023,"29,420.80","29,480.80","29,375.40","29,428.20",11.07K
13/08/2023,"29,428.20","29,468.50","29,272.30","29,300.10",13.49K
14/08/2023,"29,300.10","29,689.00","29,116.00","29,426.70",39.30K
15/08/2023,"29,426.70","29,472.00","29,118.60","29,195.30",33.81K
16/08/2023,"29,195.30","29,251.10","28,717.60","28,726.30",43.71K
17/08/2023,"28,726.10","28,771.80","25,489.40","26,635.70",132.92K
18/08/2023,"26,635.70","26,801.90","25,691.00","26,053.20",93.05K
19/08/2023,"26,053.30","26,262.20","25,799.50","26,099.40",33.04K
20/08/2023,"26,099.50","26,269.10","25,998.50","26,190.80",24.00K
21/08/2023,"26,190.80","26,220.90","25,850.80","26,126.00",41.10K
22/08/2023,"26,126.80","26,138.80","25,481.90","26,039.90",47.72K
23/08/2023,"26,042.00","26,807.70","25,812.60","26,436.20",60.96K
24/08/2023,"26,436.20","26,560.50","25,943.60","26,177.00",41.04K
25/08/2023,"26,176.10","26,265.70","25,811.60","26,057.20",39.96K
26/08/2023,"26,057.20","26,114.10","25,993.50","26,017.10",12.09K
27/08/2023,"26,017.10","26,176.80","25,968.70","26,100.60",14.29K
28/08/2023,"26,100.60","26,215.70","25,891.00","26,118.90",28.84K
29/08/2023,"26,118.10","28,046.00","25,919.80","27,723.90",98.32K
30/08/2023,"27,723.90","27,757.30","27,043.20","27,298.80",46.54K
31/08/2023,"27,300.60","27,464.50","25,731.00","25,937.30",69.11K
01/09/2023,"25,938.30","26,144.90","25,361.90","25,803.20",58.08K
02/09/2023,"25,803.50","25,977.40","25,752.70","25,869.70",21.24K
03/09/2023,"25,869.70","26,090.40","25,816.60","25,971.00",21.36K
04/09/2023,"25,971.00","26,094.20","25,660.90","25,823.30",27.13K
05/09/2023,"25,824.40","25,864.00","25,596.30","25,790.20",28.40K
06/09/2023,"25,790.10","26,018.40","25,411.70","25,758.00",37.78K
07/09/2023,"25,758.00","26,417.70","25,626.50","26,249.80",39.77K
08/09/2023,"26,248.50","26,415.40","25,701.60","25,909.50",41.01K
09/09/2023,"25,909.50","25,938.50","25,814.30","25,901.10",13.48K
10/09/2023,"25,901.10","25,995.10","25,626.70","25,840.20",23.60K
11/09/2023,"25,840.20","25,897.40","24,923.10","25,166.40",56.32K
12/09/2023,"25,166.40","26,472.60","25,133.50","25,834.50",78.71K
13/09/2023,"25,836.10","26,382.30","25,766.90","26,223.00",42.58K
14/09/2023,"26,223.00","26,760.30","26,148.60","26,524.70",53.82K
15/09/2023,"26,523.30","26,837.40","26,233.10","26,601.00",36.47K
16/09/2023,"26,599.90","26,769.00","26,463.50","26,562.00",18.45K
17/09/2023,"26,562.00","26,614.40","26,408.70","26,529.10",16.57K
18/09/2023,"26,530.30","27,413.30","26,405.20","26,763.50",63.35K
19/09/2023,"26,759.00","27,480.70","26,672.20","27,209.20",52.17K
20/09/2023,"27,209.20","27,378.60","26,851.80","27,125.00",47.23K
21/09/2023,"27,125.20","27,155.60","26,382.30","26,570.00",47.81K
22/09/2023,"26,569.50","26,736.40","26,488.50","26,581.90",28.79K
23/09/2023,"26,581.70","26,636.20","26,517.50","26,579.20",12.92K
24/09/2023,"26,579.00","26,727.60","26,162.20","26,251.50",22.32K
25/09/2023,"26,251.60","26,423.60","26,013.60","26,302.70",38.20K
26/09/2023,"26,303.10","26,396.20","26,093.40","26,218.90",26.41K
27/09/2023,"26,218.90","26,836.90","26,109.10","26,366.10",50.80K
28/09/2023,"26,368.20","27,283.60","26,339.40","27,022.60",64.56K
29/09/2023,"27,022.60","27,229.50","26,728.80","26,909.80",42.24K
30/09/2023,"26,908.10","27,085.70","26,887.50","26,962.70",17.55K
01/10/2023,"26,962.50","28,038.40","26,955.70","27,974.50",35.11K
02/10/2023,"27,974.60","28,556.60","27,325.20","27,505.30",84.30K
03/10/2023,"27,501.60","27,670.80","27,194.10","27,428.40",44.06K
04/10/2023,"27,428.70","27,832.70","27,242.50","27,790.90",40.93K
05/10/2023,"27,783.50","28,089.10","27,371.70","27,410.30",46.26K
06/10/2023,"27,410.30","28,223.60","27,195.70","27,936.90",52.51K
07/10/2023,"27,935.50","28,021.30","27,859.00","27,961.10",17.29K
08/10/2023,"27,961.10","28,097.50","27,714.40","27,922.70",24.11K
09/10/2023,"27,922.70","27,986.40","27,279.50","27,581.40",44.81K
10/10/2023,"27,581.50","27,728.10","27,300.10","27,391.00",34.32K
11/10/2023,"27,391.90","27,475.90","26,558.40","26,876.60",55.78K
12/10/2023,"26,878.20","26,942.80","26,565.30","26,761.10",32.75K
13/10/2023,"26,761.10","27,114.80","26,682.90","26,863.50",33.66K
14/10/2023,"26,863.50","26,975.70","26,805.10","26,852.80",13.56K
15/10/2023,"26,852.80","27,286.90","26,812.60","27,161.20",21.95K
16/10/2023,"27,161.20","29,969.50","27,119.70","28,509.70",119.18K
17/10/2023,"28,508.30","28,608.50","28,096.90","28,403.60",53.42K
18/10/2023,"28,405.20","28,876.00","28,169.00","28,321.70",45.01K
19/10/2023,"28,321.80","28,883.80","28,170.20","28,723.00",50.10K
20/10/2023,"28,724.00","30,165.90","28,586.10","29,674.50",82.68K
21/10/2023,"29,674.70","30,264.80","29,469.10","29,912.90",34.68K
22/10/2023,"29,912.70","30,193.40","29,713.60","29,984.20",29.07K
23/10/2023,"29,984.20","34,375.60","29,891.40","33,041.80",133.46K
24/10/2023,"33,037.30","35,191.40","32,866.50","33,917.00",159.08K
25/10/2023,"33,917.00","35,123.90","33,713.40","34,496.80",75.81K
26/10/2023,"34,497.60","34,826.00","33,749.90","34,153.70",56.62K
27/10/2023,"34,153.70","34,245.80","33,423.60","33,901.80",47.33K
28/10/2023,"33,901.60","34,387.80","33,867.30","34,082.60",22.00K
29/10/2023,"34,082.60","34,737.90","33,937.60","34,526.70",27.72K
30/10/2023,"34,526.70","34,853.30","34,089.50","34,477.90",45.20K
31/10/2023,"34,478.90","34,704.60","34,053.90","34,650.60",43.40K
01/11/2023,"34,648.30","35,557.50","34,138.70","35,423.80",71.66K
02/11/2023,"35,423.80","35,907.60","34,357.40","34,931.40",63.66K
03/11/2023,"34,931.40","34,940.60","34,124.20","34,718.70",54.54K
04/11/2023,"34,718.60","35,242.20","34,601.10","35,065.80",23.80K
05/11/2023,"35,065.80","35,360.20","34,550.00","35,019.40",31.02K
06/11/2023,"35,020.30","35,275.60","34,742.90","35,042.00",29.81K
07/11/2023,"35,042.10","35,877.90","34,536.90","35,426.10",53.49K
08/11/2023,"35,426.20","36,050.20","35,148.80","35,636.90",46.33K
09/11/2023,"35,636.90","37,942.00","35,578.10","36,700.50",115.56K
10/11/2023,"36,700.50","37,496.10","36,347.20","37,303.00",59.56K
11/11/2023,"37,306.30","37,401.30","36,767.60","37,150.50",29.53K
12/11/2023,"37,149.00","37,215.30","36,761.90","37,064.40",21.45K
13/11/2023,"37,067.80","37,404.60","36,358.40","36,478.30",44.55K
14/11/2023,"36,478.30","36,744.50","34,984.30","35,549.30",63.56K
15/11/2023,"35,549.30","37,954.10","35,379.60","37,874.90",75.51K
16/11/2023,"37,873.90","37,907.60","35,561.60","36,161.20",66.92K
17/11/2023,"36,161.80","36,690.60","35,875.20","36,595.40",51.37K
18/11/2023,"36,617.50","36,845.20","36,220.60","36,568.60",20.88K
19/11/2023,"36,568.60","37,504.60","36,393.30","37,354.20",26.14K
20/11/2023,"37,356.60","37,735.60","36,857.60","37,454.10",51.80K
21/11/2023,"37,452.70","37,631.20","35,799.20","35,813.60",71.07K
22/11/2023,"35,797.50","37,862.50","35,695.60","37,410.80",64.81K
23/11/2023,"37,410.80","37,642.50","36,915.30","37,293.10",32.35K
24/11/2023,"37,295.00","38,400.80","37,257.40","37,717.30",65.83K
25/11/2023,"37,718.60","37,887.40","37,599.90","37,787.00",16.09K
26/11/2023,"37,786.40","37,819.10","37,166.30","37,451.80",29.20K
27/11/2023,"37,451.80","37,563.30","36,751.50","37,248.60",45.24K
28/11/2023,"37,244.30","38,379.40","36,881.10","37,823.30",57.50K
29/11/2023,"37,823.30","38,362.90","37,607.60","37,855.50",49.34K
30/11/2023,"37,857.60","38,144.40","37,509.20","37,712.90",33.53K
01/12/2023,"37,712.90","38,950.80","37,618.30","38,688.20",62.50K
02/12/2023,"38,688.20","39,673.40","38,646.50","39,458.40",37.09K
03/12/2023,"39,456.80","40,178.90","39,280.30","39,970.20",35.27K
04/12/2023,"39,968.60","42,394.40","39,968.60","41,987.80",104.21K
05/12/2023,"41,989.60","44,424.10","41,424.90","44,076.20",96.84K
06/12/2023,"44,076.20","44,283.70","43,466.70","43,776.30",72.52K
07/12/2023,"43,774.40","44,046.40","42,860.50","43,289.70",63.09K
08/12/2023,"43,288.30","44,697.60","43,108.40","44,175.50",58.44K
09/12/2023,"44,175.50","44,361.20","43,617.40","43,718.40",31.67K
10/12/2023,"43,716.60","44,045.40","43,576.80","43,791.00",23.81K
11/12/2023,"43,791.00","43,806.30","40,277.10","41,256.10",105.19K
12/12/2023,"41,256.10","42,070.90","40,691.50","41,487.00",57.04K
13/12/2023,"41,487.00","43,417.50","40,649.30","42,884.50",63.11K
14/12/2023,"42,886.30","43,392.70","41,591.20","43,025.90",59.15K
15/12/2023,"43,025.20","43,080.70","41,697.90","41,929.00",45.28K
16/12/2023,"41,929.00","42,690.30","41,698.20","42,271.70",30.11K
17/12/2023,"42,271.70","42,413.20","41,276.90","41,368.70",35.46K
18/12/2023,"41,369.10","42,728.00","40,554.00","42,659.70",61.58K
19/12/2023,"42,659.70","43,473.30","41,842.70","42,259.30",55.29K
20/12/2023,"42,259.50","44,278.70","42,217.20","43,662.80",70.19K
21/12/2023,"43,660.30","44,241.80","43,310.20","43,865.90",48.96K
22/12/2023,"43,865.90","44,394.60","43,419.30","43,968.90",44.50K
23/12/2023,"43,968.90","43,994.60","43,325.70","43,710.40",21.29K
24/12/2023,"43,710.40","43,935.70","42,748.50","42,981.50",30.86K
25/12/2023,"42,982.00","43,792.70","42,745.30","43,578.50",32.67K
26/12/2023,"43,579.90","43,594.90","41,796.60","42,513.30",56.03K
27/12/2023,"42,514.30","43,676.70","42,115.30","43,446.50",50.10K
28/12/2023,"43,446.50","43,782.60","42,309.30","42,581.10",49.84K
29/12/2023,"42,581.10","43,108.00","41,459.00","42,072.40",60.98K
30/12/2023,"42,074.70","42,592.20","41,527.30","42,136.70",35.18K
31/12/2023,"42,141.60","42,878.80","41,971.40","42,272.50",35.58K
01/01/2024,"42,272.50","44,187.00","42,196.70","44,183.40",36.30K
02/01/2024,"44,182.90","45,885.40","44,166.00","44,943.70",97.84K
03/01/2024,"44,943.70","45,492.70","40,888.30","42,836.10",117.65K
04/01/2024,"42,836.10","44,744.50","42,632.80","44,157.00",68.05K
05/01/2024,"44,163.00","44,312.10","42,629.00","44,156.90",68.07K
06/01/2024,"44,156.60","44,203.20","43,424.00","43,967.90",24.26K
07/01/2024,"43,973.50","44,481.20","43,627.90","43,927.30",29.53K
08/01/2024,"43,934.20","47,196.70","43,251.00","46,962.20",103.09K
09/01/2024,"46,959.20","47,880.10","45,333.90","46,129.00",100.09K
10/01/2024,"46,112.00","47,654.30","44,403.60","46,629.30",131.48K
11/01/2024,"46,629.30","48,923.70","45,651.80","46,348.20",131.04K
12/01/2024,"46,348.10","46,503.20","41,857.90","42,835.90",136.92K
13/01/2024,"42,836.70","43,248.60","42,443.30","42,851.30",48.18K
14/01/2024,"42,851.30","43,069.40","41,739.60","41,746.10",37.14K
15/01/2024,"41,747.60","43,348.90","41,719.20","42,510.70",52.08K
16/01/2024,"42,515.20","43,563.70","42,093.10","43,145.50",63.93K
17/01/2024,"43,139.10","43,192.30","42,211.80","42,768.70",50.44K
18/01/2024,"42,763.50","42,908.00","40,682.60","41,292.70",70.35K
19/01/2024,"41,293.80","42,164.60","40,305.40","41,648.00",72.64K
20/01/2024,"41,647.60","41,858.00","41,449.50","41,695.40",22.27K
21/01/2024,"41,695.40","41,878.00","41,504.50","41,583.20",16.11K
22/01/2024,"41,581.70","41,684.90","39,468.40","39,556.40",85.10K
23/01/2024,"39,555.00","40,159.40","38,546.90","39,888.80",82.67K
24/01/2024,"39,891.30","40,535.20","39,510.00","40,086.00",58.64K
25/01/2024,"40,085.10","40,285.80","39,546.30","39,935.70",46.30K
26/01/2024,"39,942.00","42,214.80","39,831.20","41,811.30",69.47K
27/01/2024,"41,811.50","42,191.80","41,413.00","42,120.90",20.46K
28/01/2024,"42,121.30","42,817.10","41,649.00","42,030.70",32.53K
29/01/2024,"42,031.40","43,305.60","41,824.70","43,299.80",45.23K
30/01/2024,"43,303.30","43,817.90","42,702.90","42,946.20",55.13K
31/01/2024,"42,946.20","43,739.70","42,315.40","42,580.50",56.48K
01/02/2024,"42,580.10","43,263.10","41,890.50","43,081.40",47.69K
02/02/2024,"43,083.70","43,459.30","42,596.30","43,194.70",42.65K
03/02/2024,"43,194.70","43,370.40","42,882.00","43,005.70",14.57K
04/02/2024,"43,006.20","43,113.20","42,379.40","42,581.40",20.33K
05/02/2024,"42,581.40","43,532.20","42,272.50","42,697.20",39.26K
06/02/2024,"42,697.60","43,375.50","42,566.80","43,087.70",33.32K
07/02/2024,"43,088.40","44,367.90","42,783.50","44,339.80",48.57K
08/02/2024,"44,346.20","45,579.20","44,336.40","45,293.30",66.38K
09/02/2024,"45,293.30","48,118.80","45,254.20","47,127.50",98.11K
10/02/2024,"47,128.00","48,149.00","46,875.00","47,758.20",31.20K
11/02/2024,"47,759.30","48,531.60","47,590.20","48,277.30",36.50K
12/02/2024,"48,280.20","50,277.30","47,729.90","49,941.30",81.85K
13/02/2024,"49,941.00","50,326.60","48,398.30","49,716.00",78.51K
14/02/2024,"49,708.60","52,010.70","49,263.80","51,782.40",80.35K
15/02/2024,"51,805.20","52,819.40","51,327.50","51,901.30",74.72K
16/02/2024,"51,901.40","52,556.70","51,612.60","52,134.20",52.86K
17/02/2024,"52,134.20","52,175.50","50,652.30","51,646.00",32.45K
18/02/2024,"51,646.00","52,350.30","51,199.60","52,117.50",26.89K
19/02/2024,"52,119.60","52,484.80","51,694.20","51,783.60",36.73K
20/02/2024,"51,783.10","52,936.80","50,801.80","52,263.50",68.10K
21/02/2024,"52,263.50","52,367.30","50,676.90","51,858.20",59.02K
22/02/2024,"51,850.20","52,015.80","50,947.30","51,320.40",50.27K
23/02/2024,"51,320.60","51,532.50","50,537.60","50,740.50",43.27K
24/02/2024,"50,739.60","51,689.90","50,592.00","51,571.60",20.99K
25/02/2024,"51,572.10","51,952.00","51,299.00","51,722.70",23.61K
26/02/2024,"51,722.70","54,899.10","50,925.20","54,495.10",78.05K
27/02/2024,"54,491.10","57,555.20","54,464.00","57,056.20",100.48K
28/02/2024,"57,048.70","63,915.30","56,704.90","62,467.60",173.64K
29/02/2024,"62,467.10","63,653.40","60,512.50","61,169.30",119.29K
01/03/2024,"61,157.30","63,147.30","60,790.90","62,397.70",74.96K
02/03/2024,"62,397.70","62,446.30","61,621.90","61,994.50",33.80K
03/03/2024,"61,955.60","63,227.30","61,399.40","63,135.80",38.01K
04/03/2024,"63,135.80","68,495.10","62,746.80","68,270.10",130.86K
05/03/2024,"68,273.10","69,063.10","60,138.20","63,792.60",207.60K
06/03/2024,"63,794.70","67,604.90","62,848.70","66,080.40",117.91K
07/03/2024,"66,074.60","67,985.50","65,602.60","66,855.30",77.47K
08/03/2024,"66,854.40","69,904.00","66,170.70","68,172.00",112.67K
09/03/2024,"68,178.50","68,576.90","67,923.90","68,366.50",30.71K
10/03/2024,"68,360.70","69,905.30","68,165.00","68,964.80",53.49K
11/03/2024,"68,964.70","72,771.50","67,452.80","72,099.10",114.72K
12/03/2024,"72,099.10","72,916.70","68,845.60","71,470.20",105.09K
13/03/2024,"71,461.90","73,623.50","71,338.40","73,066.30",77.18K
14/03/2024,"73,066.70","73,740.90","68,717.20","71,387.50",109.43K
15/03/2024,"71,387.10","72,398.10","65,765.60","69,463.70",148.59K
16/03/2024,"69,456.50","70,037.00","64,971.00","65,314.20",75.82K
17/03/2024,"65,314.20","68,857.70","64,605.50","68,391.20",66.07K
18/03/2024,"68,389.70","68,920.10","66,601.40","67,594.10",78.07K
19/03/2024,"67,594.10","68,099.60","61,560.60","62,050.00",148.08K
20/03/2024,"62,046.80","68,029.50","60,850.90","67,854.00",133.53K
21/03/2024,"67,860.00","68,161.70","64,616.10","65,503.80",75.26K
22/03/2024,"65,501.50","66,633.30","62,328.30","63,785.50",72.43K
23/03/2024,"63,785.60","65,972.40","63,074.90","64,037.80",35.11K
24/03/2024,"64,036.50","67,587.80","63,812.90","67,211.90",65.59K
25/03/2024,"67,216.40","71,118.80","66,395.00","69,892.00",124.72K
26/03/2024,"69,896.30","71,490.70","69,366.40","69,999.30",90.98K
27/03/2024,"69,999.20","71,670.80","68,428.60","69,442.40",112.88K
28/03/2024,"69,449.40","71,542.50","68,956.90","70,762.10",72.49K
29/03/2024,"70,766.70","70,907.00","69,090.90","69,871.70",58.99K
30/03/2024,"69,872.30","70,321.20","69,564.90","69,611.50",29.87K
31/03/2024,"69,608.50","71,367.50","69,576.60","71,332.00",42.45K
01/04/2024,"71,329.30","71,329.30","68,175.90","69,664.40",94.05K
02/04/2024,"69,662.70","69,673.00","64,628.40","65,439.20",152.87K
03/04/2024,"65,443.60","66,844.80","64,559.00","65,963.00",88.46K
04/04/2024,"65,968.40","69,238.80","65,096.30","68,496.50",100.30K
05/04/2024,"68,498.70","68,692.20","66,023.30","67,830.60",88.97K
06/04/2024,"67,830.50","69,632.00","67,467.20","68,890.60",41.48K
07/04/2024,"68,897.30","70,285.80","68,849.40","69,360.40",46.99K
08/04/2024,"69,358.00","72,710.80","69,110.50","71,630.10",105.78K
09/04/2024,"71,627.30","71,737.20","68,264.60","69,148.00",93.69K
10/04/2024,"69,147.80","71,086.90","67,570.00","70,622.10",97.71K
11/04/2024,"70,620.40","71,249.20","69,586.10","70,011.60",72.51K
12/04/2024,"70,014.90","71,226.90","65,829.30","67,151.90",131.84K
13/04/2024,"67,137.40","67,921.00","61,065.50","63,849.90",149.48K
14/04/2024,"63,909.50","65,758.20","62,174.70","65,697.40",134.40K
15/04/2024,"65,696.60","66,805.10","62,379.50","63,411.90",118.79K
16/04/2024,"63,416.10","64,274.40","61,715.60","63,805.30",114.96K
17/04/2024,"63,802.30","64,451.50","59,820.80","61,278.90",118.92K
18/04/2024,"61,278.90","64,092.40","60,822.30","63,481.40",97.38K
19/04/2024,"63,480.50","65,441.20","59,693.30","63,799.10",150.34K
20/04/2024,"63,817.60","65,375.60","63,131.70","64,961.10",49.33K
21/04/2024,"64,942.10","65,680.60","64,267.50","64,940.20",42.02K
22/04/2024,"64,940.10","67,208.00","64,527.50","66,829.30",72.30K
23/04/2024,"66,829.50","67,180.00","65,848.30","66,415.00",52.42K
24/04/2024,"66,414.90","67,060.50","63,606.90","64,285.70",77.83K
25/04/2024,"64,287.10","65,247.50","62,889.20","64,497.10",80.77K
26/04/2024,"64,497.10","64,771.30","63,354.90","63,766.40",61.60K
27/04/2024,"63,765.80","63,916.70","62,507.70","63,456.80",45.34K
28/04/2024,"63,457.90","64,346.10","62,827.80","63,109.70",36.65K
29/04/2024,"63,113.70","64,193.10","61,837.20","63,860.10",67.26K
30/04/2024,"63,852.40","64,700.20","59,228.70","60,666.60",121.04K
01/05/2024,"60,665.00","60,827.50","56,643.50","58,331.20",171.55K
02/05/2024,"58,334.90","59,548.00","56,989.80","59,121.30",98.06K
03/05/2024,"59,104.30","63,298.40","58,830.80","62,877.50",100.46K
04/05/2024,"62,887.10","64,466.00","62,599.10","63,888.30",53.03K
05/05/2024,"63,897.70","64,587.20","62,923.90","64,006.40",40.51K
06/05/2024,"64,005.80","65,448.80","62,730.70","63,163.10",77.68K
07/05/2024,"63,163.10","64,361.00","62,294.10","62,317.70",59.74K
08/05/2024,"62,304.90","62,997.40","60,894.20","61,207.50",56.47K
09/05/2024,"61,207.30","63,413.30","60,671.40","63,075.00",64.22K
10/05/2024,"63,074.30","63,454.30","60,251.80","60,796.90",79.33K
11/05/2024,"60,796.80","61,487.50","60,499.30","60,826.60",27.50K
12/05/2024,"60,826.60","61,847.70","60,647.10","61,480.00",27.40K
13/05/2024,"61,480.50","63,443.20","60,779.00","62,937.20",70.55K
14/05/2024,"62,936.80","63,102.60","61,156.90","61,569.40",68.84K
15/05/2024,"61,569.40","66,417.10","61,357.50","66,225.10",106.05K
16/05/2024,"66,219.60","66,643.90","64,623.30","65,231.00",72.55K
17/05/2024,"65,231.10","67,420.70","65,121.70","67,036.80",63.09K
18/05/2024,"67,036.60","67,361.40","66,636.10","66,917.50",29.68K
19/05/2024,"66,919.00","67,662.50","65,937.30","66,279.10",36.19K
20/05/2024,"66,278.30","71,482.80","66,076.50","71,422.70",112.66K
21/05/2024,"71,430.50","71,872.00","69,181.70","70,139.90",108.56K
22/05/2024,"70,141.00","70,593.40","69,024.30","69,155.40",65.08K
23/05/2024,"69,166.30","70,041.00","66,578.10","67,975.70",89.45K
24/05/2024,"67,971.10","69,212.00","66,685.80","68,547.60",63.28K
25/05/2024,"68,548.20","69,558.80","68,516.10","69,284.40",25.17K
26/05/2024,"69,287.20","69,494.00","68,294.50","68,514.80",24.58K
27/05/2024,"68,514.60","70,638.30","68,275.20","69,428.70",49.07K
28/05/2024,"69,428.30","69,560.70","67,299.90","68,366.00",71.39K
29/05/2024,"68,366.20","68,897.60","67,143.20","67,635.80",52.13K
30/05/2024,"67,631.30","69,504.70","67,138.40","68,354.70",66.84K
31/05/2024,"68,352.30","69,018.20","66,676.80","67,530.10",61.51K
01/06/2024,"67,533.90","67,861.00","67,449.60","67,760.80",19.01K
02/06/2024,"67,760.80","68,447.50","67,330.60","67,773.50",30.63K
03/06/2024,"67,763.30","70,131.00","67,616.80","68,807.80",69.42K
04/06/2024,"68,808.00","71,034.20","68,564.30","70,549.20",75.69K
05/06/2024,"70,550.90","71,744.40","70,397.10","71,083.70",67.06K
06/06/2024,"71,083.60","71,616.10","70,178.70","70,791.50",49.79K
07/06/2024,"70,793.40","71,956.50","68,620.70","69,347.90",82.62K
08/06/2024,"69,347.00","69,572.10","69,222.40","69,310.10",23.03K
09/06/2024,"69,310.50","69,847.80","69,136.70","69,650.60",20.99K
10/06/2024,"69,650.20","70,152.50","69,259.90","69,538.20",39.12K
11/06/2024,"69,537.90","69,573.30","66,197.80","67,319.80",96.70K
12/06/2024,"67,320.90","69,990.80","66,911.50","68,260.10",85.55K
13/06/2024,"68,260.60","68,384.60","66,324.30","66,773.10",66.36K
14/06/2024,"66,775.20","67,347.70","65,076.50","66,034.80",65.18K
15/06/2024,"66,034.10","66,446.40","65,895.10","66,223.00",24.05K
16/06/2024,"66,223.00","66,951.40","66,038.10","66,674.70",20.74K
17/06/2024,"66,672.90","67,253.80","65,115.40","66,498.80",66.09K
18/06/2024,"66,495.70","66,571.20","64,098.40","65,159.90",93.72K
19/06/2024,"65,159.80","65,706.40","64,705.60","64,980.90",42.96K
20/06/2024,"64,982.10","66,474.20","64,566.70","64,854.30",56.24K
21/06/2024,"64,854.30","65,054.90","63,427.90","64,128.50",60.86K
22/06/2024,"64,131.90","64,523.90","63,944.00","64,261.00",17.55K
23/06/2024,"64,261.00","64,518.90","63,195.30","63,196.20",19.94K
24/06/2024,"63,201.60","63,357.10","58,589.90","60,292.70",120.60K
25/06/2024,"60,292.00","62,266.00","60,262.20","61,809.40",77.28K
26/06/2024,"61,809.90","62,469.40","60,715.10","60,849.40",54.95K
27/06/2024,"60,848.30","62,351.20","60,629.40","61,685.30",48.79K
28/06/2024,"61,684.60","62,175.40","60,081.90","60,403.30",58.95K
29/06/2024,"60,403.70","61,192.80","60,382.80","60,973.40",26.56K
30/06/2024,"60,973.10","63,006.60","60,703.70","62,754.30",37.21K
01/07/2024,"62,768.80","63,842.10","62,558.00","62,890.10",59.94K
02/07/2024,"62,888.30","63,257.00","61,797.60","62,103.30",46.52K
03/07/2024,"62,104.90","62,263.60","59,466.60","60,199.30",73.34K
04/07/2024,"60,201.40","60,463.00","56,812.70","57,026.30",116.38K
05/07/2024,"57,025.70","57,471.10","53,883.40","56,641.80",175.51K
06/07/2024,"56,640.00","58,462.00","56,026.80","58,259.20",46.91K
07/07/2024,"58,240.20","58,394.60","55,756.30","55,861.10",41.12K
08/07/2024,"55,850.20","58,115.80","54,320.00","56,724.70",102.91K
09/07/2024,"56,721.30","58,234.00","56,306.30","58,039.40",64.25K
10/07/2024,"58,040.20","59,393.80","57,185.30","57,746.70",59.60K
11/07/2024,"57,745.90","59,404.40","57,095.00","57,337.30",66.40K
12/07/2024,"57,338.30","58,520.90","56,575.70","57,885.10",56.84K
13/07/2024,"57,897.40","59,826.50","57,770.60","59,209.80",34.28K
14/07/2024,"59,207.90","61,326.90","59,207.90","60,794.90",47.48K
15/07/2024,"60,794.70","64,869.50","60,678.80","64,782.40",96.02K
16/07/2024,"64,749.20","65,319.50","62,430.80","65,049.70",93.63K
17/07/2024,"65,052.80","66,051.50","63,897.50","64,089.20",66.11K
18/07/2024,"64,090.40","65,102.00","63,253.50","63,980.50",51.27K
19/07/2024,"63,981.20","67,390.40","63,326.10","66,677.40",82.87K
20/07/2024,"66,677.00","67,586.40","66,257.40","67,148.50",32.94K
21/07/2024,"67,147.80","68,352.90","65,825.60","68,158.70",47.19K
22/07/2024,"68,158.40","68,468.90","66,601.80","67,553.60",54.88K
23/07/2024,"67,550.40","67,750.20","65,512.90","65,937.80",69.58K
24/07/2024,"65,936.80","67,072.10","65,155.20","65,370.50",52.47K
25/07/2024,"65,363.90","66,088.60","63,500.90","65,799.30",77.46K
26/07/2024,"65,799.70","68,205.00","65,764.30","67,908.60",59.13K
27/07/2024,"67,910.80","69,387.60","66,776.80","67,843.10",67.99K
28/07/2024,"67,888.90","68,291.90","67,067.80","68,256.30",26.17K
29/07/2024,"68,256.30","70,000.20","66,544.50","66,798.70",85.67K
30/07/2024,"66,796.10","66,998.30","65,328.70","66,184.90",54.43K
31/07/2024,"66,185.40","66,825.60","64,538.30","64,626.00",51.52K
01/08/2024,"64,625.70","65,587.90","62,303.90","65,372.90",84.20K
02/08/2024,"65,351.80","65,567.10","61,242.30","61,478.70",93.89K
03/08/2024,"61,480.80","62,184.20","59,914.60","60,696.70",65.74K
04/08/2024,"60,700.20","61,086.50","57,346.90","58,141.80",72.71K
05/08/2024,"58,142.90","58,291.40","49,486.90","53,979.00",333.46K
06/08/2024,"54,010.80","57,025.60","53,998.20","56,057.80",113.89K
07/08/2024,"56,049.90","57,669.60","54,598.50","55,120.90",94.52K
08/08/2024,"55,112.80","62,563.50","54,786.90","61,699.70",109.77K
09/08/2024,"61,697.80","61,712.30","59,570.20","60,850.60",69.55K
10/08/2024,"60,844.50","61,344.50","60,264.20","60,931.70",22.91K
11/08/2024,"60,929.80","61,677.30","58,388.70","58,713.30",41.06K
12/08/2024,"58,711.70","60,606.20","57,689.00","59,350.00",79.31K
13/08/2024,"59,350.20","61,537.00","58,492.40","60,595.20",62.92K
14/08/2024,"60,594.60","61,543.00","58,491.20","58,707.80",64.79K
15/08/2024,"58,710.10","59,831.40","56,275.70","57,534.60",81.47K
16/08/2024,"57,545.10","59,817.30","57,129.10","58,877.20",64.01K
17/08/2024,"58,877.80","59,659.50","58,825.50","59,483.10",18.51K
18/08/2024,"59,485.40","60,216.30","58,436.10","58,446.30",30.82K
19/08/2024,"58,445.80","59,598.50","57,872.00","59,470.90",49.19K
20/08/2024,"59,470.30","61,331.60","58,612.00","59,005.80",69.77K
21/08/2024,"59,010.00","61,812.00","58,831.10","61,158.10",91.31K
22/08/2024,"61,158.30","61,399.70","59,815.80","60,372.20",74.39K
23/08/2024,"60,374.70","64,830.10","60,354.40","64,053.10",125.50K
24/08/2024,"64,061.70","64,458.90","63,579.50","64,159.30",54.14K
25/08/2024,"64,160.70","64,939.20","63,796.60","64,273.20",41.61K
26/08/2024,"64,240.70","64,472.50","62,841.10","62,846.20",68.89K
27/08/2024,"62,832.20","63,201.40","58,187.30","59,450.90",108.53K
28/08/2024,"59,425.60","60,198.40","57,912.10","59,016.00",109.47K
29/08/2024,"59,027.30","61,150.60","58,807.10","59,373.50",87.19K
30/08/2024,"59,371.70","59,817.60","57,874.70","59,119.70",87.31K
31/08/2024,"59,120.40","59,447.00","58,761.10","58,978.60",30.86K
01/09/2024,"58,975.70","59,058.70","57,232.40","57,315.70",63.95K
02/09/2024,"57,309.00","59,416.60","57,185.80","59,134.00",73.18K
03/09/2024,"59,133.70","59,799.70","57,436.90","57,479.80",74.77K
04/09/2024,"57,490.40","58,508.80","55,732.10","57,973.40",108.44K
05/09/2024,"57,970.70","58,318.90","55,744.60","56,183.20",90.36K
06/09/2024,"56,179.70","56,969.10","52,644.60","53,966.80",155.84K
07/09/2024,"53,965.00","54,819.20","53,754.30","54,156.50",58.11K
08/09/2024,"54,161.40","55,292.70","53,642.40","54,861.30",51.99K
09/09/2024,"54,868.00","57,956.70","54,595.40","57,049.60",105.33K
10/09/2024,"57,045.60","58,019.90","56,415.30","57,635.00",77.65K
11/09/2024,"57,638.00","57,975.90","55,576.60","57,338.70",102.15K
12/09/2024,"57,335.50","58,484.10","57,329.60","58,134.50",98.42K
13/09/2024,"58,134.40","60,625.40","57,656.80","60,511.60",102.12K
14/09/2024,"60,514.80","60,609.40","59,494.30","59,995.40",44.47K
15/09/2024,"59,995.60","60,377.60","58,717.90","59,138.50",47.01K
16/09/2024,"59,126.20","59,204.30","57,527.80","58,213.10",87.60K
17/09/2024,"58,213.10","61,309.00","57,630.20","60,309.10",106.30K
18/09/2024,"60,308.50","61,757.60","59,210.70","61,757.60",105.57K
19/09/2024,"61,754.80","63,849.60","61,596.50","62,938.60",120.17K
20/09/2024,"62,942.40","64,085.10","62,367.10","63,201.20",90.65K
21/09/2024,"63,201.20","63,526.30","62,778.60","63,348.10",33.20K
22/09/2024,"63,351.20","63,998.20","62,394.60","63,572.70",48.86K
23/09/2024,"63,575.40","64,723.40","62,650.00","63,331.80",75.66K
24/09/2024,"63,335.90","64,664.10","62,740.80","64,256.80",76.71K
25/09/2024,"64,262.90","64,788.40","62,952.80","63,156.50",62.72K
26/09/2024,"63,157.20","65,770.90","62,693.30","65,175.70",96.06K
27/09/2024,"65,168.80","66,440.70","64,839.20","65,776.30",80.55K
28/09/2024,"65,775.60","66,232.50","65,438.10","65,866.50",35.00K
29/09/2024,"65,862.80","66,065.70","65,436.80","65,607.10",32.60K
30/09/2024,"65,607.00","65,607.00","62,901.10","63,339.20",101.70K
01/10/2024,"63,329.90","64,125.30","60,195.90","60,835.50",134.93K
02/10/2024,"60,834.20","62,339.80","60,002.70","60,645.70",98.94K
03/10/2024,"60,642.00","61,468.90","59,904.40","60,751.20",82.43K
04/10/2024,"60,751.40","62,471.70","60,469.30","62,081.00",72.71K
05/10/2024,"62,085.50","62,366.80","61,705.70","62,061.40",30.15K
06/10/2024,"62,062.00","62,934.50","61,495.40","62,819.40",31.72K
07/10/2024,"62,819.80","64,449.30","62,175.80","62,245.60",86.27K
08/10/2024,"62,226.90","63,196.60","61,883.20","62,157.00",63.75K
09/10/2024,"62,157.00","62,537.00","60,355.50","60,628.80",68.79K
10/10/2024,"60,628.90","61,304.60","59,075.70","60,316.20",83.86K
11/10/2024,"60,317.50","63,385.10","60,080.60","62,499.40",86.38K
12/10/2024,"62,506.60","63,463.10","62,486.10","63,205.10",40.91K
13/10/2024,"63,205.40","63,284.60","62,054.20","62,870.90",42.26K
14/10/2024,"62,870.70","66,476.60","62,463.70","66,081.70",122.09K
15/10/2024,"66,084.10","67,821.90","64,850.60","67,077.50",136.72K
16/10/2024,"67,075.10","68,389.40","66,766.60","67,617.90",98.30K
17/10/2024,"67,618.10","67,933.50","66,677.30","67,418.40",84.68K
18/10/2024,"67,416.50","68,990.30","67,190.90","68,423.10",99.20K
19/10/2024,"68,426.40","68,688.80","68,025.50","68,372.00",33.29K
20/10/2024,"68,373.30","69,386.40","67,443.90","69,030.50",44.92K
21/10/2024,"69,030.50","69,490.80","66,845.50","67,371.30",109.28K
22/10/2024,"67,370.80","67,815.30","66,609.40","67,427.30",86.76K
23/10/2024,"67,428.60","67,441.10","65,246.70","66,663.70",84.99K
24/10/2024,"66,659.20","68,831.80","66,510.60","68,191.50",82.78K
25/10/2024,"68,191.90","68,756.80","65,644.20","66,696.80",110.51K
26/10/2024,"66,694.50","67,408.40","66,443.80","67,086.80",42.05K
27/10/2024,"67,084.70","68,308.00","66,924.60","68,004.60",33.58K
28/10/2024,"68,011.90","70,203.40","67,610.00","69,954.10",103.97K
29/10/2024,"69,957.20","73,569.40","69,753.20","72,730.40",168.60K
30/10/2024,"72,732.50","72,907.40","71,460.00","72,347.80",99.05K
31/10/2024,"72,343.70","72,685.70","69,674.50","70,281.80",111.29K
01/11/2024,"70,278.70","71,598.40","68,846.00","69,507.20",130.46K
02/11/2024,"69,499.30","69,896.90","69,029.00","69,325.80",38.72K
03/11/2024,"69,334.80","69,383.60","67,514.20","68,769.60",83.16K
04/11/2024,"68,770.30","69,483.40","66,834.00","67,848.80",101.31K
05/11/2024,"67,848.30","70,495.60","67,473.60","69,373.70",108.95K
06/11/2024,"69,374.10","76,401.40","69,323.00","75,586.30",357.28K
07/11/2024,"75,585.50","76,837.80","74,448.20","75,868.60",184.16K
08/11/2024,"75,869.80","77,188.50","75,599.00","76,517.30",155.17K
09/11/2024,"76,506.10","76,904.00","75,732.50","76,700.30",72.97K
10/11/2024,"76,681.40","81,373.50","76,520.50","80,388.50",193.83K
11/11/2024,"80,389.00","89,519.00","80,231.80","88,664.10",254.04K
12/11/2024,"88,665.00","89,929.60","85,122.20","87,941.30",288.68K
13/11/2024,"87,971.20","93,226.60","86,168.40","90,422.20",257.57K
14/11/2024,"90,424.80","91,726.70","86,740.20","87,294.00",153.34K
15/11/2024,"87,297.20","91,833.10","87,118.80","91,046.50",158.19K
16/11/2024,"91,035.30","91,748.90","90,079.00","90,539.10",79.82K
17/11/2024,"90,569.40","91,441.60","88,736.10","89,833.70",81.24K
18/11/2024,"89,843.30","92,567.10","89,410.40","90,478.70",150.47K
19/11/2024,"90,482.10","93,918.50","90,378.70","92,239.20",146.04K
20/11/2024,"92,252.60","94,836.10","91,517.40","94,303.90",121.46K
21/11/2024,"94,308.70","98,937.20","94,063.80","98,374.50",179.07K
22/11/2024,"98,381.20","99,617.40","97,182.20","98,929.70",132.23K
23/11/2024,"98,927.20","98,927.20","97,180.90","97,699.00",72.17K
24/11/2024,"97,696.40","98,552.60","95,765.40","97,935.20",77.04K
25/11/2024,"97,948.80","98,872.40","92,875.30","93,064.40",124.98K
26/11/2024,"93,046.50","94,978.80","90,817.20","91,977.60",131.88K
27/11/2024,"91,975.50","97,219.80","91,795.50","95,886.60",106.39K
28/11/2024,"95,881.40","96,549.00","94,648.80","95,645.50",68.17K
29/11/2024,"95,645.60","98,599.80","95,405.70","97,438.00",76.54K
30/11/2024,"97,438.50","97,461.90","96,119.60","96,405.70",36.92K
01/12/2024,"96,404.70","97,813.90","95,721.80","97,201.40",42.90K
02/12/2024,"97,199.30","98,082.00","94,510.60","95,846.60",95.80K
03/12/2024,"95,843.90","96,245.00","93,646.10","95,898.70",95.08K
04/12/2024,"95,900.10","99,030.70","94,625.30","98,635.80",113.77K
05/12/2024,"98,624.80","103,719.40","92,510.40","96,970.80",245.79K
06/12/2024,"96,968.90","101,908.50","96,452.00","99,760.70",213.49K
07/12/2024,"99,757.20","100,441.80","98,969.00","99,837.00",118.44K
08/12/2024,"99,837.00","101,339.90","98,713.90","101,115.80",128.93K
09/12/2024,"101,129.70","101,198.60","94,395.80","97,359.40",321.01K
10/12/2024,"97,311.50","98,237.80","94,304.50","96,600.30",271.45K
11/12/2024,"96,603.20","101,877.10","95,689.50","101,126.20",250.02K
12/12/2024,"101,126.30","102,495.30","99,334.50","100,009.90",188.96K
13/12/2024,"100,008.30","101,891.20","99,214.20","101,426.20",162.40K
14/12/2024,"101,423.70","102,633.00","100,626.30","101,417.70",105.31K
15/12/2024,"101,417.90","105,120.90","101,234.90","104,443.00",133.99K
16/12/2024,"104,479.20","107,767.60","103,351.70","106,057.60",232.66K
17/12/2024,"106,053.40","108,244.90","105,350.60","106,138.90",149.37K
18/12/2024,"106,140.70","106,477.60","100,049.30","100,197.80",187.49K
19/12/2024,"100,190.50","102,778.80","95,672.20","97,466.10",200.57K
20/12/2024,"97,468.30","98,178.20","92,301.90","97,795.70",221.18K
21/12/2024,"97,799.10","99,531.90","96,478.60","97,253.30",123.36K
22/12/2024,"97,281.60","97,422.20","94,265.20","95,183.80",100.64K
23/12/2024,"95,184.80","96,517.80","92,543.20","94,852.10",133.24K
24/12/2024,"94,852.80","99,446.60","93,566.20","98,668.10",69.86K
25/12/2024,"98,661.90","99,514.10","97,651.90","99,391.30",39.80K
26/12/2024,"99,389.40","99,922.50","95,193.30","95,777.70",74.60K
27/12/2024,"95,776.40","97,243.30","93,472.80","94,275.90",85.12K
28/12/2024,"94,274.90","95,684.30","94,124.70","95,284.50",32.97K
29/12/2024,"95,282.60","95,315.40","93,026.70","93,716.30",47.71K
30/12/2024,"93,718.70","94,936.40","91,522.30","92,779.80",112.43K
31/12/2024,"92,777.20","96,163.40","92,036.20","93,557.20",74.85K
01/01/2025,"93,557.30","95,100.00","92,939.30","94,560.20",43.34K
02/01/2025,"94,561.10","97,808.00","94,381.20","96,960.00",76.13K
03/01/2025,"96,960.20","98,963.30","96,090.60","98,167.50",61.62K
04/01/2025,"98,168.90","98,742.60","97,568.90","98,219.90",36.56K
05/01/2025,"98,220.10","98,823.10","97,300.00","98,347.70",31.34K
06/01/2025,"98,373.20","102,474.50","97,932.30","102,248.70",86.73K
07/01/2025,"102,247.90","102,678.20","96,201.30","96,929.80",99.77K
08/01/2025,"96,938.20","97,266.40","92,716.60","95,066.60",100.36K
09/01/2025,"95,066.60","95,323.10","91,241.90","92,539.80",132.78K
10/01/2025,"92,540.50","95,760.60","92,310.60","94,724.10",125.42K
11/01/2025,"94,724.00","94,765.50","93,847.80","94,612.00",72.66K
12/01/2025,"94,600.00","95,384.30","93,711.20","94,541.80",17.60K
13/01/2025,"94,545.00","95,928.10","89,423.10","94,536.10",37.70K
14/01/2025,"94,536.70","97,361.20","94,359.50","96,542.10",87.79K
15/01/2025,"96,547.40","100,671.00","96,501.90","100,499.80",95.32K
16/01/2025,"100,499.90","100,812.40","97,400.20","100,004.50",87.08K
17/01/2025,"99,991.90","105,843.80","99,956.20","104,084.90",127.33K
18/01/2025,"104,084.70","104,953.10","102,297.00","104,536.90",79.30K
19/01/2025,"104,536.80","106,338.20","99,742.70","101,319.50",123.72K
20/01/2025,"101,313.30","109,228.60","99,676.00","102,197.70",202.66K
21/01/2025,"102,190.20","107,211.90","100,192.50","106,157.20",129.36K
22/01/2025,"106,157.20","106,266.20","103,354.40","103,684.80",77.56K
23/01/2025,"103,681.30","106,806.50","101,281.60","103,912.10",141.80K
24/01/2025,"103,913.60","107,102.20","102,760.00","104,862.30",83.96K
25/01/2025,"104,861.40","105,255.60","104,133.90","104,742.90",37.68K
26/01/2025,"104,743.80","105,399.80","102,543.80","102,637.80",32.18K
27/01/2025,"102,618.30","103,234.80","97,987.50","102,091.70",146.38K
28/01/2025,"102,085.20","103,584.10","100,288.00","101,349.30",74.69K
29/01/2025,"101,342.10","104,760.00","101,340.60","103,722.00",74.38K
30/01/2025,"103,723.00","106,409.10","103,388.40","104,726.90",74.84K
31/01/2025,"104,726.90","105,876.30","101,576.00","102,424.20",82.79K
01/02/2025,"102,421.30","102,770.80","100,293.50","100,648.00",47.48K
02/02/2025,"100,647.10","101,451.00","96,250.20","97,684.90",99.36K
03/02/2025,"97,686.00","102,372.20","91,695.80","101,337.10",190.81K
04/02/2025,"101,339.70","101,692.90","96,190.50","97,793.40",117.35K
05/02/2025,"97,784.80","99,028.30","96,163.80","96,595.30",82.92K
06/02/2025,"96,606.30","99,119.20","95,706.60","96,568.80",76.92K
07/02/2025,"96,564.80","100,133.90","95,693.70","96,513.50",97.60K
08/02/2025,"96,513.50","96,862.80","95,716.10","96,447.90",38.99K
09/02/2025,"96,448.40","97,297.80","94,750.40","96,469.20",48.38K
10/02/2025,"96,469.20","98,311.60","95,307.70","97,434.70",71.43K
11/02/2025,"97,434.70","98,476.50","94,902.70","95,771.70",69.89K
12/02/2025,"95,777.20","98,095.80","94,110.70","97,881.30",87.21K
13/02/2025,"97,874.70","98,079.60","95,295.40","96,610.20",66.76K
14/02/2025,"96,611.60","98,817.30","96,316.50","97,504.60",65.37K
15/02/2025,"97,504.40","97,973.20","97,210.80","97,573.40",29.65K
16/02/2025,"97,573.10","97,706.50","96,060.20","96,132.10",33.35K
17/02/2025,"96,120.20","97,002.30","95,222.00","95,781.30",58.40K
18/02/2025,"95,781.50","96,645.10","93,403.40","95,638.00",74.09K
19/02/2025,"95,663.70","96,829.60","95,049.10","96,644.80",58.27K
20/02/2025,"96,645.20","98,721.60","96,441.90","98,310.30",61.84K
21/02/2025,"98,310.30","99,473.40","94,903.60","96,155.60",104.28K
22/02/2025,"96,158.30","96,930.80","95,801.10","96,556.10",45.62K
23/02/2025,"96,556.20","96,655.20","95,259.50","96,258.80",38.82K
24/02/2025,"96,261.00","96,497.90","91,378.50","91,508.50",96.46K
25/02/2025,"91,510.40","92,523.10","86,097.50","88,686.00",195.29K
26/02/2025,"88,675.00","89,375.30","82,332.90","84,212.70",145.33K
27/02/2025,"84,204.60","87,013.90","82,723.50","84,714.60",116.14K
28/02/2025,"84,713.30","85,028.70","78,329.80","84,381.20",186.90K
01/03/2025,"84,353.40","86,546.30","83,837.30","86,071.60",79.51K
02/03/2025,"86,065.70","94,986.50","85,069.30","94,265.10",126.76K
03/03/2025,"94,266.10","94,266.10","85,140.80","86,209.70",143.15K
04/03/2025,"86,083.80","88,887.80","81,617.00","87,266.30",132.50K
05/03/2025,"87,269.50","90,937.80","86,429.40","90,611.70",95.54K
06/03/2025,"90,611.70","92,802.00","87,849.60","89,930.90",89.27K
07/03/2025,"89,879.50","91,059.80","84,864.30","86,531.20",138.11K
08/03/2025,"86,783.80","86,886.80","85,264.60","86,221.90",41.90K
09/03/2025,"86,221.50","86,498.60","80,048.90","80,691.60",69.90K
10/03/2025,"80,702.20","83,902.80","77,480.50","78,575.90",120.23K
11/03/2025,"78,579.70","83,572.60","76,677.10","82,921.10",123.59K
12/03/2025,"82,921.10","84,266.50","80,646.60","83,664.30",88.61K
13/03/2025,"83,664.70","84,292.00","79,954.90","81,100.20",79.25K
14/03/2025,"81,103.50","85,286.60","80,833.20","83,977.10",81.23K
15/03/2025,"83,978.70","84,679.50","83,636.40","84,341.30",38.40K
16/03/2025,"84,341.30","84,942.50","82,014.20","82,578.40",50.04K
17/03/2025,"82,580.30","84,729.20","82,525.00","84,019.10",58.04K
18/03/2025,"84,019.10","84,019.10","81,171.30","82,719.10",58.17K
19/03/2025,"82,719.10","86,990.60","82,557.50","86,841.00",84.61K
20/03/2025,"86,841.30","87,419.00","83,656.10","84,208.10",69.86K
21/03/2025,"84,208.70","84,831.00","83,215.90","84,073.30",42.80K
22/03/2025,"84,076.60","84,526.30","83,688.20","83,840.50",20.84K
23/03/2025,"83,840.20","86,082.00","83,812.70","86,077.40",31.13K
24/03/2025,"86,076.10","88,740.20","85,541.60","87,490.00",95.71K
25/03/2025,"87,495.30","88,523.30","86,328.50","87,404.00",75.24K
26/03/2025,"87,349.80","88,276.70","85,866.40","86,912.00",62.04K
27/03/2025,"86,937.00","87,751.40","85,844.40","87,228.20",56.49K
28/03/2025,"87,209.50","87,507.50","83,596.70","84,410.40",85.25K
29/03/2025,"84,412.10","84,603.40","81,668.20","82,645.70",39.34K
30/03/2025,"82,646.80","83,532.90","81,593.20","82,371.60",35.37K
31/03/2025,"82,375.40","83,895.60","81,300.10","82,548.80",61.76K
01/04/2025,"82,548.60","85,506.20","82,435.80","85,164.20",66.72K
02/04/2025,"85,166.00","88,377.30","82,358.90","82,525.00",104.05K
03/04/2025,"82,522.60","83,908.90","81,313.80","83,159.40",83.15K
04/04/2025,"83,160.20","84,704.10","81,691.10","83,866.70",91.54K
05/04/2025,"83,876.00","84,249.30","82,384.40","83,552.10",32.71K
06/04/2025,"83,528.00","83,731.70","77,171.10","78,391.30",79.17K
07/04/2025,"78,406.60","81,095.90","74,524.20","79,162.50",170.57K
08/04/2025,"79,166.70","80,839.80","76,255.00","76,312.50",93.88K
09/04/2025,"76,312.30","83,566.70","74,657.30","82,607.00",172.18K
10/04/2025,"82,606.80","82,737.50","78,495.80","79,607.50",92.83K
11/04/2025,"79,606.10","84,275.00","79,004.20","83,413.10",94.62K
12/04/2025,"83,420.50","85,893.50","82,828.00","85,292.70",55.60K
13/04/2025,"85,282.50","85,999.50","83,049.60","83,734.40",70.93K
14/04/2025,"83,752.80","85,794.90","83,705.20","84,586.40",78.03K
15/04/2025,"84,586.80","86,438.80","83,602.70","83,647.00",62.45K
16/04/2025,"83,648.10","85,438.20","83,143.50","84,032.20",63.97K
17/04/2025,"84,032.20","85,467.30","83,786.20","84,940.00",49.28K
18/04/2025,"84,947.70","85,106.10","84,331.00","84,474.60",25.83K
19/04/2025,"84,472.40","85,604.30","84,366.50","85,068.10",32.07K
20/04/2025,"85,075.50","85,321.00","83,976.10","85,179.00",32.08K
21/04/2025,"85,179.00","88,449.60","85,148.80","87,516.00",98.50K
22/04/2025,"87,516.00","93,816.90","87,105.20","93,441.90",130.17K
23/04/2025,"93,442.20","94,462.60","91,963.40","93,697.70",90.35K
24/04/2025,"93,696.30","94,001.00","91,673.00","93,980.30",66.68K
25/04/2025,"93,979.40","95,718.60","92,867.20","94,676.90",92.04K
26/04/2025,"94,669.30","95,207.00","93,891.80","94,631.40",33.77K
27/04/2025,"94,631.40","95,324.40","93,640.70","93,742.50",36.66K
28/04/2025,"93,742.50","95,580.30","92,818.90","94,995.00",73.63K
29/04/2025,"94,995.40","95,453.40","93,758.00","94,269.80",59.86K
30/04/2025,"94,265.00","95,223.40","93,049.60","94,184.40",57.10K
01/05/2025,"94,181.30","97,394.30","94,168.10","96,499.30",74.56K
02/05/2025,"96,497.30","97,881.80","96,359.30","96,894.40",51.94K
03/05/2025,"96,894.30","96,922.20","95,785.50","95,885.80",36.24K
04/05/2025,"95,885.50","96,297.80","94,206.10","94,316.90",41.31K
05/05/2025,"94,314.60","95,206.80","93,590.80","94,745.20",59.21K
06/05/2025,"94,745.90","96,893.90","93,408.80","96,825.40",55.76K
07/05/2025,"96,817.90","97,647.50","95,798.40","97,035.10",59.98K
08/05/2025,"97,035.10","103,885.40","96,901.90","103,274.30",110.60K
09/05/2025,"103,270.70","104,308.70","102,365.70","102,975.10",87.34K
10/05/2025,"102,974.70","104,969.80","102,837.20","104,798.00",48.42K
11/05/2025,"104,748.30","104,930.90","103,358.80","104,119.20",54.76K
12/05/2025,"104,119.20","105,765.20","100,766.80","102,795.00",90.21K
13/05/2025,"102,794.90","104,972.90","101,510.20","104,119.20",71.91K
14/05/2025,"104,116.30","104,316.00","102,632.90","103,513.90",55.58K
15/05/2025,"103,513.20","104,153.80","101,436.80","103,765.40",59.68K
16/05/2025,"103,764.60","104,544.10","103,126.50","103,480.50",53.27K
17/05/2025,"103,473.90","103,712.30","102,626.50","103,112.60",37.43K
18/05/2025,"103,113.90","106,577.00","103,113.90","106,504.50",62.47K
19/05/2025,"106,507.70","107,081.30","102,088.20","105,585.80",90.49K
20/05/2025,"105,586.10","107,270.50","104,199.30","106,815.80",76.08K
21/05/2025,"106,814.70","110,628.80","106,109.50","109,640.10",124.17K
22/05/2025,"109,632.60","111,953.60","109,281.80","111,702.70",96.35K
23/05/2025,"111,702.60","111,778.70","106,855.40","107,313.40",87.57K
24/05/2025,"107,313.50","109,476.40","106,904.50","107,763.00",52.26K
25/05/2025,"107,763.00","109,203.40","106,648.30","109,021.10",52.49K
26/05/2025,"109,014.90","110,401.40","108,694.00","109,455.30",48.01K
27/05/2025,"109,455.30","110,718.70","107,572.20","108,944.00",65.02K
28/05/2025,"108,905.70","109,238.30","106,804.90","107,786.70",51.84K
29/05/2025,"107,759.10","108,896.70","105,399.90","105,600.00",70.02K
30/05/2025,"105,598.80","106,314.90","103,693.90","103,981.30",71.98K
31/05/2025,"103,981.90","104,888.40","103,091.30","104,598.00",35.80K
01/06/2025,"104,598.00","105,867.50","103,768.60","105,635.20",33.03K
02/06/2025,"105,635.20","105,930.70","103,729.70","105,845.60",46.44K
03/06/2025,"105,845.60","106,758.40","104,886.90","105,388.30",49.47K
04/06/2025,"105,383.50","105,971.20","104,224.00","104,695.60",50.06K
05/06/2025,"104,690.60","105,914.40","100,421.10","101,521.90",73.53K
06/06/2025,"101,524.10","105,306.50","101,127.60","104,308.30",61.97K
07/06/2025,"104,308.30","105,911.70","103,911.00","105,564.20",32.39K
08/06/2025,"105,564.20","106,449.30","105,011.60","105,739.60",29.11K
09/06/2025,"105,739.60","110,404.90","105,333.30","110,268.30",64.28K
10/06/2025,"110,268.30","110,369.20","108,380.60","110,269.20",58.28K
11/06/2025,"110,269.20","110,386.10","108,081.90","108,661.20",44.80K
12/06/2025,"108,662.20","108,776.20","105,703.00","105,703.00",59.87K
13/06/2025,"105,702.70","106,147.00","102,739.60","106,080.30",73.84K
14/06/2025,"106,028.50","106,196.90","104,321.00","105,421.50",30.99K
15/06/2025,"105,421.60","106,098.90","104,502.00","105,591.80",26.22K
16/06/2025,"105,594.00","108,899.30","104,993.80","106,740.40",50.95K
17/06/2025,"106,769.80","107,747.40","103,386.30","104,559.80",60.73K
18/06/2025,"104,571.40","105,553.00","103,622.40","104,894.20",45.60K
19/06/2025,"104,894.20","105,220.50","103,934.50","104,669.60",28.47K
20/06/2025,"104,669.60","106,520.30","102,396.80","103,280.50",51.48K
21/06/2025,"103,287.20","103,989.30","100,947.80","102,113.20",37.52K
22/06/2025,"102,114.50","103,300.40","98,249.20","100,990.40",81.37K
23/06/2025,"100,782.50","106,032.70","99,696.90","105,376.90",83.16K
24/06/2025,"105,376.90","106,268.70","104,642.90","106,078.60",52.81K
25/06/2025,"106,086.00","108,128.00","105,828.20","107,349.40",58.14K
26/06/2025,"107,350.60","108,261.20","106,650.00","106,945.90",38.70K
27/06/2025,"106,948.00","107,726.50","106,414.10","107,044.20",46.24K
28/06/2025,"107,048.20","107,542.30","106,822.00","107,304.40",14.26K
29/06/2025,"107,304.30","108,470.50","107,188.40","108,361.10",25.96K
30/06/2025,"108,362.30","108,777.00","106,743.10","107,171.10",37.46K
01/07/2025,"107,176.40","107,532.30","105,289.40","105,694.30",40.28K
02/07/2025,"105,694.00","109,727.80","105,163.50","108,843.70",62.51K
03/07/2025,"108,846.70","110,506.80","108,550.80","109,600.50",45.39K
04/07/2025,"109,600.80","109,723.70","107,268.20","107,989.60",40.92K
05/07/2025,"107,989.60","108,357.50","107,797.80","108,204.70",14.93K
06/07/2025,"108,204.70","109,701.80","107,818.80","109,207.00",21.94K
07/07/2025,"109,207.00","109,686.80","107,526.50","108,269.60",35.34K
08/07/2025,"108,267.60","109,208.30","107,474.20","108,913.10",32.36K
09/07/2025,"108,913.10","111,915.70","108,329.90","111,246.00",56.81K
10/07/2025,"111,246.10","116,626.30","110,631.90","115,993.60",82.26K
11/07/2025,"115,994.00","118,848.40","115,261.90","117,535.60",89.27K
12/07/2025,"117,535.60","118,206.60","116,951.20","117,419.50",32.19K
13/07/2025,"117,422.40","119,441.60","117,247.70","119,090.60",33.24K
14/07/2025,"119,092.20","123,104.70","118,913.70","119,849.50",89.94K
15/07/2025,"119,846.70","119,944.00","115,774.00","117,762.30",113.79K
16/07/2025,"117,762.40","120,028.00","117,030.50","118,683.20",60.71K
17/07/2025,"118,680.60","120,944.50","117,489.70","119,194.90",55.75K
18/07/2025,"119,196.40","120,801.20","116,839.20","117,940.30",66.90K
19/07/2025,"117,942.30","118,508.20","117,308.60","117,848.40",23.56K
20/07/2025,"117,848.40","118,860.00","116,515.20","117,297.20",40.07K
21/07/2025,"117,297.20","119,634.00","116,540.90","117,388.10",54.78K
22/07/2025,"117,388.20","120,253.10","116,199.10","119,965.50",70.23K
23/07/2025,"119,965.50","120,089.50","117,345.20","118,763.00",50.19K
24/07/2025,"118,760.70","119,459.70","117,141.70","118,310.90",55.00K
25/07/2025,"118,311.50","118,449.80","114,843.50","117,631.90",131.51K
26/07/2025,"117,632.20","118,298.10","117,150.50","117,917.60",31.06K
27/07/2025,"117,918.30","119,771.10","117,840.40","119,398.10",34.87K
28/07/2025,"119,402.70","119,788.20","117,426.50","118,053.90",61.81K
29/07/2025,"118,054.80","119,261.00","117,002.70","117,950.10",51.88K
30/07/2025,"117,949.80","118,693.50","115,830.70","117,840.40",48.17K
31/07/2025,"117,840.40","118,920.70","115,510.00","115,765.00",56.43K
01/08/2025,"115,766.70","116,054.60","112,760.60","113,312.10",77.85K
02/08/2025,"113,306.40","114,050.00","112,015.50","112,547.70",38.34K
03/08/2025,"112,547.90","114,758.40","111,992.40","114,213.10",27.15K
04/08/2025,"114,213.10","115,720.90","114,116.10","115,055.30",36.55K
05/08/2025,"115,055.30","115,111.70","112,678.90","114,139.10",41.41K
06/08/2025,"114,131.70","115,714.00","113,361.20","115,002.10",34.73K
07/08/2025,"115,002.10","117,628.40","114,267.30","117,480.50",47.52K
08/08/2025,"117,480.50","117,625.10","115,917.80","116,676.30",39.88K
09/08/2025,"116,676.50","117,893.00","116,357.70","116,471.60",34.33K
10/08/2025,"116,468.40","119,305.30","116,468.40","119,287.00",46.65K
11/08/2025,"119,291.80","122,319.50","118,242.50","118,689.60",81.13K
12/08/2025,"118,689.60","120,317.20","118,217.40","120,146.20",56.86K
13/08/2025,"120,138.40","123,651.80","118,959.90","123,323.40",76.09K
14/08/2025,"123,313.60","124,436.80","117,275.10","118,314.20",86.59K
15/08/2025,"118,314.10","119,231.90","116,816.80","117,356.30",45.23K
16/08/2025,"117,356.30","117,914.90","117,195.60","117,413.40",25.18K
17/08/2025,"117,393.80","118,559.40","117,192.40","117,405.40",21.87K
18/08/2025,"117,417.90","117,552.70","114,653.80","116,203.80",58.82K
19/08/2025,"116,218.90","116,729.20","112,750.90","112,880.30",62.15K
20/08/2025,"112,878.10","114,616.70","112,409.40","114,275.00",54.63K
21/08/2025,"114,275.00","114,776.30","112,023.00","112,481.10",43.00K
22/08/2025,"112,492.90","117,416.90","111,698.50","116,928.90",72.83K
23/08/2025,"116,928.90","117,024.30","114,576.50","115,433.30",39.63K
24/08/2025,"115,431.50","115,663.30","110,815.90","113,483.20",64.88K
25/08/2025,"113,486.60","113,665.10","109,295.10","110,118.40",76.94K
26/08/2025,"110,118.40","112,377.00","108,768.30","111,768.60",62.08K
27/08/2025,"111,768.60","112,611.30","110,409.90","111,255.60",44.41K
28/08/2025,"111,263.20","113,464.60","110,887.70","112,568.90",41.38K
29/08/2025,"112,568.90","112,617.30","107,538.70","108,355.60",69.98K
30/08/2025,"108,367.70","108,925.30","107,433.40","108,818.10",41.99K
31/08/2025,"108,818.10","109,484.20","108,092.60","108,226.80",33.80K
01/09/2025,"108,247.30","109,898.50","107,274.70","109,243.30",53.13K
02/09/2025,"109,241.60","111,714.60","108,425.30","111,218.30",60.02K
03/09/2025,"111,227.90","112,568.10","110,547.90","111,716.50",43.05K
04/09/2025,"111,716.50","112,189.10","109,344.80","110,712.70",43.30K
05/09/2025,"110,727.90","113,315.60","110,234.60","110,652.20",63.56K
06/09/2025,"110,660.10","111,313.40","110,010.50","110,194.40",21.14K
07/09/2025,"110,194.40","111,594.10","110,185.60","111,150.10",23.81K
08/09/2025,"111,140.90","112,896.90","110,630.50","112,068.40",41.95K
09/09/2025,"112,066.30","113,259.90","110,781.10","111,516.50",53.76K
10/09/2025,"111,517.10","114,300.70","110,938.80","113,963.50",62.24K
11/09/2025,"113,963.50","115,490.60","113,446.60","115,490.20",47.81K
12/09/2025,"115,490.50","116,684.30","114,766.10","116,042.80",56.48K
13/09/2025,"116,042.60","116,292.40","115,207.30","115,924.90",30.79K
14/09/2025,"115,924.80","116,165.60","115,158.30","115,314.60",25.84K
15/09/2025,"115,314.20","116,723.20","114,412.20","115,362.10",48.68K
16/09/2025,"115,362.10","116,970.00","114,801.00","116,795.90",43.05K
17/09/2025,"116,795.90","117,284.20","114,782.50","116,425.90",56.85K
18/09/2025,"116,426.50","117,910.40","116,144.90","117,086.00",46.50K
19/09/2025,"117,089.20","117,470.70","115,133.50","115,649.00",36.98K
20/09/2025,"115,649.00","116,138.40","115,424.90","115,699.20",20.42K
21/09/2025,"115,699.20","115,833.20","115,205.50","115,243.00",19.28K
22/09/2025,"115,243.30","115,382.70","111,964.90","112,673.00",67.57K
23/09/2025,"112,673.00","113,279.90","111,501.90","112,002.60",44.21K
24/09/2025,"112,002.90","113,951.00","111,212.00","113,307.10",43.29K
25/09/2025,"113,307.10","113,508.60","108,675.30","109,016.30",69.14K
26/09/2025,"109,012.40","110,299.10","108,673.00","109,662.20",54.26K
27/09/2025,"109,662.20","109,734.30","109,090.80","109,652.80",22.46K
28/09/2025,"109,652.80","112,355.80","109,213.50","112,174.60",28.91K
29/09/2025,"112,177.40","114,412.50","111,571.10","114,357.50",55.53K
30/09/2025,"114,355.40","114,776.20","112,672.50","114,048.50",53.07K
01/10/2025,"114,048.70","118,634.50","113,970.50","118,576.20",69.15K
02/10/2025,"118,577.10","121,023.00","118,318.10","120,566.10",69.08K
03/10/2025,"120,566.10","123,889.80","119,272.60","122,224.20",81.43K
04/10/2025,"122,224.80","122,810.60","121,530.50","122,387.10",31.34K
05/10/2025,"122,387.10","125,617.40","122,146.20","123,475.50",66.03K
06/10/2025,"123,475.50","126,186.00","123,144.60","124,725.10",68.95K
07/10/2025,"124,687.50","125,112.90","120,624.30","121,356.60",70.42K
08/10/2025,"121,356.70","124,139.30","121,086.10","123,311.10",57.67K
09/10/2025,"123,337.60","123,710.90","119,732.70","121,666.30",67.35K
10/10/2025,"121,666.60","122,492.80","103,893.30","112,878.60",153.63K
11/10/2025,"112,878.00","113,315.00","109,677.70","110,671.50",107.25K
12/10/2025,"110,670.90","115,733.90","109,612.80","114,986.00",93.16K
13/10/2025,"114,985.90","115,893.10","113,802.10","115,174.80",71.35K
14/10/2025,"115,174.80","115,400.60","109,948.00","113,030.80",95.33K
15/10/2025,"113,029.80","113,611.90","110,206.40","110,767.40",72.25K
16/10/2025,"110,767.40","111,960.20","107,549.10","108,204.80",92.62K
17/10/2025,"108,205.50","109,232.30","103,632.70","106,443.50",106.66K
18/10/2025,"106,469.40","107,489.00","106,356.90","107,193.50",40.28K
19/10/2025,"107,189.90","109,456.10","106,134.90","108,658.20",52.65K
20/10/2025,"108,656.30","111,677.20","107,443.10","110,544.00",64.94K
21/10/2025,"110,544.00","113,971.60","107,491.10","108,340.90",108.22K
22/10/2025,"108,336.40","109,081.50","106,746.20","107,587.50",86.97K
23/10/2025,"107,587.50","111,285.90","107,518.90","110,078.90",59.44K
24/10/2025,"110,078.90","111,966.00","109,776.00","111,013.10",51.79K
25/10/2025,"111,012.40","111,921.30","110,702.10","111,646.10",23.30K
26/10/2025,"111,646.00","115,153.90","111,261.90","114,550.90",42.74K
27/10/2025,"114,553.90","116,307.50","113,868.00","114,108.00",70.79K
28/10/2025,"114,110.30","116,076.70","112,266.90","112,905.80",52.49K
29/10/2025,"112,904.70","113,628.70","109,506.40","110,024.60",66.99K
30/10/2025,"110,024.90","111,585.80","106,371.40","108,320.10",80.07K
31/10/2025,"108,319.50","111,102.20","108,319.50","109,602.80",68.61K
01/11/2025,"109,602.70","110,534.60","109,406.70","110,103.60",27.13K
02/11/2025,"110,097.10","111,229.80","109,537.00","110,586.60",41.82K
03/11/2025,"110,566.90","110,736.30","105,331.70","106,578.10",85.37K
04/11/2025,"106,584.30","107,293.10","99,001.80","101,504.30",134.18K
05/11/2025,"101,500.80","104,534.30","99,010.60","103,896.70",98.50K
06/11/2025,"103,893.00","104,160.70","100,350.90","101,325.70",78.43K
07/11/2025,"101,330.30","104,067.90","99,290.80","103,325.40",94.27K
08/11/2025,"103,326.40","103,397.60","101,474.00","102,311.10",41.41K
09/11/2025,"102,311.30","105,409.10","101,469.10","104,722.40",51.64K
10/11/2025,"104,720.80","106,629.50","104,285.00","106,006.90",70.75K
11/11/2025,"106,003.20","107,461.30","102,484.30","103,046.70",73.04K
12/11/2025,"103,046.70","105,309.10","100,858.00","101,658.30",63.52K
13/11/2025,"101,652.80","104,008.70","98,027.40","99,728.70",100.44K
14/11/2025,"99,707.00","99,843.90","94,126.20","94,554.30",131.30K
15/11/2025,"94,557.50","96,799.50","94,557.50","95,587.60",48.15K
16/11/2025,"95,587.60","96,575.10","93,043.50","94,259.80",68.24K
17/11/2025,"94,259.80","96,002.70","91,327.80","92,195.00",109.89K
18/11/2025,"92,196.60","93,781.80","89,391.90","92,962.30",115.10K
19/11/2025,"92,962.30","92,962.30","88,610.40","91,544.10",95.86K
20/11/2025,"91,543.30","93,123.30","86,105.40","86,613.90",114.40K
21/11/2025,"86,610.60","87,460.00","80,697.70","85,131.00",177.95K
22/11/2025,"85,117.20","85,557.30","83,518.80","84,721.60",49.35K
23/11/2025,"84,729.00","87,995.80","84,729.00","86,826.60",67.53K
24/11/2025,"86,828.40","89,210.60","85,307.20","88,296.50",81.64K
25/11/2025,"88,296.10","88,502.60","86,162.00","87,366.80",70.67K
26/11/2025,"87,363.10","90,582.80","86,334.80","90,496.50",70.68K
27/11/2025,"90,497.80","91,888.00","90,099.90","91,324.60",58.08K
28/11/2025,"91,324.70","92,942.60","90,221.50","90,894.70",60.08K
29/11/2025,"90,894.70","91,160.20","90,225.30","90,800.50",28.05K
30/11/2025,"90,804.10","91,957.00","90,351.70","90,374.20",31.09K
01/12/2025,"90,372.20","90,372.20","83,858.10","86,309.10",105.96K
02/12/2025,"86,315.20","92,285.40","86,189.80","91,287.60",87.36K
03/12/2025,"91,286.80","94,077.00","91,020.80","93,437.20",79.02K
04/12/2025,"93,437.20","94,043.90","90,933.20","92,082.80",60.28K
05/12/2025,"92,082.80","92,676.40","88,218.40","89,333.60",61.14K
06/12/2025,"89,333.60","90,176.50","88,929.50","89,209.80",30.14K
07/12/2025,"89,209.80","91,736.80","87,747.60","90,413.60",38.67K
08/12/2025,"90,413.60","92,269.10","89,640.70","90,636.20",51.82K
09/12/2025,"90,636.10","94,591.40","89,592.20","92,693.00",68.38K
10/12/2025,"92,685.70","94,458.10","91,608.00","91,996.10",61.84K
11/12/2025,"92,005.00","93,539.40","89,324.10","92,507.40",65.64K
12/12/2025,"92,510.40","92,744.60","89,498.10","90,272.00",49.84K
13/12/2025,"90,272.00","90,638.10","89,781.30","90,249.30",23.47K
14/12/2025,"90,248.30","90,472.30","87,657.90","88,155.30",32.26K
15/12/2025,"88,154.40","89,974.10","85,228.80","86,428.60",61.65K
16/12/2025,"86,429.20","88,133.00","85,392.10","87,853.40",59.23K
17/12/2025,"87,859.50","90,258.20","85,351.40","86,230.20",61.48K
18/12/2025,"86,229.80","89,380.10","84,490.50","85,510.10",73.95K
19/12/2025,"85,509.00","89,347.80","85,155.10","88,131.40",64.26K
20/12/2025,"88,131.40","88,535.80","87,958.30","88,364.00",19.66K
21/12/2025,"88,364.10","89,059.00","87,633.60","88,636.80",26.47K
22/12/2025,"88,640.60","90,457.50","87,945.70","88,547.20",53.40K
23/12/2025,"88,550.60","88,923.00","86,651.20","87,467.90",49.12K
24/12/2025,"87,467.90","88,009.60","86,448.40","87,656.80",35.44K
25/12/2025,"87,656.80","88,524.00","86,959.90","87,249.30",25.91K
26/12/2025,"87,248.00","89,519.00","86,684.70","87,357.90",66.26K
27/12/2025,"87,357.60","87,935.10","87,252.00","87,850.80",19.68K
28/12/2025,"87,853.00","88,030.50","87,448.90","87,904.30",21.00K
29/12/2025,"87,912.00","90,378.30","86,827.70","87,217.70",75.31K
30/12/2025,"87,217.80","89,365.60","86,828.90","88,469.60",49.16K
31/12/2025,"88,469.50","89,119.30","87,245.60","87,612.70",45.91K
01/01/2026,"87,614.10","88,887.50","87,520.60","88,812.10",26.71K
02/01/2026,"88,812.20","90,913.50","88,392.00","89,982.70",62.70K
03/01/2026,"89,982.00","90,715.10","89,337.00","90,621.90",26.63K
04/01/2026,"90,621.90","91,757.90","90,621.90","91,545.40",38.27K
05/01/2026,"91,543.70","94,745.20","91,543.70","93,862.20",73.27K
06/01/2026,"93,862.10","94,417.60","91,544.40","93,739.30",64.90K
07/01/2026,"93,739.20","93,739.20","90,670.50","91,342.60",54.26K
08/01/2026,"91,342.60","91,528.60","89,347.30","91,081.70",58.38K
09/01/2026,"91,082.40","91,982.50","89,696.50","90,605.00",52.89K
10/01/2026,"90,605.40","90,796.70","90,383.10","90,485.10",14.76K
11/01/2026,"90,485.10","91,246.60","90,304.00","90,935.40",21.01K
12/01/2026,"90,935.40","92,484.30","90,134.50","91,271.90",57.93K
13/01/2026,"91,271.90","96,033.30","91,021.40","95,395.50",84.97K
14/01/2026,"95,395.50","97,838.40","94,608.90","96,934.50",93.40K
15/01/2026,"96,942.40","97,181.40","95,132.80","95,585.10",74.07K
16/01/2026,"95,585.70","95,839.40","94,288.80","95,549.60",43.13K
17/01/2026,"95,547.10","95,628.40","95,037.60","95,141.40",17.34K
18/01/2026,"95,141.40","95,522.60","93,618.70","93,671.60",25.30K
19/01/2026,"92,886.30","93,386.90","92,083.10","92,617.80",49.95K
20/01/2026,"92,617.80","92,857.50","87,911.40","88,400.30",72.37K
21/01/2026,"88,400.00","90,498.20","87,285.10","89,433.80",73.67K
22/01/2026,"89,433.10","90,330.60","88,536.10","89,520.50",41.98K
23/01/2026,"89,529.50","91,185.70","88,587.50","89,580.60",49.44K
24/01/2026,"89,576.80","89,901.90","89,142.10","89,254.90",16.96K
25/01/2026,"89,254.70","89,298.80","86,092.10","86,642.00",48.59K
26/01/2026,"86,644.30","88,810.80","86,520.80","88,331.30",65.76K
27/01/2026,"88,331.30","89,494.40","87,301.80","89,224.70",49.57K
28/01/2026,"89,224.50","90,520.90","88,820.70","89,253.20",50.90K
29/01/2026,"89,261.50","89,304.70","83,405.70","84,667.10",95.05K
30/01/2026,"84,657.00","84,705.10","81,201.50","84,235.50",109.59K
31/01/2026,"84,227.70","84,240.80","75,993.40","78,726.50",105.81K
01/02/2026,"78,720.60","79,355.00","75,766.80","76,976.10",76.61K
02/02/2026,"76,956.60","79,251.00","74,635.50","78,720.60",124.03K
03/02/2026,"78,725.60","79,158.40","73,004.30","75,724.80",112.17K
04/02/2026,"75,734.80","76,929.20","71,913.40","73,137.00",113.35K
05/02/2026,"73,136.10","73,292.00","62,562.20","62,857.90",259.10K
06/02/2026,"62,863.80","71,696.00","60,187.00","70,555.70",234.06K
07/02/2026,"70,556.00","71,570.40","67,397.40","69,319.50",113.64K
08/02/2026,"69,318.80","72,204.20","68,888.10","70,342.00",64.85K
09/02/2026,"70,356.00","71,379.50","68,389.30","70,127.90",89.05K
10/02/2026,"70,122.70","70,474.20","67,958.30","68,810.30",70.29K
11/02/2026,"68,809.20","69,273.90","65,790.00","67,048.80",89.97K
12/02/2026,"67,048.80","68,349.50","65,138.10","66,248.70",79.76K
13/02/2026,"66,234.10","69,405.50","65,871.00","68,883.40",70.10K
14/02/2026,"68,828.70","70,494.50","68,725.60","69,784.40",56.53K
15/02/2026,"69,797.00","70,961.20","68,076.10","68,813.80",59.22K
16/02/2026,"68,818.70","70,076.00","67,315.00","68,890.70",52.19K
17/02/2026,"68,889.40","69,174.40","66,649.20","67,490.90",54.94K
18/02/2026,"67,495.70","68,445.80","65,896.50","66,473.20",56.70K
19/02/2026,"66,466.70","67,304.60","65,653.50","66,978.90",53.72K
20/02/2026,"66,983.70","68,299.40","66,501.80","68,023.50",90.38K
21/02/2026,"68,018.10","68,673.30","67,556.40","68,011.10",31.40K
22/02/2026,"68,003.00","68,243.10","67,197.70","67,642.90",32.60K
23/02/2026,"67,640.00","67,665.40","63,939.00","64,662.70",108.84K
24/02/2026,"64,655.20","65,002.30","62,650.10","64,048.80",79.66K
25/02/2026,"64,058.20","69,819.30","63,930.40","67,978.80",105.59K
26/02/2026,"67,987.20","68,842.90","66,573.70","67,482.10",72.07K
27/02/2026,"67,487.70","68,190.80","65,018.70","65,870.20",75.21K
28/02/2026,"65,881.50","67,657.40","63,068.70","66,995.00",78.94K
01/03/2026,"66,990.70","68,159.20","65,093.10","65,763.30",71.35K
02/03/2026,"65,806.60","69,986.40","65,307.80","68,790.80",108.80K
03/03/2026,"68,802.70","69,213.30","66,288.70","68,318.50",80.59K
04/03/2026,"68,319.30","74,031.00","67,426.40","72,768.70",136.55K
05/03/2026,"72,744.30","73,540.20","70,661.70","70,887.50",89.38K
06/03/2026,"70,892.90","71,361.10","67,755.50","68,123.90",76.77K
07/03/2026,"68,123.40","68,519.40","66,983.10","67,258.90",43.68K
08/03/2026,"67,317.10","68,187.00","65,641.70","65,972.60",59.59K
09/03/2026,"65,994.00","69,452.70","65,858.80","68,435.50",90.37K
10/03/2026,"68,424.70","71,742.90","68,401.80","69,951.90",93.01K
11/03/2026,"69,952.40","71,317.50","68,997.50","70,190.10",77.24K
12/03/2026,"70,192.00","70,734.10","69,226.50","70,494.10",67.11K
13/03/2026,"70,500.30","73,904.10","70,396.40","70,957.00",99.06K
14/03/2026,"70,954.20","71,293.10","70,403.40","71,203.10",35.82K
15/03/2026,"71,203.50","73,135.90","70,866.90","72,816.00",43.82K
16/03/2026,"72,816.20","74,900.70","72,307.20","74,864.10",89.61K
17/03/2026,"74,864.80","75,991.20","73,460.70","73,908.90",79.48K
18/03/2026,"73,912.80","74,642.20","70,501.30","71,247.90",72.98K
19/03/2026,"71,246.60","71,574.90","68,814.40","69,916.70",70.63K
20/03/2026,"69,921.80","71,347.10","69,405.00","70,517.20",58.03K
21/03/2026,"70,513.20","71,058.40","68,643.60","68,880.50",35.79K
22/03/2026,"68,886.70","69,541.10","67,399.40","67,876.50",47.11K
23/03/2026,"67,871.00","71,791.40","67,469.90","70,908.50",81.14K
24/03/2026,"70,906.70","71,368.80","68,943.30","70,549.30",63.95K
25/03/2026,"70,553.00","71,978.60","70,414.50","71,326.80",56.70K
26/03/2026,"71,326.80","71,419.00","68,172.20","68,812.60",68.45K
27/03/2026,"68,812.60","69,153.60","65,578.20","66,395.80",92.63K
28/03/2026,"66,396.00","67,265.50","65,947.70","66,364.30",36.57K
29/03/2026,"66,365.70","67,076.80","65,015.20","65,994.60",34.74K
30/03/2026,"65,995.60","68,097.90","65,795.10","66,754.60",63.65K
31/03/2026,"66,764.10","68,503.40","66,004.60","68,268.30",70.23K
01/04/2026,"68,264.60","69,261.50","67,589.70","68,101.00",59.86K
02/04/2026,"68,104.40","68,639.10","65,773.40","66,898.30",64.32K
03/04/2026,"66,898.40","67,283.70","66,284.30","66,955.10",37.99K
04/04/2026,"66,958.40","67,529.40","66,775.30","67,297.50",24.06K
05/04/2026,"67,298.10","69,114.90","66,624.20","69,011.90",35.99K
06/04/2026,"69,023.00","70,265.00","68,435.50","68,852.60",66.69K
07/04/2026,"68,846.80","72,669.70","67,753.10","71,939.00",70.34K
08/04/2026,"71,933.60","72,835.10","70,749.20","71,108.50",68.29K
09/04/2026,"71,092.90","73,053.20","70,488.10","71,784.00",58.89K
10/04/2026,"71,787.80","73,401.20","71,438.90","72,961.60",60.69K
11/04/2026,"72,967.40","73,765.40","72,562.90","73,046.10",30.98K
12/04/2026,"73,047.90","73,136.60","70,554.80","70,744.20",43.88K
13/04/2026,"70,742.40","74,874.20","70,575.30","74,478.80",84.73K
14/04/2026,"74,436.10","76,043.70","73,874.80","74,164.90",97.85K
15/04/2026,"74,164.20","75,384.10","73,561.00","74,800.30",51.71K
16/04/2026,"74,800.30","75,444.00","73,395.20","75,171.40",55.47K
17/04/2026,"75,171.40","78,268.40","74,558.20","77,127.20",88.66K
18/04/2026,"77,126.10","77,411.80","75,502.30","75,708.00",33.17K
19/04/2026,"75,708.00","76,218.10","73,785.20","73,807.20",40.67K
20/04/2026,"73,806.80","76,528.20","73,763.40","75,848.20",58.58K
21/04/2026,"75,849.10","76,863.90","74,847.50","76,332.70",50.42K
22/04/2026,"76,332.70","79,446.30","76,150.70","78,185.10",71.69K
23/04/2026,"78,185.10","78,611.50","76,982.80","78,257.70",61.59K
24/04/2026,"78,257.70","78,526.30","77,297.10","77,431.80",48.78K
25/04/2026,"77,431.80","77,888.10","77,201.60","77,623.20",23.00K
26/04/2026,"77,623.60","78,895.90","77,333.80","78,641.10",29.32K
27/04/2026,"78,641.40","79,461.70","76,519.30","77,373.10",57.20K
28/04/2026,"77,373.10","77,467.80","75,675.90","76,346.20",50.12K
29/04/2026,"76,346.10","77,882.40","74,981.40","75,771.60",63.36K
30/04/2026,"75,775.10","76,636.20","75,337.40","76,316.60",43.39K
01/05/2026,"76,325.00","78,860.10","76,325.00","78,229.80",68.13K
02/05/2026,"78,229.90","79,117.20","78,039.60","78,684.90",21.94K
03/05/2026,"78,684.90","79,402.10","78,083.00","78,565.50",26.99K
04/05/2026,"78,565.50","80,684.80","78,224.20","79,828.20",82.69K
05/05/2026,"79,828.10","81,752.50","79,812.50","80,908.10",63.39K
06/05/2026,"80,907.80","82,791.30","80,799.00","81,444.60",64.67K
07/05/2026,"81,439.30","81,703.20","79,566.50","80,025.30",57.38K
08/05/2026,"80,019.10","80,404.90","79,274.10","80,196.80",50.78K
09/05/2026,"80,195.40","81,058.20","80,130.00","80,677.80",26.66K
10/05/2026,"80,689.20","82,431.70","80,313.00","82,190.90",40.02K
11/05/2026,"82,190.70","82,288.50","80,528.70","81,741.20",47.74K
12/05/2026,"81,741.30","81,775.20","79,858.00","80,498.40",52.17K
13/05/2026,"80,498.10","81,307.90","78,755.60","79,309.10",58.00K
14/05/2026,"79,309.10","82,029.40","78,939.40","81,080.40",78.15K
15/05/2026,"81,080.40","81,642.30","78,694.10","79,099.50",59.16K
16/05/2026,"79,099.40","79,221.00","77,680.40","78,156.80",43.32K
17/05/2026,"78,204.60","78,578.00","76,874.60","77,456.80",28.75K
18/05/2026,"77,351.40","77,769.20","76,066.00","76,993.70",70.67K
19/05/2026,"76,976.30","77,384.30","76,171.70","76,820.40",44.91K
20/05/2026,"76,828.90","77,790.50","76,518.90","77,536.00",42.62K
21/05/2026,"77,530.90","78,165.20","76,728.90","77,603.60",43.62K
22/05/2026,"77,557.40","77,883.20","75,418.00","75,525.80",46.93K
23/05/2026,"75,512.00","77,294.10","74,346.50","76,738.00",51.37K
24/05/2026,"76,724.40","77,349.70","76,112.70","77,049.00",31.06K
25/05/2026,"77,127.60","77,860.50","76,921.30","77,326.00",29.43K
26/05/2026,"77,309.30","78,041.90","75,659.70","75,908.60",58.62K
27/05/2026,"75,910.50","76,080.10","74,232.10","74,429.50",54.27K
28/05/2026,"74,496.70","74,569.60","72,592.20","73,605.90",72.18K
29/05/2026,"73,710.30","74,307.50","72,531.50","73,448.90",64.38K
30/05/2026,"73,455.80","74,112.60","73,210.60","73,847.90",33.11K
31/05/2026,"73,848.00","74,256.70","73,409.90","73,658.90",27.95K
01/06/2026,"73,661.90","74,045.70","70,680.80","71,398.80",77.46K
02/06/2026,"71,399.80","71,399.80","66,204.70","66,739.20",112.69K
03/06/2026,"66,737.30","67,467.40","64,808.30","65,167.90",98.42K
04/06/2026,"65,187.90","65,290.20","61,442.70","63,861.80",131.32K
05/06/2026,"63,863.50","63,942.20","59,159.30","60,979.30",151.65K
06/06/2026,"61,035.60","61,506.30","59,507.20","60,883.40",61.71K
07/06/2026,"60,881.50","63,872.30","60,749.20","63,327.70",78.55K
08/06/2026,"63,320.20","64,191.90","62,419.00","63,082.80",72.14K
09/06/2026,"63,082.40","63,508.60","60,801.40","61,713.50",102.27K
10/06/2026,"61,722.90","62,833.50","60,800.00","61,501.90",54.67K
11/06/2026,"61,498.50","63,864.40","61,498.50","63,606.10",58.15K
12/06/2026,"63,604.70","64,371.50","62,836.20","63,555.60",53.76K
13/06/2026,"63,561.00","64,691.40","63,461.70","64,432.00",35.71K
14/06/2026,"64,432.00","65,787.30","63,679.00","65,744.90",46.55K
15/06/2026,"65,743.20","67,276.40","65,359.70","66,319.90",67.57K
16/06/2026,"66,318.40","66,968.70","65,360.10","65,659.10",47.76K
17/06/2026,"65,710.80","66,395.00","63,932.60","64,483.90",58.68K
18/06/2026,"64,525.20","64,777.80","62,269.70","62,942.70",63.08K
19/06/2026,"62,914.70","63,625.00","62,314.10","63,539.80",45.60K
20/06/2026,"63,557.30","64,348.00","63,197.70","64,306.40",36.30K
21/06/2026,"64,263.20","64,560.20","63,276.80","63,291.40",33.17K
22/06/2026,"63,365.90","65,555.30","63,365.90","64,005.00",51.09K
23/06/2026,"63,990.30","64,258.80","61,969.30","62,721.30",61.89K
24/06/2026,"62,721.30","63,106.20","59,115.80","61,052.50",94.92K
25/06/2026,"61,046.80","61,938.30","58,131.40","59,776.70",87.23K
26/06/2026,"59,790.10","60,720.10","58,345.00","60,086.40",83.66K
27/06/2026,"60,104.50","60,902.00","59,871.00","60,011.20",32.47K
28/06/2026,"60,011.90","60,489.10","58,941.40","59,557.20",29.75K
29/06/2026,"59,555.70","60,753.80","58,956.80","60,205.00",63.36K
30/06/2026,"60,218.00","60,231.30","58,189.40","58,630.80",81.12K
01/07/2026,"58,619.60","61,226.60","57,832.50","60,014.20",76.79K
02/07/2026,"60,012.10","62,169.30","59,577.50","61,546.20",79.87K
03/07/2026,"61,546.00","62,894.40","61,239.30","62,602.60",47.53K
04/07/2026,"62,589.60","63,441.50","62,328.60","63,135.30",33.41K
05/07/2026,"63,135.30","63,972.20","62,477.10","63,635.10",31.93K
06/07/2026,"63,635.70","64,600.60","61,332.20","64,028.00",67.51K
07/07/2026,"64,054.80","64,287.90","62,682.80","63,325.10",56.48K
08/07/2026,"63,324.70","63,726.30","61,546.60","62,282.80",61.66K
09/07/2026,"62,264.60","63,451.20","61,696.60","63,226.70",61.49K
10/07/2026,"63,206.50","64,673.10","62,955.50","64,154.10",59.08K
11/07/2026,"64,122.20","64,489.80","63,815.70","63,818.60",29.67K
12/07/2026,"63,815.40","64,251.10","63,642.70","63,776.00",44.96K
13/07/2026,"63,776.40","64,392.10","61,815.70","62,319.80",71.75K
14/07/2026,"62,319.80","65,056.60","62,271.90","65,015.50",65.96K
15/07/2026,"65,029.30","65,556.50","64,482.90","64,749.80",58.82K
16/07/2026,"64,747.80","64,983.30","63,742.70","63,834.60",61.96K
17/07/2026,"63,829.20","64,364.80","62,537.90","63,925.10",61.14K
18/07/2026,"63,925.50","64,850.80","63,881.00","64,823.60",27.90K
19/07/2026,"64,849.00","64,936.70","64,282.10","64,720.90",32.24K
20/07/2026,"64,593.00","65,784.70","63,760.00","65,238.30",65.81K
21/07/2026,"65,186.30","66,933.80","65,150.90","66,542.80",65.72K
22/07/2026,"66,544.10","66,727.90","65,562.40","66,101.50",61.34K
23/07/2026,"66,089.60","66,303.30","64,665.70","65,090.40",52.51K
24/07/2026,"65,073.70","65,794.50","63,734.50","64,143.80",59.38K
25/07/2026,"64,129.40","64,441.50","63,800.50","64,367.50",30.02K
26/07/2026,"64,367.50","65,553.80","64,288.60","65,389.20",28.85K
27/07/2026,"65,389.20","65,693.20","63,620.40","63,748.90",52.65K
28/07/2026,"63,748.70","64,079.10","62,785.50","63,916.00",47.87K
29/07/2026,"63,915.50","64,705.30","63,282.20","63,967.80",56.94K
30/07/2026,"63,967.80","65,121.70","63,592.20","64,770.00",57.32K
31/07/2026,"64,770.00","65,364.30","62,478.20","62,875.50",69.66K
01/08/2026,"62,875.60","63,140.80","62,280.60","62,814.70",28.05K
02/08/2026,"62,814.70","63,767.30","62,799.20","63,560.60",31.91K
03/08/2026,"63,560.60","64,060.80","62,290.20","63,510.20",52.93K
04/08/2026,"63,510.20","64,516.00","63,333.60","64,096.20",47.61K
05/08/2026,"64,096.20","64,980.90","63,901.10","64,651.20",48.67K
06/08/2026,"64,651.20","64,981.50","64,165.00","64,303.60",35.52K
07/08/2026,"64,303.70","65,373.20","64,167.70","64,914.70",43.96K
08/08/2026,"64,914.70","65,177.90","64,824.50","64,953.60",22.62K
09/08/2026,"64,953.60","65,402.40","64,723.10","64,897.60",27.28K
10/08/2026,"64,896.20","65,362.40","63,802.60","63,960.10",48.44K
11/08/2026,"63,960.10","64,482.70","63,231.60","63,589.80",47.58K
12/08/2026,"63,589.50","64,411.60","63,305.90","63,461.90",50.72K
13/08/2026,"63,462.40","63,980.30","62,849.00","63,476.90",42.40K
14/08/2026,"63,477.80","63,602.90","62,553.70","63,032.90",49.23K
15/08/2026,"63,033.00","63,176.90","62,910.60","63,080.00",20.32K
16/08/2026,"63,080.00","63,369.30","62,707.20","62,883.80",18.93K
17/08/2026,"62,883.80","64,578.00","62,745.50","64,524.80",51.96K
18/08/2026,"64,523.90","65,024.60","64,036.90","64,718.30",42.95K
19/08/2026,"64,718.00","69,979.50","64,157.30","69,325.70",99.69K
20/08/2026,"69,325.00","73,371.30","68,898.50","73,026.10",117.08K
21/08/2026,"73,025.40","79,306.40","73,025.40","78,333.90",133.42K
22/08/2026,"78,334.50","78,795.70","76,575.70","77,076.90",63.48K
23/08/2026,"77,076.30","78,026.70","75,679.10","77,716.50",50.80K
24/08/2026,"77,719.40","79,975.80","76,693.60","78,990.20",86.99K
25/08/2026,"78,988.50","81,220.40","77,897.20","78,510.30",78.37K
26/08/2026,"78,517.30","79,230.90","77,654.30","79,018.20",48.72K
27/08/2026,"79,018.50","80,811.80","78,589.20","80,253.60",58.61K
28/08/2026,"80,255.70","81,330.30","76,945.60","77,843.80",71.30K
29/08/2026,"77,843.80","78,327.90","77,382.00","78,230.70",27.65K
30/08/2026,"78,230.80","79,380.30","77,108.00","77,698.90",33.30K
31/08/2026,"77,696.60","79,249.90","77,396.00","78,570.30",55.12K
01/09/2026,"78,571.30","79,208.90","76,445.60","77,431.00",53.36K
02/09/2026,"77,433.70","77,771.80","76,293.50","77,350.20",46.69K
03/09/2026,"77,348.90","82,178.60","76,992.40","81,272.00",71.49K
04/09/2026,"81,269.20","81,428.50","78,671.60","79,665.70",65.35K
05/09/2026,"79,666.10","80,190.20","79,456.00","79,823.00",33.91K
06/09/2026,"79,832.20","80,529.70","79,398.00","80,349.80",33.39K
07/09/2026,"80,344.00","80,427.00","78,701.50","79,112.40",39.35K
08/09/2026,"79,112.50","79,474.80","77,665.90","78,455.10",59.03K
09/09/2026,"78,455.30","79,733.70","77,792.40","78,297.00",46.13K
10/09/2026,"78,303.00","78,541.40","76,553.50","76,565.10",53.02K
11/09/2026,"76,566.10","79,695.70","76,296.50","77,220.50",62.21K
12/09/2026,"77,219.70","77,490.60","77,057.60","77,282.40",28.72K
13/09/2026,"77,282.60","77,440.10","76,533.10","76,843.50",26.58K
14/09/2026,"76,841.40","79,538.90","76,431.60","78,185.30",57.01K
15/09/2026,"78,188.50","78,246.40","75,025.50","75,620.40",74.46K
16/09/2026,"75,633.10","76,464.80","75,102.80","76,191.40",52.86K
17/09/2026,"76,191.40","77,099.80","76,015.30","76,439.90",41.99K
18/09/2026,"76,421.30","81,359.00","76,288.60","80,882.00",85.04K
19/09/2026,"80,883.20","81,932.00","80,851.60","81,253.10",40.96K
20/09/2026,"81,249.30","81,457.00","80,154.90","81,175.50",39.17K
21/09/2026,"81,175.50","87,363.20","80,899.30","86,620.40",106.12K
22/09/2026,"86,616.30","86,670.60","85,113.50","86,204.60",74.40K
23/09/2026,"86,204.60","87,270.00","83,546.30","84,394.40",74.24K
24/09/2026,"84,394.40","84,894.40","82,957.00","84,336.50",68.33K