INDA,,,,,
Date,Open,High,Low,Close,Volume
06/02/2012,27.64,27.64,26.43,26.51,4.05K
07/02/2012,26.26,26.27,26.26,26.27,2.30K
08/02/2012,27.63,27.63,26.4,26.56,3.65K
09/02/2012,26.63,26.63,26.49,26.49,2.55K
10/02/2012,26.3,26.3,25.89,26.01,6.20K
13/02/2012,26.93,26.93,26.08,26.21,3.47K
14/02/2012,26.38,26.38,26.11,26.21,25.59K
15/02/2012,26.81,26.85,26.7,26.71,8.85K
16/02/2012,26.58,26.98,26.58,26.93,16.60K
17/02/2012,27.2,27.2,27.19,27.19,1.60K
21/02/2012,28.36,28.36,27.3,27.4,4.96K
22/02/2012,27.19,27.19,26.79,26.86,7.60K
23/02/2012,26.83,26.83,26.59,26.79,33.98K
24/02/2012,27.56,27.56,26.64,26.75,15.69K
27/02/2012,26.11,26.11,25.67,25.91,46.91K
28/02/2012,26.28,26.29,26.28,26.28,1.00K
29/02/2012,26.31,26.31,25.93,26,31.50K
01/03/2012,25.92,26.22,25.92,26.01,56.02K
02/03/2012,25.89,26,25.89,25.97,9.51K
05/03/2012,25.57,25.57,25.3,25.31,41.06K
06/03/2012,24.94,24.94,24.3,24.43,19.05K
07/03/2012,24.69,24.71,24.67,24.71,8.10K
08/03/2012,25.23,25.23,25.23,25.23,0.19K
09/03/2012,25.78,25.84,25.76,25.84,11.60K
12/03/2012,26.1,26.1,25.5,25.5,1.44K
13/03/2012,26,26.29,26,26.29,2.70K
14/03/2012,26.13,26.13,25.91,25.91,155.22K
15/03/2012,25.88,25.88,25.88,25.88,0.29K
16/03/2012,25.42,25.48,25.42,25.46,6.20K
19/03/2012,25.15,25.18,25,25.18,5.96K
20/03/2012,25.32,25.32,24.75,24.75,2.44K
21/03/2012,25.21,25.39,25.16,25.3,4.00K
22/03/2012,24.54,24.54,24,24,1.23K
23/03/2012,24.45,24.59,24.45,24.59,1.40K
26/03/2012,24.38,24.45,24.36,24.4,12.53K
27/03/2012,24.59,24.59,24.59,24.59,12.10K
28/03/2012,24.36,24.37,24.2,24.2,10.94K
29/03/2012,24,24,24,24,1.10K
30/03/2012,24.68,24.85,24.68,24.85,4.70K
02/04/2012,25.42,25.42,25.12,25.22,0.84K
03/04/2012,25.5,25.5,25.18,25.18,0.31K
04/04/2012,24.77,24.77,24.76,24.76,0.30K
05/04/2012,24.64,24.85,24.64,24.85,1.70K
09/04/2012,24.72,24.72,24.65,24.71,0.60K
10/04/2012,24.04,24.2,23.97,23.97,4.10K
11/04/2012,24.3,24.3,24.25,24.25,5.50K
12/04/2012,24.75,24.79,24.71,24.79,19.40K
13/04/2012,24.39,24.39,23.88,23.88,5.40K
16/04/2012,24.05,24.05,24.05,24.05,0.20K
17/04/2012,24.44,24.76,24.44,24.69,17.23K
18/04/2012,24.3,24.3,24.3,24.3,1.10K
19/04/2012,24.3,24.42,24.08,24.21,22.40K
20/04/2012,24.27,24.27,24.25,24.25,5.55K
23/04/2012,23.6,23.6,23.12,23.25,22.55K
24/04/2012,23.56,23.56,23.54,23.54,4.80K
25/04/2012,23.54,23.55,23.51,23.51,16.43K
26/04/2012,23.45,23.62,23.45,23.6,2.98K
27/04/2012,23.45,23.6,23.45,23.6,1.28K
30/04/2012,23.58,23.64,23.58,23.64,7.03K
01/05/2012,23.86,23.86,23.72,23.72,3.30K
02/05/2012,23.29,23.29,23.29,23.29,0.60K
03/05/2012,23,23.01,22.92,22.92,0.63K
04/05/2012,22.41,22.41,22.4,22.41,6.65K
08/05/2012,22.39,22.39,22.07,22.18,6.32K
09/05/2012,21.82,22.01,21.82,22.01,3.56K
10/05/2012,22.28,22.28,22.01,22.07,97.08K
11/05/2012,21.64,21.96,21.64,21.92,0.83K
14/05/2012,21.5,21.5,21.5,21.5,0.30K
15/05/2012,21.57,21.57,21.57,21.57,0.23K
16/05/2012,21.18,21.18,21.18,21.18,10.80K
17/05/2012,20.86,20.88,20.86,20.88,0.50K
18/05/2012,21.3,21.3,21.18,21.18,1.25K
22/05/2012,20.62,21.01,20.4,20.85,10.42K
23/05/2012,20.15,20.15,20.15,20.15,3.15K
24/05/2012,20.77,20.99,20.67,20.79,19.97K
29/05/2012,21.12,21.21,21.07,21.21,6.97K
30/05/2012,20.65,20.72,20.54,20.61,12.40K
31/05/2012,20.71,20.8,20.65,20.8,2.60K
01/06/2012,20.7,20.7,20.56,20.56,7.85K
04/06/2012,20.5,20.66,20.5,20.66,9.90K
06/06/2012,21.33,21.45,21.33,21.45,6.28K
07/06/2012,21.79,22.14,21.76,21.78,9.68K
08/06/2012,21.71,21.75,21.71,21.75,0.82K
11/06/2012,21.48,21.48,21.2,21.2,3.28K
12/06/2012,21.59,21.59,21.59,21.59,0.20K
13/06/2012,21.81,21.81,21.76,21.76,3.70K
14/06/2012,21.45,21.57,21.38,21.53,3.08K
15/06/2012,21.82,21.86,21.82,21.86,2.90K
18/06/2012,21.34,21.55,21.33,21.55,9.22K
19/06/2012,21.65,21.74,21.65,21.74,0.35K
20/06/2012,21.49,21.53,21.43,21.47,3.60K
21/06/2012,21.41,21.41,21.18,21.18,7.60K
22/06/2012,21.15,21.15,21.12,21.15,2.40K
25/06/2012,20.91,20.99,20.91,20.99,1.10K
26/06/2012,21.04,21.22,21.04,21.17,5.70K
27/06/2012,21.29,21.41,21.28,21.41,9.50K
28/06/2012,21.27,21.27,21.19,21.19,11.00K
29/06/2012,22.48,22.56,22.45,22.56,9.18K
02/07/2012,21.8,22.54,21.8,22.53,2.20K
03/07/2012,23.07,23.07,23.07,23.07,0.30K
05/07/2012,22.77,22.78,22.77,22.78,2.80K
06/07/2012,22.32,22.32,22.32,22.32,0.10K
10/07/2012,22.53,22.53,22.38,22.38,10.48K
12/07/2012,21.99,22.02,21.99,22.02,0.58K
13/07/2012,22.4,22.56,22.4,22.56,2.10K
16/07/2012,22.22,22.22,22.22,22.22,0.22K
17/07/2012,22.32,22.32,22.08,22.19,15.82K
18/07/2012,22.19,22.19,22.05,22.05,1.25K
19/07/2012,22.42,22.44,22.4,22.43,4.07K
20/07/2012,22.1,22.1,22.1,22.1,0.30K
23/07/2012,21.31,21.42,21.31,21.42,3.70K
25/07/2012,21.52,21.52,21.52,21.52,0.23K
30/07/2012,22.15,22.15,22.15,22.15,1.70K
31/07/2012,22.08,22.08,22.08,22.08,2.38K
02/08/2012,21.97,21.97,21.68,21.68,7.38K
06/08/2012,22.61,22.61,22.61,22.61,0.10K
07/08/2012,23.04,23.08,22.96,22.96,10.90K
09/08/2012,22.8,22.8,22.8,22.8,0.17K
13/08/2012,22.76,22.82,22.64,22.68,25.94K
14/08/2012,22.77,22.77,22.77,22.77,0.19K
15/08/2012,22.7,22.74,22.7,22.74,0.50K
16/08/2012,22.98,22.98,22.78,22.96,2.70K
17/08/2012,23.03,23.03,22.75,22.75,1.37K
20/08/2012,22.86,22.86,22.86,22.86,0.20K
21/08/2012,23.38,23.38,23.38,23.38,0.21K
22/08/2012,23.01,23.18,23.01,23.11,4.80K
24/08/2012,23.04,23.04,23.03,23.03,2.90K
27/08/2012,23,23,22.75,22.75,0.57K
29/08/2012,22.56,22.56,22.56,22.56,0.13K
30/08/2012,22.5,22.5,22.49,22.49,10.18K
31/08/2012,22.36,22.46,22.36,22.4,2.15K
05/09/2012,22.18,22.18,22.18,22.18,0.10K
06/09/2012,22.62,22.62,22.52,22.52,3.11K
07/09/2012,22.97,23,22.97,22.97,0.51K
12/09/2012,23.36,23.36,23.33,23.35,1.36K
13/09/2012,23.2,23.75,23.19,23.75,55.60K
14/09/2012,24.58,24.6,24.52,24.57,13.50K
17/09/2012,24.51,24.64,24.39,24.39,21.28K
18/09/2012,24.5,24.5,24.16,24.16,37.30K
19/09/2012,24.49,24.56,24.35,24.56,22.40K
20/09/2012,24.43,24.45,24.37,24.42,4.00K
25/09/2012,25.07,25.44,25.07,25.31,2.69K
26/09/2012,24.95,25.1,24.78,24.86,5.16K
27/09/2012,25.19,25.4,25.19,25.4,2.19K
01/10/2012,25.78,26.12,25.78,26.12,1.70K
02/10/2012,26.06,26.21,26.06,26.21,70.90K
03/10/2012,26.49,26.49,26.21,26.4,78.20K
04/10/2012,26.85,27.06,26.85,27.06,3.37K
05/10/2012,26.83,26.83,26.71,26.71,5.63K
08/10/2012,25.93,26.07,25.91,26.05,2.92K
09/10/2012,26.27,26.27,25.73,25.79,42.02K
10/10/2012,25.46,25.46,25.31,25.35,1.13K
11/10/2012,25.85,25.85,25.7,25.7,44.27K
12/10/2012,25.53,25.53,25.29,25.34,6.93K
15/10/2012,25.43,25.61,25.43,25.61,20.60K
16/10/2012,25.53,25.53,25.32,25.36,21.67K
17/10/2012,26.3,26.3,25.4,25.4,6.89K
18/10/2012,25.16,26.16,25.13,25.13,349.48K
19/10/2012,25.06,25.11,24.84,25.08,31.60K
22/10/2012,25.3,25.43,25.27,25.28,37.58K
23/10/2012,24.83,25.11,24.83,25.1,0.90K
24/10/2012,25.17,25.29,24.92,24.95,198.13K
25/10/2012,25.49,25.49,25.15,25.28,33.90K
26/10/2012,25.28,25.28,24.99,25.03,3.70K
31/10/2012,25.32,25.32,24.71,24.72,2.40K
01/11/2012,25.36,25.36,25,25.31,5.10K
02/11/2012,25.75,25.75,25.4,25.4,1.00K
05/11/2012,24.73,25.04,24.73,25.04,0.55K
06/11/2012,25.25,25.25,25.02,25.05,2.28K
07/11/2012,25.01,25.01,25.01,25.01,0.10K
08/11/2012,25.17,25.17,25.17,25.17,0.20K
09/11/2012,24.86,24.86,24.85,24.85,0.55K
12/11/2012,24.87,24.87,24.68,24.68,0.50K
13/11/2012,24.57,24.7,24.57,24.58,9.59K
14/11/2012,24.67,24.69,24.32,24.32,93.34K
15/11/2012,24.89,24.89,24.89,24.89,0.15K
16/11/2012,24.04,24.18,24.04,24.18,0.80K
19/11/2012,24.35,24.4,24.18,24.39,0.80K
20/11/2012,24.17,24.17,24.13,24.13,0.32K
23/11/2012,24.41,24.42,24.41,24.42,1.00K
26/11/2012,24.36,24.43,24.36,24.42,10.35K
27/11/2012,24.93,24.93,24.66,24.7,13.53K
28/11/2012,24.7,24.7,24.64,24.67,5.91K
29/11/2012,25.62,25.62,25.44,25.44,1.70K
30/11/2012,25.48,25.87,25.48,25.75,9.71K
03/12/2012,25.81,25.81,25.66,25.69,8.79K
05/12/2012,25.95,26.03,25.78,26.03,9.75K
06/12/2012,26.18,26.23,26.04,26.23,2.97K
07/12/2012,26.24,26.24,25.89,26.01,4.04K
10/12/2012,26.25,26.25,26.25,26.25,0.96K
11/12/2012,26.06,26.17,26,26,10.66K
13/12/2012,25.82,25.83,25.82,25.83,2.75K
14/12/2012,25.89,25.89,25.78,25.78,2.05K
18/12/2012,25.87,26.54,25.87,26,138.20K
19/12/2012,26.1,26.15,26.05,26.07,43.14K
20/12/2012,26.11,26.14,26.07,26.13,306.39K
21/12/2012,25.62,25.63,25.51,25.63,267.70K
24/12/2012,25.82,25.82,25.59,25.69,3.30K
26/12/2012,25.99,26.05,25.99,26.05,9.38K
27/12/2012,25.91,26.48,25.65,26.48,323.44K
28/12/2012,25.86,26.01,25.74,25.74,310.29K
31/12/2012,26.01,26.23,25.64,26.23,105.96K
02/01/2013,26.77,26.77,26.53,26.72,26.69K
03/01/2013,26.58,26.74,26.52,26.61,59.97K
04/01/2013,26.4,26.48,26.29,26.48,7.07K
07/01/2013,26.22,26.22,25.94,26.12,30.35K
08/01/2013,26.37,26.37,26.12,26.19,176.04K
09/01/2013,26.23,26.29,26.18,26.27,40.88K
10/01/2013,26.31,26.43,26.22,26.41,25.98K
11/01/2013,26.45,26.45,26.11,26.24,169.94K
14/01/2013,26.82,26.82,26.64,26.68,1.73K
15/01/2013,26.71,26.78,26.64,26.78,101.38K
16/01/2013,26.63,26.64,26.31,26.64,85.67K
17/01/2013,26.85,27.07,26.85,27.05,93.98K
18/01/2013,26.98,27.29,26.97,27.29,53.56K
22/01/2013,27.2,27.22,27.11,27.2,20.15K
23/01/2013,27.24,27.24,26.95,27.04,181.89K
24/01/2013,27.06,27.06,26.7,26.88,24.63K
25/01/2013,27,27.04,26.77,26.89,14.60K
28/01/2013,27.1,27.1,26.89,26.95,1.99K
29/01/2013,27.11,27.16,26.96,27.12,1.37K
30/01/2013,27.3,27.3,27.1,27.26,23.66K
31/01/2013,27.15,27.16,27.01,27.15,43.89K
01/02/2013,27.21,27.4,26.94,27.4,69.46K
04/02/2013,26.99,26.99,26.71,26.79,9.13K
05/02/2013,26.91,26.92,26.84,26.88,10.41K
06/02/2013,26.79,26.94,26.79,26.94,29.94K
07/02/2013,26.77,26.77,26.43,26.53,6.58K
08/02/2013,26.58,26.6,26.25,26.26,424.42K
11/02/2013,26.25,26.25,26.11,26.23,36.01K
12/02/2013,26.19,26.51,26.18,26.42,30.82K
13/02/2013,26.39,26.39,26.31,26.35,29.95K
14/02/2013,25.99,26.12,25.99,26.05,24.81K
15/02/2013,25.82,25.9,25.66,25.73,63.54K
19/02/2013,25.96,26.39,25.96,26.37,343.07K
20/02/2013,26.3,26.31,26.06,26.16,6.68K
21/02/2013,25.66,25.66,25.39,25.44,21.98K
22/02/2013,25.67,25.75,25.66,25.71,98.13K
25/02/2013,25.79,26.08,25.71,25.75,21.48K
26/02/2013,25.43,25.66,25.43,25.63,103.48K
27/02/2013,25.87,26,25.81,25.95,9.22K
28/02/2013,25.33,25.33,24.96,25.01,32.05K
01/03/2013,24.89,24.9,24.77,24.77,2.91K
04/03/2013,24.79,25.03,24.68,25.03,279.57K
05/03/2013,25.29,25.43,25.29,25.34,62.64K
06/03/2013,25.42,25.48,25.36,25.38,20.87K
07/03/2013,25.87,25.91,25.84,25.89,3.93K
08/03/2013,26.37,26.43,26.15,26.36,96.33K
11/03/2013,26.45,26.45,26.22,26.31,11.13K
12/03/2013,26.37,26.37,26.03,26.11,77.91K
13/03/2013,25.89,25.92,25.66,25.9,448.96K
14/03/2013,25.9,26.24,25.9,26.24,38.25K
15/03/2013,26.08,26.15,26.07,26.14,28.56K
18/03/2013,26.07,26.07,25.84,25.9,3.82K
19/03/2013,25.48,25.48,25.03,25.21,11.68K
20/03/2013,25.29,25.29,25.11,25.2,3.52K
21/03/2013,25.08,25.08,24.8,24.8,14.63K
22/03/2013,24.86,25,24.86,24.92,498.34K
25/03/2013,25.1,25.1,24.67,24.87,45.17K
26/03/2013,24.99,25.03,24.81,24.81,425.88K
27/03/2013,24.77,25.06,24.74,25.06,140.11K
28/03/2013,25.05,25.14,25.05,25.14,2.91K
01/04/2013,25.15,25.15,25.03,25.11,16.55K
02/04/2013,25.38,25.39,25.24,25.34,153.92K
03/04/2013,25.16,25.17,24.8,24.9,222.50K
04/04/2013,24.61,24.61,24.3,24.48,98.36K
05/04/2013,24,24.36,24,24.36,59.22K
08/04/2013,24.51,24.61,24.49,24.6,59.58K
09/04/2013,24.51,24.61,24.41,24.56,306.06K
10/04/2013,24.74,24.86,24.74,24.86,18.82K
11/04/2013,24.92,24.95,24.79,24.85,189.59K
12/04/2013,24.25,24.47,24.18,24.32,182.43K
15/04/2013,24.69,24.69,24.1,24.11,80.55K
16/04/2013,25.1,25.25,24.99,25.18,115.11K
17/04/2013,25.08,25.08,24.83,25.01,310.20K
18/04/2013,25.3,25.42,25.24,25.34,8.47K
19/04/2013,25.67,25.76,25.52,25.76,180.12K
22/04/2013,25.7,25.77,25.57,25.73,34.60K
23/04/2013,25.75,25.92,25.73,25.88,769.69K
24/04/2013,26,26.05,25.95,26,212.26K
25/04/2013,26.15,26.15,25.88,25.98,124.18K
26/04/2013,25.86,25.86,25.51,25.54,21.84K
29/04/2013,25.83,26.01,25.81,25.98,35.44K
30/04/2013,26.2,26.56,26.13,26.53,130.21K
01/05/2013,26.34,26.34,26.2,26.22,18.07K
02/05/2013,26.48,26.75,26.48,26.74,132.61K
03/05/2013,26.61,26.81,26.61,26.62,781.25K
06/05/2013,26.62,26.62,26.47,26.54,389.88K
07/05/2013,26.72,26.84,26.64,26.74,107.39K
08/05/2013,26.79,26.96,26.79,26.96,11.58K
09/05/2013,26.59,26.71,26.44,26.51,27.32K
10/05/2013,26.35,26.58,26.35,26.58,42.41K
13/05/2013,26.14,26.17,26.07,26.1,276.14K
14/05/2013,26.27,26.35,26.2,26.31,648.64K
15/05/2013,26.77,26.83,26.67,26.77,29.91K
16/05/2013,26.97,26.97,26.78,26.8,32.69K
17/05/2013,26.77,26.9,26.77,26.89,4.96K
20/05/2013,26.73,26.84,26.72,26.76,17.84K
21/05/2013,26.58,26.58,26.41,26.51,47.96K
22/05/2013,26.33,26.56,26,26.07,35.45K
23/05/2013,25.53,25.7,25.53,25.68,18.10K
24/05/2013,25.66,25.72,25.57,25.66,449.97K
28/05/2013,26.3,26.3,26,26.04,48.52K
29/05/2013,25.89,25.89,25.75,25.76,25.75K
30/05/2013,25.77,25.94,25.77,25.83,14.77K
31/05/2013,25.49,25.52,25.03,25.09,265.64K
03/06/2013,25.03,25.38,25.03,25.33,58.08K
04/06/2013,25.11,25.14,25.01,25.02,67.11K
05/06/2013,25.09,25.09,24.72,24.74,46.17K
06/06/2013,24.95,24.99,24.78,24.99,74.83K
07/06/2013,24.63,24.9,24.63,24.79,1.11M
10/06/2013,24.26,24.3,24.17,24.2,48.98K
11/06/2013,23.77,23.8,23.6,23.67,24.63K
12/06/2013,24.07,24.07,23.56,23.57,67.03K
13/06/2013,23.5,23.84,23.48,23.83,29.65K
14/06/2013,24.16,24.19,23.9,23.97,283.37K
17/06/2013,24.29,24.29,24.01,24.01,137.66K
18/06/2013,23.76,23.96,23.74,23.92,1.79M
19/06/2013,23.98,23.98,23.27,23.34,1.26M
20/06/2013,23.41,23.41,22.11,22.27,2.24M
21/06/2013,23.1,23.1,22.48,22.8,888.47K
24/06/2013,23.65,23.65,22.26,22.44,246.49K
25/06/2013,22.5,22.84,22.43,22.81,1.41M
26/06/2013,22.22,22.68,22.22,22.68,112.88K
27/06/2013,23.08,23.2,22.92,23.11,88.40K
28/06/2013,23.46,23.54,23.37,23.48,98.74K
01/07/2013,23.99,23.99,23.55,23.58,717.48K
02/07/2013,23.55,23.71,23.26,23.3,104.59K
03/07/2013,22.98,23.23,22.86,23.1,705.28K
05/07/2013,23.68,23.68,22.72,22.88,1.29M
08/07/2013,23.22,23.22,22.84,22.96,1.12M
09/07/2013,23.27,23.39,23.21,23.23,493.19K
10/07/2013,23.19,23.28,23.02,23.04,831.21K
11/07/2013,23.95,23.99,23.68,23.92,638.36K
12/07/2013,24,24.05,23.87,23.92,898.42K
15/07/2013,24.13,24.45,24.12,24.35,177.76K
16/07/2013,24.13,24.54,24.1,24.35,135.44K
17/07/2013,24.21,24.39,24.21,24.3,178.59K
18/07/2013,24.4,24.53,24.3,24.35,123.90K
19/07/2013,24.34,24.36,24.21,24.29,80.05K
22/07/2013,24.29,24.46,24.26,24.43,389.52K
23/07/2013,24.3,24.46,24.18,24.22,165.14K
24/07/2013,24.26,24.35,23.94,24.07,355.45K
25/07/2013,24.06,24.09,23.91,24.03,3.54M
26/07/2013,23.88,24,23.77,23.98,983.58K
29/07/2013,23.61,23.64,23.51,23.56,115.17K
30/07/2013,22.85,22.94,22.75,22.75,201.03K
31/07/2013,22.65,22.96,22.55,22.78,343.06K
01/08/2013,23.02,23.17,22.91,23.08,133.97K
02/08/2013,22.69,22.88,22.64,22.75,837.45K
05/08/2013,22.53,22.58,22.43,22.48,103.88K
06/08/2013,22.1,22.1,21.86,22,81.37K
07/08/2013,21.88,21.96,21.8,21.81,195.88K
08/08/2013,22.33,22.47,22.13,22.4,220.96K
09/08/2013,22.47,22.49,22.36,22.37,183.23K
12/08/2013,22.2,22.43,22.11,22.29,38.92K
13/08/2013,22.54,22.67,22.51,22.61,228.23K
14/08/2013,22.71,22.85,22.71,22.77,37.73K
15/08/2013,22.5,22.54,22.38,22.43,85.00K
16/08/2013,21.69,21.7,21.38,21.42,506.00K
19/08/2013,20.79,20.99,20.53,20.59,620.79K
20/08/2013,20.79,21,20.74,20.93,203.00K
21/08/2013,20.34,20.34,19.85,19.92,679.93K
22/08/2013,20.46,20.55,20.37,20.52,1.20M
23/08/2013,20.95,21.03,20.84,20.95,298.12K
26/08/2013,20.76,20.92,20.56,20.63,157.40K
27/08/2013,19.5,19.51,19.26,19.26,511.04K
28/08/2013,19.04,19.63,18.76,19.24,204.47K
29/08/2013,19.59,19.87,19.59,19.61,86.57K
30/08/2013,20.32,20.37,19.94,20.37,1.60M
03/09/2013,19.56,19.65,19.38,19.48,978.41K
04/09/2013,20.05,20.61,20.05,20.56,149.19K
05/09/2013,20.65,21.16,20.62,21.12,240.44K
06/09/2013,21.12,21.73,21.12,21.55,289.64K
09/09/2013,22.09,22.3,21.74,22.23,355.42K
10/09/2013,22.7,22.87,22.63,22.68,820.38K
11/09/2013,22.94,22.94,22.69,22.87,451.53K
12/09/2013,22.74,22.74,22.42,22.42,488.66K
13/09/2013,22.37,22.78,22.37,22.49,917.73K
16/09/2013,22.88,22.9,22.57,22.59,268.03K
17/09/2013,22.86,22.86,22.59,22.71,261.55K
18/09/2013,22.55,23.83,22.48,23.83,614.08K
19/09/2013,23.52,24.07,23.52,23.81,1.12M
20/09/2013,23.15,23.29,23.02,23.08,264.74K
23/09/2013,22.96,23.06,22.8,22.97,362.80K
24/09/2013,22.84,23.03,22.8,22.91,202.87K
25/09/2013,22.94,23.02,22.78,22.87,257.64K
26/09/2013,22.99,23.29,22.99,23.18,238.42K
27/09/2013,22.75,22.76,22.34,22.43,334.78K
30/09/2013,22.04,22.44,22.04,22.29,144.88K
01/10/2013,22.4,22.79,22.35,22.72,508.72K
02/10/2013,22.82,22.9,22.61,22.9,162.01K
03/10/2013,23.33,23.33,22.97,23.12,511.77K
04/10/2013,23.43,23.64,23.39,23.44,338.30K
07/10/2013,23.51,23.64,23.44,23.49,61.29K
08/10/2013,23.29,23.31,22.91,22.96,69.97K
09/10/2013,23.59,23.59,23.37,23.49,260.45K
10/10/2013,24.07,24.45,24.06,24.25,365.08K
11/10/2013,24.03,24.42,24.03,24.42,732.19K
14/10/2013,24.39,24.78,24.29,24.73,305.25K
15/10/2013,24.7,24.71,23.95,23.97,120.77K
16/10/2013,24.02,24.3,23.99,24.24,35.61K
17/10/2013,24.1,24.32,24.07,24.29,38.20K
18/10/2013,24.88,24.88,24.52,24.59,586.83K
21/10/2013,24.79,24.79,24.42,24.47,128.27K
22/10/2013,24.49,24.91,24.49,24.78,46.36K
23/10/2013,24.51,24.51,24.17,24.25,76.80K
24/10/2013,24.32,24.32,24.06,24.11,99.27K
25/10/2013,24.48,24.48,24.12,24.3,20.80K
28/10/2013,24.44,24.44,24.03,24.1,20.97K
29/10/2013,24.41,24.63,24.41,24.54,35.21K
30/10/2013,24.66,24.66,24.34,24.53,111.20K
31/10/2013,24.68,24.72,24.33,24.34,1.01M
01/11/2013,24.55,24.62,24.32,24.54,181.61K
04/11/2013,24.55,24.81,24.53,24.81,125.09K
05/11/2013,24.19,24.52,24.19,24.31,504.57K
06/11/2013,24.14,24.23,24.06,24.13,158.04K
07/11/2013,24.03,24.07,23.55,23.59,83.44K
08/11/2013,23.53,23.53,23.14,23.36,494.09K
11/11/2013,23.35,23.37,23.11,23.17,348.72K
12/11/2013,23.04,23.04,22.58,22.71,443.17K
13/11/2013,22.84,23.15,22.71,23.15,124.08K
14/11/2013,23.07,23.5,23.06,23.48,305.52K
15/11/2013,23.58,23.89,23.58,23.83,540.87K
18/11/2013,24.24,24.43,24.16,24.17,89.19K
19/11/2013,24.2,24.23,23.98,23.98,128.96K
20/11/2013,23.82,23.88,23.43,23.61,122.44K
21/11/2013,23.3,23.3,23.12,23.18,273.37K
22/11/2013,23.22,23.55,23.2,23.5,134.89K
25/11/2013,23.74,23.74,23.46,23.46,143.49K
26/11/2013,23.77,23.77,23.23,23.49,311.61K
27/11/2013,23.56,23.65,23.49,23.6,160.93K
29/11/2013,24.07,24.07,23.89,23.89,153.03K
02/12/2013,24.14,24.21,23.75,23.77,1.99M
03/12/2013,23.93,23.99,23.71,23.83,321.14K
04/12/2013,23.95,24.46,23.95,24.33,343.01K
05/12/2013,24.32,24.47,24.28,24.33,260.39K
06/12/2013,24.69,25.07,24.66,25,811.14K
09/12/2013,25.1,25.23,25.03,25.13,99.65K
10/12/2013,25.03,25.03,24.88,24.93,499.53K
11/12/2013,24.76,24.82,24.42,24.5,55.94K
12/12/2013,23.98,24.16,23.88,24.08,89.47K
13/12/2013,24.2,24.2,23.82,24.02,128.46K
16/12/2013,24.26,24.36,24.21,24.26,187.28K
17/12/2013,24.07,24.16,23.95,24.06,105.85K
18/12/2013,24.16,24.77,23.89,24.46,350.35K
19/12/2013,24.05,24.05,23.65,23.74,1.35M
20/12/2013,24.25,24.58,24.25,24.51,301.45K
23/12/2013,24.18,24.56,24.18,24.44,856.62K
24/12/2013,24.48,24.48,24.21,24.45,72.76K
26/12/2013,24.52,24.52,24.26,24.27,65.57K
27/12/2013,24.51,24.56,24.44,24.53,77.66K
30/12/2013,24.54,24.63,24.5,24.54,553.97K
31/12/2013,24.63,24.78,24.46,24.76,107.41K
02/01/2014,24.38,24.38,23.59,23.59,338.71K
03/01/2014,24.08,24.1,23.96,24.1,125.88K
06/01/2014,24.18,24.18,23.87,23.98,26.63K
07/01/2014,23.92,23.96,23.8,23.92,80.68K
08/01/2014,23.8,23.99,23.8,23.99,103.76K
09/01/2014,24.08,24.11,23.71,23.95,259.26K
10/01/2014,24.28,24.59,24.18,24.47,156.80K
13/01/2014,24.65,24.84,24.37,24.43,175.10K
14/01/2014,24.54,24.76,24.45,24.76,204.85K
15/01/2014,24.91,24.98,24.88,24.93,90.38K
16/01/2014,24.78,25.03,24.76,24.84,91.20K
17/01/2014,24.59,24.61,24.41,24.5,331.75K
21/01/2014,24.38,24.61,24.35,24.47,101.30K
22/01/2014,24.7,24.79,24.61,24.77,39.10K
23/01/2014,24.64,24.67,24.29,24.42,178.89K
24/01/2014,23.94,23.99,23.6,23.63,233.42K
27/01/2014,23.43,23.44,23.07,23.3,125.37K
28/01/2014,23.5,23.61,23.46,23.5,162.45K
29/01/2014,23.37,24.99,22.94,23.05,144.62K
30/01/2014,23.25,23.63,23.25,23.54,72.17K
31/01/2014,23.3,23.54,23.23,23.37,144.63K
03/02/2014,23.25,23.25,22.79,22.81,130.50K
04/02/2014,23.3,23.47,23.25,23.44,461.88K
05/02/2014,23.23,23.39,23.16,23.22,109.36K
06/02/2014,23.39,23.76,23.33,23.69,145.70K
07/02/2014,23.55,23.85,23.51,23.72,83.07K
10/02/2014,23.55,23.55,23.21,23.31,110.25K
11/02/2014,23.13,23.78,23.13,23.71,348.19K
12/02/2014,23.88,23.93,23.66,23.68,92.97K
13/02/2014,23.29,23.49,23.05,23.49,72.98K
14/02/2014,23.55,23.86,23.55,23.77,27.74K
18/02/2014,23.77,23.97,23.65,23.69,112.72K
19/02/2014,23.83,23.89,23.56,23.56,101.16K
20/02/2014,23.62,23.92,23.52,23.89,51.54K
21/02/2014,23.88,24.09,23.85,24,39.49K
24/02/2014,24.03,24.31,24.03,24.17,43.13K
25/02/2014,24.28,24.29,23.92,23.97,206.56K
26/02/2014,24.16,24.19,24,24.1,675.28K
27/02/2014,24.25,24.47,24.24,24.41,83.21K
28/02/2014,24.3,24.5,24.23,24.26,555.00K
03/03/2014,24.19,24.19,23.86,23.89,160.95K
04/03/2014,24.59,24.59,24.5,24.52,23.68K
05/03/2014,24.73,24.82,24.63,24.75,134.33K
06/03/2014,25.11,25.44,25,25.3,790.08K
07/03/2014,25.49,25.5,25.11,25.17,1.53M
10/03/2014,25.42,25.46,25.3,25.41,391.56K
11/03/2014,25.44,25.47,25.1,25.15,463.75K
12/03/2014,25.29,25.39,25.21,25.35,818.82K
13/03/2014,25.31,25.31,24.83,24.88,1.62M
14/03/2014,25.08,25.27,25,25.03,173.88K
17/03/2014,25.3,25.66,25.3,25.66,360.79K
18/03/2014,25.49,25.59,25.3,25.51,1.29M
19/03/2014,25.39,25.43,24.75,24.94,274.02K
20/03/2014,24.98,25.33,24.94,25.29,175.47K
21/03/2014,25.5,25.51,25.17,25.19,304.44K
24/03/2014,25.84,25.84,25.52,25.76,1.15M
25/03/2014,26.18,26.18,25.88,26.01,811.78K
26/03/2014,26.09,26.09,25.89,25.91,1.01M
27/03/2014,25.89,26.07,25.81,26.03,342.84K
28/03/2014,26.45,26.57,26.07,26.37,151.94K
31/03/2014,26.41,26.55,26.38,26.43,130.11K
01/04/2014,26.73,26.79,26.55,26.79,365.23K
02/04/2014,26.83,26.86,26.73,26.84,142.70K
03/04/2014,26.44,26.49,26.25,26.43,378.67K
04/04/2014,26.61,26.86,26.33,26.39,384.54K
07/04/2014,26.36,26.58,26.33,26.42,463.96K
08/04/2014,26.6,26.75,26.58,26.65,244.86K
09/04/2014,26.87,27.1,26.63,27.08,286.08K
10/04/2014,26.81,26.97,26.3,26.42,1.40M
11/04/2014,26.44,26.66,26.37,26.66,1.09M
14/04/2014,26.69,26.8,26.54,26.73,430.89K
15/04/2014,26.66,26.67,26.23,26.39,244.91K
16/04/2014,26.28,26.39,26.07,26.34,46.74K
17/04/2014,26.58,26.77,26.38,26.7,86.21K
21/04/2014,26.58,26.7,26.55,26.55,24.50K
22/04/2014,26.5,26.58,26.37,26.45,968.04K
23/04/2014,26.59,26.59,26.21,26.32,125.28K
24/04/2014,26.51,26.54,26.23,26.46,193.45K
25/04/2014,26.45,26.46,26.18,26.34,488.61K
28/04/2014,26.38,26.4,26.23,26.39,171.02K
29/04/2014,26.51,26.61,26.41,26.46,68.51K
30/04/2014,26.25,26.4,26.19,26.38,133.68K
01/05/2014,26.44,26.48,26.26,26.41,23.26K
02/05/2014,26.42,26.55,26.2,26.53,99.98K
05/05/2014,26.53,26.53,26.23,26.38,141.83K
06/05/2014,26.44,26.58,26.3,26.45,95.08K
07/05/2014,26.31,26.32,26.11,26.24,117.23K
08/05/2014,26.32,26.32,26.09,26.15,230.72K
09/05/2014,26.84,27.1,26.68,27.05,823.34K
12/05/2014,27.8,28.14,27.8,28.01,387.01K
13/05/2014,28.23,28.25,28.06,28.18,336.46K
14/05/2014,28,28.14,27.96,28.04,2.05M
15/05/2014,28.42,28.42,27.87,27.93,740.72K
16/05/2014,28.79,29.25,28.71,29.19,1.06M
19/05/2014,29.23,29.25,28.93,29.17,365.93K
20/05/2014,29.07,29.21,29.05,29.13,228.05K
21/05/2014,29.18,29.28,29.13,29.23,397.49K
22/05/2014,29.58,29.58,29.38,29.41,1.89M
23/05/2014,29.43,29.76,29.43,29.68,239.25K
27/05/2014,29.7,29.7,28.92,28.96,1.41M
28/05/2014,29.3,29.32,28.92,29.02,446.44K
29/05/2014,28.9,28.9,28.66,28.72,605.55K
30/05/2014,28.83,28.83,28.45,28.47,1.60M
02/06/2014,29.09,29.23,28.94,29.13,330.41K
03/06/2014,29.3,29.39,29.08,29.32,493.75K
04/06/2014,29.25,29.25,29.06,29.18,216.74K
05/06/2014,29.66,29.92,29.62,29.89,135.90K
06/06/2014,30.44,30.44,30.2,30.32,1.28M
09/06/2014,30.47,30.47,30.28,30.44,218.96K
10/06/2014,30.5,30.56,30.32,30.36,670.74K
11/06/2014,30.16,30.27,30.12,30.15,774.03K
12/06/2014,30.47,30.61,30.21,30.24,1.12M
13/06/2014,29.84,29.88,29.64,29.76,838.56K
16/06/2014,29.59,29.64,29.41,29.47,183.30K
17/06/2014,29.67,29.89,29.67,29.85,392.65K
18/06/2014,29.52,29.98,29.43,29.98,244.06K
19/06/2014,29.68,29.68,29.41,29.48,220.66K
20/06/2014,29.42,29.55,29.36,29.54,175.10K
23/06/2014,29.47,29.54,29.28,29.38,665.62K
24/06/2014,29.73,29.82,29.52,29.55,542.27K
25/06/2014,29.62,29.7,29.53,29.68,293.96K
26/06/2014,29.32,29.42,29.21,29.32,151.06K
27/06/2014,29.39,29.61,29.39,29.6,216.60K
30/06/2014,29.85,29.89,29.7,29.73,421.40K
01/07/2014,29.92,30.14,29.83,30.14,121.37K
02/07/2014,30.51,30.71,30.43,30.7,744.02K
03/07/2014,30.52,30.58,30.46,30.56,762.93K
07/07/2014,30.7,30.73,30.19,30.73,269.51K
08/07/2014,30.25,30.25,29.87,29.93,340.79K
09/07/2014,30,30.09,29.92,30.09,403.90K
10/07/2014,29.62,29.71,29.32,29.68,377.98K
11/07/2014,29.44,29.46,29.32,29.39,338.95K
14/07/2014,29.38,29.42,29.33,29.35,252.22K
15/07/2014,29.48,29.52,29.35,29.43,359.70K
16/07/2014,29.74,29.9,29.74,29.81,202.54K
17/07/2014,29.82,29.89,29.28,29.34,306.64K
18/07/2014,29.73,29.91,29.71,29.86,193.13K
21/07/2014,29.82,30.06,29.77,30.05,135.37K
22/07/2014,30.47,30.63,30.37,30.59,211.56K
23/07/2014,30.57,30.67,30.49,30.58,217.55K
24/07/2014,30.66,30.78,30.64,30.76,400.00K
25/07/2014,30.59,30.62,30.46,30.55,409.10K
28/07/2014,30.54,30.66,30.43,30.64,322.92K
29/07/2014,30.54,30.63,30.4,30.46,243.26K
30/07/2014,30.59,30.68,30.29,30.43,452.98K
31/07/2014,30,30.01,29.58,29.76,663.20K
01/08/2014,29.63,29.76,29.42,29.71,279.64K
04/08/2014,29.72,30.03,29.7,29.96,221.23K
05/08/2014,30.03,30.07,29.8,29.89,132.81K
06/08/2014,29.6,29.69,29.5,29.55,369.10K
07/08/2014,29.57,29.63,29.3,29.33,269.32K
08/08/2014,29.37,29.66,29.23,29.64,588.14K
11/08/2014,29.68,29.97,29.65,29.93,218.16K
12/08/2014,29.75,29.96,29.75,29.93,374.34K
13/08/2014,30.21,30.33,30.13,30.14,258.51K
14/08/2014,30.5,30.55,30.42,30.55,115.58K
15/08/2014,30.38,30.55,30.23,30.39,128.88K
18/08/2014,30.64,30.83,30.57,30.82,278.75K
19/08/2014,30.83,30.88,30.71,30.84,206.46K
20/08/2014,30.71,30.99,30.66,30.89,224.29K
21/08/2014,30.88,30.98,30.85,30.96,815.68K
22/08/2014,30.99,31.06,30.84,30.93,376.58K
25/08/2014,30.89,30.97,30.77,30.97,136.49K
26/08/2014,30.98,31.11,30.98,31.07,461.86K
27/08/2014,31.15,31.21,31.09,31.2,391.94K
28/08/2014,30.97,31,30.85,30.92,390.36K
29/08/2014,31.3,31.3,30.95,31.04,319.49K
02/09/2014,31.51,31.51,31.27,31.32,384.02K
03/09/2014,31.9,31.9,31.62,31.7,479.37K
04/09/2014,31.76,31.85,31.5,31.55,213.59K
05/09/2014,31.71,31.93,31.63,31.93,468.50K
08/09/2014,32.03,32.05,31.8,31.87,454.35K
09/09/2014,31.7,31.73,31.35,31.43,580.76K
10/09/2014,31.21,31.48,31.21,31.48,186.22K
11/09/2014,31.32,31.35,31.16,31.23,569.73K
12/09/2014,31.29,31.35,31,31.14,745.47K
15/09/2014,31.04,31.04,30.76,30.79,958.82K
16/09/2014,30.48,30.8,30.33,30.65,384.45K
17/09/2014,30.89,30.89,30.49,30.5,371.77K
18/09/2014,31.18,31.46,31.12,31.45,277.21K
19/09/2014,31.37,31.43,31.11,31.17,644.83K
22/09/2014,31.38,31.42,31,31.08,526.06K
23/09/2014,30.79,30.85,30.63,30.66,398.84K
24/09/2014,30.85,31.13,30.8,31.07,690.08K
25/09/2014,30.35,30.51,30.1,30.15,583.92K
26/09/2014,30.41,30.68,30.41,30.58,1.26M
29/09/2014,30.42,30.45,30.26,30.29,1.36M
30/09/2014,30.27,30.41,30.21,30.28,343.94K
01/10/2014,30.54,30.56,29.98,30,324.64K
02/10/2014,30.01,30.28,29.74,30.11,576.77K
03/10/2014,30.05,30.41,30.01,30.35,265.53K
06/10/2014,30.65,30.67,30.4,30.62,385.88K
07/10/2014,30.21,30.27,29.89,29.89,630.02K
08/10/2014,29.85,30.53,29.74,30.5,1.53M
09/10/2014,30.51,30.55,30.19,30.26,1.04M
10/10/2014,30.12,30.22,29.85,29.88,265.64K
13/10/2014,30.37,30.62,30.1,30.15,355.28K
14/10/2014,30.15,30.33,30.05,30.19,317.85K
15/10/2014,30.05,30.32,29.61,30.18,852.28K
16/10/2014,29.07,29.73,29.07,29.62,945.92K
17/10/2014,29.4,29.85,29.4,29.73,389.63K
20/10/2014,29.9,30.17,29.8,30.15,1.15M
21/10/2014,30.2,30.53,30.15,30.47,203.43K
22/10/2014,30.39,30.46,30.23,30.31,852.96K
23/10/2014,30.49,30.61,30.37,30.47,409.98K
24/10/2014,30.55,30.76,30.49,30.74,312.52K
27/10/2014,30.28,30.38,30.18,30.36,449.43K
28/10/2014,30.48,30.79,30.42,30.78,697.58K
29/10/2014,30.87,30.93,30.48,30.7,715.73K
30/10/2014,30.99,31.29,30.95,31.29,523.31K
31/10/2014,31.8,31.93,31.67,31.89,1.31M
03/11/2014,31.86,31.89,31.73,31.76,1.09M
04/11/2014,31.9,31.9,31.71,31.87,660.58K
05/11/2014,31.75,31.77,31.59,31.75,574.56K
06/11/2014,31.84,31.87,31.69,31.74,1.80M
07/11/2014,31.71,31.81,31.65,31.79,632.27K
10/11/2014,31.88,31.88,31.7,31.75,655.03K
11/11/2014,31.83,31.94,31.72,31.8,1.76M
12/11/2014,31.79,31.96,31.79,31.89,706.68K
13/11/2014,31.81,31.82,31.66,31.73,430.51K
14/11/2014,31.73,31.9,31.68,31.89,1.34M
17/11/2014,31.82,31.91,31.74,31.86,365.11K
18/11/2014,31.95,32.01,31.87,31.96,1.17M
19/11/2014,31.67,31.74,31.51,31.68,503.40K
20/11/2014,31.65,31.78,31.6,31.73,331.80K
21/11/2014,32.14,32.38,32.08,32.38,955.43K
24/11/2014,32.14,32.14,32.02,32.1,469.20K
25/11/2014,31.86,31.98,31.68,31.7,962.87K
26/11/2014,32.05,32.08,31.92,32.07,211.88K
28/11/2014,32.08,32.15,31.94,31.99,287.35K
01/12/2014,32.18,32.19,31.76,31.77,377.83K
02/12/2014,32,32,31.9,31.98,245.73K
03/12/2014,32.14,32.14,32,32,574.01K
04/12/2014,32.09,32.15,31.98,32.09,697.91K
05/12/2014,31.87,31.95,31.8,31.91,579.74K
08/12/2014,31.54,31.54,31.26,31.33,3.33M
09/12/2014,30.9,30.97,30.78,30.85,643.46K
10/12/2014,30.93,30.96,30.65,30.71,438.54K
11/12/2014,30.47,30.59,30.34,30.41,700.81K
12/12/2014,30.04,30.2,29.83,29.84,925.02K
15/12/2014,29.67,29.67,29.14,29.19,1.02M
16/12/2014,28.72,29.01,28.54,28.61,1.19M
17/12/2014,28.65,29.55,28.65,29.4,1.17M
18/12/2014,29.85,30,29.67,30,924.73K
19/12/2014,29.78,29.95,29.73,29.84,1.44M
22/12/2014,30.11,30.21,29.95,30.18,414.27K
23/12/2014,29.93,29.93,29.71,29.73,309.44K
24/12/2014,29.67,29.67,29.4,29.5,166.51K
26/12/2014,29.85,29.85,29.37,29.38,156.39K
29/12/2014,29.79,29.89,29.66,29.7,464.82K
30/12/2014,29.73,29.99,29.73,29.88,573.37K
31/12/2014,30.09,30.24,29.91,29.95,418.57K
02/01/2015,30.5,30.5,30.32,30.39,654.43K
05/01/2015,30.25,30.25,29.84,29.9,431.28K
06/01/2015,29.23,29.34,28.84,28.99,812.58K
07/01/2015,29.37,29.58,29.26,29.56,537.26K
08/01/2015,30.24,30.42,30.19,30.35,478.49K
09/01/2015,30.7,30.71,30.37,30.5,459.62K
12/01/2015,30.84,30.85,30.6,30.69,635.14K
13/01/2015,30.94,31.01,30.49,30.65,1.64M
14/01/2015,30.48,30.61,30.34,30.56,844.23K
15/01/2015,31.54,31.76,31.45,31.59,5.70M
16/01/2015,31.7,32.23,31.66,32.22,1.33M
20/01/2015,32.4,32.6,32.25,32.36,2.57M
21/01/2015,32.62,32.87,32.53,32.84,2.30M
22/01/2015,32.86,33.41,32.76,33.28,4.69M
23/01/2015,33.28,33.28,32.95,33.05,1.98M
26/01/2015,33.12,33.25,33.02,33.22,2.27M
27/01/2015,32.97,33.15,32.9,33.08,1.82M
28/01/2015,33.26,33.31,32.9,32.94,1.50M
29/01/2015,33.23,33.23,32.87,33.17,833.90K
30/01/2015,32.69,32.69,32.08,32.11,1.19M
02/02/2015,32.69,32.8,32.46,32.77,703.15K
03/02/2015,32.54,32.8,32.53,32.72,905.83K
04/02/2015,32.53,32.57,32.37,32.4,905.16K
05/02/2015,32.46,32.47,32.35,32.46,1.27M
06/02/2015,32.33,32.38,32.16,32.18,604.57K
09/02/2015,31.88,31.88,31.63,31.71,1.34M
10/02/2015,31.76,31.98,31.68,31.96,431.81K
11/02/2015,31.94,32.13,31.83,32.08,1.53M
12/02/2015,32.4,32.64,32.34,32.62,1.15M
13/02/2015,32.8,32.96,32.76,32.95,831.87K
17/02/2015,32.83,32.89,32.67,32.83,458.58K
18/02/2015,32.98,33.18,32.86,33.13,533.67K
19/02/2015,33.25,33.29,33.12,33.22,363.12K
20/02/2015,32.87,33.21,32.78,33.14,372.93K
23/02/2015,32.67,32.67,32.53,32.6,918.10K
24/02/2015,32.68,32.95,32.57,32.91,949.60K
25/02/2015,32.84,33.03,32.8,32.99,1.76M
26/02/2015,32.8,32.86,32.68,32.76,1.87M
27/02/2015,33.28,33.55,33.16,33.47,3.43M
02/03/2015,33.25,33.55,33.22,33.52,3.08M
03/03/2015,33.58,33.64,33.5,33.62,3.27M
04/03/2015,33.33,33.44,33.09,33.35,2.32M
05/03/2015,33.39,33.45,33.23,33.34,1.21M
06/03/2015,33.03,33.04,32.73,32.8,1.13M
09/03/2015,32.62,32.63,32.48,32.5,1.01M
10/03/2015,32.25,32.26,32.09,32.1,1.10M
11/03/2015,32.21,32.3,32.14,32.3,1.24M
12/03/2015,32.78,32.91,32.7,32.86,1.39M
13/03/2015,32.11,32.11,31.76,31.94,2.81M
16/03/2015,31.99,32.27,31.95,32.22,1.62M
17/03/2015,32.28,32.79,32.28,32.73,6.16M
18/03/2015,32.24,33.24,32.24,33.17,4.58M
19/03/2015,32.34,32.41,32.13,32.23,1.64M
20/03/2015,32.21,32.47,32.12,32.12,4.32M
23/03/2015,32.25,32.26,32.08,32.15,1.49M
24/03/2015,32.15,32.27,32.11,32.27,2.82M
25/03/2015,32.08,32.13,31.61,31.63,1.58M
26/03/2015,31.26,31.3,31.08,31.22,1.25M
27/03/2015,31.24,31.27,31.12,31.21,970.73K
30/03/2015,31.79,31.98,31.7,31.92,1.55M
31/03/2015,31.66,32.09,31.66,31.98,2.42M
01/04/2015,32.23,32.41,32.15,32.38,2.11M
02/04/2015,32.35,32.58,32.33,32.5,1.26M
06/04/2015,32.36,32.78,32.34,32.72,2.11M
07/04/2015,32.72,32.89,32.66,32.69,2.03M
08/04/2015,32.97,33.08,32.77,32.95,1.30M
09/04/2015,33.1,33.19,32.99,33.16,2.12M
10/04/2015,33.19,33.33,33.02,33.33,2.10M
13/04/2015,33.36,33.4,33.17,33.21,1.11M
14/04/2015,33.17,33.34,33.17,33.23,813.83K
15/04/2015,33.04,33.13,33,33.1,952.24K
16/04/2015,32.74,32.86,32.65,32.7,1.81M
17/04/2015,32.3,32.38,32.15,32.23,1.38M
20/04/2015,31.55,31.56,31.31,31.36,3.16M
21/04/2015,31.16,31.23,31.08,31.14,1.38M
22/04/2015,31.32,31.47,31.19,31.45,1.72M
23/04/2015,30.91,31.06,30.8,31,1.54M
24/04/2015,30.44,30.5,30.2,30.25,1.56M
27/04/2015,29.99,30.02,29.88,29.99,2.35M
28/04/2015,30.24,30.37,30.11,30.29,1.44M
29/04/2015,29.93,30,29.75,29.79,1.53M
30/04/2015,29.61,29.7,29.32,29.39,2.32M
01/05/2015,29.38,29.65,29.38,29.59,1.12M
04/05/2015,30.23,30.3,30.16,30.26,3.73M
05/05/2015,30.35,30.35,30.19,30.3,2.11M
06/05/2015,29.58,29.6,29.2,29.34,3.05M
07/05/2015,29.23,29.52,29.21,29.52,3.37M
08/05/2015,29.91,30.23,29.89,30.21,3.85M
11/05/2015,30.43,30.46,30.23,30.25,2.93M
12/05/2015,29.53,29.63,29.45,29.51,2.62M
13/05/2015,30.01,30.02,29.86,29.91,2.03M
14/05/2015,30.22,30.37,30.16,30.34,1.90M
15/05/2015,30.32,30.44,30.24,30.44,1.86M
18/05/2015,30.66,30.67,30.54,30.57,1.09M
19/05/2015,30.53,30.6,30.44,30.56,1.80M
20/05/2015,30.88,31.04,30.8,31.04,1.73M
21/05/2015,30.86,30.9,30.82,30.87,1.32M
22/05/2015,31,31.07,30.97,31.03,1.18M
26/05/2015,30.42,30.46,30.17,30.25,1.65M
27/05/2015,30.2,30.42,30.2,30.34,1.68M
28/05/2015,30.2,30.3,30.07,30.18,1.08M
29/05/2015,30.68,30.74,30.54,30.55,4.13M
01/06/2015,30.63,30.78,30.42,30.42,1.83M
02/06/2015,29.76,29.93,29.76,29.86,1.30M
03/06/2015,29.56,29.61,29.27,29.27,4.94M
04/06/2015,29.3,29.48,29.23,29.26,3.39M
05/06/2015,29.31,29.36,29.18,29.28,2.61M
08/06/2015,29.12,29.12,28.86,28.9,742.51K
09/06/2015,28.89,28.97,28.65,28.65,1.72M
10/06/2015,29.23,29.48,29.18,29.45,2.33M
11/06/2015,28.78,28.78,28.53,28.59,12.27M
12/06/2015,28.72,28.72,28.5,28.57,3.15M
15/06/2015,28.87,28.87,28.76,28.84,1.75M
16/06/2015,28.97,29.07,28.94,29.02,1.61M
17/06/2015,29.19,29.56,29.06,29.44,1.75M
18/06/2015,29.87,30.16,29.78,30.14,4.32M
19/06/2015,30.19,30.3,30.1,30.1,1.65M
22/06/2015,30.61,30.64,30.5,30.55,1.29M
23/06/2015,30.42,30.67,30.42,30.63,967.94K
24/06/2015,30.43,30.53,30.32,30.36,1.34M
25/06/2015,30.51,30.52,30.25,30.27,2.26M
26/06/2015,30.41,30.52,30.36,30.47,1.45M
29/06/2015,29.88,30.08,29.8,29.81,1.58M
30/06/2015,30.28,30.45,30.16,30.26,3.89M
01/07/2015,30.55,30.64,30.43,30.61,1.19M
02/07/2015,30.74,30.83,30.69,30.81,1.38M
06/07/2015,31.01,31.12,30.86,31.05,3.14M
07/07/2015,30.76,30.91,30.57,30.8,2.06M
08/07/2015,30.4,30.41,29.97,30.11,3.62M
09/07/2015,30.44,31,30.06,30.09,1.19M
10/07/2015,30.35,30.48,30.21,30.47,1.42M
13/07/2015,30.69,30.81,30.65,30.78,1.31M
14/07/2015,30.83,30.99,30.77,30.93,1.21M
15/07/2015,31.07,31.12,30.95,30.95,953.67K
16/07/2015,31.39,31.53,31.35,31.52,1.32M
17/07/2015,31.46,31.5,31.35,31.4,2.29M
20/07/2015,31.2,31.37,31.15,31.3,1.42M
21/07/2015,31.22,31.25,31.07,31.11,1.41M
22/07/2015,31.43,31.44,31.3,31.33,960.16K
23/07/2015,31.21,31.25,30.92,30.96,1.28M
24/07/2015,30.86,30.89,30.55,30.63,2.12M
27/07/2015,30.21,30.23,30.02,30.05,2.56M
28/07/2015,30.12,30.21,29.98,30.11,2.49M
29/07/2015,30.34,30.5,30.26,30.43,1.92M
30/07/2015,30.51,30.57,30.39,30.47,1.18M
31/07/2015,30.97,31.1,30.92,31.07,3.04M
03/08/2015,30.92,30.93,30.68,30.74,1.84M
04/08/2015,30.94,31.08,30.88,30.95,2.20M
05/08/2015,31.43,31.48,31.29,31.39,2.24M
06/08/2015,31.34,31.43,31.12,31.17,1.06M
07/08/2015,31.19,31.22,31.01,31.15,1.95M
10/08/2015,30.94,31.18,30.94,31.17,1.30M
11/08/2015,30.66,30.66,30.44,30.56,2.01M
12/08/2015,30.04,30.17,29.69,29.81,4.02M
13/08/2015,29.9,30.11,29.78,30,1.96M
14/08/2015,30.4,30.62,30.4,30.57,2.84M
17/08/2015,30.13,30.24,30.08,30.18,546.32K
18/08/2015,30.14,30.2,30.04,30.09,1.72M
19/08/2015,30.2,30.47,30.08,30.21,2.67M
20/08/2015,29.78,29.78,29.41,29.44,3.15M
21/08/2015,29.13,29.17,28.51,28.61,5.13M
24/08/2015,25.8,27.17,25.29,26.8,3.71M
25/08/2015,27.87,28.2,27.11,27.11,1.93M
26/08/2015,27.58,28,27.27,27.76,2.13M
27/08/2015,28.23,28.67,28.23,28.64,4.24M
28/08/2015,28.41,28.48,28.15,28.34,2.73M
31/08/2015,28.15,28.18,27.89,28.09,3.81M
01/09/2015,27.49,27.58,27.05,27.11,3.48M
02/09/2015,27.57,27.61,27.33,27.48,3.62M
03/09/2015,27.86,28.01,27.7,27.74,1.58M
04/09/2015,26.85,26.94,26.6,26.74,2.10M
08/09/2015,27.07,27.29,26.9,27.23,2.69M
09/09/2015,27.55,27.55,26.98,27.06,2.22M
10/09/2015,27.24,27.47,27.17,27.28,789.45K
11/09/2015,27.37,27.7,27.3,27.69,1.57M
14/09/2015,27.74,27.74,27.57,27.67,712.61K
15/09/2015,27.63,27.9,27.58,27.8,1.33M
16/09/2015,27.88,28.3,27.82,28.27,2.05M
17/09/2015,27.98,28.85,27.94,28.31,2.08M
18/09/2015,28.07,28.27,27.87,27.92,1.14M
21/09/2015,28.17,28.28,28.06,28.12,1.76M
22/09/2015,27.55,27.56,27.36,27.53,1.32M
23/09/2015,27.55,27.68,27.4,27.43,2.60M
24/09/2015,27.39,27.75,27.25,27.66,3.60M
25/09/2015,27.85,27.89,27.54,27.64,849.10K
28/09/2015,27.38,27.42,27.08,27.21,1.48M
29/09/2015,27.42,27.67,27.42,27.62,932.01K
30/09/2015,28.25,28.61,28.17,28.57,3.38M
01/10/2015,28.4,28.41,28.14,28.34,2.07M
02/10/2015,28.14,28.86,28.12,28.85,1.06M
05/10/2015,29.27,29.64,29.25,29.6,4.32M
06/10/2015,29.23,29.35,29.16,29.25,1.37M
07/10/2015,29.48,29.63,29.41,29.57,1.91M
08/10/2015,29.15,29.62,29.15,29.62,957.19K
09/10/2015,29.59,29.7,29.52,29.59,1.51M
12/10/2015,29.37,29.4,29.19,29.21,559.88K
13/10/2015,28.94,29.12,28.87,28.9,748.20K
14/10/2015,29.09,29.16,28.9,28.99,1.20M
15/10/2015,29.17,29.29,29.03,29.23,3.69M
16/10/2015,29.44,29.68,29.37,29.61,1.26M
19/10/2015,29.52,29.58,29.43,29.51,1.13M
20/10/2015,29.41,29.56,29.41,29.53,428.95K
21/10/2015,29.39,29.48,29.23,29.23,766.46K
22/10/2015,29.47,29.88,29.45,29.86,865.21K
23/10/2015,29.83,29.94,29.73,29.88,1.00M
26/10/2015,29.55,29.64,29.43,29.52,866.25K
27/10/2015,29.2,29.29,29.13,29.17,537.93K
28/10/2015,29.2,29.33,28.75,28.96,2.65M
29/10/2015,28.75,28.8,28.63,28.63,1.37M
30/10/2015,28.53,28.65,28.43,28.48,774.71K
02/11/2015,28.55,28.69,28.42,28.67,1.35M
03/11/2015,28.58,28.86,28.44,28.77,1.19M
04/11/2015,28.67,28.76,28.36,28.39,1.47M
05/11/2015,28.21,28.21,28.05,28.09,1.97M
06/11/2015,27.81,28.1,27.68,28.09,2.40M
09/11/2015,27.53,27.59,27.22,27.27,4.68M
10/11/2015,27.16,27.18,27.04,27.09,1.45M
11/11/2015,27.29,27.36,27.06,27.06,951.69K
12/11/2015,27.1,27.17,26.95,27,889.51K
13/11/2015,26.94,27.03,26.76,26.9,4.25M
16/11/2015,26.99,27.48,26.99,27.48,2.36M
17/11/2015,27.29,27.34,27.11,27.19,1.85M
18/11/2015,26.87,27.2,26.87,27.14,1.35M
19/11/2015,27.27,27.36,27.24,27.26,1.37M
20/11/2015,27.41,27.58,27.34,27.44,2.18M
23/11/2015,27.32,27.33,27.07,27.13,1.64M
24/11/2015,27.12,27.33,27.07,27.29,1.86M
25/11/2015,27.26,27.27,27.11,27.21,1.23M
27/11/2015,27.3,27.31,27.14,27.22,1.71M
30/11/2015,27.36,27.5,27.27,27.46,2.55M
01/12/2015,27.44,27.59,27.43,27.58,2.13M
02/12/2015,27.35,27.36,27.09,27.13,2.71M
03/12/2015,27.03,27.06,26.69,26.74,1.94M
04/12/2015,26.72,27.11,26.7,27.05,2.82M
07/12/2015,26.75,26.85,26.62,26.67,1.79M
08/12/2015,26.42,26.48,26.29,26.41,1.67M
09/12/2015,26.24,26.38,26.11,26.21,3.32M
10/12/2015,26.45,26.57,26.39,26.45,1.39M
11/12/2015,26.05,26.11,25.81,25.89,2.72M
14/12/2015,26.17,26.43,26.13,26.38,2.25M
15/12/2015,26.75,26.85,26.66,26.69,2.42M
16/12/2015,26.86,27.26,26.79,27.22,1.59M
17/12/2015,27.49,27.51,27.24,27.26,2.92M
18/12/2015,27.13,27.31,27.11,27.23,4.47M
21/12/2015,27.3,27.33,27.21,27.33,3.41M
22/12/2015,27.1,27.3,27.04,27.25,3.50M
23/12/2015,27.58,27.68,27.49,27.64,3.14M
24/12/2015,27.54,27.7,27.5,27.57,1.26M
28/12/2015,27.46,27.62,27.46,27.59,1.28M
29/12/2015,27.64,27.7,27.5,27.53,2.69M
30/12/2015,27.5,27.5,27.3,27.33,800.55K
31/12/2015,27.49,27.65,27.49,27.5,548.77K
04/01/2016,26.87,27.02,26.8,26.92,1.83M
05/01/2016,27.08,27.23,27.04,27.18,2.24M
06/01/2016,26.82,26.87,26.65,26.78,1.45M
07/01/2016,26.14,26.34,25.88,25.93,2.47M
08/01/2016,26.22,26.22,25.82,25.82,3.33M
11/01/2016,26.15,26.21,25.88,26.09,1.80M
12/01/2016,26.13,26.15,25.84,25.97,1.60M
13/01/2016,26.15,26.2,25.66,25.74,3.08M
14/01/2016,25.73,26.05,25.65,25.95,4.85M
15/01/2016,25.23,25.31,25.02,25.18,3.13M
19/01/2016,25.38,25.38,24.96,25.17,1.60M
20/01/2016,24.79,25.03,24.49,24.84,3.34M
21/01/2016,24.82,24.93,24.59,24.71,2.85M
22/01/2016,25.32,25.36,25.18,25.36,1.79M
25/01/2016,25.2,25.28,24.94,24.99,1.99M
26/01/2016,25.15,25.31,25.12,25.27,1.27M
27/01/2016,25.24,25.38,24.86,25.05,2.25M
28/01/2016,25.22,25.26,25,25.2,2.35M
29/01/2016,25.66,26.04,25.66,25.98,3.07M
01/02/2016,25.73,25.95,25.71,25.88,2.24M
02/02/2016,25.46,25.46,25.07,25.15,1.48M
03/02/2016,25.12,25.56,24.87,25.47,2.94M
04/02/2016,25.47,25.61,25.32,25.48,2.39M
05/02/2016,25.6,25.66,25.32,25.44,1.53M
08/02/2016,25.23,25.29,24.92,25.19,1.56M
09/02/2016,24.56,24.91,24.54,24.75,1.43M
10/02/2016,24.68,24.8,24.42,24.42,1.91M
11/02/2016,23.66,23.81,23.52,23.69,1.82M
12/02/2016,23.83,24.04,23.78,24.04,1.02M
16/02/2016,24,24,23.86,23.96,1.64M
17/02/2016,24.36,24.5,24.32,24.46,1.29M
18/02/2016,24.48,24.48,24.27,24.29,949.32K
19/02/2016,24.28,24.4,24.23,24.34,2.65M
22/02/2016,24.58,24.81,24.53,24.8,1.04M
23/02/2016,24.32,24.39,24.1,24.1,4.28M
24/02/2016,23.9,24.2,23.77,24.09,1.62M
25/02/2016,23.95,24.04,23.83,24.04,1.72M
26/02/2016,24.05,24.05,23.76,23.77,1.08M
29/02/2016,24.05,24.18,23.96,24.02,1.80M
01/03/2016,24.87,25.21,24.85,25.21,3.42M
02/03/2016,25.36,25.7,25.29,25.66,3.97M
03/03/2016,25.76,25.89,25.7,25.89,4.00M
04/03/2016,26.02,26.32,25.94,26.25,3.27M
07/03/2016,26.01,26.26,25.96,26.09,1.89M
08/03/2016,25.83,25.91,25.68,25.78,2.53M
09/03/2016,26.05,26.16,26.01,26.08,1.87M
10/03/2016,26.05,26.09,25.67,25.83,4.48M
11/03/2016,26.04,26.34,26.04,26.34,2.09M
14/03/2016,26.13,26.22,26.05,26.15,1.16M
15/03/2016,25.68,25.76,25.61,25.76,1.58M
16/03/2016,25.78,26.37,25.75,26.29,2.01M
17/03/2016,26.12,26.34,26.08,26.28,1.54M
18/03/2016,26.52,26.67,26.51,26.51,3.66M
21/03/2016,26.79,26.95,26.77,26.9,1.15M
22/03/2016,26.72,26.89,26.72,26.72,1.06M
23/03/2016,26.79,26.83,26.59,26.68,1.94M
24/03/2016,26.48,26.66,26.45,26.66,1.22M
28/03/2016,26.54,26.67,26.51,26.57,1.69M
29/03/2016,26.45,26.79,26.39,26.78,869.99K
30/03/2016,27,27.14,27,27.01,2.09M
31/03/2016,27.07,27.2,27.05,27.12,1.51M
01/04/2016,26.66,27.11,26.54,27.02,1.21M
04/04/2016,27.06,27.13,26.93,26.97,746.42K
05/04/2016,26.44,26.53,26.33,26.42,1.61M
06/04/2016,26.38,26.66,26.27,26.62,1.63M
07/04/2016,26.24,26.25,25.9,25.99,2.07M
08/04/2016,26.37,26.37,26.07,26.15,2.28M
11/04/2016,26.6,26.74,26.59,26.66,866.04K
12/04/2016,26.86,27.09,26.76,27.04,1.21M
13/04/2016,27.17,27.4,27.17,27.34,1.45M
14/04/2016,27.37,27.48,27.34,27.38,2.13M
15/04/2016,27.43,27.51,27.36,27.44,2.45M
18/04/2016,27.4,27.6,27.39,27.57,1.88M
19/04/2016,27.81,28.02,27.8,27.94,2.02M
20/04/2016,27.55,27.76,27.53,27.59,3.74M
21/04/2016,27.44,27.45,27.26,27.26,1.69M
22/04/2016,27.3,27.38,27.18,27.2,1.89M
25/04/2016,27.09,27.12,26.98,27.02,1.58M
26/04/2016,27.49,27.6,27.41,27.6,1.50M
27/04/2016,27.58,27.84,27.49,27.75,1.92M
28/04/2016,27.17,27.3,27.07,27.1,1.73M
29/04/2016,27.07,27.15,26.93,27.06,2.55M
02/05/2016,27.07,27.15,27,27.15,1.82M
03/05/2016,26.88,26.88,26.57,26.58,1.98M
04/05/2016,26.62,26.67,26.35,26.42,2.83M
05/05/2016,26.64,26.7,26.55,26.64,2.10M
06/05/2016,26.67,26.82,26.65,26.75,1.39M
09/05/2016,27.03,27.06,26.86,26.89,2.63M
10/05/2016,27.02,27.2,27.02,27.2,1.75M
11/05/2016,27.12,27.17,26.99,26.99,1.42M
12/05/2016,27.14,27.24,26.98,27.04,1.59M
13/05/2016,26.85,26.93,26.51,26.54,893.70K
16/05/2016,26.97,27.05,26.91,26.95,1.49M
17/05/2016,26.97,27.07,26.83,26.92,877.30K
18/05/2016,26.81,27.05,26.62,26.76,1.71M
19/05/2016,26.26,26.32,26.15,26.32,1.32M
20/05/2016,26.37,26.41,26.25,26.31,1.23M
23/05/2016,26.12,26.23,26.11,26.19,989.46K
24/05/2016,26.19,26.34,26.17,26.32,1.57M
25/05/2016,26.85,27.04,26.82,26.98,1.05M
26/05/2016,27.41,27.5,27.34,27.47,652.46K
27/05/2016,27.75,27.88,27.75,27.8,2.17M
31/05/2016,27.74,27.8,27.63,27.63,2.12M
01/06/2016,27.6,27.72,27.53,27.69,2.74M
02/06/2016,27.71,28.03,27.71,27.99,2.47M
03/06/2016,27.94,28.18,27.91,28.16,3.30M
06/06/2016,27.97,28.2,27.95,28.12,2.64M
07/06/2016,28.12,28.32,28.11,28.27,1.94M
08/06/2016,28.28,28.46,28.27,28.43,2.11M
09/06/2016,27.9,28.03,27.87,27.99,1.37M
10/06/2016,27.72,27.84,27.57,27.63,1.05M
13/06/2016,27.42,27.55,27.32,27.34,956.60K
14/06/2016,27.38,27.44,27.2,27.33,3.30M
15/06/2016,27.8,27.97,27.69,27.8,4.41M
16/06/2016,27.43,27.68,27.28,27.6,2.05M
17/06/2016,27.66,27.69,27.54,27.66,893.95K
20/06/2016,27.85,27.93,27.7,27.77,1.44M
21/06/2016,27.74,27.84,27.57,27.77,2.15M
22/06/2016,27.65,27.68,27.46,27.51,1.33M
23/06/2016,27.8,28.09,27.74,28.03,2.07M
24/06/2016,26.88,27.24,26.66,26.75,3.29M
27/06/2016,26.8,26.88,26.5,26.71,2.11M
28/06/2016,27.11,27.26,27.01,27.25,1.99M
29/06/2016,27.61,27.79,27.51,27.76,2.04M
30/06/2016,27.81,27.97,27.65,27.92,2.77M
01/07/2016,28.16,28.33,28.07,28.28,1.27M
05/07/2016,28.13,28.18,27.89,27.91,1.46M
06/07/2016,27.85,28.01,27.72,27.97,2.32M
07/07/2016,28.04,28.12,27.87,27.96,1.47M
08/07/2016,28.17,28.48,28.15,28.46,1.70M
11/07/2016,28.71,28.82,28.69,28.69,1.66M
12/07/2016,28.87,29.04,28.8,28.93,1.87M
13/07/2016,28.93,28.93,28.75,28.89,1.66M
14/07/2016,29.01,29.2,28.95,29.12,1.93M
15/07/2016,28.96,28.96,28.77,28.85,2.34M
18/07/2016,28.58,28.8,28.57,28.8,675.98K
19/07/2016,28.7,28.78,28.7,28.76,1.34M
20/07/2016,28.79,28.87,28.7,28.82,1.20M
21/07/2016,28.75,28.75,28.59,28.64,1.50M
22/07/2016,28.92,29.02,28.83,28.99,919.37K
25/07/2016,29.13,29.14,28.95,29.04,1.10M
26/07/2016,28.93,29.03,28.84,28.96,1.07M
27/07/2016,29.21,29.35,29.07,29.26,2.24M
28/07/2016,29.41,29.5,29.31,29.46,2.05M
29/07/2016,29.47,29.59,29.36,29.55,3.88M
01/08/2016,29.6,29.64,29.39,29.45,2.55M
02/08/2016,29.55,29.57,29.27,29.43,1.95M
03/08/2016,29.03,29.37,29.01,29.37,1.41M
04/08/2016,29.27,29.39,29.22,29.26,1.35M
05/08/2016,29.61,29.68,29.55,29.68,1.48M
08/08/2016,29.66,29.76,29.65,29.68,1.97M
09/08/2016,29.65,29.74,29.63,29.69,1.33M
10/08/2016,29.43,29.43,29.21,29.31,1.26M
11/08/2016,29.35,29.62,29.34,29.59,3.00M
12/08/2016,29.8,29.8,29.6,29.67,1.62M
15/08/2016,29.72,29.81,29.7,29.72,2.66M
16/08/2016,29.55,29.55,29.39,29.44,1.34M
17/08/2016,29.37,29.48,29.2,29.41,1.34M
18/08/2016,29.49,29.59,29.44,29.58,888.97K
19/08/2016,29.4,29.5,29.28,29.47,901.96K
22/08/2016,29.08,29.16,29,29.11,1.23M
23/08/2016,29.31,29.34,29.12,29.13,1.11M
24/08/2016,29.28,29.49,29.24,29.44,1.94M
25/08/2016,29.18,29.21,29.08,29.2,1.13M
26/08/2016,29.2,29.32,28.74,28.97,4.20M
29/08/2016,29.09,29.33,29.06,29.33,1.50M
30/08/2016,29.68,29.72,29.44,29.49,2.02M
31/08/2016,29.51,29.7,29.48,29.56,2.64M
01/09/2016,29.56,29.76,29.47,29.72,1.36M
02/09/2016,30.02,30.16,29.98,30.15,3.55M
06/09/2016,30.42,30.64,30.36,30.58,3.14M
07/09/2016,30.48,30.48,30.31,30.39,3.78M
08/09/2016,30.35,30.42,30.22,30.29,1.86M
09/09/2016,29.87,29.89,29.44,29.44,2.49M
12/09/2016,29.33,29.8,29.33,29.72,2.28M
13/09/2016,29.35,29.46,29.04,29.12,3.51M
14/09/2016,29.33,29.52,29.3,29.37,2.93M
15/09/2016,29.51,29.74,29.38,29.66,2.10M
16/09/2016,29.49,29.51,29.31,29.45,2.53M
19/09/2016,29.62,29.69,29.45,29.5,3.30M
20/09/2016,29.54,29.65,29.41,29.41,2.79M
21/09/2016,29.55,29.96,29.36,29.91,6.08M
22/09/2016,30.09,30.21,30.04,30.17,2.32M
23/09/2016,29.93,29.94,29.75,29.75,1.09M
26/09/2016,29.57,29.61,29.42,29.43,2.09M
27/09/2016,29.65,29.65,29.43,29.6,2.56M
28/09/2016,29.76,30.04,29.68,30.01,1.65M
29/09/2016,29.16,29.17,28.82,28.86,3.26M
30/09/2016,29.31,29.48,29.31,29.41,1.67M
03/10/2016,29.69,30,29.69,29.99,2.18M
04/10/2016,30.04,30.11,29.75,29.81,3.25M
05/10/2016,29.87,30.01,29.85,29.91,2.32M
06/10/2016,29.7,29.84,29.6,29.79,1.53M
07/10/2016,29.82,29.83,29.61,29.78,2.20M
10/10/2016,29.86,29.97,29.79,29.9,2.65M
11/10/2016,29.61,29.66,29.49,29.6,2.16M
12/10/2016,29.52,29.63,29.47,29.55,1.28M
13/10/2016,29.01,29.3,28.94,29.18,2.31M
14/10/2016,29.33,29.4,29.17,29.18,1.55M
17/10/2016,29.01,29.07,28.9,28.95,2.49M
18/10/2016,29.55,29.61,29.44,29.57,1.53M
19/10/2016,29.55,29.66,29.5,29.56,1.39M
20/10/2016,29.59,29.68,29.48,29.5,1.27M
21/10/2016,29.46,29.54,29.39,29.5,695.95K
24/10/2016,29.55,29.58,29.45,29.53,705.91K
25/10/2016,29.47,29.55,29.39,29.41,1.61M
26/10/2016,29.22,29.25,29.07,29.16,1.24M
27/10/2016,29.18,29.2,28.89,28.9,1.85M
28/10/2016,29.21,29.21,28.89,28.99,2.31M
31/10/2016,28.96,29.11,28.95,29.04,1.82M
01/11/2016,29.08,29.12,28.82,29.01,2.44M
02/11/2016,28.78,28.84,28.49,28.58,2.96M
03/11/2016,28.59,28.64,28.41,28.57,3.43M
04/11/2016,28.21,28.3,28.04,28.08,2.71M
07/11/2016,28.45,28.84,28.45,28.8,3.77M
08/11/2016,28.65,28.81,28.2,28.25,5.77M
09/11/2016,28.1,28.34,27.88,28.29,5.55M
10/11/2016,28.15,28.2,27.52,27.8,6.46M
11/11/2016,27.07,27.08,26.46,26.54,9.02M
14/11/2016,26.64,26.74,26.43,26.58,2.55M
15/11/2016,26.32,26.74,26.31,26.68,4.61M
16/11/2016,26.39,26.45,26.22,26.28,3.78M
17/11/2016,26.41,26.48,26.29,26.36,4.52M
18/11/2016,26.36,26.42,26.11,26.11,4.30M
21/11/2016,25.9,25.97,25.83,25.84,3.04M
22/11/2016,26.06,26.11,25.96,26.06,2.86M
23/11/2016,25.91,25.93,25.79,25.86,1.85M
25/11/2016,26.38,26.55,26.38,26.45,1.17M
28/11/2016,26.53,26.59,26.48,26.58,2.75M
29/11/2016,26.58,26.7,26.55,26.66,2.05M
30/11/2016,27.02,27.02,26.88,26.93,5.51M
01/12/2016,26.93,26.93,26.69,26.81,2.22M
02/12/2016,26.54,26.71,26.5,26.54,3.44M
05/12/2016,26.77,26.82,26.69,26.77,2.02M
06/12/2016,26.98,27.02,26.92,26.99,3.03M
07/12/2016,27.09,27.25,27.01,27.25,2.35M
08/12/2016,27.57,27.57,27.45,27.55,2.27M
09/12/2016,27.4,27.49,27.36,27.45,1.63M
12/12/2016,27.25,27.29,27.11,27.16,1.23M
13/12/2016,27.15,27.37,27.15,27.36,1.52M
14/12/2016,27.14,27.36,26.73,26.76,4.50M
15/12/2016,26.9,27,26.82,26.9,2.30M
16/12/2016,26.91,26.97,26.8,26.83,2.07M
19/12/2016,26.8,26.83,26.66,26.7,1.78M
20/12/2016,26.58,26.67,26.56,26.65,1.48M
21/12/2016,26.58,26.58,26.4,26.43,2.09M
22/12/2016,26.07,26.15,25.96,26.07,2.41M
23/12/2016,26.07,26.14,26.04,26.11,2.76M
27/12/2016,26.24,26.31,26.07,26.31,1.98M
28/12/2016,26.24,26.24,26.1,26.22,3.76M
29/12/2016,26.41,26.67,26.41,26.67,1.93M
30/12/2016,26.8,26.84,26.72,26.81,8.11M
03/01/2017,26.79,26.93,26.72,26.93,6.71M
04/01/2017,27.01,27.1,26.96,27.08,3.29M
05/01/2017,27.35,27.45,27.29,27.45,2.46M
06/01/2017,27.18,27.18,27.06,27.11,1.90M
09/01/2017,27.11,27.12,27.01,27.01,2.18M
10/01/2017,27.15,27.27,27.15,27.19,1.95M
11/01/2017,27.42,27.61,27.33,27.6,3.74M
12/01/2017,27.65,27.69,27.54,27.66,2.25M
13/01/2017,27.56,27.66,27.5,27.66,2.57M
17/01/2017,27.68,27.68,27.51,27.52,2.50M
18/01/2017,27.7,27.73,27.52,27.55,3.23M
19/01/2017,27.67,27.67,27.47,27.57,2.35M
20/01/2017,27.37,27.4,27.28,27.31,1.70M
23/01/2017,27.45,27.66,27.45,27.64,2.71M
24/01/2017,27.84,27.95,27.78,27.92,2.97M
25/01/2017,28.22,28.41,28.17,28.4,5.88M
26/01/2017,28.36,28.36,28.18,28.22,3.88M
27/01/2017,28.35,28.36,28.24,28.28,2.42M
30/01/2017,28.35,28.42,28.25,28.39,2.84M
31/01/2017,28.18,28.36,28.15,28.36,2.83M
01/02/2017,28.8,28.82,28.56,28.65,6.85M
02/02/2017,28.91,28.94,28.76,28.84,4.21M
03/02/2017,28.96,29.05,28.91,29.05,2.31M
06/02/2017,29.05,29.12,29.02,29.08,2.20M
07/02/2017,28.98,28.98,28.89,28.93,1.93M
08/02/2017,29.12,29.26,29.06,29.21,3.40M
09/02/2017,29.38,29.43,29.35,29.38,2.80M
10/02/2017,29.37,29.47,29.28,29.46,1.99M
13/02/2017,29.4,29.42,29.3,29.38,1.86M
14/02/2017,29.33,29.36,29.16,29.31,1.48M
15/02/2017,29,29.09,28.98,29.03,3.13M
16/02/2017,29.24,29.31,29.15,29.16,4.08M
17/02/2017,29.16,29.22,29.13,29.19,2.75M
21/02/2017,29.56,29.66,29.5,29.66,3.46M
22/02/2017,29.61,29.64,29.54,29.62,2.52M
23/02/2017,29.83,29.88,29.76,29.87,2.25M
24/02/2017,29.63,29.69,29.58,29.62,1.83M
27/02/2017,29.68,29.73,29.62,29.67,1.68M
28/02/2017,29.71,29.85,29.57,29.67,4.03M
01/03/2017,29.91,30.15,29.88,30.13,6.32M
02/03/2017,29.69,29.77,29.56,29.56,3.47M
03/03/2017,29.76,29.89,29.73,29.86,3.54M
06/03/2017,29.98,29.98,29.85,29.94,2.71M
07/03/2017,29.91,29.96,29.86,29.9,2.52M
08/03/2017,29.76,29.77,29.67,29.67,2.47M
09/03/2017,29.79,29.9,29.73,29.87,3.62M
10/03/2017,29.85,30.05,29.84,30.05,2.53M
13/03/2017,30.82,30.87,30.7,30.87,4.91M
14/03/2017,30.82,30.86,30.73,30.77,3.81M
15/03/2017,30.86,31.37,30.78,31.33,6.32M
16/03/2017,31.34,31.38,31.23,31.27,2.74M
17/03/2017,31.22,31.25,31.11,31.12,3.14M
20/03/2017,31.17,31.34,31.11,31.3,2.53M
21/03/2017,31.18,31.21,30.78,30.78,4.88M
22/03/2017,30.69,30.9,30.69,30.86,2.86M
23/03/2017,30.93,31.1,30.87,31.03,2.33M
24/03/2017,30.98,31.06,30.93,30.98,2.64M
27/03/2017,30.94,31.13,30.9,31.12,2.62M
28/03/2017,31.19,31.36,31.19,31.32,1.70M
29/03/2017,31.46,31.6,31.41,31.6,3.36M
30/03/2017,31.45,31.61,31.39,31.56,2.72M
31/03/2017,31.48,31.64,31.47,31.48,2.48M
03/04/2017,31.7,31.84,31.62,31.82,3.21M
04/04/2017,31.69,31.76,31.59,31.72,1.54M
05/04/2017,31.86,31.9,31.62,31.62,2.72M
06/04/2017,31.92,32.02,31.9,32,4.52M
07/04/2017,31.88,32.05,31.88,31.96,3.55M
10/04/2017,31.82,31.84,31.7,31.76,1.75M
11/04/2017,31.97,31.97,31.66,31.81,2.40M
12/04/2017,31.75,31.75,31.54,31.64,5.30M
13/04/2017,31.69,31.7,31.42,31.45,4.55M
17/04/2017,31.56,31.7,31.46,31.68,1.95M
18/04/2017,31.32,31.33,31.15,31.17,3.33M
19/04/2017,31.2,31.36,31.12,31.16,2.68M
20/04/2017,31.48,31.49,31.31,31.48,2.03M
21/04/2017,31.3,31.3,31.11,31.13,3.91M
24/04/2017,31.58,31.78,31.58,31.75,4.55M
25/04/2017,32.1,32.19,32,32.16,4.28M
26/04/2017,32.23,32.38,32.22,32.27,2.32M
27/04/2017,32.19,32.19,32.09,32.09,2.71M
28/04/2017,32.06,32.1,31.96,32.08,1.99M
01/05/2017,32.09,32.16,32.08,32.12,1.35M
02/05/2017,32.28,32.34,32.18,32.34,2.99M
03/05/2017,32.18,32.21,32.08,32.09,2.20M
04/05/2017,32.25,32.3,32.02,32.04,4.00M
05/05/2017,31.92,32.05,31.77,32.05,1.57M
08/05/2017,32.04,32.06,31.85,31.86,2.09M
09/05/2017,31.9,32.03,31.89,31.98,3.33M
10/05/2017,32.3,32.43,32.22,32.43,3.09M
11/05/2017,32.44,32.52,32.34,32.51,2.27M
12/05/2017,32.46,32.56,32.37,32.54,1.58M
15/05/2017,32.7,32.79,32.59,32.79,2.79M
16/05/2017,32.81,32.94,32.81,32.91,3.24M
17/05/2017,32.75,32.75,32.4,32.4,3.37M
18/05/2017,31.97,32.09,31.76,32.02,4.41M
19/05/2017,32.06,32.26,32.06,32.26,2.88M
22/05/2017,32.11,32.15,32.04,32.09,1.96M
23/05/2017,31.72,31.72,31.6,31.62,3.36M
24/05/2017,31.54,31.74,31.54,31.73,1.83M
25/05/2017,32.02,32.12,31.92,32.06,2.99M
26/05/2017,32.39,32.43,32.29,32.34,3.79M
30/05/2017,32.45,32.56,32.42,32.56,2.29M
31/05/2017,32.57,32.61,32.5,32.55,2.97M
01/06/2017,32.64,32.86,32.55,32.86,3.24M
02/06/2017,32.94,32.95,32.83,32.95,1.89M
05/06/2017,33,33.04,32.95,32.97,1.75M
06/06/2017,32.86,32.92,32.82,32.84,2.11M
07/06/2017,32.93,32.94,32.78,32.89,2.38M
08/06/2017,32.88,32.98,32.88,32.95,2.04M
09/06/2017,32.92,32.93,32.65,32.72,2.16M
12/06/2017,32.77,32.77,32.6,32.67,2.80M
13/06/2017,32.77,32.81,32.7,32.78,2.11M
14/06/2017,32.98,33.08,32.81,32.88,3.20M
15/06/2017,32.53,32.65,32.4,32.48,2.69M
16/06/2017,32.57,32.62,32.4,32.61,3.08M
19/06/2017,32.8,32.81,32.7,32.78,1.45M
20/06/2017,32.64,32.64,32.39,32.39,1.96M
21/06/2017,32.62,32.63,32.45,32.51,1.52M
22/06/2017,32.4,32.52,32.37,32.38,2.74M
23/06/2017,32.13,32.38,32.13,32.19,1.00M
26/06/2017,32.49,32.52,32.38,32.51,1.85M
27/06/2017,32.1,32.11,31.95,31.96,2.66M
28/06/2017,31.99,32.16,31.95,32.16,2.35M
29/06/2017,32.08,32.08,31.67,31.78,5.33M
30/06/2017,32.01,32.17,32.01,32.1,3.84M
03/07/2017,32.49,32.49,32.21,32.41,1.65M
05/07/2017,32.38,32.65,32.38,32.65,2.88M
06/07/2017,32.55,32.64,32.46,32.49,2.27M
07/07/2017,32.64,32.71,32.52,32.62,2.71M
10/07/2017,32.95,33.22,32.95,33.17,3.75M
11/07/2017,33.16,33.2,33.03,33.14,1.81M
12/07/2017,33.45,33.63,33.45,33.61,3.41M
13/07/2017,33.66,33.7,33.57,33.7,2.82M
14/07/2017,33.93,33.97,33.82,33.95,1.83M
17/07/2017,33.95,33.95,33.79,33.79,1.92M
18/07/2017,33.66,33.66,33.54,33.63,2.88M
19/07/2017,33.9,33.98,33.86,33.93,2.60M
20/07/2017,33.87,33.9,33.7,33.77,2.97M
21/07/2017,33.82,33.86,33.77,33.79,1.62M
24/07/2017,33.94,34.1,33.89,34.1,3.36M
25/07/2017,34.17,34.18,34.05,34.07,1.64M
26/07/2017,34.23,34.46,34.23,34.46,2.52M
27/07/2017,34.3,34.4,34.02,34.13,3.81M
28/07/2017,34.3,34.39,34.25,34.3,2.31M
31/07/2017,34.51,34.51,34.3,34.36,1.91M
01/08/2017,34.61,34.71,34.52,34.71,2.56M
02/08/2017,34.71,34.77,34.6,34.71,2.59M
03/08/2017,34.62,34.65,34.49,34.58,1.69M
04/08/2017,34.82,34.9,34.73,34.83,2.82M
07/08/2017,34.8,34.82,34.72,34.73,1.02M
08/08/2017,34.56,34.63,34.47,34.47,1.73M
09/08/2017,34.02,34.1,33.9,33.9,2.93M
10/08/2017,33.57,33.67,32.93,32.93,5.30M
11/08/2017,33.1,33.21,33.06,33.17,3.28M
14/08/2017,33.59,33.66,33.38,33.58,2.31M
15/08/2017,33.6,33.61,33.41,33.47,1.62M
16/08/2017,33.79,33.95,33.66,33.94,4.37M
17/08/2017,33.98,34.06,33.57,33.57,2.88M
18/08/2017,33.62,33.79,33.56,33.7,2.81M
21/08/2017,33.39,33.5,33.29,33.37,2.44M
22/08/2017,33.46,33.57,33.42,33.51,2.04M
23/08/2017,33.61,33.81,33.61,33.8,1.81M
24/08/2017,33.84,33.98,33.84,33.89,2.14M
25/08/2017,33.9,34.09,33.9,34.05,2.12M
28/08/2017,34.23,34.27,34.16,34.23,1.92M
29/08/2017,33.74,33.84,33.62,33.79,2.33M
30/08/2017,33.97,33.97,33.88,33.95,1.72M
31/08/2017,34.07,34.16,33.99,34.11,2.50M
01/09/2017,34.37,34.53,34.36,34.53,2.85M
05/09/2017,34.21,34.28,33.99,34.05,2.73M
06/09/2017,34.24,34.24,34.14,34.23,1.84M
07/09/2017,34.43,34.43,34.28,34.3,2.56M
08/09/2017,34.33,34.33,34.13,34.16,2.35M
11/09/2017,34.25,34.42,34.25,34.41,3.20M
12/09/2017,34.52,34.59,34.42,34.56,1.87M
13/09/2017,34.52,34.52,34.26,34.27,3.73M
14/09/2017,34.35,34.4,34.27,34.4,2.30M
15/09/2017,34.43,34.51,34.34,34.49,1.96M
18/09/2017,34.66,34.66,34.5,34.58,1.70M
19/09/2017,34.58,34.63,34.49,34.58,1.87M
20/09/2017,34.5,34.54,34.11,34.28,3.40M
21/09/2017,34.12,34.12,33.99,34.02,2.62M
22/09/2017,33.52,33.58,33.46,33.48,3.32M
25/09/2017,33.06,33.08,32.67,32.77,5.35M
26/09/2017,32.8,32.9,32.72,32.85,3.12M
27/09/2017,32.26,32.38,32.16,32.29,3.76M
28/09/2017,32.31,32.56,32.3,32.56,3.35M
29/09/2017,32.63,32.85,32.63,32.85,3.78M
02/10/2017,32.67,32.8,32.65,32.68,3.58M
03/10/2017,32.91,33,32.72,33,2.19M
04/10/2017,33.37,33.37,33.25,33.35,2.67M
05/10/2017,33.24,33.41,33.24,33.32,2.06M
06/10/2017,33.33,33.39,33.16,33.36,2.32M
09/10/2017,33.5,33.51,33.41,33.51,1.86M
10/10/2017,33.74,33.88,33.74,33.88,2.36M
11/10/2017,33.73,33.76,33.61,33.73,2.41M
12/10/2017,34.05,34.17,34.04,34.1,3.31M
13/10/2017,34.39,34.66,34.37,34.62,3.86M
16/10/2017,34.8,34.81,34.69,34.75,2.85M
17/10/2017,34.55,34.58,34.41,34.51,3.31M
18/10/2017,34.44,34.52,34.35,34.43,2.50M
19/10/2017,34.3,34.33,34.11,34.2,2.10M
20/10/2017,34.34,34.34,34.24,34.3,2.86M
23/10/2017,34.4,34.43,34.33,34.38,3.24M
24/10/2017,34.47,34.66,34.43,34.61,4.58M
25/10/2017,34.75,34.79,34.45,34.62,4.74M
26/10/2017,34.92,35.01,34.73,34.77,3.35M
27/10/2017,34.7,35.12,34.56,35.12,6.39M
30/10/2017,35.1,35.12,34.96,35.03,2.32M
31/10/2017,35.16,35.25,35.1,35.24,2.59M
01/11/2017,35.57,35.72,35.54,35.61,2.59M
02/11/2017,35.61,35.71,35.59,35.68,2.01M
03/11/2017,35.69,35.69,35.42,35.61,2.28M
06/11/2017,35.76,35.8,35.72,35.79,2.42M
07/11/2017,35.23,35.23,34.94,34.97,3.96M
08/11/2017,35.01,35.09,34.93,35.09,2.51M
09/11/2017,34.85,34.98,34.7,34.8,3.77M
10/11/2017,34.75,34.76,34.53,34.68,2.62M
13/11/2017,34.17,34.29,34.15,34.24,2.54M
14/11/2017,34.19,34.2,34.05,34.08,2.47M
15/11/2017,33.8,33.92,33.77,33.83,2.93M
16/11/2017,34.28,34.58,34.28,34.52,3.69M
17/11/2017,34.74,34.89,34.73,34.85,3.71M
20/11/2017,34.76,34.87,34.67,34.82,2.17M
21/11/2017,35.01,35.24,35,35.15,2.84M
22/11/2017,35.15,35.18,35.03,35.07,1.80M
24/11/2017,35.38,35.47,35.36,35.42,1.40M
27/11/2017,35.48,35.59,35.27,35.27,2.26M
28/11/2017,35.47,35.51,35.35,35.45,2.68M
29/11/2017,35.3,35.33,35.06,35.06,5.17M
30/11/2017,34.85,34.91,34.75,34.78,5.49M
01/12/2017,34.45,34.49,34.22,34.24,6.28M
04/12/2017,34.55,34.69,34.31,34.36,3.07M
05/12/2017,34.47,34.61,34.39,34.44,1.80M
06/12/2017,34.12,34.31,34.03,34.12,2.75M
07/12/2017,34.5,34.76,34.44,34.75,3.36M
08/12/2017,35.17,35.17,35.01,35.17,2.14M
11/12/2017,35.23,35.39,35.22,35.36,1.66M
12/12/2017,34.92,35,34.8,34.92,2.29M
13/12/2017,34.96,35.22,34.9,35.11,2.50M
14/12/2017,35.39,35.56,35.23,35.28,3.83M
15/12/2017,35.53,35.71,35.46,35.46,5.15M
18/12/2017,35.62,35.71,35.59,35.66,2.90M
19/12/2017,35.71,35.71,35.45,35.49,2.37M
20/12/2017,35.7,35.7,35.55,35.63,2.86M
21/12/2017,35.69,35.73,35.52,35.52,2.12M
22/12/2017,35.77,35.89,35.71,35.86,2.24M
26/12/2017,35.87,36.01,35.87,35.99,1.56M
27/12/2017,35.83,35.84,35.74,35.82,1.71M
28/12/2017,35.81,35.82,35.66,35.68,2.55M
29/12/2017,36.14,36.23,36.01,36.07,4.03M
02/01/2018,36.06,36.15,35.99,36.14,2.74M
03/01/2018,36.1,36.27,36.1,36.27,2.46M
04/01/2018,36.37,36.46,36.3,36.43,4.13M
05/01/2018,36.7,37.02,36.68,37.02,4.36M
08/01/2018,36.93,37.01,36.86,36.99,2.27M
09/01/2018,36.85,36.93,36.7,36.86,2.80M
10/01/2018,36.73,36.74,36.59,36.7,3.43M
11/01/2018,36.86,37.07,36.84,37.07,2.55M
12/01/2018,37.01,37.16,36.92,37.13,3.61M
16/01/2018,36.78,36.88,36.53,36.53,3.77M
17/01/2018,37.14,37.46,37.14,37.42,4.66M
18/01/2018,37.1,37.13,36.93,36.93,3.59M
19/01/2018,37.3,37.46,37.24,37.43,3.15M
22/01/2018,37.56,37.8,37.49,37.7,3.86M
23/01/2018,37.91,38.07,37.87,38.05,4.11M
24/01/2018,38.08,38.21,37.94,37.97,4.49M
25/01/2018,37.86,38.05,37.7,37.72,5.67M
26/01/2018,37.91,38.05,37.81,38.05,3.72M
29/01/2018,37.91,37.94,37.75,37.78,4.45M
30/01/2018,37.52,37.52,37.2,37.2,5.68M
31/01/2018,37.51,37.55,37.14,37.25,4.09M
01/02/2018,37,37.03,36.59,36.64,4.61M
02/02/2018,36.01,36.02,35.34,35.38,7.29M
05/02/2018,35.72,35.78,34.45,34.49,8.74M
06/02/2018,34.61,35.94,34.6,35.86,8.94M
07/02/2018,35.48,35.79,34.94,34.94,5.65M
08/02/2018,35.71,35.81,34.29,34.3,7.03M
09/02/2018,35.02,35.45,34.44,35.36,8.07M
12/02/2018,35.4,35.73,35.27,35.54,4.06M
13/02/2018,35.49,35.58,35.31,35.52,2.86M
14/02/2018,35.22,35.72,35.14,35.7,2.59M
15/02/2018,35.94,35.99,35.59,35.94,2.98M
16/02/2018,35,35.41,34.94,35.22,3.41M
20/02/2018,34.77,34.88,34.63,34.79,4.22M
21/02/2018,35.01,35.2,34.56,34.64,3.33M
22/02/2018,34.63,34.77,34.46,34.48,2.93M
23/02/2018,35.08,35.35,35.01,35.35,5.50M
26/02/2018,35.28,35.6,35.25,35.59,3.20M
27/02/2018,35.29,35.29,34.77,34.81,3.46M
28/02/2018,34.9,35.04,34.32,34.32,7.53M
01/03/2018,34.58,34.76,34.19,34.28,5.04M
02/03/2018,34.02,34.47,33.89,34.46,5.61M
05/03/2018,34.3,34.55,34.16,34.5,3.94M
06/03/2018,34.27,34.28,34.01,34.03,3.52M
07/03/2018,33.8,34,33.72,33.95,3.18M
08/03/2018,34.02,34.14,33.85,34.05,2.56M
09/03/2018,34.05,34.54,34.03,34.5,3.64M
12/03/2018,34.73,34.83,34.62,34.79,2.94M
13/03/2018,34.99,35.06,34.66,34.74,2.83M
14/03/2018,34.89,35.01,34.63,34.7,2.57M
15/03/2018,34.63,34.63,34.31,34.34,2.75M
16/03/2018,34.2,34.26,33.92,33.92,3.55M
19/03/2018,33.57,33.69,33.27,33.37,3.37M
20/03/2018,33.73,33.85,33.68,33.73,4.02M
21/03/2018,33.83,34.19,33.8,34.13,2.96M
22/03/2018,33.69,33.72,33.29,33.3,6.79M
23/03/2018,33.44,33.6,32.97,32.97,5.33M
26/03/2018,33.89,34.04,33.69,34.04,4.25M
27/03/2018,33.97,34.13,33.66,33.71,4.20M
28/03/2018,33.6,33.77,33.41,33.66,3.44M
29/03/2018,33.69,34.16,33.64,34.13,3.86M
02/04/2018,34.12,34.24,33.66,33.82,4.06M
03/04/2018,34.23,34.42,34.1,34.41,4.32M
04/04/2018,33.75,34.38,33.71,34.32,3.09M
05/04/2018,34.57,34.83,34.56,34.63,3.31M
06/04/2018,34.63,34.77,34.17,34.23,3.54M
09/04/2018,34.63,34.78,34.46,34.55,2.35M
10/04/2018,34.69,34.85,34.59,34.83,3.94M
11/04/2018,34.61,34.82,34.52,34.77,4.69M
12/04/2018,34.88,34.99,34.78,34.93,1.73M
13/04/2018,34.96,34.99,34.65,34.69,2.13M
16/04/2018,34.87,34.95,34.8,34.87,2.85M
17/04/2018,34.8,35.05,34.8,34.91,2.60M
18/04/2018,34.89,35.02,34.83,34.91,2.03M
19/04/2018,34.84,34.84,34.47,34.53,2.58M
20/04/2018,34.66,34.66,34.35,34.46,3.01M
23/04/2018,34.65,34.68,34.33,34.41,3.76M
24/04/2018,34.62,34.76,34.33,34.35,6.41M
25/04/2018,34.26,34.3,34.1,34.2,3.05M
26/04/2018,34.41,34.65,34.41,34.63,2.73M
27/04/2018,34.9,35.01,34.83,34.95,2.55M
30/04/2018,35.03,35.12,34.88,34.95,4.51M
01/05/2018,34.9,34.9,34.47,34.84,2.24M
02/05/2018,34.75,34.77,34.47,34.47,3.58M
03/05/2018,34.5,34.54,34.16,34.36,3.70M
04/05/2018,34.11,34.38,34.02,34.24,1.99M
07/05/2018,34.22,34.38,34.16,34.25,1.69M
08/05/2018,34.24,34.27,34.04,34.14,2.40M
09/05/2018,34.18,34.25,34.03,34.21,2.24M
10/05/2018,34.11,34.42,34.11,34.35,4.44M
11/05/2018,34.27,34.36,34.1,34.16,1.82M
14/05/2018,34.08,34.14,33.89,33.9,2.37M
15/05/2018,33.43,33.58,33.34,33.39,4.60M
16/05/2018,33.64,33.85,33.64,33.81,3.78M
17/05/2018,33.49,33.58,33.33,33.37,3.58M
18/05/2018,32.99,33,32.83,32.93,4.13M
21/05/2018,32.77,32.8,32.67,32.73,3.24M
22/05/2018,32.86,32.98,32.82,32.87,2.54M
23/05/2018,32.5,32.69,32.38,32.65,2.93M
24/05/2018,32.71,32.88,32.57,32.87,3.05M
25/05/2018,33.26,33.46,33.25,33.44,6.08M
29/05/2018,33.41,33.48,33.03,33.14,7.14M
30/05/2018,33.27,33.68,33.27,33.66,7.08M
31/05/2018,33.56,33.74,33.45,33.65,7.12M
01/06/2018,33.69,33.81,33.6,33.81,4.45M
04/06/2018,33.51,33.57,33.34,33.35,4.87M
05/06/2018,33.26,33.5,33.23,33.35,3.87M
06/06/2018,33.78,34.14,33.76,34.13,5.70M
07/06/2018,34.07,34.1,33.55,33.57,6.67M
08/06/2018,33.77,33.93,33.75,33.84,5.37M
11/06/2018,33.92,34.01,33.89,33.91,1.97M
12/06/2018,34.11,34.17,33.96,34.06,3.83M
13/06/2018,34.07,34.22,33.83,33.92,3.14M
14/06/2018,34.05,34.1,33.76,33.79,3.76M
15/06/2018,33.65,33.76,33.54,33.73,2.95M
18/06/2018,33.59,33.7,33.45,33.52,4.40M
19/06/2018,33.18,33.44,33.1,33.38,5.08M
20/06/2018,33.48,33.63,33.48,33.56,4.40M
21/06/2018,33.62,33.62,33.38,33.38,2.80M
22/06/2018,33.8,33.95,33.71,33.77,2.48M
25/06/2018,33.37,33.54,33.16,33.33,5.95M
26/06/2018,33.35,33.5,33.27,33.29,2.97M
27/06/2018,33,33.39,32.62,32.64,5.01M
28/06/2018,32.39,32.58,32.3,32.57,6.46M
29/06/2018,33.05,33.29,32.97,33.29,5.14M
02/07/2018,32.87,33.06,32.82,33.02,3.77M
03/07/2018,33.2,33.32,33.11,33.18,2.21M
05/07/2018,33.04,33.12,32.87,32.87,4.04M
06/07/2018,33.17,33.41,33.13,33.33,4.16M
09/07/2018,33.58,33.75,33.5,33.74,4.06M
10/07/2018,33.86,33.99,33.83,33.98,3.60M
11/07/2018,33.81,33.95,33.71,33.76,3.41M
12/07/2018,34.16,34.28,34.03,34.24,4.17M
13/07/2018,34.22,34.22,34.06,34.1,2.23M
16/07/2018,33.8,33.82,33.65,33.76,2.75M
17/07/2018,34.01,34.38,33.99,34.37,3.64M
18/07/2018,34,34.11,33.91,34.05,3.09M
19/07/2018,33.69,33.85,33.56,33.71,3.39M
20/07/2018,33.91,34.12,33.9,34.1,3.85M
23/07/2018,34.23,34.24,34.09,34.14,3.00M
24/07/2018,34.5,34.62,34.45,34.55,2.91M
25/07/2018,34.5,34.81,34.49,34.81,4.47M
26/07/2018,34.7,34.84,34.63,34.8,5.06M
27/07/2018,34.99,35.24,34.99,35.17,5.76M
30/07/2018,35.27,35.38,35.21,35.34,4.82M
31/07/2018,35.39,35.65,35.37,35.63,5.43M
01/08/2018,35.63,35.65,35.51,35.63,5.00M
02/08/2018,35.2,35.39,35.07,35.3,3.64M
03/08/2018,35.41,35.76,35.41,35.75,2.68M
06/08/2018,35.63,35.72,35.5,35.55,2.31M
07/08/2018,35.73,35.73,35.55,35.55,3.83M
08/08/2018,35.67,35.9,35.6,35.88,3.28M
09/08/2018,35.82,35.88,35.72,35.72,2.56M
10/08/2018,35.4,35.45,35.24,35.29,3.75M
13/08/2018,34.93,35,34.65,34.66,3.15M
14/08/2018,34.91,35.22,34.82,35.18,4.69M
15/08/2018,34.48,34.64,34.21,34.5,6.81M
16/08/2018,34.76,34.96,34.71,34.84,3.43M
17/08/2018,35.11,35.4,34.98,35.37,5.21M
20/08/2018,35.49,35.53,35.38,35.48,2.54M
21/08/2018,35.54,35.79,35.49,35.7,3.57M
22/08/2018,35.8,35.92,35.73,35.76,3.87M
23/08/2018,35.59,35.61,35.34,35.35,3.30M
24/08/2018,35.66,35.92,35.66,35.92,3.52M
27/08/2018,36.02,36.25,35.99,36.14,3.93M
28/08/2018,36.17,36.2,35.95,35.99,3.44M
29/08/2018,35.77,35.87,35.71,35.86,2.95M
30/08/2018,35.53,35.53,35.28,35.44,4.61M
31/08/2018,35.38,35.73,35.38,35.68,5.30M
04/09/2018,34.72,34.72,34.51,34.68,5.49M
05/09/2018,34.46,34.7,34.34,34.65,7.92M
06/09/2018,34.51,34.75,34.38,34.73,9.66M
07/09/2018,34.72,34.88,34.56,34.59,5.87M
10/09/2018,34.14,34.23,33.94,33.98,7.05M
11/09/2018,33.57,33.81,33.47,33.8,4.51M
12/09/2018,34.11,34.4,33.91,34.31,8.63M
13/09/2018,34.66,34.74,34.46,34.68,5.61M
14/09/2018,34.75,34.77,34.51,34.57,4.93M
17/09/2018,34.06,34.1,33.86,33.86,4.31M
18/09/2018,33.51,33.69,33.51,33.62,3.01M
19/09/2018,33.83,34.03,33.75,34.03,3.28M
20/09/2018,34.11,34.44,34.11,34.37,4.33M
21/09/2018,33.4,33.58,33.21,33.53,6.65M
24/09/2018,32.69,32.78,32.54,32.62,7.38M
25/09/2018,33.03,33.1,32.98,33.05,3.27M
26/09/2018,32.94,33.26,32.87,33.17,5.55M
27/09/2018,32.83,32.94,32.67,32.81,6.42M
28/09/2018,32.54,32.62,32.36,32.47,7.48M
01/10/2018,32.69,32.75,32.37,32.42,4.04M
02/10/2018,32.22,32.33,32.15,32.25,4.66M
03/10/2018,31.99,31.99,31.41,31.45,6.54M
04/10/2018,30.95,31,30.44,30.45,12.11M
05/10/2018,29.82,30,29.43,29.66,8.52M
08/10/2018,29.76,30.15,29.75,30.15,5.54M
09/10/2018,29.71,29.93,29.58,29.75,4.98M
10/10/2018,30.13,30.2,29.6,29.65,6.48M
11/10/2018,29.8,29.99,29.48,29.76,9.12M
12/10/2018,30.47,30.7,30.3,30.58,8.11M
15/10/2018,30.57,30.73,30.5,30.54,10.75M
16/10/2018,31.06,31.45,31.04,31.38,5.08M
17/10/2018,30.4,30.56,30.29,30.39,5.53M
18/10/2018,30.26,30.26,29.67,29.74,6.06M
19/10/2018,30,30.08,29.75,29.87,5.80M
22/10/2018,29.68,29.75,29.45,29.49,3.50M
23/10/2018,29.28,29.79,29.18,29.61,7.17M
24/10/2018,29.74,29.77,29.22,29.3,6.22M
25/10/2018,29.32,29.66,29.29,29.53,4.31M
26/10/2018,29.14,29.51,28.96,29.36,5.73M
29/10/2018,29.86,29.98,29.26,29.59,5.77M
30/10/2018,29.6,29.91,29.6,29.9,4.87M
31/10/2018,30.24,30.34,30.12,30.19,5.90M
01/11/2018,30.5,31.07,30.46,31.05,6.11M
02/11/2018,31.31,31.49,30.95,31.27,8.12M
05/11/2018,31.27,31.56,31.25,31.54,7.58M
06/11/2018,31.33,31.33,31.16,31.26,4.64M
07/11/2018,31.86,32.12,31.79,32.09,10.84M
08/11/2018,31.65,31.82,31.37,31.37,7.78M
09/11/2018,31.51,31.52,31.18,31.3,8.48M
12/11/2018,31.01,31.04,30.74,30.81,5.71M
13/11/2018,31.38,31.76,31.38,31.71,6.26M
14/11/2018,31.73,31.91,31.55,31.77,5.64M
15/11/2018,31.78,32.18,31.66,32.14,5.83M
16/11/2018,32.06,32.44,31.96,32.3,4.80M
19/11/2018,32.44,32.55,32.32,32.4,3.78M
20/11/2018,32.02,32.1,31.76,31.82,6.62M
21/11/2018,32.14,32.33,32.1,32.22,3.75M
23/11/2018,32.13,32.26,32.08,32.1,2.02M
26/11/2018,32.17,32.29,32.13,32.29,3.96M
27/11/2018,32.38,32.55,32.29,32.54,3.73M
28/11/2018,32.63,33.18,32.48,33.17,4.97M
29/11/2018,33.45,33.73,33.35,33.56,6.29M
30/11/2018,33.49,33.54,33.33,33.35,5.80M
03/12/2018,33.23,33.28,33.03,33.24,7.72M
04/12/2018,33.26,33.26,32.75,32.78,6.34M
06/12/2018,31.97,32.48,31.82,32.46,7.45M
07/12/2018,32.21,32.33,31.64,31.67,5.75M
10/12/2018,30.56,30.63,30.12,30.31,7.53M
11/12/2018,31.28,31.41,31.09,31.33,5.86M
12/12/2018,32.08,32.48,32.08,32.35,7.91M
13/12/2018,32.49,32.59,32.37,32.4,5.33M
14/12/2018,32.32,32.51,32.21,32.26,3.57M
17/12/2018,32.64,32.78,32.38,32.47,4.96M
18/12/2018,33,33.37,32.94,33.22,8.58M
19/12/2018,33.28,33.53,32.61,32.78,9.09M
20/12/2018,33.42,33.65,33.23,33.4,9.19M
21/12/2018,32.91,33.02,32.57,32.57,6.92M
24/12/2018,32.5,32.54,32.28,32.31,3.17M
26/12/2018,32.57,32.84,32.48,32.8,4.46M
27/12/2018,32.55,33.03,32.52,32.97,6.03M
28/12/2018,33.21,33.52,33.07,33.36,5.26M
31/12/2018,33.44,33.5,33.16,33.34,3.11M
02/01/2019,32.76,33.03,32.74,32.94,4.33M
03/01/2019,32.43,32.45,32.16,32.27,4.87M
04/01/2019,32.62,33.3,32.59,33.3,9.36M
07/01/2019,33.03,33.03,32.76,32.82,5.14M
08/01/2019,32.82,32.99,32.77,32.92,2.73M
09/01/2019,32.83,33.02,32.79,32.92,3.00M
10/01/2019,32.73,32.98,32.64,32.97,3.17M
11/01/2019,32.57,32.82,32.57,32.74,2.88M
14/01/2019,32.34,32.48,32.22,32.28,6.16M
15/01/2019,32.7,32.79,32.55,32.6,5.15M
16/01/2019,32.63,32.98,32.63,32.9,3.73M
17/01/2019,32.7,33.04,32.7,33.01,3.68M
18/01/2019,32.81,32.85,32.7,32.76,5.22M
22/01/2019,32.57,32.6,32.41,32.52,5.04M
23/01/2019,32.45,32.59,32.36,32.56,2.27M
24/01/2019,32.66,32.91,32.66,32.85,4.10M
25/01/2019,32.57,32.72,32.53,32.66,4.17M
28/01/2019,31.91,32.13,31.86,32.07,4.78M
29/01/2019,32.07,32.14,31.93,32.03,3.39M
30/01/2019,31.93,32.39,31.78,32.3,8.17M
31/01/2019,32.58,32.83,32.51,32.8,4.36M
01/02/2019,32.65,32.68,32.45,32.48,4.75M
04/02/2019,32.35,32.62,32.35,32.53,3.82M
05/02/2019,32.62,32.83,32.62,32.82,4.03M
06/02/2019,33.05,33.14,32.86,32.95,4.47M
07/02/2019,33.06,33.27,33.05,33.22,5.95M
08/02/2019,32.7,32.72,32.54,32.64,3.87M
11/02/2019,32.57,32.66,32.43,32.44,2.77M
12/02/2019,32.69,32.8,32.63,32.75,3.29M
13/02/2019,32.39,32.44,32.11,32.19,3.05M
14/02/2019,32.17,32.37,32.02,32.29,2.74M
15/02/2019,32.02,32.09,31.87,31.92,3.71M
19/02/2019,31.47,31.71,31.4,31.65,3.57M
20/02/2019,32.08,32.2,31.96,32.07,4.95M
21/02/2019,32.19,32.22,32.04,32.15,2.57M
22/02/2019,32.41,32.49,32.3,32.43,2.79M
25/02/2019,32.76,32.92,32.62,32.85,5.52M
26/02/2019,32.46,32.77,32.44,32.68,4.21M
27/02/2019,32.44,32.5,32.29,32.41,5.34M
28/02/2019,32.61,32.75,32.54,32.69,5.89M
01/03/2019,32.8,32.86,32.55,32.56,5.71M
04/03/2019,32.55,32.67,32.31,32.45,4.03M
05/03/2019,33.17,33.5,33.1,33.48,9.42M
06/03/2019,33.71,33.82,33.68,33.75,4.96M
07/03/2019,33.74,33.74,33.38,33.41,6.01M
08/03/2019,33.43,33.51,33.31,33.44,5.16M
11/03/2019,34.16,34.42,34.11,34.39,5.33M
12/03/2019,34.53,34.67,34.49,34.64,3.10M
13/03/2019,34.72,34.76,34.48,34.55,5.18M
14/03/2019,34.63,34.7,34.53,34.69,2.71M
15/03/2019,34.97,35.23,34.88,35.08,5.32M
18/03/2019,35.27,35.47,35.25,35.45,4.10M
19/03/2019,35.44,35.48,35.33,35.39,3.77M
20/03/2019,35.32,35.84,35.21,35.66,6.32M
21/03/2019,35.44,35.56,35.35,35.54,4.27M
22/03/2019,34.96,35.03,34.65,34.68,5.95M
25/03/2019,34.66,34.75,34.56,34.6,4.02M
26/03/2019,35.06,35.1,34.84,34.94,4.33M
27/03/2019,34.75,34.83,34.52,34.62,5.04M
28/03/2019,35.03,35.17,34.97,35.12,4.85M
29/03/2019,35.34,35.4,35.13,35.25,3.15M
01/04/2019,35.55,35.67,35.48,35.61,5.13M
02/04/2019,35.88,35.9,35.72,35.81,3.40M
03/04/2019,35.74,35.94,35.73,35.92,3.96M
04/04/2019,35.44,35.63,35.42,35.52,4.32M
05/04/2019,35.68,35.81,35.61,35.76,4.48M
08/04/2019,35.26,35.36,35.23,35.31,3.37M
09/04/2019,35.5,35.59,35.46,35.55,1.64M
10/04/2019,35.42,35.53,35.41,35.47,3.34M
11/04/2019,35.47,35.5,35.36,35.41,2.01M
12/04/2019,35.42,35.48,35.38,35.41,2.94M
15/04/2019,35.51,35.58,35.41,35.54,2.47M
16/04/2019,35.69,35.77,35.66,35.71,2.38M
17/04/2019,35.89,35.96,35.78,35.86,3.31M
18/04/2019,35.74,35.84,35.64,35.79,2.90M
22/04/2019,35.06,35.09,34.94,35.02,2.34M
23/04/2019,35.01,35.13,34.97,35.05,2.70M
24/04/2019,35.31,35.34,35.06,35.1,4.27M
25/04/2019,34.91,35.08,34.87,35.05,3.06M
26/04/2019,35.32,35.54,35.29,35.52,2.96M
29/04/2019,35.48,35.58,35.48,35.57,3.59M
30/04/2019,35.53,35.6,35.33,35.51,4.13M
01/05/2019,35.56,35.76,35.37,35.4,3.99M
02/05/2019,35.34,35.4,35.17,35.24,3.78M
03/05/2019,35.52,35.63,35.44,35.58,2.14M
06/05/2019,34.98,35.13,34.89,35.06,3.22M
07/05/2019,34.46,34.47,34.11,34.21,4.39M
08/05/2019,34.05,34.1,33.89,33.93,4.74M
09/05/2019,33.5,33.62,33.23,33.5,6.27M
10/05/2019,33.54,33.63,33.27,33.57,5.88M
13/05/2019,32.84,32.87,32.63,32.68,5.59M
14/05/2019,33.25,33.45,33.16,33.4,5.80M
15/05/2019,33.03,33.21,32.97,33.2,3.94M
16/05/2019,33.51,33.73,33.48,33.61,5.30M
17/05/2019,33.81,33.87,33.69,33.72,3.92M
20/05/2019,35.2,35.33,35.11,35.21,6.96M
21/05/2019,34.94,35.15,34.79,35.15,7.50M
22/05/2019,35,35.1,34.97,35,7.29M
23/05/2019,34.74,35.02,34.66,34.93,5.10M
24/05/2019,35.44,35.52,35.34,35.44,5.01M
28/05/2019,35.62,35.71,35.56,35.62,7.85M
29/05/2019,35.41,35.42,35.23,35.37,8.24M
30/05/2019,35.5,35.71,35.44,35.71,4.06M
31/05/2019,35.56,36,35.52,35.98,9.73M
03/06/2019,36.35,36.46,36.3,36.38,7.94M
04/06/2019,36.22,36.29,36.01,36.28,5.06M
05/06/2019,36.19,36.2,35.95,35.99,5.83M
06/06/2019,35.69,35.79,35.61,35.7,4.85M
07/06/2019,35.74,36.02,35.73,35.81,3.88M
10/06/2019,35.76,35.83,35.63,35.78,6.03M
11/06/2019,35.93,36.01,35.86,35.89,3.62M
12/06/2019,35.83,35.87,35.71,35.72,3.33M
13/06/2019,35.71,35.74,35.54,35.61,4.41M
14/06/2019,35.31,35.31,35.13,35.14,4.32M
17/06/2019,34.46,34.64,34.44,34.64,2.74M
18/06/2019,34.77,35.03,34.73,34.98,4.96M
19/06/2019,34.71,34.93,34.61,34.76,4.71M
20/06/2019,35.29,35.45,35.1,35.16,6.32M
21/06/2019,34.83,34.91,34.77,34.85,4.45M
24/06/2019,34.79,34.89,34.77,34.82,3.70M
25/06/2019,35.12,35.16,34.95,34.98,4.54M
26/06/2019,35.31,35.4,35.24,35.33,4.56M
27/06/2019,35.48,35.54,35.41,35.48,4.14M
28/06/2019,35.33,35.34,35.23,35.3,3.57M
01/07/2019,35.6,35.62,35.47,35.6,2.76M
02/07/2019,35.73,35.85,35.67,35.85,3.45M
03/07/2019,35.75,35.84,35.71,35.78,2.36M
05/07/2019,35.31,35.36,35.13,35.35,3.24M
08/07/2019,34.8,34.89,34.74,34.82,3.41M
09/07/2019,34.69,34.88,34.69,34.84,1.93M
10/07/2019,34.75,34.89,34.69,34.72,3.79M
11/07/2019,34.84,34.84,34.62,34.7,5.78M
12/07/2019,34.71,34.77,34.66,34.72,2.02M
15/07/2019,34.91,34.92,34.84,34.89,1.60M
16/07/2019,35.06,35.12,34.96,35.06,2.67M
17/07/2019,35,35.09,34.92,34.97,1.84M
18/07/2019,34.7,34.95,34.68,34.92,2.87M
19/07/2019,34.35,34.39,34.16,34.17,2.88M
22/07/2019,34.19,34.25,34.13,34.19,2.09M
23/07/2019,34.04,34.05,33.91,33.92,3.32M
24/07/2019,33.78,33.86,33.76,33.83,2.13M
25/07/2019,33.75,33.75,33.56,33.63,3.55M
26/07/2019,33.93,33.97,33.8,33.92,1.59M
29/07/2019,33.68,33.72,33.61,33.66,2.41M
30/07/2019,33.21,33.21,33.02,33.07,3.00M
31/07/2019,33.3,33.35,32.71,33,4.84M
01/08/2019,32.83,33.04,32.43,32.48,7.53M
02/08/2019,32.6,32.62,32.33,32.42,3.47M
05/08/2019,31.73,31.74,31.25,31.35,5.96M
06/08/2019,31.97,32.04,31.68,31.92,6.40M
07/08/2019,31.45,31.74,31.21,31.72,4.57M
08/08/2019,32.39,32.63,32.35,32.63,5.70M
09/08/2019,32.46,32.49,32.24,32.36,3.34M
12/08/2019,32.2,32.31,32.14,32.17,3.17M
13/08/2019,31.62,32.18,31.53,32.03,4.69M
14/08/2019,31.79,31.88,31.57,31.6,4.26M
15/08/2019,31.62,31.72,31.5,31.67,3.86M
16/08/2019,32.08,32.31,32.01,32.18,2.99M
19/08/2019,32.13,32.23,31.94,31.94,2.04M
20/08/2019,31.91,32,31.85,31.89,1.81M
21/08/2019,31.8,31.82,31.66,31.74,2.41M
22/08/2019,31.18,31.18,30.93,31.01,4.55M
23/08/2019,31.87,32.12,31.57,31.66,9.38M
26/08/2019,31.97,32.18,31.87,32.16,5.69M
27/08/2019,32.45,32.54,32.3,32.35,6.17M
28/08/2019,32.1,32.11,31.98,32.03,7.53M
29/08/2019,31.97,32.05,31.84,31.96,3.15M
30/08/2019,32.19,32.2,31.97,32.18,6.04M
03/09/2019,31.16,31.39,31.1,31.37,3.18M
04/09/2019,31.44,31.62,31.39,31.58,6.32M
05/09/2019,31.74,31.8,31.65,31.69,5.28M
06/09/2019,31.97,32.09,31.94,32,2.53M
09/09/2019,32.07,32.19,32.02,32.12,2.18M
10/09/2019,31.92,32.12,31.9,32.06,2.24M
11/09/2019,32.24,32.4,32.19,32.4,5.53M
12/09/2019,32.41,32.55,32.28,32.36,3.55M
13/09/2019,32.66,32.75,32.59,32.72,3.57M
16/09/2019,32.21,32.23,31.89,31.94,4.03M
17/09/2019,31.68,31.98,31.56,31.96,3.66M
18/09/2019,32.02,32.02,31.72,31.89,3.55M
19/09/2019,31.55,31.59,31.39,31.41,3.76M
20/09/2019,33.16,33.35,33.07,33.2,11.74M
23/09/2019,33.64,33.99,33.56,33.97,11.07M
24/09/2019,33.88,33.89,33.59,33.6,6.27M
25/09/2019,33.26,33.41,33.2,33.32,6.14M
26/09/2019,33.67,33.7,33.51,33.54,6.80M
27/09/2019,33.77,33.77,33.38,33.46,5.96M
30/09/2019,33.48,33.6,33.45,33.57,3.47M
01/10/2019,32.98,32.98,32.74,32.78,4.87M
02/10/2019,32.6,32.7,32.52,32.64,4.87M
03/10/2019,32.8,33.02,32.79,32.99,4.89M
04/10/2019,32.69,32.83,32.6,32.77,4.45M
07/10/2019,32.5,32.56,32.37,32.39,4.39M
08/10/2019,32.2,32.24,32.07,32.18,3.15M
09/10/2019,32.7,32.73,32.58,32.63,3.71M
10/10/2019,32.63,32.86,32.6,32.76,2.55M
11/10/2019,32.96,33.03,32.86,32.93,5.71M
14/10/2019,32.83,32.88,32.78,32.79,1.60M
15/10/2019,32.94,33.14,32.9,33.07,5.03M
16/10/2019,33.18,33.25,33.16,33.24,3.49M
17/10/2019,33.59,33.74,33.58,33.66,5.88M
18/10/2019,33.9,34.04,33.9,34.03,4.84M
21/10/2019,33.9,34,33.8,33.97,4.58M
22/10/2019,33.75,33.93,33.75,33.77,5.28M
23/10/2019,33.88,34,33.87,33.98,3.02M
24/10/2019,33.88,33.92,33.76,33.8,3.60M
25/10/2019,33.82,34.12,33.81,34.07,6.25M
28/10/2019,34.15,34.23,34.08,34.15,3.02M
29/10/2019,34.55,34.59,34.49,34.53,2.98M
30/10/2019,34.68,34.85,34.54,34.84,4.14M
31/10/2019,34.83,34.84,34.59,34.65,5.80M
01/11/2019,34.91,35.13,34.9,35.06,5.19M
04/11/2019,35.08,35.14,34.95,34.97,3.64M
05/11/2019,35.02,35.02,34.81,34.91,2.82M
06/11/2019,34.97,35.05,34.88,35,4.50M
07/11/2019,35.08,35.15,34.96,34.98,4.90M
08/11/2019,34.5,34.56,34.39,34.42,4.32M
11/11/2019,34.24,34.38,34.24,34.34,1.26M
12/11/2019,34.27,34.27,34.11,34.12,2.75M
13/11/2019,33.97,33.97,33.82,33.87,3.08M
14/11/2019,33.9,33.98,33.85,33.95,1.88M
15/11/2019,34.22,34.25,34.15,34.17,2.47M
18/11/2019,34.09,34.13,34.02,34.06,2.49M
19/11/2019,34.34,34.36,34.15,34.23,2.16M
20/11/2019,34.37,34.52,34.35,34.45,3.59M
21/11/2019,34.37,34.37,34.26,34.28,2.58M
22/11/2019,34.2,34.27,34.15,34.2,1.85M
25/11/2019,34.77,34.92,34.71,34.91,3.58M
26/11/2019,34.78,34.82,34.68,34.79,5.31M
27/11/2019,34.95,35.07,34.87,35.06,4.05M
29/11/2019,34.55,34.62,34.45,34.46,3.40M
02/12/2019,34.61,34.71,34.58,34.71,3.46M
03/12/2019,34.46,34.48,34.31,34.37,3.96M
04/12/2019,34.71,34.83,34.71,34.81,4.15M
05/12/2019,34.71,34.83,34.7,34.78,4.04M
06/12/2019,34.46,34.52,34.36,34.42,5.11M
09/12/2019,34.53,34.65,34.53,34.65,2.39M
10/12/2019,34.53,34.55,34.43,34.47,3.68M
11/12/2019,34.62,34.85,34.62,34.83,2.95M
12/12/2019,34.73,35.09,34.73,35.02,4.85M
13/12/2019,35.2,35.26,35.09,35.2,5.63M
16/12/2019,34.94,35.06,34.91,34.94,3.46M
17/12/2019,35.22,35.26,35.14,35.26,5.50M
18/12/2019,35.3,35.36,35.24,35.24,5.24M
19/12/2019,35.37,35.43,35.32,35.39,3.25M
20/12/2019,35.51,35.54,35.45,35.45,3.37M
23/12/2019,35.4,35.4,35.32,35.36,3.71M
24/12/2019,35.29,35.35,35.17,35.23,1.78M
26/12/2019,35.13,35.14,35.03,35.06,1.56M
27/12/2019,35.41,35.45,35.24,35.3,2.51M
30/12/2019,35.37,35.41,35.18,35.18,2.23M
31/12/2019,35.01,35.17,34.96,35.15,2.82M
02/01/2020,35.48,35.59,35.41,35.58,3.88M
03/01/2020,35.13,35.16,34.97,34.98,4.08M
06/01/2020,34.44,34.62,34.37,34.57,4.52M
07/01/2020,34.52,34.63,34.48,34.52,2.94M
08/01/2020,34.7,35.11,34.65,34.98,6.04M
09/01/2020,35.41,35.48,35.36,35.45,5.25M
10/01/2020,35.66,35.75,35.6,35.61,4.29M
13/01/2020,35.73,36.09,35.73,36.09,2.48M
14/01/2020,36.02,36.05,35.9,36.02,4.89M
15/01/2020,36.06,36.1,35.92,35.96,3.70M
16/01/2020,36,36.05,35.92,35.95,2.52M
17/01/2020,36.06,36.18,36.04,36.18,2.51M
21/01/2020,35.62,35.66,35.38,35.39,4.25M
22/01/2020,35.46,35.51,35.4,35.49,2.99M
23/01/2020,35.38,35.51,35.24,35.44,4.02M
24/01/2020,35.79,35.79,35.55,35.59,2.52M
27/01/2020,35.18,35.37,35.1,35.15,3.68M
28/01/2020,35.22,35.38,35.18,35.32,4.12M
29/01/2020,35.36,35.4,35.27,35.36,2.78M
30/01/2020,34.68,34.97,34.67,34.91,4.82M
31/01/2020,34.55,34.59,34.31,34.49,5.42M
03/02/2020,34,34.16,33.95,34.04,4.91M
04/02/2020,34.85,35.01,34.85,34.87,6.43M
05/02/2020,35.32,35.41,35.15,35.16,2.94M
06/02/2020,35.57,35.57,35.39,35.43,4.30M
07/02/2020,35.13,35.2,35.04,35.05,2.43M
10/02/2020,35.06,35.27,35.06,35.24,2.05M
11/02/2020,35.46,35.58,35.41,35.47,2.82M
12/02/2020,35.57,35.7,35.55,35.69,2.90M
13/02/2020,35.5,35.58,35.35,35.38,5.85M
14/02/2020,35.39,35.4,35.1,35.11,5.07M
18/02/2020,35,35.07,34.88,34.89,4.61M
19/02/2020,35.35,35.42,35.27,35.29,3.07M
20/02/2020,35.03,35.1,34.83,34.86,3.96M
21/02/2020,34.8,34.95,34.76,34.82,2.44M
24/02/2020,33.83,34.04,33.72,33.87,7.11M
25/02/2020,34.27,34.31,33.68,33.73,8.67M
26/02/2020,33.94,34.09,33.77,33.79,7.61M
27/02/2020,33.37,33.53,33.17,33.2,8.12M
28/02/2020,31.72,32.3,31.52,32.19,19.09M
02/03/2020,31.62,32.1,31.5,32.04,14.31M
03/03/2020,32.02,32.64,31.83,31.96,13.30M
04/03/2020,31.98,32.07,31.79,31.99,8.40M
05/03/2020,31.8,31.91,30.55,30.74,13.96M
06/03/2020,30.67,30.85,30.43,30.67,9.20M
09/03/2020,28.43,29.23,28.43,29,11.76M
10/03/2020,29.67,29.98,29.2,29.95,9.85M
11/03/2020,29.33,29.48,28.62,28.63,14.43M
12/03/2020,26,26.12,24.14,25.11,14.64M
13/03/2020,28.16,28.68,26.88,28.31,9.43M
16/03/2020,25.16,25.9,23.14,23.94,9.58M
17/03/2020,25.25,26.33,24.92,26.33,9.99M
18/03/2020,23.7,24.73,23.15,23.35,10.04M
19/03/2020,23.06,23.16,22.36,22.81,12.32M
20/03/2020,24.04,24.13,22.86,23.07,17.72M
23/03/2020,21.4,21.65,20.48,20.5,19.05M
24/03/2020,21.63,21.97,20.84,21.63,11.41M
25/03/2020,22.41,23.5,22.38,23.28,10.20M
26/03/2020,24.52,25.27,24.4,25.27,10.11M
27/03/2020,23.64,24.15,23.44,23.74,8.07M
30/03/2020,23.29,23.6,22.99,23.6,7.67M
31/03/2020,24.09,24.47,23.87,24.11,10.30M
01/04/2020,22.83,22.91,22.33,22.33,7.73M
02/04/2020,22.71,23.15,22.48,22.91,9.12M
03/04/2020,22.61,22.69,21.92,22.01,4.75M
06/04/2020,22.99,23.68,22.92,23.67,8.11M
07/04/2020,25.15,25.17,24.28,24.36,6.57M
08/04/2020,24.53,25.18,24.52,25.18,5.53M
09/04/2020,25.67,25.95,25.33,25.46,7.64M
13/04/2020,25.27,25.34,24.93,25.23,4.26M
14/04/2020,25.88,26.28,25.8,25.98,6.04M
15/04/2020,24.98,25.03,24.72,24.74,6.06M
16/04/2020,25.21,25.3,24.95,25.01,8.91M
17/04/2020,26.02,26.1,25.76,25.93,8.72M
20/04/2020,25.64,25.85,25.39,25.47,5.00M
21/04/2020,24.75,24.97,24.65,24.67,4.42M
22/04/2020,25.95,25.96,25.78,25.96,6.37M
23/04/2020,26.39,26.66,26.04,26.11,4.45M
24/04/2020,25.78,25.84,25.55,25.76,5.22M
27/04/2020,26.12,26.65,26.1,26.62,7.74M
28/04/2020,26.88,26.88,26.48,26.55,3.48M
29/04/2020,27.13,27.68,27.04,27.66,6.01M
30/04/2020,27.66,27.76,27.05,27.05,4.81M
01/05/2020,26.42,26.51,26,26.22,5.32M
02/05/2020,26.22,26.22,26.22,26.22,
03/05/2020,26.22,26.22,26.22,26.22,
04/05/2020,26.32,26.6,26.21,26.6,4.67M
05/05/2020,26.32,26.45,26.08,26.08,5.88M
06/05/2020,26.1,26.13,25.65,25.71,3.93M
07/05/2020,26.12,26.27,26.02,26.18,4.21M
08/05/2020,26.41,26.73,26.36,26.73,3.44M
09/05/2020,26.73,26.73,26.73,26.73,
10/05/2020,26.73,26.73,26.73,26.73,
11/05/2020,26.3,26.47,26.24,26.24,3.15M
12/05/2020,26.61,28.05,26.61,27.38,10.99M
13/05/2020,27.11,27.12,26.4,26.52,6.31M
14/05/2020,25.87,26.57,25.47,26.55,6.60M
15/05/2020,25.89,26.09,25.82,25.99,4.66M
18/05/2020,25.78,26.32,25.77,26.3,7.03M
19/05/2020,25.79,25.83,25.56,25.56,4.64M
20/05/2020,26.31,26.47,26.2,26.32,5.01M
21/05/2020,26.39,26.51,26.14,26.2,6.38M
22/05/2020,26.14,26.18,25.95,26.12,3.03M
26/05/2020,26.25,26.42,26.06,26.1,4.03M
27/05/2020,26.52,26.52,26.16,26.5,4.39M
28/05/2020,27.05,27.16,26.77,26.82,6.53M
29/05/2020,27.19,27.49,27.06,27.49,9.63M
01/06/2020,28,28.21,27.82,28.19,6.38M
02/06/2020,28.64,28.89,28.49,28.85,8.87M
03/06/2020,28.79,29.02,28.71,28.99,5.23M
04/06/2020,28.68,28.86,28.45,28.54,5.55M
05/06/2020,29.1,29.4,29.07,29.23,5.38M
07/06/2020,29.23,29.23,29.23,29.23,
08/06/2020,29.06,29.29,28.86,29.29,2.91M
09/06/2020,28.77,28.88,28.55,28.8,3.65M
10/06/2020,28.95,29.04,28.6,29.02,4.11M
11/06/2020,27.82,27.89,26.76,26.77,17.10M
12/06/2020,28.21,28.3,27.71,28.24,12.43M
15/06/2020,27.75,28.32,27.62,28.21,6.18M
16/06/2020,28.31,28.38,27.54,27.72,8.98M
17/06/2020,28.03,28.23,27.88,27.97,6.46M
18/06/2020,28.16,28.32,28.09,28.22,4.44M
19/06/2020,28.88,28.88,28.48,28.66,8.04M
22/06/2020,29.12,29.43,29.09,29.36,4.52M
23/06/2020,29.74,29.9,29.59,29.64,2.91M
24/06/2020,29.29,29.32,28.88,28.95,4.48M
25/06/2020,29.03,29.33,29.02,29.33,4.52M
26/06/2020,29.23,29.29,28.93,29.05,4.01M
29/06/2020,29.04,29.25,28.97,29.21,3.79M
30/06/2020,29.18,29.2,28.88,29.02,4.06M
01/07/2020,29.21,29.71,29.21,29.67,5.35M
02/07/2020,30.27,30.61,30.26,30.37,6.34M
04/07/2020,30.37,30.37,30.37,30.37,
05/07/2020,30.37,30.37,30.37,30.37,
06/07/2020,30.97,31.09,30.88,31.01,2.94M
07/07/2020,30.96,31.14,30.79,30.83,4.77M
08/07/2020,30.5,30.79,30.43,30.73,4.72M
09/07/2020,30.94,30.99,30.55,30.77,3.56M
10/07/2020,30.75,30.81,30.62,30.77,2.19M
11/07/2020,30.77,30.77,30.77,30.77,
12/07/2020,30.77,30.77,30.77,30.77,
13/07/2020,30.98,31.21,30.77,30.81,3.97M
14/07/2020,30.21,30.62,30.1,30.59,4.57M
15/07/2020,30.73,30.87,30.66,30.75,2.65M
16/07/2020,30.81,31.01,30.78,31,3.50M
17/07/2020,31.53,31.61,31.36,31.51,3.31M
20/07/2020,31.69,31.98,31.63,31.95,3.47M
21/07/2020,32.18,32.28,32.1,32.13,3.00M
22/07/2020,32.16,32.2,31.98,32.14,2.35M
23/07/2020,32.15,32.27,31.92,31.96,2.74M
24/07/2020,32.08,32.3,32.03,32.21,3.41M
25/07/2020,32.21,32.21,32.21,32.21,
26/07/2020,32.21,32.21,32.21,32.21,
27/07/2020,32.19,32.46,32.15,32.45,4.18M
28/07/2020,32.62,32.72,32.51,32.56,2.35M
29/07/2020,32.47,32.63,32.4,32.57,3.84M
30/07/2020,32.36,32.36,31.91,32.2,4.80M
31/07/2020,32.33,32.35,31.77,31.94,4.80M
02/08/2020,31.94,31.94,31.94,31.94,
03/08/2020,31.75,31.92,31.68,31.81,6.12M
04/08/2020,32.11,32.4,32.11,32.38,3.76M
05/08/2020,32.39,32.66,32.39,32.53,2.85M
06/08/2020,32.66,32.85,32.63,32.84,2.70M
07/08/2020,32.67,32.8,32.56,32.72,2.43M
08/08/2020,32.72,32.72,32.72,32.72,
09/08/2020,32.72,32.72,32.72,32.72,
10/08/2020,32.96,33.09,32.86,33.06,2.24M
11/08/2020,33.19,33.22,32.82,32.87,2.93M
12/08/2020,33.06,33.26,33.05,33.22,2.79M
13/08/2020,33.08,33.17,32.97,33.01,1.84M
14/08/2020,32.8,33,32.76,32.93,1.30M
17/08/2020,33.11,33.24,33.01,33.19,2.09M
18/08/2020,33.44,33.49,33.21,33.47,3.34M
19/08/2020,33.39,33.39,33.08,33.11,2.22M
20/08/2020,32.81,33.23,32.76,33.17,2.54M
21/08/2020,33.02,33.16,32.92,33.09,3.80M
23/08/2020,33.09,33.09,33.09,33.09,
24/08/2020,33.66,33.68,33.47,33.6,3.15M
25/08/2020,33.56,33.66,33.46,33.66,1.87M
26/08/2020,33.71,33.88,33.68,33.88,3.30M
27/08/2020,34,34.25,33.81,33.96,4.49M
28/08/2020,34.45,34.57,34.39,34.57,4.08M
30/08/2020,34.57,34.57,34.57,34.57,
31/08/2020,33.52,33.52,33.21,33.37,6.37M
01/09/2020,33.92,34.03,33.84,33.98,5.08M
02/09/2020,33.92,34.07,33.73,34.07,4.24M
03/09/2020,33.98,34.1,33.5,33.6,5.90M
04/09/2020,33.5,33.73,33.12,33.43,6.35M
08/09/2020,33.06,33.27,32.87,32.99,7.39M
09/09/2020,33.43,33.67,33.43,33.6,3.05M
10/09/2020,34.13,34.2,33.67,33.72,4.66M
11/09/2020,34.05,34.12,33.82,33.89,3.15M
13/09/2020,33.89,33.89,33.89,33.89,
14/09/2020,34.13,34.31,34.13,34.28,3.64M
15/09/2020,34.28,34.45,34.28,34.39,2.28M
16/09/2020,34.5,34.84,34.49,34.56,5.41M
17/09/2020,34.27,34.54,34.21,34.54,3.10M
18/09/2020,34.46,34.47,34.24,34.28,3.27M
21/09/2020,33.57,33.8,33.34,33.79,5.45M
22/09/2020,33.53,33.55,33.2,33.44,3.16M
23/09/2020,33.18,33.21,32.88,32.91,4.01M
24/09/2020,32.1,32.61,32.05,32.42,6.15M
25/09/2020,32.9,33.09,32.67,33.06,4.14M
26/09/2020,33.06,33.06,33.06,33.06,
27/09/2020,33.06,33.06,33.06,33.06,
28/09/2020,33.58,33.66,33.45,33.57,2.86M
29/09/2020,33.53,33.7,33.52,33.6,3.20M
30/09/2020,33.82,34.02,33.78,33.86,4.21M
01/10/2020,34.25,34.38,34.08,34.36,3.84M
02/10/2020,33.79,34.21,33.75,34.08,2.96M
03/10/2020,34.08,34.08,34.08,34.08,
04/10/2020,34.08,34.08,34.08,34.08,
05/10/2020,34.56,34.74,34.53,34.72,3.40M
06/10/2020,34.99,35.03,34.73,34.79,4.37M
07/10/2020,35.15,35.23,35.11,35.14,6.99M
08/10/2020,35.23,35.34,35.16,35.21,6.32M
09/10/2020,35.5,35.63,35.34,35.59,2.86M
12/10/2020,35.34,35.53,35.3,35.42,2.85M
13/10/2020,35.25,35.25,35.07,35.15,6.28M
14/10/2020,35.48,35.64,35.38,35.45,3.29M
15/10/2020,34.55,34.78,34.54,34.76,4.41M
16/10/2020,34.81,34.93,34.73,34.83,2.54M
19/10/2020,35.03,35.15,34.86,34.92,2.29M
20/10/2020,35.06,35.22,34.99,35.04,3.15M
21/10/2020,34.89,35.13,34.87,35.01,3.04M
22/10/2020,34.95,34.95,34.69,34.81,5.26M
23/10/2020,34.92,35.03,34.75,34.99,2.59M
26/10/2020,34.32,34.46,34.18,34.28,5.08M
27/10/2020,34.59,34.66,34.45,34.54,3.91M
28/10/2020,33.9,33.99,33.51,33.54,6.90M
29/10/2020,33.61,33.79,33.42,33.62,6.33M
30/10/2020,33.77,33.8,33.38,33.59,3.93M
02/11/2020,33.46,33.71,33.39,33.69,3.80M
03/11/2020,33.83,33.98,33.78,33.94,4.06M
04/11/2020,34.4,35.03,34.28,34.84,4.76M
05/11/2020,35.15,35.3,35.07,35.29,3.38M
06/11/2020,35.42,35.65,35.38,35.61,3.49M
09/11/2020,36.87,36.9,36.33,36.45,11.32M
10/11/2020,35.95,36.09,35.83,35.99,3.37M
11/11/2020,36.04,36.21,36.02,36.21,4.51M
12/11/2020,35.9,36.02,35.66,35.75,3.57M
13/11/2020,36.06,36.38,36.06,36.35,2.33M
16/11/2020,36.73,36.76,36.52,36.74,3.42M
17/11/2020,36.44,36.73,36.42,36.68,3.57M
18/11/2020,36.81,36.86,36.59,36.61,2.78M
19/11/2020,36.38,36.53,36.3,36.48,1.92M
20/11/2020,36.57,36.6,36.45,36.49,1.84M
23/11/2020,36.82,36.83,36.55,36.61,2.99M
24/11/2020,37,37.26,36.93,37.22,6.20M
25/11/2020,36.68,36.92,36.67,36.84,2.83M
27/11/2020,37.05,37.05,36.85,36.98,9.70M
30/11/2020,36.77,36.77,36.41,36.48,6.04M
01/12/2020,37.41,37.66,37.31,37.62,3.71M
02/12/2020,37.42,37.59,37.31,37.51,3.24M
03/12/2020,37.74,37.88,37.62,37.67,2.39M
04/12/2020,37.88,38.03,37.82,38.03,2.18M
07/12/2020,38.26,38.45,38.24,38.31,1.85M
08/12/2020,38.39,38.41,38.22,38.41,3.87M
09/12/2020,38.67,38.67,38.19,38.38,3.00M
10/12/2020,38.34,38.65,38.28,38.65,2.77M
11/12/2020,38.57,38.62,38.45,38.53,2.37M
14/12/2020,38.77,38.78,38.44,38.47,6.06M
15/12/2020,38.72,39.08,38.65,39.05,5.81M
16/12/2020,39.03,39.12,38.92,39,4.34M
17/12/2020,39.2,39.31,39.15,39.29,4.39M
18/12/2020,39.35,39.44,39.28,39.33,4.66M
21/12/2020,37.82,38.12,37.76,38,5.29M
22/12/2020,38.4,38.45,38.23,38.3,5.96M
23/12/2020,38.99,39.03,38.91,38.96,4.91M
24/12/2020,39.23,39.37,39.23,39.36,2.92M
28/12/2020,39.76,39.78,39.58,39.72,4.54M
29/12/2020,39.84,39.98,39.74,39.87,6.58M
30/12/2020,40.11,40.22,40.06,40.1,6.49M
31/12/2020,40.22,40.26,39.96,40.22,4.12M
04/01/2021,40.85,40.9,40.31,40.31,4.33M
05/01/2021,40.76,41.04,40.73,41.04,3.57M
06/01/2021,40.62,41.1,40.62,40.91,4.33M
07/01/2021,40.71,40.85,40.67,40.72,1.91M
08/01/2021,41.49,41.68,41.28,41.68,3.82M
11/01/2021,41.39,41.53,41.31,41.45,1.97M
12/01/2021,41.75,41.91,41.66,41.82,2.49M
13/01/2021,42.02,42.02,41.6,41.66,2.44M
14/01/2021,41.79,41.96,41.75,41.8,2.91M
15/01/2021,41.24,41.3,40.97,40.99,7.74M
19/01/2021,41.47,41.47,41.12,41.13,3.51M
20/01/2021,41.9,42,41.76,41.99,4.32M
21/01/2021,41.8,41.88,41.66,41.8,2.04M
22/01/2021,41.11,41.52,41.08,41.35,3.66M
25/01/2021,40.79,40.81,40.4,40.67,5.01M
26/01/2021,40.56,40.7,40.49,40.66,3.00M
27/01/2021,40,40.14,39.77,39.81,5.93M
28/01/2021,40.14,40.52,40.05,40.42,3.57M
29/01/2021,39.46,39.46,38.98,39.14,5.38M
01/02/2021,40.59,40.75,40.44,40.72,6.17M
02/02/2021,41.49,41.71,41.33,41.69,3.37M
03/02/2021,41.86,42.13,41.78,42.01,3.03M
04/02/2021,42.04,42.21,41.89,42.21,2.49M
05/02/2021,42.18,42.29,42.01,42.21,2.09M
08/02/2021,42.59,42.78,42.53,42.68,2.35M
09/02/2021,42.47,42.68,42.45,42.53,4.10M
10/02/2021,42.84,42.85,42.41,42.54,5.08M
11/02/2021,43,43.07,42.83,43,2.57M
12/02/2021,43,43.1,42.92,43.01,1.62M
16/02/2021,43.05,43.11,42.87,42.92,2.20M
17/02/2021,42.91,43.13,42.81,43.1,2.50M
18/02/2021,42.79,42.97,42.64,42.96,2.26M
19/02/2021,42.78,42.92,42.66,42.73,3.03M
22/02/2021,41.9,42.17,41.79,41.92,3.85M
23/02/2021,42.12,42.42,41.83,42.36,4.34M
24/02/2021,42.55,42.78,42.28,42.78,3.40M
25/02/2021,42.75,42.93,41.99,42.04,5.82M
26/02/2021,40.9,41.15,40.52,41.03,10.01M
01/03/2021,41.68,42.12,41.66,42.04,4.18M
02/03/2021,42.6,42.6,42.22,42.44,4.28M
03/03/2021,43.02,43.18,42.77,42.79,5.27M
04/03/2021,43,43.33,42.23,42.37,6.63M
05/03/2021,42.68,42.79,42.08,42.59,5.17M
08/03/2021,42.65,42.78,42.25,42.25,4.62M
09/03/2021,42.89,43.24,42.78,43.1,3.55M
10/03/2021,43.22,43.24,42.95,43.24,3.67M
11/03/2021,43.57,43.84,43.51,43.79,3.85M
12/03/2021,42.82,42.98,42.76,42.87,4.82M
15/03/2021,42.54,42.8,42.41,42.73,2.99M
16/03/2021,43.05,43.12,42.91,43.08,3.75M
17/03/2021,42.11,42.85,42.05,42.53,4.38M
18/03/2021,41.52,41.73,41.36,41.37,5.33M
19/03/2021,42.23,42.49,42.04,42.46,6.36M
22/03/2021,42.57,42.75,42.27,42.55,3.09M
23/03/2021,42.55,42.66,42.27,42.28,2.73M
24/03/2021,41.88,42.01,41.79,41.84,2.95M
25/03/2021,41.15,41.58,41.11,41.51,4.53M
26/03/2021,41.9,42.55,41.69,42.52,4.99M
29/03/2021,42.15,42.25,41.95,42.05,3.51M
30/03/2021,42.06,42.1,41.81,41.97,4.08M
31/03/2021,41.86,42.2,41.86,42.18,2.65M
01/04/2021,42.45,42.5,42.28,42.38,4.12M
05/04/2021,42.02,42.02,41.64,41.95,5.02M
06/04/2021,41.89,42.1,41.86,42.06,2.56M
07/04/2021,41.79,41.8,41.55,41.69,4.51M
08/04/2021,42.05,42.05,41.88,41.95,2.39M
09/04/2021,41.77,41.83,41.6,41.69,2.93M
12/04/2021,40.38,40.38,40.07,40.16,3.17M
13/04/2021,40.44,40.58,40.24,40.44,5.91M
14/04/2021,40.92,41.15,40.79,40.91,4.07M
15/04/2021,41,41.11,40.78,41.1,8.01M
16/04/2021,41.21,41.28,41.03,41.19,4.65M
19/04/2021,40.35,40.38,40.07,40.17,5.90M
20/04/2021,39.88,39.99,39.39,39.53,10.71M
21/04/2021,39.21,39.69,39.13,39.61,4.64M
22/04/2021,40.19,40.29,39.68,39.8,3.74M
23/04/2021,40.11,40.16,39.92,40.05,5.53M
26/04/2021,40.34,40.66,40.26,40.64,5.00M
27/04/2021,41.08,41.1,40.95,41.09,3.07M
28/04/2021,41.45,41.81,41.23,41.57,5.69M
29/04/2021,41.76,41.77,41.38,41.69,4.71M
30/04/2021,41.25,41.39,40.94,41.02,5.92M
03/05/2021,41.39,41.64,41.38,41.52,4.53M
04/05/2021,40.94,41.03,40.65,40.97,5.40M
05/05/2021,41.62,41.74,41.55,41.68,3.79M
06/05/2021,41.93,42.25,41.8,42.2,5.64M
07/05/2021,42.49,42.77,42.32,42.74,4.06M
10/05/2021,42.74,42.74,42.3,42.33,3.20M
11/05/2021,42,42.49,42,42.41,3.07M
12/05/2021,41.99,42.03,41.3,41.3,6.47M
13/05/2021,41.67,41.98,41.63,41.91,4.23M
14/05/2021,42.16,42.51,42.09,42.44,3.67M
17/05/2021,42.68,42.92,42.55,42.87,4.24M
18/05/2021,43.15,43.33,43.13,43.15,2.45M
19/05/2021,42.78,43.25,42.78,43.2,3.92M
20/05/2021,43.13,43.24,43.09,43.2,2.51M
21/05/2021,43.54,43.54,43.04,43.09,3.80M
24/05/2021,43.39,43.69,43.35,43.6,2.28M
25/05/2021,43.66,43.74,43.52,43.57,2.81M
26/05/2021,43.91,44.16,43.83,44.07,2.86M
27/05/2021,44.27,44.37,44.16,44.25,3.89M
28/05/2021,44.28,44.49,44.24,44.28,3.31M
01/06/2021,44.77,44.78,44.61,44.68,3.33M
02/06/2021,44.8,45.06,44.74,45.03,4.19M
03/06/2021,44.84,45.05,44.79,44.97,3.22M
04/06/2021,45.35,45.39,45.27,45.38,1.93M
07/06/2021,45.43,45.44,45.24,45.39,2.71M
08/06/2021,45.42,45.44,45.19,45.33,2.36M
09/06/2021,45.14,45.25,45.11,45.14,4.40M
10/06/2021,45.3,45.41,45.19,45.31,2.96M
11/06/2021,45.38,45.38,45.1,45.21,2.88M
14/06/2021,45.21,45.38,45.16,45.2,1.56M
15/06/2021,45.25,45.25,44.97,45.01,1.90M
16/06/2021,44.92,45.09,44.37,44.5,4.16M
17/06/2021,44.36,44.49,44.19,44.36,4.24M
18/06/2021,44.15,44.15,43.9,43.98,3.23M
21/06/2021,44.32,44.61,44.21,44.58,1.87M
22/06/2021,44.36,44.52,44.26,44.46,2.56M
23/06/2021,44.37,44.53,44.23,44.25,2.01M
24/06/2021,44.5,44.5,44.31,44.43,2.08M
25/06/2021,44.64,44.65,44.37,44.46,2.08M
28/06/2021,44.57,44.62,44.48,44.6,1.87M
29/06/2021,44.36,44.49,44.2,44.46,1.61M
30/06/2021,44.2,44.3,44.08,44.25,3.53M
01/07/2021,44.18,44.22,43.87,44.11,2.02M
02/07/2021,44.3,44.41,44.1,44.39,1.65M
03/07/2021,44.39,44.39,44.39,44.39,
04/07/2021,44.39,44.39,44.39,44.39,
05/07/2021,44.39,44.39,44.39,44.39,
06/07/2021,44.16,44.23,43.85,43.99,2.47M
07/07/2021,44.28,44.34,44.03,44.23,2.00M
08/07/2021,43.84,44.02,43.79,43.9,3.05M
09/07/2021,44.21,44.35,44.15,44.33,2.10M
12/07/2021,44.17,44.37,44.09,44.35,1.46M
13/07/2021,44.21,44.4,44.14,44.18,1.51M
14/07/2021,44.57,44.57,44.32,44.45,1.83M
15/07/2021,44.48,44.62,44.45,44.55,2.44M
16/07/2021,44.47,44.56,44.18,44.23,1.86M
19/07/2021,43.84,43.99,43.69,43.81,3.47M
20/07/2021,43.73,44.16,43.67,44.1,1.96M
21/07/2021,43.83,44.21,43.83,44.18,4.08M
22/07/2021,44.46,44.56,44.38,44.44,3.54M
23/07/2021,44.53,44.55,44.28,44.52,2.56M
26/07/2021,44.59,44.83,44.52,44.81,3.47M
27/07/2021,44.26,44.38,44.06,44.28,4.15M
28/07/2021,44.29,44.48,44.07,44.42,3.81M
29/07/2021,44.62,44.67,44.51,44.63,2.47M
30/07/2021,44.55,44.79,44.55,44.69,2.48M
02/08/2021,44.95,44.99,44.76,44.76,3.00M
03/08/2021,45.46,45.81,45.38,45.81,2.21M
04/08/2021,45.77,45.81,45.63,45.66,1.68M
05/08/2021,45.7,46.02,45.7,46.01,2.10M
06/08/2021,45.71,45.71,45.59,45.67,1.98M
07/08/2021,45.67,45.67,45.67,45.67,
08/08/2021,45.67,45.67,45.67,45.67,
09/08/2021,45.69,45.69,45.39,45.42,2.05M
10/08/2021,45.53,45.53,45.31,45.44,1.84M
11/08/2021,45.77,45.79,45.62,45.79,1.79M
12/08/2021,45.8,45.88,45.66,45.85,1.40M
13/08/2021,46.16,46.24,45.99,46.22,3.24M
16/08/2021,46.28,46.48,46.16,46.48,3.04M
17/08/2021,46.37,46.42,46.14,46.36,3.04M
18/08/2021,46.31,46.43,45.94,45.96,2.97M
19/08/2021,45.53,45.92,45.53,45.78,2.72M
20/08/2021,45.9,46.32,45.81,46.29,1.98M
23/08/2021,46.35,46.47,46.28,46.36,1.81M
24/08/2021,46.66,46.72,46.56,46.64,2.69M
25/08/2021,46.58,46.66,46.51,46.64,2.00M
26/08/2021,46.62,46.7,46.54,46.56,1.39M
27/08/2021,47.1,47.62,47.05,47.57,3.16M
30/08/2021,48.08,48.14,47.99,48.01,1.83M
31/08/2021,48.72,48.73,48.57,48.6,6.35M
01/09/2021,48.75,48.96,48.75,48.87,3.91M
02/09/2021,49.21,49.29,49.12,49.19,3.22M
03/09/2021,49.5,49.73,49.44,49.7,2.81M
07/09/2021,49.22,49.44,49.2,49.39,3.05M
08/09/2021,49.21,49.22,48.84,49.02,2.02M
09/09/2021,49.37,49.37,49.16,49.3,2.58M
10/09/2021,49.43,49.49,49.24,49.29,2.02M
13/09/2021,49.37,49.39,49.2,49.38,3.20M
14/09/2021,49.55,49.55,49.22,49.31,1.99M
15/09/2021,49.76,49.91,49.62,49.88,2.55M
16/09/2021,49.77,49.94,49.62,49.94,2.81M
17/09/2021,49.62,49.63,49.18,49.29,4.09M
20/09/2021,48.96,49.09,48.63,48.88,3.78M
21/09/2021,49.3,49.33,49.11,49.22,2.85M
22/09/2021,49.43,49.8,49.32,49.56,4.09M
23/09/2021,50.04,50.11,49.95,50.06,3.88M
24/09/2021,49.82,50.03,49.82,49.91,2.63M
27/09/2021,49.78,50.02,49.64,49.9,3.03M
28/09/2021,49.33,49.35,48.93,49.01,3.59M
29/09/2021,49.1,49.1,48.88,48.97,2.73M
30/09/2021,48.94,49.05,48.65,48.69,4.60M
01/10/2021,49,49.23,48.78,49.15,3.38M
04/10/2021,49.33,49.39,48.77,48.91,3.72M
05/10/2021,49.44,49.58,49.38,49.49,2.01M
06/10/2021,48.7,49.05,48.53,49.01,3.77M
07/10/2021,49.42,49.46,49.25,49.3,1.87M
08/10/2021,49.54,49.54,49.05,49.26,2.32M
11/10/2021,49.18,49.29,49.1,49.12,1.68M
12/10/2021,49.32,49.48,49.26,49.33,2.40M
13/10/2021,50.07,50.1,49.79,49.97,2.92M
14/10/2021,50.35,50.45,50.2,50.41,2.69M
15/10/2021,50.45,50.66,50.39,50.49,4.28M
18/10/2021,50.35,50.56,50.32,50.53,2.59M
19/10/2021,50.4,50.4,50.17,50.33,2.56M
20/10/2021,50.26,50.26,50.07,50.17,2.30M
21/10/2021,49.71,49.88,49.6,49.83,4.20M
22/10/2021,49.45,49.6,49.15,49.39,5.33M
25/10/2021,49.46,49.46,49.19,49.37,2.70M
26/10/2021,49.99,49.99,49.84,49.88,4.10M
27/10/2021,49.69,49.83,49.62,49.66,2.66M
28/10/2021,49,49.19,48.99,49.14,4.31M
29/10/2021,48.71,48.88,48.5,48.84,5.12M
01/11/2021,49.25,49.46,49.12,49.44,3.06M
02/11/2021,49.48,49.55,49.34,49.47,3.06M
03/11/2021,49.5,49.68,49.3,49.64,1.97M
04/11/2021,49.72,49.72,49.51,49.63,1.42M
05/11/2021,50,50.03,49.85,49.99,2.26M
08/11/2021,50.57,50.8,50.48,50.69,2.29M
09/11/2021,50.43,50.43,50.13,50.24,2.35M
10/11/2021,50.3,50.44,49.96,50,1.98M
11/11/2021,50.14,50.3,50.13,50.17,2.98M
12/11/2021,50.77,50.85,50.63,50.78,2.01M
15/11/2021,50.81,50.81,50.62,50.63,2.45M
16/11/2021,50.27,50.34,50.15,50.26,2.33M
17/11/2021,50.23,50.23,49.98,50.13,1.26M
18/11/2021,49.73,49.83,49.52,49.78,2.47M
19/11/2021,49.78,49.85,49.54,49.56,2.67M
22/11/2021,48.8,48.96,48.61,48.62,3.32M
23/11/2021,49.11,49.27,49.06,49.24,4.06M
24/11/2021,48.7,48.73,48.49,48.62,3.03M
26/11/2021,47.57,47.6,46.89,47.17,4.07M
29/11/2021,47.52,47.52,47.1,47.38,4.40M
30/11/2021,47.75,47.88,47.28,47.52,4.83M
01/12/2021,48.2,48.32,47.59,47.59,5.46M
02/12/2021,48.37,48.72,48.37,48.56,5.39M
03/12/2021,48.03,48.05,47.58,47.73,5.45M
06/12/2021,47,47.22,46.99,47.14,3.07M
07/12/2021,47.74,48.01,47.73,47.99,4.02M
08/12/2021,48.4,48.51,48.35,48.45,3.15M
09/12/2021,48.21,48.4,48.18,48.33,1.67M
10/12/2021,48.42,48.57,48.4,48.52,3.61M
13/12/2021,45.4,45.4,44.78,44.78,5.97M
14/12/2021,44.81,44.91,44.67,44.78,7.15M
15/12/2021,44.47,44.66,44.07,44.66,5.47M
16/12/2021,44.76,44.83,44.52,44.6,4.40M
17/12/2021,44.15,44.15,43.84,43.98,2.50M
20/12/2021,43.4,43.65,43.29,43.63,4.37M
21/12/2021,44.03,44.16,43.93,44.12,2.37M
22/12/2021,44.54,44.78,44.39,44.76,3.94M
23/12/2021,44.96,45.17,44.88,45.1,2.06M
27/12/2021,45.09,45.38,45.05,45.36,1.25M
28/12/2021,45.55,45.68,45.46,45.49,1.95M
29/12/2021,45.74,45.78,45.44,45.78,3.56M
30/12/2021,45.76,45.94,45.74,45.78,2.63M
31/12/2021,46.1,46.26,45.79,45.84,2.50M
03/01/2022,46.52,46.63,46.27,46.58,2.63M
04/01/2022,46.79,46.98,46.73,46.77,1.91M
05/01/2022,47.16,47.22,46.64,46.69,3.41M
06/01/2022,46.74,46.96,46.6,46.75,2.54M
07/01/2022,47.04,47.18,46.78,47.13,2.86M
10/01/2022,47.27,47.38,47.07,47.33,3.31M
11/01/2022,47.58,48.17,47.55,48.16,5.96M
12/01/2022,48.34,48.58,48.34,48.5,2.65M
13/01/2022,48.43,48.54,48.27,48.3,3.04M
14/01/2022,48,48.22,47.96,48.02,3.15M
18/01/2022,47.5,47.64,47.36,47.44,4.70M
19/01/2022,47.36,47.36,47.04,47.09,4.41M
20/01/2022,47.06,47.26,46.63,46.67,5.79M
21/01/2022,46.48,46.48,45.92,45.94,5.37M
24/01/2022,44.56,44.69,43.72,44.6,7.29M
25/01/2022,45.17,45.29,44.84,45.06,5.69M
26/01/2022,44.93,45.21,44.38,44.52,4.99M
27/01/2022,44.49,44.6,44.17,44.26,3.73M
28/01/2022,44.66,44.81,44.42,44.79,4.34M
31/01/2022,45.33,45.94,45.32,45.87,4.88M
01/02/2022,45.95,45.98,45.48,45.89,3.60M
02/02/2022,46.15,46.26,45.97,46.16,3.45M
03/02/2022,45.22,45.67,45.22,45.53,3.31M
04/02/2022,45.18,45.57,45.07,45.38,2.90M
07/02/2022,44.96,45.17,44.87,44.93,2.91M
08/02/2022,44.91,45.16,44.88,45.09,3.65M
09/02/2022,45.49,45.7,45.4,45.68,2.36M
10/02/2022,45,45.46,44.97,45.06,2.90M
11/02/2022,44.77,44.94,44.12,44.17,4.37M
14/02/2022,43.69,43.69,43.27,43.4,4.28M
15/02/2022,44.77,44.94,44.56,44.92,4.37M
16/02/2022,44.52,45.04,44.51,44.93,2.84M
17/02/2022,44.82,44.85,44.53,44.6,3.30M
18/02/2022,44.77,44.85,44.53,44.6,2.65M
22/02/2022,44.43,44.66,44.13,44.35,6.00M
23/02/2022,44.59,44.61,43.78,43.87,4.94M
24/02/2022,41.46,42.73,41.19,42.68,10.43M
25/02/2022,43.29,44.16,43.22,44.1,6.96M
28/02/2022,43.5,43.9,43.33,43.75,3.96M
01/03/2022,43.21,43.44,42.42,42.61,5.95M
02/03/2022,43.04,43.51,42.84,43.29,4.77M
03/03/2022,42.82,42.92,42.36,42.49,8.75M
04/03/2022,41.7,41.73,41.26,41.5,5.17M
07/03/2022,41.13,41.25,40.08,40.18,7.81M
08/03/2022,40.92,41.52,40.53,40.92,8.74M
09/03/2022,42.26,42.85,42.08,42.61,6.12M
10/03/2022,42.23,42.56,42.1,42.49,4.43M
11/03/2022,42.96,43.07,42.06,42.09,3.88M
14/03/2022,42.88,43.27,42.58,42.78,4.94M
15/03/2022,42.77,43.42,42.66,43.31,7.31M
16/03/2022,43.76,44.42,43.57,44.35,5.54M
17/03/2022,44.35,44.59,44.19,44.43,4.61M
18/03/2022,44.08,44.78,43.98,44.75,6.09M
21/03/2022,43.83,43.99,43.66,43.88,6.13M
22/03/2022,44.35,44.58,44.35,44.41,4.11M
23/03/2022,43.68,43.95,43.56,43.57,4.24M
24/03/2022,44.05,44.32,43.93,44.27,4.07M
25/03/2022,43.99,44.28,43.97,44.25,2.63M
28/03/2022,44.26,44.6,44.26,44.6,1.96M
29/03/2022,45.24,45.42,45.16,45.38,3.07M
30/03/2022,45.13,45.19,44.83,44.87,7.83M
31/03/2022,44.9,44.97,44.54,44.57,4.64M
01/04/2022,45.22,45.41,45.13,45.41,4.95M
04/04/2022,46.28,46.52,46.15,46.44,3.42M
05/04/2022,46.24,46.33,45.9,45.98,4.15M
06/04/2022,45.77,45.78,45.38,45.58,5.39M
07/04/2022,45.39,45.69,45.29,45.51,6.28M
08/04/2022,45.84,46.08,45.75,45.86,4.39M
11/04/2022,45.7,45.85,45.47,45.52,3.53M
12/04/2022,45.43,45.51,45.04,45.09,3.85M
13/04/2022,44.92,45.08,44.76,45.01,2.81M
14/04/2022,44.91,45,44.66,44.66,1.77M
18/04/2022,44.75,44.88,44.62,44.68,3.29M
19/04/2022,44,44.22,43.79,44.18,3.47M
20/04/2022,44.62,44.79,44.43,44.72,6.62M
21/04/2022,45.29,45.3,44.63,44.7,4.68M
22/04/2022,44.57,44.65,44.13,44.2,4.62M
25/04/2022,43.98,44.27,43.77,44.2,4.73M
26/04/2022,44.35,44.46,43.82,43.86,6.85M
27/04/2022,43.79,44.19,43.72,43.94,6.35M
28/04/2022,44.32,44.63,44.08,44.57,5.19M
29/04/2022,44.06,44.26,43.6,43.64,5.78M
02/05/2022,43.8,44.01,43.44,43.89,5.45M
03/05/2022,43.81,43.94,43.61,43.94,3.69M
04/05/2022,43.11,43.94,42.88,43.86,6.03M
05/05/2022,43.22,43.22,42.26,42.62,6.30M
06/05/2022,42.1,42.3,41.76,42.1,3.73M
09/05/2022,41.63,41.73,41.31,41.37,4.49M
10/05/2022,41.49,41.53,40.76,41.05,5.18M
11/05/2022,41.05,41.32,40.59,40.61,4.29M
12/05/2022,40.34,40.71,40.13,40.42,4.28M
13/05/2022,40.16,40.53,40.1,40.47,8.14M
16/05/2022,40.29,40.44,40.2,40.29,3.20M
17/05/2022,41.46,41.56,41.19,41.52,5.85M
18/05/2022,41.17,41.32,40.39,40.5,5.43M
19/05/2022,40.46,40.99,40.42,40.77,5.43M
20/05/2022,41.2,41.25,40.35,40.96,4.02M
23/05/2022,41.12,41.37,40.98,41.27,2.67M
24/05/2022,40.78,41.03,40.52,40.94,3.49M
25/05/2022,40.33,40.78,40.32,40.72,5.33M
26/05/2022,40.75,41.17,40.72,41.08,3.01M
27/05/2022,41.22,41.37,41.15,41.36,3.47M
31/05/2022,41.86,41.88,41.41,41.43,12.57M
01/06/2022,41.72,41.79,41.28,41.44,4.60M
02/06/2022,41.87,42.4,41.8,42.37,3.33M
03/06/2022,41.59,41.65,41.31,41.37,3.58M
06/06/2022,41.67,41.77,41.29,41.4,2.52M
07/06/2022,41.16,41.51,41.15,41.45,2.29M
08/06/2022,41.16,41.24,40.96,40.99,2.81M
09/06/2022,41.16,41.22,40.71,40.73,4.71M
10/06/2022,40.39,40.47,40.19,40.25,5.67M
13/06/2022,39.62,39.84,39.42,39.51,4.99M
14/06/2022,39.75,39.82,39.54,39.7,4.08M
15/06/2022,39.63,40.24,39.56,40.01,4.48M
16/06/2022,38.95,39.05,38.76,38.88,4.49M
17/06/2022,38.69,38.97,38.58,38.78,6.05M
21/06/2022,39.56,39.71,39.47,39.63,3.95M
22/06/2022,38.87,39.15,38.76,38.95,3.66M
23/06/2022,39.18,39.42,39.1,39.37,2.99M
24/06/2022,39.49,39.96,39.49,39.94,4.79M
27/06/2022,39.68,39.76,39.54,39.63,3.77M
28/06/2022,39.6,39.65,39.12,39.14,3.05M
29/06/2022,39.36,39.5,39.28,39.39,4.21M
30/06/2022,39.02,39.46,38.92,39.37,4.14M
01/07/2022,39.16,39.5,39.15,39.48,2.05M
05/07/2022,39.04,39.51,38.98,39.49,2.59M
06/07/2022,39.99,40.26,39.85,40.15,3.84M
07/07/2022,40.17,40.47,40.17,40.3,2.44M
08/07/2022,40.15,40.38,40.02,40.2,1.74M
11/07/2022,40.07,40.22,39.89,40.08,2.99M
12/07/2022,39.87,40.16,39.84,39.97,2.84M
13/07/2022,39.34,39.71,39.24,39.53,3.55M
14/07/2022,39.26,39.69,39.1,39.68,2.78M
15/07/2022,40.11,40.25,39.9,40.21,2.32M
18/07/2022,40.29,40.4,39.97,40,1.93M
19/07/2022,40.59,40.81,40.54,40.74,2.29M
20/07/2022,40.69,40.69,39.82,40.31,7.60M
21/07/2022,40.83,41.3,40.83,41.29,10.32M
22/07/2022,41.13,41.34,40.95,41.12,1.78M
25/07/2022,41,41.13,40.9,41.07,3.32M
26/07/2022,40.71,40.78,40.47,40.51,1.64M
27/07/2022,41.1,41.46,40.93,41.37,2.01M
28/07/2022,41.67,42.06,41.63,42.04,1.89M
29/07/2022,42.3,42.72,42.18,42.67,3.08M
01/08/2022,42.82,43.17,42.78,42.99,2.08M
02/08/2022,43.2,43.47,43.13,43.28,4.36M
03/08/2022,43.07,43.33,42.95,43.25,3.11M
04/08/2022,42.97,43.11,42.91,43.05,2.35M
05/08/2022,42.7,42.89,42.59,42.81,1.94M
08/08/2022,43.17,43.31,43.04,43.11,2.99M
09/08/2022,43.05,43.08,42.91,42.94,1.69M
10/08/2022,43.64,43.77,43.43,43.75,1.80M
11/08/2022,43.41,43.58,43.21,43.26,2.53M
12/08/2022,43.47,43.73,43.37,43.71,2.03M
15/08/2022,43.62,43.77,43.61,43.7,989.53K
16/08/2022,43.9,44.14,43.87,44.09,1.98M
17/08/2022,44.1,44.23,44.05,44.09,2.91M
18/08/2022,44.07,44.07,43.83,43.99,1.61M
19/08/2022,43.43,43.49,43.22,43.3,2.05M
22/08/2022,42.96,42.96,42.66,42.7,1.79M
23/08/2022,43.1,43.39,43.1,43.15,2.38M
24/08/2022,43.26,43.45,43.22,43.36,1.22M
25/08/2022,42.96,43.17,42.89,43.16,1.58M
26/08/2022,43.37,43.41,42.58,42.61,2.38M
29/08/2022,42.7,42.86,42.6,42.69,1.88M
30/08/2022,43.65,43.76,43.15,43.26,1.85M
31/08/2022,43.25,43.31,42.98,43.02,3.77M
01/09/2022,43.22,43.3,42.92,43.3,3.57M
02/09/2022,43.24,43.39,42.84,42.87,1.63M
06/09/2022,43.1,43.22,42.87,42.91,2.64M
07/09/2022,43.17,43.65,43.06,43.61,2.80M
08/09/2022,43.5,43.82,43.38,43.79,2.35M
09/09/2022,43.66,43.78,43.62,43.77,1.31M
12/09/2022,44.22,44.48,44.14,44.42,2.50M
13/09/2022,43.85,43.95,43.44,43.5,3.75M
14/09/2022,44.22,44.24,43.88,44.08,1.84M
15/09/2022,43.8,43.92,43.55,43.61,2.24M
16/09/2022,42.96,43.15,42.9,43.13,4.54M
19/09/2022,43.28,43.59,43.28,43.56,2.35M
20/09/2022,43.57,43.57,43.28,43.42,1.88M
21/09/2022,43.14,43.46,42.87,42.93,2.84M
22/09/2022,42.76,42.76,42.38,42.49,3.04M
23/09/2022,41.82,41.87,41.44,41.58,4.15M
26/09/2022,41.11,41.16,40.75,40.83,2.60M
27/09/2022,41.16,41.21,40.63,40.72,4.41M
28/09/2022,40.8,41.42,40.71,41.36,4.73M
29/09/2022,40.63,40.76,40.21,40.46,3.16M
30/09/2022,41,41.23,40.75,40.78,3.10M
03/10/2022,40.74,41.07,40.58,40.97,3.36M
04/10/2022,41.61,41.85,41.51,41.72,4.67M
05/10/2022,41.47,41.72,41.33,41.62,1.42M
06/10/2022,41.24,41.37,41.07,41.08,2.10M
07/10/2022,40.88,40.98,40.33,40.4,3.51M
10/10/2022,41,41.03,40.72,40.85,4.09M
11/10/2022,40.37,40.72,40.28,40.38,3.39M
12/10/2022,40.52,40.62,40.39,40.54,2.00M
13/10/2022,39.93,40.93,39.74,40.81,3.11M
14/10/2022,40.99,40.99,40.29,40.32,2.20M
17/10/2022,41.1,41.34,41.03,41.22,2.20M
18/10/2022,41.48,41.51,40.97,41.13,1.82M
19/10/2022,40.79,40.95,40.65,40.74,1.49M
20/10/2022,41.32,41.67,41.11,41.14,2.12M
21/10/2022,41.17,41.78,41.07,41.73,2.13M
24/10/2022,41.49,41.77,41.4,41.77,1.48M
25/10/2022,41.49,41.89,41.49,41.85,2.73M
26/10/2022,42,42.5,41.97,42.27,3.14M
27/10/2022,41.92,42.2,41.8,41.84,2.27M
28/10/2022,41.88,42.34,41.84,42.34,2.84M
31/10/2022,42.05,42.27,41.99,42.2,1.78M
01/11/2022,42.69,42.73,42.42,42.42,2.43M
02/11/2022,42.16,42.56,41.89,41.92,2.97M
03/11/2022,41.9,42.28,41.9,42.17,2.35M
04/11/2022,42.92,43.09,42.69,43.06,4.43M
07/11/2022,43.05,43.19,42.94,43.11,2.64M
08/11/2022,43.25,43.54,43.23,43.46,2.31M
09/11/2022,43.13,43.18,42.79,42.83,2.52M
10/11/2022,43.82,44.01,43.45,44.01,4.06M
11/11/2022,43.8,44.03,43.69,44.03,2.85M
14/11/2022,43.57,43.73,43.39,43.48,2.15M
15/11/2022,44.09,44.1,43.47,43.66,2.50M
16/11/2022,43.29,43.31,43.08,43.12,1.90M
17/11/2022,42.7,43.01,42.7,42.94,3.91M
18/11/2022,43,43,42.81,42.93,1.87M
21/11/2022,42.7,42.74,42.56,42.61,2.04M
22/11/2022,42.78,42.92,42.78,42.9,1.32M
23/11/2022,42.83,42.9,42.72,42.84,2.28M
25/11/2022,43.32,43.36,43.17,43.27,1.85M
28/11/2022,43.32,43.53,43.14,43.18,1.38M
29/11/2022,43.5,43.61,43.44,43.55,1.46M
30/11/2022,44.19,44.28,43.67,44.24,6.08M
01/12/2022,44.43,44.47,44.13,44.23,2.75M
02/12/2022,43.84,44.04,43.74,44,1.92M
05/12/2022,43.55,43.64,43.35,43.45,2.61M
06/12/2022,43.39,43.4,43.06,43.14,2.08M
07/12/2022,43.23,43.31,43.13,43.23,1.82M
08/12/2022,43.26,43.51,43.26,43.35,1.65M
09/12/2022,43.01,43.01,42.78,42.78,1.86M
12/12/2022,42.88,42.95,42.72,42.95,2.40M
13/12/2022,43.53,43.64,43.13,43.21,4.71M
14/12/2022,43.2,43.28,42.86,43.06,3.02M
15/12/2022,42.6,42.6,42.13,42.28,5.20M
16/12/2022,42.16,42.4,42.1,42.2,2.62M
19/12/2022,42.62,42.71,42.44,42.52,1.61M
20/12/2022,42.44,42.65,42.44,42.53,1.37M
21/12/2022,42.06,42.17,41.95,42.13,2.06M
22/12/2022,41.75,41.76,41.36,41.68,2.42M
23/12/2022,41.12,41.2,40.94,41.19,1.91M
27/12/2022,41.91,41.94,41.74,41.79,3.39M
28/12/2022,41.87,42.04,41.77,41.81,3.96M
29/12/2022,42.11,42.32,42,42.23,2.57M
30/12/2022,41.95,42,41.55,41.74,2.73M
03/01/2023,42,42.15,41.81,41.9,1.44M
04/01/2023,41.66,41.92,41.59,41.86,2.33M
05/01/2023,41.69,41.77,41.56,41.56,1.87M
06/01/2023,41.6,42.08,41.49,42.08,2.34M
09/01/2023,42.26,42.46,42.15,42.17,2.24M
10/01/2023,42.14,42.24,42.05,42.16,1.73M
11/01/2023,41.98,42.2,41.95,42.19,1.65M
12/01/2023,42.29,42.49,42.1,42.46,2.03M
13/01/2023,42.2,42.5,42.2,42.46,1.38M
17/01/2023,42.53,42.57,42.42,42.47,4.30M
18/01/2023,42.85,42.85,42.41,42.46,2.56M
19/01/2023,42.49,42.62,42.44,42.51,1.50M
20/01/2023,42.46,42.68,42.35,42.68,1.76M
23/01/2023,42.44,42.63,42.36,42.52,1.82M
24/01/2023,42.32,42.34,42.07,42.13,7.45M
25/01/2023,41.65,41.8,41.5,41.76,4.24M
26/01/2023,41.86,42.26,41.73,41.92,2.20M
27/01/2023,40.93,40.93,40.71,40.85,4.45M
30/01/2023,40.89,41,40.77,40.78,2.48M
31/01/2023,40.85,41,40.74,40.99,2.25M
01/02/2023,40.67,40.68,39.91,40.17,9.06M
02/02/2023,40.21,40.34,39.9,40.19,8.59M
03/02/2023,40.15,40.4,40.01,40.06,3.07M
06/02/2023,39.95,40.03,39.82,40.01,2.69M
07/02/2023,39.84,40.04,39.64,39.94,3.17M
08/02/2023,40.38,40.54,40.26,40.53,4.94M
09/02/2023,40.63,40.65,40.18,40.27,1.69M
10/02/2023,40.32,40.4,40.25,40.34,1.04M
13/02/2023,39.94,40.13,39.93,40.07,1.32M
14/02/2023,39.99,40.24,39.88,40.06,2.37M
15/02/2023,40.29,40.48,40.25,40.48,1.72M
16/02/2023,40.36,40.63,40.3,40.46,1.73M
17/02/2023,40.39,40.45,40.25,40.32,4.34M
21/02/2023,40.07,40.12,39.87,39.87,2.10M
22/02/2023,39.49,39.49,39.28,39.33,2.20M
23/02/2023,39.44,39.52,39.23,39.4,1.84M
24/02/2023,39,39.06,38.89,38.99,3.56M
27/02/2023,39.1,39.15,38.98,38.99,1.85M
28/02/2023,38.9,38.98,38.78,38.8,3.10M
01/03/2023,39.33,39.35,39.14,39.21,2.62M
02/03/2023,39.13,39.43,39.03,39.35,3.95M
03/03/2023,39.93,40.15,39.81,40.09,3.98M
06/03/2023,40.24,40.35,40.13,40.19,2.35M
07/03/2023,40.27,40.27,39.85,39.86,2.27M
08/03/2023,40.19,40.26,40.11,40.23,1.28M
09/03/2023,39.92,39.94,39.56,39.59,4.30M
10/03/2023,39.57,39.68,39.3,39.34,3.29M
13/03/2023,38.81,39.08,38.68,38.72,2.89M
14/03/2023,38.76,38.94,38.68,38.87,1.83M
15/03/2023,37.93,38.06,37.76,38.04,3.30M
16/03/2023,38.11,38.7,38.11,38.7,1.92M
17/03/2023,38.57,38.6,38.31,38.38,3.38M
20/03/2023,38.39,38.58,38.35,38.55,2.34M
21/03/2023,38.71,38.75,38.47,38.63,3.31M
22/03/2023,38.71,39.01,38.52,38.53,2.20M
23/03/2023,38.86,39.04,38.68,38.72,4.27M
24/03/2023,38.37,38.56,38.31,38.55,1.62M
27/03/2023,38.51,38.68,38.47,38.65,2.60M
28/03/2023,38.43,38.49,38.27,38.4,2.78M
29/03/2023,38.59,38.69,38.56,38.66,1.75M
30/03/2023,38.87,38.94,38.78,38.84,1.51M
31/03/2023,39.27,39.39,39.22,39.36,1.56M
03/04/2023,39.3,39.5,39.29,39.49,1.72M
04/04/2023,39.59,39.67,39.51,39.6,1.70M
05/04/2023,39.79,39.82,39.6,39.69,1.04M
06/04/2023,39.82,39.99,39.76,39.95,1.04M
10/04/2023,39.85,39.96,39.79,39.93,1.11M
11/04/2023,40.01,40.13,40.01,40.07,1.63M
12/04/2023,40.38,40.39,40.17,40.2,1.91M
13/04/2023,40.33,40.38,40.26,40.35,1.56M
14/04/2023,40.28,40.37,40.09,40.16,1.85M
17/04/2023,40.04,40.06,39.94,40.02,1.65M
18/04/2023,40.04,40.04,39.84,39.94,1.33M
19/04/2023,39.77,39.85,39.74,39.81,1.15M
20/04/2023,39.84,39.94,39.78,39.86,1.08M
21/04/2023,39.74,39.88,39.65,39.88,1.08M
24/04/2023,40.13,40.2,40.08,40.19,932.58K
25/04/2023,40.25,40.25,40,40.01,1.75M
26/04/2023,40.4,40.45,40.24,40.26,1.20M
27/04/2023,40.65,40.76,40.57,40.75,1.20M
28/04/2023,40.98,41.13,40.98,41.12,1.84M
01/05/2023,41.19,41.28,41.1,41.12,1.38M
02/05/2023,41.15,41.15,40.92,41.06,3.02M
03/05/2023,40.99,41.16,40.92,40.92,1.79M
04/05/2023,41.25,41.33,41.19,41.26,1.66M
05/05/2023,41.17,41.43,41.17,41.4,1.61M
08/05/2023,41.64,41.65,41.48,41.53,1.17M
09/05/2023,41.37,41.49,41.35,41.47,2.37M
10/05/2023,41.73,41.73,41.5,41.71,2.02M
11/05/2023,41.53,41.53,41.33,41.46,2.72M
12/05/2023,41.46,41.47,41.26,41.32,1.50M
15/05/2023,41.52,41.69,41.46,41.66,2.84M
16/05/2023,41.39,41.46,41.28,41.29,1.43M
17/05/2023,41.24,41.29,41.13,41.23,1.64M
18/05/2023,40.86,40.95,40.74,40.93,2.04M
19/05/2023,40.9,40.98,40.81,40.88,1.66M
22/05/2023,41.2,41.3,41.14,41.26,2.83M
23/05/2023,41.27,41.31,41.11,41.13,1.71M
24/05/2023,41.29,41.31,41.15,41.19,1.48M
25/05/2023,41.44,41.45,41.32,41.41,1.98M
26/05/2023,41.78,42.08,41.76,42.02,2.21M
30/05/2023,42.06,42.06,41.74,41.81,2.36M
31/05/2023,41.81,41.82,41.54,41.7,3.30M
01/06/2023,41.81,42.13,41.76,42.13,2.48M
02/06/2023,42.18,42.34,42.15,42.28,2.48M
05/06/2023,42.12,42.17,42.04,42.16,2.34M
06/06/2023,42.12,42.28,42.1,42.26,1.36M
07/06/2023,42.42,42.43,42.27,42.33,1.59M
08/06/2023,42.09,42.23,42.04,42.23,1.94M
09/06/2023,41.99,42.18,41.99,42.11,906.20K
12/06/2023,42.21,42.31,42.17,42.28,1.24M
13/06/2023,42.59,42.68,42.56,42.64,2.36M
14/06/2023,42.79,42.9,42.58,42.78,1.93M
15/06/2023,42.76,43.01,42.7,43.01,3.06M
16/06/2023,43.2,43.22,43.08,43.13,2.35M
20/06/2023,43.11,43.12,42.91,43.01,1.57M
21/06/2023,43.01,43.09,42.92,43.08,1.96M
22/06/2023,42.88,43,42.82,42.96,1.91M
23/06/2023,42.6,42.61,42.46,42.58,2.71M
26/06/2023,42.79,42.82,42.72,42.77,1.27M
27/06/2023,43.02,43.08,42.94,43.02,2.51M
28/06/2023,43.31,43.36,43.19,43.35,2.88M
29/06/2023,43.33,43.39,43.25,43.34,5.01M
30/06/2023,43.59,43.81,43.58,43.7,2.18M
03/07/2023,43.82,43.92,43.75,43.79,2.19M
05/07/2023,43.92,43.92,43.75,43.77,1.60M
06/07/2023,43.73,43.84,43.44,43.58,3.49M
07/07/2023,43.48,43.7,43.46,43.6,1.98M
10/07/2023,43.55,43.68,43.48,43.66,1.47M
11/07/2023,43.92,43.97,43.8,43.97,2.44M
12/07/2023,44.06,44.31,44.06,44.26,3.10M
13/07/2023,44.14,44.21,44.06,44.17,6.16M
14/07/2023,44.35,44.35,44.2,44.26,2.20M
17/07/2023,44.39,44.58,44.36,44.56,2.13M
18/07/2023,44.6,44.6,44.46,44.53,3.88M
19/07/2023,44.76,44.77,44.61,44.65,1.79M
20/07/2023,44.66,44.67,44.51,44.55,2.62M
21/07/2023,44.5,44.51,44.35,44.36,1.57M
24/07/2023,44.44,44.53,44.36,44.53,1.96M
25/07/2023,44.51,44.59,44.5,44.51,1.49M
26/07/2023,44.55,44.78,44.5,44.68,2.89M
27/07/2023,44.64,44.64,44.21,44.23,3.35M
28/07/2023,44.53,44.55,44.46,44.5,1.72M
31/07/2023,44.63,44.76,44.55,44.76,2.61M
01/08/2023,44.59,44.63,44.4,44.48,1.82M
02/08/2023,43.95,43.95,43.63,43.71,3.04M
03/08/2023,43.61,43.71,43.6,43.6,3.24M
04/08/2023,43.97,44.19,43.86,44.03,2.38M
07/08/2023,44.17,44.19,44.05,44.19,1.67M
08/08/2023,44.06,44.06,43.76,43.93,1.60M
09/08/2023,44.11,44.11,43.88,43.94,1.95M
10/08/2023,44.07,44.17,43.81,43.87,1.97M
11/08/2023,43.83,43.83,43.54,43.62,4.40M
14/08/2023,43.34,43.5,43.3,43.47,4.01M
15/08/2023,43.41,43.41,43.18,43.23,3.01M
16/08/2023,43.4,43.59,43.32,43.36,2.68M
17/08/2023,43.4,43.49,43.19,43.2,2.14M
18/08/2023,43.17,43.39,43.13,43.33,3.39M
21/08/2023,43.54,43.65,43.44,43.6,4.12M
22/08/2023,43.76,43.78,43.49,43.51,2.05M
23/08/2023,43.99,44.22,43.96,44.19,2.05M
24/08/2023,43.98,44.01,43.77,43.77,2.26M
25/08/2023,43.7,43.81,43.55,43.76,2.25M
28/08/2023,43.9,43.98,43.85,43.88,2.53M
29/08/2023,43.87,44.19,43.79,44.19,2.63M
30/08/2023,44.15,44.18,44.05,44.13,2.14M
31/08/2023,44.08,44.08,43.9,43.97,3.36M
01/09/2023,44.24,44.35,44.15,44.24,2.10M
05/09/2023,44.45,44.45,44.31,44.35,1.92M
06/09/2023,44.33,44.46,44.15,44.17,1.93M
07/09/2023,44.49,44.58,44.37,44.55,3.54M
08/09/2023,44.89,45.03,44.82,45.02,2.52M
11/09/2023,45.36,45.46,45.26,45.46,2.27M
12/09/2023,45.12,45.15,44.98,45.06,3.52M
13/09/2023,45.15,45.19,45.06,45.11,1.60M
14/09/2023,45.27,45.33,45.2,45.24,2.95M
15/09/2023,45.26,45.26,45.1,45.12,2.48M
18/09/2023,45.1,45.19,45.01,45.17,2.47M
19/09/2023,45.12,45.13,44.97,45,2.79M
20/09/2023,45.07,45.19,44.86,44.88,3.63M
21/09/2023,44.52,44.56,44.42,44.45,4.28M
22/09/2023,44.59,44.68,44.44,44.48,2.60M
25/09/2023,44.5,44.66,44.47,44.63,2.22M
26/09/2023,44.5,44.5,44.31,44.32,2.62M
27/09/2023,44.75,44.77,44.49,44.59,5.16M
28/09/2023,44.19,44.3,44.1,44.25,3.78M
29/09/2023,44.48,44.53,44.15,44.22,4.99M
02/10/2023,44.27,44.29,44.07,44.21,3.69M
03/10/2023,44.13,44.19,43.92,43.95,3.44M
04/10/2023,43.93,43.93,43.73,43.87,3.42M
05/10/2023,44.06,44.22,44.01,44.16,2.17M
06/10/2023,44.22,44.65,44.2,44.58,2.11M
09/10/2023,43.99,44.13,43.83,44.09,2.21M
10/10/2023,44.47,44.67,44.41,44.59,2.82M
11/10/2023,44.73,44.8,44.59,44.68,3.08M
12/10/2023,44.55,44.55,44.26,44.32,4.82M
13/10/2023,44.48,44.63,44.4,44.46,2.35M
16/10/2023,44.63,44.82,44.5,44.76,2.32M
17/10/2023,44.66,44.87,44.61,44.77,2.09M
18/10/2023,44.46,44.46,44.2,44.22,3.55M
19/10/2023,44.36,44.6,44.33,44.33,3.05M
20/10/2023,44.19,44.21,43.98,43.98,2.28M
23/10/2023,43.66,43.73,43.47,43.62,4.23M
24/10/2023,43.63,43.83,43.63,43.75,1.99M
25/10/2023,43.39,43.39,43.13,43.25,2.86M
26/10/2023,42.79,42.88,42.67,42.73,2.97M
27/10/2023,43.23,43.24,42.92,42.96,2.56M
30/10/2023,43.24,43.42,43.22,43.33,2.54M
31/10/2023,43.09,43.3,43.04,43.24,3.26M
01/11/2023,43.12,43.44,43.11,43.4,3.39M
02/11/2023,43.72,43.83,43.66,43.83,2.30M
03/11/2023,43.98,44.19,43.86,44.15,2.60M
06/11/2023,44.21,44.28,44.1,44.19,3.55M
07/11/2023,44.13,44.25,44.04,44.21,2.40M
08/11/2023,44.31,44.36,44.22,44.33,4.49M
09/11/2023,44.29,44.29,44.03,44.04,2.06M
10/11/2023,44.15,44.5,44.15,44.49,3.54M
13/11/2023,44.36,44.49,44.26,44.42,2.94M
14/11/2023,44.69,45.09,44.69,45.08,3.09M
15/11/2023,44.98,45.03,44.87,44.94,3.39M
16/11/2023,44.99,45.06,44.9,44.98,2.46M
17/11/2023,45.06,45.11,45,45.04,1.94M
20/11/2023,44.9,45.06,44.84,45.05,1.60M
21/11/2023,45.04,45.17,45.03,45.06,3.21M
22/11/2023,45.24,45.26,45.15,45.21,1.86M
24/11/2023,45.1,45.19,45.08,45.19,673.45K
27/11/2023,45.16,45.19,45.06,45.09,2.24M
28/11/2023,45.32,45.53,45.32,45.49,2.92M
29/11/2023,45.67,45.78,45.62,45.63,2.53M
30/11/2023,45.89,46.03,45.21,46.02,3.98M
01/12/2023,46.13,46.47,46.04,46.4,3.00M
04/12/2023,46.98,47.01,46.75,46.84,4.11M
05/12/2023,47.14,47.27,47.03,47.27,5.33M
06/12/2023,47.49,47.51,47.27,47.34,3.00M
07/12/2023,47.39,47.46,47.34,47.46,2.12M
08/12/2023,47.3,47.34,47.18,47.31,1.90M
11/12/2023,47.48,47.57,47.42,47.56,2.54M
12/12/2023,47.27,47.4,47.12,47.38,4.21M
13/12/2023,47.45,47.96,47.38,47.96,6.85M
14/12/2023,48.17,48.35,48.1,48.35,4.34M
15/12/2023,48.64,48.64,48.28,48.3,2.94M
18/12/2023,48.44,48.5,48.3,48.46,3.08M
19/12/2023,48.57,48.78,48.52,48.72,5.38M
20/12/2023,47.74,47.79,47.38,47.4,5.57M
21/12/2023,48.04,48.21,47.96,48.16,4.12M
22/12/2023,48.34,48.39,48.23,48.36,2.25M
26/12/2023,48.61,48.61,48.45,48.53,2.23M
27/12/2023,48.9,48.92,48.76,48.84,2.62M
28/12/2023,49.04,49.1,48.99,49.02,2.79M
29/12/2023,48.89,48.94,48.73,48.81,4.50M
02/01/2024,48.68,48.74,48.53,48.67,2.84M
03/01/2024,48.58,48.67,48.45,48.59,2.74M
04/01/2024,48.95,49.16,48.95,49.01,2.34M
05/01/2024,49.25,49.37,49.06,49.09,3.19M
08/01/2024,48.92,49.11,48.78,49.09,2.42M
09/01/2024,48.88,49.04,48.74,48.85,2.78M
10/01/2024,49.15,49.15,49.02,49.15,3.36M
11/01/2024,49.26,49.3,48.94,49.19,2.48M
12/01/2024,49.87,50.2,49.87,49.96,3.27M
16/01/2024,49.88,49.88,49.35,49.4,5.43M
17/01/2024,48.88,48.88,48.7,48.83,4.19M
18/01/2024,49.01,49.15,48.92,49.08,3.68M
19/01/2024,49.55,49.62,49.26,49.59,4.02M
22/01/2024,49.74,49.95,49.6,49.77,3.53M
23/01/2024,48.75,48.78,48.56,48.68,4.54M
24/01/2024,49.26,49.39,49.15,49.2,7.68M
25/01/2024,49.22,49.22,49.03,49.11,4.58M
26/01/2024,49.12,49.38,49.03,49.19,2.13M
29/01/2024,49.84,50.01,49.81,49.98,3.08M
30/01/2024,49.36,49.54,49.3,49.52,4.16M
31/01/2024,49.93,50.12,49.77,49.89,6.99M
01/02/2024,50.08,50.24,49.9,50.23,5.99M
02/02/2024,50.23,50.4,50.04,50.38,3.04M
05/02/2024,50.09,50.19,49.98,50.11,3.86M
06/02/2024,50.69,50.87,50.61,50.78,4.13M
07/02/2024,50.88,50.99,50.76,50.89,3.68M
08/02/2024,50.68,50.68,50.4,50.5,5.48M
09/02/2024,50.64,50.74,50.44,50.72,3.83M
12/02/2024,50.32,50.43,50.13,50.28,4.14M
13/02/2024,50.06,50.17,49.82,49.97,5.28M
14/02/2024,50.78,50.84,50.71,50.81,4.10M
15/02/2024,50.97,51.08,50.87,51.08,4.12M
16/02/2024,51.16,51.3,51.06,51.2,4.39M
20/02/2024,51.61,51.61,51.43,51.56,5.87M
21/02/2024,51.23,51.23,51.01,51.18,4.19M
22/02/2024,51.64,51.73,51.51,51.73,4.21M
23/02/2024,51.83,51.83,51.69,51.8,3.10M
26/02/2024,51.58,51.61,51.5,51.56,2.86M
27/02/2024,51.65,51.65,51.51,51.63,5.57M
28/02/2024,51.09,51.11,50.81,51.06,6.70M
29/02/2024,51.4,51.4,51.1,51.16,8.26M
01/03/2024,51.92,51.98,51.77,51.92,5.00M
04/03/2024,51.98,51.98,51.86,51.91,2.46M
05/03/2024,51.86,51.92,51.68,51.72,3.15M
06/03/2024,52.16,52.16,52.04,52.11,4.72M
07/03/2024,52.19,52.33,52.1,52.29,4.42M
08/03/2024,52.45,52.45,52.23,52.28,2.79M
11/03/2024,52,52,51.81,51.9,5.29M
12/03/2024,51.83,51.83,51.56,51.69,6.04M
13/03/2024,50.7,50.7,50.29,50.43,9.90M
14/03/2024,50.89,51.07,50.65,50.71,5.62M
15/03/2024,50.85,50.85,50.42,50.52,8.61M
18/03/2024,50.8,50.86,50.65,50.7,3.83M
19/03/2024,50.25,50.25,50.01,50.14,5.78M
20/03/2024,50.24,50.48,50.13,50.42,4.26M
21/03/2024,50.81,50.82,50.52,50.53,5.02M
22/03/2024,50.68,50.68,50.45,50.49,3.22M
25/03/2024,50.52,50.6,50.51,50.54,1.71M
26/03/2024,50.87,50.87,50.74,50.76,2.95M
27/03/2024,51.06,51.13,50.97,51.09,3.84M
28/03/2024,51.49,51.61,51.45,51.59,3.73M
01/04/2024,51.85,51.86,51.45,51.49,3.61M
02/04/2024,51.69,51.74,51.54,51.57,3.74M
03/04/2024,51.6,51.78,51.52,51.68,4.57M
04/04/2024,51.9,52,51.54,51.57,4.99M
05/04/2024,51.82,52.08,51.79,52.02,3.75M
08/04/2024,52.28,52.44,52.24,52.38,3.41M
09/04/2024,52.39,52.45,52.17,52.42,5.93M
10/04/2024,52.04,52.25,51.89,52.22,12.11M
11/04/2024,52.17,52.37,51.96,52.35,8.66M
12/04/2024,51.99,52.01,51.6,51.67,5.56M
15/04/2024,51.71,51.82,51.22,51.26,4.70M
16/04/2024,51.18,51.25,51.06,51.15,3.58M
17/04/2024,51.25,51.25,50.91,50.97,7.48M
18/04/2024,50.97,51.16,50.82,51.07,4.47M
19/04/2024,51.1,51.35,51.1,51.33,4.54M
22/04/2024,51.78,51.96,51.71,51.89,3.17M
23/04/2024,51.89,52.04,51.77,52.01,3.85M
24/04/2024,52.01,52.02,51.89,52.01,3.70M
25/04/2024,52.12,52.31,51.93,52.29,5.92M
26/04/2024,52.25,52.33,52.19,52.32,2.62M
29/04/2024,52.46,52.58,52.41,52.53,4.00M
30/04/2024,52.36,52.51,52.33,52.35,3.35M
01/05/2024,52.47,52.63,52.33,52.41,4.16M
02/05/2024,52.77,53.06,52.66,52.98,6.70M
03/05/2024,52.64,52.74,52.52,52.73,5.59M
06/05/2024,52.38,52.52,52.22,52.37,3.90M
07/05/2024,51.8,51.98,51.75,51.91,4.87M
08/05/2024,51.97,52.13,51.97,52.02,5.35M
09/05/2024,51.55,51.61,51.47,51.57,5.79M
10/05/2024,51.65,51.65,51.24,51.37,5.80M
13/05/2024,51.71,51.83,51.71,51.72,3.00M
14/05/2024,52.07,52.17,52.01,52.15,3.64M
15/05/2024,52.25,52.35,52.16,52.33,3.75M
16/05/2024,52.56,52.57,52.49,52.53,3.92M
17/05/2024,52.86,53,52.79,52.97,3.25M
20/05/2024,53.14,53.2,53.05,53.12,3.19M
21/05/2024,53.24,53.31,53.17,53.21,3.57M
22/05/2024,53.32,53.33,53.21,53.29,3.74M
23/05/2024,54.07,54.07,53.73,53.81,6.98M
24/05/2024,54.08,54.15,54.02,54.07,3.94M
28/05/2024,53.75,53.81,53.49,53.56,3.91M
29/05/2024,53.29,53.29,53.2,53.28,3.85M
30/05/2024,53,53.08,52.92,53.03,4.69M
31/05/2024,53.1,53.1,52.73,53.01,7.36M
03/06/2024,54.81,54.86,54.59,54.8,13.61M
04/06/2024,51.01,51.53,50.84,51.46,26.57M
05/06/2024,52.73,53.13,52.7,53.12,11.10M
06/06/2024,53.41,53.43,53.26,53.36,5.54M
07/06/2024,54.19,54.19,53.94,53.99,5.70M
10/06/2024,54.21,54.22,54.06,54.15,3.54M
11/06/2024,54.3,54.3,54.05,54.26,4.05M
12/06/2024,54.79,54.81,54.6,54.67,3.81M
13/06/2024,54.72,54.74,54.51,54.6,4.75M
14/06/2024,54.78,55.2,54.76,55.17,7.03M
17/06/2024,55.22,55.31,55.12,55.25,5.98M
18/06/2024,55.34,55.51,55.32,55.51,2.48M
20/06/2024,55.05,55.08,54.82,54.95,4.73M
21/06/2024,54.93,54.93,54.67,54.69,3.88M
24/06/2024,55.07,55.3,55.02,55.13,3.77M
25/06/2024,55.11,55.22,55.1,55.18,3.27M
26/06/2024,55.34,55.34,55.13,55.22,3.47M
27/06/2024,55.73,55.85,55.72,55.8,3.42M
28/06/2024,55.86,55.92,55.69,55.78,3.30M
01/07/2024,56.04,56.22,56.04,56.18,3.62M
02/07/2024,56.14,56.22,56.01,56.17,4.08M
03/07/2024,56.32,56.47,56.28,56.41,2.89M
05/07/2024,56.74,56.76,56.5,56.66,3.32M
08/07/2024,56.73,56.81,56.61,56.63,3.94M
09/07/2024,56.81,56.92,56.77,56.85,3.23M
10/07/2024,56.75,56.77,56.58,56.74,3.46M
11/07/2024,56.95,56.99,56.83,56.89,3.45M
12/07/2024,56.95,57.19,56.95,57.07,3.73M
15/07/2024,57.14,57.2,57.05,57.16,4.48M
16/07/2024,57.14,57.42,57.06,57.36,4.67M
17/07/2024,57.18,57.22,57.09,57.09,3.05M
18/07/2024,57.28,57.4,57.11,57.15,4.93M
19/07/2024,56.47,56.49,56.15,56.18,5.61M
22/07/2024,56.61,56.73,56.53,56.63,3.63M
23/07/2024,56.18,56.19,55.52,55.75,7.77M
24/07/2024,55.79,55.92,55.44,55.46,8.06M
25/07/2024,55.63,55.95,55.63,55.77,3.78M
26/07/2024,56.88,56.88,56.72,56.82,4.22M
29/07/2024,56.93,56.93,56.71,56.84,3.55M
30/07/2024,56.95,56.96,56.74,56.86,3.38M
31/07/2024,57.15,57.5,57.15,57.42,6.30M
01/08/2024,57.21,57.21,56.71,56.79,5.58M
02/08/2024,56.27,56.41,56.08,56.26,4.92M
05/08/2024,54.47,55.26,54.23,54.86,12.50M
06/08/2024,54.88,55.28,54.82,55.07,4.60M
07/08/2024,55.73,55.79,55.24,55.26,4.46M
08/08/2024,55.5,55.82,55.44,55.77,4.55M
09/08/2024,55.76,55.92,55.57,55.79,3.66M
12/08/2024,55.78,55.83,55.64,55.67,2.65M
13/08/2024,55.34,55.56,55.34,55.53,3.08M
14/08/2024,55.38,55.43,55.26,55.37,2.24M
15/08/2024,55.69,55.95,55.62,55.87,4.42M
16/08/2024,56.19,56.41,56.09,56.37,2.67M
19/08/2024,56.44,56.56,56.38,56.49,1.63M
20/08/2024,56.7,56.76,56.57,56.59,3.96M
21/08/2024,56.85,56.95,56.71,56.92,7.31M
22/08/2024,56.92,56.92,56.72,56.78,3.49M
23/08/2024,56.93,57.13,56.84,57.08,3.14M
26/08/2024,57.33,57.37,57.13,57.19,2.27M
27/08/2024,57.05,57.22,57.03,57.17,2.72M
28/08/2024,57.21,57.24,57.06,57.15,2.50M
29/08/2024,57.22,57.42,57.22,57.27,2.69M
30/08/2024,57.53,57.75,57.49,57.72,5.41M
03/09/2024,57.65,57.65,57.19,57.28,4.13M
04/09/2024,57.41,57.61,57.41,57.55,3.59M
05/09/2024,57.32,57.44,57.21,57.24,3.66M
06/09/2024,56.89,56.94,56.47,56.51,5.97M
09/09/2024,56.91,57.1,56.87,56.95,2.64M
10/09/2024,57.21,57.21,56.95,57.04,3.22M
11/09/2024,57.04,57.15,56.61,57.13,2.29M
12/09/2024,57.56,57.77,57.54,57.76,4.84M
13/09/2024,57.78,57.9,57.71,57.85,3.75M
16/09/2024,58.04,58.14,57.95,58.13,4.50M
17/09/2024,58.14,58.14,57.87,57.96,4.35M
18/09/2024,57.77,58.06,57.64,57.66,4.61M
19/09/2024,57.96,58.17,57.83,58.11,6.90M
20/09/2024,58.65,58.83,58.57,58.74,5.09M
23/09/2024,59.19,59.24,59.06,59.16,2.95M
24/09/2024,59.11,59.12,58.88,58.89,7.12M
25/09/2024,59.13,59.15,58.92,58.94,4.10M
26/09/2024,59.49,59.49,59.1,59.2,4.14M
27/09/2024,59.35,59.37,59.11,59.13,5.77M
30/09/2024,58.58,58.58,58.35,58.53,4.62M
01/10/2024,58.67,58.67,58,58.18,6.26M
02/10/2024,58.22,58.25,57.8,58.01,5.70M
03/10/2024,57.59,57.65,57.31,57.33,5.40M
04/10/2024,57.08,57.21,57,57.1,5.89M
07/10/2024,56.56,56.6,56.05,56.07,8.28M
08/10/2024,57.16,57.19,56.96,57.08,6.19M
09/10/2024,57.25,57.4,57.1,57.34,4.68M
10/10/2024,57.17,57.17,56.97,57.1,3.76M
11/10/2024,57,57.19,56.92,57.19,3.52M
14/10/2024,57.26,57.32,57.17,57.32,2.34M
15/10/2024,57.02,57.19,56.99,57,4.66M
16/10/2024,57.06,57.09,56.94,57.05,1.98M
17/10/2024,56.5,56.52,56.27,56.34,4.60M
18/10/2024,56.73,56.73,56.5,56.56,5.02M
21/10/2024,56.12,56.29,56.06,56.18,8.03M
22/10/2024,55.62,55.74,55.48,55.59,4.04M
23/10/2024,55.5,55.56,55.31,55.46,4.90M
24/10/2024,55.42,55.44,55.31,55.41,4.25M
25/10/2024,54.98,55,54.68,54.71,4.63M
28/10/2024,55,55.2,55,55.17,5.58M
29/10/2024,55.18,55.35,55.18,55.24,3.47M
30/10/2024,55.06,55.14,54.96,54.99,6.48M
31/10/2024,54.92,54.96,54.7,54.82,8.09M
01/11/2024,54.87,55.12,54.82,54.86,5.10M
04/11/2024,54.49,54.53,54.28,54.3,3.94M
05/11/2024,54.6,54.75,54.6,54.75,4.81M
06/11/2024,55.28,55.28,54.96,55.14,8.74M
07/11/2024,55.03,55.03,54.65,54.94,5.22M
08/11/2024,54.51,54.6,54.28,54.36,3.61M
11/11/2024,54.47,54.6,54.47,54.54,2.66M
12/11/2024,53.99,54,53.74,53.81,7.51M
13/11/2024,53.34,53.35,53.07,53.27,7.97M
14/11/2024,53.48,53.51,53.37,53.4,4.82M
15/11/2024,53.4,53.4,52.94,53.02,4.13M
18/11/2024,53.14,53.32,53.14,53.27,5.33M
19/11/2024,53.32,53.65,53.25,53.57,4.93M
20/11/2024,53.74,53.74,53.5,53.63,5.34M
21/11/2024,53.13,53.2,52.89,53.19,6.07M
22/11/2024,53.82,54.24,53.82,54.23,7.40M
25/11/2024,54.82,54.95,54.7,54.88,9.05M
26/11/2024,54.8,54.8,54.62,54.71,3.56M
27/11/2024,54.98,54.99,54.68,54.89,3.60M
29/11/2024,54.51,54.88,54.44,54.78,4.68M
02/12/2024,54.84,54.91,54.71,54.87,3.25M
03/12/2024,54.97,55.08,54.92,55.08,3.64M
04/12/2024,55.08,55.19,55.06,55.17,3.23M
05/12/2024,55.6,55.78,55.55,55.78,4.50M
06/12/2024,55.73,55.85,55.6,55.67,4.92M
09/12/2024,55.66,55.77,55.53,55.55,4.92M
10/12/2024,55.57,55.59,55.44,55.51,3.90M
11/12/2024,55.79,55.79,55.64,55.72,2.27M
12/12/2024,55.43,55.43,55.28,55.3,7.48M
13/12/2024,55.77,55.78,55.56,55.56,4.82M
16/12/2024,55.51,55.66,55.51,55.55,4.72M
17/12/2024,54.6,54.73,54.54,54.57,7.63M
18/12/2024,54.31,54.44,53.53,53.59,7.27M
19/12/2024,54.02,54.02,53.72,53.77,5.98M
20/12/2024,53.14,53.63,53.13,53.42,8.18M
23/12/2024,53.24,53.31,53.06,53.27,5.08M
24/12/2024,53.17,53.39,53.15,53.39,1.59M
26/12/2024,53.17,53.25,53.1,53.25,1.59M
27/12/2024,53,53.12,52.91,53.1,3.24M
30/12/2024,52.74,52.74,52.53,52.65,3.24M
31/12/2024,52.7,52.78,52.58,52.64,2.91M
02/01/2025,53.58,53.68,53.35,53.4,5.79M
03/01/2025,53.31,53.46,53.3,53.37,3.97M
06/01/2025,52.65,52.82,52.56,52.64,5.53M
07/01/2025,52.75,52.83,52.41,52.43,5.84M
08/01/2025,52.34,52.38,52.21,52.33,3.48M
10/01/2025,51.49,51.57,51.15,51.21,5.76M
13/01/2025,50.36,50.65,50.36,50.65,6.52M
14/01/2025,51,51.03,50.78,50.93,4.20M
15/01/2025,51.32,51.42,51.24,51.28,3.91M
16/01/2025,51.24,51.27,51.04,51.05,3.78M
17/01/2025,51.11,51.28,51.02,51.18,5.48M
21/01/2025,50.73,50.87,50.7,50.83,7.08M
22/01/2025,50.68,50.71,50.58,50.62,5.56M
23/01/2025,51.01,51.14,50.96,51.09,4.43M
24/01/2025,50.78,50.78,50.64,50.68,7.54M
27/01/2025,50,50.15,49.91,50.09,6.55M
28/01/2025,50.05,50.18,49.97,50.17,3.21M
29/01/2025,50.57,50.59,50.44,50.52,4.65M
30/01/2025,50.73,51,50.73,50.95,5.89M
31/01/2025,51.21,51.3,50.99,50.99,7.15M
03/02/2025,50.51,50.97,50.51,50.9,4.28M
04/02/2025,51.34,51.5,51.26,51.43,5.38M
05/02/2025,51.26,51.31,51.15,51.28,2.66M
06/02/2025,50.89,50.94,50.79,50.85,5.63M
07/02/2025,50.78,50.84,50.4,50.5,5.70M
10/02/2025,50.41,50.58,50.41,50.58,3.33M
11/02/2025,50.2,50.24,50.08,50.14,4.85M
12/02/2025,49.75,50.01,49.66,49.8,8.69M
13/02/2025,50.03,50.42,49.99,50.39,7.07M
14/02/2025,49.77,49.83,49.57,49.59,5.35M
18/02/2025,49.49,49.69,49.49,49.58,7.32M
19/02/2025,49.62,49.77,49.59,49.76,3.90M
20/02/2025,50.07,50.19,49.93,50.08,5.75M
21/02/2025,49.81,49.81,49.27,49.3,8.22M
24/02/2025,49.22,49.3,49.15,49.26,5.24M
25/02/2025,49.04,49.28,48.99,49.25,9.08M
26/02/2025,49.05,49.26,49.02,49.02,7.36M
27/02/2025,48.72,48.81,48.53,48.55,6.68M
28/02/2025,47.92,48.49,47.65,48.1,7.13M
03/03/2025,48.02,48.32,47.7,47.8,6.51M
04/03/2025,47.81,48.07,47.6,47.85,5.57M
05/03/2025,48.43,48.99,48.43,48.93,11.91M
06/03/2025,49,49.23,48.9,48.94,8.06M
07/03/2025,48.91,49.12,48.73,49.08,5.17M
10/03/2025,48.45,48.53,48.18,48.36,6.24M
11/03/2025,48.77,48.81,48.35,48.66,4.84M
12/03/2025,48.69,48.76,48.53,48.73,6.62M
13/03/2025,48.45,48.58,48.43,48.51,5.91M
14/03/2025,48.84,48.91,48.72,48.91,4.97M
17/03/2025,49.2,49.46,49.12,49.44,3.97M
18/03/2025,49.98,49.98,49.76,49.88,7.21M
19/03/2025,50.45,50.7,50.33,50.61,10.71M
20/03/2025,50.65,50.82,50.53,50.76,4.60M
21/03/2025,51.38,51.52,51.28,51.47,7.84M
24/03/2025,52.07,52.15,52.02,52.12,5.52M
25/03/2025,51.92,52.07,51.71,52.04,11.00M
26/03/2025,51.6,51.66,51.4,51.4,8.79M
27/03/2025,51.83,51.88,51.69,51.79,4.41M
28/03/2025,51.57,51.67,51.23,51.28,7.36M
31/03/2025,50.99,51.52,50.99,51.48,4.23M
01/04/2025,50.86,51.15,50.83,51.05,4.16M
02/04/2025,51.33,51.67,51.32,51.56,6.19M
03/04/2025,51.01,51.36,51.01,51.18,12.19M
04/04/2025,49.7,49.87,49.08,49.19,14.07M
07/04/2025,48.96,49.96,48.67,49.13,16.81M
08/04/2025,50.18,50.18,48.88,49.16,8.87M
09/04/2025,48.9,51.33,48.55,51.22,25.54M
10/04/2025,50.38,50.63,49.72,50.52,10.30M
11/04/2025,50.12,50.78,50.03,50.76,11.18M
14/04/2025,51.37,51.37,50.9,51.03,5.65M
15/04/2025,51.4,51.58,51.03,51.13,18.60M
16/04/2025,51.32,51.63,51.08,51.13,7.20M
17/04/2025,52.05,52.54,52.05,52.26,9.23M
21/04/2025,53.04,53.13,52.71,53,9.55M
22/04/2025,53.45,53.69,53.33,53.5,10.24M
23/04/2025,53.58,53.58,53.12,53.18,7.36M
24/04/2025,53.26,53.77,53.16,53.74,4.29M
25/04/2025,52.6,52.86,52.6,52.85,6.68M
28/04/2025,53.59,53.62,53.12,53.29,7.11M
29/04/2025,53.4,53.56,53.27,53.54,4.08M
30/04/2025,53.46,53.78,53.28,53.57,7.09M
01/05/2025,53.65,53.72,53.49,53.54,5.26M
02/05/2025,54.04,54.12,53.79,53.91,4.99M
05/05/2025,54.34,54.45,54.28,54.32,3.34M
06/05/2025,53.87,53.92,53.66,53.68,5.08M
07/05/2025,53.54,53.64,53.21,53.22,10.84M
08/05/2025,52.38,52.38,51.25,51.54,20.43M
09/05/2025,52.68,52.72,52.15,52.39,12.71M
12/05/2025,54.45,54.45,54.08,54.32,9.39M
13/05/2025,53.67,54.13,53.67,54.01,9.05M
14/05/2025,53.89,54.05,53.85,53.97,9.34M
15/05/2025,54.53,54.78,54.51,54.77,7.62M
16/05/2025,54.54,54.7,54.45,54.66,6.71M
19/05/2025,54.51,54.81,54.5,54.78,4.61M
20/05/2025,54.08,54.18,54.01,54.07,5.68M
21/05/2025,54.18,54.33,54,54.03,5.47M
22/05/2025,53.69,53.86,53.65,53.79,4.06M
23/05/2025,54.3,54.62,54.2,54.58,7.16M
27/05/2025,54.56,54.56,54.38,54.53,4.00M
28/05/2025,54.25,54.33,54.17,54.28,5.57M
29/05/2025,54.45,54.65,54.4,54.59,8.20M
30/05/2025,54.34,54.41,54.09,54.31,10.61M
02/06/2025,54.38,54.56,54.26,54.54,5.67M
03/06/2025,53.97,54.13,53.88,53.96,5.41M
04/06/2025,54.02,54.05,53.92,53.92,5.18M
05/06/2025,54.28,54.33,54.14,54.18,3.77M
06/06/2025,54.87,54.94,54.81,54.91,5.72M
09/06/2025,55.1,55.32,55.05,55.24,9.43M
10/06/2025,55.23,55.3,55.15,55.26,6.39M
11/06/2025,55.41,55.43,55.26,55.33,4.05M
12/06/2025,54.67,54.83,54.67,54.8,4.88M
13/06/2025,54.08,54.26,53.95,54.04,6.28M
16/06/2025,54.63,54.84,54.51,54.56,4.77M
17/06/2025,54.06,54.15,53.8,53.83,6.09M
18/06/2025,53.86,53.93,53.71,53.79,4.54M
20/06/2025,54.15,54.17,53.9,53.9,7.13M
23/06/2025,53.81,54.31,53.8,54.31,5.80M
24/06/2025,54.58,54.83,54.49,54.8,8.18M
25/06/2025,54.93,55.02,54.83,55,4.97M
26/06/2025,55.61,55.77,55.56,55.71,5.04M
27/06/2025,55.92,56.01,55.82,55.86,4.85M
30/06/2025,55.55,55.71,55.47,55.68,6.79M
01/07/2025,55.75,55.87,55.72,55.84,4.27M
02/07/2025,55.51,55.63,55.47,55.6,3.47M
03/07/2025,55.67,55.8,55.65,55.79,2.77M
07/07/2025,55.54,55.6,55.29,55.36,6.25M
08/07/2025,55.64,55.72,55.53,55.69,9.40M
09/07/2025,55.58,55.69,55.5,55.66,8.15M
10/07/2025,55.26,55.3,55.17,55.27,3.54M
11/07/2025,54.94,54.98,54.87,54.88,5.00M
14/07/2025,54.86,54.95,54.81,54.92,4.18M
15/07/2025,55.19,55.21,54.87,54.88,4.57M
16/07/2025,54.98,55.28,54.91,55.27,6.11M
17/07/2025,54.77,55.04,54.72,55.01,6.06M
18/07/2025,54.62,54.71,54.48,54.5,8.93M
21/07/2025,54.7,54.92,54.64,54.75,7.72M
22/07/2025,54.48,54.64,54.46,54.61,4.08M
23/07/2025,54.65,54.84,54.62,54.73,9.41M
24/07/2025,54.43,54.44,54.06,54.06,7.31M
25/07/2025,53.71,53.85,53.6,53.8,5.43M
28/07/2025,53.43,53.43,53.18,53.23,7.84M
29/07/2025,53.52,53.54,53.32,53.49,8.04M
30/07/2025,52.83,52.95,52.65,52.7,9.23M
31/07/2025,52.85,53,52.61,52.64,7.24M
01/08/2025,52.73,52.84,52.56,52.72,7.30M
04/08/2025,52.87,52.9,52.36,52.48,10.07M
05/08/2025,52.6,52.65,52.41,52.41,11.23M
06/08/2025,52.43,52.46,51.91,52.26,12.22M
07/08/2025,52.73,52.81,52.44,52.53,5.79M
08/08/2025,52.04,52.16,51.95,52.12,4.58M
11/08/2025,52.31,52.4,52.21,52.27,3.89M
12/08/2025,52.26,52.53,52.2,52.47,8.49M
13/08/2025,52.63,52.77,52.61,52.71,5.24M
14/08/2025,52.37,52.46,52.26,52.41,4.46M
15/08/2025,52.69,52.75,52.53,52.71,5.12M
18/08/2025,53.23,53.54,53.23,53.5,9.37M
19/08/2025,53.7,53.72,53.58,53.65,5.35M
20/08/2025,53.88,53.9,53.71,53.8,4.66M
21/08/2025,53.65,53.66,53.47,53.57,8.98M
22/08/2025,53.26,54.09,53.24,53.58,5.81M
25/08/2025,53.42,53.48,53.21,53.23,3.97M
26/08/2025,52.58,52.65,52.51,52.55,6.59M
27/08/2025,52.43,52.7,52.41,52.68,5.42M
28/08/2025,52.44,52.6,52.41,52.54,4.14M
29/08/2025,52,52.01,51.83,51.98,4.76M
02/09/2025,52.11,52.4,52.1,52.35,5.58M
03/09/2025,52.62,52.65,52.51,52.62,3.45M
04/09/2025,52.53,52.59,52.38,52.59,5.42M
05/09/2025,52.66,52.71,52.41,52.48,6.73M
08/09/2025,52.78,52.94,52.76,52.89,6.51M
09/09/2025,52.82,52.87,52.69,52.71,3.57M
10/09/2025,53.05,53.24,53.03,53.16,3.30M
11/09/2025,53.04,53.26,53.04,53.24,4.04M
12/09/2025,53.32,53.33,53.12,53.15,2.15M
15/09/2025,53.37,53.45,53.33,53.43,4.75M
16/09/2025,53.73,53.88,53.66,53.87,4.54M
17/09/2025,54,54.45,54,54.02,6.51M
18/09/2025,53.89,53.89,53.65,53.74,4.10M
19/09/2025,53.93,54,53.79,53.94,4.07M
22/09/2025,53.64,53.65,53.5,53.5,2.61M
23/09/2025,53.21,53.23,53.03,53.06,3.23M
24/09/2025,52.89,52.89,52.66,52.74,4.01M
25/09/2025,52.47,52.61,52.38,52.49,3.48M
26/09/2025,52.14,52.29,52.06,52.25,4.49M
29/09/2025,52.21,52.24,52.08,52.16,4.56M
30/09/2025,52.05,52.11,51.98,52.06,3.49M
01/10/2025,52.46,52.64,52.38,52.39,4.11M
02/10/2025,52.46,52.46,52.14,52.3,4.43M
03/10/2025,52.48,52.51,52,52.45,2.97M
06/10/2025,52.8,52.83,52.69,52.76,2.79M
07/10/2025,52.97,52.97,52.85,52.88,3.11M
08/10/2025,52.64,52.69,52.58,52.63,2.53M
09/10/2025,52.93,52.98,52.74,52.81,3.26M
10/10/2025,53.3,53.38,52.75,52.77,8.11M
13/10/2025,53,53.06,52.86,52.97,4.82M
14/10/2025,52.74,52.9,52.6,52.78,3.34M
15/10/2025,53.53,53.79,53.47,53.76,8.34M
16/10/2025,54.11,54.59,53.94,54.06,5.87M
17/10/2025,54.27,54.53,54.25,54.45,4.58M
20/10/2025,54.53,54.77,54.53,54.74,8.18M
21/10/2025,54.48,54.58,54.4,54.48,3.19M
22/10/2025,55.37,55.5,55.13,55.29,10.30M
23/10/2025,54.64,54.82,54.62,54.76,5.73M
24/10/2025,54.59,54.6,54.49,54.51,5.88M
27/10/2025,54.71,54.75,54.61,54.72,5.34M
28/10/2025,54.5,54.67,54.41,54.54,4.26M
29/10/2025,54.88,54.92,54.47,54.61,8.39M
30/10/2025,54.3,54.46,54.22,54.27,5.08M
31/10/2025,54.08,54.11,53.87,53.97,5.98M
03/11/2025,54.32,54.33,54.11,54.24,3.55M
04/11/2025,53.98,54.16,53.89,54.02,6.83M
05/11/2025,53.99,54.37,53.99,54.3,4.19M
06/11/2025,53.87,53.88,53.49,53.62,6.63M
07/11/2025,53.72,53.76,53.48,53.75,4.37M
10/11/2025,53.96,54.19,53.92,54.15,4.66M
11/11/2025,54.42,54.84,54.42,54.74,6.61M
12/11/2025,54.51,54.58,54.35,54.56,4.42M
13/11/2025,54.42,54.46,54.13,54.2,6.43M
14/11/2025,54.4,54.74,54.34,54.62,7.47M
17/11/2025,54.76,54.88,54.6,54.65,3.81M
18/11/2025,54.34,54.71,54.34,54.61,5.36M
19/11/2025,54.78,55.02,54.75,54.83,3.99M
20/11/2025,55.04,55.1,54.63,54.72,6.95M
21/11/2025,54.05,54.28,53.94,54.21,5.52M
24/11/2025,54.07,54.31,54.07,54.22,6.74M
25/11/2025,54,54.28,53.97,54.28,4.83M
26/11/2025,54.55,54.69,54.49,54.67,4.59M
28/11/2025,54.61,54.83,54.56,54.71,3.99M
01/12/2025,54.38,54.44,54.13,54.33,3.58M
02/12/2025,53.98,54.01,53.8,53.88,5.97M
03/12/2025,53.51,53.6,53.31,53.41,7.37M
04/12/2025,53.78,53.85,53.65,53.76,4.57M
05/12/2025,54.06,54.07,53.92,53.97,3.03M
08/12/2025,53.33,53.46,53.01,53.08,4.13M
09/12/2025,53.14,53.36,53.14,53.27,5.70M
10/12/2025,53.23,53.43,53.18,53.36,4.77M
11/12/2025,53.38,53.67,53.31,53.57,7.11M
12/12/2025,53.37,53.42,53.02,53.14,6.55M
15/12/2025,53.19,53.28,53.1,53.1,3.82M
16/12/2025,52.87,53,52.81,52.95,5.66M
17/12/2025,53.08,53.15,52.94,52.97,4.46M
18/12/2025,53.26,53.44,53.24,53.28,5.14M
19/12/2025,53.9,54.6,53.9,54.15,13.32M
22/12/2025,54.22,54.24,54.15,54.19,5.82M
23/12/2025,54.12,54.47,54.11,54.47,5.63M
24/12/2025,54.1,54.13,53.95,54.01,2.40M
26/12/2025,53.94,53.94,53.75,53.84,4.01M
29/12/2025,53.53,53.55,53.41,53.47,5.72M
30/12/2025,53.58,53.71,53.58,53.64,5.83M
31/12/2025,53.92,54.1,53.92,54.05,3.77M
02/01/2026,54.58,54.58,54.33,54.56,5.93M
05/01/2026,54.18,54.33,54.08,54.29,4.91M
06/01/2026,54.15,54.29,54.03,54.08,5.37M
07/01/2026,54.29,54.35,54.16,54.2,3.71M
08/01/2026,53.67,53.74,53.58,53.72,5.75M
09/01/2026,53.26,53.3,53.01,53.17,6.55M
12/01/2026,53.18,53.47,53.18,53.4,5.25M
13/01/2026,53.13,53.15,52.94,53.04,5.59M
14/01/2026,53.02,53.25,52.99,53.25,8.13M
15/01/2026,53.17,53.26,53.06,53.22,4.99M
16/01/2026,52.86,52.88,52.68,52.85,6.32M
20/01/2026,51.93,51.97,51.72,51.73,8.50M
21/01/2026,51.3,51.6,51.29,51.55,10.15M
22/01/2026,51.72,51.88,51.65,51.79,6.36M
23/01/2026,51.06,51.28,50.94,51.24,5.88M
26/01/2026,51.25,51.54,51.25,51.44,5.34M
27/01/2026,51.67,51.88,51.59,51.69,9.00M
28/01/2026,51.48,51.53,51.26,51.49,7.15M
29/01/2026,51.79,51.8,51.29,51.61,7.13M
30/01/2026,51.72,52.26,51.45,51.74,7.65M
02/02/2026,51.25,53.79,51.19,53.28,30.89M
03/02/2026,53.51,53.58,52.95,53.15,16.48M
04/02/2026,53.25,53.44,53.06,53.44,13.92M
05/02/2026,53.07,53.2,52.92,52.95,8.43M
06/02/2026,53.01,53.33,52.97,53.28,6.77M
09/02/2026,53.3,53.51,53.28,53.44,3.80M
10/02/2026,53.58,53.81,53.56,53.74,8.44M
11/02/2026,53.54,53.67,53.35,53.53,7.72M
12/02/2026,53.38,53.51,53.05,53.11,6.72M
13/02/2026,52.69,52.92,52.58,52.89,8.89M
17/02/2026,53.05,53.29,52.96,53.27,5.94M
18/02/2026,53.23,53.47,53.2,53.32,4.93M
19/02/2026,52.26,52.35,52.11,52.3,5.78M
20/02/2026,52.7,53.47,52.63,53.42,12.65M
23/02/2026,52.88,53.01,52.55,52.61,7.61M
24/02/2026,52.63,52.88,52.63,52.67,7.23M
25/02/2026,52.9,52.94,52.58,52.74,4.80M
26/02/2026,52.74,52.84,52.46,52.58,7.70M
27/02/2026,52.11,52.32,52.03,52.27,6.84M
02/03/2026,50.97,51.26,50.91,50.95,12.55M
03/03/2026,49.67,50.31,49.04,50.22,23.13M
04/03/2026,50.23,50.36,50.01,50.27,9.80M
05/03/2026,50.47,50.55,49.74,50.37,14.97M
06/03/2026,49.97,50.16,49.81,49.99,17.40M
09/03/2026,49.23,50.26,49.01,49.98,13.33M
10/03/2026,50.04,50.51,49.87,49.93,12.69M
11/03/2026,49.4,49.62,49.21,49.27,9.91M
12/03/2026,48.98,48.99,48.41,48.52,14.23M
13/03/2026,48.25,48.5,47.92,48.06,12.57M
16/03/2026,48.53,48.67,48.38,48.56,10.25M
17/03/2026,48.66,48.79,48.5,48.52,6.08M
18/03/2026,48.2,48.42,47.65,47.72,8.92M
19/03/2026,47.14,47.67,46.97,47.52,13.02M
20/03/2026,47.3,47.39,46.54,46.59,14.48M
23/03/2026,47.52,48.21,47.36,47.63,17.89M
24/03/2026,46.51,46.74,46.26,46.39,10.56M
25/03/2026,47.35,47.6,47.24,47.42,10.47M
26/03/2026,47,47.31,46.6,46.61,6.87M
27/03/2026,46.09,46.11,45.71,45.82,7.91M
30/03/2026,45.42,45.65,45.21,45.42,12.01M
31/03/2026,45.96,46.84,45.81,46.84,8.92M
01/04/2026,46.6,47.02,46.45,46.71,13.69M
02/04/2026,46.36,46.93,46.31,46.65,9.12M
06/04/2026,47.15,47.39,47.11,47.25,6.13M
07/04/2026,47.35,47.41,47.03,47.36,7.43M
08/04/2026,49.82,49.91,49.04,49.27,16.45M
09/04/2026,49.16,49.47,48.94,49.07,14.45M
10/04/2026,49.5,49.6,49.24,49.34,6.16M
13/04/2026,48.86,49.41,48.8,49.35,9.04M
14/04/2026,49.68,49.9,49.65,49.7,5.06M
15/04/2026,49.75,49.99,49.62,49.98,5.62M
16/04/2026,49.74,50.13,49.73,50,5.56M
17/04/2026,51.1,51.65,51.1,51.28,9.23M
20/04/2026,50.37,50.62,50.36,50.53,7.21M
21/04/2026,50.4,50.46,49.79,49.8,9.96M
22/04/2026,50.06,50.15,49.88,49.98,5.77M
23/04/2026,49.67,50.14,49.11,49.41,6.99M
24/04/2026,49.28,49.58,49.19,49.58,6.94M
27/04/2026,49.45,49.54,49.35,49.38,3.83M
28/04/2026,49.06,49.24,48.94,49.23,6.35M
29/04/2026,49.12,49.22,48.86,49.03,3.82M
30/04/2026,49.06,49.49,48.97,49.42,4.90M
01/05/2026,49.17,49.44,49.1,49.12,4.53M
04/05/2026,48.78,49.02,48.49,48.63,5.25M
05/05/2026,49.05,49.19,48.97,49.16,3.88M
06/05/2026,49.77,50.13,49.72,50.03,5.74M
07/05/2026,50.28,50.3,49.72,49.82,4.90M
08/05/2026,49.78,49.88,49.67,49.84,4.00M
11/05/2026,48.74,48.9,48.42,48.42,6.86M
12/05/2026,47.59,47.63,47.3,47.52,9.06M
13/05/2026,47.69,48.03,47.63,47.98,9.07M
14/05/2026,48.18,48.46,48.1,48.36,7.17M
15/05/2026,48.06,48.13,47.89,47.99,4.06M
18/05/2026,47.91,47.99,47.53,47.84,3.78M
19/05/2026,47.17,47.46,47.13,47.27,5.91M
20/05/2026,47.5,48.21,47.28,48.02,12.43M
21/05/2026,47.55,48.21,47.43,48.03,6.85M
22/05/2026,48.53,48.61,48.35,48.39,4.38M
26/05/2026,48.71,48.79,48.48,48.55,5.17M
27/05/2026,48.69,48.88,48.47,48.55,4.40M
28/05/2026,48.09,48.72,48.03,48.69,7.27M
29/05/2026,48.76,48.83,48.51,48.56,10.21M
01/06/2026,47.81,48.1,47.72,47.99,6.39M
02/06/2026,48.04,48.2,47.94,48.03,3.85M
03/06/2026,47.8,47.86,47.27,47.36,6.44M
04/06/2026,47.98,48.09,47.9,48.02,3.64M
05/06/2026,48.01,48.03,47.21,47.34,9.48M
08/06/2026,47.43,47.47,47.17,47.21,4.56M
09/06/2026,47.83,47.95,47.24,47.54,12.11M
10/06/2026,47.58,47.85,47.28,47.3,8.16M
11/06/2026,47.05,47.79,46.9,47.79,8.26M
12/06/2026,48.38,48.55,48.21,48.33,8.01M
15/06/2026,49.31,49.42,49.25,49.26,9.76M
16/06/2026,49.38,49.52,49.33,49.41,7.94M
17/06/2026,49.66,49.74,48.98,49.06,11.25M
18/06/2026,49.84,49.87,49.49,49.58,5.03M
22/06/2026,49.69,50.02,49.68,49.92,6.30M
23/06/2026,49.06,49.22,49.05,49.07,6.17M
24/06/2026,49.66,49.72,49.46,49.63,8.57M
25/06/2026,49.53,49.65,49.4,49.43,5.88M
26/06/2026,49.37,49.65,49.37,49.56,4.46M
29/06/2026,49.1,49.24,48.99,49.18,5.35M
30/06/2026,49.23,49.4,49.2,49.39,3.94M
01/07/2026,49,49.33,49,49.21,4.52M
02/07/2026,49.44,49.61,49.4,49.56,3.65M
06/07/2026,49.57,49.93,49.51,49.88,6.26M
07/07/2026,49.64,49.71,49.28,49.33,7.89M
08/07/2026,48.65,48.72,48.42,48.65,4.93M
09/07/2026,48.88,49.11,48.81,49.02,5.27M
10/07/2026,49.38,49.42,49.15,49.3,3.27M
13/07/2026,49.12,49.15,48.72,48.79,5.52M
14/07/2026,48.66,48.83,48.54,48.73,4.36M
15/07/2026,48.66,48.85,48.6,48.72,5.52M
16/07/2026,48.57,48.78,48.52,48.69,3.02M
17/07/2026,48.93,49.08,48.82,48.91,5.86M
20/07/2026,48.94,48.95,48.53,48.55,5.49M
21/07/2026,48.85,48.88,48.71,48.78,4.28M
22/07/2026,48.47,48.53,48.19,48.22,5.61M
23/07/2026,47.88,47.91,47.56,47.63,11.38M
24/07/2026,48.09,48.43,48,48.02,7.40M
27/07/2026,48.71,48.94,48.59,48.89,6.05M
28/07/2026,48.94,49.51,48.91,49.38,8.11M
29/07/2026,49.25,49.56,49.08,49.17,8.75M
30/07/2026,49.65,49.83,49.58,49.7,10.44M
31/07/2026,49.78,49.91,49.63,49.8,5.26M
03/08/2026,50.18,50.26,50.05,50.16,5.12M
04/08/2026,50.3,50.62,50.26,50.53,6.29M
05/08/2026,50.45,50.49,50.24,50.31,7.67M
06/08/2026,50.27,50.33,50.08,50.12,2.78M
07/08/2026,50.45,50.46,50.28,50.37,4.72M
10/08/2026,50.25,50.29,50.06,50.14,4.09M
11/08/2026,50.15,50.23,50.06,50.09,1.97M
12/08/2026,50.09,50.1,49.9,49.95,3.57M
13/08/2026,50.13,50.15,49.89,49.98,2.87M
14/08/2026,49.88,49.92,49.74,49.78,1.89M
17/08/2026,49.77,49.83,49.58,49.58,2.86M
18/08/2026,49.55,49.58,49.37,49.38,3.90M
19/08/2026,49.56,49.65,49.51,49.54,2.76M
20/08/2026,49.55,49.67,49.52,49.55,3.76M
21/08/2026,49.69,49.74,49.63,49.64,1.97M
24/08/2026,49.38,49.47,49.3,49.35,3.55M
25/08/2026,49.94,50.28,49.94,50.23,6.98M
26/08/2026,49.89,50,49.71,49.75,5.16M
27/08/2026,49.58,49.67,49.47,49.53,3.92M
28/08/2026,49.71,49.85,49.45,49.56,3.36M
31/08/2026,49.87,49.87,49.61,49.7,5.49M
01/09/2026,49.56,49.83,49.51,49.58,6.29M
02/09/2026,50.02,50.02,49.85,49.97,4.98M
03/09/2026,49.81,49.96,49.74,49.92,2.90M
04/09/2026,49.84,49.99,49.8,49.91,3.95M
08/09/2026,49.36,49.41,49.08,49.09,7.72M
09/09/2026,48.84,48.86,48.63,48.67,4.38M
10/09/2026,48.28,48.3,48.05,48.11,3.91M
11/09/2026,48.53,48.59,48.38,48.57,4.12M
14/09/2026,48.15,48.58,48.15,48.43,4.56M
15/09/2026,47.78,47.81,47.56,47.59,7.66M
16/09/2026,47.72,47.86,47.31,47.46,8.45M
17/09/2026,48.03,48.14,48,48.01,4.12M
18/09/2026,48.06,48.1,47.94,48.02,8.56M
21/09/2026,48.31,48.53,48.28,48.5,3.26M
22/09/2026,48.34,48.47,48.2,48.29,5.06M
23/09/2026,48.35,48.39,48,48.05,4.52M
24/09/2026,47.62,47.69,47.49,47.51,1.39M