MSFT,,,,,
Date,Open,High,Low,Close,Volume
03/01/2000,59,59.31,56,58.28,26623000
04/01/2000,57.94,58.56,55.75,55.78,27040500
05/01/2000,54.75,58.19,54.75,56.41,32019200
06/01/2000,56.5,56.94,53.31,54.09,27484100
07/01/2000,54,56.13,53.66,55.75,30965500
10/01/2000,55.88,56.88,55.69,56.19,22389300
11/01/2000,55.94,57.13,54.34,54.81,23344500
12/01/2000,54.44,54.44,52.22,52.5,33263300
13/01/2000,52.88,54.31,50.75,54.13,41546400
14/01/2000,54,56.97,52.88,56.13,36708700
18/01/2000,56.13,58.03,55.88,56.91,40300900
19/01/2000,55.75,55.75,53,54.5,48740500
20/01/2000,54.25,54.84,52.81,53,28163200
21/01/2000,52.98,53.63,51.63,51.88,34188300
24/01/2000,51.88,52.84,50.41,50.63,31789500
25/01/2000,50.64,51.94,49.78,51.31,29901000
26/01/2000,51.38,51.75,48.25,49,24661600
27/01/2000,49.67,50.59,48.63,49.5,31823400
28/01/2000,49.81,50.13,48.63,49.38,29106900
31/01/2000,49.13,49.13,47.44,48.87,36512700
01/02/2000,49.25,51.63,48.25,51.38,35095400
02/02/2000,51.38,51.97,50.25,50.41,24955100
03/02/2000,50.39,52.09,50.06,51.91,24591700
04/02/2000,51.88,54,51.5,53.31,27681400
07/02/2000,53.44,53.44,52.13,53,19999200
08/02/2000,53.22,55.5,53.22,55.25,27938100
09/02/2000,54.75,54.75,51.94,52.19,27537300
10/02/2000,51.88,53.28,51.25,52.88,27251100
11/02/2000,52.44,52.44,49.56,50.25,57719000
14/02/2000,50.5,50.88,49.53,49.84,40501300
15/02/2000,49.83,50,48.19,49.47,35486500
16/02/2000,49.56,50.09,48.56,48.78,32581300
17/02/2000,49.25,49.84,48.57,49.81,40092600
18/02/2000,50.03,50.03,47.44,47.5,39245500
22/02/2000,47.91,48.56,46.06,46.78,33043400
23/02/2000,47,47.88,46.03,47.13,37915800
24/02/2000,47.13,47.94,46,47.34,33967200
25/02/2000,47.29,47.5,45.25,45.78,32617700
28/02/2000,45.88,46.06,44.06,45.7,38040800
29/02/2000,45.88,45.88,44.44,44.69,28947100
01/03/2000,44.67,47.19,44.47,45.49,53419000
02/03/2000,45.5,47.95,45.38,46.63,53459500
03/03/2000,47,49.44,46.97,48.06,50718700
06/03/2000,48.05,48.66,45.05,45.66,46762400
07/03/2000,45.97,48.75,45.97,46.88,67506600
08/03/2000,47,48.09,45.5,46.82,47114900
09/03/2000,47.88,50.22,47.5,49.97,43858600
10/03/2000,49.94,51.25,49.75,50.5,42794500
13/03/2000,50,50.13,48.75,49.59,30882600
14/03/2000,49.06,49.63,47.5,47.63,36728800
15/03/2000,48,48.31,46.84,47.66,26583200
16/03/2000,48,48.34,46.63,47.69,38288700
17/03/2000,47.7,49.75,45.5,49.38,40561700
20/03/2000,49.38,49.88,48.25,48.63,23885100
21/03/2000,48.67,51.56,48.25,51.25,40822700
22/03/2000,50.59,52.81,50.59,51.19,46981900
23/03/2000,53.31,56.44,53.31,56.22,74088800
24/03/2000,56.25,57.5,55.19,55.84,55969100
27/03/2000,54.13,54.13,51.88,52,55636100
28/03/2000,52.5,53.72,51.19,52.44,40509200
29/03/2000,52.56,54.47,52.56,53.5,32147000
30/03/2000,53.5,54.31,51.25,51.81,31965300
31/03/2000,52.06,54.13,52.06,52.84,32089700
03/04/2000,47.78,48.25,43,45.97,130595296
04/04/2000,46,46,42.47,43.94,90618496
05/04/2000,43,44.25,42.94,43.56,41420700
06/04/2000,43.75,44,42.63,43.5,33205100
07/04/2000,43.25,44.69,42.63,44.53,41309700
10/04/2000,44.75,45.25,42.5,43,30318500
11/04/2000,42.94,43.03,41.75,42.03,35974800
12/04/2000,41.13,41.13,39.38,40.19,76487904
13/04/2000,40.19,41.13,39.53,39.63,47148000
14/04/2000,40,40.5,36.63,37.38,75587904
17/04/2000,37.75,38,36.5,37.69,59862600
18/04/2000,38.13,40.97,37.94,39.97,45897700
19/04/2000,40.25,40.75,39.06,39.67,26816000
20/04/2000,39.88,39.94,37.75,37.8,25994300
24/04/2000,34.63,34.63,32.5,33.31,156734496
25/04/2000,33.88,34.75,33.81,34.53,79737800
26/04/2000,34.75,35.56,33.69,34.25,53529200
27/04/2000,34.38,34.97,33.69,34.91,38825500
28/04/2000,34.88,35.5,34.13,34.88,38875900
01/05/2000,35.84,37,35.84,36.59,53885500
02/05/2000,36.75,36.75,34.75,34.94,48846900
03/05/2000,35,35.44,34.41,35.25,27675300
04/05/2000,35.5,35.63,34.44,35.25,21657300
05/05/2000,35.31,35.91,34.94,35.56,18198600
08/05/2000,35.38,35.69,34.69,34.81,18089900
09/05/2000,34.97,35.22,33.75,34.06,30387500
10/05/2000,34.16,35,32.5,33.09,33826300
11/05/2000,33.09,34.47,32.88,33.45,29189500
12/05/2000,34.25,34.88,34.13,34.28,18939800
15/05/2000,34,34.72,34,34.69,16936600
16/05/2000,34.91,35.31,34.44,34.69,24132800
17/05/2000,34.56,34.56,33.63,33.88,26618500
18/05/2000,33.86,34.25,32.94,33.09,26820200
19/05/2000,32.97,32.97,32.25,32.5,33251500
22/05/2000,32.59,32.63,31.22,32.09,34981400
23/05/2000,32.38,32.78,31,31.41,28823900
24/05/2000,31.66,33.28,31.5,32.5,42645600
25/05/2000,32.38,32.38,30.56,30.75,47162400
26/05/2000,31.47,31.47,30.19,30.72,27909900
30/05/2000,31.25,32.06,31,31.69,34265400
31/05/2000,31.7,31.85,31.03,31.44,27481000
01/06/2000,31.94,33,31.94,32.25,47243800
02/06/2000,32.56,33.38,32.5,33.16,40231600
05/06/2000,33.19,34.19,33,33.34,32196800
06/06/2000,33.94,34.94,33.94,34.81,49500600
07/06/2000,34.81,36,33.56,35.94,38141900
08/06/2000,35.81,36.06,34.13,34.62,47191800
09/06/2000,34.75,34.84,34.16,34.44,17779100
12/06/2000,34.5,34.5,33.19,33.44,24591700
13/06/2000,33.38,34.09,33.06,34,21994300
14/06/2000,35.13,35.5,34.75,35.13,39993100
15/06/2000,35.31,36.34,35.31,36.34,32787900
16/06/2000,36.31,36.56,35.75,36.28,34328400
19/06/2000,36.31,36.91,36,36.75,23296400
20/06/2000,36.88,37.63,36.88,37.25,31129800
21/06/2000,38.47,41.09,38.47,40.25,80174600
22/06/2000,40.5,41,39.66,40,43653400
23/06/2000,40.03,40.03,38.5,38.72,24903800
26/06/2000,38.75,40.06,38.75,39.75,24139500
27/06/2000,39.73,40.06,39.19,39.34,15433000
28/06/2000,39.31,40.03,39.31,39.48,18695600
29/06/2000,39.47,39.47,38.51,38.75,19202400
30/06/2000,38.75,40,38.34,39.97,25398500
03/07/2000,39.75,40.03,39.69,40,7867400
05/07/2000,39.81,39.97,39.13,39.38,17411600
06/07/2000,39.28,40.84,39.25,40.44,23934700
07/07/2000,40.28,41.44,40.28,41,27075600
10/07/2000,40.66,40.66,39.53,39.69,26342100
11/07/2000,39.72,40.25,39.25,39.94,18560300
12/07/2000,39.81,40.5,38.59,40,29179100
13/07/2000,39.38,40.13,38.75,39.88,40416800
14/07/2000,39.88,39.88,39.22,39.47,25587700
17/07/2000,39,39.78,38.75,39.09,26987100
18/07/2000,39.19,40.19,38.72,40,35069100
19/07/2000,37.75,39.5,36.41,36.69,69947504
20/07/2000,37.63,37.63,36.56,37.44,27324500
21/07/2000,37.31,37.44,35.94,36.16,28050300
24/07/2000,35.31,36.06,35.03,35.31,28081000
25/07/2000,34.5,36.06,34.19,34.5,32094300
26/07/2000,34.75,34.75,33.63,33.91,41693500
27/07/2000,33.84,35.16,33.75,34.69,37168400
28/07/2000,34.81,35.56,34.81,34.84,37825000
31/07/2000,34.84,35.56,34.63,34.91,35141900
01/08/2000,35.03,35.03,34.09,34.34,23496200
02/08/2000,34.36,35.22,34.25,34.66,24082300
03/08/2000,34.38,35.19,34.06,35.06,27270900
04/08/2000,34.94,34.94,34.09,34.38,19053100
07/08/2000,34.88,35.56,34.88,34.91,26367600
08/08/2000,35.02,37.34,35,37.31,69001400
09/08/2000,37.05,37.44,36.56,36.97,31972800
10/08/2000,36.97,37.03,35.88,36.13,24490500
11/08/2000,36.3,36.34,35.81,36.22,17814800
14/08/2000,36.22,36.69,35.69,35.91,26709700
15/08/2000,36.11,36.5,35.75,35.88,20355800
16/08/2000,36,36.13,35.28,35.66,22482700
17/08/2000,35.75,36,35,35.87,18056400
18/08/2000,35.72,35.72,35.19,35.5,27219400
21/08/2000,35.41,35.41,35,35.25,17059600
22/08/2000,35.31,36.22,35.31,35.63,27214100
23/08/2000,35.56,35.56,35.19,35.38,18363400
24/08/2000,35.39,35.59,34.97,35.56,21202700
25/08/2000,35.63,35.84,35.28,35.31,26364700
28/08/2000,35.34,36.06,35.06,35.53,28210500
29/08/2000,35.66,36.38,35.44,35.59,29474800
30/08/2000,35.47,35.47,34.84,35,26749400
31/08/2000,34.98,35.66,34.84,34.91,36287700
01/09/2000,35.13,35.31,34.84,35.09,18814900
05/09/2000,34.91,35.34,34.91,35.06,25377600
06/09/2000,35.09,35.34,34.66,34.72,31480400
07/09/2000,34.75,36.03,34.72,35.03,55860000
08/09/2000,35.06,35.44,34.59,34.66,28354800
11/09/2000,34.63,34.84,34.03,34.41,24247600
12/09/2000,34.42,34.66,33.81,34.06,23390600
13/09/2000,34,34.38,33.59,34.13,20372400
14/09/2000,34.38,34.38,32.84,32.91,39251500
15/09/2000,32.81,32.81,31.66,32.09,49957600
18/09/2000,32.09,32.31,31.09,31.72,34481700
19/09/2000,31.69,32.88,31.69,32.5,39655700
20/09/2000,32.5,32.5,31.59,32.13,33895700
21/09/2000,32.03,32.56,31.78,32.09,24438600
22/09/2000,30.47,31.75,30.47,31.63,42238300
25/09/2000,31.63,31.75,30.22,30.5,26734800
26/09/2000,30.63,32.94,30.22,31.34,77852400
27/09/2000,31.5,31.78,29.91,30.31,53077800
28/09/2000,30.5,30.94,30.03,30.22,26173900
29/09/2000,30.66,30.66,29.31,30.16,37026800
02/10/2000,30.13,30.41,29.13,29.56,29281200
03/10/2000,29.55,29.91,28.25,28.28,42687000
04/10/2000,28.28,28.28,27.25,27.72,68270000
05/10/2000,27.63,28.63,27.63,27.69,40549700
06/10/2000,27.81,28.38,27.38,27.78,30897600
09/10/2000,27.77,27.88,26.5,27.09,29161800
10/10/2000,27,27.78,26.91,27.28,31033100
11/10/2000,27,28.47,27,27.88,50604200
12/10/2000,28.13,28.44,26.91,27.19,45112300
13/10/2000,27.19,27.44,26.06,26.88,52261200
16/10/2000,26.91,26.91,24.78,25.19,59879500
17/10/2000,25.75,26.22,25.13,25.22,40638300
18/10/2000,25,26.63,24.22,25.88,55268700
19/10/2000,29,31.09,29,30.94,128507600
20/10/2000,32.59,33.06,30.56,32.59,80189296
23/10/2000,32.5,33.13,30.34,31.06,92585200
24/10/2000,31.05,31.47,30.09,30.75,47213700
25/10/2000,30.25,31.72,30.22,30.63,83801904
26/10/2000,31,32.53,30.41,32.22,57416200
27/10/2000,32.63,34.59,32.31,33.84,62146300
30/10/2000,33.69,35.06,33.69,34.53,55028800
31/10/2000,34.53,34.75,34,34.44,52237000
01/11/2000,34.45,35.03,34.22,34.81,40656700
02/11/2000,35.25,35.42,34.81,35.03,38654700
03/11/2000,34.81,34.81,34.03,34.13,34355500
06/11/2000,34.14,35.06,34.13,34.75,37425700
07/11/2000,34.95,35.94,34.75,35.25,52172700
08/11/2000,36.19,36.19,34,34.72,103074704
09/11/2000,34.75,35.66,34.22,35.44,45529300
10/11/2000,34.44,35.16,33.41,33.69,46872200
13/11/2000,33,34.06,32.2,33.22,41685200
14/11/2000,33.66,34.91,33.66,34.41,42109300
15/11/2000,34.5,35.44,34.34,35.03,30211100
16/11/2000,35.05,35.75,34.47,34.47,46064300
17/11/2000,34.48,35,33.9,34.53,53262800
20/11/2000,34.16,34.25,32.78,33.72,40077400
21/11/2000,33.69,34.63,33.69,33.78,29457000
22/11/2000,33.72,34.75,33,33.81,38169900
24/11/2000,34.75,35.22,34.25,34.97,17219600
27/11/2000,35.63,36.13,35.31,35.34,42653800
28/11/2000,34.88,34.88,33.41,33.5,63723100
29/11/2000,33.5,33.56,31.63,32.53,49141700
30/11/2000,31.03,31.03,28.5,28.69,98603200
01/12/2000,29.38,30.31,28.03,28.31,54905100
04/12/2000,28.94,29.5,27.59,28.22,40203600
05/12/2000,30.03,30.25,29.13,29.94,50867200
06/12/2000,29.63,30.03,28.03,28.34,45280400
07/12/2000,26.5,27,25.75,26.75,72455296
08/12/2000,26.88,27.94,26.72,27.22,60469900
11/12/2000,27.5,29.38,27.5,29.03,47788100
12/12/2000,29.09,30,28.38,29.19,31553000
13/12/2000,29.25,30.25,28.41,28.63,49180200
14/12/2000,28.81,29.37,27.69,27.75,35601400
15/12/2000,25.5,26,23.88,24.59,163307504
18/12/2000,25,25,23.5,23.91,53593700
19/12/2000,23.92,24,22.25,22.41,60188500
20/12/2000,22,22,20.69,20.75,74518800
21/12/2000,21,22.56,20.13,21.72,81588800
22/12/2000,22.38,23.56,22.38,23.22,55092900
26/12/2000,23.22,24.28,22.94,23.44,33471100
27/12/2000,23.41,23.41,22.5,23.22,34501900
28/12/2000,22.75,23.13,21.94,22.28,38810300
29/12/2000,22.22,22.91,21.31,21.69,50036000
02/01/2001,21.81,22.5,21.44,21.69,41206800
03/01/2001,21.56,24.44,21.56,23.97,67982000
04/01/2001,24.25,25.25,23.44,24.22,56199200
05/01/2001,24.53,24.94,23.78,24.56,46708200
08/01/2001,24.75,24.88,23.34,24.47,39892300
09/01/2001,24.88,26.31,24.88,25.91,57482700
10/01/2001,25.91,26.91,25.38,26.44,45121700
11/01/2001,26.16,27.88,26.16,27.5,50931100
12/01/2001,27.5,27.5,26.25,26.78,36853700
16/01/2001,26.75,26.75,25.56,26.28,34231200
17/01/2001,26.94,27.44,26.28,26.47,36425100
18/01/2001,26.88,28.09,26.31,27.75,54900700
19/01/2001,29.75,30.72,29.44,30.56,104649200
22/01/2001,29.66,30.5,29.5,30.06,38336600
23/01/2001,30,30.47,29.47,30.28,35148500
24/01/2001,31.5,31.66,31.25,31.44,28600
25/01/2001,31.5,32,30.78,30.91,42843700
26/01/2001,30.47,32.16,30.47,32,46540000
29/01/2001,31.7,32.31,31.56,32.25,42491900
30/01/2001,32.25,32.38,31.44,31.69,28638400
31/01/2001,31.56,31.88,30.5,30.53,40949400
01/02/2001,30.75,31.31,30.19,31.19,35898400
02/02/2001,31.13,31.69,30.38,30.41,35558500
05/02/2001,30.44,31.03,30.13,30.97,28046300
06/02/2001,31.25,31.91,30.84,31.28,48221000
07/02/2001,30.91,32.53,30.91,32.34,63030900
08/02/2001,32.25,32.25,31,31,44080200
09/02/2001,30.78,30.78,29.25,29.56,50289800
12/02/2001,29.53,29.72,28.59,29.38,35644700
13/02/2001,29.5,30.53,29.06,29.09,38035300
14/02/2001,28.87,29.5,28.19,29.31,30865400
15/02/2001,29.34,30.09,28.94,29.41,32813900
16/02/2001,28.69,29.13,28.06,28.66,33479200
20/02/2001,28.84,29.13,27.69,27.94,30365700
21/02/2001,27.94,29.03,27.59,28.13,31973600
22/02/2001,27.78,28.41,26.94,27.59,50414200
23/02/2001,27.47,28.75,27.16,28.38,46310400
26/02/2001,28.84,29.97,28.69,29.78,43968400
27/02/2001,29.69,30.59,29.34,29.69,49577700
28/02/2001,29.73,30.04,29.09,29.44,42130900
01/03/2001,29.47,29.75,28.13,29.68,40890800
02/03/2001,28.75,29.06,28.22,28.34,39900400
05/03/2001,28.5,29.31,28.28,28.72,24692000
06/03/2001,29.19,30,29.19,29.72,33433900
07/03/2001,29.66,30.56,29.66,30.34,29872300
08/03/2001,30.3,30.3,29.22,29.63,27313000
09/03/2001,28.81,29.09,27.44,28.34,51897200
12/03/2001,27.75,28.34,25.78,25.87,43587300
13/03/2001,25.81,27.38,25.81,27.34,44486200
14/03/2001,26.09,27.63,26.09,27.06,45331600
15/03/2001,27.5,28.04,26.75,26.84,35819200
16/03/2001,26.88,27.56,26.24,27.28,56425800
19/03/2001,27,27.75,26.56,27.16,30518200
20/03/2001,27.34,28.06,26.31,26.34,45912800
21/03/2001,26.13,26.63,24.88,25.03,62526300
22/03/2001,25.25,27.13,25.25,27.13,62171100
23/03/2001,27.25,28.5,27.19,28.25,49707000
26/03/2001,28.34,28.75,27.78,28.03,31559400
27/03/2001,28.05,29.28,27.94,29.13,47572200
28/03/2001,28.63,28.97,27.69,27.78,39352100
29/03/2001,27.74,28.59,27.28,27.69,43493700
30/03/2001,27.81,28.09,26.94,27.34,45672100
02/04/2001,27.41,28.47,27.31,27.91,37962200
03/04/2001,27.44,27.78,26.38,26.69,47096400
04/04/2001,26.75,27.5,25.5,26.47,51814700
05/04/2001,27.01,28.69,26.75,28.38,56729800
06/04/2001,28.31,28.59,27.53,28.09,46312100
09/04/2001,28.05,28.71,27.83,28.58,28147800
10/04/2001,29,30.05,28.89,29.84,54605500
11/04/2001,30.05,30.75,29.85,30.02,54939900
12/04/2001,30,31.16,29.68,31.09,43761900
16/04/2001,30.79,30.79,30.06,30.4,32929000
17/04/2001,30.02,31.06,30.02,30.74,42654000
18/04/2001,31.22,33.55,31.22,33.45,77920800
19/04/2001,33.35,36.25,32.25,36.17,76393000
20/04/2001,35.55,35.55,34.25,34.53,96393104
23/04/2001,34.2,34.24,33.45,34.13,46086100
24/04/2001,33.9,34.97,33.57,33.78,44590300
25/04/2001,33.94,34.9,33.63,34.85,38373600
26/04/2001,34.9,35.5,34.03,34.55,57964700
27/04/2001,34.56,34.84,33.1,33.56,63700000
30/04/2001,33.84,34.53,33.84,33.88,37184100
01/05/2001,33.8,35.15,33.8,35.09,41861700
02/05/2001,35.05,35.58,34.67,34.88,46432200
03/05/2001,34.79,35.09,34.07,34.27,33136800
04/05/2001,34.55,35.53,33.98,35.38,59778400
07/05/2001,35.4,36.08,35.35,35.69,54680100
08/05/2001,35.92,36.05,35.38,36.03,37543100
09/05/2001,35.55,35.65,34.93,35.2,38338500
10/05/2001,35.62,35.62,34.97,35,32131600
11/05/2001,34.85,35,34.33,34.7,25677800
14/05/2001,34.53,34.6,34.15,34.36,22505300
15/05/2001,34.36,34.65,34,34.2,30880100
16/05/2001,33.75,34.94,33.67,34.58,45949900
17/05/2001,34.76,35.07,33.78,34.08,53501000
18/05/2001,34.07,34.6,33.63,34.05,45433600
21/05/2001,34.06,34.99,33.88,34.4,51754100
22/05/2001,34.87,35.17,34.57,35.16,41730500
23/05/2001,35.05,35.8,34.75,34.85,46832400
24/05/2001,35.03,35.89,34.64,35.86,40394900
25/05/2001,35.88,35.95,35.18,35.46,26378600
29/05/2001,35.67,35.88,35.03,35.17,35606200
30/05/2001,34.58,35.29,34.33,34.6,43231700
31/05/2001,34.7,35.19,34.2,34.59,35343900
01/06/2001,34.67,35.35,34.35,35.17,28794100
04/06/2001,35.32,35.51,34.9,35.39,21879100
05/06/2001,35.52,36.54,35.25,36.3,44728100
06/06/2001,36.42,36.74,35.78,36.18,40026000
07/06/2001,36.1,36.87,36.04,36.84,33490500
08/06/2001,36.8,36.88,36.03,36.6,25899500
11/06/2001,36.42,36.42,35.76,36.06,23673800
12/06/2001,35.88,36.21,35.41,36.04,33358000
13/06/2001,36.04,36.15,35.32,35.35,27667800
14/06/2001,35.26,35.28,34.2,34.45,36020200
15/06/2001,33.75,34.15,33.2,34.01,54246200
18/06/2001,33.7,33.98,33.01,33.44,28444800
19/06/2001,34.01,34.42,33.42,33.66,31734500
20/06/2001,33.59,34.8,33.55,34.71,32055800
21/06/2001,34.55,35.28,34.46,34.92,34806100
22/06/2001,34.75,35.31,34.29,34.42,25546100
25/06/2001,34.49,34.91,33.89,34.42,24609400
26/06/2001,33.85,35.11,33.85,34.98,31538500
27/06/2001,35.06,35.77,34.68,35.57,34602900
28/06/2001,35.48,38.08,35.13,36.37,64527000
29/06/2001,36.37,36.71,35.68,36.02,47330200
02/07/2001,36,36.58,35.08,35.3,36410400
03/07/2001,35.29,35.4,34.97,35.24,14019000
05/07/2001,35,35.36,34.22,34.26,24634200
06/07/2001,34.17,34.2,32.84,33.03,33782600
09/07/2001,33.17,33.46,32.52,32.83,33238700
10/07/2001,33,33.13,32.17,32.24,33283600
11/07/2001,32.15,33.38,32.1,33.25,37356900
12/07/2001,35.5,36.03,35.17,35.8,64062900
13/07/2001,35.8,36,35.47,35.67,28889800
16/07/2001,35.67,36.08,35.08,35.59,27995400
17/07/2001,35.44,36.01,35.07,35.91,31626200
18/07/2001,35.45,35.75,34.94,35.28,28799200
19/07/2001,35.63,37.55,34.56,34.6,38641900
20/07/2001,34.44,34.7,33.9,34.59,62105100
23/07/2001,34.63,34.63,33.17,33.55,40001200
24/07/2001,33.69,33.99,32.85,33.16,33771800
25/07/2001,33.37,33.76,32.68,33.74,37052500
26/07/2001,33.66,33.66,32.75,33.3,39023600
27/07/2001,33.13,33.13,32.53,32.74,32702600
30/07/2001,32.8,33.44,32.77,32.9,21098400
31/07/2001,33.21,33.7,32.92,33.1,29516600
01/08/2001,33.25,33.41,32.88,33.24,27839700
02/08/2001,33.55,33.77,33.13,33.73,27099800
03/08/2001,33.68,33.68,33,33.5,21560800
06/08/2001,33.45,33.56,32.84,33.07,13916700
07/08/2001,33,33.53,33,33.17,15674900
08/08/2001,33.25,33.62,32.25,32.43,27502000
09/08/2001,32.5,32.78,32.15,32.51,22768900
10/08/2001,32.5,32.93,31.45,32.63,25878500
13/08/2001,32.65,32.99,32.38,32.88,16337800
14/08/2001,32.91,33.05,32.23,32.35,18240800
15/08/2001,32.47,32.53,31.6,31.6,19752600
16/08/2001,31.5,32.35,31.35,32.31,21958800
17/08/2001,32.07,32.07,30.75,30.94,26118300
20/08/2001,30.9,31.38,30.55,31.35,24186100
21/08/2001,31.3,31.6,30.25,30.37,23560300
22/08/2001,30.58,30.58,29.54,30.33,39072400
23/08/2001,30.33,30.77,29.45,29.97,26263800
24/08/2001,30.08,31.14,29.62,31,31703500
27/08/2001,30.99,31.68,30.79,31.16,22281500
28/08/2001,31.15,31.48,30.29,30.37,23712500
29/08/2001,30.37,30.65,29.77,30.13,24086800
30/08/2001,29.83,29.83,28.26,28.47,48842800
31/08/2001,28.3,29.03,28.15,28.53,28988600
04/09/2001,28.53,29.54,28.04,28.05,33594800
05/09/2001,28.05,29.2,27.65,28.87,44738400
06/09/2001,28.8,29.2,27.95,28.01,56223500
07/09/2001,28.3,28.68,27.66,27.7,44944200
10/09/2001,27.35,28.98,27.35,28.79,42237400
17/09/2001,27.01,27.55,26.4,26.46,63751000
18/09/2001,26.71,27.5,26.59,27.16,41624900
19/09/2001,27.16,27.56,25.3,26.94,63475800
20/09/2001,26.31,26.31,25.34,25.38,59038200
21/09/2001,24.45,25.3,23.75,24.86,92492600
24/09/2001,25.25,26.23,24.94,26.01,42784400
25/09/2001,25.8,26.5,25.04,25.67,42084700
26/09/2001,25.66,25.9,24.78,25.14,29265600
27/09/2001,25.18,25.34,24,25.05,40641200
28/09/2001,25.12,25.8,24.49,25.59,58323900
01/10/2001,25.44,26.25,25.21,25.9,35017900
02/10/2001,25.78,26.78,25.78,26.53,40431600
03/10/2001,26.31,28.47,26.2,28.12,48739100
04/10/2001,28.13,29.2,28.11,28.22,50891200
05/10/2001,28.16,29,27.47,28.88,40500000
08/10/2001,28.37,29.33,28.37,29.02,30305800
09/10/2001,28.79,28.79,27.1,27.28,49742500
10/10/2001,27.13,27.88,26.5,27.82,43353500
11/10/2001,28.02,28.42,27.3,28.16,41891800
12/10/2001,28.16,28.32,27.28,28.19,31685000
15/10/2001,28.06,29.25,27.75,29.03,34229200
16/10/2001,28.89,29.46,28.61,29.23,33110900
17/10/2001,29.56,29.65,27.99,28.02,36865200
18/10/2001,28,28.79,27.75,28.38,39262300
19/10/2001,28.33,29.01,27.82,28.95,45615900
22/10/2001,28.95,30.09,28.74,30.08,36163700
23/10/2001,30.25,30.72,29.7,30.22,40164000
24/10/2001,30.25,30.81,29.81,30.66,39583400
25/10/2001,30.5,31.3,29.79,31.28,37662300
26/10/2001,31.08,31.82,31.04,31.1,32257100
29/10/2001,31,31.1,29.4,29.5,27564600
30/10/2001,29.65,29.77,29.1,29.29,28697800
31/10/2001,29.78,30.37,29,29,32361200
01/11/2001,29.92,31.13,29.8,30.63,54840100
02/11/2001,30.58,31.51,30.26,30.78,41681500
05/11/2001,30.88,32.02,30.88,31.88,33178800
06/11/2001,31.5,32.47,31.08,32.3,34306000
07/11/2001,32.12,32.53,32.02,32.06,29451200
08/11/2001,32.35,33.03,31.83,32.22,37113900
09/11/2001,32.03,32.83,31.96,32.53,24006800
12/11/2001,32.55,33.22,31.83,32.94,28876300
13/11/2001,33.35,33.98,33.3,33.92,30082100
14/11/2001,34.17,34.17,32.85,32.87,44313200
15/11/2001,32.94,33.53,32.73,32.98,38966000
16/11/2001,33.15,33.31,32.48,33.03,29630500
19/11/2001,33.05,33.49,32.85,33.34,28002600
20/11/2001,33.31,33.9,32.52,32.7,32967400
21/11/2001,31.74,32.3,31.74,32.03,25394100
23/11/2001,32.1,32.41,31.81,32.36,7883600
26/11/2001,32.49,32.85,32.2,32.57,20996200
27/11/2001,32.42,32.54,31.38,31.87,45405600
28/11/2001,31.63,32.06,31.37,31.4,27296800
29/11/2001,31.5,32.45,31.48,32.42,27021300
30/11/2001,32.3,32.54,31.97,32.1,24119200
03/12/2001,32.05,32.62,31.9,32.39,23606800
04/12/2001,32.38,33.06,32.05,33,25519100
05/12/2001,33.19,34.09,33.19,34.05,37125600
06/12/2001,34.04,34.74,33.78,34.52,27717300
07/12/2001,34.39,34.42,33.28,33.92,21166200
10/12/2001,33.75,34.23,33.43,33.53,19183700
11/12/2001,33.67,34.07,33.53,33.66,27167000
12/12/2001,33.67,33.99,33.13,33.98,23942100
13/12/2001,33.81,34.19,33.04,33.14,26617000
14/12/2001,33.07,33.98,32.97,33.72,21501900
17/12/2001,33.7,34.56,33.58,34.49,28540300
18/12/2001,34.4,34.7,34.3,34.64,23630600
19/12/2001,34.4,34.95,34.23,34.74,28498100
20/12/2001,34.7,34.7,33.31,33.38,39296500
21/12/2001,33.5,34.61,33.5,33.75,42428100
24/12/2001,33.8,34.02,33.6,33.73,5858800
26/12/2001,33.7,34.53,33.7,33.84,14665900
27/12/2001,34,34.35,33.63,33.92,16214500
28/12/2001,33.85,34.42,33.85,33.94,14394500
31/12/2001,33.94,34.24,33.13,33.13,21529100
02/01/2002,33.17,33.56,32.76,33.52,24062400
03/01/2002,33.6,34.63,33.55,34.62,33846200
04/01/2002,34.6,34.96,34.34,34.45,26366800
07/01/2002,35,35.01,34.17,34.28,29254400
08/01/2002,34.42,35,33.83,34.73,23878500
09/01/2002,34.84,35.31,34.24,34.35,38154500
10/01/2002,34.33,34.9,34.07,34.64,25164500
11/01/2002,34.67,35.16,34.05,34.31,36497300
14/01/2002,34.25,34.52,33.87,34.24,25499900
15/01/2002,34.25,34.81,34.25,34.78,30360100
16/01/2002,34.42,34.92,33.92,33.94,30979500
17/01/2002,34.33,35,34.2,34.93,40185600
18/01/2002,33.75,33.92,32.71,33.05,53635800
22/01/2002,33.32,33.32,32.13,32.23,38420400
23/01/2002,32.35,32.35,31.62,31.87,40204300
24/01/2002,32.23,32.59,31.9,32.3,41979700
25/01/2002,32.3,32.42,31.76,31.9,24490800
28/01/2002,32.1,32.2,31.46,31.91,20811700
29/01/2002,32,32.25,31,31.16,29334700
30/01/2002,31.23,31.45,30.67,31.43,33052100
31/01/2002,31.43,31.91,31.06,31.86,34786400
01/02/2002,31.98,32.25,31.24,31.33,31731400
04/02/2002,31.05,31.35,30.38,30.56,35155200
05/02/2002,30.35,31.12,30.25,30.58,33386400
06/02/2002,30.49,30.95,30.13,30.2,33063100
07/02/2002,30.2,30.81,29.88,29.9,31663900
08/02/2002,30.08,30.33,29.42,30.33,30642600
11/02/2002,30.08,30.62,29.8,30.57,25450200
12/02/2002,30.32,30.43,30.01,30.07,22487600
13/02/2002,30,30.94,29.98,30.91,27087600
14/02/2002,30.8,31.5,30.66,30.84,28633800
15/02/2002,30.84,31.03,30.1,30.12,25092200
19/02/2002,30.07,30.07,29.3,29.47,26132600
20/02/2002,29.51,30.18,29.4,29.95,25249100
21/02/2002,29.8,30.14,29.01,29.03,29724700
22/02/2002,29.03,29.38,28.58,29,35674100
25/02/2002,29.23,29.95,28.95,29.54,25916200
26/02/2002,29.65,30,28.95,29.28,31576400
27/02/2002,29.33,30.08,29,29.2,32877700
28/02/2002,29.18,29.85,29.07,29.17,34033500
01/03/2002,29.43,30.71,29.43,30.69,31228800
04/03/2002,30.65,31.75,30.44,31.65,37232200
05/03/2002,31.43,31.94,31.17,31.54,27963400
06/03/2002,31.48,31.85,31.1,31.82,25080400
07/03/2002,31.6,31.94,30.93,31.36,29040500
08/03/2002,31.59,32.35,31.59,31.98,28851900
11/03/2002,31.92,33.37,31.5,32.06,21951700
12/03/2002,31.4,31.4,30.84,31.27,33208900
13/03/2002,31.3,31.51,30.98,31.05,22194000
14/03/2002,31.08,31.12,30.53,30.61,25914200
15/03/2002,30.49,31.26,30.49,31.25,34547000
18/03/2002,31.48,31.5,30.6,31.07,22427300
19/03/2002,31.13,31.5,30.75,31.11,16960900
20/03/2002,30.85,31.01,30.05,30.05,27754300
21/03/2002,30.5,30.8,29.92,30.68,23084800
22/03/2002,30.57,30.57,30.11,30.23,20670700
25/03/2002,30.39,30.39,29.58,29.62,23971200
26/03/2002,29.81,30.46,29.16,29.54,34701700
27/03/2002,29.6,29.94,29.3,29.72,23661100
28/03/2002,30.33,30.33,29.83,30.16,22196500
01/04/2002,30.1,30.2,29.6,30.19,23505100
02/04/2002,29.55,29.55,28.56,28.65,38518900
03/04/2002,28.76,28.81,27.75,28.17,38484500
04/04/2002,28.44,28.49,27.71,28.23,30884700
05/04/2002,28.33,28.65,27.92,27.94,25088100
08/04/2002,27.8,28.66,27.13,28.61,36696000
09/04/2002,28.72,28.72,27.4,27.44,31712100
10/04/2002,27.53,28.56,27.53,28.15,37818900
11/04/2002,28.16,28.23,27.25,27.4,29085500
12/04/2002,27.6,28.13,27.43,27.97,26148800
15/04/2002,27.97,28.39,27.7,27.85,23696900
16/04/2002,28.18,29.05,28.18,28.91,26020500
17/04/2002,29.14,29.14,28.21,28.32,27581400
18/04/2002,28.1,28.66,26.34,28.19,38528600
19/04/2002,28.72,28.99,28.43,28.6,52302000
22/04/2002,28.35,28.35,27.5,27.95,25759800
23/04/2002,27.91,27.91,26.65,27,34236300
24/04/2002,27,27.22,26.5,26.55,30646800
25/04/2002,26.45,27.23,26.44,26.87,28645800
26/04/2002,26.94,27.23,25.73,25.75,31392700
29/04/2002,25.85,26.46,25.72,26.12,35165200
30/04/2002,26.3,26.65,25.96,26.13,38697000
01/05/2002,26.15,26.6,25.33,26.38,38211600
02/05/2002,26.5,27.04,25.58,25.61,39505800
03/05/2002,25.63,25.84,24.76,24.78,35824800
06/05/2002,24.85,25.27,24.19,24.31,33157700
07/05/2002,24.23,25.15,24.18,24.74,44267500
08/05/2002,25.61,27.49,25.61,27.49,50620300
09/05/2002,26.95,27.5,25.95,26.06,41368800
10/05/2002,26.24,26.34,25,25.03,32261200
13/05/2002,25.13,26.46,24.88,26.35,32410700
14/05/2002,26.99,27.55,26.99,27.44,32436900
15/05/2002,27.63,28.22,26.93,27.38,35230200
16/05/2002,27.5,28.02,27.33,27.87,26708800
17/05/2002,28.15,28.2,27.64,28.02,27323500
20/05/2002,27.78,27.78,26.75,27.01,26060900
21/05/2002,27.2,27.3,26.07,26.1,31564100
22/05/2002,26.01,26.86,25.93,26.83,27085100
23/05/2002,26.6,27.42,26.51,27.41,25716900
24/05/2002,27.13,27.26,26.52,26.63,18007800
28/05/2002,26.63,26.85,25.88,26.16,24801200
29/05/2002,26.09,26.36,25.78,26.03,22699900
30/05/2002,25.93,26.68,25.72,26.32,31761300
31/05/2002,26.5,26.71,25.44,25.46,33237500
03/06/2002,25.58,25.82,24.59,24.71,44224300
04/06/2002,24.8,25.62,24.62,24.99,44028600
05/06/2002,25.17,25.88,25.17,25.83,33489300
06/06/2002,25.89,26.07,25,25.95,39493700
07/06/2002,24.93,26.3,24.93,25.99,48919900
10/06/2002,26.01,26.65,25.73,26.41,35919400
11/06/2002,26.59,27.09,26.21,26.29,37187500
12/06/2002,26.27,27.89,26.25,27.77,68238400
13/06/2002,27.74,27.74,27.1,27.11,39965500
14/06/2002,26.7,27.78,26.5,27.63,55111200
17/06/2002,27.75,28.22,27.69,27.84,47290200
18/06/2002,27.7,28.15,27.68,28,38965900
19/06/2002,27.73,27.97,27.16,27.18,40839500
20/06/2002,27.13,27.55,26.95,27.05,43216300
21/06/2002,27.26,27.28,26.14,26.14,58422400
24/06/2002,26.01,27.32,25.93,27.08,52281000
25/06/2002,27.35,27.5,26.4,26.48,42174700
26/06/2002,25.68,27.2,25.53,27.07,56093500
27/06/2002,27.05,27.47,26.43,27.46,47908200
28/06/2002,27.4,27.9,26.93,27.35,45468500
01/07/2002,27.2,27.2,26.29,26.33,33327000
02/07/2002,26.02,26.46,25.67,25.72,41411400
03/07/2002,25.7,26.26,25.23,26.24,40479800
05/07/2002,26.55,27.45,26.53,27.43,17836800
08/07/2002,27.08,27.47,26.29,26.46,31608000
09/07/2002,26.49,27.37,26.49,26.61,42643400
10/07/2002,26.61,27.1,26.07,26.12,45343300
11/07/2002,26.24,26.54,25.63,26.46,64814300
12/07/2002,26.87,26.87,25.74,25.93,47893100
15/07/2002,25.93,25.93,24,25.9,68789000
16/07/2002,25.65,26.4,25.32,25.63,48633500
17/07/2002,25.97,26.65,25.59,25.9,49033200
18/07/2002,25.99,26.37,25.33,25.56,45746900
19/07/2002,25.25,25.45,24.41,24.78,56286000
22/07/2002,24.65,25,22.95,23.16,90038800
23/07/2002,23.41,23.49,21.49,21.51,84062496
24/07/2002,21.15,23.18,20.71,23.12,101409504
25/07/2002,22.86,22.86,21.22,21.42,81719504
26/07/2002,21.84,22.71,21.84,22.68,61775200
29/07/2002,23.28,24.15,23.28,24.13,56076600
30/07/2002,24.13,24.42,23.67,24.05,61360000
31/07/2002,24.02,24.02,23.18,23.99,47950200
01/08/2002,23.85,24.05,22.75,22.88,46003900
02/08/2002,22.87,22.93,21.9,22.21,43011900
05/08/2002,22,22.59,21.91,22,39607900
06/08/2002,22.38,23.63,22.38,22.84,44383400
07/08/2002,23.28,23.65,22.58,23.55,43177700
08/08/2002,23.88,24.5,23.21,24.46,44378200
09/08/2002,24.17,24.58,23.83,24.06,34525600
12/08/2002,24.1,24.38,23.8,24.24,28442400
13/08/2002,24.08,24.85,23.46,23.53,50073200
14/08/2002,23.61,24.95,23.61,24.86,48423100
15/08/2002,25.1,25.37,24.38,24.89,49374400
16/08/2002,24.89,25.12,24.46,25,34979100
19/08/2002,24.99,26.03,24.93,26,39995700
20/08/2002,25.85,25.85,25.38,25.52,35337000
21/08/2002,25.65,26.19,25.58,26.14,40607800
22/08/2002,26.5,26.73,26.3,26.62,36271700
23/08/2002,26.43,26.43,25.92,26.11,29031600
26/08/2002,26.33,26.33,25.59,26.05,27833900
27/08/2002,25.73,26.23,25.33,25.42,32737400
28/08/2002,25.24,25.33,24.65,24.69,23665100
29/08/2002,24.66,25.5,24.25,25.22,47246400
30/08/2002,24.7,25.24,24.5,24.54,29705600
03/09/2002,24.26,24.26,23.5,23.51,37231100
04/09/2002,23.63,24.3,23.58,24.11,40116200
05/09/2002,23.76,23.76,22.94,22.96,45350700
06/09/2002,23.74,24.14,23.74,23.91,35072600
09/09/2002,23.74,24.48,23.32,24.35,40831500
10/09/2002,24.35,24.91,24.18,24.9,41984500
11/09/2002,25,25.55,24.27,24.29,38982400
12/09/2002,24.15,24.15,23.51,23.58,31902500
13/09/2002,23.5,24.13,23.43,23.96,29774600
16/09/2002,24,24.07,23.53,23.89,25086600
17/09/2002,24.28,24.45,23.61,23.65,36768200
18/09/2002,23.4,24.12,23.33,23.88,42037400
19/09/2002,23.88,23.91,23.3,23.6,38894500
20/09/2002,23.75,24,23.65,23.73,65496900
23/09/2002,23.36,23.36,22.41,22.62,44896600
24/09/2002,22.35,23.24,22.32,22.82,52080400
25/09/2002,23.06,23.48,22.53,23.26,53563800
26/09/2002,23.28,23.75,22.98,23.1,50436000
27/09/2002,23.09,23.55,22.6,22.63,40519600
30/09/2002,22.5,22.52,21.56,21.87,57795900
01/10/2002,22.1,23.13,21.6,23.12,55342400
02/10/2002,23.18,23.41,22.58,22.81,51753500
03/10/2002,22.38,23.3,22.3,22.36,52634000
04/10/2002,22.3,22.79,21.85,21.89,53565700
07/10/2002,21.85,22.53,21.85,22.03,44967800
08/10/2002,22.24,22.99,22.07,22.5,57840600
09/10/2002,22.33,22.73,21.91,22,61616000
10/10/2002,22.08,23.31,21.63,23.19,59280800
11/10/2002,23.51,24.45,23.51,24.44,54415500
14/10/2002,24.2,24.67,23.92,24.65,38150100
15/10/2002,25.33,26.19,25.33,26.15,66726000
16/10/2002,25.15,25.63,25.14,25.21,47749500
17/10/2002,26.25,26.25,25.03,25.39,91648600
18/10/2002,25.75,26.6,25.57,26.58,76483000
21/10/2002,26.05,26.5,25.68,26.26,56196100
22/10/2002,25.76,25.97,25.52,25.84,43581300
23/10/2002,25.68,26.63,25.5,26.6,55672900
24/10/2002,26.55,26.69,25.45,25.62,47925300
25/10/2002,25.7,26.4,25.58,26.34,37715800
28/10/2002,26.68,26.75,25.76,25.98,39956900
29/10/2002,25.94,26.25,25.43,26.04,45295000
30/10/2002,26.15,26.7,25.82,26.56,47222600
31/10/2002,26.56,27.04,26.43,26.74,53000400
01/11/2002,26.15,26.62,25.95,26.5,52727500
04/11/2002,28.5,28.63,27.76,28.05,69994304
05/11/2002,27.91,28.4,27.79,28.32,38335300
06/11/2002,28.53,28.55,27.77,28.52,57786700
07/11/2002,28.15,28.31,27.75,28.01,36852100
08/11/2002,28.01,28.28,27.51,27.55,32989200
11/11/2002,27.48,27.55,26.91,26.93,29204000
12/11/2002,27.26,27.72,26.95,27.26,40949472
13/11/2002,27.27,27.97,27.06,27.68,53996416
14/11/2002,27.94,28.5,27.94,28.5,39259884
15/11/2002,28.46,28.46,27.84,28.35,39240360
18/11/2002,28.44,28.52,27.87,27.93,29118268
19/11/2002,27.86,27.9,27.16,27.42,38279280
20/11/2002,27.47,28.45,27.47,28.31,38369324
21/11/2002,28.57,29,28.39,28.92,41564072
22/11/2002,28.72,29.15,28.53,29.11,35069864
25/11/2002,29.13,29.32,28.79,29.12,30869036
26/11/2002,29.1,29.13,28.39,28.45,34590320
27/11/2002,28.7,29.31,28.7,29.04,27667402
29/11/2002,29.07,29.32,28.8,28.84,14233398
02/12/2002,29.15,29.48,28.51,28.85,31952108
03/12/2002,28.68,28.68,28.21,28.36,29325160
04/12/2002,28.12,28.72,27.91,28.27,42045496
05/12/2002,28.55,28.55,27.65,27.67,34517024
06/12/2002,27.66,27.87,27.11,27.74,35910140
09/12/2002,27.61,27.61,26.76,26.77,32020494
10/12/2002,27.03,27.24,26.74,27.01,31962220
11/12/2002,26.98,27.51,26.79,27.33,34661892
12/12/2002,27.2,27.53,26.85,27.09,27697072
13/12/2002,26.88,26.88,26.25,26.25,32702808
16/12/2002,26.47,27.28,26.34,27.24,30136604
17/12/2002,27.19,27.5,26.89,27.18,24910446
18/12/2002,27.03,27.2,26.4,26.77,31448966
19/12/2002,26.72,27.38,26.44,26.56,41462808
20/12/2002,26.7,26.86,26.48,26.52,49267704
23/12/2002,26.48,27.14,26.45,27,24452008
24/12/2002,26.9,27.12,26.76,26.91,9213922
26/12/2002,26.98,27.35,26.59,26.7,18670730
27/12/2002,26.68,27,26.45,26.49,20506844
30/12/2002,26.53,26.62,26.14,26.38,24149224
31/12/2002,26.39,26.5,25.63,25.85,29192978
02/01/2003,26,26.88,25.86,26.86,33604108
03/01/2003,26.9,26.9,26.44,26.9,27872112
06/01/2003,27.04,27.62,26.9,27.39,29845842
07/01/2003,27.41,28.01,27.34,27.9,40556964
08/01/2003,27.73,27.78,27.06,27.12,32374572
09/01/2003,27.33,27.96,27.27,27.91,31024320
10/01/2003,28.06,28.15,27.45,27.96,33992736
13/01/2003,28.23,28.38,27.89,28.2,30520302
14/01/2003,28.33,28.5,28.1,28.49,27220920
15/01/2003,28.48,28.66,28.1,28.14,29999692
16/01/2003,28.14,28.33,27.56,27.68,41702568
17/01/2003,26.39,26.5,25.66,25.73,78059600
21/01/2003,25.78,26.08,25.65,25.67,43206744
22/01/2003,25.54,26.2,25.46,25.5,43743132
23/01/2003,25.84,26.27,25.73,26.14,35814808
24/01/2003,26.03,26.03,24.85,24.93,51718408
27/01/2003,24.58,25.3,24.21,24.59,57593240
28/01/2003,24.63,24.85,24.28,24.41,43206988
29/01/2003,24.44,25.02,23.97,24.96,53613232
30/01/2003,24.99,25.09,24.1,24.12,44193936
31/01/2003,24.18,24.18,23.52,23.73,53591484
03/02/2003,23.93,24.55,23.73,24.28,40410264
04/02/2003,23.97,23.97,23.44,23.66,41062240
05/02/2003,23.69,24.27,23.33,23.48,50688368
06/02/2003,23.49,23.81,23.28,23.71,41808980
07/02/2003,23.73,23.98,23.21,23.29,37926056
10/02/2003,23.38,23.76,23.27,23.69,37166708
11/02/2003,23.69,23.84,23,23.22,42298340
12/02/2003,23.13,23.55,23.13,23.22,35788152
13/02/2003,23.3,23.56,23.07,23.5,36919764
14/02/2003,23.64,24.25,23.39,24.15,45385428
18/02/2003,24.43,24.99,24.4,24.96,57543712
19/02/2003,24.86,24.88,24.17,24.53,47130584
20/02/2003,24.7,24.87,24.1,24.15,51027896
21/02/2003,24.13,24.8,23.7,24.61,57081028
24/02/2003,24.5,24.5,23.84,24.07,62548552
25/02/2003,24.07,24.27,23.38,24.19,68473112
26/02/2003,24.15,24.47,23.58,23.6,57314560
27/02/2003,23.6,24.21,23.3,23.58,75639264
28/02/2003,23.69,24.07,23.56,23.7,56737928
03/03/2003,23.99,24.12,23.41,23.54,50841128
04/03/2003,23.52,23.66,23.06,23.07,56803900
05/03/2003,23.07,23.55,23.05,23.44,55631396
06/03/2003,23.43,23.5,23.13,23.27,51553416
07/03/2003,23.06,23.79,22.9,23.56,66167680
10/03/2003,23.46,23.46,22.89,22.95,48721360
11/03/2003,22.99,23.27,22.76,22.79,54268388
12/03/2003,22.75,23.44,22.55,23.39,72568872
13/03/2003,23.44,24.74,23.44,24.67,81041416
14/03/2003,24.85,24.96,24.26,24.86,75701352
17/03/2003,24.63,25.95,24.33,25.93,101197120
18/03/2003,25.85,26.04,25.5,26.04,78377648
19/03/2003,25.95,26.43,25.74,26.32,73828592
20/03/2003,26.3,26.52,25.67,26.25,72006424
21/03/2003,26.5,26.9,26.03,26.57,85826304
24/03/2003,25.94,25.94,25.19,25.29,61250392
25/03/2003,25.28,25.75,25.03,25.49,63608928
26/03/2003,25.62,25.62,25.24,25.25,51687896
27/03/2003,25.06,25.26,24.6,25.04,60045256
28/03/2003,25.04,25.1,24.6,24.67,39582172
31/03/2003,24.25,24.71,24.01,24.21,71461184
01/04/2003,24.25,24.7,24.25,24.35,49803232
02/04/2003,25.72,26,25.1,25.72,68328208
03/04/2003,25.72,26.09,25.6,25.73,57710344
04/04/2003,25.45,25.8,24.93,25.09,55755448
07/04/2003,26.25,26.43,25.17,25.17,65658300
08/04/2003,25.4,25.84,25.2,25.58,54145572
09/04/2003,25.5,25.67,24.54,24.57,76927112
10/04/2003,24.7,24.79,24.28,24.59,51638640
11/04/2003,24.65,25.18,23.95,24.2,71742752
14/04/2003,24.4,24.88,24,24.75,51950692
15/04/2003,24.79,24.79,24.1,24.61,64352120
16/04/2003,25.74,25.74,24.6,24.91,86373960
17/04/2003,25,25.54,24.74,25.5,58519228
21/04/2003,25.5,25.61,25.08,25.21,41678748
22/04/2003,25.25,25.8,25.03,25.74,58986852
23/04/2003,25.76,25.99,25.47,25.72,55821380
24/04/2003,25.58,25.72,25.32,25.49,51884816
25/04/2003,25.23,25.64,25.17,25.21,53778520
28/04/2003,25.35,25.94,25.32,25.74,56394044
29/04/2003,25.84,26.25,25.68,25.81,66023240
30/04/2003,25.81,25.88,25.25,25.56,55690960
01/05/2003,25.57,25.95,25.34,25.71,42214792
02/05/2003,25.82,26.29,25.57,26.13,52815512
05/05/2003,26.15,26.39,25.84,25.86,50537556
06/05/2003,25.91,26.5,25.82,26.38,54468152
07/05/2003,26.35,26.35,25.84,25.99,49234536
08/05/2003,25.83,26.15,25.71,25.75,46541276
09/05/2003,25.91,26.5,25.89,26.35,59018780
12/05/2003,26.3,26.47,26.06,26.21,54013256
13/05/2003,26.2,26.2,25.89,25.99,44622196
14/05/2003,26.07,26.18,25.55,25.63,45131528
15/05/2003,25.6,26.01,25.57,25.79,45697872
16/05/2003,25.6,26.05,25.41,25.57,60488392
19/05/2003,25.33,25.54,24.74,24.8,55447136
20/05/2003,24.86,25,24.5,24.63,52782940
21/05/2003,24.71,24.71,23.89,24.03,109343440
22/05/2003,24.04,24.27,24.04,24.16,93413312
23/05/2003,24.15,24.54,24.03,24.22,77053072
27/05/2003,24.23,24.89,24.22,24.79,68514304
28/05/2003,24.83,24.87,24.3,24.41,91526304
29/05/2003,24.42,24.67,24.23,24.4,75491904
30/05/2003,24.51,24.91,24.51,24.61,85397904
02/06/2003,24.78,25.03,24.57,24.64,66328680
03/06/2003,24.6,24.92,24.57,24.88,61069652
04/06/2003,24.88,25.22,24.74,24.87,83566272
05/06/2003,24.52,24.52,24.01,24.09,116136864
06/06/2003,24.39,24.56,23.65,23.67,121172560
09/06/2003,23.76,23.98,23.6,23.75,73629368
10/06/2003,23.95,24.75,23.85,24.68,80734304
11/06/2003,24.53,24.96,24.42,24.88,75791784
12/06/2003,24.95,25.14,24.74,24.99,66224396
13/06/2003,25,25.25,24.49,24.65,55158964
16/06/2003,24.67,25.42,24.67,25.39,70139488
17/06/2003,25.6,26.14,25.53,25.96,122234256
18/06/2003,25.98,26.43,25.71,26.07,89966720
19/06/2003,26.15,26.39,26.01,26.07,63712208
20/06/2003,26.15,26.38,26.01,26.33,86918552
23/06/2003,26.22,26.24,25.49,25.78,53001296
24/06/2003,25.82,26.04,25.52,25.7,51939104
25/06/2003,25.76,25.99,25.14,25.26,60580528
26/06/2003,25.4,26.51,25.21,25.75,51735860
27/06/2003,26,26.34,25.53,25.63,76061808
30/06/2003,25.78,26.12,25.5,25.64,53109056
01/07/2003,25.61,26.2,25.39,26.15,61030760
02/07/2003,26.85,26.93,26.45,26.88,95165552
03/07/2003,26.75,26.95,26.41,26.45,39441208
07/07/2003,27.21,27.55,26.95,27.42,89251688
08/07/2003,27.3,27.8,27.25,27.7,61963584
09/07/2003,27.45,27.7,27.25,27.47,62413896
10/07/2003,27.34,27.45,26.59,26.91,55498400
11/07/2003,26.99,27.45,26.89,27.31,50386816
14/07/2003,27.71,27.81,27.05,27.4,60470936
15/07/2003,27.4,27.53,27.1,27.27,53650784
16/07/2003,27.62,27.62,27.2,27.52,50506828
17/07/2003,27.01,27.27,26.54,26.69,73665520
18/07/2003,26.75,27.23,26.75,26.89,63403704
21/07/2003,26.91,26.91,26,26.04,49062792
22/07/2003,26.34,26.56,26.13,26.38,51803000
23/07/2003,26.35,26.65,26.14,26.45,49831936
24/07/2003,26.51,26.92,25.98,26,53573420
25/07/2003,26.25,26.95,26.07,26.89,54185088
28/07/2003,26.92,27,26.49,26.61,52711820
29/07/2003,26.8,26.9,26.24,26.47,62427088
30/07/2003,26.51,26.57,26.17,26.23,41252148
31/07/2003,26.33,26.99,26.31,26.41,64532272
01/08/2003,26.5,26.51,26.12,26.17,43200256
04/08/2003,26.26,26.41,25.75,26.18,51837768
05/08/2003,26.13,26.54,25.6,25.66,58918340
06/08/2003,25.43,26.19,25.43,25.65,56301024
07/08/2003,25.69,25.81,25.45,25.71,44295184
08/08/2003,25.72,25.98,25.5,25.58,33329526
11/08/2003,25.54,25.99,25.54,25.61,36438584
12/08/2003,25.69,25.77,25.45,25.73,38219344
13/08/2003,25.68,25.89,25.5,25.6,39689032
14/08/2003,25.59,25.71,25.52,25.59,36660724
15/08/2003,25.53,25.66,25.43,25.54,27613332
18/08/2003,25.55,25.83,25.46,25.7,45970004
19/08/2003,25.77,26.65,25.77,26.62,73001488
20/08/2003,26.52,26.53,26,26.45,56805848
21/08/2003,26.51,26.73,26.13,26.24,63920668
22/08/2003,26.23,26.95,26.21,26.22,65864452
25/08/2003,26.23,26.54,26.23,26.5,36157256
26/08/2003,26.49,26.67,25.96,26.57,47557324
27/08/2003,26.58,26.58,26.3,26.42,30638514
28/08/2003,26.43,26.58,26.24,26.51,46220736
29/08/2003,26.35,26.55,26.35,26.52,34776120
02/09/2003,26.74,27.3,26.47,27.26,74314624
03/09/2003,27.38,28.4,27.38,28.3,109502848
04/09/2003,28.29,28.47,27.99,28.43,60199008
05/09/2003,28.5,28.75,28.17,28.38,64049180
08/09/2003,28.5,28.92,28.34,28.84,46161768
09/09/2003,28.71,28.71,28.31,28.37,44455560
10/09/2003,28.18,28.18,27.48,27.55,54770212
11/09/2003,27.59,28.11,27.59,27.84,37959192
12/09/2003,27.6,28.4,26.7,28.34,55787532
15/09/2003,28.45,28.61,28.33,28.36,41446548
16/09/2003,28.36,28.95,28.32,28.9,52369784
17/09/2003,28.8,28.95,28.47,28.5,47232032
18/09/2003,28.45,29.51,28.42,29.5,67278176
19/09/2003,29.55,29.97,29.52,29.96,92496016
22/09/2003,29.55,30,28.81,29.07,65715120
23/09/2003,29.05,29.71,28.88,29.6,58359896
24/09/2003,29.7,29.7,28.42,28.46,66476632
25/09/2003,28.55,28.96,28.22,28.24,56263208
26/09/2003,28.18,28.78,28.14,28.19,49867952
29/09/2003,28.15,28.91,28.1,28.83,47384600
30/09/2003,28.61,28.61,27.75,27.8,63403292
01/10/2003,27.9,28.63,27.81,28.52,59194080
02/10/2003,28.49,28.75,28.19,28.5,38393640
03/10/2003,28.93,29.46,28.93,29.08,57309124
06/10/2003,29.25,29.3,28.91,29.19,34057032
07/10/2003,29.25,29.37,28.92,29.14,52374444
08/10/2003,29.13,29.36,28.68,28.82,47001128
09/10/2003,28.89,29.35,28.8,28.94,62736808
10/10/2003,28.67,29.2,28.67,28.91,37611608
13/10/2003,29,29.1,28.5,28.78,39342696
14/10/2003,28.6,28.77,28.48,28.68,35191312
15/10/2003,29,29.26,28.7,29.07,58358104
16/10/2003,29,29.31,28.8,29.23,42270252
17/10/2003,29.19,29.29,28.8,28.93,51135992
20/10/2003,29,29.37,28.8,29.35,38831484
21/10/2003,29.43,29.43,29.17,29.35,44176164
22/10/2003,29.21,29.21,28.8,28.89,48852064
23/10/2003,28.6,29.08,28.1,28.91,69534104
24/10/2003,27.4,27.4,26.42,26.61,210918192
27/10/2003,26.82,27.1,26.82,26.91,65641720
28/10/2003,27,27.22,26.88,27.2,72144560
29/10/2003,27.2,27.25,26.66,26.74,73595064
30/10/2003,26.96,27.04,25.91,26.12,99139272
31/10/2003,26.33,26.44,26.11,26.14,69659088
03/11/2003,26.33,26.75,26.29,26.68,57790228
04/11/2003,26.62,26.62,26.01,26.07,84035768
05/11/2003,26.15,26.32,26,26.1,61569648
06/11/2003,26.3,26.3,26,26.23,68225792
07/11/2003,26.34,26.49,26.03,26.1,57862060
10/11/2003,26.15,26.23,26,26,54596152
11/11/2003,25.95,26.08,25.67,25.8,64999504
12/11/2003,25.86,26.14,25.6,25.98,76231280
13/11/2003,25.93,25.93,25.45,25.69,79154368
14/11/2003,25.79,26.02,25.44,25.5,83171112
17/11/2003,25.4,25.44,24.84,25.15,103939280
18/11/2003,25.15,25.84,25.12,25.15,110110624
19/11/2003,25.18,25.54,25.17,25.35,78862800
20/11/2003,25.35,25.63,25.08,25.1,107168832
21/11/2003,25.23,25.38,25.08,25.11,70823448
24/11/2003,25.28,25.81,25.28,25.73,100276360
25/11/2003,25.77,25.95,25.38,25.4,85997504
26/11/2003,25.51,25.63,25.32,25.45,69767064
28/11/2003,25.67,25.75,25.4,25.71,33404276
01/12/2003,25.83,26.21,25.5,25.84,102442208
02/12/2003,25.74,26.09,25.61,25.66,85121712
03/12/2003,25.82,26.07,25.62,25.67,93121528
04/12/2003,25.72,26.23,25.66,26.2,87238064
05/12/2003,26.03,26.48,25.92,25.98,96622992
08/12/2003,26.16,26.34,25.81,26.24,90611832
09/12/2003,26.39,26.61,26.25,26.38,103563952
10/12/2003,26.45,26.63,26.38,26.59,82868112
11/12/2003,26.63,26.77,26.28,26.61,79332408
12/12/2003,26.68,26.81,26.5,26.65,69212560
15/12/2003,27.05,27.1,26.68,26.74,88870944
16/12/2003,26.81,27.16,26.77,27.06,73984240
17/12/2003,27.04,27.08,26.85,27.04,53753584
18/12/2003,27.37,27.45,27.05,27.4,61190616
19/12/2003,27.42,27.55,27.19,27.36,76923608
22/12/2003,27.2,27.43,26.97,27.18,43931368
23/12/2003,27.2,27.34,27.01,27.15,39615408
24/12/2003,27.1,27.16,27,27.04,19924190
26/12/2003,27.05,27.25,27,27.21,12076814
29/12/2003,27.21,27.53,27.16,27.46,40436736
30/12/2003,27.5,27.55,27.4,27.52,34407448
31/12/2003,27.5,27.55,27.23,27.37,42251892
02/01/2004,27.5,27.77,27.33,27.45,44487644
05/01/2004,27.73,28.18,27.72,28.14,67341840
06/01/2004,28.16,28.28,28.07,28.24,46958280
07/01/2004,28.23,28.31,28.01,28.21,54330540
08/01/2004,28.22,28.48,28,28.16,58818964
09/01/2004,28.03,28.06,27.59,27.66,67144616
12/01/2004,27.7,27.73,27.35,27.57,55860376
13/01/2004,27.57,27.64,27.26,27.43,51558312
14/01/2004,27.57,27.73,27.47,27.7,43940832
15/01/2004,27.7,27.72,27.42,27.54,58526360
16/01/2004,27.59,27.88,27.53,27.81,64008120
20/01/2004,28.05,28.2,27.93,28.1,63096876
21/01/2004,28.08,28.3,27.85,28.3,53641476
22/01/2004,28.36,28.44,27.94,28.01,79830104
23/01/2004,28.28,28.76,28.22,28.48,127268328
26/01/2004,28.53,28.83,28.32,28.8,58316840
27/01/2004,28.7,28.72,28.22,28.25,63227108
28/01/2004,28.35,28.44,27.47,27.71,71251152
29/01/2004,27.71,27.95,27.57,27.91,63750368
30/01/2004,27.84,27.9,27.55,27.65,40531804
02/02/2004,27.65,27.8,27.24,27.4,63305412
03/02/2004,27.3,27.55,27.18,27.29,48206748
04/02/2004,27.3,27.43,27.01,27.01,60938652
05/02/2004,27.02,27.17,26.83,26.96,55565356
06/02/2004,26.96,27.19,26.93,27.08,47216232
09/02/2004,27.08,27.23,26.85,26.9,48110932
10/02/2004,26.95,27.15,26.82,27.02,37843404
11/02/2004,27.05,27.23,26.85,27.15,51515284
12/02/2004,27.09,27.15,26.93,26.95,44792236
13/02/2004,26.9,27.06,26.5,26.59,67550720
17/02/2004,26.77,27.1,26.59,26.99,43486352
18/02/2004,27.1,27.11,26.74,26.77,50342324
19/02/2004,26.85,26.98,26.43,26.46,62151120
20/02/2004,26.58,26.8,26.5,26.57,57835228
23/02/2004,26.75,26.76,26.48,26.61,50274760
24/02/2004,26.63,26.95,26.55,26.88,55437308
25/02/2004,26.8,26.99,26.61,26.7,64495128
26/02/2004,26.62,26.65,26.41,26.5,66605896
27/02/2004,26.41,26.62,26.35,26.53,58282184
01/03/2004,26.53,26.72,26.5,26.7,52154832
02/03/2004,26.61,26.69,26.35,26.39,66346628
03/03/2004,26.4,26.55,26.22,26.37,55002832
04/03/2004,26.37,26.42,26.21,26.37,44030372
05/03/2004,26.35,26.6,26.2,26.35,59852304
08/03/2004,26.31,26.35,25.81,25.83,69399000
09/03/2004,25.83,25.97,25.54,25.72,81131384
10/03/2004,25.74,25.8,25.35,25.37,75170936
11/03/2004,25.36,25.78,25.07,25.09,90594368
12/03/2004,25.38,25.51,25.23,25.38,64143860
15/03/2004,25.3,25.43,25.06,25.16,68841600
16/03/2004,25.26,25.37,25.1,25.18,65454168
17/03/2004,25.25,25.46,25.11,25.13,56265756
18/03/2004,24.81,25.03,24.58,24.89,123243240
19/03/2004,24.77,24.94,24.56,24.63,86679712
22/03/2004,24.5,24.84,24.01,24.5,127820320
23/03/2004,24.65,24.66,24.11,24.15,91728992
24/03/2004,24.33,24.58,24.18,24.41,97589360
25/03/2004,24.6,25.24,24.58,25.19,85689640
26/03/2004,25.25,25.51,25,25.03,61593456
29/03/2004,25.17,25.4,25,25.31,51888700
30/03/2004,25.29,25.33,25.03,25.2,59015156
31/03/2004,25.2,25.2,24.87,24.93,70546888
01/04/2004,24.95,25.11,24.85,25.08,69070248
02/04/2004,25.48,25.9,25.44,25.85,98051440
05/04/2004,25.9,25.98,25.73,25.95,53803928
06/04/2004,25.9,25.9,25.66,25.8,49049352
07/04/2004,25.69,25.78,25.35,25.59,63303296
08/04/2004,25.82,25.85,25.36,25.48,45298496
12/04/2004,25.68,25.74,25.43,25.61,38820232
13/04/2004,25.69,25.77,25.41,25.45,56985200
14/04/2004,25.4,25.68,25.38,25.51,61088192
15/04/2004,25.57,25.73,25.1,25.22,73850392
16/04/2004,25.15,25.4,25.11,25.16,51773660
19/04/2004,25.09,25.6,25.06,25.53,44594440
20/04/2004,25.64,25.88,25.28,25.33,59922364
21/04/2004,25.46,25.49,25.2,25.45,49264184
22/04/2004,25.52,25.99,25.47,25.95,100198880
23/04/2004,27.36,27.72,27.34,27.54,258297472
26/04/2004,27.45,27.55,27.1,27.24,89395072
27/04/2004,27.21,27.37,27.13,27.22,82078208
28/04/2004,27.01,27.05,26.47,26.56,72849168
29/04/2004,26.53,26.94,26.31,26.48,78144216
30/04/2004,26.66,26.75,25.96,26.13,66175600
03/05/2004,26.22,26.52,26.19,26.35,66039448
04/05/2004,26.4,26.54,26.02,26.33,55497200
05/05/2004,26.27,26.6,26.25,26.3,52928880
06/05/2004,26.14,26.34,26.03,26.12,62694608
07/05/2004,26.04,26.38,25.75,25.78,68297032
10/05/2004,25.64,26.05,25.62,25.93,64633152
11/05/2004,26.08,26.11,25.79,25.94,57935096
12/05/2004,25.89,26,25.43,25.94,64163500
13/05/2004,25.85,26.19,25.79,26.1,63868480
14/05/2004,25.98,26.17,25.64,25.86,43781224
17/05/2004,25.71,25.79,25.42,25.54,55160512
18/05/2004,25.69,25.97,25.64,25.83,58158836
19/05/2004,26.06,26.27,25.62,25.62,60063828
20/05/2004,25.74,25.87,25.59,25.73,52092800
21/05/2004,25.9,26.2,25.78,25.89,57810108
24/05/2004,26.05,26.17,25.74,25.76,56258012
25/05/2004,25.7,26.19,25.6,26.1,66620288
26/05/2004,25.99,26.15,25.85,26.14,50341476
27/05/2004,26.16,26.19,25.92,26.19,49089692
28/05/2004,26.14,26.35,26.02,26.23,37396196
01/06/2004,26.11,26.27,25.87,26.11,48377696
02/06/2004,26.14,26.28,26.01,26.13,54022508
03/06/2004,26.06,26.13,25.86,25.89,45946524
04/06/2004,26.11,26.24,25.94,25.95,48819776
07/06/2004,26.08,26.43,25.97,26.43,65229576
08/06/2004,26.27,26.65,26.24,26.6,58252832
09/06/2004,26.47,26.65,26.4,26.47,50386072
10/06/2004,26.43,26.79,26.38,26.77,48111708
14/06/2004,26.57,26.9,26.53,26.9,67440992
15/06/2004,26.98,27.6,26.97,27.41,114245024
16/06/2004,27.28,27.5,27.15,27.32,67437048
17/06/2004,27.3,27.92,27.29,27.77,106009672
18/06/2004,27.77,28.5,27.7,28.35,134291088
21/06/2004,28.33,28.66,28.12,28.35,116884920
22/06/2004,28.15,28.35,27.81,28.29,99479632
23/06/2004,28.18,28.38,28,28.3,58638260
24/06/2004,28.42,28.65,28.36,28.39,65528480
25/06/2004,28.47,28.63,28.25,28.57,76597416
28/06/2004,28.6,28.75,28.17,28.28,77109168
29/06/2004,28.18,28.58,28.18,28.5,55481832
30/06/2004,28.6,28.8,28.39,28.56,83619472
01/07/2004,28.68,28.84,28.26,28.63,78974368
02/07/2004,28.59,28.68,28.4,28.57,36693432
06/07/2004,28.32,28.33,27.94,28.02,69168224
07/07/2004,28,28.32,27.55,28.1,66315432
08/07/2004,27.87,28.15,27.55,27.64,59132496
09/07/2004,27.75,28,27.64,27.86,50254840
12/07/2004,27.71,28,27.59,27.89,45766448
13/07/2004,27.93,27.95,27.6,27.6,43466800
14/07/2004,27.37,28.36,27.34,28.13,87663760
15/07/2004,28.08,28.2,27.8,27.87,46761728
16/07/2004,28.16,28.2,27.25,27.48,66407472
19/07/2004,27.64,28.26,27.6,27.95,60364128
20/07/2004,28,28.48,27.85,28.32,90202872
21/07/2004,29.58,29.89,28.81,28.86,201563984
22/07/2004,29.04,29.3,28.83,29,125990352
23/07/2004,28.38,28.4,28.02,28.03,97557632
26/07/2004,28.37,28.71,28.2,28.66,72406288
27/07/2004,28.73,28.76,28.13,28.44,72988608
28/07/2004,28.32,28.79,28.28,28.58,62725936
29/07/2004,28.62,28.8,28.25,28.48,60149008
30/07/2004,28.46,28.81,28.33,28.49,59555164
02/08/2004,28.27,28.55,28.16,28.52,52273376
03/08/2004,28.38,28.42,28,28.07,53996968
04/08/2004,28,28.2,27.99,28.06,46219264
05/08/2004,28.14,28.21,27.52,27.53,55618228
06/08/2004,27.38,27.86,27.06,27.14,75666880
09/08/2004,27.23,27.28,27.1,27.18,51878808
10/08/2004,27.29,27.75,27.25,27.72,57701636
11/08/2004,27.37,27.51,27.2,27.41,53103320
12/08/2004,27.24,27.31,26.86,26.88,50341300
13/08/2004,27.12,27.25,26.98,27.02,43345712
16/08/2004,27.09,27.2,26.96,27.09,54359864
17/08/2004,27.2,27.38,26.98,27.05,56880452
18/08/2004,27.05,27.5,26.89,27.46,58861072
19/08/2004,27.35,27.45,27.01,27.12,46301584
20/08/2004,27.13,27.37,27.04,27.2,46498928
23/08/2004,27.28,27.33,27.12,27.24,39573376
24/08/2004,27.39,27.46,27.09,27.24,40835780
25/08/2004,27.21,27.67,27.18,27.55,53543760
26/08/2004,27.45,27.6,27.39,27.44,35483000
27/08/2004,27.5,27.65,27.45,27.46,33261976
30/08/2004,27.28,27.39,26.85,27.3,36682520
31/08/2004,27.31,27.32,27.05,27.3,52162784
01/09/2004,27.22,27.52,27.14,27.39,48510040
02/09/2004,27.42,27.68,27.35,27.62,42224736
03/09/2004,27.44,27.62,27.1,27.11,46226740
07/09/2004,27.3,27.38,27.16,27.36,45622540
08/09/2004,27.34,27.47,27.14,27.26,53437452
09/09/2004,27.3,27.47,27.18,27.28,56973816
10/09/2004,27.32,27.51,27.18,27.49,52748400
13/09/2004,27.53,27.57,26.74,27.25,48256736
14/09/2004,27.39,27.51,27.27,27.44,56071800
15/09/2004,27.38,27.4,27.14,27.19,52687788
16/09/2004,27.24,27.35,27.17,27.26,35962344
17/09/2004,27.39,27.53,27.26,27.51,67368432
20/09/2004,27.44,27.65,27.33,27.51,51524220
21/09/2004,27.47,27.53,27.25,27.26,73905344
22/09/2004,27.25,27.74,27.07,27.12,68411656
23/09/2004,27.19,27.39,27.17,27.35,52159008
24/09/2004,27.4,27.46,27.19,27.29,49887224
27/09/2004,27.17,27.32,27.13,27.19,48033360
28/09/2004,27.21,27.36,27.04,27.27,62057504
29/09/2004,27.26,27.69,27.23,27.58,61553764
30/09/2004,27.59,27.79,27.52,27.65,71251104
01/10/2004,27.83,28.32,27.78,28.25,66350260
04/10/2004,28.42,28.46,28.07,28.12,62059156
05/10/2004,28.14,28.45,28.1,28.38,58023808
06/10/2004,28.36,28.55,28.23,28.53,57006152
07/10/2004,28.52,28.59,28.16,28.17,38776684
08/10/2004,28.12,28.33,27.97,27.99,49561880
11/10/2004,28.2,28.22,27.93,28.06,44698660
12/10/2004,27.84,28.16,27.81,28.03,56420424
13/10/2004,28.25,28.27,27.94,28.03,49539572
14/10/2004,28.06,28.16,27.8,27.8,41538240
15/10/2004,27.96,28.24,27.82,27.99,49833856
18/10/2004,28.07,28.45,27.98,28.41,50512056
19/10/2004,28.55,28.59,28.17,28.18,57051768
20/10/2004,28.12,28.75,28.12,28.7,69128200
21/10/2004,28.82,28.89,28.47,28.56,95665576
22/10/2004,28.31,28.34,27.58,27.74,102133216
25/10/2004,27.68,27.77,27.55,27.63,61583048
26/10/2004,27.71,27.9,27.63,27.9,77094936
27/10/2004,27.86,28.35,27.58,28.15,72660568
28/10/2004,28.11,28.54,27.9,28.01,63089412
29/10/2004,28.09,28.15,27.42,27.97,80199088
01/11/2004,28.15,28.28,27.96,28.08,72965208
02/11/2004,28.23,28.47,28.03,28.24,89482128
03/11/2004,28.65,28.65,28.31,28.47,79732848
04/11/2004,28.4,29,28.38,29,87894440
05/11/2004,29.16,29.36,29.03,29.31,95361624
08/11/2004,29.18,29.48,29.13,29.28,116089024
09/11/2004,29.43,29.89,29.35,29.77,100601296
10/11/2004,29.89,30,29.69,29.73,84214608
11/11/2004,29.87,30.08,29.82,29.98,88754000
12/11/2004,30.17,30.2,29.8,29.97,162601392
15/11/2004,27.36,27.5,27.2,27.39,104734032
16/11/2004,27.33,27.34,27.05,27.12,64592720
17/11/2004,27.25,27.36,27.06,27.17,59091048
18/11/2004,27.13,27.17,27,27.07,65275516
19/11/2004,27.03,27.07,26.84,26.86,85866208
22/11/2004,26.75,26.82,26.1,26.65,92498288
23/11/2004,26.53,26.7,26.4,26.53,70475568
24/11/2004,26.63,26.73,26.4,26.64,60074724
26/11/2004,26.56,26.82,26.55,26.6,24407696
29/11/2004,26.65,26.95,26.61,26.77,67082952
30/11/2004,26.75,27.01,26.7,26.81,76200960
01/12/2004,26.95,27.28,26.81,27.25,100955120
02/12/2004,27.3,27.4,26.92,27.09,96327160
03/12/2004,27.3,27.44,27.14,27.23,76819416
06/12/2004,27.25,27.44,27.07,27.33,55329712
07/12/2004,27.26,27.38,27,27.07,131434624
08/12/2004,27.1,27.36,26.91,27.36,95663344
09/12/2004,27.13,27.36,26.94,27.23,83008152
10/12/2004,27.08,27.18,27.04,27.08,70949640
13/12/2004,27.1,27.28,26.91,27.25,93841304
14/12/2004,27.05,27.33,27.04,27.23,127862288
15/12/2004,27.23,27.4,27.07,27.11,106358520
16/12/2004,27.15,27.28,27.01,27.16,89861448
17/12/2004,27.17,27.32,26.8,26.96,128967168
20/12/2004,27.01,27.15,26.89,26.95,85557936
21/12/2004,26.98,27.17,26.94,27.07,94685128
22/12/2004,26.84,27.15,26.78,26.97,63806456
23/12/2004,26.87,27.15,26.83,27.01,65821360
27/12/2004,27.01,27.1,26.82,26.85,55970376
28/12/2004,26.84,27.03,26.8,26.95,55109856
29/12/2004,26.85,27,26.82,26.9,47686104
30/12/2004,26.89,26.94,26.75,26.76,48357392
31/12/2004,26.76,26.9,26.68,26.72,55026720
03/01/2005,26.82,26.95,26.65,26.74,65448756
04/01/2005,26.87,27.1,26.66,26.84,109566160
05/01/2005,26.85,27.1,26.76,26.78,72498288
06/01/2005,26.87,27.06,26.64,26.75,76905392
07/01/2005,26.88,26.89,26.62,26.67,68882208
10/01/2005,26.6,26.86,26.54,26.8,71195224
11/01/2005,26.69,26.82,26.61,26.73,65751376
12/01/2005,26.77,26.85,26.62,26.78,73085936
13/01/2005,26.68,26.8,26.16,26.27,89925112
14/01/2005,26.34,26.45,26.04,26.12,92239240
18/01/2005,26.03,26.35,25.84,26.32,69322696
19/01/2005,26.2,26.26,25.92,25.98,61007232
20/01/2005,25.84,26.1,25.74,25.86,58392692
21/01/2005,26.06,26.13,25.64,25.65,76552544
24/01/2005,25.76,26,25.64,25.67,69018952
25/01/2005,25.76,26.19,25.75,26.02,67595728
26/01/2005,26.07,26.17,25.9,26.01,64986584
27/01/2005,25.95,26.16,25.85,26.11,94030112
28/01/2005,26.54,26.65,25.96,26.18,110508368
31/01/2005,26.36,26.52,26.16,26.28,72022808
01/02/2005,26.25,26.43,26.22,26.39,58114468
02/02/2005,26.44,26.5,26.28,26.46,80402664
03/02/2005,26.37,26.4,26.1,26.18,62654400
04/02/2005,26.22,26.37,26.14,26.32,61260624
07/02/2005,26.26,26.3,26.06,26.16,57879136
08/02/2005,26.19,26.34,26.16,26.24,61426460
09/02/2005,26.25,26.31,26.04,26.07,81087080
10/02/2005,26.1,26.13,26,26.06,71897728
11/02/2005,26.05,26.12,25.81,25.97,84002832
14/02/2005,25.92,26.12,25.91,26.01,58933744
15/02/2005,26.01,26.08,25.86,25.93,76618384
16/02/2005,25.87,25.93,25.67,25.79,57531016
17/02/2005,25.72,25.86,25.6,25.65,67181232
18/02/2005,25.64,25.65,25.4,25.48,77093224
22/02/2005,25.25,25.49,25.2,25.23,96502528
23/02/2005,25.24,25.35,25.17,25.2,83690304
24/02/2005,25.19,25.44,25.15,25.37,85448536
25/02/2005,25.33,25.38,25.15,25.25,62483732
28/02/2005,25.23,25.37,25.13,25.16,82783696
01/03/2005,25.19,25.41,25.13,25.28,56684328
02/03/2005,25.2,25.48,25.16,25.26,67739968
03/03/2005,25.3,25.31,25.14,25.17,52185488
04/03/2005,25.2,25.3,25.13,25.17,63058128
07/03/2005,25.18,25.79,25.16,25.47,80510552
08/03/2005,25.38,25.62,25.34,25.4,52921852
09/03/2005,25.39,25.57,25.28,25.31,62992136
10/03/2005,25.42,25.48,25.25,25.43,59138412
11/03/2005,25.45,25.48,25.06,25.09,60620772
14/03/2005,25.07,25.15,24.96,25.11,65550416
15/03/2005,25.1,25.24,24.89,24.91,71681624
16/03/2005,24.8,24.97,24.56,24.63,75012904
17/03/2005,24.68,24.68,24.53,24.54,60613924
18/03/2005,24.51,24.91,24.28,24.31,158387968
21/03/2005,24.34,24.36,24.15,24.2,71618608
22/03/2005,24.19,24.27,23.96,23.99,102433664
23/03/2005,23.99,24.39,23.96,24.18,79456800
24/03/2005,24.24,24.47,24.2,24.28,79041968
28/03/2005,24.34,24.47,24.18,24.2,50009320
29/03/2005,24.13,24.24,23.82,23.92,74679016
30/03/2005,24.04,24.19,24,24.16,59842180
31/03/2005,24.25,24.31,24.12,24.17,62454556
01/04/2005,24.25,24.35,24.1,24.12,64799560
04/04/2005,24.11,24.26,23.94,24.23,62237028
05/04/2005,24.22,24.5,24.12,24.47,73666176
06/04/2005,24.48,24.94,24.45,24.67,78133536
07/04/2005,24.66,25.13,24.63,25.1,77558912
08/04/2005,25.05,25.25,24.91,24.94,47958792
11/04/2005,25.03,25.11,24.86,24.97,48198380
12/04/2005,24.94,25.35,24.8,25.32,67716936
13/04/2005,25.22,25.45,24.99,25.04,60975724
14/04/2005,25.03,25.14,24.83,24.84,67409760
15/04/2005,24.55,24.9,24.41,24.46,100580272
18/04/2005,24.45,24.84,24.4,24.65,75773144
19/04/2005,24.74,24.8,24.45,24.63,66194620
20/04/2005,24.65,24.7,24.3,24.32,92599728
21/04/2005,24.5,25.39,24.47,25.28,93945232
22/04/2005,25.06,25.25,24.78,24.98,80226792
25/04/2005,25.07,25.28,24.86,24.99,75542032
26/04/2005,24.97,25.25,24.74,24.76,60952936
27/04/2005,24.66,25.15,24.63,24.99,47786664
28/04/2005,24.79,24.92,24.44,24.45,84755696
29/04/2005,24.99,25.3,24.79,25.3,98849920
02/05/2005,25.23,25.36,24.95,25.23,54438476
03/05/2005,25.12,25.4,25.09,25.36,68183264
04/05/2005,25.34,25.4,25.11,25.21,87075512
05/05/2005,25.21,25.33,25.08,25.23,59389760
06/05/2005,25.22,25.48,25.19,25.22,64338856
09/05/2005,25.22,25.33,25.05,25.11,61884168
10/05/2005,25.06,25.08,24.82,24.9,62629832
11/05/2005,24.88,24.97,24.64,24.91,59533024
12/05/2005,24.84,25.11,24.83,25,74573552
13/05/2005,25.1,25.38,24.99,25.3,77426384
16/05/2005,25.22,25.5,24.31,25.49,50713224
17/05/2005,25.31,25.5,25.25,25.46,40115672
18/05/2005,25.53,25.84,25.42,25.7,71255232
19/05/2005,25.76,26.05,25.7,25.92,52185920
20/05/2005,25.88,25.92,25.73,25.74,64489928
23/05/2005,25.74,26.07,25.74,25.85,75570616
24/05/2005,25.79,25.88,25.72,25.75,61460384
25/05/2005,25.67,25.77,25.5,25.71,36952200
26/05/2005,25.74,26,25.73,25.9,50593624
27/05/2005,25.85,26.09,25.81,26.07,54980448
31/05/2005,25.99,26.03,25.75,25.8,46446304
01/06/2005,25.73,26,25.61,25.81,55089368
02/06/2005,25.71,25.86,25.64,25.79,27246040
03/06/2005,25.7,25.81,25.34,25.43,79677608
06/06/2005,25.38,25.5,25.31,25.37,40774168
07/06/2005,25.34,25.83,25.31,25.51,54584140
08/06/2005,25.54,25.62,25.34,25.4,45757756
09/06/2005,25.4,25.61,25.35,25.51,56264360
10/06/2005,25.51,25.52,25.34,25.43,39496000
13/06/2005,25.36,25.49,25.26,25.31,49108608
14/06/2005,25.28,25.44,25.24,25.36,45465276
15/06/2005,25.39,25.41,25.11,25.26,52290724
16/06/2005,25.22,25.23,24.95,25.04,67086960
17/06/2005,25.19,25.29,24.92,25.04,92039024
20/06/2005,24.97,25.28,24.93,25.11,50858844
21/06/2005,25.08,25.19,25.04,25.15,81104816
22/06/2005,25.12,25.26,25.03,25.07,61686152
23/06/2005,25.17,25.62,25.15,25.31,105338352
24/06/2005,25.24,25.4,25.03,25.04,66761848
27/06/2005,25.06,25.25,25.03,25.05,62104128
28/06/2005,25.1,25.2,25.03,25.07,53119000
29/06/2005,25.23,25.32,25,25.09,56327488
30/06/2005,25.07,25.14,24.82,24.84,82032616
01/07/2005,24.86,24.99,24.67,24.71,69786288
05/07/2005,24.66,25.19,24.62,24.98,62036888
06/07/2005,24.96,25.08,24.69,24.7,64470988
07/07/2005,24.56,24.71,24.5,24.65,80775120
08/07/2005,24.65,25.12,24.63,25.09,56121320
11/07/2005,25.15,25.38,25.11,25.29,61742184
12/07/2005,25.24,25.62,25.2,25.61,63542292
13/07/2005,25.53,25.75,25.48,25.66,45384400
14/07/2005,25.8,26.1,25.79,25.97,69549552
15/07/2005,26.02,26.1,25.75,25.79,56694260
18/07/2005,25.71,25.79,25.55,25.55,39730872
19/07/2005,25.76,26.25,25.75,26.16,113542632
20/07/2005,26.01,26.23,25.88,26.19,72314728
21/07/2005,26.29,26.48,26.19,26.44,114381080
22/07/2005,25.99,26.34,25.63,25.68,99892872
25/07/2005,25.68,25.9,25.65,25.69,45217364
26/07/2005,25.71,25.74,25.53,25.54,54659472
27/07/2005,25.6,25.8,25.53,25.72,58155188
28/07/2005,25.75,25.85,25.66,25.75,45163540
29/07/2005,25.79,26,25.59,25.61,60045640
01/08/2005,25.81,26.05,25.76,25.92,61389080
02/08/2005,25.89,26.9,25.87,26.81,137704640
03/08/2005,26.77,27.43,26.73,27.25,140172960
04/08/2005,27.16,27.5,27.05,27.32,92134992
05/08/2005,27.3,27.94,27.25,27.76,82259720
08/08/2005,27.8,27.84,27.08,27.13,77436576
09/08/2005,27.22,27.51,27.01,27.35,65455976
10/08/2005,27.41,27.5,26.85,26.95,64558592
11/08/2005,26.99,27.3,26.89,27.27,48971224
12/08/2005,27.08,27.14,26.9,27.05,53920192
15/08/2005,26.97,27.3,26.69,27.13,46008248
16/08/2005,27.03,27.14,26.7,26.74,47106964
17/08/2005,26.8,27.15,26.66,26.95,52603576
18/08/2005,26.89,27.08,26.8,26.82,40879784
19/08/2005,26.89,26.91,26.7,26.72,36060896
22/08/2005,26.8,27.17,26.77,26.91,41744048
23/08/2005,26.85,27.07,26.74,26.87,48316512
24/08/2005,26.82,27.16,26.78,26.81,63822700
25/08/2005,26.88,27.09,26.85,27.03,39309216
26/08/2005,27.06,27.08,26.87,26.97,36774624
29/08/2005,26.81,27.23,26.81,27.15,52309192
30/08/2005,27.06,27.23,26.96,27.18,55168404
31/08/2005,27.17,27.44,27.04,27.38,65210960
01/09/2005,27.34,27.39,27.15,27.2,75974600
02/09/2005,27.22,27.27,26.97,27.02,52047584
06/09/2005,27.06,27.29,26.98,27,46092736
07/09/2005,26.95,27.11,26.82,26.85,44684256
08/09/2005,26.8,26.88,26.52,26.61,52554756
09/09/2005,26.62,26.82,26.53,26.58,41557884
12/09/2005,26.62,26.75,26.52,26.61,40707568
13/09/2005,26.52,26.76,26.37,26.48,63423840
14/09/2005,26.52,26.64,26.3,26.31,54972456
15/09/2005,26.35,26.43,26.22,26.27,60371544
16/09/2005,26.32,26.4,25.97,26.07,191490752
19/09/2005,26.1,26.27,25.86,26,61851560
20/09/2005,26.07,26.22,25.69,25.84,61126788
21/09/2005,25.8,25.9,25.43,25.49,68285272
22/09/2005,25.51,25.6,25.15,25.34,71324432
23/09/2005,25.29,25.54,25.12,25.27,66397656
26/09/2005,25.38,25.49,25.21,25.27,56208556
27/09/2005,25.4,25.4,25.4,25.4,100
28/09/2005,25.38,25.87,25.38,25.67,71020336
29/09/2005,25.62,26,25.5,25.94,66808388
30/09/2005,25.91,25.95,25.61,25.73,57659836
03/10/2005,25.72,25.73,25.44,25.5,55353292
04/10/2005,25.36,25.39,24.75,24.98,151667808
05/10/2005,25.03,25.05,24.67,24.67,73696768
06/10/2005,24.65,24.95,24.53,24.73,81733088
07/10/2005,24.76,24.84,24.52,24.59,50790232
10/10/2005,24.66,24.68,24.35,24.46,48894152
11/10/2005,24.49,24.55,24.25,24.41,76587632
12/10/2005,24.48,24.7,24.27,24.3,71395416
13/10/2005,24.32,25.59,24.27,24.59,70192824
14/10/2005,24.7,24.73,24.5,24.67,53871744
17/10/2005,24.67,24.69,24.44,24.53,46927608
18/10/2005,24.49,24.83,24.45,24.57,69644664
19/10/2005,24.56,25.09,24.5,25.09,66606684
20/10/2005,25.05,25.13,24.74,24.79,58846048
21/10/2005,24.91,25,24.57,24.78,69439496
24/10/2005,24.82,25.1,24.68,25.1,52612072
25/10/2005,24.95,25.13,24.83,25.03,41424480
26/10/2005,24.95,25.33,24.93,25.11,58260036
27/10/2005,25.21,25.27,24.85,24.85,62911216
28/10/2005,25.1,25.6,25.1,25.53,108725032
31/10/2005,25.59,25.8,25.5,25.7,75584704
01/11/2005,25.62,26.1,25.61,25.96,71453104
02/11/2005,25.93,26.5,25.93,26.46,75434184
03/11/2005,26.58,26.64,26.25,26.44,73421536
04/11/2005,26.52,26.71,26.45,26.66,57464056
07/11/2005,26.7,27.08,26.7,27.01,77104792
08/11/2005,26.93,27.18,26.77,27.05,60091660
09/11/2005,26.97,27.15,26.94,26.96,59562088
10/11/2005,26.94,27.15,26.64,27.09,73314792
11/11/2005,27.17,27.39,27.13,27.28,51945504
14/11/2005,27.36,27.44,27.2,27.35,67152152
15/11/2005,27.34,27.54,27.25,27.5,65080992
16/11/2005,27.47,27.88,27.44,27.74,86277232
17/11/2005,27.84,28,27.76,27.97,91350608
18/11/2005,28.12,28.25,27.9,28.07,75431248
21/11/2005,28.06,28.24,27.5,28.16,65794320
22/11/2005,28.03,28.08,27.86,27.91,104301488
23/11/2005,27.92,28.09,27.74,27.92,70541224
25/11/2005,27.8,27.94,27.47,27.76,43375916
28/11/2005,27.78,27.85,27.53,27.75,57517136
29/11/2005,27.79,27.79,27.6,27.68,62223832
30/11/2005,27.66,27.77,27.63,27.68,55904636
01/12/2005,27.75,28.1,27.73,27.89,61006072
02/12/2005,27.81,28.1,27.79,28.01,42319524
05/12/2005,27.92,28.02,27.71,27.85,47941196
06/12/2005,27.9,27.92,27.68,27.69,65979916
07/12/2005,27.65,27.75,27.55,27.75,55583200
08/12/2005,27.7,27.81,27.6,27.69,63931524
09/12/2005,27.71,27.83,27.64,27.71,48485552
12/12/2005,27.69,27.75,27.33,27.45,63757616
13/12/2005,27.26,27.43,27,27.13,104285480
14/12/2005,26.99,27.24,26.85,27.09,65076160
15/12/2005,27.09,27.11,26.81,26.89,79027504
16/12/2005,26.88,27.08,26.81,26.9,88542448
19/12/2005,26.8,26.87,26.65,26.83,68686960
20/12/2005,26.76,26.88,26.67,26.86,62960512
21/12/2005,26.85,26.91,26.71,26.73,75800888
22/12/2005,26.7,26.78,26.42,26.59,91307152
23/12/2005,26.52,26.67,26.44,26.64,30689138
27/12/2005,26.7,26.85,26.45,26.46,37822296
28/12/2005,26.51,26.66,26.35,26.39,37242244
29/12/2005,26.37,26.5,26.26,26.27,34495960
30/12/2005,26.16,26.31,26.1,26.15,49045192
03/01/2006,26.25,27,26.1,26.84,79974416
04/01/2006,26.77,27.08,26.77,26.97,57975660
05/01/2006,26.96,27.13,26.91,26.99,48247608
06/01/2006,26.89,27,26.49,26.91,100969088
09/01/2006,26.94,27.07,26.76,26.86,55627836
10/01/2006,26.63,27.02,26.59,27,64924944
11/01/2006,26.99,27.39,26.9,27.29,70123544
12/01/2006,27.23,27.26,26.97,27.14,45994724
13/01/2006,27.02,27.25,27.01,27.19,41449048
17/01/2006,26.9,27.19,26.9,26.99,58574808
18/01/2006,26.75,26.98,26.7,26.83,52495588
19/01/2006,26.85,27.24,26.85,27.02,60382448
20/01/2006,27,27.01,26.26,26.41,79228488
23/01/2006,26.42,26.53,26.3,26.35,47971612
24/01/2006,26.33,26.45,26.22,26.28,63061744
25/01/2006,26.42,26.57,26.23,26.4,59072712
26/01/2006,26.53,26.72,26.31,26.5,69531320
27/01/2006,27.23,27.95,27.19,27.79,134525200
30/01/2006,27.81,28.18,27.78,28,103999600
31/01/2006,27.88,28.38,27.87,28.15,94844408
01/02/2006,28.02,28.07,27.76,28.04,68437408
02/02/2006,27.92,27.99,27.55,27.68,55078684
03/02/2006,27.47,27.7,27.34,27.54,75023512
06/02/2006,27.49,27.54,27.09,27.17,60175656
07/02/2006,26.96,27.15,26.81,26.94,72188792
08/02/2006,27,27.08,26.71,26.91,51796468
09/02/2006,26.95,27.03,26.65,26.66,52861644
10/02/2006,26.62,26.89,26.51,26.69,52127000
13/02/2006,26.62,26.7,26.34,26.39,46710436
14/02/2006,26.4,26.68,26.35,26.65,58434048
15/02/2006,26.59,26.93,26.5,26.88,62811408
16/02/2006,26.85,26.9,26.57,26.81,49509024
17/02/2006,26.66,26.81,26.56,26.7,41513192
21/02/2006,26.7,26.72,26.34,26.54,50216192
22/02/2006,26.53,26.86,26.47,26.72,43045960
23/02/2006,26.75,26.89,26.54,26.66,48162888
24/02/2006,26.58,26.74,26.52,26.63,44755832
27/02/2006,26.78,27.26,26.67,27.05,51459788
28/02/2006,26.97,27.3,26.87,26.87,65037792
01/03/2006,26.96,27.2,26.95,27.14,53070444
02/03/2006,27.01,27.1,26.9,26.97,41856388
03/03/2006,26.82,27.16,26.74,26.93,45234152
06/03/2006,26.92,27.15,26.83,26.91,53074268
07/03/2006,26.91,27.1,26.81,27.06,51632000
08/03/2006,27,27.5,26.97,27.25,57554576
09/03/2006,27.26,27.42,27,27,45384012
10/03/2006,27.06,27.22,26.88,27.17,41186692
13/03/2006,27.18,27.29,26.94,27.11,40342996
14/03/2006,27.04,27.38,26.99,27.23,39998400
15/03/2006,27.2,27.45,27.01,27.36,57159424
16/03/2006,27.33,27.48,27.22,27.27,73798632
17/03/2006,27.38,27.66,27.27,27.5,120617680
20/03/2006,27.7,27.99,27.67,27.89,67095080
21/03/2006,27.97,28.22,27.68,27.74,73199528
22/03/2006,27.09,27.5,26.8,27.15,146028256
23/03/2006,27.09,27.1,26.66,26.85,73794288
24/03/2006,26.72,27.21,26.62,27.01,69163096
27/03/2006,27.03,27.3,27,27.01,59910620
28/03/2006,27.02,27.21,26.81,26.9,58520544
29/03/2006,26.95,27.2,26.92,27.02,53732284
30/03/2006,27.03,27.39,27,27.23,54612424
31/03/2006,27.3,27.54,27.21,27.21,62367592
03/04/2006,27.67,27.73,27.44,27.56,57609984
04/04/2006,27.61,27.8,27.47,27.64,45473352
05/04/2006,27.88,27.94,27.64,27.74,41554664
06/04/2006,27.66,27.72,27.37,27.56,51885792
07/04/2006,27.62,27.72,27.23,27.25,47256776
10/04/2006,27.24,27.44,27.2,27.29,39464172
11/04/2006,27.29,27.32,27,27.13,42953484
12/04/2006,27.1,27.2,26.97,27.2,32183970
13/04/2006,27.09,27.2,27,27.07,28170248
17/04/2006,27.03,27.05,26.73,26.84,35796328
18/04/2006,26.94,27.5,26.82,27.22,56276048
19/04/2006,27.11,27.19,26.96,27.03,45111328
20/04/2006,27.05,27.19,26.7,27.03,46044664
21/04/2006,27.1,27.39,27,27.15,58528504
24/04/2006,27.08,27.25,26.98,27.11,42319296
25/04/2006,27.12,27.21,27.02,27.11,49222440
26/04/2006,27.09,27.23,27,27.1,39194016
27/04/2006,26.99,27.63,26.94,27.25,100327312
28/04/2006,24.23,24.5,24,24.15,591078592
01/05/2006,24.33,25,24.09,24.29,175012528
02/05/2006,24.49,25,23.9,24.01,190561168
03/05/2006,23.98,24.02,23.15,23.17,211567584
04/05/2006,23.35,23.67,23.14,23.44,171268144
05/05/2006,23.67,23.95,23.52,23.8,131607960
08/05/2006,23.86,25,23.51,23.73,80697456
09/05/2006,23.75,24,23.49,23.62,75996744
10/05/2006,23.67,23.79,23.59,23.77,77650904
11/05/2006,23.71,23.79,23.15,23.22,92925376
12/05/2006,23.13,23.37,23.05,23.17,83136208
15/05/2006,23.1,23.23,23.03,23.15,70107736
16/05/2006,23.16,24,22.91,23.01,81868736
17/05/2006,22.9,23.08,22.73,22.73,98603008
18/05/2006,22.84,23.14,22.76,22.83,95477216
19/05/2006,22.79,22.9,22.52,22.56,100074120
22/05/2006,22.48,23.02,22.45,22.88,88387280
23/05/2006,23.11,23.38,22.77,22.79,80003160
24/05/2006,22.99,23.54,22.98,23.5,107375504
25/05/2006,23.72,23.92,23.54,23.74,83054376
26/05/2006,23.77,23.88,23.56,23.72,46867136
30/05/2006,23.56,23.76,23.14,23.15,52505324
31/05/2006,23.26,23.35,22.65,22.65,120468144
01/06/2006,22.74,22.84,22.62,22.82,80240008
02/06/2006,22.87,22.99,22.67,22.76,73937584
05/06/2006,22.72,22.73,22.49,22.5,63933932
06/06/2006,22.55,22.56,21.98,22.13,126603952
07/06/2006,22.15,22.39,22.01,22.04,72848016
08/06/2006,22.03,22.21,21.97,22.11,104127504
09/06/2006,22.15,22.19,21.89,21.92,52575760
12/06/2006,21.96,22.1,21.7,21.71,74338800
13/06/2006,21.74,22.03,21.46,21.51,113179768
14/06/2006,21.59,21.94,21.55,21.88,86087008
15/06/2006,22.01,22.13,21.8,22.07,121654176
16/06/2006,21.98,22.28,21.79,22.1,147520592
19/06/2006,22.15,22.6,22.12,22.55,129644416
20/06/2006,22.54,22.76,22.5,22.56,90604568
21/06/2006,22.61,23.15,22.53,23.08,94407584
22/06/2006,23.06,23.17,22.78,22.88,81055224
23/06/2006,22.85,22.87,22.5,22.5,60532568
26/06/2006,22.65,22.89,22.63,22.82,53644096
27/06/2006,22.89,23.16,22.84,22.86,84959064
28/06/2006,22.93,23.25,22.91,23.16,71925896
29/06/2006,23.32,23.63,23.22,23.47,121405824
30/06/2006,23.54,23.65,23.3,23.3,73135432
03/07/2006,23.53,23.72,23.45,23.7,25711432
05/07/2006,23.48,23.52,23.3,23.35,53118380
06/07/2006,23.44,23.61,23.42,23.48,44775876
07/07/2006,23.41,23.55,23.3,23.3,63169824
10/07/2006,23.43,23.66,23.38,23.5,50566040
11/07/2006,23.37,23.37,22.74,23.1,88690408
12/07/2006,22.79,22.88,22.62,22.64,77379264
13/07/2006,22.37,22.61,22.25,22.26,73099480
14/07/2006,22.29,22.55,22.23,22.29,67499368
17/07/2006,22.29,22.61,22.26,22.48,37053692
18/07/2006,22.59,22.76,22.48,22.74,65095032
19/07/2006,22.82,23.46,22.72,23.4,82199944
20/07/2006,23.44,23.45,22.78,22.85,76854400
21/07/2006,24.06,24.15,23,23.87,175491376
24/07/2006,24.01,24.11,23.79,24,59586880
25/07/2006,24,24.29,23.9,24.22,60075760
26/07/2006,24.12,24.53,24.1,24.37,55621972
27/07/2006,24.58,24.6,23.77,23.88,84832304
28/07/2006,24.08,24.28,24.06,24.25,51706048
31/07/2006,24.07,24.42,24.01,24.06,40321956
01/08/2006,24.02,24.2,23.85,23.99,49223512
02/08/2006,24.12,24.4,24.03,24.3,46462112
03/08/2006,24.19,24.48,24.15,24.21,43164648
04/08/2006,24.41,24.49,24.15,24.29,45695012
07/08/2006,24.28,24.48,24.19,24.22,36882940
08/08/2006,24.39,24.52,24.2,24.34,58171540
09/08/2006,24.49,24.64,24.34,24.44,44407464
10/08/2006,24.37,24.6,24.34,24.46,31768850
11/08/2006,24.41,24.45,24.2,24.43,30255520
14/08/2006,24.52,24.6,24.35,24.53,47831980
15/08/2006,24.56,24.65,24.44,24.62,48996196
16/08/2006,24.61,24.73,24.47,24.7,52375620
17/08/2006,24.73,24.75,24.61,24.7,45674944
18/08/2006,25.05,25.8,24.98,25.79,128427552
21/08/2006,25.67,26.13,25.56,26.12,88398944
22/08/2006,26.01,26.25,25.62,25.62,89329992
23/08/2006,25.65,25.95,25.52,25.67,44664980
24/08/2006,25.82,25.86,25.5,25.74,35933320
25/08/2006,25.71,26,25.69,25.85,33117122
28/08/2006,25.84,26,25.69,25.95,34192048
29/08/2006,25.92,25.98,25.63,25.84,42721168
30/08/2006,25.85,25.89,25.64,25.8,30258744
31/08/2006,25.87,25.98,25.68,25.7,26421264
01/09/2006,25.75,25.97,25.64,25.84,31595596
05/09/2006,25.67,25.96,25.56,25.61,44227536
06/09/2006,25.51,25.72,25.51,25.61,50161664
07/09/2006,25.48,25.7,25.39,25.43,51267408
08/09/2006,25.53,25.79,25.46,25.6,36866904
11/09/2006,25.59,25.95,25.42,25.91,55608252
12/09/2006,25.9,25.98,25.72,25.93,52279696
13/09/2006,25.83,26.1,25.49,25.98,37946524
14/09/2006,25.98,26.5,25.98,26.33,74325864
15/09/2006,26.49,26.94,26.49,26.85,126129904
18/09/2006,26.74,27.04,26.67,26.79,48884952
19/09/2006,26.79,26.94,26.72,26.86,43056332
20/09/2006,27.01,27.23,26.99,27.18,71677656
21/09/2006,27.24,27.25,26.85,26.9,58496064
22/09/2006,26.83,26.85,26.48,26.66,47734188
25/09/2006,26.81,27.19,26.79,26.95,68029176
26/09/2006,26.91,27.32,26.88,27.2,55381376
27/09/2006,27.18,27.47,27.12,27.44,66400256
28/09/2006,27.47,27.52,27.26,27.4,45038408
29/09/2006,27.35,27.42,27.21,27.35,34293232
02/10/2006,27.32,27.49,27.15,27.36,52928740
03/10/2006,27.37,27.48,27.21,27.37,39386668
04/10/2006,27.39,27.96,27.37,27.94,82204456
05/10/2006,27.93,28.11,27.78,27.92,81979112
06/10/2006,27.76,28,27.65,27.87,36457040
09/10/2006,27.8,27.93,27.62,27.72,33371748
10/10/2006,27.69,27.75,27.44,27.69,34599740
11/10/2006,27.45,27.67,27.42,27.54,37224376
12/10/2006,27.58,28.29,27.54,28.22,120195960
13/10/2006,28.35,28.69,28.31,28.37,129754080
16/10/2006,28.48,28.6,28.33,28.45,49745012
17/10/2006,28.24,28.51,28.17,28.44,40127096
18/10/2006,28.5,28.7,28.26,28.52,40665424
19/10/2006,28.35,28.45,28.12,28.29,44762132
20/10/2006,28.48,28.49,28.17,28.43,48906856
23/10/2006,28.33,28.69,28.18,28.45,48650436
24/10/2006,28.43,28.43,28.13,28.28,61427896
25/10/2006,28.28,28.46,28.14,28.31,40722916
26/10/2006,28.33,28.41,28.04,28.35,70157488
27/10/2006,28.49,28.79,28.25,28.34,89061592
30/10/2006,28.36,28.84,28.32,28.53,47302080
31/10/2006,28.63,28.85,28.56,28.71,61952244
01/11/2006,28.78,28.99,28.7,28.81,75955280
02/11/2006,28.68,28.86,28.58,28.77,58674656
03/11/2006,28.86,28.93,28.61,28.73,41127748
06/11/2006,28.77,29.05,28.76,28.84,60454876
07/11/2006,28.86,29.07,28.8,28.95,56516256
08/11/2006,28.78,29.23,28.66,28.98,79153248
09/11/2006,29.08,29.4,29,29.26,89414072
10/11/2006,29.18,29.29,29.15,29.24,37861440
13/11/2006,29.2,29.46,29.16,29.35,47278556
14/11/2006,29.28,29.42,29.07,29.23,63016444
15/11/2006,29.13,29.36,29.11,29.12,63981192
16/11/2006,29.14,29.64,29.13,29.45,64330912
17/11/2006,29.31,29.54,29.28,29.4,49359180
20/11/2006,29.52,30,29.5,29.89,85734232
21/11/2006,29.91,30,29.79,29.92,66467768
22/11/2006,29.98,30,29.82,29.92,44137404
24/11/2006,29.66,29.84,29.64,29.76,20467844
27/11/2006,29.68,29.74,29.33,29.48,72724544
28/11/2006,29.34,29.42,29.13,29.39,52796360
29/11/2006,29.44,29.78,29.43,29.57,58777844
30/11/2006,29.42,29.57,29.33,29.36,53362544
01/12/2006,29.23,29.3,28.9,29.12,72262416
04/12/2006,29.23,29.52,29.17,29.33,56459264
05/12/2006,29.36,29.4,29.03,29.13,45614196
06/12/2006,29.1,29.13,28.87,28.99,48588524
07/12/2006,28.96,29.07,28.81,28.85,46832384
08/12/2006,28.82,29.4,28.8,29.4,108872016
11/12/2006,29.19,29.75,29.11,29.54,107728224
12/12/2006,29.52,29.63,29.22,29.43,68871160
13/12/2006,29.6,29.6,29.32,29.55,46016108
14/12/2006,29.55,30.08,29.52,30.07,85875984
15/12/2006,30.15,30.23,30.03,30.19,103650176
18/12/2006,30.19,30.26,29.78,29.89,56990324
19/12/2006,29.7,30.17,29.53,29.99,53831148
20/12/2006,29.99,30.24,29.97,30.09,31811548
21/12/2006,30.09,30.14,29.89,29.98,32272086
22/12/2006,29.82,29.86,29.62,29.64,37974456
26/12/2006,29.53,30,29.4,29.99,37102644
27/12/2006,29.99,30.13,29.91,30.02,31250490
28/12/2006,29.86,30.03,29.81,29.98,27572772
29/12/2006,29.86,30.15,29.83,29.86,41757264
03/01/2007,29.92,30.25,29.4,29.86,77574280
04/01/2007,29.7,29.97,29.44,29.81,46120856
05/01/2007,29.63,29.75,29.45,29.64,44679936
08/01/2007,29.65,30.1,29.53,29.93,50226020
09/01/2007,30,30.18,29.73,29.96,44679544
10/01/2007,29.8,29.89,29.43,29.66,55048884
11/01/2007,29.76,30.75,29.65,30.7,99491240
12/01/2007,30.65,31.39,30.64,31.21,103984448
16/01/2007,31.26,31.45,31.03,31.16,62442064
17/01/2007,31.26,31.44,31.01,31.1,58569216
18/01/2007,30.91,31.37,30.8,31,56383520
19/01/2007,30.72,31.11,30.69,31.11,75837752
22/01/2007,31.07,31.12,30.51,30.72,56152040
23/01/2007,30.63,30.96,30.52,30.74,49190300
24/01/2007,30.78,31.3,30.65,31.09,58552056
25/01/2007,31.08,31.48,30.45,30.45,99382064
26/01/2007,31.23,31.23,30.6,30.6,96124720
29/01/2007,30.61,30.78,30.34,30.53,57619176
30/01/2007,30.57,30.64,30.14,30.48,61923420
31/01/2007,30.41,31.1,30.35,30.86,74016312
01/02/2007,30.84,30.94,30.37,30.56,55367064
02/02/2007,30.83,30.84,30.13,30.19,60444040
05/02/2007,29.98,30.02,29.41,29.61,99939608
06/02/2007,29.59,29.75,29.22,29.51,79323600
07/02/2007,29.64,29.7,29.25,29.37,65151960
08/02/2007,29.26,29.8,29.2,29.26,48761168
09/02/2007,29.35,29.4,28.93,28.98,69829712
12/02/2007,28.89,29.09,28.83,28.94,52812852
13/02/2007,29.05,29.2,28.96,29.03,51763812
14/02/2007,29.17,29.69,29.15,29.4,55591264
15/02/2007,29.57,29.65,29.22,29.46,63952952
16/02/2007,28.89,28.94,28.65,28.74,109380568
20/02/2007,28.64,28.86,28.47,28.83,53990360
21/02/2007,28.75,29.39,28.74,29.35,68619200
22/02/2007,29.31,29.54,29.16,29.39,57768784
23/02/2007,29.22,29.28,28.89,28.9,63864064
26/02/2007,28.96,29.12,28.82,29.07,63532504
27/02/2007,28.8,28.97,27.79,27.87,87693760
28/02/2007,28.02,28.17,27.92,28.17,86532704
01/03/2007,27.85,28.33,27.73,28.09,80179112
02/03/2007,28.09,28.16,27.76,27.76,63256424
05/03/2007,27.38,27.91,27.38,27.55,56465968
06/03/2007,27.85,27.94,27.65,27.83,49383752
07/03/2007,27.79,27.9,27.55,27.61,52046392
08/03/2007,27.87,27.87,26.6,27.32,72214368
09/03/2007,27.32,27.48,27.03,27.29,80125008
12/03/2007,27.4,27.48,27.13,27.44,36516424
13/03/2007,27.25,27.4,26.71,26.72,73893768
14/03/2007,26.8,27.4,26.73,27.4,75730224
15/03/2007,27.32,27.47,27.2,27.28,51757060
16/03/2007,27.3,27.48,27.2,27.33,65076152
19/03/2007,27.33,27.83,27.2,27.83,49415712
20/03/2007,27.83,28.16,27.76,27.84,47923952
21/03/2007,27.87,28.52,27.56,28.52,75796232
22/03/2007,28.5,28.55,28.01,28.27,49515104
23/03/2007,28.21,28.27,27.8,28.02,50528208
26/03/2007,27.95,28.22,27.7,28.22,47491976
27/03/2007,28.13,28.16,27.65,27.72,58981972
28/03/2007,27.7,28,27.4,27.64,49030832
29/03/2007,27.8,27.85,27.49,27.75,42631040
30/03/2007,27.75,27.95,27.5,27.87,47065600
02/04/2007,27.9,27.93,27.56,27.74,41977552
03/04/2007,27.78,28.06,27.75,27.87,42651376
04/04/2007,28.53,28.78,27.9,28.5,63259240
05/04/2007,28.32,28.65,28.3,28.55,30083656
09/04/2007,28.58,28.72,28.39,28.57,31288440
10/04/2007,28.57,28.64,28.22,28.4,38644936
11/04/2007,28.33,28.57,27.99,28.11,44367196
12/04/2007,28.1,28.62,28.04,28.54,43774752
13/04/2007,28.47,28.7,28.1,28.61,36004740
16/04/2007,28.63,28.75,28.21,28.73,30742956
17/04/2007,28.7,28.89,28.56,28.85,33170154
18/04/2007,28.75,28.75,28.36,28.6,41778740
19/04/2007,28.45,28.89,28.26,28.69,44833992
20/04/2007,28.69,29.1,28.69,29.02,61625864
23/04/2007,29,29,28.67,28.78,41993028
24/04/2007,28.78,28.96,28.59,28.79,34244928
25/04/2007,28.83,29,28.69,28.99,39491836
26/04/2007,29,29.35,28.91,29.1,69999056
27/04/2007,30.5,30.74,30,30.12,128315520
30/04/2007,30.2,30.37,29.94,29.94,67806848
01/05/2007,29.94,30.42,29.9,30.19,74169920
02/05/2007,30.39,30.69,30.3,30.61,81308128
03/05/2007,30.69,31,30.53,30.97,82051608
04/05/2007,30.7,30.7,30.29,30.56,104397840
07/05/2007,30.55,30.76,30.48,30.71,59890408
08/05/2007,30.65,30.94,30.58,30.75,60564628
09/05/2007,30.7,30.93,30.57,30.78,51735396
10/05/2007,30.75,30.93,30.53,30.58,55398552
11/05/2007,30.61,30.98,30.55,30.89,43648624
14/05/2007,30.8,30.99,30.8,30.97,70286752
15/05/2007,30.86,31.09,30.84,30.9,75036600
16/05/2007,31.02,31.09,30.81,31.07,45843136
17/05/2007,31,31.14,30.96,30.98,41856216
18/05/2007,31.01,31.01,30.58,30.83,58452960
21/05/2007,30.9,31.16,30.73,31.05,42549100
22/05/2007,31.1,31.1,30.66,30.69,40015196
23/05/2007,30.79,30.84,30.57,30.58,46337288
24/05/2007,30.55,30.8,29.96,30.17,64053808
25/05/2007,30.21,30.66,30.18,30.48,47726716
29/05/2007,30.7,30.83,30.39,30.79,42377684
30/05/2007,30.61,31.13,30.51,31.11,57446052
31/05/2007,31.12,31.16,30.61,30.69,86403440
01/06/2007,30.78,30.9,30.55,30.59,39492584
04/06/2007,30.42,30.76,30.4,30.72,41437456
05/06/2007,30.69,30.69,30.33,30.58,44286892
06/06/2007,30.4,30.53,30.25,30.29,38252860
07/06/2007,30.22,30.29,29.59,29.62,71980632
08/06/2007,29.52,30.06,29.41,30.05,61346668
11/06/2007,30,30.25,29.93,30.02,48485760
12/06/2007,29.95,30.24,29.77,29.85,56981840
13/06/2007,29.85,30.41,29.85,30.39,64472484
14/06/2007,30.54,30.71,30.3,30.52,59068836
15/06/2007,30.62,30.88,30.43,30.49,100941376
18/06/2007,30.5,30.72,30.42,30.51,45632828
19/06/2007,30.41,30.66,30.38,30.46,46804712
20/06/2007,30.49,30.51,29.96,30.01,47089192
21/06/2007,30,30.3,29.91,30.22,57058364
22/06/2007,30.24,30.24,29.45,29.49,88345272
25/06/2007,29.56,29.77,29.38,29.49,53914768
26/06/2007,29.46,29.8,29.46,29.52,48340288
27/06/2007,29.52,29.95,29.36,29.87,54271648
28/06/2007,29.9,29.97,29.68,29.83,46189684
29/06/2007,29.82,29.93,29.04,29.47,71193848
02/07/2007,29.54,29.8,29.49,29.74,47325824
03/07/2007,29.7,30.22,29.7,30.02,35202524
05/07/2007,30.05,30.22,29.83,29.99,47844444
06/07/2007,29.8,30.04,29.66,29.97,57542480
09/07/2007,29.9,29.95,29.81,29.87,33831756
10/07/2007,29.8,29.99,29.18,29.33,66018692
11/07/2007,29.3,29.65,29.21,29.49,48016936
12/07/2007,29.55,30.11,29.44,30.07,54302312
13/07/2007,29.97,30.02,29.66,29.82,42172904
16/07/2007,29.78,30.24,29.72,30.03,48023160
17/07/2007,29.91,30.88,29.91,30.78,77539536
18/07/2007,30.41,30.97,30.41,30.92,64436560
19/07/2007,31.05,31.84,30.93,31.51,121165264
20/07/2007,30.93,31.2,30.79,31.16,98293832
23/07/2007,31.2,31.52,31.12,31.19,48910516
24/07/2007,31.17,31.48,30.71,30.8,62257736
25/07/2007,30.91,31.3,30.37,30.71,55078952
26/07/2007,30.3,30.53,29.51,29.98,87616424
27/07/2007,29.96,30,29.36,29.39,69214600
30/07/2007,29.2,29.49,28.95,29.4,67516664
31/07/2007,29.48,29.72,28.98,28.99,66686252
01/08/2007,28.7,29.55,28.7,29.3,80011824
02/08/2007,29.35,29.79,29.02,29.52,47993720
03/08/2007,29.52,29.78,28.9,28.96,61539736
06/08/2007,29.2,29.54,28.75,29.54,59533556
07/08/2007,29.56,29.79,29.05,29.55,49237104
08/08/2007,29.65,30.01,29.21,30,52902720
09/08/2007,29.7,30.1,28.92,29.3,72980424
10/08/2007,28.85,29.05,28.26,28.71,76581608
13/08/2007,28.93,28.99,28.44,28.63,55641504
14/08/2007,28.53,28.89,28.2,28.27,42945036
15/08/2007,28.22,28.99,28.05,28.1,48119872
16/08/2007,27.71,28.35,27.51,27.81,81452952
17/08/2007,27.51,28.25,27.51,28.25,76748256
20/08/2007,28.4,28.49,28.08,28.26,49954668
21/08/2007,28.34,28.34,27.87,28.07,50786152
22/08/2007,28.26,28.32,28.01,28.22,44763416
23/08/2007,28.39,28.39,28.1,28.3,33886568
24/08/2007,28.14,28.84,28.07,28.81,45162652
27/08/2007,28.76,28.77,28.4,28.49,32791056
28/08/2007,28.31,28.49,27.91,27.93,43924388
29/08/2007,28.14,28.61,27.82,28.59,45755144
30/08/2007,28.41,28.93,28.32,28.45,33691216
31/08/2007,28.75,28.92,28.36,28.73,42521488
04/09/2007,28.62,29.1,28.48,28.81,45689600
05/09/2007,28.74,28.74,28.42,28.48,47674296
06/09/2007,28.55,29.01,28.55,28.91,45430772
07/09/2007,28.91,28.91,28.32,28.44,52163812
10/09/2007,28.67,28.75,28.41,28.48,37253552
11/09/2007,28.62,28.95,28.58,28.93,34380780
12/09/2007,29.06,29.17,28.8,28.93,42465812
13/09/2007,29.02,29.26,28.96,29.16,35288556
14/09/2007,29,29.11,28.88,29.04,33498480
17/09/2007,28.46,28.88,28.46,28.73,39536496
18/09/2007,28.74,28.97,28.27,28.93,77472312
19/09/2007,28.9,28.91,28.3,28.67,94242184
20/09/2007,28.65,28.65,28.34,28.42,67168896
21/09/2007,28.58,28.81,28.44,28.65,135636064
24/09/2007,28.7,29.61,28.7,29.08,104459744
25/09/2007,29.11,29.56,29.11,29.56,75620944
26/09/2007,29.78,29.85,29.48,29.5,60344168
27/09/2007,29.51,29.72,29.44,29.49,43407056
28/09/2007,29.45,29.69,29.23,29.46,45819096
01/10/2007,29.54,29.79,29.41,29.77,43875064
02/10/2007,29.77,29.85,29.57,29.7,33705824
03/10/2007,29.67,29.85,29.29,29.45,37633888
04/10/2007,29.4,29.77,29.4,29.71,37867960
05/10/2007,29.74,29.99,29.73,29.84,45016520
08/10/2007,29.67,29.85,29.6,29.84,30265624
09/10/2007,30,30.39,30,30.1,63624504
10/10/2007,30.08,30.37,30.03,30.23,32251404
11/10/2007,30.33,30.63,29.79,29.91,50789188
12/10/2007,29.9,30.4,29.9,30.17,31121100
15/10/2007,30.15,30.33,30,30.04,47150500
16/10/2007,30.16,30.58,30.16,30.32,56286172
17/10/2007,30.68,31.23,30.65,31.08,86092384
18/10/2007,31.04,31.23,30.63,31.16,49215080
19/10/2007,31.08,31.09,30.11,30.17,75200128
22/10/2007,30,30.7,30,30.51,58785048
23/10/2007,30.76,31.12,30.71,30.9,49956116
24/10/2007,30.79,31.3,30.5,31.25,77979144
25/10/2007,31.69,32.22,31.49,31.99,169588720
26/10/2007,35.25,36.03,34.56,35.03,288121152
29/10/2007,35.23,35.29,34.45,34.57,114655600
30/10/2007,34.42,35.59,34.35,35.57,107297280
31/10/2007,35.6,37,35.51,36.81,185635712
01/11/2007,36.68,37.49,36.36,37.06,152078800
02/11/2007,36.83,37.5,36.42,37.06,96399008
05/11/2007,36.79,37.1,36.63,36.73,75485352
06/11/2007,36.73,36.73,35.87,36.41,100966624
07/11/2007,36.01,36.16,35.45,35.52,74897712
08/11/2007,35.46,35.9,34.4,34.74,133748976
09/11/2007,33.9,34.54,33.65,33.73,125136888
12/11/2007,33.29,33.71,33.02,33.38,84865184
13/11/2007,33.63,34.67,33.38,34.46,104311424
14/11/2007,34.6,34.75,33.75,33.93,84063048
15/11/2007,33.8,34.1,33.55,33.76,64014052
16/11/2007,33.79,34.26,33.71,34.09,71117120
19/11/2007,33.95,34.24,33.87,33.96,63026156
20/11/2007,34.13,34.97,34.1,34.58,100009344
21/11/2007,34.41,34.73,34.18,34.23,89523672
23/11/2007,34.36,34.44,33.71,34.11,33468112
26/11/2007,34.09,34.37,32.93,32.97,80325824
27/11/2007,33.29,33.6,32.68,33.06,84180288
28/11/2007,33.39,33.89,32.9,33.7,88587456
29/11/2007,33.51,33.93,33.31,33.59,53633556
30/11/2007,33.9,34.12,33.19,33.6,71027744
03/12/2007,33.58,33.64,32.68,32.92,61770544
04/12/2007,32.76,33.24,32.63,32.77,54801632
05/12/2007,33.12,34.52,33.03,34.15,84894656
06/12/2007,34.26,34.61,33.87,34.55,50624416
07/12/2007,34.6,34.7,34.22,34.53,40770948
10/12/2007,34.59,34.95,34.47,34.76,36084872
11/12/2007,34.74,34.99,33.93,34.1,55080176
12/12/2007,34.6,35.09,33.93,34.47,63352548
13/12/2007,34.48,35.45,34.28,35.22,73931152
14/12/2007,35.05,35.84,35.01,35.31,71128128
17/12/2007,35.03,35.13,34.36,34.39,58121196
18/12/2007,34.64,35,34.21,34.74,52781464
19/12/2007,34.68,35.14,34.38,34.79,58469008
20/12/2007,35.29,35.79,35.08,35.52,59348028
21/12/2007,35.87,36.06,35.75,36.06,83751880
24/12/2007,36.13,36.72,36.05,36.58,29622580
26/12/2007,36.41,36.64,36.26,36.61,30252672
27/12/2007,36.3,36.55,35.94,35.97,33318820
28/12/2007,36.1,36.23,35.67,36.12,33447188
31/12/2007,35.91,35.99,35.52,35.6,35232496
02/01/2008,35.79,35.96,35,35.22,63006176
03/01/2008,35.22,35.65,34.86,35.37,49601204
04/01/2008,35.19,35.2,34.09,34.38,72093832
07/01/2008,34.55,34.8,34.25,34.61,80173472
08/01/2008,34.62,34.71,33.4,33.45,79155608
09/01/2008,33.35,34.54,33.35,34.44,74317160
10/01/2008,34.17,34.5,33.78,34.33,72447520
11/01/2008,33.99,34.24,33.72,33.91,55196660
14/01/2008,34.45,34.57,34.08,34.39,52792432
15/01/2008,34,34.38,34,34,61637680
16/01/2008,33.31,33.65,32.51,33.23,120781832
17/01/2008,33.71,33.8,32.97,33.11,94253760
18/01/2008,33.1,34,32.97,33.01,117061992
22/01/2008,31.54,32.53,31.5,31.99,108866416
23/01/2008,31.58,32.05,31.04,31.93,137655888
24/01/2008,32.37,33.36,32.12,33.25,155640336
25/01/2008,34.86,35,32.87,32.94,196992272
28/01/2008,33.01,33.1,32.42,32.72,81018920
29/01/2008,32.88,32.89,32.35,32.6,68022984
30/01/2008,32.58,32.8,32.05,32.2,106432592
31/01/2008,31.96,32.74,31.72,32.6,103642128
01/02/2008,31.1,33.25,30.25,30.45,291138880
04/02/2008,30.48,30.72,30.11,30.19,119998560
05/02/2008,29.91,29.94,28.89,29.07,137534064
06/02/2008,29.35,29.35,28.29,28.52,138315568
07/02/2008,28.39,28.78,27.9,28.12,165268048
08/02/2008,28.3,29.08,28.24,28.56,124871992
11/02/2008,28.53,28.61,27.91,28.21,156814096
12/02/2008,28.4,28.62,28.11,28.34,84365864
13/02/2008,28.67,29.05,28.53,28.96,88994280
14/02/2008,28.9,29.04,28.46,28.5,69113408
15/02/2008,28.46,28.64,28.25,28.42,68166064
19/02/2008,28.81,28.84,28.07,28.17,68254256
20/02/2008,28.15,28.26,27.92,28.22,93056128
21/02/2008,28.62,28.96,27.96,28.1,98784200
22/02/2008,28.12,28.39,27.2,27.68,125712976
25/02/2008,27.65,28.24,27.48,27.84,109622608
26/02/2008,27.67,28.86,27.67,28.38,108926496
27/02/2008,28.21,28.68,28.1,28.26,75199408
28/02/2008,28.02,28.27,27.8,27.93,83010016
29/02/2008,27.61,27.83,27.02,27.2,117411360
03/03/2008,27.24,27.39,26.87,26.99,76580960
04/03/2008,27.02,27.63,26.96,27.59,86925504
05/03/2008,27.72,28.41,27.7,28.12,106489800
06/03/2008,28.1,28.17,27.5,27.57,91134344
07/03/2008,27.32,28.07,27.32,27.87,77607040
10/03/2008,27.83,28.26,27.75,28.05,72538272
11/03/2008,28.4,29.34,28.38,29.28,98764088
12/03/2008,29.43,29.49,28.54,28.63,75993800
13/03/2008,28.54,28.99,28.16,28.62,84557136
14/03/2008,28.7,29.01,27.64,27.96,105214816
17/03/2008,27.3,28.73,27.28,28.3,84497416
18/03/2008,28.67,29.48,28.67,29.42,83695240
19/03/2008,29.47,29.59,28.62,28.62,61451728
20/03/2008,28.69,29.22,28.59,29.18,60175752
24/03/2008,29.3,29.4,29.06,29.17,48297016
25/03/2008,29.33,29.37,28.94,29.14,49249028
26/03/2008,29.04,29.07,28.38,28.56,45868072
27/03/2008,28.45,28.49,28,28.05,47894308
28/03/2008,28.23,28.43,27.83,27.91,49262024
31/03/2008,27.85,28.59,27.84,28.38,46780576
01/04/2008,28.84,29.54,28.63,29.5,65796144
02/04/2008,29.56,29.58,29,29.16,49506356
03/04/2008,29.08,29.32,28.8,29,38965644
04/04/2008,29.15,29.26,28.74,29.16,43899760
07/04/2008,29.55,29.59,29.03,29.16,44444080
08/04/2008,28.92,29,28.54,28.75,46573904
09/04/2008,28.7,29.04,28.54,28.89,45857404
10/04/2008,28.83,29.4,28.8,29.11,65596908
11/04/2008,28.87,29.01,28.21,28.28,54373624
14/04/2008,28.2,28.31,27.93,28.06,43418096
15/04/2008,28.12,28.48,28.03,28.25,34309976
16/04/2008,28.53,29.05,28.38,28.95,54107336
17/04/2008,29.12,29.34,28.9,29.22,48774456
18/04/2008,29.99,30.1,29.61,30,73658816
21/04/2008,30.2,30.6,30.12,30.42,54411696
22/04/2008,30.63,30.7,29.97,30.25,67387496
23/04/2008,30.45,31.46,30.3,31.45,98351424
24/04/2008,31.63,32.1,31.16,31.8,116451424
25/04/2008,30.02,30.39,29.6,29.83,145194880
28/04/2008,29.8,29.84,28.82,28.99,97472904
29/04/2008,28.8,28.9,28.45,28.64,84428816
30/04/2008,28.75,29.21,28.51,28.52,74733512
01/05/2008,28.48,29.49,28.48,29.4,71699336
02/05/2008,29.55,29.62,28.86,29.24,66024132
05/05/2008,29.95,30.23,28.99,29.08,119687672
06/05/2008,29,29.86,28.93,29.7,93581920
07/05/2008,29.69,30.14,29.08,29.21,88782832
08/05/2008,29.26,29.39,29,29.27,69591592
09/05/2008,29.15,29.55,28.95,29.39,51621128
12/05/2008,29.35,30.06,29.35,29.99,64286268
13/05/2008,30.02,30.13,29.53,29.78,70934640
14/05/2008,29.95,30.26,29.73,29.93,66738528
15/05/2008,29.95,30.53,29.94,30.45,53363756
16/05/2008,30.48,30.48,29.92,29.99,81542240
19/05/2008,29.89,29.89,29.31,29.46,59626096
20/05/2008,29.28,29.31,28.63,28.76,75767528
21/05/2008,28.8,29.05,28.19,28.25,60125020
22/05/2008,28.28,28.7,28.18,28.47,52209760
23/05/2008,28.25,28.33,27.95,28.05,48911380
27/05/2008,28.05,28.5,28.05,28.44,47334500
28/05/2008,28.56,28.57,28.04,28.18,52318488
29/05/2008,28.16,28.68,28.14,28.31,47699108
30/05/2008,28.33,28.7,28.2,28.32,63399112
02/06/2008,28.24,28.36,27.55,27.8,77038344
03/06/2008,27.95,28.31,27.27,27.31,91650432
04/06/2008,27.25,27.64,27.2,27.54,79611680
05/06/2008,27.71,28.3,27.6,28.3,76063352
06/06/2008,27.98,28.17,27.49,27.49,78500752
09/06/2008,27.61,27.91,27.3,27.71,66787064
10/06/2008,27.35,28.29,27.32,27.89,77433856
11/06/2008,27.85,27.94,27.11,27.12,59330780
12/06/2008,27.4,28.55,27.19,28.24,113996304
13/06/2008,28.61,29.57,28.5,29.07,131969008
16/06/2008,29.01,29.11,28.64,28.93,74725256
17/06/2008,29,29.12,28.79,28.8,44263072
18/06/2008,28.56,28.86,28.46,28.46,49687728
19/06/2008,28.51,29.19,28.33,28.93,62047792
20/06/2008,28.91,28.92,28.1,28.23,97488232
23/06/2008,28.28,28.41,27.79,27.97,57150448
24/06/2008,27.9,28.01,27.51,27.73,65225396
25/06/2008,27.8,28.67,27.76,28.35,64280144
26/06/2008,27.95,28.2,27.75,27.75,67049012
27/06/2008,27.68,27.91,27.46,27.63,73450120
30/06/2008,27.65,27.98,27.49,27.51,57836460
01/07/2008,27.22,27.38,26.44,26.87,100327696
02/07/2008,26.88,27,25.88,25.88,84702800
03/07/2008,25.97,26.1,25.6,25.98,37073024
07/07/2008,26.1,26.39,25.45,26.03,71527600
08/07/2008,25.9,26.2,25.51,25.85,65570316
09/07/2008,25.75,25.85,25.18,25.23,54259972
10/07/2008,25.18,25.67,24.98,25.45,57837384
11/07/2008,25.11,25.64,24.87,25.25,69532528
14/07/2008,25.43,25.81,25.07,25.15,51222872
15/07/2008,24.93,26.64,24.93,26.15,92720720
16/07/2008,26.07,27.29,25.92,27.26,82060320
17/07/2008,27.58,27.91,27.11,27.52,96526064
18/07/2008,26.28,26.47,25.11,25.86,150276928
21/07/2008,25.67,26.17,25.53,25.64,77575544
22/07/2008,25.56,25.94,25.48,25.8,88657168
23/07/2008,25.92,26.84,25.85,26.43,79408760
24/07/2008,26.08,26.17,25.44,25.44,81092520
25/07/2008,25.66,26.22,25.5,26.16,58682260
28/07/2008,25.93,26.11,25.34,25.5,59713592
29/07/2008,25.52,26.19,25.4,26.11,66372592
30/07/2008,26.18,26.49,25.9,26.23,51980016
31/07/2008,25.85,26.28,25.71,25.72,60464356
01/08/2008,25.95,25.95,25.07,25.44,82735336
04/08/2008,25.36,25.55,25.11,25.28,60592480
05/08/2008,25.67,26.28,25.5,26.21,84305008
06/08/2008,26.73,27.16,26.38,27.02,95549920
07/08/2008,26.9,27.75,26.73,27.39,82565720
08/08/2008,27.31,28.23,27.19,28.13,80817664
11/08/2008,27.86,28.4,27.66,27.9,68750328
12/08/2008,27.73,28.36,27.58,28.12,62813548
13/08/2008,28.06,28.5,27.76,27.91,51166540
14/08/2008,27.8,28.28,27.56,27.91,49735008
15/08/2008,27.98,28.15,27.58,27.81,47268996
18/08/2008,27.78,28.05,27.55,27.69,38078112
19/08/2008,27.52,27.75,27.27,27.32,40338848
20/08/2008,27.5,27.58,27.17,27.29,41497112
21/08/2008,27.02,27.23,26.86,27.18,43614428
22/08/2008,27.23,27.88,27.22,27.84,47930392
25/08/2008,27.61,27.84,27.46,27.66,51381728
26/08/2008,27.55,27.72,27.17,27.27,44775488
27/08/2008,27.32,27.79,27.13,27.56,33976948
28/08/2008,27.61,28.01,27.6,27.94,48380696
29/08/2008,27.7,27.78,27.29,27.29,50753880
02/09/2008,27.67,27.76,27.06,27.1,66082260
03/09/2008,27,27.18,26.84,26.9,57128604
04/09/2008,26.66,26.89,26.35,26.35,66934000
05/09/2008,26.03,26.22,25.63,25.65,82305184
08/09/2008,26.21,26.33,25.67,26.12,62113528
09/09/2008,26.19,26.6,26.05,26.1,85735664
10/09/2008,26.55,26.86,26.25,26.44,75064904
11/09/2008,26.09,27.46,26.03,27.34,72914648
12/09/2008,27.2,27.74,26.94,27.62,75628496
15/09/2008,26.93,27.49,26.73,26.82,82349376
16/09/2008,26.1,26.49,25.52,25.99,111729648
17/09/2008,25.71,25.87,24.5,24.57,106972040
18/09/2008,24.8,25.35,24.01,25.26,132291240
19/09/2008,26.25,26.4,23.5,25.16,134942048
22/09/2008,26.2,26.32,25.32,25.4,105207696
23/09/2008,25.68,26.17,25.34,25.44,92247392
24/09/2008,25.51,26.09,25.46,25.72,80255584
25/09/2008,25.82,26.88,25.74,26.61,96203464
26/09/2008,26.23,27.56,26.14,27.4,100744280
29/09/2008,26.87,27.66,25.01,25.01,134383104
30/09/2008,25.79,26.69,25.54,26.69,107210048
01/10/2008,26.32,26.99,26.28,26.48,88987040
02/10/2008,26.27,26.53,25.7,26.25,93829288
03/10/2008,26.39,27.47,26.24,26.32,116068448
06/10/2008,25.64,25.99,24.14,24.91,146408928
07/10/2008,25,25.21,23.14,23.23,145967808
08/10/2008,22.85,24.3,22.5,23.01,171626672
09/10/2008,23.7,23.91,22.07,22.3,131967648
10/10/2008,21.79,22.35,20.65,21.5,228488896
13/10/2008,22.91,25.5,22.63,25.5,144980192
14/10/2008,25.65,25.73,23.6,24.1,165683616
15/10/2008,23.79,24.25,22.48,22.66,113280176
16/10/2008,22.97,24.19,21.31,24.19,161147744
17/10/2008,23.48,25.11,23.31,23.93,133676088
20/10/2008,24.14,24.75,23.01,24.72,93486976
21/10/2008,24.39,25.01,23.27,23.36,100385536
22/10/2008,23.03,23.06,20.9,21.53,150054720
23/10/2008,21.52,22.59,20.89,22.32,154774032
24/10/2008,21,22.86,20.95,21.96,153919648
27/10/2008,21.58,21.96,21.02,21.18,117722352
28/10/2008,21.71,23.21,21.34,23.1,134109112
29/10/2008,23.12,23.97,22.7,23,111763208
30/10/2008,23.64,23.88,22.39,22.63,95322968
31/10/2008,22.55,22.91,22.12,22.33,93063600
03/11/2008,22.46,22.91,22.21,22.62,61946712
04/11/2008,23.13,23.66,22.87,23.53,72194472
05/11/2008,23.25,23.34,22.05,22.08,81216664
06/11/2008,21.92,22.08,20.86,20.88,95568688
07/11/2008,21.31,21.54,21,21.5,71262784
10/11/2008,21.85,21.97,21.19,21.3,67602600
11/11/2008,21.3,21.3,20.79,21.2,78032704
12/11/2008,20.86,21,20.28,20.3,90159840
13/11/2008,20.11,21.25,18.74,21.25,148503104
14/11/2008,20.5,21.34,19.65,20.06,96626992
17/11/2008,19.67,20.24,19.15,19.32,97297040
18/11/2008,19.47,19.66,18.75,19.62,108984800
19/11/2008,19.6,19.95,18.25,18.29,103048816
20/11/2008,18.1,18.84,17.5,17.53,139532688
21/11/2008,18,19.7,17.98,19.68,157245552
24/11/2008,19.9,20.94,19.87,20.69,125298896
25/11/2008,20.85,20.93,19.55,19.99,92971984
26/11/2008,19.83,20.68,19.73,20.49,79682256
28/11/2008,20.23,20.31,20.02,20.22,31371836
01/12/2008,19.9,19.95,18.6,18.61,79873776
02/12/2008,18.99,19.31,18.56,19.15,79692368
03/12/2008,18.6,19.9,18.6,19.87,80970408
04/12/2008,19.36,19.92,18.79,19.11,78724704
05/12/2008,18.95,19.98,18.47,19.87,91998320
08/12/2008,20.4,21.25,20.14,21.01,107229952
09/12/2008,20.57,21.25,20.46,20.6,80499584
10/12/2008,20.81,20.96,20.3,20.61,61501700
11/12/2008,20.1,20.12,19.31,19.45,83624208
12/12/2008,19.2,19.85,18.7,19.36,78130800
15/12/2008,19.33,19.44,18.89,19.04,59936440
16/12/2008,19.18,20.18,19,20.11,97707496
17/12/2008,19.76,20.05,19.5,19.66,79062232
18/12/2008,19.85,20.02,18.99,19.3,80765008
19/12/2008,19.42,19.8,19.11,19.12,115432040
22/12/2008,19.28,19.29,18.89,19.18,58577824
23/12/2008,19.33,19.57,19.01,19.28,47535824
24/12/2008,19.26,19.45,19.1,19.17,16894070
26/12/2008,19.2,19.33,19.09,19.13,23104614
29/12/2008,19.15,19.21,18.64,18.96,58886320
30/12/2008,19,19.49,19,19.34,43228892
31/12/2008,19.3,19.68,19.27,19.44,46424904
02/01/2009,19.54,20.4,19.37,20.33,50121848
05/01/2009,20.2,20.67,20.06,20.52,61476552
06/01/2009,20.78,21,20.61,20.76,58085880
07/01/2009,20.13,20.29,19.48,19.51,72747160
08/01/2009,19.68,20.19,19.55,20.12,70255016
09/01/2009,20.19,20.3,19.41,19.52,49828296
12/01/2009,19.73,19.79,19.3,19.47,52204128
13/01/2009,19.55,19.99,19.52,19.82,65847792
14/01/2009,19.5,19.68,19.01,19.09,80341720
15/01/2009,19.09,19.3,18.52,19.24,96222224
16/01/2009,19.64,19.91,19.15,19.71,79640272
20/01/2009,19.5,19.62,18.37,18.48,89891856
21/01/2009,18.89,19.45,18.46,19.38,68358088
22/01/2009,18.02,18.18,17.07,17.11,222435520
23/01/2009,16.98,17.49,16.75,17.2,117020592
26/01/2009,17.26,17.81,17.23,17.63,93115480
27/01/2009,17.83,17.97,17.43,17.66,61707540
28/01/2009,17.81,18.31,17.76,18.04,64702532
29/01/2009,17.75,17.96,17.56,17.59,49209360
30/01/2009,17.74,17.79,17.1,17.1,62386468
02/02/2009,17.04,18.13,17,17.83,88882496
03/02/2009,17.85,18.61,17.6,18.5,86881248
04/02/2009,18.54,19,18.5,18.63,75617856
05/02/2009,18.5,19.14,18.25,19.04,75197936
06/02/2009,19.1,19.93,19.06,19.66,86745928
09/02/2009,19.72,19.77,19.26,19.44,52196148
10/02/2009,19.25,19.8,18.7,18.8,83958712
11/02/2009,18.99,19.49,18.92,19.21,58599424
12/02/2009,18.96,19.32,18.54,19.26,75323480
13/02/2009,19.29,19.47,19.04,19.09,47419392
17/02/2009,18.49,18.5,17.89,18.09,75853208
18/02/2009,18.2,18.45,18,18.12,54955160
19/02/2009,18.38,18.38,17.81,17.91,49197636
20/02/2009,17.79,18.19,17.66,18,69416120
23/02/2009,18.04,18.15,17.16,17.21,70803344
24/02/2009,17.02,17.35,16.36,17.17,122673952
25/02/2009,17,17.24,16.46,16.96,105894560
26/02/2009,17.05,17.08,16.42,16.42,83219416
27/02/2009,16.28,16.52,16.1,16.15,93434280
02/03/2009,15.95,16.25,15.72,15.79,80597104
03/03/2009,15.99,16.24,15.64,15.88,80476552
04/03/2009,15.99,16.4,15.89,16.12,69290016
05/03/2009,15.81,15.88,15.27,15.27,89704744
06/03/2009,15.35,15.62,14.87,15.28,92853696
09/03/2009,15.21,15.74,15.1,15.15,66514260
10/03/2009,15.37,16.62,15.25,16.48,95191800
11/03/2009,16.66,17.2,16.43,17.11,84572520
12/03/2009,17.02,17.04,16.48,17.01,93719792
13/03/2009,17.04,17.05,16.18,16.65,82974544
16/03/2009,16.82,16.96,16.24,16.25,67038412
17/03/2009,16.38,16.9,16.26,16.9,62669276
18/03/2009,16.82,17.22,16.6,16.96,70733200
19/03/2009,17.35,17.45,16.92,17.14,58998888
20/03/2009,17.33,17.65,16.88,17.06,81742576
23/03/2009,17.46,18.59,17.31,18.33,71607824
24/03/2009,18.03,18.21,17.84,17.93,50090352
25/03/2009,18,18.31,17.52,17.88,73932160
26/03/2009,18.2,18.88,18.12,18.83,63780076
27/03/2009,18.52,18.61,18.05,18.13,47673696
30/03/2009,17.74,17.76,17.27,17.48,49640620
31/03/2009,17.79,18.79,17.78,18.37,92423288
01/04/2009,18.29,19.36,18.18,19.31,96438848
02/04/2009,19.48,19.89,19,19.29,99082240
03/04/2009,19.07,19.15,18.43,18.75,81865040
06/04/2009,18.63,18.76,18.27,18.76,47478684
07/04/2009,18.76,19.14,18.63,18.76,65815168
08/04/2009,18.98,19.62,18.96,19.19,56408824
09/04/2009,19.44,19.7,19.22,19.67,55759560
13/04/2009,19.65,19.85,19.37,19.59,44450424
14/04/2009,19.42,19.55,19,19.35,63796244
15/04/2009,19.24,19.25,18.51,18.83,72725456
16/04/2009,19.19,19.78,18.99,19.76,67691952
17/04/2009,19.69,19.69,19,19.2,61398448
20/04/2009,18.9,18.95,18.57,18.61,62943432
21/04/2009,18.61,19.08,18.57,18.97,60928280
22/04/2009,18.73,19.19,18.7,18.78,59400936
23/04/2009,18.85,18.94,18.47,18.92,86116272
24/04/2009,19.83,21.2,19.5,20.91,168478496
27/04/2009,20.5,20.82,20.28,20.4,68219576
28/04/2009,20.2,20.27,19.79,19.93,76688304
29/04/2009,20.11,20.89,20.06,20.25,79301584
30/04/2009,20.6,21.1,20.01,20.26,87439808
01/05/2009,20.17,20.35,19.86,20.24,63224472
04/05/2009,20.39,20.4,19.98,20.19,54313368
05/05/2009,20.12,20.24,19.64,19.79,67242976
06/05/2009,20.05,20.07,19.61,19.79,59639016
07/05/2009,19.97,19.99,19.14,19.32,68727152
08/05/2009,19.5,19.64,19.14,19.42,67604248
11/05/2009,19.16,19.73,19.01,19.32,63769336
12/05/2009,19.5,20.06,19.47,19.89,71966784
13/05/2009,19.98,20,19.67,19.75,49288224
14/05/2009,19.82,20.23,19.8,20.06,54544880
15/05/2009,20.07,20.5,19.98,20.22,61289840
18/05/2009,20.33,20.6,20.24,20.6,46077724
19/05/2009,20.45,20.74,20.25,20.31,51368252
20/05/2009,20.38,20.69,20.22,20.38,47452296
21/05/2009,20.12,20.23,19.51,19.82,58241500
22/05/2009,19.94,20.17,19.47,19.75,37325792
26/05/2009,19.5,20.45,19.45,20.34,44996740
27/05/2009,20.25,20.6,20.07,20.13,42898440
28/05/2009,20.32,20.63,20.05,20.45,45484760
29/05/2009,20.5,20.94,20.3,20.89,46139532
01/06/2009,21.04,21.5,20.86,21.4,57322904
02/06/2009,21.42,21.98,21.2,21.4,48941776
03/06/2009,21.31,21.76,21.29,21.73,56047440
04/06/2009,21.77,21.9,21.58,21.83,42332564
05/06/2009,21.9,22.31,21.81,22.14,59585284
08/06/2009,21.94,22.32,21.63,22.05,49008048
09/06/2009,22.05,22.32,21.88,22.08,50887628
10/06/2009,22.14,22.62,22.12,22.55,61297116
11/06/2009,22.59,23.26,22.57,22.83,65128976
12/06/2009,22.9,23.38,22.74,23.33,50963460
15/06/2009,23.23,23.54,23.02,23.42,69089584
16/06/2009,23.51,24.11,23.44,23.45,105295560
17/06/2009,23.56,23.82,23.17,23.68,86483072
18/06/2009,23.6,23.69,23.3,23.5,58852176
19/06/2009,24.06,24.34,23.75,24.07,115458920
22/06/2009,23.91,23.95,23.25,23.28,71296464
23/06/2009,23.37,23.66,23.21,23.34,56753480
24/06/2009,23.42,23.75,23.36,23.47,54287632
25/06/2009,23.43,23.92,23.2,23.79,57727832
26/06/2009,23.57,23.69,23.32,23.35,65126364
29/06/2009,23.6,24.03,23.55,23.86,62864396
30/06/2009,23.98,24.24,23.63,23.77,66452304
01/07/2009,24.07,24.3,23.96,24.04,54915128
02/07/2009,23.77,24.04,23.21,23.37,65427700
06/07/2009,23.18,23.28,22.87,23.2,49207640
07/07/2009,23.05,23.14,22.46,22.53,52842412
08/07/2009,22.27,22.69,22,22.56,73023304
09/07/2009,22.64,22.81,22.37,22.44,46981176
10/07/2009,22.19,22.54,22.15,22.39,43238696
13/07/2009,22.39,23.29,22.14,23.23,67585960
14/07/2009,23.19,23.22,22.86,23.11,45448632
15/07/2009,23.68,24.12,23.56,24.12,67241888
16/07/2009,23.92,24.44,23.86,24.44,64560964
17/07/2009,24.45,24.45,24.1,24.29,52860096
20/07/2009,24.39,24.53,24.15,24.53,47797972
21/07/2009,24.7,24.83,24.37,24.83,52028400
22/07/2009,24.67,24.9,24.51,24.8,66192408
23/07/2009,24.93,25.72,24.84,25.56,106060480
24/07/2009,23.58,23.89,22.81,23.45,215135616
27/07/2009,23.45,23.45,22.9,23.11,80949920
28/07/2009,23,23.55,22.9,23.47,70288384
29/07/2009,23.75,23.91,23.34,23.8,73626864
30/07/2009,24.22,24.43,23.71,23.81,67819968
31/07/2009,23.75,24.07,23.5,23.52,54265280
03/08/2009,23.79,23.86,23.5,23.83,46902836
04/08/2009,23.63,23.79,23.53,23.77,49218228
05/08/2009,23.93,24.25,23.79,23.81,53310240
06/08/2009,23.93,23.98,23.27,23.46,59694624
07/08/2009,23.75,23.82,23.5,23.56,46174324
10/08/2009,23.43,23.55,23.3,23.42,35268300
11/08/2009,23.34,23.4,23.05,23.13,33620088
12/08/2009,23.16,23.9,23.03,23.53,61972276
13/08/2009,23.64,23.85,23.4,23.62,38955808
14/08/2009,23.62,23.8,23.51,23.69,46331960
17/08/2009,23.41,23.6,23.23,23.25,42482888
18/08/2009,23.32,23.65,23.27,23.58,38878900
19/08/2009,23.28,23.72,23.25,23.65,41827420
20/08/2009,23.6,23.87,23.54,23.67,39508124
21/08/2009,23.93,24.42,23.77,24.41,69018920
24/08/2009,24.37,24.73,24.28,24.64,54180888
25/08/2009,24.61,24.82,24.46,24.64,43980208
26/08/2009,24.56,24.75,24.42,24.55,41079000
27/08/2009,24.41,24.78,24.3,24.69,45495600
28/08/2009,25.05,25.49,24.61,24.68,55807968
31/08/2009,24.58,24.85,24.29,24.65,49597144
01/09/2009,24.37,24.74,23.9,24,62608464
02/09/2009,23.81,24.14,23.78,23.86,40771252
03/09/2009,23.91,24.14,23.76,24.11,34120376
04/09/2009,24.12,24.8,24.08,24.62,44999632
08/09/2009,24.6,24.84,24.41,24.82,53738664
09/09/2009,24.72,24.95,24.67,24.78,49900236
10/09/2009,24.84,25.05,24.65,25,46258756
11/09/2009,24.92,25.17,24.81,24.86,54304284
14/09/2009,24.65,25.09,24.64,25,42810156
15/09/2009,24.95,25.27,24.86,25.2,44718408
16/09/2009,25.25,25.35,24.95,25.2,50055776
17/09/2009,25.06,25.38,25.06,25.3,42431644
18/09/2009,25.46,25.48,25.1,25.26,68016400
21/09/2009,25.1,25.37,25.1,25.3,28878664
22/09/2009,25.4,25.82,25.29,25.77,61378344
23/09/2009,25.94,26.25,25.64,25.71,60603560
24/09/2009,25.91,26.11,25.66,25.94,56310696
25/09/2009,25.7,25.82,25.52,25.55,50161052
28/09/2009,25.6,26.16,25.6,25.83,44363584
29/09/2009,25.88,25.96,25.69,25.75,39050280
30/09/2009,25.75,25.99,25.38,25.72,63537684
01/10/2009,25.39,25.47,24.8,24.88,75958096
02/10/2009,24.5,25.09,24.43,24.96,51226260
05/10/2009,24.97,25.06,24.52,24.64,60809816
06/10/2009,24.7,25.21,24.66,25.11,48795240
07/10/2009,24.97,25.18,24.88,25.1,38473856
08/10/2009,25.44,25.9,25.22,25.67,60521240
09/10/2009,25.56,25.79,25.46,25.55,39522260
12/10/2009,25.65,25.89,25.55,25.72,29153568
13/10/2009,25.56,25.94,25.52,25.81,37748964
14/10/2009,26.14,26.2,25.82,25.96,45365488
15/10/2009,25.93,26.71,25.9,26.71,65620100
16/10/2009,26.47,26.63,26.1,26.5,56500864
19/10/2009,26.54,26.58,26.25,26.36,48143164
20/10/2009,26.39,26.51,25.94,26.37,54613476
21/10/2009,26.46,26.75,26.39,26.58,61672604
22/10/2009,26.55,26.72,26.13,26.59,61599928
23/10/2009,29.05,29.35,27.88,28.02,281760960
26/10/2009,28.14,29.02,28.11,28.68,123922208
27/10/2009,28.73,28.88,28.44,28.59,68597200
28/10/2009,28.16,28.77,27.95,28.02,73464536
29/10/2009,28.05,28.41,27.85,28.22,65201512
30/10/2009,28.04,28.4,27.66,27.73,73371736
02/11/2009,27.63,28.05,27.41,27.88,62432608
03/11/2009,27.62,27.74,27.43,27.53,50294716
04/11/2009,27.7,28.39,27.62,28.06,63898304
05/11/2009,28.55,28.74,28.28,28.47,52683312
06/11/2009,28.32,28.63,28.2,28.52,38909996
09/11/2009,28.6,29,28.53,28.99,57522020
10/11/2009,28.88,29.28,28.81,29.01,65881036
11/11/2009,29.07,29.3,29.02,29.12,49693320
12/11/2009,29.01,29.49,29,29.36,55360704
13/11/2009,29.45,29.79,29.37,29.63,53044976
16/11/2009,29.58,29.8,29.37,29.54,54129500
17/11/2009,29.5,30,29.47,30,75648888
18/11/2009,29.99,30.14,29.81,30.11,59440916
19/11/2009,29.98,30,29.7,29.78,51967660
20/11/2009,29.67,29.77,29.43,29.62,42648016
23/11/2009,29.74,30.01,29.7,29.94,41836364
24/11/2009,29.94,29.99,29.75,29.91,37341360
25/11/2009,29.82,29.86,29.58,29.79,32036164
27/11/2009,29.01,29.39,28.75,29.22,29357892
30/11/2009,29.08,29.45,29,29.41,44174644
01/12/2009,29.5,30.05,29.41,30.01,49907184
02/12/2009,29.88,29.99,29.65,29.78,36308524
03/12/2009,29.78,30.2,29.76,29.83,43096328
04/12/2009,30.04,30.37,29.83,29.98,58819960
07/12/2009,29.71,30.08,29.68,29.79,38082612
08/12/2009,29.51,29.74,29.38,29.57,37407912
09/12/2009,29.33,29.81,29.25,29.71,44719352
10/12/2009,29.67,29.96,29.66,29.87,45940704
11/12/2009,29.94,30,29.79,29.85,43746588
14/12/2009,29.91,30.16,29.9,30.11,34651152
15/12/2009,29.88,30.21,29.88,30.02,49473152
16/12/2009,30.08,30.41,30.04,30.1,55741168
17/12/2009,29.95,29.96,29.57,29.6,43691184
18/12/2009,29.84,30.45,29.8,30.36,94117968
21/12/2009,30.38,30.84,30.37,30.52,40132876
22/12/2009,30.6,30.93,30.54,30.82,36320920
23/12/2009,30.7,30.95,30.69,30.92,28362688
24/12/2009,30.82,31,30.76,31,11083867
28/12/2009,30.99,31.18,30.89,31.17,25385576
29/12/2009,31.25,31.5,31.23,31.39,29722450
30/12/2009,31.1,31.29,30.8,30.96,42007596
31/12/2009,30.98,30.99,30.48,30.48,31929612
04/01/2010,30.65,31.1,30.59,30.95,38414184
05/01/2010,30.87,31.1,30.64,30.96,49758864
06/01/2010,30.88,31.08,30.52,30.77,58182332
07/01/2010,30.61,30.7,30.19,30.45,50564284
08/01/2010,30.27,30.88,30.24,30.66,51201288
11/01/2010,30.72,30.76,30.12,30.27,68754648
12/01/2010,30.18,30.4,29.91,30.07,65913228
13/01/2010,30.26,30.52,30.01,30.35,51863464
14/01/2010,30.26,31.1,30.26,30.96,63244768
15/01/2010,31.2,31.24,30.71,30.86,79915648
19/01/2010,30.68,31.24,30.68,31.1,46582888
20/01/2010,30.78,30.94,30.31,30.59,54857712
21/01/2010,30.61,30.72,30,30.01,73086704
22/01/2010,30,30.2,28.84,28.96,102004576
25/01/2010,29.2,29.66,29.1,29.32,63381172
26/01/2010,29.14,29.85,29.09,29.5,66647676
27/01/2010,29.3,29.82,29.02,29.67,63949492
28/01/2010,29.83,29.87,28.89,29.16,117513696
29/01/2010,29.89,29.92,27.66,28.18,193888416
01/02/2010,28.4,28.48,27.92,28.41,85931096
02/02/2010,28.37,28.5,28.14,28.46,54413656
03/02/2010,28.22,28.79,28.12,28.63,61397848
04/02/2010,28.36,28.5,27.81,27.84,77849968
05/02/2010,27.97,28.28,27.57,28.02,80960064
08/02/2010,27.96,28.08,27.57,27.72,52826472
09/02/2010,27.97,28.34,27.75,28.01,59195744
10/02/2010,28.01,28.24,27.84,27.99,48591248
11/02/2010,27.91,28.4,27.7,28.12,65995912
12/02/2010,27.78,28.06,27.58,27.93,81121512
16/02/2010,28.15,28.37,28.02,28.35,51938096
17/02/2010,28.58,28.65,28.36,28.59,45882840
18/02/2010,28.59,29.03,28.51,28.97,42856500
19/02/2010,28.77,28.92,28.69,28.77,44461632
22/02/2010,28.84,28.94,28.65,28.73,36710352
23/02/2010,28.67,28.83,28.09,28.33,52270044
24/02/2010,28.53,28.79,28.38,28.63,43166876
25/02/2010,28.17,28.65,28.02,28.6,48735296
26/02/2010,28.64,28.85,28.51,28.67,40372888
01/03/2010,28.77,29.05,28.53,29.02,43805304
02/03/2010,29.06,29.3,28.24,28.46,93129840
03/03/2010,28.52,28.61,28.35,28.46,48442080
04/03/2010,28.44,28.65,28.27,28.63,42894184
05/03/2010,28.64,28.68,28.42,28.59,56005056
08/03/2010,28.51,28.93,28.5,28.63,39421396
09/03/2010,28.56,29.11,28.55,28.8,50278456
10/03/2010,28.86,29.11,28.8,28.97,44898608
11/03/2010,28.95,29.19,28.85,29.18,35353652
12/03/2010,29.32,29.38,29.04,29.27,31709320
15/03/2010,29.21,29.37,29.01,29.29,37516752
16/03/2010,29.42,29.49,29.2,29.37,36732936
17/03/2010,29.5,29.87,29.4,29.63,50386696
18/03/2010,29.63,29.72,29.5,29.61,43845200
19/03/2010,29.8,29.9,29.35,29.59,81341088
22/03/2010,29.5,29.7,29.39,29.6,37718160
23/03/2010,29.63,29.9,29.41,29.88,42026556
24/03/2010,29.68,29.85,29.6,29.65,33993584
25/03/2010,29.83,30.57,29.8,30.01,73176624
26/03/2010,30.11,30.2,29.59,29.66,55604732
29/03/2010,29.7,29.82,29.55,29.59,33340722
30/03/2010,29.55,29.86,29.5,29.77,34955872
31/03/2010,29.65,29.72,29.17,29.29,63762620
01/04/2010,29.35,29.54,28.62,29.16,74768064
05/04/2010,29.09,29.43,29.03,29.27,34338236
06/04/2010,29.1,29.58,28.98,29.32,47366784
07/04/2010,29.15,29.56,29.14,29.35,58320552
08/04/2010,29.3,29.98,29.3,29.92,63713716
09/04/2010,29.95,30.41,29.9,30.34,54755456
12/04/2010,30.26,30.49,30.21,30.32,37074280
13/04/2010,30.17,30.5,30.13,30.45,41374512
14/04/2010,30.75,31,30.66,30.82,68941184
15/04/2010,30.81,30.95,30.71,30.87,52748076
16/04/2010,30.75,30.98,30.6,30.67,88707800
19/04/2010,30.77,31.25,30.76,31.04,64970248
20/04/2010,31.21,31.44,31.13,31.36,52206092
21/04/2010,31.32,31.5,31.23,31.33,55343088
22/04/2010,31.01,31.53,30.9,31.39,84847552
23/04/2010,31.11,31.58,30.65,30.96,126766584
26/04/2010,31,31.28,30.86,31.11,63652232
27/04/2010,30.94,31.25,30.75,30.85,68732312
28/04/2010,30.88,31,30.62,30.91,64557900
29/04/2010,30.96,31.43,30.67,31,52671780
30/04/2010,31.05,31.08,30.52,30.54,63220208
03/05/2010,30.67,31.06,30.58,30.86,43990036
04/05/2010,30.5,30.55,29.75,30.13,82085576
05/05/2010,29.72,30.09,29.69,29.85,66833776
06/05/2010,29.56,29.88,27.91,28.98,128612952
07/05/2010,28.9,28.95,27.32,28.21,173718016
10/05/2010,28.97,29.48,28.71,28.94,86656272
11/05/2010,28.69,29.65,28.57,28.88,63803036
12/05/2010,29.02,29.58,28.92,29.44,47152464
13/05/2010,29.27,29.73,29.18,29.24,45291600
14/05/2010,29.17,29.21,28.64,28.93,63333960
17/05/2010,29.19,29.23,28.45,28.94,46055496
18/05/2010,28.86,29,28.4,28.6,52772108
19/05/2010,28.52,28.69,27.79,28.24,61754172
20/05/2010,27.62,27.84,27.04,27.11,87991056
21/05/2010,26.57,27.11,26.44,26.84,117600232
24/05/2010,26.81,26.86,26.26,26.27,73712016
25/05/2010,25.65,26.33,25.38,26.07,98373512
26/05/2010,26.24,26.61,24.56,25.01,176684016
27/05/2010,25.74,26.36,25.73,26,136434528
28/05/2010,25.82,26.12,25.66,25.8,67502224
01/06/2010,25.57,26.31,25.52,25.89,76155456
02/06/2010,26.05,26.48,25.73,26.46,65718772
03/06/2010,26.54,26.93,26.41,26.86,67839376
04/06/2010,26.11,26.57,25.62,25.79,89833272
07/06/2010,25.82,25.83,25.24,25.29,80456152
08/06/2010,25.23,25.26,24.65,25.11,87354920
09/06/2010,25.22,25.52,24.75,24.79,87808432
10/06/2010,25.13,25.15,24.78,25,78950408
11/06/2010,25.05,25.72,24.77,25.66,68057776
14/06/2010,25.9,25.96,25.47,25.5,50972364
15/06/2010,25.75,26.65,25.74,26.58,81644280
16/06/2010,26.5,26.58,26.23,26.32,48699364
17/06/2010,26.61,26.67,26.04,26.37,47998692
18/06/2010,26.37,26.53,26.17,26.44,52079256
21/06/2010,26.75,26.89,25.89,25.95,54625216
22/06/2010,26.17,26.45,25.76,25.77,55986384
23/06/2010,25.75,25.78,25.22,25.31,61468280
24/06/2010,25.46,25.72,24.93,25,85252192
25/06/2010,25.02,25.11,24.31,24.53,156256672
28/06/2010,24.5,24.61,24.12,24.31,73787880
29/06/2010,24.1,24.2,23.11,23.31,119885792
30/06/2010,23.24,23.68,22.95,23.01,81057992
01/07/2010,23.09,23.32,22.73,23.16,92239400
02/07/2010,23.34,23.48,23.05,23.27,62489452
06/07/2010,23.72,24.09,23.58,23.82,73594552
07/07/2010,23.82,24.32,23.61,24.3,81967280
08/07/2010,24.57,24.62,23.97,24.41,50768072
09/07/2010,24.28,24.41,24.15,24.27,53811348
12/07/2010,24.43,24.89,24.42,24.83,49862200
13/07/2010,25.13,25.3,24.9,25.13,61928664
14/07/2010,25.52,25.61,25.12,25.44,72808024
15/07/2010,25.48,25.59,24.98,25.51,56934632
16/07/2010,25.54,25.64,24.88,24.89,65064760
19/07/2010,24.95,25.3,24.91,25.23,38181760
20/07/2010,24.86,25.48,24.7,25.48,45530160
21/07/2010,25.6,25.65,24.98,25.12,73297592
22/07/2010,25.5,25.99,25.47,25.84,73016368
23/07/2010,25.83,26.02,25.25,25.81,108520016
26/07/2010,25.86,26.2,25.8,26.1,65828052
27/07/2010,26.08,26.24,25.96,26.16,60682484
28/07/2010,26.07,26.19,25.83,25.95,69704728
29/07/2010,26.13,26.41,25.6,26.03,69446192
30/07/2010,25.72,25.84,25.35,25.81,83534776
02/08/2010,25.98,26.38,25.75,26.33,55044516
03/08/2010,26.27,26.35,25.97,26.16,56877664
04/08/2010,26.16,26.24,25.44,25.73,78531808
05/08/2010,25.5,25.58,25.21,25.37,64922012
06/08/2010,25.17,25.56,25.02,25.55,55985488
09/08/2010,25.54,25.73,25.37,25.61,57102544
10/08/2010,25.33,25.34,24.88,25.07,87257680
11/08/2010,24.66,24.9,24.56,24.86,76745824
12/08/2010,24.41,24.68,24.36,24.49,70240464
13/08/2010,24.34,24.67,24.24,24.4,45263432
16/08/2010,24.34,24.61,24.3,24.5,40968392
17/08/2010,24.7,24.96,24.6,24.71,52935024
18/08/2010,24.66,24.95,24.41,24.82,46818824
19/08/2010,24.57,24.74,24.21,24.44,54069036
20/08/2010,24.33,24.4,24.2,24.23,49565732
23/08/2010,24.45,24.64,24.24,24.28,51728128
24/08/2010,24.1,24.35,24,24.04,66532360
25/08/2010,24,24.22,23.87,24.1,47404768
26/08/2010,24.09,24.19,23.79,23.82,49105276
27/08/2010,23.88,24.02,23.51,23.93,60944492
30/08/2010,23.74,23.82,23.6,23.64,45453036
31/08/2010,23.57,23.73,23.32,23.47,66083496
01/09/2010,23.66,23.95,23.54,23.9,65235852
02/09/2010,23.86,23.95,23.71,23.94,48837044
03/09/2010,24.2,24.45,24.2,24.29,64189016
07/09/2010,24.14,24.3,23.92,23.96,51928616
08/09/2010,24.03,24.2,23.74,23.93,65512328
09/09/2010,24.2,24.21,23.99,24.01,46028832
10/09/2010,23.98,24.03,23.79,23.85,58293792
13/09/2010,24.2,25.29,24.09,25.11,114680384
14/09/2010,25.06,25.35,24.89,25.03,87160392
15/09/2010,25.07,25.22,24.92,25.12,56204376
16/09/2010,25.07,25.37,25.05,25.33,44548260
17/09/2010,25.44,25.53,25.08,25.22,70341520
20/09/2010,25.25,25.52,25.11,25.43,49877220
21/09/2010,25.41,25.42,25.08,25.15,52924156
22/09/2010,24.91,24.97,24.36,24.61,94299352
23/09/2010,24.5,24.59,24.36,24.43,46210108
24/09/2010,24.65,24.8,24.58,24.78,51948788
27/09/2010,24.85,24.99,24.59,24.73,43732860
28/09/2010,24.85,24.9,24.35,24.68,56041120
29/09/2010,24.61,24.66,24.4,24.5,44318896
30/09/2010,24.6,24.83,24.36,24.49,61271056
01/10/2010,24.77,24.82,24.3,24.38,62672276
04/10/2010,23.99,23.99,23.78,23.91,98143160
05/10/2010,24.11,24.45,23.91,24.35,78152896
06/10/2010,24.32,24.54,24.13,24.33,37374552
07/10/2010,24.61,24.75,24.28,24.53,50096044
08/10/2010,24.62,24.65,24.37,24.57,41328992
11/10/2010,24.69,24.74,24.5,24.59,27587722
12/10/2010,24.65,24.93,24.43,24.83,50141420
13/10/2010,25,25.54,24.89,25.34,75336440
14/10/2010,25.3,25.34,25,25.23,51985404
15/10/2010,25.38,25.55,25.23,25.54,68954744
18/10/2010,25.58,25.95,25.45,25.82,48396780
19/10/2010,25.28,25.37,24.95,25.1,66150876
20/10/2010,25.25,25.4,25.1,25.31,56283552
21/10/2010,25.4,25.54,25.05,25.42,50032352
22/10/2010,25.52,25.54,25.27,25.38,25844140
25/10/2010,25.25,25.35,25.17,25.19,50912304
26/10/2010,25.11,25.97,25.06,25.9,69304104
27/10/2010,25.76,26.11,25.62,26.05,64805408
28/10/2010,26.2,26.38,25.92,26.28,80730264
29/10/2010,27.14,27.2,26.48,26.67,114193192
01/11/2010,26.88,27.22,26.7,26.95,61916184
02/11/2010,27.03,27.42,27.02,27.39,54337640
03/11/2010,27.48,27.49,26.96,27.03,110255272
04/11/2010,27.41,27.43,27.01,27.14,93543928
05/11/2010,27.17,27.19,26.53,26.85,110953688
08/11/2010,26.68,27.05,26.58,26.81,71670768
09/11/2010,26.78,27.11,26.71,26.95,58594444
10/11/2010,26.99,27.08,26.81,26.94,52277300
11/11/2010,26.65,26.72,26.28,26.68,62076712
12/11/2010,26.46,26.52,26.1,26.27,64962140
15/11/2010,26.33,26.5,26.17,26.2,51794560
16/11/2010,26,26.04,25.65,25.81,65339112
17/11/2010,25.9,25.91,25.55,25.57,58299608
18/11/2010,25.7,26.08,25.61,25.84,59518952
19/11/2010,25.79,25.83,25.6,25.69,52423176
22/11/2010,25.66,25.74,25.44,25.73,53350440
23/11/2010,25.56,25.6,25.09,25.12,69806768
24/11/2010,25.22,25.46,25.16,25.37,56843692
26/11/2010,25.2,25.41,25.17,25.25,21356528
29/11/2010,25.14,25.42,24.93,25.31,56608148
30/11/2010,25.05,25.47,25,25.26,75282096
01/12/2010,25.59,26.25,25.56,26.04,74123488
02/12/2010,26.25,26.98,26.2,26.89,91798688
03/12/2010,26.81,27.06,26.78,27.02,52621912
06/12/2010,26.92,26.98,26.76,26.84,36273876
07/12/2010,27.06,27.13,26.85,26.87,57860448
08/12/2010,26.82,27.24,26.8,27.23,41666716
09/12/2010,27.27,27.34,27.01,27.08,47148284
10/12/2010,27.22,27.4,27.11,27.34,37629008
13/12/2010,27.25,27.45,27.17,27.25,47943856
14/12/2010,27.32,27.75,27.26,27.62,64095004
15/12/2010,27.54,27.99,27.53,27.85,69634200
16/12/2010,27.76,27.99,27.66,27.99,57680104
17/12/2010,27.89,28.09,27.75,27.9,87456448
20/12/2010,27.9,27.99,27.68,27.81,52810912
21/12/2010,27.84,28.14,27.76,28.07,38152996
22/12/2010,27.98,28.4,27.98,28.19,42255764
23/12/2010,27.97,28.32,27.96,28.3,24913722
27/12/2010,28.1,28.2,27.88,28.07,21654880
28/12/2010,27.97,28.17,27.96,28.01,23049216
29/12/2010,27.93,28.12,27.88,27.97,19505936
30/12/2010,27.96,28,27.78,27.85,20790442
31/12/2010,27.8,27.92,27.63,27.91,24791328
03/01/2011,28.1,28.18,27.92,27.98,53450112
04/01/2011,27.92,28.17,27.85,28.09,54409556
05/01/2011,27.88,28.01,27.77,28,58998240
06/01/2011,28.07,28.85,27.86,28.82,88026272
07/01/2011,28.64,28.74,28.25,28.6,73761976
10/01/2011,28.26,28.4,28.04,28.22,57573448
11/01/2011,28.18,28.25,28.05,28.11,50308416
12/01/2011,28.13,28.59,28.07,28.55,52636700
13/01/2011,28.31,28.39,28.01,28.19,67082768
14/01/2011,28.04,28.38,27.91,28.3,62691184
18/01/2011,28.14,28.74,28.14,28.66,53332616
19/01/2011,28.46,28.68,28.27,28.47,50005832
20/01/2011,28.49,28.55,28.13,28.35,58621932
21/01/2011,28.43,28.43,28.02,28.02,58080268
24/01/2011,28.03,28.56,27.99,28.38,52055812
25/01/2011,28.18,28.45,28.12,28.45,42436532
26/01/2011,28.53,28.99,28.5,28.78,74628760
27/01/2011,28.75,29.46,28.49,28.87,146938592
28/01/2011,28.9,28.93,27.45,27.75,141259152
31/01/2011,27.76,27.9,27.42,27.73,64999888
01/02/2011,27.8,28.06,27.61,27.99,62810660
02/02/2011,27.95,28.11,27.88,27.94,45836488
03/02/2011,27.96,27.97,27.54,27.65,60340060
04/02/2011,27.73,27.84,27.51,27.77,40416628
07/02/2011,27.83,28.34,27.79,28.2,68980872
08/02/2011,28.1,28.34,28.05,28.28,34910468
09/02/2011,28.18,28.26,27.91,27.97,52905016
10/02/2011,27.94,27.94,27.29,27.5,76672352
11/02/2011,27.75,27.81,27.07,27.25,83939640
14/02/2011,27.2,27.27,26.95,27.23,56766112
15/02/2011,27.04,27.33,26.95,26.96,44120592
16/02/2011,27.03,27.07,26.6,27.02,70817864
17/02/2011,26.96,27.37,26.91,27.21,57211560
18/02/2011,27.18,27.21,26.99,27.06,68672856
22/02/2011,26.73,27.1,26.52,26.59,60889000
23/02/2011,26.55,26.86,26.43,26.59,60234084
24/02/2011,26.67,27.06,26.5,26.77,64499004
25/02/2011,26.88,26.95,26.5,26.55,53006264
28/02/2011,26.64,26.86,26.51,26.58,51379676
01/03/2011,26.6,26.78,26.15,26.16,60054984
02/03/2011,26.1,26.37,26.04,26.08,48658192
03/03/2011,26.25,26.4,26.18,26.2,68271504
04/03/2011,26.21,26.24,25.8,25.95,70437152
07/03/2011,26.13,26.27,25.55,25.72,64987132
08/03/2011,25.78,26.02,25.65,25.91,50555384
09/03/2011,25.8,25.98,25.66,25.89,39792380
10/03/2011,25.67,25.71,25.35,25.41,66557504
11/03/2011,25.41,25.85,25.36,25.68,49906848
14/03/2011,25.47,25.76,25.35,25.69,54456560
15/03/2011,25.1,25.47,25,25.39,76064200
16/03/2011,25.23,25.28,24.68,24.79,100718992
17/03/2011,25.06,25.22,24.75,24.78,62506556
18/03/2011,25.04,25.18,24.8,24.8,85486688
21/03/2011,25.18,25.58,25.15,25.33,46895060
22/03/2011,25.33,25.46,25.23,25.3,30903640
23/03/2011,25.24,25.61,25.18,25.54,44018832
24/03/2011,25.6,25.87,25.5,25.81,38696660
25/03/2011,25.94,25.95,25.59,25.62,57031024
28/03/2011,25.67,25.72,25.38,25.41,48975380
29/03/2011,25.34,25.52,25.3,25.49,40772424
30/03/2011,25.58,25.72,25.5,25.61,42000176
31/03/2011,25.6,25.68,25.34,25.39,63281784
01/04/2011,25.53,25.53,25.31,25.48,63114200
04/04/2011,25.45,25.66,25.41,25.55,35441052
05/04/2011,25.82,26.18,25.74,25.78,73693936
06/04/2011,25.99,26.31,25.86,26.15,65589616
07/04/2011,26.2,26.26,25.97,26.2,46134636
08/04/2011,26.2,26.28,25.96,26.07,39890628
11/04/2011,26.16,26.25,25.8,25.98,34286212
12/04/2011,25.82,25.85,25.55,25.64,36936976
13/04/2011,25.65,25.87,25.56,25.63,38144620
14/04/2011,25.43,25.44,25.09,25.42,55245528
15/04/2011,25.55,25.56,25.18,25.37,65080348
18/04/2011,25.1,25.28,24.72,25.08,58046280
19/04/2011,25,25.17,24.87,25.15,38892332
20/04/2011,25.59,26,25.51,25.76,61608588
21/04/2011,25.78,25.89,25.36,25.52,46892292
25/04/2011,25.54,25.62,25.34,25.61,33525056
26/04/2011,25.74,26.44,25.67,26.19,69199456
27/04/2011,26.3,26.39,26.13,26.38,52688980
28/04/2011,26.48,26.87,26.4,26.71,80158576
29/04/2011,26.55,26.64,25.36,25.92,319317856
02/05/2011,25.97,26,25.48,25.66,89834096
03/05/2011,25.57,25.85,25.49,25.81,71909360
04/05/2011,25.85,26.25,25.79,26.06,73292272
05/05/2011,26.05,26.08,25.68,25.79,55626792
06/05/2011,26.09,26.22,25.75,25.87,55993640
09/05/2011,25.81,25.96,25.67,25.83,38696376
10/05/2011,25.38,25.85,25.25,25.67,120806136
11/05/2011,25.62,25.66,25.21,25.36,78604672
12/05/2011,25.38,25.39,25.1,25.32,77366952
13/05/2011,25.3,25.32,24.95,25.03,66819288
16/05/2011,24.96,25.07,24.5,24.57,91402408
17/05/2011,24.42,24.7,24.27,24.52,82894456
18/05/2011,24.51,24.74,24.25,24.69,53931024
19/05/2011,24.87,24.88,24.5,24.72,37783592
20/05/2011,24.72,24.87,24.44,24.49,45451464
23/05/2011,24.19,24.25,24.03,24.17,52703424
24/05/2011,24.2,24.29,24.04,24.15,47692976
25/05/2011,24.16,24.31,24.16,24.19,34903112
26/05/2011,24.36,25.03,24.32,24.67,78016536
27/05/2011,24.66,24.9,24.65,24.76,50254324
31/05/2011,24.94,25.06,24.7,25.01,60196204
01/06/2011,24.99,25.1,24.37,24.43,74036464
02/06/2011,24.47,24.65,24.18,24.22,51487736
03/06/2011,24.05,24.14,23.84,23.91,60697664
06/06/2011,23.86,24.25,23.77,24.01,54778672
07/06/2011,24.08,24.17,23.9,24.06,41112524
08/06/2011,23.87,24.02,23.86,23.94,42206808
09/06/2011,24.01,24.04,23.82,23.96,42882264
10/06/2011,24.02,24.02,23.69,23.71,49327104
13/06/2011,23.79,24.19,23.7,24.04,47574072
14/06/2011,24.29,24.45,24.19,24.22,42902700
15/06/2011,23.99,24.01,23.67,23.74,49410128
16/06/2011,23.75,24.1,23.65,24,57190388
17/06/2011,24.25,24.3,23.98,24.26,83352880
20/06/2011,24.17,24.66,24.16,24.47,54344044
21/06/2011,24.52,24.86,24.4,24.76,49712104
22/06/2011,24.62,24.81,24.59,24.65,44290816
23/06/2011,24.4,24.65,24.2,24.63,59472060
24/06/2011,24.51,24.54,24.19,24.3,101387160
27/06/2011,24.23,25.46,24.23,25.2,92044112
28/06/2011,25.3,25.92,25.16,25.8,81032016
29/06/2011,25.69,25.71,25.36,25.62,66052080
30/06/2011,25.74,26,25.66,26,52536288
01/07/2011,25.95,26.17,25.84,26.02,52914516
05/07/2011,26.11,26.15,25.9,26.03,37803060
06/07/2011,25.99,26.37,25.96,26.33,48748896
07/07/2011,26.49,26.88,26.36,26.77,51950944
08/07/2011,26.56,26.98,26.51,26.92,58332432
11/07/2011,26.63,26.8,26.49,26.63,44000716
12/07/2011,26.6,26.79,26.34,26.54,47320988
13/07/2011,26.6,26.96,26.51,26.63,40869336
14/07/2011,26.63,27.01,26.36,26.47,46385928
15/07/2011,26.48,26.93,26.47,26.78,49134400
18/07/2011,26.63,26.9,26.26,26.59,44506712
19/07/2011,26.81,27.64,26.78,27.54,86730600
20/07/2011,27.23,27.35,26.98,27.06,49795352
21/07/2011,27.06,27.31,26.65,27.1,81737344
22/07/2011,26.88,27.55,26.68,27.53,76380504
25/07/2011,27.26,28.09,27.19,27.91,108486592
26/07/2011,27.8,28.15,27.78,28.08,74643392
27/07/2011,27.85,27.99,27.2,27.33,71492136
28/07/2011,27.22,28.07,27.21,27.72,83766904
29/07/2011,27.51,27.71,27.26,27.4,104394736
01/08/2011,27.54,27.69,26.75,27.27,61846216
02/08/2011,26.91,27.45,26.76,26.8,63883016
03/08/2011,26.81,27,26.48,26.92,64583240
04/08/2011,26.5,26.87,25.93,25.94,92953768
05/08/2011,25.93,26.1,25.23,25.68,112072488
08/08/2011,25.02,25.6,24.39,24.48,134257120
09/08/2011,24.62,25.62,24.03,25.58,126278864
10/08/2011,24.94,25.09,24.1,24.2,127819720
11/08/2011,24.5,25.38,24.4,25.19,90697208
12/08/2011,25.13,25.34,24.65,25.1,63991744
15/08/2011,25.21,25.58,25.15,25.51,56529388
16/08/2011,25.2,25.59,25.05,25.35,54256724
17/08/2011,25.27,25.7,24.93,25.25,50085316
18/08/2011,24.57,25.09,24.03,24.67,105715512
19/08/2011,24.43,24.62,23.91,24.05,77402320
22/08/2011,24.44,24.49,23.79,23.98,54720968
23/08/2011,24.03,24.75,24.03,24.72,59671024
24/08/2011,24.6,24.93,24.42,24.9,45329608
25/08/2011,25.08,25.16,24.5,24.57,48191924
26/08/2011,24.48,25.34,24.42,25.25,71959200
29/08/2011,25.53,25.86,25.37,25.84,38863136
30/08/2011,25.77,26.43,25.7,26.23,57341368
31/08/2011,26.31,26.71,26.26,26.6,59301724
01/09/2011,26.46,26.86,26.21,26.21,60511548
02/09/2011,25.78,26,25.66,25.8,43897064
06/09/2011,25.15,25.59,25.11,25.51,54931984
07/09/2011,25.7,26,25.57,26,41960916
08/09/2011,26,26.66,25.95,26.22,65818212
09/09/2011,26.05,26.18,25.5,25.74,64531340
12/09/2011,25.42,25.93,25.27,25.89,55047244
13/09/2011,25.95,26.19,25.81,26.04,48794448
14/09/2011,26.17,26.8,25.89,26.5,66742536
15/09/2011,26.78,27.03,26.31,26.99,67809208
16/09/2011,27.05,27.27,26.83,27.12,89685216
19/09/2011,26.8,27.31,26.6,27.21,52324840
20/09/2011,27.31,27.5,26.93,26.98,49211856
21/09/2011,26.97,27.06,25.97,25.99,72750704
22/09/2011,25.3,25.65,24.6,25.06,96285920
23/09/2011,24.92,25.15,24.69,25.06,64769020
26/09/2011,25.23,25.52,24.73,25.44,51057572
27/09/2011,25.69,25.92,25.45,25.67,55623704
28/09/2011,25.93,26.37,25.51,25.58,60740400
29/09/2011,25.94,26.17,25.09,25.45,63411976
30/09/2011,25.22,25.5,24.88,24.89,54086656
03/10/2011,24.72,25.34,24.52,24.53,64596172
04/10/2011,24.35,25.39,24.26,25.34,83485392
05/10/2011,25.42,26.16,25.16,25.89,94061248
06/10/2011,25.9,26.4,25.7,26.34,55113496
07/10/2011,26.34,26.51,26.2,26.25,52748452
10/10/2011,26.58,26.97,26.47,26.94,41822240
11/10/2011,26.86,27.07,26.72,27,38826792
12/10/2011,27.18,27.31,26.9,26.96,52493456
13/10/2011,26.76,27.2,26.62,27.18,43830076
14/10/2011,27.29,27.5,27.02,27.27,50949440
17/10/2011,27.1,27.42,26.85,26.98,39453240
18/10/2011,26.94,27.4,26.8,27.31,52491968
19/10/2011,27.4,27.47,27.01,27.13,42881648
20/10/2011,27.26,27.34,26.4,27.04,76300104
21/10/2011,27.18,27.19,26.8,27.16,76620536
24/10/2011,27.05,27.4,27.04,27.19,56897792
25/10/2011,27.06,27.23,26.72,26.81,53554552
26/10/2011,27.04,27.06,26.1,26.59,63029832
27/10/2011,27.1,27.4,26.65,27.25,74515624
28/10/2011,27.09,27.19,26.79,26.98,57712076
31/10/2011,26.76,27,26.62,26.63,46798952
01/11/2011,26.17,26.32,25.86,25.99,61186956
02/11/2011,26.11,26.2,25.7,26.01,53536400
03/11/2011,26.21,26.59,25.98,26.53,65837012
04/11/2011,26.39,26.4,26,26.25,36553268
07/11/2011,26.23,26.82,26.13,26.8,42586044
08/11/2011,27,27.2,26.69,27.16,47825636
09/11/2011,26.61,26.75,26.06,26.2,62950824
10/11/2011,26.5,26.5,26.12,26.28,32517280
11/11/2011,26.61,27.08,26.57,26.91,37903972
14/11/2011,26.87,27,26.65,26.76,34199144
15/11/2011,26.56,26.94,26.4,26.74,43877076
16/11/2011,26.48,26.51,26.04,26.07,53262744
17/11/2011,26,26.04,25.44,25.54,70977496
18/11/2011,25.42,25.5,25.15,25.3,47627156
21/11/2011,25.22,25.25,24.9,25,61882820
22/11/2011,24.93,24.96,24.65,24.79,49204488
23/11/2011,24.66,24.79,24.47,24.47,49105288
25/11/2011,24.32,24.67,24.3,24.3,26164410
28/11/2011,24.96,24.97,24.69,24.87,46771880
29/11/2011,24.84,25.04,24.75,24.84,40920908
30/11/2011,25.33,25.59,25.14,25.58,81353520
01/12/2011,25.63,25.63,25.2,25.28,48545336
02/12/2011,25.59,25.62,25.16,25.22,52295244
05/12/2011,25.73,25.8,25.5,25.7,56818368
06/12/2011,25.84,25.87,25.61,25.66,46175296
07/12/2011,25.64,25.76,25.34,25.6,62669836
08/12/2011,25.54,25.72,25.37,25.4,60522184
09/12/2011,25.54,25.87,25.5,25.7,53790404
12/12/2011,25.4,25.57,25.29,25.51,38945868
13/12/2011,25.78,26.1,25.65,25.76,54581004
14/12/2011,25.67,25.86,25.57,25.59,47927108
15/12/2011,25.66,25.88,25.54,25.56,46217488
16/12/2011,25.75,26.17,25.63,26,101410080
19/12/2011,26.02,26.12,25.46,25.53,52258284
20/12/2011,25.87,26.1,25.81,26.03,60767524
21/12/2011,26.01,26.19,25.44,25.76,64134140
22/12/2011,25.86,25.86,25.48,25.81,35794084
23/12/2011,25.91,26.04,25.73,26.03,23205776
27/12/2011,25.96,26.14,25.93,26.04,21287332
28/12/2011,26.11,26.15,25.76,25.82,29823500
29/12/2011,25.91,26.05,25.86,26.02,22616884
30/12/2011,25.97,26.12,25.91,25.96,27396332
03/01/2012,26.5,26.96,26.39,26.77,64735392
04/01/2012,26.82,27.47,26.78,27.4,80519400
05/01/2012,27.4,27.73,27.29,27.68,56082204
06/01/2012,27.53,28.19,27.53,28.11,99459472
09/01/2012,28.03,28.1,27.72,27.74,59708264
10/01/2012,27.9,28.15,27.75,27.84,60014332
11/01/2012,27.45,27.98,27.37,27.72,65586476
12/01/2012,27.87,28.02,27.65,28,49375476
13/01/2012,27.92,28.25,27.79,28.25,60204904
17/01/2012,28.37,28.65,28.17,28.26,72395248
18/01/2012,28.27,28.4,27.97,28.23,64860508
19/01/2012,28.13,28.44,28.03,28.12,74053424
20/01/2012,28.84,29.74,28.75,29.71,165902896
23/01/2012,29.51,29.95,29.35,29.73,76081816
24/01/2012,29.46,29.57,29.18,29.34,51711368
25/01/2012,29.07,29.65,29.07,29.56,59236268
26/01/2012,29.61,29.7,29.4,29.5,49107456
27/01/2012,29.44,29.53,29.17,29.23,44190572
30/01/2012,29,29.62,28.83,29.61,51114660
31/01/2012,29.66,29.7,29.23,29.53,50572372
01/02/2012,29.76,30.05,29.76,29.89,67413816
02/02/2012,29.9,30.17,29.71,29.95,52226256
03/02/2012,30.11,30.4,30.09,30.24,41845396
06/02/2012,30.04,30.22,29.97,30.2,28040378
07/02/2012,30.1,30.49,30.05,30.35,39242528
08/02/2012,30.22,30.67,30.22,30.66,49662740
09/02/2012,30.62,30.8,30.48,30.77,50481548
10/02/2012,30.65,30.8,30.36,30.5,44606752
13/02/2012,30.63,30.77,30.43,30.58,33322516
14/02/2012,30.28,30.46,29.85,30.25,59662712
15/02/2012,30.33,30.39,30.03,30.05,43316116
16/02/2012,30.3,31.55,30.3,31.29,94705080
17/02/2012,31.2,31.32,30.95,31.25,70040832
21/02/2012,31.18,31.61,31.15,31.44,50832548
22/02/2012,31.45,31.68,31.18,31.27,49253116
23/02/2012,31.2,31.59,31,31.37,35035608
24/02/2012,31.48,31.5,31.24,31.48,35577832
27/02/2012,31.24,31.5,31.1,31.35,34575392
28/02/2012,31.43,31.93,31.38,31.87,45230572
29/02/2012,31.89,32,31.61,31.74,59326544
01/03/2012,31.95,32.39,31.85,32.29,77348928
02/03/2012,32.33,32.44,32,32.08,47318928
05/03/2012,32,32.05,31.62,31.8,45239832
06/03/2012,31.54,31.98,31.49,31.56,51938952
07/03/2012,31.66,31.92,31.53,31.84,34340620
08/03/2012,32,32.21,31.9,32.01,36752012
09/03/2012,32.1,32.16,31.92,31.99,34628400
12/03/2012,31.95,32.2,31.82,32.04,34076756
13/03/2012,32.23,32.69,32.15,32.67,48951648
14/03/2012,32.5,32.88,32.49,32.77,41987744
15/03/2012,32.78,32.94,32.58,32.85,49070792
16/03/2012,32.9,32.95,32.5,32.6,65626400
19/03/2012,32.51,32.61,32.15,32.2,44797108
20/03/2012,32.12,32.15,31.74,31.99,41566788
21/03/2012,31.97,32.15,31.82,31.91,37935484
22/03/2012,31.85,32.09,31.79,32,31749516
23/03/2012,32.1,32.11,31.72,32.01,35912884
26/03/2012,32.22,32.61,32.16,32.59,36758280
27/03/2012,32.65,32.7,32.4,32.52,36274888
28/03/2012,32.5,32.7,32.04,32.19,41350040
29/03/2012,32,32.19,31.81,32.12,37038896
30/03/2012,32.4,32.41,32.04,32.26,31754740
02/04/2012,32.16,32.46,31.95,32.29,35850784
03/04/2012,32.14,32.19,31.66,31.94,42752024
04/04/2012,31.66,31.69,31.05,31.21,49455872
05/04/2012,31.1,31.63,31.05,31.52,50272428
09/04/2012,31.24,31.4,30.97,31.1,31062812
10/04/2012,31,31.19,30.3,30.47,54137248
11/04/2012,30.43,30.53,30.23,30.35,43016352
12/04/2012,30.48,31.04,30.42,30.98,38306008
13/04/2012,30.84,31.16,30.72,30.81,39749524
16/04/2012,30.99,31.19,30.77,31.08,38130096
17/04/2012,31.22,31.61,31.2,31.44,34361728
18/04/2012,31.24,31.31,31.04,31.14,40555468
19/04/2012,31.16,31.68,30.94,31.01,54781104
20/04/2012,32.16,32.89,32.05,32.42,106052024
23/04/2012,32.31,32.5,32.03,32.12,61403840
24/04/2012,32.22,32.52,31.83,31.92,40871060
25/04/2012,31.97,32.32,31.87,32.2,62496908
26/04/2012,32.12,32.23,31.92,32.11,40312880
27/04/2012,32.12,32.22,31.88,31.98,41423608
30/04/2012,31.98,32.11,31.92,32.02,35706696
01/05/2012,32.05,32.34,31.95,32.01,43833208
02/05/2012,31.85,31.93,31.64,31.8,37387976
03/05/2012,31.88,31.9,31.61,31.76,31504328
04/05/2012,31.47,31.57,30.92,30.98,57928336
07/05/2012,30.66,30.86,30.57,30.65,48644876
08/05/2012,30.52,30.78,30.17,30.5,46337432
09/05/2012,30.2,30.83,30.1,30.76,50309300
10/05/2012,30.9,31.02,30.45,30.74,43839116
11/05/2012,30.74,31.54,30.69,31.16,43460344
14/05/2012,30.81,31.04,30.64,30.68,40528884
15/05/2012,30.64,30.8,30.15,30.21,61830348
16/05/2012,30.28,30.32,29.74,29.9,60083688
17/05/2012,29.94,30.21,29.71,29.72,48487176
18/05/2012,29.79,29.81,29.17,29.27,56205264
21/05/2012,29.09,29.79,29.06,29.75,38794204
22/05/2012,29.73,29.88,29.5,29.76,39508256
23/05/2012,29.35,29.4,28.64,29.11,65170960
24/05/2012,29.16,29.3,28.76,29.07,52576024
25/05/2012,29.2,29.36,29.01,29.06,29508244
29/05/2012,29.42,29.72,29.22,29.56,37758960
30/05/2012,29.35,29.48,29.12,29.34,41590048
31/05/2012,29.29,29.42,28.94,29.19,39142320
01/06/2012,28.8,28.96,28.44,28.45,56641280
04/06/2012,28.62,28.78,28.32,28.55,47928160
05/06/2012,28.5,28.75,28.39,28.51,45715328
06/06/2012,28.88,29.37,28.81,29.35,46860488
07/06/2012,29.6,29.7,29.17,29.23,37794900
08/06/2012,29.21,29.68,29.05,29.65,42554320
11/06/2012,29.73,29.81,28.82,28.9,46365064
12/06/2012,29.1,29.3,28.84,29.29,35338136
13/06/2012,29.24,29.44,29.05,29.13,32984516
14/06/2012,29.33,29.46,28.88,29.34,39460156
15/06/2012,29.61,30.08,29.49,30.02,62314360
18/06/2012,30.02,30.03,29.71,29.84,58679616
19/06/2012,30.21,31.11,30.05,30.7,75725720
20/06/2012,30.93,31.05,30.64,30.93,36257100
21/06/2012,31,31.14,30.06,30.14,48461284
22/06/2012,30.3,30.73,30.03,30.7,45098016
25/06/2012,30.29,30.32,29.62,29.87,42225200
26/06/2012,29.99,30.27,29.94,30.02,38422236
27/06/2012,30.21,30.5,30.03,30.17,33783976
28/06/2012,29.98,30.05,29.42,29.91,45333920
29/06/2012,30.45,30.69,30.14,30.59,55227108
02/07/2012,30.62,30.62,30.21,30.56,30589040
03/07/2012,30.2,30.76,30.17,30.76,20941442
05/07/2012,30.5,30.78,30.38,30.7,28802820
06/07/2012,30.58,30.7,29.95,30.19,38297404
09/07/2012,30.19,30.23,29.78,30,30682552
10/07/2012,30.08,30.22,29.51,29.74,37537368
11/07/2012,29.68,29.74,29.11,29.3,39188840
12/07/2012,29.15,29.18,28.54,28.63,63530444
13/07/2012,28.8,29.48,28.72,29.39,39090584
16/07/2012,29.48,29.53,29.04,29.44,27901964
17/07/2012,29.64,29.86,29.2,29.66,33776332
18/07/2012,29.59,30.45,29.46,30.45,41100152
19/07/2012,30.51,30.8,30.38,30.67,46663184
20/07/2012,31.05,31.05,30.05,30.12,64027080
23/07/2012,29.57,29.58,29.01,29.28,55151880
24/07/2012,29.24,29.36,28.9,29.15,47723276
25/07/2012,29.25,29.33,28.78,28.83,45583792
26/07/2012,29.25,29.5,29.09,29.16,45302964
27/07/2012,29.44,29.85,29.18,29.76,44244768
30/07/2012,29.71,29.82,29.46,29.64,28904868
31/07/2012,29.47,29.71,29.33,29.47,37622808
01/08/2012,29.58,29.65,29.21,29.41,31722524
02/08/2012,29.22,29.53,28.97,29.19,39523064
03/08/2012,29.53,29.94,29.48,29.75,35860412
06/08/2012,30,30.11,29.81,29.95,27473824
07/08/2012,30.07,30.35,29.87,30.26,28003408
08/08/2012,30.17,30.47,30.11,30.33,26258428
09/08/2012,30.41,30.65,30.3,30.5,24920732
10/08/2012,30.5,30.62,30.25,30.42,27813460
13/08/2012,30.35,30.46,30.16,30.39,23053520
14/08/2012,30.33,30.39,30.01,30.13,34552536
15/08/2012,30.04,30.28,30.02,30.2,24351640
16/08/2012,30.31,30.94,30.26,30.78,35788904
17/08/2012,30.92,30.92,30.59,30.9,32597464
20/08/2012,30.82,30.85,30.58,30.74,23739124
21/08/2012,30.76,30.96,30.61,30.8,28823884
22/08/2012,30.56,30.76,30.47,30.54,33438368
23/08/2012,30.39,30.4,30.08,30.26,28356540
24/08/2012,30.22,30.63,30.18,30.56,22951098
27/08/2012,30.93,30.96,30.59,30.69,34692508
28/08/2012,30.7,30.8,30.52,30.63,23948612
29/08/2012,30.7,30.75,30.44,30.65,23347976
30/08/2012,30.47,30.61,30.22,30.32,23982028
31/08/2012,30.58,30.96,30.38,30.82,36595416
04/09/2012,30.47,30.66,30.15,30.39,48561824
05/09/2012,30.23,30.53,30.21,30.39,33650752
06/09/2012,30.5,31.36,30.46,31.35,48371612
07/09/2012,31.04,31.07,30.73,30.95,42652924
10/09/2012,30.8,30.9,30.51,30.72,40524856
11/09/2012,30.63,30.91,30.61,30.79,25194218
12/09/2012,30.95,31.18,30.73,30.78,32779040
13/09/2012,30.82,31.18,30.4,30.94,45052176
14/09/2012,31,31.25,30.81,31.21,51422728
17/09/2012,31.15,31.26,31.04,31.21,36488844
18/09/2012,31.11,31.21,31.03,31.18,34542688
19/09/2012,31.09,31.19,31.04,31.05,48881760
20/09/2012,30.98,31.48,30.91,31.45,45549356
21/09/2012,31.43,31.61,31.09,31.19,102348792
24/09/2012,31,31.07,30.64,30.78,46825824
25/09/2012,30.94,31,30.36,30.39,54275688
26/09/2012,30.24,30.6,30.04,30.17,54679300
27/09/2012,30.17,30.4,29.89,30.16,47130848
28/09/2012,30.19,30.26,29.74,29.76,54232060
01/10/2012,29.82,29.98,29.42,29.49,54042532
02/10/2012,29.68,29.89,29.5,29.66,43338812
03/10/2012,29.75,29.99,29.67,29.86,46663996
04/10/2012,29.94,30.03,29.57,30.03,43640872
05/10/2012,30.21,30.25,29.74,29.85,41135532
08/10/2012,29.64,29.92,29.55,29.78,29755574
09/10/2012,29.68,29.74,29.18,29.28,45130560
10/10/2012,29.15,29.31,28.95,28.98,47227080
11/10/2012,29.23,29.25,28.87,28.95,41490756
12/10/2012,28.97,29.32,28.8,29.2,46466732
15/10/2012,29.37,29.72,29.25,29.51,42448472
16/10/2012,29.46,29.74,29.32,29.49,47745540
17/10/2012,29.37,29.64,29.09,29.59,44211740
18/10/2012,29.63,29.73,29.26,29.5,59238424
19/10/2012,29.07,29.08,28.5,28.64,90476952
22/10/2012,28.76,28.83,27.83,28,83383976
23/10/2012,27.78,28.2,27.76,28.05,64418752
24/10/2012,28.14,28.2,27.87,27.9,53329232
25/10/2012,28.19,28.2,27.86,27.88,54083784
26/10/2012,27.85,28.34,27.84,28.21,57789996
31/10/2012,28.55,28.88,28.5,28.54,69467696
01/11/2012,28.89,29.56,28.82,29.52,72047816
02/11/2012,29.67,29.77,29.33,29.5,57139344
05/11/2012,29.6,29.74,29.33,29.63,38071724
06/11/2012,29.82,30.2,29.61,29.86,43408272
07/11/2012,29.53,29.83,29.05,29.08,57876864
08/11/2012,29.13,29.37,28.8,28.81,49841736
09/11/2012,28.87,29.19,28.81,28.83,43295892
12/11/2012,28.9,29.01,28.21,28.22,61112104
13/11/2012,27.02,27.3,26.75,27.09,131688992
14/11/2012,27.24,27.29,26.8,26.84,76095408
15/11/2012,26.85,26.97,26.63,26.66,50955600
16/11/2012,26.65,26.7,26.34,26.52,64088292
19/11/2012,26.77,26.8,26.47,26.73,57179236
20/11/2012,26.71,26.8,26.46,26.71,47070368
21/11/2012,26.69,27.17,26.67,26.95,66360248
23/11/2012,27.24,27.77,27.2,27.7,57845672
26/11/2012,27.52,27.58,27.17,27.39,85198664
27/11/2012,27.31,27.38,27.04,27.08,45023856
28/11/2012,27,27.39,26.77,27.36,53018348
29/11/2012,27.12,27.36,26.86,26.95,69558840
30/11/2012,27.1,27.13,26.49,26.62,83690184
03/12/2012,26.8,26.82,26.4,26.43,53173720
04/12/2012,26.5,26.63,26.34,26.37,49798320
05/12/2012,26.38,26.93,26.26,26.67,68283728
06/12/2012,26.81,26.98,26.61,26.73,39186492
07/12/2012,26.8,26.82,26.37,26.46,46179492
10/12/2012,26.56,26.97,26.52,26.94,47037880
11/12/2012,27.05,27.49,27.05,27.32,52288384
12/12/2012,27.54,27.62,27.08,27.24,43966240
13/12/2012,27.3,27.52,26.95,27.11,45080040
14/12/2012,27.11,27.13,26.7,26.81,42077468
17/12/2012,26.75,27.22,26.68,27.1,42053240
18/12/2012,27.25,27.63,27.14,27.56,50494944
19/12/2012,27.69,27.73,27.25,27.31,53523188
20/12/2012,27.36,27.68,27.15,27.68,52607252
21/12/2012,27.45,27.49,27,27.45,98779720
24/12/2012,27.16,27.25,27,27.06,20842332
26/12/2012,27.03,27.2,26.7,26.86,31640952
27/12/2012,26.84,27.09,26.57,26.96,39393928
28/12/2012,26.71,26.9,26.55,26.55,28248324
31/12/2012,26.58,26.77,26.37,26.71,42757836
02/01/2013,27.25,27.73,27.15,27.62,52905500
03/01/2013,27.6,27.65,27.16,27.25,48297740
04/01/2013,27.28,27.34,26.73,26.74,52521020
07/01/2013,26.75,26.88,26.64,26.69,37120060
08/01/2013,26.79,26.79,26.46,26.55,44703080
09/01/2013,26.74,26.75,26.56,26.7,49047872
10/01/2013,26.69,26.98,26.29,26.46,71430808
11/01/2013,26.49,26.93,26.28,26.83,55518048
14/01/2013,26.88,27.08,26.76,26.89,48324336
15/01/2013,26.83,27.29,26.83,27.21,48244452
16/01/2013,27.21,27.23,27.01,27.04,41077376
17/01/2013,27.22,27.47,27.06,27.25,51685840
18/01/2013,27.06,27.29,27.04,27.25,52171304
22/01/2013,27.33,27.45,27,27.15,58656744
23/01/2013,27.2,27.64,27.2,27.61,50387616
24/01/2013,27.68,28.07,27.47,27.63,101739248
25/01/2013,27.6,28.23,27.39,27.88,81853104
28/01/2013,28,28.23,27.76,27.91,56061492
29/01/2013,27.81,28.13,27.6,28.01,49247864
30/01/2013,28.01,28.19,27.76,27.85,43585528
31/01/2013,27.72,27.97,27.4,27.45,50536148
01/02/2013,27.67,28.05,27.55,27.93,55566440
04/02/2013,27.9,28.02,27.42,27.44,50539944
05/02/2013,27.6,27.66,27.36,27.5,35410360
06/02/2013,27.42,27.54,27.25,27.34,41889572
07/02/2013,27.36,27.39,27.1,27.28,38034068
08/02/2013,27.35,27.71,27.31,27.55,33320436
11/02/2013,27.62,27.92,27.5,27.86,32248148
12/02/2013,27.85,28,27.75,27.88,35991328
13/02/2013,27.98,28.11,27.88,28.03,41716060
14/02/2013,27.87,28.06,27.87,28.04,32663454
15/02/2013,28.05,28.16,27.88,28.01,49657740
19/02/2013,27.94,28.09,27.8,28.05,38806872
20/02/2013,28.12,28.2,27.83,27.87,44112448
21/02/2013,27.7,27.74,27.23,27.49,49085536
22/02/2013,27.69,27.76,27.48,27.76,31430018
25/02/2013,27.95,28.05,27.37,27.37,48020352
26/02/2013,27.38,27.6,27.34,27.37,49925048
27/02/2013,27.37,28,27.33,27.81,36395588
28/02/2013,27.88,27.97,27.74,27.8,35840860
01/03/2013,27.69,27.98,27.52,27.95,34851880
04/03/2013,27.82,28.15,27.7,28.15,38167496
05/03/2013,28.3,28.54,28.16,28.35,41437140
06/03/2013,28.23,28.23,27.78,28.09,51448912
07/03/2013,28.08,28.28,28.01,28.14,29197630
08/03/2013,28.28,28.33,27.96,28,37671492
11/03/2013,27.91,27.97,27.67,27.87,36635432
12/03/2013,27.88,27.95,27.64,27.91,39259456
13/03/2013,27.87,28.02,27.75,27.92,29103208
14/03/2013,28,28.16,27.93,28.14,55917304
15/03/2013,28.03,28.16,27.98,28.04,92711912
18/03/2013,27.84,28.28,27.81,28.1,44828024
19/03/2013,28.14,28.22,28.03,28.18,51902968
20/03/2013,28.35,28.49,28.18,28.32,35454208
21/03/2013,28.11,28.36,28.05,28.11,34234568
22/03/2013,28.15,28.34,28.1,28.25,28720834
25/03/2013,28.32,28.35,27.96,28.16,44153932
26/03/2013,28.3,28.34,28.11,28.16,27831654
27/03/2013,28.11,28.45,28.08,28.37,36048960
28/03/2013,28.3,28.66,28.26,28.61,55455612
01/04/2013,28.62,28.66,28.36,28.61,29203122
02/04/2013,28.63,28.85,28.52,28.8,28460384
03/04/2013,28.77,28.95,28.54,28.56,35064468
04/04/2013,28.37,28.61,28.27,28.6,45267600
05/04/2013,28.25,28.78,28.11,28.7,50928776
08/04/2013,28.64,28.73,28.47,28.59,34759724
09/04/2013,28.7,29.82,28.68,29.61,77737848
10/04/2013,29.62,30.32,29.52,30.28,71116616
11/04/2013,29.1,29.2,28.73,28.94,130923160
12/04/2013,28.84,29.02,28.66,28.79,62888012
15/04/2013,28.6,28.98,28.51,28.69,56335548
16/04/2013,28.9,29.14,28.7,28.97,52804656
17/04/2013,28.88,29.04,28.6,28.83,52841328
18/04/2013,28.97,28.98,28.5,28.79,56906528
19/04/2013,29.63,30.24,29.61,29.77,99793504
22/04/2013,30.29,31.18,30.27,30.83,137909472
23/04/2013,30.69,30.9,30.38,30.6,59126880
24/04/2013,30.64,31.92,30.6,31.76,90955496
25/04/2013,31.68,32.84,31.54,31.94,110700128
26/04/2013,31.89,31.98,31.45,31.79,47802884
29/04/2013,31.77,32.68,31.77,32.61,59122264
30/04/2013,32.57,33.11,32.28,33.1,75166968
01/05/2013,32.92,33.08,32.6,32.72,54336832
02/05/2013,32.63,33.17,32.39,33.16,46069472
03/05/2013,33.27,33.52,33.08,33.49,46786840
06/05/2013,33.39,33.91,33.25,33.75,40982480
07/05/2013,33.67,33.79,33.24,33.31,43078268
08/05/2013,33.06,33.24,32.65,32.99,51595644
09/05/2013,32.88,33,32.59,32.66,46417800
10/05/2013,32.59,32.72,32.32,32.69,36396524
13/05/2013,32.58,33.07,32.55,33.03,36036348
14/05/2013,32.85,33.53,32.8,33.53,56874004
15/05/2013,33.45,33.9,33.43,33.85,46309504
16/05/2013,33.55,34.15,33.55,34.08,59384284
17/05/2013,34.12,34.87,34.1,34.87,60674268
20/05/2013,34.73,35.1,34.68,35.08,54025228
21/05/2013,35.1,35.27,34.72,34.85,48705360
22/05/2013,34.79,34.84,34.36,34.61,66050872
23/05/2013,34.15,34.55,33.9,34.15,51113512
24/05/2013,33.93,34.28,33.9,34.27,33175804
28/05/2013,34.5,35.18,34.41,35.02,48218180
29/05/2013,34.72,35.02,34.57,34.88,38419848
30/05/2013,34.86,35.25,34.81,35.03,51133616
31/05/2013,34.85,35.28,34.79,34.9,56167724
03/06/2013,34.89,35.63,34.83,35.59,51256272
04/06/2013,35.61,35.74,34.77,34.99,65538440
05/06/2013,34.59,34.89,34.43,34.78,46032656
06/06/2013,34.86,35.11,34.49,34.96,37627132
07/06/2013,35.25,35.78,35.06,35.67,40762248
10/06/2013,35.51,35.65,35.14,35.47,35995224
11/06/2013,35,35.18,34.68,34.84,39437360
12/06/2013,35.12,35.27,34.85,35,37373032
13/06/2013,35,35.02,34.59,34.72,45654804
14/06/2013,34.54,34.69,34.25,34.4,53199008
17/06/2013,34.69,35.16,34.63,35,49672492
18/06/2013,35,35.17,34.9,34.98,28622928
19/06/2013,34.98,35.09,34.59,34.59,30820208
20/06/2013,34.27,34.33,33.37,33.49,54496760
21/06/2013,33.69,33.73,33.05,33.27,85338496
24/06/2013,33,34.2,32.57,33.72,56113708
25/06/2013,34.09,34.38,33.46,33.67,44073348
26/06/2013,34.13,34.48,33.89,34.35,48667832
27/06/2013,34.58,34.78,34.5,34.62,28993542
28/06/2013,34.35,34.79,34.34,34.54,65548196
01/07/2013,34.73,34.99,34.33,34.36,31064000
02/07/2013,34.43,34.44,33.63,33.94,37634572
03/07/2013,33.64,34.37,33.6,34.01,15994380
05/07/2013,34.07,34.24,33.58,34.21,26085980
08/07/2013,34.35,34.59,33.98,34.33,32398742
09/07/2013,34.56,34.6,34.14,34.35,25320908
10/07/2013,34.36,34.81,34.32,34.7,29658734
11/07/2013,35,35.77,34.9,35.69,53638232
12/07/2013,35.67,35.73,35.28,35.67,35502640
15/07/2013,35.65,36.22,35.58,36.17,34145644
16/07/2013,36,36.43,35.96,36.27,36378680
17/07/2013,36.29,36.39,35.49,35.74,37289320
18/07/2013,35.66,35.89,35.22,35.44,49547076
19/07/2013,32.41,32.67,31.02,31.4,248428496
22/07/2013,31.8,32.01,31.6,32.01,79040664
23/07/2013,31.96,32.04,31.71,31.82,65819208
24/07/2013,32.08,32.19,31.89,31.96,52812048
25/07/2013,31.61,31.65,31.25,31.39,63221356
26/07/2013,31.25,31.62,31.21,31.62,38637340
29/07/2013,31.43,31.6,31.4,31.54,28874880
30/07/2013,31.79,32.12,31.55,31.85,45801156
31/07/2013,32,32.05,31.71,31.84,43900516
01/08/2013,32.09,32.09,31.6,31.67,42557872
02/08/2013,31.7,31.9,31.57,31.89,29199812
05/08/2013,31.9,32,31.64,31.7,30986512
06/08/2013,31.55,31.67,31.38,31.58,36334888
07/08/2013,31.54,32.1,31.25,32.06,38078568
08/08/2013,32.26,33.07,32.05,32.89,59038536
09/08/2013,32.81,32.9,32.47,32.7,26803880
12/08/2013,32.49,32.97,32.46,32.87,25501910
13/08/2013,32.51,32.55,32.21,32.23,39473016
14/08/2013,32.15,33.36,31.7,32.35,48528232
15/08/2013,32,32.18,30.84,31.79,33340728
16/08/2013,31.76,31.99,31.66,31.8,32866242
19/08/2013,31.76,31.97,31.38,31.39,27908716
20/08/2013,31.47,31.9,31.37,31.62,22979512
21/08/2013,31.65,32.01,31.54,31.61,37409096
22/08/2013,32.2,32.49,32.1,32.39,31169898
23/08/2013,35.16,35.2,34,34.75,225493744
26/08/2013,34.4,34.67,34.03,34.15,72786744
27/08/2013,33.49,34.1,33.15,33.26,58522264
28/08/2013,33.35,33.6,33,33.02,44262716
29/08/2013,32.94,33.6,32.8,33.55,45284632
30/08/2013,33.34,33.48,33.09,33.4,42784640
03/09/2013,31.76,32.07,31.29,31.88,154506976
04/09/2013,31.39,31.47,31.11,31.2,142320592
05/09/2013,31.09,31.44,30.95,31.24,71644888
06/09/2013,31.33,31.39,31.13,31.15,75439552
09/09/2013,31.24,31.79,31.2,31.66,49628448
10/09/2013,31.9,32.4,31.79,32.39,56887968
11/09/2013,32.57,32.93,32.53,32.74,39087432
12/09/2013,32.72,32.78,32.59,32.69,32867692
13/09/2013,32.8,33.07,32.51,33.03,40905936
16/09/2013,33.38,33.5,32.73,32.8,55017880
17/09/2013,33.41,33.47,32.9,32.93,84716464
18/09/2013,32.95,33.4,32.83,33.32,64103344
19/09/2013,33.49,33.68,33.32,33.64,42026552
20/09/2013,33.48,33.48,32.69,32.79,102904856
23/09/2013,32.5,32.97,32.5,32.74,39826260
24/09/2013,32.69,32.87,32.15,32.46,40684948
25/09/2013,32.53,32.8,32.4,32.51,28907426
26/09/2013,32.65,33,32.59,32.77,28503916
27/09/2013,32.88,33.75,32.87,33.27,55347904
30/09/2013,32.95,33.31,32.7,33.28,39839540
01/10/2013,33.34,33.61,33.3,33.58,36718732
02/10/2013,33.38,34.03,33.29,33.92,46946812
03/10/2013,33.89,34,33.42,33.86,38707452
04/10/2013,33.71,33.99,33.62,33.88,33008108
07/10/2013,33.6,33.71,33.2,33.3,35069280
08/10/2013,33.32,33.33,32.8,33.01,41017584
09/10/2013,33.07,33.35,32.96,33.07,35878560
10/10/2013,33.4,33.89,33.26,33.76,42875140
11/10/2013,33.75,34.14,33.68,34.13,30033336
14/10/2013,33.92,34.5,33.78,34.45,27757870
15/10/2013,34.67,34.99,34.47,34.49,47107656
16/10/2013,34.58,34.9,34.56,34.64,35111592
17/10/2013,34.47,34.99,34.37,34.92,31359198
18/10/2013,34.73,34.99,34.33,34.96,41811700
21/10/2013,35,35.2,34.91,34.99,27436504
22/10/2013,35.01,35.1,34.52,34.58,40438544
23/10/2013,34.37,34.49,33.67,33.76,58600500
24/10/2013,33.79,34.1,33.57,33.72,53209728
25/10/2013,35.87,36.29,35.47,35.73,113493952
28/10/2013,35.61,35.73,35.27,35.57,38383592
29/10/2013,35.65,35.72,35.26,35.52,31702612
30/10/2013,35.6,35.79,35.43,35.54,37002060
31/10/2013,35.64,35.69,35.34,35.41,41689564
01/11/2013,35.67,35.69,35.39,35.53,40271888
04/11/2013,35.6,35.98,35.55,35.94,28061872
05/11/2013,35.8,36.71,35.77,36.64,51681868
06/11/2013,37.18,38.22,37.06,38.18,88948832
07/11/2013,37.94,38.01,37.43,37.5,60445256
08/11/2013,37.68,37.78,37.34,37.78,36743156
11/11/2013,37.69,37.78,37.35,37.59,26872536
12/11/2013,37.34,37.6,37.2,37.36,31651588
13/11/2013,36.96,38.16,36.9,38.16,44957612
14/11/2013,37.92,38.13,37.72,38.02,46186576
15/11/2013,37.91,38.02,37.72,37.84,50602032
18/11/2013,37.33,37.58,37.07,37.2,53277484
19/11/2013,36.75,37.23,36.67,36.74,44274988
20/11/2013,36.92,37.41,36.86,37.08,32231828
21/11/2013,37.3,37.53,37.26,37.4,23064700
22/11/2013,37.51,37.68,37.33,37.57,27981996
25/11/2013,37.93,37.95,37.57,37.64,30648148
26/11/2013,37.54,37.65,37.35,37.35,34468068
27/11/2013,37.56,37.76,37.49,37.6,26002050
29/11/2013,37.83,38.29,37.82,38.13,22090428
02/12/2013,38.09,38.78,38.06,38.45,42950372
03/12/2013,38.15,38.49,38.08,38.31,52109760
04/12/2013,38.25,38.98,38.12,38.94,51983576
05/12/2013,38.85,38.88,37.18,38,116313832
06/12/2013,38.43,38.55,37.99,38.36,36457292
09/12/2013,38.55,38.87,38.37,38.71,30286016
10/12/2013,38.61,38.9,38.02,38.11,37828592
11/12/2013,38.09,38.3,37.39,37.61,39853380
12/12/2013,37.6,37.64,37.18,37.22,36012760
13/12/2013,37.44,37.45,36.62,36.69,40074360
16/12/2013,36.68,37,36.54,36.88,31734516
17/12/2013,37,37.11,36.33,36.52,45687680
18/12/2013,36.38,36.6,35.53,36.58,63192068
19/12/2013,36.55,36.55,36.08,36.25,34157264
20/12/2013,36.22,36.93,36.19,36.8,62650324
23/12/2013,36.84,36.89,36.55,36.62,25128740
24/12/2013,36.74,37.17,36.64,37.08,14242997
26/12/2013,37.2,37.49,37.17,37.44,17614984
27/12/2013,37.62,37.62,37.17,37.29,14563533
30/12/2013,37.2,37.38,36.9,37.29,16290475
31/12/2013,37.33,37.58,37.22,37.41,17505770
02/01/2014,37.35,37.4,37.1,37.16,30643745
03/01/2014,37.2,37.22,36.6,36.91,31134795
06/01/2014,36.86,36.89,36.11,36.13,43615035
07/01/2014,36.3,36.49,36.21,36.41,35924726
08/01/2014,36.05,36.14,35.58,35.76,59979542
09/01/2014,35.88,35.91,35.4,35.53,36520448
10/01/2014,35.94,36.15,35.75,36.04,40558766
13/01/2014,36,36.02,34.83,34.98,45923872
14/01/2014,34.71,35.88,34.63,35.78,41627325
15/01/2014,35.91,36.79,35.85,36.76,44909545
16/01/2014,36.78,37,36.31,36.89,38035708
17/01/2014,36.83,36.83,36.15,36.38,46298736
21/01/2014,36.81,36.82,36.06,36.17,31578979
22/01/2014,36.26,36.32,35.75,35.93,21965266
23/01/2014,36,36.13,35.52,36.06,44515126
24/01/2014,37.5,37.55,36.53,36.81,77051806
27/01/2014,36.8,36.89,35.98,36.03,44485767
28/01/2014,36.11,36.39,35.75,36.27,36225755
29/01/2014,36.04,36.88,35.9,36.66,52790351
30/01/2014,36.82,36.88,36.23,36.86,35111959
31/01/2014,36.95,37.89,36.56,37.84,93190755
03/02/2014,37.77,37.99,36.43,36.48,64102391
04/02/2014,36.99,37.19,36.25,36.35,55526924
05/02/2014,36.27,36.47,35.8,35.82,55841097
06/02/2014,35.8,36.25,35.69,36.18,35380994
07/02/2014,36.32,36.59,36.01,36.56,33348008
10/02/2014,36.64,36.8,36.29,36.8,26782083
11/02/2014,36.92,37.26,36.86,37.17,32164989
12/02/2014,37.33,37.6,37.3,37.47,27055869
13/02/2014,37.33,37.86,37.33,37.61,37647772
14/02/2014,37.4,37.78,37.33,37.62,42986738
18/02/2014,37.65,37.78,37.41,37.42,32839707
19/02/2014,37.21,37.75,37.21,37.51,29794084
20/02/2014,37.66,37.87,37.4,37.75,27541038
21/02/2014,37.94,38.35,37.86,37.98,38030656
24/02/2014,37.66,37.98,37.54,37.69,32143395
25/02/2014,37.61,37.85,37.35,37.54,30867657
26/02/2014,37.64,37.74,37.19,37.47,41042629
27/02/2014,37.42,37.89,37.23,37.86,33919024
28/02/2014,37.98,38.46,37.82,38.31,41217028
03/03/2014,37.89,38.13,37.49,37.78,29726792
04/03/2014,38.25,38.48,38.07,38.41,26868337
05/03/2014,38.26,38.27,37.93,38.11,20520432
06/03/2014,38.11,38.24,37.89,38.15,23605310
07/03/2014,38.36,38.36,37.69,37.9,26596635
10/03/2014,37.97,38.01,37.72,37.82,19007850
11/03/2014,37.83,38.23,37.72,38.02,25218133
12/03/2014,37.81,38.43,37.79,38.27,30496295
13/03/2014,38.44,38.45,37.64,37.89,32169650
14/03/2014,37.63,38.14,37.51,37.7,27195638
17/03/2014,37.79,38.41,37.79,38.05,20479610
18/03/2014,38.25,39.9,38.22,39.55,64063866
19/03/2014,39.38,39.55,38.91,39.27,35597241
20/03/2014,39.29,40.65,39.24,40.33,59269801
21/03/2014,40.85,40.94,40.01,40.16,80731942
24/03/2014,40.39,40.64,39.86,40.5,46098374
25/03/2014,40.7,40.99,39.96,40.34,43193147
26/03/2014,40.49,40.71,39.6,39.79,41982966
27/03/2014,39.69,39.97,39.34,39.36,35369170
28/03/2014,39.82,40.64,39.68,40.3,43472747
31/03/2014,40.43,41.5,40.4,40.99,46886284
01/04/2014,41.1,41.59,41.07,41.42,32610395
02/04/2014,41.44,41.66,41.17,41.35,28666682
03/04/2014,41.21,41.29,40.71,41.01,30139567
04/04/2014,41.3,41.39,39.64,39.87,51409573
07/04/2014,39.96,40.27,39.74,39.8,37559615
08/04/2014,39.71,39.93,39.2,39.82,35919609
09/04/2014,40.04,40.55,39.88,40.47,27398687
10/04/2014,40.44,40.69,39.09,39.36,45960848
11/04/2014,39,39.79,39,39.21,34333298
14/04/2014,39.07,39.41,38.9,39.18,32006651
15/04/2014,39.25,39.96,39.05,39.75,33978673
16/04/2014,40.06,40.42,39.91,40.4,30616304
17/04/2014,40,40.2,39.51,40.01,36689399
21/04/2014,40.12,40.15,39.79,39.94,22222222
22/04/2014,40,40.14,39.83,39.99,27057271
23/04/2014,39.97,39.99,39.47,39.69,24602781
24/04/2014,39.74,39.97,39.3,39.86,42381594
25/04/2014,40.29,40.68,39.75,39.91,56883812
28/04/2014,40.12,41.29,40.09,40.87,50610208
29/04/2014,41.07,41.19,40.39,40.51,29637370
30/04/2014,40.4,40.5,40.17,40.4,35464148
01/05/2014,40.21,40.36,39.95,40,28791455
02/05/2014,40.31,40.34,39.66,39.69,43417914
05/05/2014,39.55,39.64,39.3,39.43,22460928
06/05/2014,39.3,39.35,38.95,39.06,27112373
07/05/2014,39.22,39.51,38.51,39.42,41749497
08/05/2014,39.31,39.9,38.97,39.64,32123032
09/05/2014,39.5,39.85,39.37,39.54,29647646
12/05/2014,39.73,40.02,39.65,39.97,22787185
13/05/2014,39.92,40.5,39.85,40.42,27004768
14/05/2014,40.3,40.45,40.05,40.24,18818711
15/05/2014,40.14,40.4,39.51,39.6,37793243
16/05/2014,39.67,39.84,39.27,39.83,29868272
19/05/2014,39.61,39.82,39.46,39.75,24537438
20/05/2014,39.74,39.94,39.46,39.68,21322341
21/05/2014,39.8,40.35,39.74,40.35,22399392
22/05/2014,40.29,40.35,39.85,40.1,20202485
23/05/2014,40.37,40.37,40,40.12,18020866
27/05/2014,40.22,40.26,39.81,40.19,26161164
28/05/2014,40.19,40.19,39.82,40.01,25711565
29/05/2014,40.16,40.35,39.91,40.34,19893872
30/05/2014,40.46,40.97,40.25,40.94,34575579
02/06/2014,40.9,41.09,40.68,40.79,18504300
03/06/2014,40.6,40.68,40.25,40.29,18071096
04/06/2014,40.22,40.37,39.86,40.32,23210341
05/06/2014,40.57,41.25,40.4,41.21,31865213
06/06/2014,41.5,41.66,41.24,41.48,24060542
09/06/2014,41.39,41.48,41.02,41.27,15019425
10/06/2014,40.95,41.16,40.86,41.11,15117689
11/06/2014,40.87,41.07,40.77,40.86,18039990
12/06/2014,40.81,40.88,40.29,40.58,29823030
13/06/2014,41.04,41.57,40.86,41.23,26310697
16/06/2014,41.05,41.61,41.04,41.5,24205297
17/06/2014,41.29,41.91,40.34,41.68,22518630
18/06/2014,41.6,41.74,41.18,41.65,27097228
19/06/2014,41.63,41.77,41.33,41.51,19837767
20/06/2014,41.48,41.83,41.38,41.68,47765407
23/06/2014,41.73,42,41.69,41.99,18743905
24/06/2014,41.83,41.94,41.56,41.75,26518274
25/06/2014,41.68,42.05,41.46,42.03,20051576
26/06/2014,41.92,41.94,41.43,41.72,23604409
27/06/2014,41.62,42.29,41.51,42.25,74641945
30/06/2014,42.2,42.21,41.7,41.7,30805472
01/07/2014,41.87,42.15,41.69,41.87,26922597
02/07/2014,41.73,41.9,41.53,41.9,20208526
03/07/2014,41.95,41.99,41.56,41.8,15969310
07/07/2014,41.71,42.12,41.71,41.99,21953619
08/07/2014,41.84,42,41.61,41.78,31218208
09/07/2014,41.91,41.99,41.53,41.67,18445910
10/07/2014,41.46,42,41.05,41.69,21856832
11/07/2014,41.8,42.09,41.48,42.09,24087374
14/07/2014,42.22,42.45,42.04,42.14,21882943
15/07/2014,42.29,42.47,42.03,42.45,28758961
16/07/2014,42.5,44.31,42.48,44.08,63322372
17/07/2014,45.44,45.71,44.25,44.53,82180263
18/07/2014,44.65,44.84,44.25,44.69,43407490
21/07/2014,44.55,45.16,44.22,44.84,37604378
22/07/2014,45,45.15,44.59,44.83,43095820
23/07/2014,45.43,45.45,44.62,44.87,52363948
24/07/2014,44.89,45,44.32,44.4,30725348
25/07/2014,44.3,44.66,44.3,44.5,26737724
28/07/2014,44.36,44.51,43.93,43.97,29687677
29/07/2014,43.83,44.09,43.64,43.89,27764099
30/07/2014,44.07,44.1,43.29,43.58,31925735
31/07/2014,43.38,43.69,43.08,43.16,31540882
01/08/2014,43.15,43.25,42.6,42.86,31171094
04/08/2014,42.97,43.47,42.81,43.37,34277387
05/08/2014,43.28,43.46,42.83,43.08,26267500
06/08/2014,42.71,43.17,42.21,42.74,24633966
07/08/2014,42.77,43.45,42.65,43.23,30315183
08/08/2014,43.23,43.32,42.91,43.2,28943024
11/08/2014,43.27,43.45,43.02,43.2,20351600
12/08/2014,43.04,43.59,43,43.52,21433589
13/08/2014,43.67,44.18,43.52,44.08,22889484
14/08/2014,44.12,44.42,44.01,44.27,19313194
15/08/2014,44.64,44.9,44.4,44.79,41611308
18/08/2014,44.91,45.11,44.68,45.11,26895359
19/08/2014,44.99,45.34,44.83,45.33,28139494
20/08/2014,45.38,45.4,44.9,44.95,24770487
21/08/2014,44.88,45.25,44.83,45.22,22285502
22/08/2014,45.36,45.47,45.07,45.15,18294741
25/08/2014,45.38,45.44,45.04,45.17,16909999
26/08/2014,45.31,45.4,44.94,45.01,14877669
27/08/2014,44.93,45,44.76,44.87,21287931
28/08/2014,44.76,44.98,44.61,44.88,17657643
29/08/2014,45.07,45.44,44.86,45.43,21608625
02/09/2014,45.43,45.46,44.85,45.09,22976775
03/09/2014,44.55,45.11,44.53,44.96,33689341
04/09/2014,44.72,45.27,44.72,45.26,26478082
05/09/2014,45.11,45.93,45.11,45.91,36939360
08/09/2014,46.01,46.8,45.99,46.47,45736730
09/09/2014,46.47,46.97,46.42,46.76,40302386
10/09/2014,46.86,46.94,46.28,46.84,27304409
11/09/2014,46.74,47,46.47,47,29216560
12/09/2014,46.91,47.02,46.6,46.7,38247122
15/09/2014,46.56,46.71,46.1,46.24,37667644
16/09/2014,46.39,46.85,46.29,46.76,27910571
17/09/2014,46.26,46.69,46.23,46.52,38311924
18/09/2014,46.59,46.83,46.46,46.68,35556632
19/09/2014,46.82,47.57,46.6,47.52,202526536
22/09/2014,47.3,47.38,46.98,47.06,38686091
23/09/2014,46.85,46.98,46.47,46.56,33431078
24/09/2014,46.63,47.11,46.34,47.08,26582713
25/09/2014,46.88,47.09,46.03,46.04,33077385
26/09/2014,45.93,46.62,45.76,46.41,27078764
29/09/2014,45.98,46.56,45.76,46.44,26090980
30/09/2014,46.37,46.48,46.01,46.36,33033086
01/10/2014,46.27,46.53,45.85,45.9,38088355
02/10/2014,45.83,46.1,45.64,45.76,25119508
03/10/2014,45.98,46.3,45.61,46.09,32453273
06/10/2014,46.12,46.3,45.92,46.09,20603960
07/10/2014,45.88,45.93,45.42,45.53,25724544
08/10/2014,45.48,46.89,45.34,46.78,33030972
09/10/2014,46.5,46.8,45.74,45.85,34426595
10/10/2014,45.6,46.12,43.95,44.03,51978146
13/10/2014,43.82,44.56,43.49,43.65,37100207
14/10/2014,43.87,44.38,43.56,43.73,38120558
15/10/2014,43,43.39,42.1,43.22,60220961
16/10/2014,42.53,43.08,42.22,42.74,49040989
17/10/2014,43.2,43.94,42.79,43.63,40683346
20/10/2014,43.06,44.14,42.81,44.08,34530887
21/10/2014,44.36,44.98,44.19,44.88,36433824
22/10/2014,45,45.07,44.23,44.38,33579817
23/10/2014,44.62,45.45,44.53,45.02,45451869
24/10/2014,46.83,46.9,45.18,46.13,61081039
27/10/2014,45.71,46.1,45.71,45.91,30371308
28/10/2014,45.86,46.5,45.77,46.49,29049750
29/10/2014,46.44,46.7,46.34,46.62,30283622
30/10/2014,46.32,46.32,45.77,46.05,30073873
31/10/2014,46.94,46.97,46.48,46.95,35849656
03/11/2014,46.89,47.46,46.73,47.44,23130397
04/11/2014,47.3,47.73,47.25,47.57,21530813
05/11/2014,47.8,47.9,47.26,47.86,22449594
06/11/2014,47.86,48.86,47.79,48.7,33037841
07/11/2014,48.92,48.92,48.29,48.68,28000598
10/11/2014,48.65,49.15,48.55,48.89,36370067
11/11/2014,48.85,48.93,48.65,48.87,23445239
12/11/2014,48.56,48.92,48.52,48.78,22722123
13/11/2014,48.81,49.65,48.71,49.61,26210433
14/11/2014,49.74,50.05,49.39,49.58,29081657
17/11/2014,49.41,49.71,49.14,49.46,30318648
18/11/2014,49.13,49.33,48.7,48.74,23996457
19/11/2014,48.65,48.75,47.93,48.22,26177450
20/11/2014,48,48.7,47.87,48.7,21510587
21/11/2014,49.02,49.05,47.57,47.98,42884795
24/11/2014,47.99,48,47.39,47.59,35434245
25/11/2014,47.66,47.97,47.45,47.47,28007993
26/11/2014,47.49,47.99,47.28,47.75,27164877
28/11/2014,47.95,48.2,47.61,47.81,21534430
01/12/2014,47.88,48.78,47.71,48.62,31191575
02/12/2014,48.84,49.05,48.2,48.46,25773478
03/12/2014,48.44,48.5,47.81,48.08,23534752
04/12/2014,48.39,49.06,48.2,48.84,30345132
05/12/2014,48.82,48.97,48.38,48.42,27313449
08/12/2014,48.26,48.35,47.45,47.7,26663107
09/12/2014,47.11,47.92,47.05,47.59,24330506
10/12/2014,47.58,47.66,46.7,46.9,30431788
11/12/2014,47.08,47.74,46.68,47.17,29061918
12/12/2014,46.78,47.73,46.67,46.95,34248371
15/12/2014,47.2,47.67,46.55,46.67,29247761
16/12/2014,45.9,46.34,45.13,45.16,47801392
17/12/2014,45.05,45.95,44.9,45.74,34970865
18/12/2014,46.58,47.52,46.34,47.52,40105550
19/12/2014,47.63,48.1,47.17,47.66,64551182
22/12/2014,47.78,48.12,47.71,47.98,26565984
23/12/2014,48.37,48.8,48.13,48.45,23656529
24/12/2014,48.64,48.64,48.08,48.14,11442790
26/12/2014,48.41,48.41,47.82,47.88,13197817
29/12/2014,47.7,47.78,47.26,47.45,14439518
30/12/2014,47.44,47.62,46.84,47.02,16384692
31/12/2014,46.73,47.44,46.45,46.45,21552450
02/01/2015,46.66,47.42,46.54,46.76,27913852
05/01/2015,46.39,46.73,46.25,46.33,39673865
06/01/2015,46.38,46.75,45.54,45.65,36447854
07/01/2015,45.98,46.46,45.49,46.23,29114061
08/01/2015,46.75,47.75,46.72,47.59,29645202
09/01/2015,47.61,47.82,46.9,47.19,23944181
12/01/2015,47.4,47.54,46.36,46.6,23651887
13/01/2015,46.97,47.91,46.06,46.36,35270601
14/01/2015,45.96,46.24,45.62,45.96,29719580
15/01/2015,46.23,46.38,45.41,45.48,32750779
16/01/2015,45.31,46.28,45.17,46.24,35695289
20/01/2015,46.3,46.65,45.57,46.39,36161860
21/01/2015,45.94,46.14,45.48,45.92,39081143
22/01/2015,46.38,47.14,46.08,47.13,35898035
23/01/2015,47.36,47.39,46.8,47.18,26211594
26/01/2015,47,47.13,46.24,47.01,42525530
27/01/2015,42.95,43.2,42.11,42.66,169163953
28/01/2015,42.74,42.79,41.16,41.19,84507078
29/01/2015,40.93,42.12,40.79,42.01,63585273
30/01/2015,41.55,41.58,40.35,40.4,78004944
02/02/2015,40.59,41.37,40.23,41.28,50352532
03/02/2015,41.63,41.93,41.05,41.6,52082448
04/02/2015,41.94,42.21,41.36,41.84,41614812
05/02/2015,42.22,42.64,41.86,42.45,36548168
06/02/2015,42.68,42.79,42.15,42.41,34616554
09/02/2015,42.24,42.74,42.21,42.36,31381061
10/02/2015,42.74,42.77,42.18,42.6,29670676
11/02/2015,42.65,42.65,42.21,42.38,38262509
12/02/2015,42.66,43.09,42.51,43.09,33268831
13/02/2015,43.38,43.87,43.15,43.87,40264887
17/02/2015,43.27,44,43.19,43.58,33695749
18/02/2015,43.63,43.7,43.39,43.53,27111657
19/02/2015,43.18,43.53,43.05,43.5,27603420
20/02/2015,43.5,43.88,43.29,43.86,29721133
23/02/2015,43.7,44.19,43.65,44.15,32518754
24/02/2015,44.15,44.3,43.92,44.09,25271747
25/02/2015,43.95,44.09,43.8,43.99,29759820
26/02/2015,43.99,44.23,43.89,44.06,28957329
27/02/2015,44.13,44.2,43.66,43.85,33807740
02/03/2015,43.67,44.19,43.55,43.88,31924049
03/03/2015,43.56,43.83,43.09,43.28,31748648
04/03/2015,43.01,43.21,42.88,43.06,25748692
05/03/2015,43.07,43.24,42.82,43.11,23193541
06/03/2015,43,43.11,42.15,42.36,36248785
09/03/2015,42.19,43.13,42.19,42.85,32107957
10/03/2015,42.35,42.71,42.03,42.03,39159730
11/03/2015,42.31,42.37,41.84,41.98,32215314
12/03/2015,41.33,41.65,40.86,41.02,59992502
13/03/2015,40.7,41.47,40.61,41.38,58007705
16/03/2015,41.47,41.64,41.28,41.56,35273452
17/03/2015,41.38,41.83,41.15,41.7,31673448
18/03/2015,41.43,42.83,41.33,42.5,44194771
19/03/2015,42.25,42.59,42.22,42.29,33879066
20/03/2015,42.56,42.98,42.49,42.88,71904529
23/03/2015,42.9,43.13,42.78,42.86,26246086
24/03/2015,42.78,43.17,42.75,42.9,25513252
25/03/2015,42.9,42.93,41.44,41.46,43469907
26/03/2015,41.22,41.61,40.92,41.21,37495627
27/03/2015,41.12,41.43,40.83,40.97,34401398
30/03/2015,41.23,41.54,40.91,40.96,35049662
31/03/2015,40.78,41.03,40.54,40.66,34887219
01/04/2015,40.6,40.76,40.31,40.72,36865322
02/04/2015,40.66,40.74,40.12,40.29,37487476
06/04/2015,40.34,41.78,40.18,41.55,39223692
07/04/2015,41.61,41.91,41.31,41.53,28809375
08/04/2015,41.48,41.69,41.04,41.42,24753438
09/04/2015,41.25,41.62,41.25,41.48,25723861
10/04/2015,41.63,41.95,41.41,41.72,28022002
13/04/2015,41.4,42.06,41.39,41.76,30276692
14/04/2015,41.8,42.03,41.39,41.65,24244382
15/04/2015,41.76,42.46,41.68,42.26,27343581
16/04/2015,41.95,42.34,41.82,42.16,22509652
17/04/2015,41.67,41.74,41.16,41.62,42387608
20/04/2015,41.73,43.17,41.68,42.91,46057733
21/04/2015,43,43.15,42.53,42.64,26013844
22/04/2015,42.67,43.13,42.55,42.99,25064273
23/04/2015,42.85,43.61,42.8,43.34,46309530
24/04/2015,45.66,48.14,45.65,47.87,130933665
27/04/2015,47.23,48.13,47.22,48.03,59248172
28/04/2015,47.78,49.21,47.7,49.16,60730778
29/04/2015,48.72,49.31,48.5,49.06,47804562
30/04/2015,48.7,49.54,48.6,48.64,64725457
01/05/2015,48.58,48.88,48.4,48.66,38937336
04/05/2015,48.37,48.87,48.18,48.24,34039485
05/05/2015,47.82,48.16,47.31,47.6,50369191
06/05/2015,47.57,47.77,46.02,46.28,52433020
07/05/2015,46.27,47.09,46.16,46.7,32971654
08/05/2015,47.55,47.98,47.52,47.75,35364911
11/05/2015,47.55,47.91,47.37,47.37,24609416
12/05/2015,46.85,47.68,46.42,47.35,29928264
13/05/2015,48.19,48.32,47.57,47.63,34184613
14/05/2015,48.03,48.82,48.03,48.72,32980892
15/05/2015,48.87,48.91,48.05,48.3,28642694
18/05/2015,47.98,48.22,47.61,48.01,24136502
19/05/2015,47.62,47.81,47.18,47.58,28574813
20/05/2015,47.39,47.93,47.27,47.58,25047919
21/05/2015,47.28,47.6,47.01,47.42,22410698
22/05/2015,47.3,47.35,46.82,46.9,25720583
26/05/2015,46.83,46.88,46.19,46.59,29581860
27/05/2015,46.82,47.77,46.62,47.61,27335639
28/05/2015,47.5,48.02,47.39,47.45,19283666
29/05/2015,47.43,47.57,46.59,46.86,36519594
01/06/2015,47.06,47.77,46.62,47.23,28837332
02/06/2015,46.95,47.35,46.62,46.92,21498326
03/06/2015,47.37,47.74,46.82,46.85,28002154
04/06/2015,46.79,47.16,46.2,46.36,27745512
05/06/2015,46.31,46.52,45.84,46.14,25438086
08/06/2015,46.3,46.43,45.67,45.73,22121634
09/06/2015,45.76,45.94,45.46,45.65,24406057
10/06/2015,45.79,46.83,45.69,46.61,28417405
11/06/2015,46.66,46.92,46.13,46.44,27347758
12/06/2015,46.2,46.47,45.9,45.97,23930972
15/06/2015,45.45,45.65,45.02,45.48,33254517
16/06/2015,45.35,46.24,45.3,45.83,27070306
17/06/2015,45.73,46.07,45.36,45.97,28704061
18/06/2015,46.22,46.8,46.17,46.72,32658343
19/06/2015,46.79,46.83,45.99,46.1,63837036
22/06/2015,46.33,46.72,46.16,46.23,20318055
23/06/2015,46.13,46.28,45.62,45.91,25896473
24/06/2015,45.68,46.25,45.55,45.64,34890901
25/06/2015,46.03,46.06,45.5,45.65,20615995
26/06/2015,45.65,46.28,45.03,45.26,49835287
29/06/2015,45.04,45.23,44.36,44.37,34081746
30/06/2015,44.71,44.72,43.94,44.15,35945384
01/07/2015,44.49,45.23,44.1,44.45,28343907
02/07/2015,44.48,44.75,44.06,44.4,21752013
06/07/2015,43.96,44.48,43.95,44.39,23033961
07/07/2015,44.34,44.49,43.32,44.3,36435827
08/07/2015,44.44,44.9,44.03,44.24,39785901
09/07/2015,44.75,45.22,44.5,44.52,32424672
10/07/2015,45.01,45.14,44.57,44.61,25465757
13/07/2015,44.98,45.62,44.95,45.54,28178329
14/07/2015,45.45,45.96,45.31,45.62,22880260
15/07/2015,45.68,45.89,45.43,45.76,26629615
16/07/2015,46.01,46.69,45.97,46.66,26271673
17/07/2015,46.55,46.78,46.26,46.62,29467107
20/07/2015,46.65,47.13,46.44,46.92,30631905
21/07/2015,46.78,47.33,46.48,47.28,42781899
22/07/2015,45.44,46.93,45.2,45.54,59152427
23/07/2015,45.27,46.23,45.1,46.11,33934010
24/07/2015,45.91,46.32,45.8,45.94,32333244
27/07/2015,45.94,46.01,45.25,45.35,39701420
28/07/2015,45.58,45.64,44.79,45.34,34328948
29/07/2015,45.4,46.78,45.26,46.29,40945864
30/07/2015,46.26,47.4,45.93,46.88,39777883
31/07/2015,47.29,47.37,46.5,46.7,31201480
03/08/2015,46.98,47,46.45,46.81,24125886
04/08/2015,46.75,47.71,46.68,47.54,33403916
05/08/2015,47.98,48.41,47.54,47.58,26959655
06/08/2015,47.71,47.77,46.33,46.62,27368000
07/08/2015,46.39,46.78,46.26,46.74,19163038
10/08/2015,46.95,47.49,46.84,47.33,23079870
11/08/2015,46.82,46.94,45.9,46.41,29237402
12/08/2015,46.19,46.9,45.71,46.74,30198532
13/08/2015,47.06,47.1,46.49,46.73,22627241
14/08/2015,46.53,47.1,46.52,47,21473402
17/08/2015,46.81,47.45,46.57,47.32,21099746
18/08/2015,46.84,47.43,46.7,47.27,23574104
19/08/2015,46.78,47.08,46.3,46.61,31485511
20/08/2015,46.07,46.47,45.66,45.66,36238227
21/08/2015,45.3,45.48,43.07,43.07,70053084
24/08/2015,40.45,43.31,39.72,41.68,88753660
25/08/2015,42.57,43.24,40.39,40.47,70616597
26/08/2015,42.01,42.84,41.06,42.71,63407996
27/08/2015,43.23,43.95,42.93,43.9,50943211
28/08/2015,43.4,44.15,43.39,43.93,28246725
31/08/2015,43.56,43.93,43.1,43.52,34441662
01/09/2015,42.17,42.59,41.66,41.82,49688896
02/09/2015,42.36,43.38,41.88,43.36,37671518
03/09/2015,43.41,43.98,43.28,43.5,28285205
04/09/2015,42.81,43.04,42.2,42.61,37138775
08/09/2015,43.3,44,43.2,43.89,32469766
09/09/2015,44.21,44.4,42.91,43.07,33469485
10/09/2015,43.12,43.79,42.75,43.29,31366630
11/09/2015,43.14,43.59,42.94,43.48,27132527
14/09/2015,43.43,43.44,42.86,43.04,23656048
15/09/2015,43.19,44.29,43.08,43.98,28882206
16/09/2015,43.97,44.38,43.84,44.3,23372162
17/09/2015,44.29,45,44.08,44.25,32768161
18/09/2015,43.5,43.99,43.33,43.48,63143684
21/09/2015,43.62,44.47,43.6,44.11,26177224
22/09/2015,43.38,44.05,43.31,43.9,28085903
23/09/2015,43.93,44.17,43.51,43.87,17145238
24/09/2015,43.45,44.13,43.27,43.91,27905607
25/09/2015,44.48,44.73,43.76,43.94,29384601
28/09/2015,43.83,44.09,43.21,43.29,27613785
29/09/2015,43.37,43.57,43.05,43.44,32763557
30/09/2015,43.88,44.3,43.66,44.26,34958880
01/10/2015,44.75,44.75,43.75,44.61,28657859
02/10/2015,44.27,45.57,43.92,45.57,41839035
05/10/2015,45.75,46.89,45.7,46.63,34369286
06/10/2015,46.33,47.18,46.22,46.75,27510808
07/10/2015,47.1,47.35,45.95,46.8,27711492
08/10/2015,46.56,47.52,46.5,47.45,33772709
09/10/2015,47.45,47.54,46.92,47.11,28600632
12/10/2015,46.98,47.07,46.5,47,19769066
13/10/2015,46.56,47.13,46.56,46.89,19987816
14/10/2015,46.65,47.1,46.53,46.68,24697766
15/10/2015,47.01,47.03,46.53,47.01,27189370
16/10/2015,47.02,47.54,46.9,47.51,26450334
19/10/2015,47.42,47.88,47.02,47.62,29387581
20/10/2015,47.44,47.81,47.02,47.77,30802235
21/10/2015,47.92,47.99,47.11,47.2,25264710
22/10/2015,47.53,48.95,47.09,48.03,56637074
23/10/2015,52.3,54.07,52.25,52.87,135227059
26/10/2015,52.53,54.32,52.5,54.25,64633324
27/10/2015,53.99,54.37,53.58,53.69,50999907
28/10/2015,53.54,53.98,52.86,53.98,47000753
29/10/2015,53.54,53.83,53.22,53.36,30202078
30/10/2015,53.32,53.99,52.62,52.64,46619761
02/11/2015,52.85,53.36,52.62,53.24,30284982
03/11/2015,52.93,54.39,52.9,54.15,36596931
04/11/2015,54.18,54.88,54.06,54.4,37087849
05/11/2015,54.49,54.7,54,54.38,31468485
06/11/2015,54.09,54.98,53.96,54.92,32851204
09/11/2015,54.55,54.87,53.56,54.16,32513067
10/11/2015,54.01,54.13,53.27,53.51,55283697
11/11/2015,53.7,54.2,53.46,53.65,36516260
12/11/2015,53.48,53.98,53.19,53.32,35361095
13/11/2015,53.07,53.29,52.53,52.84,36848175
16/11/2015,53.08,53.89,52.85,53.77,32165198
17/11/2015,53.17,53.53,52.85,52.97,31551255
18/11/2015,53,53.98,52.98,53.85,29710030
19/11/2015,53.99,54.66,53.78,53.94,28149228
20/11/2015,54.25,54.3,53.27,54.19,37147608
23/11/2015,54.25,54.46,53.75,54.19,28235918
24/11/2015,53.92,54.44,53.58,54.25,24600043
25/11/2015,54.09,54.23,53.69,53.69,21005147
27/11/2015,53.8,54.08,53.79,53.93,9009132
30/11/2015,54.54,54.96,54,54.35,56241417
01/12/2015,54.41,55.23,54.3,55.22,39952779
02/12/2015,55.32,55.96,55.06,55.21,47274879
03/12/2015,55.49,55.77,53.93,54.2,38627835
04/12/2015,54.12,56.23,54.1,55.91,43963662
07/12/2015,55.79,55.97,55.29,55.81,30709765
08/12/2015,55.47,56.1,54.99,55.79,32878026
09/12/2015,55.37,55.87,54.51,54.98,36373209
10/12/2015,55.39,55.66,55.01,55.27,31775826
11/12/2015,54.71,55.1,54.01,54.06,39549497
14/12/2015,54.33,55.21,53.68,55.14,47006491
15/12/2015,55.66,55.9,55.09,55.2,39842998
16/12/2015,55.54,56.25,54.76,56.13,37503300
17/12/2015,56.36,56.79,55.53,55.7,41280907
18/12/2015,55.77,56,54.03,54.13,84684164
21/12/2015,54.88,55.35,54.23,54.83,37246325
22/12/2015,54.99,55.48,54.5,55.35,28322241
23/12/2015,55.7,55.88,55.44,55.82,27279832
24/12/2015,55.86,55.96,55.43,55.67,9570002
28/12/2015,55.35,55.95,54.98,55.95,22458293
29/12/2015,56.29,56.85,56.06,56.55,27731403
30/12/2015,56.47,56.78,56.29,56.31,21704505
31/12/2015,56.04,56.19,55.42,55.48,27334061
04/01/2016,54.32,54.8,53.39,54.8,53777963
05/01/2016,54.93,55.39,54.54,55.05,34079674
06/01/2016,54.32,54.4,53.64,54.05,39518863
07/01/2016,52.7,53.49,52.07,52.17,56564852
08/01/2016,52.37,53.28,52.15,52.33,48753969
11/01/2016,52.51,52.85,51.46,52.3,36943756
12/01/2016,52.76,53.1,52.06,52.78,36095539
13/01/2016,53.8,54.07,51.3,51.64,66883571
14/01/2016,52,53.42,51.57,53.11,52381918
15/01/2016,51.31,51.97,50.34,50.99,71820697
19/01/2016,51.48,51.68,50.06,50.56,43564538
20/01/2016,49.98,51.38,49.1,50.79,63272993
21/01/2016,51,51.58,50.3,50.48,40191157
22/01/2016,51.41,52.33,51.26,52.29,37555789
25/01/2016,51.94,52.65,51.65,51.79,34707717
26/01/2016,51.79,52.44,51.55,52.17,28900820
27/01/2016,52.01,52.2,51.02,51.22,36775194
28/01/2016,51.86,52.21,51.25,52.06,62513789
29/01/2016,54.73,55.09,54,55.09,83611686
01/02/2016,54.88,55.09,54.5,54.71,44208542
02/02/2016,54.17,54.26,52.65,53,56313753
03/02/2016,53.25,53.39,51.26,52.16,57559814
04/02/2016,52.1,52.81,51.37,52,46987123
05/02/2016,51.94,52,49.56,50.16,62008994
08/02/2016,49.55,49.57,48.19,49.41,59290497
09/02/2016,49.02,50.24,48.67,49.28,46740474
10/02/2016,49.89,50.39,49.52,49.71,38236954
11/02/2016,48.68,50.11,48.51,49.69,48878571
12/02/2016,50.25,50.68,49.75,50.5,34243324
16/02/2016,50.9,51.09,50.13,51.09,37291208
17/02/2016,51.49,52.77,51.45,52.42,40788968
18/02/2016,52.33,52.95,52.1,52.19,27176035
19/02/2016,51.97,52.28,51.53,51.82,33559073
22/02/2016,52.28,53,52.28,52.65,25008291
23/02/2016,52.34,52.37,50.98,51.18,28895274
24/02/2016,50.69,51.5,50.2,51.36,33014457
25/02/2016,51.73,52.1,50.61,52.1,26939467
26/02/2016,52.6,52.68,51.1,51.3,35975925
29/02/2016,51.35,51.65,50.66,50.88,31654036
01/03/2016,50.97,52.59,50.92,52.58,33024535
02/03/2016,52.41,52.96,52.16,52.95,29289884
03/03/2016,52.97,52.97,51.78,52.35,24427813
04/03/2016,52.4,52.45,51.71,52.03,33034150
07/03/2016,51.56,51.8,50.58,51.03,38428816
08/03/2016,50.8,52.13,50.6,51.65,33835119
09/03/2016,51.89,52.85,51.86,52.84,28251588
10/03/2016,52.93,52.94,51.16,52.05,38387804
11/03/2016,53,53.07,52.38,53.07,32275677
14/03/2016,52.71,53.59,52.63,53.17,24083616
15/03/2016,52.75,53.59,52.74,53.59,21104763
16/03/2016,53.45,54.6,53.4,54.35,31691742
17/03/2016,54.21,55,54,54.66,20539771
18/03/2016,54.92,54.97,53.45,53.49,67625518
21/03/2016,53.25,53.93,52.93,53.86,23925716
22/03/2016,53.61,54.25,53.46,54.07,23124143
23/03/2016,54.11,54.24,53.74,53.97,20129015
24/03/2016,53.84,54.33,53.73,54.21,19949972
28/03/2016,54.21,54.29,53.33,53.54,17025050
29/03/2016,53.66,54.86,53.45,54.71,23924329
30/03/2016,54.93,55.64,54.9,55.05,23008260
31/03/2016,54.95,55.59,54.86,55.23,26360495
01/04/2016,55.05,55.61,54.57,55.57,24399193
04/04/2016,55.43,55.66,55,55.43,18928810
05/04/2016,55.19,55.3,54.46,54.56,19272255
06/04/2016,54.36,55.2,54.21,55.12,21188682
07/04/2016,54.87,54.91,54.23,54.46,19225092
08/04/2016,54.67,55.28,54.32,54.42,22167223
11/04/2016,54.49,55.15,54.3,54.31,21414227
12/04/2016,54.37,54.78,53.76,54.65,24944288
13/04/2016,55.12,55.44,54.89,55.35,20817961
14/04/2016,55.22,55.58,55.07,55.36,20877108
15/04/2016,55.3,55.92,55.11,55.65,28793753
18/04/2016,55.49,56.59,55.21,56.46,23785950
19/04/2016,56.63,56.77,55.68,56.39,29596827
20/04/2016,56.29,56.5,55.49,55.59,36195714
21/04/2016,55.8,56.23,55.42,55.78,38909096
22/04/2016,51.91,52.43,50.77,51.78,126834091
25/04/2016,51.78,52.13,51.63,52.11,33226948
26/04/2016,52.26,52.35,51.09,51.44,33532636
27/04/2016,51.48,51.5,50.55,50.94,43369256
28/04/2016,50.62,50.77,49.56,49.9,43134846
29/04/2016,49.35,50.25,49.35,49.87,48411684
02/05/2016,50,50.75,49.78,50.61,33114539
03/05/2016,50.34,50.41,49.6,49.78,26460244
04/05/2016,49.84,50.06,49.46,49.87,24257556
05/05/2016,49.87,50.3,49.73,49.94,25390718
06/05/2016,49.92,50.39,49.66,50.39,24787301
09/05/2016,50.49,50.59,50,50.07,17951598
10/05/2016,50.33,51.1,50.19,51.02,22890966
11/05/2016,51.13,51.78,51,51.05,24039140
12/05/2016,51.2,51.81,50.92,51.51,24102781
13/05/2016,51.44,51.9,51.04,51.08,22592342
16/05/2016,50.8,51.96,50.75,51.83,20032017
17/05/2016,51.72,51.73,50.36,50.51,27803514
18/05/2016,50.48,51.14,50.3,50.81,24907532
19/05/2016,50.47,50.62,49.82,50.32,23842358
20/05/2016,50.48,51.22,50.4,50.62,23905769
23/05/2016,50.6,50.68,49.98,50.03,26118720
24/05/2016,50.7,51.71,50.4,51.59,34757944
25/05/2016,51.92,52.49,51.79,52.12,24204566
26/05/2016,51.93,51.98,51.36,51.89,24335223
27/05/2016,51.92,52.32,51.77,52.32,17721438
31/05/2016,52.26,53,52.08,53,37653081
01/06/2016,52.44,52.95,52.44,52.85,25324828
02/06/2016,52.64,52.74,51.84,52.48,22840779
03/06/2016,52.38,52.42,51.6,51.79,23368291
06/06/2016,51.99,52.35,51.89,52.13,18243271
07/06/2016,52.24,52.73,52.1,52.1,20866770
08/06/2016,52.02,52.44,51.87,52.04,21149438
09/06/2016,52,52,51.49,51.62,20305664
10/06/2016,51.05,52.05,51.04,51.48,25833151
13/06/2016,49.58,50.72,49.06,50.14,83217844
14/06/2016,49.9,50.1,49.57,49.83,42577106
15/06/2016,49.78,50.12,49.69,49.69,33757639
16/06/2016,49.52,50.47,49.51,50.39,31188605
17/06/2016,50.41,50.43,49.82,50.13,45710516
20/06/2016,50.64,50.83,50.03,50.07,35607946
21/06/2016,50.2,51.43,50.16,51.19,34097825
22/06/2016,51.08,51.46,50.95,50.99,28816848
23/06/2016,51.28,52.06,51.15,51.91,29028833
24/06/2016,49.81,50.94,49.52,49.83,133502985
27/06/2016,49.1,49.15,48.04,48.43,50576699
28/06/2016,48.92,49.47,48.67,49.44,38140658
29/06/2016,49.91,50.72,49.8,50.54,31304021
30/06/2016,50.72,51.3,50.5,51.17,28527781
01/07/2016,51.13,51.72,51.07,51.16,21400392
05/07/2016,50.83,51.28,50.74,51.17,24806351
06/07/2016,50.78,51.54,50.39,51.38,28167461
07/07/2016,51.42,51.61,51.07,51.38,19585194
08/07/2016,51.73,52.36,51.55,52.3,28391026
11/07/2016,52.5,52.83,52.47,52.59,22269203
12/07/2016,52.94,53.4,52.79,53.21,27317555
13/07/2016,53.56,53.86,53.18,53.51,25356841
14/07/2016,53.84,53.99,53.58,53.74,24545520
15/07/2016,53.95,54,53.21,53.7,32024385
18/07/2016,53.7,54.34,53.55,53.96,31433864
19/07/2016,53.71,53.9,52.93,53.09,53336533
20/07/2016,56.15,56.84,55.53,55.91,89893301
21/07/2016,55.98,56.23,55.76,55.8,32776653
22/07/2016,56.08,56.63,55.78,56.57,32157167
25/07/2016,56.47,56.74,56.26,56.73,25610587
26/07/2016,56.52,57.29,56.51,56.76,28078995
27/07/2016,56.61,56.8,56.11,56.19,32327477
28/07/2016,56,56.37,55.72,56.21,37550411
29/07/2016,56.26,56.76,56.05,56.68,30558718
01/08/2016,56.6,56.75,56.14,56.58,26003419
02/08/2016,56.85,56.9,56.31,56.58,35121958
03/08/2016,56.68,57.11,56.49,56.97,22075616
04/08/2016,56.8,57.52,56.67,57.39,26587749
05/08/2016,57.65,58.21,57.45,57.96,29335221
08/08/2016,58.06,58.09,57.78,58.06,19473499
09/08/2016,58.17,58.5,58.02,58.2,16920721
10/08/2016,58.16,58.32,57.82,58.02,15756913
11/08/2016,58.03,58.45,58.03,58.3,18162301
12/08/2016,58.03,58.19,57.62,57.94,21655161
15/08/2016,58.01,58.5,57.96,58.12,19283902
16/08/2016,57.61,57.62,57.27,57.44,20523493
17/08/2016,57.54,57.68,57.23,57.56,18856423
18/08/2016,57.42,57.7,57.27,57.6,14214341
19/08/2016,57.43,57.73,57.2,57.62,17271044
22/08/2016,57.6,57.75,57.26,57.67,15221922
23/08/2016,57.9,58.18,57.85,57.89,18732373
24/08/2016,57.8,58.04,57.72,57.95,18151506
25/08/2016,57.88,58.29,57.78,58.17,18552579
26/08/2016,58.28,58.7,57.69,58.03,20971202
29/08/2016,58.18,58.6,58.1,58.1,16417207
30/08/2016,57.98,58.19,57.61,57.89,16930185
31/08/2016,57.65,57.8,57.3,57.46,20860269
01/09/2016,57.01,57.82,57.01,57.59,26075363
02/09/2016,57.67,58.19,57.42,57.67,18900489
06/09/2016,57.78,57.8,57.21,57.61,16278416
07/09/2016,57.47,57.84,57.41,57.66,17493359
08/09/2016,57.63,57.79,57.18,57.43,20146083
09/09/2016,56.79,57.52,56.21,56.21,35113934
12/09/2016,56,57.21,55.61,57.05,29302962
13/09/2016,56.5,56.65,56.05,56.53,30130213
14/09/2016,56.39,56.63,56.03,56.26,24274273
15/09/2016,56.15,57.35,55.98,57.19,27062614
16/09/2016,57.63,57.63,56.75,57.25,44606965
19/09/2016,57.27,57.75,56.85,56.93,20937104
20/09/2016,57.35,57.35,56.75,56.81,17383982
21/09/2016,57.51,57.85,57.08,57.76,33707272
22/09/2016,57.92,58,57.63,57.82,19822203
23/09/2016,57.87,57.91,57.38,57.43,19955336
26/09/2016,57.08,57.14,56.83,56.9,21688720
27/09/2016,56.93,58.06,56.68,57.95,28065071
28/09/2016,57.88,58.06,57.67,58.03,20536400
29/09/2016,57.81,58.17,57.21,57.4,25463536
30/09/2016,57.57,57.77,57.34,57.6,29910788
03/10/2016,57.41,57.55,57.06,57.42,19189515
04/10/2016,57.27,57.6,56.97,57.24,20085874
05/10/2016,57.29,57.96,57.26,57.64,16726411
06/10/2016,57.74,57.86,57.28,57.74,16212611
07/10/2016,57.85,57.98,57.42,57.8,20089020
10/10/2016,57.91,58.39,57.87,58.04,18196509
11/10/2016,57.89,58.02,56.89,57.19,26497418
12/10/2016,57.11,57.27,56.4,57.11,22177464
13/10/2016,56.7,57.3,56.32,56.92,25313748
14/10/2016,57.12,57.74,57.12,57.42,27402451
17/10/2016,57.36,57.46,56.87,57.22,23830014
18/10/2016,57.53,57.95,57.41,57.66,19149538
19/10/2016,57.47,57.84,57.4,57.53,22878397
20/10/2016,57.5,57.52,56.66,57.25,49455612
21/10/2016,60.28,60.45,59.49,59.66,80032206
24/10/2016,59.94,61,59.93,61,54066978
25/10/2016,60.85,61.37,60.8,60.99,35137164
26/10/2016,60.81,61.2,60.47,60.63,29911608
27/10/2016,60.61,60.83,60.09,60.1,28479856
28/10/2016,60.01,60.52,59.58,59.87,33574684
31/10/2016,60.16,60.42,59.92,59.92,26434697
01/11/2016,59.97,60.02,59.25,59.8,24532986
02/11/2016,59.82,59.93,59.3,59.43,22147005
03/11/2016,59.53,59.64,59.11,59.21,21600427
04/11/2016,58.65,59.28,58.52,58.71,28697016
07/11/2016,59.78,60.52,59.78,60.42,31664798
08/11/2016,60.55,60.78,60.15,60.47,22935355
09/11/2016,60,60.59,59.2,60.17,49632479
10/11/2016,60.48,60.49,57.63,58.7,57822394
11/11/2016,58.23,59.12,58.01,59.02,38767843
14/11/2016,59.02,59.08,57.28,58.12,41328422
15/11/2016,58.33,59.49,58.32,58.87,35904126
16/11/2016,58.94,59.66,58.81,59.65,27332475
17/11/2016,60.41,60.95,59.97,60.64,32132728
18/11/2016,60.78,61.14,60.3,60.35,27686311
21/11/2016,60.5,60.97,60.42,60.86,19652595
22/11/2016,60.98,61.26,60.81,61.12,23206700
23/11/2016,61.01,61.1,60.25,60.4,21848913
25/11/2016,60.3,60.53,60.13,60.53,8409616
28/11/2016,60.34,61.02,60.21,60.61,20732619
29/11/2016,60.65,61.41,60.52,61.09,22366721
30/11/2016,60.86,61.18,60.22,60.26,34655435
01/12/2016,60.11,60.15,58.94,59.2,34542121
02/12/2016,59.08,59.47,58.8,59.25,25515665
05/12/2016,59.7,60.59,59.56,60.22,23552658
06/12/2016,60.43,60.46,59.8,59.95,19907035
07/12/2016,60.01,61.38,59.8,61.37,30808969
08/12/2016,61.3,61.58,60.84,61.01,21220753
09/12/2016,61.18,61.99,61.13,61.97,27349356
12/12/2016,61.82,62.3,61.72,62.17,20198081
13/12/2016,62.5,63.42,62.24,62.98,35718868
14/12/2016,63,63.45,62.53,62.68,30352654
15/12/2016,62.7,63.15,62.3,62.58,27669868
16/12/2016,62.95,62.95,62.12,62.3,42453083
19/12/2016,62.56,63.77,62.42,63.62,34338219
20/12/2016,63.69,63.8,63.03,63.54,26028379
21/12/2016,63.43,63.7,63.12,63.54,17096304
22/12/2016,63.84,64.1,63.41,63.55,22176585
23/12/2016,63.45,63.54,62.8,63.24,12403819
27/12/2016,63.21,64.07,63.21,63.28,11763173
28/12/2016,63.4,63.4,62.83,62.99,14653348
29/12/2016,62.86,63.2,62.73,62.9,10250582
30/12/2016,62.96,62.99,62.03,62.14,25579908
03/01/2017,62.79,62.84,62.13,62.58,20694101
04/01/2017,62.48,62.75,62.12,62.3,21339969
05/01/2017,62.19,62.66,62.03,62.3,24875968
06/01/2017,62.3,63.15,62.04,62.84,19922919
09/01/2017,62.76,63.08,62.54,62.64,20382730
10/01/2017,62.73,63.07,62.28,62.62,18593004
11/01/2017,62.61,63.23,62.43,63.19,21517335
12/01/2017,63.06,63.4,61.95,62.61,20968223
13/01/2017,62.62,62.87,62.35,62.7,19422310
17/01/2017,62.68,62.7,62.03,62.53,20663983
18/01/2017,62.67,62.7,62.12,62.5,19670102
19/01/2017,62.24,62.98,62.2,62.3,18451655
20/01/2017,62.67,62.82,62.37,62.74,30213462
23/01/2017,62.7,63.12,62.57,62.96,23097581
24/01/2017,63.2,63.74,62.94,63.52,24672940
25/01/2017,63.95,64.1,63.45,63.68,24654933
26/01/2017,64.12,64.54,63.55,64.27,43554645
27/01/2017,65.39,65.91,64.89,65.78,44817972
30/01/2017,65.69,65.79,64.8,65.13,31651445
31/01/2017,64.86,65.15,64.26,64.65,25270549
01/02/2017,64.36,64.62,63.47,63.58,39671528
02/02/2017,63.25,63.41,62.75,63.17,45827013
03/02/2017,63.5,63.7,63.07,63.68,30301759
06/02/2017,63.5,63.65,63.14,63.64,19796360
07/02/2017,63.74,63.78,63.23,63.43,20277226
08/02/2017,63.57,63.81,63.22,63.34,18096358
09/02/2017,63.52,64.44,63.32,64.06,22644443
10/02/2017,64.25,64.3,63.98,64,18170729
13/02/2017,64.24,64.86,64.13,64.72,22920101
14/02/2017,64.41,64.72,64.02,64.57,23108426
15/02/2017,64.5,64.57,64.16,64.53,17005157
16/02/2017,64.74,65.24,64.44,64.52,20546345
17/02/2017,64.47,64.69,64.3,64.62,21248818
21/02/2017,64.61,64.95,64.45,64.49,20655869
22/02/2017,64.33,64.39,64.05,64.36,19292651
23/02/2017,64.42,64.73,64.19,64.62,20273128
24/02/2017,64.53,64.8,64.14,64.62,21796800
27/02/2017,64.54,64.54,64.05,64.23,15871507
28/02/2017,64.08,64.2,63.76,63.98,23239825
01/03/2017,64.13,64.99,64.02,64.94,26937459
02/03/2017,64.69,64.75,63.88,64.01,24539597
03/03/2017,63.99,64.28,63.62,64.25,18139405
06/03/2017,63.97,64.56,63.81,64.27,18750255
07/03/2017,64.19,64.78,64.19,64.4,18520987
08/03/2017,64.26,65.08,64.25,64.99,21510907
09/03/2017,65.19,65.2,64.48,64.73,19846832
10/03/2017,65.11,65.26,64.75,64.93,19538245
13/03/2017,65.14,65.19,64.57,64.71,20100035
14/03/2017,64.53,64.55,64.15,64.41,14280202
15/03/2017,64.55,64.92,64.25,64.75,24833810
16/03/2017,64.75,64.76,64.3,64.64,20674296
17/03/2017,64.91,65.24,64.68,64.87,49219686
20/03/2017,64.91,65.18,64.72,64.93,14598083
21/03/2017,65.19,65.5,64.13,64.21,26640480
22/03/2017,64.12,65.14,64.12,65.03,20680015
23/03/2017,64.94,65.24,64.77,64.87,19269203
24/03/2017,65.12,65.45,64.76,64.98,22617105
27/03/2017,64.63,65.22,64.35,65.1,18614662
28/03/2017,64.96,65.47,64.65,65.29,20080358
29/03/2017,65.12,65.5,64.95,65.47,13618424
30/03/2017,65.42,65.98,65.36,65.71,15122823
31/03/2017,65.65,66.19,65.45,65.86,21040331
03/04/2017,65.81,65.94,65.19,65.55,20400871
04/04/2017,65.39,65.81,65.28,65.73,12997449
05/04/2017,66.3,66.35,65.44,65.56,21448594
06/04/2017,65.6,66.06,65.48,65.73,18103453
07/04/2017,65.85,65.96,65.44,65.68,14108533
10/04/2017,65.61,65.82,65.36,65.53,17952742
11/04/2017,65.6,65.61,64.85,65.48,18791533
12/04/2017,65.42,65.51,65.11,65.23,17108513
13/04/2017,65.29,65.86,64.95,64.95,17896483
17/04/2017,65.04,65.49,65.01,65.48,16689265
18/04/2017,65.33,65.71,65.16,65.39,15155611
19/04/2017,65.65,65.75,64.89,65.04,26992771
20/04/2017,65.46,65.75,65.14,65.5,22299477
21/04/2017,65.67,66.7,65.45,66.4,32522645
24/04/2017,67.48,67.66,67.1,67.53,29769976
25/04/2017,67.9,68.04,67.6,67.92,30242730
26/04/2017,68.08,68.31,67.62,67.83,26190770
27/04/2017,68.15,68.38,67.58,68.27,34970953
28/04/2017,68.91,69.14,67.69,68.46,39548818
01/05/2017,68.68,69.55,68.5,69.41,31954362
02/05/2017,69.71,69.71,69.13,69.3,23906119
03/05/2017,69.38,69.38,68.71,69.08,28927973
04/05/2017,69.03,69.08,68.64,68.81,21749409
05/05/2017,68.9,69.03,68.49,69,19128782
08/05/2017,68.97,69.05,68.42,68.94,18566087
09/05/2017,68.86,69.28,68.68,69.04,22858414
10/05/2017,68.99,69.56,68.92,69.31,17977830
11/05/2017,68.36,68.73,68.12,68.46,28789413
12/05/2017,68.61,68.61,68.04,68.38,18714123
15/05/2017,68.14,68.48,67.57,68.43,31530301
16/05/2017,68.23,69.44,68.16,69.41,34956038
17/05/2017,68.89,69.1,67.43,67.48,30548781
18/05/2017,67.4,68.13,67.14,67.71,25201274
19/05/2017,67.5,68.1,67.43,67.69,26961119
22/05/2017,67.89,68.5,67.5,68.45,16237550
23/05/2017,68.72,68.75,68.38,68.68,15425824
24/05/2017,68.87,68.88,68.45,68.77,14666865
25/05/2017,68.97,69.88,68.91,69.62,21854095
26/05/2017,69.8,70.22,69.52,69.96,19827923
30/05/2017,69.79,70.41,69.77,70.41,17072838
31/05/2017,70.53,70.74,69.81,69.84,30436364
01/06/2017,70.24,70.61,69.45,70.1,21603601
02/06/2017,70.44,71.86,70.24,71.76,34770261
05/06/2017,71.97,72.89,71.81,72.28,33316760
06/06/2017,72.3,72.62,72.27,72.52,31511065
07/06/2017,72.64,72.77,71.95,72.39,22301765
08/06/2017,72.51,72.52,71.5,71.95,24588270
09/06/2017,72.04,72.08,68.59,70.32,49187396
12/06/2017,69.25,69.94,68.13,69.78,47761743
13/06/2017,70.02,70.82,69.96,70.65,25258614
14/06/2017,70.91,71.1,69.43,70.27,25510685
15/06/2017,69.27,70.21,68.8,69.9,26068709
16/06/2017,69.73,70.03,69.22,70,48345085
19/06/2017,70.5,70.94,70.35,70.87,23798268
20/06/2017,70.82,70.87,69.87,69.91,21512231
21/06/2017,70.21,70.62,69.94,70.27,19891051
22/06/2017,70.54,70.59,69.71,70.26,22965738
23/06/2017,70.09,71.25,69.92,71.21,27617291
26/06/2017,71.4,71.71,70.44,70.53,19606974
27/06/2017,70.11,70.18,69.18,69.21,25215128
28/06/2017,69.21,69.84,68.79,69.8,25806200
29/06/2017,69.38,69.49,68.09,68.49,28918715
30/06/2017,68.78,69.38,68.74,68.93,24161068
03/07/2017,69.33,69.6,68.02,68.17,16165538
05/07/2017,68.26,69.44,68.22,69.08,21176272
06/07/2017,68.27,68.78,68.12,68.57,21117572
07/07/2017,68.7,69.84,68.7,69.46,16878317
10/07/2017,69.46,70.25,69.2,69.98,15014503
11/07/2017,70,70.68,69.75,69.99,17460022
12/07/2017,70.69,71.28,70.55,71.15,17750925
13/07/2017,71.5,72.04,71.31,71.77,20269816
14/07/2017,72.24,73.27,71.96,72.78,25868086
17/07/2017,72.8,73.45,72.72,73.35,21803907
18/07/2017,73.09,73.39,72.66,73.3,26435296
19/07/2017,73.5,74.04,73.45,73.86,22416222
20/07/2017,74.18,74.3,73.28,74.22,42361025
21/07/2017,73.45,74.29,73.17,73.79,46717082
24/07/2017,73.53,73.75,73.13,73.6,21394826
25/07/2017,73.8,74.31,73.5,74.19,22018681
26/07/2017,74.34,74.38,73.81,74.05,16252233
27/07/2017,73.76,74.42,72.32,73.16,36844220
28/07/2017,72.67,73.31,72.54,73.04,18306680
31/07/2017,73.3,73.44,72.41,72.7,23600054
01/08/2017,73.1,73.42,72.49,72.58,20823890
02/08/2017,72.55,72.56,71.44,72.26,26499158
03/08/2017,72.19,72.44,71.85,72.15,18214424
04/08/2017,72.4,73.04,72.24,72.68,22578952
07/08/2017,72.8,72.9,72.26,72.4,18705681
08/08/2017,72.09,73.13,71.75,72.79,22044587
09/08/2017,72.25,72.51,72.05,72.47,22213410
10/08/2017,71.9,72.19,71.35,71.41,24734461
11/08/2017,71.61,72.7,71.28,72.5,21443675
14/08/2017,73.06,73.72,72.95,73.59,20096592
15/08/2017,73.59,73.59,73.04,73.22,19181402
16/08/2017,73.34,74.1,73.17,73.65,18150402
17/08/2017,73.58,73.87,72.4,72.4,22977519
18/08/2017,72.27,72.84,71.93,72.49,18761491
21/08/2017,72.47,72.48,71.7,72.15,17734767
22/08/2017,72.35,73.24,72.35,73.16,14343674
23/08/2017,72.96,73.15,72.53,72.72,13766507
24/08/2017,72.74,72.86,72.07,72.69,17098282
25/08/2017,72.86,73.35,72.48,72.82,12794301
28/08/2017,73.06,73.09,72.55,72.83,14569715
29/08/2017,72.25,73.16,72.05,73.05,11478382
30/08/2017,73.01,74.21,72.83,74.01,16897801
31/08/2017,74.03,74.96,73.8,74.77,27652811
01/09/2017,74.71,74.74,73.64,73.94,21736161
05/09/2017,73.34,73.89,72.98,73.61,22242384
06/09/2017,73.74,74.04,73.35,73.4,16535785
07/09/2017,73.68,74.6,73.6,74.34,17471200
08/09/2017,74.33,74.44,73.84,73.98,14703816
11/09/2017,74.31,74.94,74.31,74.76,17910383
12/09/2017,74.76,75.24,74.37,74.68,14394850
13/09/2017,74.93,75.23,74.55,75.21,13380802
14/09/2017,75,75.49,74.52,74.77,15733914
15/09/2017,74.83,75.39,74.07,75.31,38578441
18/09/2017,75.23,75.97,75.04,75.16,23306959
19/09/2017,75.21,75.71,75.01,75.44,16093344
20/09/2017,75.35,75.55,74.31,74.94,21587878
21/09/2017,75.11,75.24,74.11,74.21,19186140
22/09/2017,73.99,74.51,73.85,74.41,14111365
25/09/2017,74.09,74.25,72.92,73.26,24149163
26/09/2017,73.67,73.81,72.99,73.26,18019577
27/09/2017,73.55,74.17,73.17,73.85,19565135
28/09/2017,73.54,73.97,73.31,73.87,10883787
29/09/2017,73.94,74.54,73.88,74.49,17079114
02/10/2017,74.71,75.01,74.3,74.61,15304762
03/10/2017,74.67,74.88,74.19,74.26,12190403
04/10/2017,74,74.72,73.71,74.69,13317681
05/10/2017,75.22,76.12,74.96,75.97,21195261
06/10/2017,75.67,76.03,75.54,76,13959814
09/10/2017,75.97,76.55,75.86,76.29,11386502
10/10/2017,76.33,76.63,76.14,76.29,13944545
11/10/2017,76.36,76.46,75.95,76.42,15388898
12/10/2017,76.49,77.29,76.37,77.12,16876538
13/10/2017,77.59,77.87,77.29,77.49,15335742
16/10/2017,77.42,77.81,77.35,77.65,12380093
17/10/2017,77.47,77.62,77.25,77.59,16823989
18/10/2017,77.67,77.85,77.37,77.61,13300701
19/10/2017,77.57,77.93,77.35,77.91,15092758
20/10/2017,78.32,78.97,78.22,78.81,22866426
23/10/2017,78.99,79.34,78.76,78.83,20627173
24/10/2017,78.9,79.2,78.46,78.86,17517182
25/10/2017,78.58,79.1,78.01,78.63,20410808
26/10/2017,79.2,79.42,78.75,78.76,32120717
27/10/2017,84.37,86.2,83.61,83.81,71066729
30/10/2017,83.7,84.33,83.11,83.89,31756653
31/10/2017,84.36,84.36,83.11,83.18,27086575
01/11/2017,83.68,83.76,82.88,83.18,22307371
02/11/2017,83.35,84.46,83.12,84.05,23992945
03/11/2017,84.08,84.54,83.4,84.14,17633543
06/11/2017,84.2,84.7,84.08,84.47,19860852
07/11/2017,84.77,84.9,83.93,84.27,17939727
08/11/2017,84.14,84.61,83.83,84.56,18034170
09/11/2017,84.11,84.27,82.9,84.09,21178356
10/11/2017,83.79,84.1,83.23,83.87,19397793
13/11/2017,83.66,83.94,83.46,83.93,14196896
14/11/2017,83.5,84.1,82.98,84.05,18801280
15/11/2017,83.47,83.69,82.69,82.98,19383102
16/11/2017,83.1,83.42,82.94,83.2,20962750
17/11/2017,83.12,83.12,82.24,82.4,22078993
20/11/2017,82.4,82.59,82.25,82.53,16314978
21/11/2017,82.74,83.84,82.74,83.72,21237454
22/11/2017,83.83,83.9,83.04,83.11,20553089
24/11/2017,83.01,83.43,82.78,83.26,7425603
27/11/2017,83.31,83.98,83.3,83.87,18265242
28/11/2017,84.07,85.06,84.02,84.88,21925959
29/11/2017,84.71,84.92,83.18,83.34,27381109
30/11/2017,83.51,84.52,83.34,84.17,33054647
01/12/2017,83.6,84.81,83.22,84.26,29532132
04/12/2017,84.42,84.43,80.7,81.08,39094880
05/12/2017,81.34,82.68,80.98,81.59,26152261
06/12/2017,81.55,83.14,81.43,82.78,26162054
07/12/2017,82.54,82.8,82,82.49,23184547
08/12/2017,83.63,84.58,83.33,84.16,24489106
11/12/2017,84.29,85.37,84.12,85.23,22857854
12/12/2017,85.31,86.05,85.08,85.58,23924105
13/12/2017,85.74,86,85.17,85.35,22062679
14/12/2017,85.43,85.87,84.53,84.69,19305961
15/12/2017,85.26,87.09,84.88,86.85,53936687
18/12/2017,87.12,87.5,86.23,86.38,22283752
19/12/2017,86.35,86.35,85.27,85.83,23524787
20/12/2017,86.2,86.3,84.71,85.52,23674931
21/12/2017,86.05,86.1,85.4,85.5,17990745
22/12/2017,85.4,85.63,84.92,85.51,14145841
26/12/2017,85.31,85.53,85.03,85.4,9891237
27/12/2017,85.65,85.98,85.22,85.71,14678025
28/12/2017,85.9,85.93,85.55,85.72,10594344
29/12/2017,85.63,86.05,85.5,85.54,18717406
02/01/2018,86.13,86.31,85.5,85.95,22483797
03/01/2018,86.06,86.51,85.97,86.35,26061439
04/01/2018,86.59,87.66,86.57,87.11,21911974
05/01/2018,87.66,88.41,87.43,88.19,23407110
08/01/2018,88.2,88.58,87.6,88.28,22113049
09/01/2018,88.65,88.73,87.86,88.22,19484317
10/01/2018,87.86,88.19,87.41,87.82,18652201
11/01/2018,88.13,88.13,87.24,88.08,17808877
12/01/2018,88.67,89.78,88.45,89.6,24271531
16/01/2018,90.1,90.79,88.01,88.35,36599736
17/01/2018,89.08,90.28,88.75,90.14,25621164
18/01/2018,89.8,90.67,89.66,90.1,24159683
19/01/2018,90.14,90.61,89.66,90,36875013
22/01/2018,90,91.62,89.74,91.61,23601555
23/01/2018,91.9,92.3,91.54,91.9,23412841
24/01/2018,92.55,93.43,91.58,91.82,33277483
25/01/2018,92.47,93.24,91.93,92.33,26383238
26/01/2018,93.12,94.06,92.58,94.06,29172167
29/01/2018,95.14,95.45,93.72,93.92,31569940
30/01/2018,93.3,93.66,92.1,92.74,38635053
31/01/2018,93.75,95.4,93.51,95.01,48756338
01/02/2018,94.79,96.07,93.58,94.26,47227882
02/02/2018,93.64,93.97,91.5,91.78,47867753
05/02/2018,90.56,93.24,88,88,51031465
06/02/2018,86.89,91.48,85.25,91.33,67998564
07/02/2018,90.49,91.77,89.2,89.61,41107592
08/02/2018,89.71,89.88,84.76,85.01,55628657
09/02/2018,86.3,88.93,83.83,88.18,63499065
12/02/2018,88.74,89.78,87.93,89.13,35720341
13/02/2018,88.93,90,87.8,89.83,26407702
14/02/2018,88.51,90.99,88.41,90.81,34960912
15/02/2018,91.21,92.72,90.62,92.66,27823866
16/02/2018,92.45,93.5,91.8,92,30596919
20/02/2018,91.48,93.06,91.01,92.72,30911725
21/02/2018,92.98,93.36,91.49,91.49,26922503
22/02/2018,92.05,92.73,91.36,91.73,24392753
23/02/2018,92.75,94.07,92.36,94.06,26329226
26/02/2018,94.4,95.45,94.25,95.42,30199846
27/02/2018,95.74,95.84,94.2,94.2,25869119
28/02/2018,94.84,95.71,93.63,93.77,31167338
01/03/2018,93.99,94.57,91.84,92.85,37135561
02/03/2018,91.58,93.15,90.86,93.05,32830389
05/03/2018,92.34,94.27,92.26,93.64,23901578
06/03/2018,94.34,94.49,92.94,93.32,22175776
07/03/2018,93.16,93.94,92.43,93.86,26716127
08/03/2018,94.27,95.1,93.77,94.43,25887828
09/03/2018,95.29,96.54,95,96.54,36937254
12/03/2018,96.5,97.21,96.04,96.77,26073742
13/03/2018,97,97.24,93.97,94.41,35387817
14/03/2018,95.12,95.41,93.5,93.85,32131981
15/03/2018,93.53,94.58,92.83,94.18,27610998
16/03/2018,94.68,95.38,93.92,94.6,49081279
19/03/2018,93.74,93.9,92.11,92.89,33344085
20/03/2018,93.05,93.77,93,93.13,23075240
21/03/2018,92.93,94.05,92.21,92.48,24457082
22/03/2018,91.27,91.75,89.66,89.79,38604715
23/03/2018,89.5,90.46,87.08,87.18,44068949
26/03/2018,90.61,94,90.4,93.78,56396780
27/03/2018,94.94,95.14,88.51,89.47,56569011
28/03/2018,89.82,91.23,88.87,89.39,52501146
29/03/2018,90.18,92.29,88.4,91.27,45867548
02/04/2018,90.47,90.88,87.51,88.52,48515417
03/04/2018,89.58,90.05,87.89,89.71,37213837
04/04/2018,87.85,92.76,87.73,92.33,35559956
05/04/2018,92.44,93.07,91.4,92.38,29771881
06/04/2018,91.49,92.46,89.48,90.23,38026000
09/04/2018,91.04,93.17,90.62,90.77,31533943
10/04/2018,92.39,93.28,91.64,92.88,26939883
11/04/2018,92.01,93.29,91.48,91.86,24872110
12/04/2018,92.43,94.16,92.43,93.58,26758879
13/04/2018,94.05,94.18,92.44,93.08,23346063
16/04/2018,94.07,94.66,93.42,94.17,20288083
17/04/2018,95,96.54,94.88,96.07,26771000
18/04/2018,96.22,96.72,95.52,96.44,21043287
19/04/2018,96.44,97.07,95.34,96.11,23552541
20/04/2018,95.91,96.11,94.05,95,31154377
23/04/2018,95.74,96.29,94.63,95.35,22331829
24/04/2018,96.24,96.47,92.41,93.12,34524799
25/04/2018,93.3,93.3,90.28,92.31,33729257
26/04/2018,93.55,95.15,93.1,94.26,42529043
27/04/2018,97.6,97.9,93.91,95.82,48272780
30/04/2018,96.33,96.4,93.15,93.52,41523605
01/05/2018,93.21,95.29,92.79,95,31408927
02/05/2018,94.99,95.17,93.19,93.51,27471002
03/05/2018,92.96,94.93,92.45,94.07,31142497
04/05/2018,93.32,95.37,92.92,95.16,22531325
07/05/2018,95.17,96.71,95.1,96.22,24242019
08/05/2018,95.85,96.16,95.06,95.81,23484589
09/05/2018,96.01,96.97,95.05,96.94,27327410
10/05/2018,97.46,97.95,97.05,97.91,22388119
11/05/2018,97.8,97.87,97.04,97.7,16778316
14/05/2018,97.92,98.69,97.31,98.03,19454124
15/05/2018,97.24,97.85,96.34,97.32,24594010
16/05/2018,97.36,97.4,96.62,97.15,17384742
17/05/2018,96.76,97.54,95.83,96.18,17246716
18/05/2018,96.01,96.93,96.01,96.36,17865840
21/05/2018,97,98.01,96.8,97.6,19422467
22/05/2018,97.68,98.17,97.2,97.5,15441189
23/05/2018,96.71,98.73,96.32,98.66,21251222
24/05/2018,98.73,98.94,96.81,98.31,26649287
25/05/2018,98.3,98.98,97.86,98.36,18363918
29/05/2018,97.84,98.88,97.23,98.01,28670981
30/05/2018,98.31,99.25,97.91,98.95,22158528
31/05/2018,99.29,99.99,98.61,98.84,34140891
01/06/2018,99.28,100.86,99.17,100.79,28655624
04/06/2018,101.26,101.86,100.85,101.67,27281623
05/06/2018,102,102.33,101.53,102.19,23514402
06/06/2018,102.48,102.6,101.9,102.49,21122917
07/06/2018,102.65,102.69,100.38,100.88,28232197
08/06/2018,101.09,101.95,100.54,101.63,22165128
11/06/2018,101.37,101.59,100.67,101.05,23490894
12/06/2018,101.1,101.45,100.75,101.31,18325228
13/06/2018,101.72,102.01,100.56,100.85,29492875
14/06/2018,101.65,102.03,101,101.42,25691811
15/06/2018,101.51,101.53,100.07,100.13,65738585
18/06/2018,100.01,101.11,99.42,100.86,23586037
19/06/2018,99.65,101,99.5,100.86,28653087
20/06/2018,101.37,102.52,101.12,101.87,26180792
21/06/2018,102.08,102.46,100.88,101.14,23198188
22/06/2018,100.41,100.77,99.63,100.41,38923105
25/06/2018,100,100.11,97.3,98.39,35433333
26/06/2018,98.82,100.08,98.75,99.08,26897244
27/06/2018,99.58,100.02,97.4,97.54,31298386
28/06/2018,97.38,99.11,97.26,98.63,26650671
29/06/2018,98.93,99.91,98.33,98.61,28053214
02/07/2018,98.1,100.06,98,100.01,19564521
03/07/2018,100.48,100.63,98.94,99.05,14670275
05/07/2018,99.5,99.92,99.03,99.76,18977402
06/07/2018,99.89,101.43,99.67,101.16,19234627
09/07/2018,101.65,102.25,101.25,101.85,18211980
10/07/2018,102,102.51,101.86,102.12,19293140
11/07/2018,101.15,102.34,101.1,101.98,19644648
12/07/2018,102.77,104.41,102.73,104.19,24335929
13/07/2018,104.37,105.6,104.09,105.43,24653500
16/07/2018,105.4,105.82,104.52,104.91,21786912
17/07/2018,104.61,106.5,104.32,105.95,25901726
18/07/2018,105.94,106.05,104.72,105.12,29493927
19/07/2018,104.93,105.31,103.89,104.4,40171646
20/07/2018,108.08,108.2,106.08,106.27,56038827
23/07/2018,106.3,108.14,106.13,107.97,29706955
24/07/2018,108.57,108.82,107.26,107.66,26316619
25/07/2018,107.96,111.15,107.6,110.83,30798058
26/07/2018,110.74,111,109.5,109.62,31372110
27/07/2018,110.18,110.18,106.14,107.68,37005292
30/07/2018,107.19,107.53,104.76,105.37,34668327
31/07/2018,106.49,106.72,105.38,106.08,27655152
01/08/2018,106.03,106.45,105.42,106.28,23628699
02/08/2018,105.4,108.09,104.84,107.57,26104258
03/08/2018,107.8,108.05,106.82,108.04,18659599
06/08/2018,108.12,108.42,107.56,108.13,20265947
07/08/2018,108.56,109.1,108.17,108.88,16080214
08/08/2018,109.33,109.75,108.76,109.49,15487502
09/08/2018,109.71,110.16,109.6,109.67,13677211
10/08/2018,109.42,109.69,108.38,109,18183724
13/08/2018,109.24,109.58,108.1,108.21,18474884
14/08/2018,108.56,109.75,108.04,109.56,16788314
15/08/2018,108.49,108.99,106.82,107.66,29982806
16/08/2018,108.3,108.86,107.3,107.64,21384289
17/08/2018,107.36,107.9,106.69,107.58,18061512
20/08/2018,107.51,107.9,106.48,106.87,17914201
21/08/2018,106.92,107.35,105.85,105.98,22881861
22/08/2018,105.85,107.34,105.78,107.06,18000639
23/08/2018,107.15,108.18,106.87,107.56,18167723
24/08/2018,107.67,108.56,107.56,108.4,17234020
27/08/2018,109.27,109.64,108.51,109.6,19662331
28/08/2018,109.94,110.5,109.79,110.26,19151528
29/08/2018,110.45,112.03,110.27,112.02,20818044
30/08/2018,111.67,112.61,111.44,111.95,22798702
31/08/2018,111.69,112.78,111.52,112.33,23222713
04/09/2018,110.85,111.96,110.22,111.71,22634641
05/09/2018,111.01,111.42,108.1,108.49,32872352
06/09/2018,108.25,108.99,107.51,108.74,23477624
07/09/2018,108.23,108.72,107.23,108.21,22498646
10/09/2018,108.84,109.64,108.36,109.38,20727906
11/09/2018,108.9,111.59,108.89,111.24,24301774
12/09/2018,111.43,111.85,110.51,111.71,18891064
13/09/2018,112.12,113.73,112.12,112.91,26055620
14/09/2018,113.36,113.73,112.44,113.37,19122349
17/09/2018,113.69,113.7,111.86,112.14,20736516
18/09/2018,112.19,113.7,111.72,113.21,22170934
19/09/2018,113.05,113.32,111.04,111.7,21728429
20/09/2018,112.28,113.8,111.93,113.57,23714512
21/09/2018,114,115.29,113.51,114.26,71229698
24/09/2018,113.03,114.9,112.22,114.67,27334460
25/09/2018,114.8,115.1,113.75,114.45,22668014
26/09/2018,114.47,115.06,113.74,113.98,19352025
27/09/2018,114.78,114.91,114.2,114.41,19091299
28/09/2018,114.19,114.57,113.68,114.37,21647811
01/10/2018,114.75,115.68,114.73,115.61,18883079
02/10/2018,115.3,115.84,114.44,115.15,20787239
03/10/2018,115.42,116.18,114.93,115.17,16648018
04/10/2018,114.61,114.76,111.63,112.79,34821717
05/10/2018,112.63,113.17,110.64,112.13,29068859
08/10/2018,111.66,112.03,109.34,110.85,29640588
09/10/2018,111.14,113.08,110.8,112.26,26198594
10/10/2018,111.24,111.5,105.79,106.16,61376315
11/10/2018,105.35,108.93,104.2,105.91,63904282
12/10/2018,109.01,111.24,107.12,109.57,47742109
15/10/2018,108.91,109.48,106.95,107.6,32068103
16/10/2018,109.54,111.41,108.95,111,31610164
17/10/2018,111.68,111.81,109.55,110.71,26548243
18/10/2018,110.1,110.53,107.83,108.5,32506192
19/10/2018,108.93,110.86,108.21,108.66,32785475
22/10/2018,109.32,110.54,108.24,109.63,26545607
23/10/2018,107.77,108.97,105.11,108.1,43770429
24/10/2018,108.41,108.49,101.59,102.32,63897759
25/10/2018,106.55,109.27,106.15,108.3,61646819
26/10/2018,105.69,108.75,104.76,106.96,55523104
29/10/2018,108.11,108.7,101.63,103.85,55162001
30/10/2018,103.66,104.38,100.11,103.73,65350878
31/10/2018,105.44,108.14,105.39,106.81,51062383
01/11/2018,107.05,107.32,105.53,105.92,33384201
02/11/2018,106.48,107.32,104.98,106.16,37680194
05/11/2018,106.37,107.74,105.9,107.51,27922144
06/11/2018,107.38,108.84,106.28,107.72,24340248
07/11/2018,109.44,112.24,109.4,111.96,37901704
08/11/2018,111.8,112.21,110.91,111.75,25644105
09/11/2018,110.85,111.45,108.76,109.57,32039223
12/11/2018,109.42,109.96,106.1,106.87,33621807
13/11/2018,107.55,108.74,106.64,106.94,35374583
14/11/2018,108.1,108.26,104.47,104.97,39495141
15/11/2018,104.99,107.8,103.91,107.28,38505165
16/11/2018,107.08,108.88,106.8,108.29,33502121
19/11/2018,108.27,108.56,103.55,104.62,44773899
20/11/2018,101.8,102.97,99.35,101.71,64052457
21/11/2018,103.6,104.43,102.24,103.11,28130621
23/11/2018,102.17,103.81,102,103.07,13823099
26/11/2018,104.79,106.63,104.58,106.47,32336165
27/11/2018,106.27,107.33,105.36,107.14,29124486
28/11/2018,107.89,111.33,107.86,111.12,46788461
29/11/2018,110.33,111.12,109.03,110.19,28123195
30/11/2018,110.7,110.97,109.36,110.89,33665624
03/12/2018,113,113.42,110.73,112.09,34732772
04/12/2018,111.94,112.64,108.21,108.52,45196984
06/12/2018,105.82,109.24,105,109.19,49107431
07/12/2018,108.38,109.45,104.3,104.82,45044937
10/12/2018,104.8,107.98,103.89,107.59,40801525
11/12/2018,109.8,110.95,107.44,108.59,42381947
12/12/2018,110.89,111.27,109.04,109.08,36183020
13/12/2018,109.58,110.87,108.63,109.45,31333362
14/12/2018,108.25,109.26,105.5,106.03,47043136
17/12/2018,105.41,105.8,101.71,102.89,56957314
18/12/2018,103.75,104.51,102.52,103.97,49319196
19/12/2018,103.65,106.88,101.35,103.69,68198186
20/12/2018,103.05,104.31,98.78,101.51,70334184
21/12/2018,101.63,103,97.46,98.23,111242070
24/12/2018,97.68,97.97,93.98,94.13,43935192
26/12/2018,95.14,100.69,93.96,100.56,51634793
27/12/2018,99.3,101.19,96.4,101.18,49498509
28/12/2018,102.09,102.41,99.52,100.39,38169312
31/12/2018,101.29,102.4,100.44,101.57,33173765
02/01/2019,99.55,101.75,98.94,101.12,35329345
03/01/2019,100.1,100.19,97.2,97.4,42578410
04/01/2019,99.72,102.51,98.93,101.93,44060620
07/01/2019,101.64,103.27,100.98,102.06,35656136
08/01/2019,103.04,103.97,101.71,102.8,31514415
09/01/2019,103.86,104.88,103.24,104.27,32280840
10/01/2019,103.22,103.75,102.38,103.6,30067556
11/01/2019,103.19,103.44,101.64,102.8,28314202
14/01/2019,101.9,102.87,101.26,102.05,28437079
15/01/2019,102.51,105.05,101.88,105.01,31587616
16/01/2019,105.26,106.26,104.96,105.38,29853865
17/01/2019,105,106.63,104.76,106.12,28393015
18/01/2019,107.46,107.9,105.91,107.71,37427587
22/01/2019,106.75,107.1,104.86,105.68,32371253
23/01/2019,106.12,107.04,105.34,106.71,25874294
24/01/2019,106.86,107,105.34,106.2,23164838
25/01/2019,107.24,107.88,106.59,107.17,31218193
28/01/2019,106.26,106.48,104.66,105.08,29476719
29/01/2019,104.88,104.97,102.17,102.94,31490547
30/01/2019,104.62,106.38,104.33,106.38,49471866
31/01/2019,103.8,105.22,103.18,104.43,55636391
01/02/2019,103.78,104.1,102.35,102.78,35535690
04/02/2019,102.87,105.8,102.77,105.74,31315282
05/02/2019,106.06,107.27,105.96,107.22,27325365
06/02/2019,107,107,105.53,106.03,20609759
07/02/2019,105.19,105.59,104.29,105.27,29760697
08/02/2019,104.39,105.78,104.26,105.67,21461093
11/02/2019,106.2,106.58,104.97,105.25,18914123
12/02/2019,106.14,107.14,105.48,106.89,25056595
13/02/2019,107.5,107.78,106.71,106.81,18394869
14/02/2019,106.31,107.29,105.66,106.9,21784703
15/02/2019,107.91,108.3,107.36,108.22,26606886
19/02/2019,107.79,108.66,107.78,108.17,18038460
20/02/2019,107.86,107.94,106.29,107.15,21607671
21/02/2019,106.9,109.48,106.87,109.41,29063231
22/02/2019,110.05,111.2,109.82,110.97,27763218
25/02/2019,111.76,112.18,111.26,111.59,23750599
26/02/2019,111.26,113.24,111.17,112.36,21536733
27/02/2019,111.69,112.36,110.88,112.17,21487062
28/02/2019,112.04,112.88,111.73,112.03,29083934
01/03/2019,112.89,113.02,111.67,112.53,23501169
04/03/2019,113.02,113.25,110.8,112.26,26608014
05/03/2019,112.25,112.39,111.23,111.7,19538318
06/03/2019,111.87,112.66,111.43,111.75,17686996
07/03/2019,111.4,111.55,109.87,110.39,25338954
08/03/2019,109.16,110.71,108.8,110.51,22818430
11/03/2019,110.99,112.95,110.98,112.83,26491618
12/03/2019,112.82,113.99,112.65,113.62,26132717
13/03/2019,114.13,115,113.78,114.5,35513771
14/03/2019,114.54,115.2,114.33,114.59,30763367
15/03/2019,115.34,117.25,114.59,115.91,54630661
18/03/2019,116.17,117.61,116.05,117.57,31207596
19/03/2019,118.09,118.44,116.99,117.65,37588697
20/03/2019,117.39,118.75,116.71,117.52,28113343
21/03/2019,117.14,120.82,117.09,120.22,29854446
22/03/2019,119.5,119.59,117.04,117.05,33624528
25/03/2019,116.56,118.01,116.32,117.66,27067117
26/03/2019,118.62,118.71,116.85,117.91,26097665
27/03/2019,117.88,118.21,115.52,116.77,22733427
28/03/2019,117.44,117.58,116.13,116.93,18334755
29/03/2019,118.07,118.32,116.96,117.94,25399752
01/04/2019,118.95,119.11,118.1,119.02,22789103
02/04/2019,119.06,119.48,118.52,119.19,18142297
03/04/2019,119.86,120.43,119.15,119.97,22860744
04/04/2019,120.1,120.23,118.38,119.36,20112848
05/04/2019,119.39,120.23,119.37,119.89,15826245
08/04/2019,119.81,120.02,118.64,119.93,15116186
09/04/2019,118.63,119.54,118.58,119.28,17611981
10/04/2019,119.76,120.35,119.54,120.19,16477169
11/04/2019,120.54,120.85,119.92,120.33,14209121
12/04/2019,120.64,120.98,120.37,120.95,19745143
15/04/2019,120.94,121.58,120.57,121.05,15792572
16/04/2019,121.64,121.65,120.1,120.77,14071787
17/04/2019,121.24,121.85,120.54,121.77,19300938
18/04/2019,122.19,123.52,121.3,123.37,27990998
22/04/2019,122.62,124,122.57,123.76,15648724
23/04/2019,124.1,125.58,123.83,125.44,24025521
24/04/2019,125.79,125.85,124.52,125.01,31256980
25/04/2019,130.06,131.37,128.83,129.15,38033892
26/04/2019,129.7,130.52,129.02,129.89,23654933
29/04/2019,129.9,130.18,129.35,129.77,16324183
30/04/2019,129.81,130.7,129.39,130.6,24166503
01/05/2019,130.53,130.65,127.7,127.88,26821692
02/05/2019,127.98,128,125.52,126.21,27350161
03/05/2019,127.36,129.43,127.25,128.9,24911126
06/05/2019,126.39,128.56,126.11,128.15,24239464
07/05/2019,126.46,127.18,124.22,125.52,36017661
08/05/2019,125.44,126.37,124.75,125.51,28418996
09/05/2019,124.29,125.79,123.57,125.5,27235835
10/05/2019,124.91,127.93,123.82,127.13,30915084
13/05/2019,124.11,125.55,123.04,123.35,33944923
14/05/2019,123.87,125.88,123.7,124.73,25266315
15/05/2019,124.26,126.71,123.7,126.02,24722708
16/05/2019,126.75,129.38,126.46,128.93,30112216
17/05/2019,128.31,130.46,127.92,128.07,25770539
20/05/2019,126.52,127.59,125.76,126.22,23706934
21/05/2019,127.43,127.53,126.58,126.9,15293260
22/05/2019,126.62,128.24,126.52,127.67,15396485
23/05/2019,126.2,126.29,124.74,126.18,23603810
24/05/2019,126.91,127.42,125.97,126.24,14123358
28/05/2019,126.98,128,126.05,126.16,23128359
29/05/2019,125.38,125.39,124.04,124.94,22763140
30/05/2019,125.26,125.76,124.78,125.73,16829613
31/05/2019,124.23,124.62,123.32,123.68,26646769
03/06/2019,123.85,124.37,119.01,119.84,37983637
04/06/2019,121.28,123.28,120.65,123.16,29382642
05/06/2019,124.95,125.87,124.21,125.83,24926140
06/06/2019,126.44,127.97,125.6,127.82,21458961
07/06/2019,129.19,132.25,128.26,131.4,33885588
10/06/2019,132.4,134.08,132,132.6,26477098
11/06/2019,133.88,134.24,131.28,132.1,23913731
12/06/2019,131.4,131.97,130.71,131.49,17092464
13/06/2019,131.98,132.67,131.56,132.32,17200848
14/06/2019,132.26,133.79,131.64,132.45,17821703
17/06/2019,132.63,133.73,132.53,132.85,14517785
18/06/2019,134.19,135.24,133.57,135.16,25934458
19/06/2019,135,135.93,133.81,135.69,23744441
20/06/2019,137.45,137.66,135.72,136.95,33042592
21/06/2019,136.58,137.73,136.46,136.97,36727892
24/06/2019,137,138.4,137,137.78,20628841
25/06/2019,137.25,137.59,132.73,133.43,33327420
26/06/2019,134.35,135.74,133.6,133.93,23657745
27/06/2019,134.14,134.71,133.51,134.15,16557482
28/06/2019,134.57,134.6,133.16,133.96,30042969
01/07/2019,136.63,136.7,134.97,135.68,22654160
02/07/2019,136.12,136.59,135.34,136.58,15237843
03/07/2019,136.8,137.74,136.29,137.46,13629296
05/07/2019,135.94,137.33,135.72,137.06,18141140
08/07/2019,136.4,137.1,135.37,136.96,16779748
09/07/2019,136,136.97,135.8,136.46,19953097
10/07/2019,137.13,138.58,137.02,137.85,24204362
11/07/2019,138.2,139.22,137.87,138.4,22327942
12/07/2019,138.85,139.13,138.01,138.9,18936832
15/07/2019,139.44,139.54,138.46,138.9,16651457
16/07/2019,138.96,139.05,136.52,137.08,22726128
17/07/2019,137.7,137.93,136.22,136.27,20210956
18/07/2019,135.55,136.62,134.67,136.42,30808707
19/07/2019,140.22,140.67,136.45,136.62,48992364
22/07/2019,137.41,139.19,137.33,138.43,25080760
23/07/2019,139.76,139.99,138.03,139.29,18034589
24/07/2019,138.9,140.74,138.85,140.72,20738275
25/07/2019,140.43,140.61,139.32,140.19,18356883
26/07/2019,140.37,141.68,140.3,141.34,19037600
29/07/2019,141.5,141.51,139.37,141.03,16605870
30/07/2019,140.14,141.22,139.8,140.35,16846528
31/07/2019,140.33,140.49,135.08,136.27,38598786
01/08/2019,137,140.94,136.93,138.06,40557502
02/08/2019,138.09,138.32,135.26,136.9,30791624
05/08/2019,133.3,133.93,130.78,132.21,42749551
06/08/2019,133.8,135.68,133.21,134.69,32696651
07/08/2019,133.79,135.65,131.83,135.28,33414539
08/08/2019,136.6,138.99,135.93,138.89,27496508
09/08/2019,138.61,139.38,136.46,137.71,23466701
12/08/2019,137.07,137.86,135.24,135.79,20484348
13/08/2019,136.05,138.8,135,138.6,25496593
14/08/2019,136.36,136.92,133.67,133.98,32527251
15/08/2019,134.39,134.58,132.25,133.68,28125416
16/08/2019,134.88,136.46,134.72,136.13,25026151
19/08/2019,137.85,138.55,136.89,138.41,24370543
20/08/2019,138.21,138.71,137.24,137.26,21188998
21/08/2019,138.55,139.49,138,138.79,14982314
22/08/2019,138.66,139.2,136.29,137.78,18709662
23/08/2019,137.19,138.35,132.8,133.39,38515386
26/08/2019,134.99,135.56,133.9,135.45,20325271
27/08/2019,136.39,136.72,134.66,135.74,23115635
28/08/2019,134.88,135.76,133.55,135.56,17410828
29/08/2019,137.25,138.44,136.91,138.12,20179716
30/08/2019,139.15,139.18,136.27,137.86,23946123
03/09/2019,136.61,137.2,135.7,136.04,18880773
04/09/2019,137.3,137.69,136.48,137.63,18015310
05/09/2019,139.11,140.38,138.76,140.05,26119520
06/09/2019,140.03,140.18,138.2,139.1,20824504
09/09/2019,139.59,139.75,136.46,137.52,25773932
10/09/2019,136.8,136.89,134.51,136.08,28903378
11/09/2019,135.91,136.27,135.09,136.12,24726117
12/09/2019,137.85,138.42,136.87,137.52,27009981
13/09/2019,137.78,138.06,136.57,137.32,23363057
16/09/2019,135.83,136.7,135.66,136.33,16731440
17/09/2019,136.96,137.52,136.43,137.39,17976285
18/09/2019,137.36,138.67,136.53,138.52,24473386
19/09/2019,140.3,142.37,140.07,141.07,36095413
20/09/2019,141.01,141.65,138.25,139.44,40040766
23/09/2019,139.23,139.63,138.44,139.14,17408374
24/09/2019,140.36,140.69,136.88,137.38,30016670
25/09/2019,137.5,139.96,136.03,139.36,22544054
26/09/2019,139.44,140.18,138.44,139.54,17813512
27/09/2019,140.15,140.36,136.65,137.73,22498958
30/09/2019,138.05,139.22,137.78,139.03,18430390
01/10/2019,139.66,140.25,137,137.07,22581929
02/10/2019,136.25,136.37,133.58,134.65,32001763
03/10/2019,134.95,136.75,133.22,136.28,26379798
04/10/2019,136.75,138.25,136.42,138.12,23839548
07/10/2019,137.14,138.18,137.02,137.12,16601284
08/10/2019,137.08,137.76,135.62,135.67,26783336
09/10/2019,137.46,138.7,136.97,138.24,20178482
10/10/2019,138.49,139.67,138.25,139.1,18396605
11/10/2019,140.12,141.03,139.5,139.68,25551065
14/10/2019,139.69,140.29,139.52,139.55,13591639
15/10/2019,140.06,141.79,139.81,141.57,19917762
16/10/2019,140.79,140.99,139.53,140.41,20841687
17/10/2019,140.95,141.42,139.02,139.69,22102797
18/10/2019,139.76,140,136.56,137.41,32284428
21/10/2019,138.45,138.5,137.01,138.43,20716039
22/10/2019,138.97,140.01,136.26,136.37,27935270
23/10/2019,136.88,137.45,135.61,137.24,31380309
24/10/2019,139.39,140.42,138.67,139.94,37278399
25/10/2019,139.34,141.14,139.2,140.73,25959724
28/10/2019,144.4,145.67,143.51,144.19,35280137
29/10/2019,144.08,144.5,142.65,142.83,20589469
30/10/2019,143.52,145,142.79,144.61,18496591
31/10/2019,144.9,144.93,142.99,143.37,24605135
01/11/2019,144.26,144.42,142.97,143.72,33128366
04/11/2019,144.83,145,144.16,144.55,16911999
05/11/2019,144.97,145.02,143.91,144.46,18250172
06/11/2019,144.37,144.52,143.2,144.06,16575798
07/11/2019,143.84,144.88,143.77,144.26,17786715
08/11/2019,143.98,145.99,143.76,145.96,16752939
11/11/2019,145.34,146.42,144.73,146.11,14370178
12/11/2019,146.28,147.57,146.06,147.07,18648712
13/11/2019,146.74,147.46,146.28,147.31,17444230
14/11/2019,147.02,148.41,147,148.06,19755100
15/11/2019,148.93,149.99,148.27,149.97,23508807
18/11/2019,150.07,150.55,148.98,150.34,21554762
19/11/2019,150.88,151.33,150.2,150.39,23960164
20/11/2019,150.31,150.84,148.46,149.62,25720060
21/11/2019,149.4,149.8,148.5,149.48,18576083
22/11/2019,150.07,150.3,148.82,149.59,15841680
25/11/2019,150,151.35,149.92,151.23,22428585
26/11/2019,151.36,152.42,151.32,152.03,24635100
27/11/2019,152.33,152.5,151.52,152.32,15201293
29/11/2019,152.1,152.3,151.28,151.38,11977300
02/12/2019,151.81,151.83,148.32,149.55,27473616
03/12/2019,147.49,149.43,146.65,149.31,25192145
04/12/2019,150.14,150.18,149.2,149.85,17580617
05/12/2019,150.05,150.32,149.48,149.93,17880601
06/12/2019,150.99,151.87,150.27,151.75,16410400
09/12/2019,150.99,151.87,150.27,151.75,101612
10/12/2019,151.29,151.89,150.76,151.13,16481060
11/12/2019,151.54,151.87,150.33,151.7,18860001
12/12/2019,151.65,153.44,151.02,153.24,24645366
13/12/2019,153,154.89,152.83,154.53,23850062
16/12/2019,155.11,155.9,154.82,155.53,24152770
17/12/2019,155.45,155.71,154.45,154.69,25443527
18/12/2019,154.3,155.48,154.18,154.37,24130046
19/12/2019,154,155.77,153.75,155.71,25813825
20/12/2019,157.35,158.49,156.29,157.41,53599613
23/12/2019,158.12,158.12,157.27,157.41,17726283
24/12/2019,157.48,157.71,157.12,157.38,8989150
26/12/2019,157.56,158.73,157.4,158.67,14526927
27/12/2019,159.45,159.55,158.22,158.96,18414352
30/12/2019,158.99,159.02,156.73,157.59,16356720
31/12/2019,156.77,157.77,156.45,157.7,18393383
02/01/2020,158.78,160.73,158.33,160.62,22634546
03/01/2020,158.32,159.95,158.06,158.62,21121681
06/01/2020,157.08,159.1,156.51,159.03,20826702
07/01/2020,159.32,159.67,157.32,157.58,21881740
08/01/2020,158.93,160.8,157.95,160.09,27762026
09/01/2020,161.84,162.22,161.03,162.09,21399951
10/01/2020,162.82,163.22,161.18,161.34,20733946
13/01/2020,161.76,163.31,161.26,163.28,21637007
14/01/2020,163.39,163.6,161.72,162.13,23500783
15/01/2020,162.62,163.94,162.57,163.18,21417871
16/01/2020,164.35,166.24,164.03,166.17,23865360
17/01/2020,167.42,167.47,165.43,167.1,34371659
21/01/2020,166.68,168.19,166.43,166.5,29517191
22/01/2020,167.4,167.49,165.68,165.7,24138777
23/01/2020,166.19,166.8,165.27,166.72,19680766
24/01/2020,167.51,167.53,164.45,165.04,24918117
27/01/2020,161.15,163.38,160.2,162.28,32078067
28/01/2020,163.78,165.76,163.07,165.46,24899940
29/01/2020,167.84,168.75,165.69,168.04,35127771
30/01/2020,174.05,174.05,170.79,172.78,51597470
31/01/2020,172.21,172.4,169.58,170.23,36142690
03/02/2020,170.43,174.5,170.4,174.38,30149052
04/02/2020,177.14,180.64,176.31,180.12,36433339
05/02/2020,184.03,184.2,178.41,179.9,39186324
06/02/2020,180.97,183.82,180.06,183.63,27751381
07/02/2020,182.85,185.63,182.48,183.89,33529074
10/02/2020,183.58,188.84,183.25,188.7,35844267
11/02/2020,190.65,190.7,183.5,184.44,53159906
12/02/2020,185.58,185.85,181.85,184.71,47062921
13/02/2020,183.08,186.23,182.87,183.71,35295834
14/02/2020,183.25,185.41,182.65,185.35,23149516
18/02/2020,185.61,187.7,185.5,187.23,27853113
19/02/2020,188.06,188.18,186.47,187.28,29997471
20/02/2020,186.95,187.25,181.1,184.42,36862376
21/02/2020,183.17,183.5,177.25,178.59,48600385
24/02/2020,167.77,174.55,163.23,170.89,68311066
25/02/2020,174.2,174.84,167.65,168.07,68073295
26/02/2020,169.71,173.26,168.21,170.17,56387148
27/02/2020,163.32,167.03,157.98,158.18,93174906
28/02/2020,152.41,163.71,152,162.01,97073557
02/03/2020,165.31,172.92,162.31,172.79,71030810
03/03/2020,173.8,175,162.26,164.51,71677019
04/03/2020,168.49,170.7,165.62,170.55,49814383
05/03/2020,166.05,170.87,165.69,166.27,47817251
06/03/2020,162.61,163.11,156,161.57,72821057
09/03/2020,151,157.75,150,150.62,70419274
10/03/2020,158.16,161.03,152.58,160.92,65354385
11/03/2020,157.13,157.7,151.15,153.63,56504304
12/03/2020,145.3,153.47,138.58,139.06,93226366
13/03/2020,147.5,161.91,140.73,158.83,92727446
16/03/2020,140,149.35,135,135.42,87905868
17/03/2020,140,147.5,135,146.57,81059817
18/03/2020,138,146,135.02,140.4,81593173
19/03/2020,142.77,150.15,139,142.71,85922661
20/03/2020,146,147.1,135.86,137.35,84866215
23/03/2020,137.01,140.57,132.52,135.98,78975176
24/03/2020,143.75,149.6,141.27,148.34,82516727
25/03/2020,148.91,154.33,144.44,146.92,75638224
26/03/2020,148.4,156.66,148.37,156.11,64694427
27/03/2020,151.75,154.89,149.2,149.7,57042291
30/03/2020,152.44,160.6,150.01,160.23,63420326
31/03/2020,159.4,164.78,156.56,157.71,77927186
01/04/2020,153,157.75,150.82,152.11,57969926
02/04/2020,151.86,155.48,150.36,155.26,49630735
03/04/2020,155.1,157.38,152.19,153.83,41243284
06/04/2020,160.32,166.5,157.58,165.27,67111697
07/04/2020,169.59,170,163.26,163.49,62769038
08/04/2020,165.67,166.67,163.5,165.13,48318234
09/04/2020,166.36,167.37,163.33,165.14,51431775
13/04/2020,164.35,165.57,162.3,165.51,41905264
14/04/2020,169,173.75,168,173.7,52874338
15/04/2020,171.2,173.57,169.24,171.88,40940833
16/04/2020,174.3,177.28,172.9,177.04,50479610
17/04/2020,179.5,180,175.87,178.6,52765625
20/04/2020,176.63,178.75,174.99,175.06,36669595
21/04/2020,173.5,173.67,166.11,167.82,56203749
22/04/2020,171.39,174,170.82,173.52,34651604
23/04/2020,174.11,175.06,170.91,171.42,32790804
24/04/2020,172.06,174.56,170.71,174.55,34305320
27/04/2020,176.59,176.9,173.3,174.05,33194384
28/04/2020,175.59,175.67,169.39,169.81,34392694
29/04/2020,173.22,177.68,171.88,177.43,51286559
30/04/2020,180,180.4,176.23,179.21,53875857
01/05/2020,175.8,178.64,174.01,174.57,39370474
04/05/2020,174.49,179,173.8,178.84,30372862
05/05/2020,180.62,183.65,179.9,180.76,36839168
06/05/2020,182.08,184.2,181.63,182.54,32139299
07/05/2020,184.17,184.55,182.58,183.6,28315992
08/05/2020,184.98,185,183.36,184.68,30912638
11/05/2020,183.15,187.51,182.85,186.74,30892660
12/05/2020,186.8,187.04,182.3,182.51,32038199
13/05/2020,182.55,184.05,176.54,179.75,44711488
14/05/2020,177.54,180.69,175.68,180.53,41873911
15/05/2020,179.06,187.06,177,183.16,46610382
18/05/2020,185.75,186.2,183.96,184.91,35306620
19/05/2020,185.03,186.6,183.49,183.63,26799116
20/05/2020,184.81,185.85,183.94,185.66,31261334
21/05/2020,185.4,186.67,183.29,183.43,29119513
22/05/2020,183.19,184.46,182.54,183.51,20826898
26/05/2020,186.34,186.5,181.1,181.57,36073609
27/05/2020,180.2,181.99,176.6,181.81,39517146
28/05/2020,180.74,184.15,180.38,181.4,33831824
29/05/2020,182.73,184.27,180.41,183.25,42146720
01/06/2020,182.54,183,181.46,182.83,22668821
02/06/2020,184.25,185,181.35,184.91,30794585
03/06/2020,184.82,185.94,183.58,185.36,27311016
04/06/2020,184.3,185.84,182.3,182.92,28761809
05/06/2020,182.62,187.73,182.01,187.2,39893643
08/06/2020,185.94,188.55,184.44,188.36,33211590
09/06/2020,188,190.7,187.26,189.8,29783916
10/06/2020,191.13,198.52,191.01,196.84,43872329
11/06/2020,193.13,195.76,186.07,186.27,52854672
12/06/2020,190.54,191.72,185.18,187.74,43373587
15/06/2020,184.58,190.82,184.01,188.94,32770189
16/06/2020,192.89,195.58,191.46,193.57,42556656
17/06/2020,195.03,196.32,193.69,194.24,25687822
18/06/2020,194,196.49,194,196.32,23061648
19/06/2020,198.59,199.29,194.37,195.15,44441141
22/06/2020,195.79,200.76,195.23,200.57,32818929
23/06/2020,202.09,203.95,201.43,201.91,30917447
24/06/2020,201.6,203.25,196.56,197.84,36740647
25/06/2020,197.8,200.61,195.47,200.34,27803933
26/06/2020,199.73,199.89,194.88,196.33,54675780
29/06/2020,195.78,198.53,193.55,198.44,26701586
30/06/2020,197.88,204.4,197.74,203.51,34310283
01/07/2020,203.14,206.35,201.77,204.7,32061206
02/07/2020,205.68,208.02,205,206.26,29315762
06/07/2020,208.83,211.13,208.09,210.7,31897629
07/07/2020,210.45,214.67,207.99,208.25,33600732
08/07/2020,210.07,213.26,208.69,212.83,33600025
09/07/2020,216.33,216.38,211.47,214.32,33121681
10/07/2020,213.62,214.08,211.08,213.67,26177633
13/07/2020,214.48,215.8,206.5,207.07,38135606
14/07/2020,206.13,208.85,202.03,208.35,37591820
15/07/2020,209.56,211.33,205.03,208.04,32179409
16/07/2020,205.4,205.7,202.31,203.92,29940653
17/07/2020,204.47,205.04,201.39,202.88,31635281
20/07/2020,205,212.3,203.01,211.6,36884836
21/07/2020,213.66,213.94,208.03,208.75,38105777
22/07/2020,209.2,212.3,208.39,211.75,49605692
23/07/2020,207.19,210.92,202.15,202.54,67457035
24/07/2020,200.42,202.86,197.51,201.3,39826989
27/07/2020,201.47,203.97,200.86,203.85,30160867
28/07/2020,203.61,204.7,201.74,202.02,23251388
29/07/2020,202.5,204.65,202.01,204.06,19632602
30/07/2020,201,204.46,199.57,203.9,25079596
31/07/2020,204.4,205.1,199.01,205.01,51247969
03/08/2020,211.52,217.64,210.44,216.54,78983009
04/08/2020,214.17,214.77,210.31,213.29,49280056
05/08/2020,214.9,215,211.57,212.94,28858621
06/08/2020,212.34,216.37,211.55,216.35,32656843
07/08/2020,214.85,215.7,210.93,212.48,27820421
10/08/2020,211.67,211.88,206.35,208.25,36716462
11/08/2020,207.16,207.65,203.14,203.38,36446459
12/08/2020,205.29,210.28,204.75,209.19,28041364
13/08/2020,209.44,211.35,208.15,208.7,22588870
14/08/2020,208.76,209.59,207.51,208.9,17958936
17/08/2020,209.6,211.19,208.92,210.28,20184757
18/08/2020,210.53,212.36,209.21,211.49,21336167
19/08/2020,211.49,212.1,209.25,209.7,27627561
20/08/2020,209.54,215,208.91,214.58,26981478
21/08/2020,213.86,216.25,212.85,213.02,36249319
24/08/2020,214.79,215.52,212.43,213.69,25460147
25/08/2020,213.1,216.61,213.1,216.47,23043696
26/08/2020,217.88,222.09,217.36,221.15,39600828
27/08/2020,222.89,231.15,219.4,226.58,57602195
28/08/2020,228.18,230.64,226.58,228.91,26292896
31/08/2020,227,228.7,224.31,225.53,28774156
01/09/2020,225.51,227.45,224.43,227.27,25791235
02/09/2020,227.97,232.86,227.35,231.65,34080839
03/09/2020,229.27,229.31,214.96,217.3,58400288
04/09/2020,215.1,218.36,205.19,214.25,59664072
08/09/2020,206.5,210.03,202.2,202.66,52924330
09/09/2020,207.6,214.84,206.7,211.29,45678986
10/09/2020,213.4,214.74,204.11,205.37,35461514
11/09/2020,207.2,208.63,201.24,204.03,33620073
14/09/2020,204.24,209.2,204.03,205.41,30375768
15/09/2020,208.42,209.78,206.93,208.78,21823942
16/09/2020,210.62,210.65,204.64,205.05,26372464
17/09/2020,200.05,204.33,199.96,202.91,34011257
18/09/2020,202.8,203.65,196.25,200.39,55225326
21/09/2020,197.19,202.71,196.38,202.54,39839657
22/09/2020,205.06,208.1,202.08,207.42,33517065
23/09/2020,207.9,208.1,200.03,200.59,30803780
24/09/2020,199.85,205.57,199.2,203.19,31202493
25/09/2020,203.55,209.04,202.54,207.82,29437312
28/09/2020,210.88,212.57,208.06,209.44,32004936
29/09/2020,209.35,210.07,206.81,207.26,24464472
30/09/2020,207.73,211.98,206.54,210.33,33829088
01/10/2020,213.49,213.99,211.32,212.46,27158418
02/10/2020,208,210.99,205.54,206.19,33154781
05/10/2020,207.22,210.41,206.98,210.38,21331561
06/10/2020,208.82,210.18,204.82,205.91,28554261
07/10/2020,207.06,210.11,206.72,209.83,25681054
08/10/2020,210.51,211.19,208.32,210.58,19925837
09/10/2020,211.23,215.86,211.23,215.81,26458047
12/10/2020,218.79,223.86,216.81,221.4,40461368
13/10/2020,222.72,225.21,220.43,222.86,28950843
14/10/2020,223,224.22,219.13,220.86,23451713
15/10/2020,217.1,220.36,216.01,219.66,22733064
16/10/2020,220.15,222.29,219.32,219.66,26057882
19/10/2020,220.42,222.3,213.72,214.22,27625841
20/10/2020,215.8,217.37,213.09,214.65,22753511
21/10/2020,213.12,216.92,213.12,214.8,22724906
22/10/2020,213.93,216.06,211.7,214.89,22351450
23/10/2020,215.03,216.28,213.16,216.23,18879608
26/10/2020,213.85,216.34,208.1,210.08,37111561
27/10/2020,211.59,214.67,210.33,213.25,36700325
28/10/2020,207.67,208.84,202.1,202.68,51195593
29/10/2020,204.07,207.36,203.37,204.72,31432563
30/10/2020,203.5,204.29,199.62,202.47,36980111
02/11/2020,204.29,205.28,200.12,202.33,30842163
03/11/2020,203.89,208.12,203.12,206.43,27512030
04/11/2020,214.02,218.32,212.42,216.39,42311777
05/11/2020,222.04,224.12,221.15,223.29,36080137
06/11/2020,222.26,224.36,218.03,223.72,25231895
09/11/2020,224.44,228.12,217.88,218.39,44394950
10/11/2020,214.5,216.5,209.72,211.01,44045120
11/11/2020,212.39,218.04,212.2,216.55,29440788
12/11/2020,217.21,219.11,214.46,215.44,21616115
13/11/2020,216.36,217.42,214.16,216.51,18630307
16/11/2020,214.87,217.74,214.52,217.23,24953344
17/11/2020,216.1,217.68,214.08,214.46,24154112
18/11/2020,213.65,215.17,210.93,211.08,28372789
19/11/2020,211.38,213.03,209.93,212.42,24792746
20/11/2020,212.2,213.29,210,210.39,22843119
23/11/2020,210.95,212.29,208.16,210.11,25683507
24/11/2020,209.59,214.25,208.86,213.86,33979731
25/11/2020,215.11,215.29,212.46,213.87,21012887
27/11/2020,214.85,216.27,214.04,215.23,14512213
30/11/2020,214.1,214.76,210.84,214.07,33064753
01/12/2020,214.51,217.32,213.35,216.21,30931318
02/12/2020,214.88,215.47,212.8,215.37,23724509
03/12/2020,214.61,216.38,213.65,214.24,25120922
04/12/2020,214.22,215.38,213.18,214.36,24666039
07/12/2020,214.37,215.54,212.99,214.29,24619997
08/12/2020,213.97,216.95,212.89,216.01,23284094
09/12/2020,215.16,215.23,211.21,211.8,32440603
10/12/2020,211.77,213.08,210.36,210.52,26467017
11/12/2020,210.05,213.32,209.11,213.26,30979440
14/12/2020,213.1,216.21,212.88,214.2,28798379
15/12/2020,215.17,215.42,212.24,214.13,27018106
16/12/2020,214.75,220.11,214.72,219.28,35023253
17/12/2020,219.87,220.89,217.92,219.42,32515784
18/12/2020,218.59,219.69,216.02,218.59,63354922
21/12/2020,217.55,224,217.28,222.59,37181886
22/12/2020,222.69,225.63,221.85,223.94,22643397
23/12/2020,223.11,223.56,220.8,221.02,18699638
24/12/2020,221.42,223.61,221.2,222.75,10550572
28/12/2020,224.45,226.03,223.02,224.96,17933496
29/12/2020,226.31,227.18,223.58,224.15,17403213
30/12/2020,225.23,225.63,221.47,221.68,20272337
31/12/2020,221.7,223,219.68,222.42,20942132
04/01/2021,222.53,223,214.81,217.69,37130139
05/01/2021,217.26,218.52,215.7,217.9,23822953
06/01/2021,212.17,216.49,211.94,212.25,35930653
07/01/2021,214.04,219.34,213.71,218.29,27694480
08/01/2021,218.68,220.58,217.03,219.62,22956206
11/01/2021,218.47,218.91,216.73,217.49,23047029
12/01/2021,216.5,217.1,213.32,214.93,23249336
13/01/2021,214.02,216.76,213.93,216.34,20087080
14/01/2021,215.91,217.46,212.74,213.02,29346737
15/01/2021,213.52,214.51,212.03,212.65,31746512
19/01/2021,213.75,216.98,212.63,216.44,30480859
20/01/2021,217.7,225.79,217.29,224.34,37777260
21/01/2021,224.7,226.3,222.42,224.97,30749553
22/01/2021,227.08,230.07,225.8,225.95,30172663
25/01/2021,229.12,229.78,224.22,229.53,33152095
26/01/2021,231.86,234.18,230.08,232.33,49169601
27/01/2021,238,240.44,230.14,232.9,69870638
28/01/2021,235.61,242.64,235.09,238.93,49111159
29/01/2021,235.99,238.02,231.35,231.96,42503138
01/02/2021,235.06,242.5,232.43,239.65,33314193
02/02/2021,241.3,242.31,238.69,239.51,25916337
03/02/2021,239.57,245.09,239.26,243,27158104
04/02/2021,242.66,243.24,240.37,242.01,25296100
05/02/2021,242.23,243.28,240.42,242.2,18054752
08/02/2021,243.15,243.68,240.81,242.47,22211929
09/02/2021,241.87,244.76,241.38,243.77,23564953
10/02/2021,245,245.92,240.89,242.82,22186706
11/02/2021,244.78,245.15,242.15,244.49,15751059
12/02/2021,243.93,245.3,242.73,244.99,16561079
16/02/2021,245.03,246.13,242.92,243.7,26728490
17/02/2021,241.32,244.31,240.94,244.2,21673109
18/02/2021,241.8,243.93,240.86,243.79,16925563
19/02/2021,243.75,243.86,240.18,240.97,25262600
22/02/2021,237.42,237.93,232.4,234.51,36446936
23/02/2021,230.33,234.83,228.73,233.27,30228704
24/02/2021,230.01,235.2,229,234.55,26339746
25/02/2021,232.08,234.59,227.88,228.99,39542235
26/02/2021,231.53,235.37,229.54,232.38,37819227
01/03/2021,235.9,237.47,233.15,236.94,25332837
02/03/2021,237.01,237.3,233.45,233.87,22812459
03/03/2021,232.16,233.58,227.26,227.56,34029526
04/03/2021,226.74,232.49,224.26,226.73,44727785
05/03/2021,229.52,233.27,226.46,231.6,41872770
08/03/2021,231.37,233.37,227.13,227.39,35267440
09/03/2021,232.88,235.38,231.67,233.78,33080531
10/03/2021,237,237,232.04,232.42,29746812
11/03/2021,234.96,239.17,234.31,237.13,29907586
12/03/2021,234.01,235.82,233.23,235.75,22653662
15/03/2021,234.96,235.19,231.81,234.81,26042669
16/03/2021,236.28,240.06,235.94,237.71,28092196
17/03/2021,236.15,238.55,233.23,237.04,29562100
18/03/2021,232.56,234.19,230.33,230.72,34852251
19/03/2021,231.02,232.47,229.35,230.35,46430730
22/03/2021,230.27,236.9,230.14,235.99,30127005
23/03/2021,237.49,241.05,237.07,237.58,31638376
24/03/2021,237.85,238,235.32,235.46,25620127
25/03/2021,235.3,236.94,231.57,232.34,34061853
26/03/2021,231.55,236.71,231.55,236.48,25479853
29/03/2021,236.59,236.8,231.88,235.24,25227455
30/03/2021,233.53,233.85,231.1,231.85,24792012
31/03/2021,232.91,239.1,232.39,235.77,43623471
01/04/2021,238.47,242.84,238.05,242.35,30337982
05/04/2021,242.76,249.96,242.7,249.07,36910609
06/04/2021,247.61,249.4,246.88,247.86,22931923
07/04/2021,247.81,250.93,247.19,249.9,22719835
08/04/2021,252.77,254.14,252,253.25,23625197
09/04/2021,252.87,255.99,252.44,255.85,24326833
12/04/2021,254.71,257.67,254.62,255.91,27148668
13/04/2021,257.26,259.19,256.83,258.49,23837469
14/04/2021,257.48,258.83,255.16,255.59,23070938
15/04/2021,257.93,259.93,257.73,259.5,25627481
16/04/2021,259.47,261,257.6,260.74,24878582
19/04/2021,260.19,261.48,257.82,258.74,23209260
20/04/2021,257.82,260.2,256.84,258.26,19722875
21/04/2021,258.94,260.68,257.25,260.58,24030383
22/04/2021,260.21,261.78,255.64,257.17,25606152
23/04/2021,257.88,261.51,257.27,261.15,21499286
26/04/2021,261.66,262.44,260.17,261.55,19763346
27/04/2021,261.58,263.19,260.12,261.97,31014213
28/04/2021,256.08,256.54,252.95,254.56,46903119
29/04/2021,255.46,256.1,249,252.51,40589023
30/04/2021,249.74,253.08,249.6,252.18,30945098
03/05/2021,253.4,254.35,251.12,251.86,19626568
04/05/2021,250.97,251.21,245.76,247.79,32756052
05/05/2021,249.06,249.5,245.82,246.47,21901325
06/05/2021,246.45,249.86,244.69,249.73,26491085
07/05/2021,252.15,254.3,251.17,252.46,27032912
10/05/2021,250.87,251.73,247.12,247.18,29299890
11/05/2021,244.55,246.6,242.57,246.23,33641589
12/05/2021,242.17,244.38,238.07,239,36684370
13/05/2021,241.8,245.6,241.42,243.03,29624298
14/05/2021,245.58,249.18,245.49,248.15,23901081
17/05/2021,246.55,246.59,243.52,245.18,24970168
18/05/2021,246.27,246.41,242.9,243.08,20167975
19/05/2021,239.31,243.23,238.6,243.12,25739807
20/05/2021,243.96,247.95,243.86,246.48,21800716
21/05/2021,247.57,248.33,244.74,245.17,21863058
24/05/2021,247.79,251.16,247.51,250.78,21411547
25/05/2021,251.77,252.75,250.82,251.72,17704303
26/05/2021,251.43,252.94,250.75,251.49,17771600
27/05/2021,251.17,251.48,249.25,249.31,24426244
28/05/2021,251,252.08,249.56,249.68,18274942
01/06/2021,251.23,251.29,246.96,247.4,23213310
02/06/2021,248.13,249.27,245.84,247.3,19406705
03/06/2021,245.22,246.34,243,245.71,25307711
04/06/2021,247.76,251.65,247.51,250.79,25281094
07/06/2021,249.98,254.09,249.81,253.81,23079167
08/06/2021,255.16,256.01,252.51,252.57,22454998
09/06/2021,253.81,255.53,253.21,253.59,17937634
10/06/2021,254.29,257.46,253.67,257.24,24563619
11/06/2021,257.99,258.49,256.61,257.89,18999731
14/06/2021,257.9,259.95,256.8,259.89,19150507
15/06/2021,259.77,259.99,257.68,258.36,18038931
16/06/2021,259.4,260.58,254.42,257.38,27219956
17/06/2021,256.07,261.75,256.01,260.9,27565537
18/06/2021,259.63,262.3,258.75,259.43,37202217
21/06/2021,259.82,263.52,257.92,262.63,26696119
22/06/2021,262.72,265.79,262.4,265.51,24694090
23/06/2021,265.99,266.83,264.43,265.27,19518681
24/06/2021,266.16,267.85,265.47,266.69,21446867
25/06/2021,266.23,267.25,264.76,265.02,25611113
28/06/2021,266.19,268.9,265.91,268.72,19590024
29/06/2021,268.87,271.65,267.98,271.4,19937811
30/06/2021,270.69,271.36,269.6,270.9,21656457
01/07/2021,269.61,271.84,269.6,271.6,16725323
02/07/2021,272.82,278,272.5,277.65,26474408
06/07/2021,278.03,279.37,274.3,277.66,31565560
07/07/2021,279.4,280.69,277.15,279.93,23260031
08/07/2021,276.9,278.73,274.87,277.42,24618591
09/07/2021,275.72,278.05,275.32,277.94,23916665
12/07/2021,279.16,279.77,276.58,277.32,18931695
13/07/2021,277.52,282.85,277.39,280.98,26120128
14/07/2021,282.35,283.66,280.55,282.51,23113662
15/07/2021,282,282.51,279.83,281.03,22604227
16/07/2021,282.07,284.1,279.46,280.75,26186848
19/07/2021,278.93,280.37,274.45,277.01,32935634
20/07/2021,278.03,280.97,276.26,279.32,26259741
21/07/2021,278.9,281.52,277.29,281.4,24364320
22/07/2021,283.84,286.42,283.42,286.14,23384059
23/07/2021,287.37,289.99,286.5,289.67,22768071
26/07/2021,289,289.69,286.64,289.05,23176073
27/07/2021,289.43,289.58,282.95,286.54,33604073
28/07/2021,288.99,290.15,283.83,286.22,33566853
29/07/2021,286.24,288.62,286.08,286.5,18168294
30/07/2021,285.17,286.66,283.91,284.91,20944846
02/08/2021,286.36,286.77,283.74,284.82,16267357
03/08/2021,285.42,287.23,284,287.12,17879048
04/08/2021,286.22,287.59,284.65,286.51,16191301
05/08/2021,286.88,289.63,286.1,289.52,13900167
06/08/2021,288.51,289.5,287.62,289.46,16589336
09/08/2021,289.75,291.55,287.81,288.33,16117629
10/08/2021,288.8,289.25,285.2,286.44,18616578
11/08/2021,287.21,288.66,285.86,286.95,13955934
12/08/2021,286.63,289.97,286.34,289.81,14570391
13/08/2021,289.48,292.9,289.3,292.85,18249046
16/08/2021,293.19,294.82,290.02,294.6,22516027
17/08/2021,292.39,293.43,291.08,293.08,20075250
18/08/2021,292.04,294.82,290.27,290.73,21812985
19/08/2021,288.69,297.47,288.64,296.77,29850461
20/08/2021,299.72,305.84,298.06,304.36,40817646
23/08/2021,303.25,305.4,301.85,304.65,22830157
24/08/2021,305.02,305.65,302,302.62,18175774
25/08/2021,304.3,304.59,300.42,302.01,20006057
26/08/2021,300.99,302.43,298.95,299.09,17666084
27/08/2021,298.99,300.87,296.83,299.72,22605726
30/08/2021,301.12,304.22,301.06,303.59,16348072
31/08/2021,304.42,304.5,301.5,301.88,26285338
01/09/2021,302.87,305.19,301.49,301.83,18983826
02/09/2021,302.2,303.36,300.18,301.15,16290545
03/09/2021,300.99,302.6,300.26,301.14,14751610
07/09/2021,301.01,301.09,298.2,300.18,17184083
08/09/2021,299.78,300.61,297.47,300.21,15046819
09/09/2021,300.82,302.14,297,297.25,19927000
10/09/2021,298.42,299.92,295.38,295.71,19633363
13/09/2021,297.55,298.54,294.08,296.99,23652949
14/09/2021,299.56,301.39,298.1,299.79,21853433
15/09/2021,303.26,305.32,301.82,304.82,28356304
16/09/2021,303.76,305.31,300.76,305.22,19550815
17/09/2021,304.17,304.5,299.53,299.87,41372457
20/09/2021,296.33,298.72,289.52,294.3,38278661
21/09/2021,295.69,297.54,294.07,294.8,22364103
22/09/2021,296.73,300.22,294.51,298.58,26626342
23/09/2021,298.85,300.9,297.53,299.56,18604601
24/09/2021,298.23,299.8,296.93,299.35,14998978
27/09/2021,296.14,296.47,292.94,294.17,23571742
28/09/2021,289.8,290.78,282.75,283.52,43186237
29/09/2021,285.1,286.77,283.01,284,26353696
30/09/2021,285.71,287.83,281.62,281.92,32343635
01/10/2021,282.12,289.98,281.29,289.1,30086280
04/10/2021,287.4,287.75,280.25,283.11,31350747
05/10/2021,284.05,290.4,284.05,288.76,24993024
06/10/2021,285.78,293.63,285.51,293.11,28002559
07/10/2021,295.18,296.64,293.92,294.85,20430471
08/10/2021,296.22,296.64,293.76,294.85,17685700
11/10/2021,292.92,297.97,292.75,294.23,19298634
12/10/2021,295.34,295.44,292.35,292.88,17974143
13/10/2021,294.91,297.28,293.49,296.31,23424025
14/10/2021,299.21,303.27,297.83,302.75,27262902
15/10/2021,302.34,304.45,300.52,304.21,25384803
18/10/2021,303.57,308.21,302.69,307.29,22729297
19/10/2021,308.35,309.3,307.22,308.23,17682139
20/10/2021,309.21,309.7,306.11,307.41,16537069
21/10/2021,307.17,311.02,306.36,310.76,16918100
22/10/2021,310.4,311.09,307.8,309.16,17449332
25/10/2021,309.36,309.4,306.46,308.13,17554469
26/10/2021,311,312.4,308.6,310.11,28107349
27/10/2021,316,326.1,316,323.17,52588690
28/10/2021,324.33,324.87,321.36,324.35,26297943
29/10/2021,324.13,332,323.9,331.62,34765982
01/11/2021,331.36,331.49,326.37,329.37,27073182
02/11/2021,330.31,333.45,330,333.13,26487109
03/11/2021,333.9,334.9,330.65,334,21500082
04/11/2021,332.89,336.54,329.51,336.44,23992202
05/11/2021,338.51,338.79,334.42,336.06,22570098
08/11/2021,337.3,337.65,334.44,336.99,20897001
09/11/2021,337.11,338.72,334.53,335.95,21307370
10/11/2021,334.57,334.63,329.92,330.8,25500938
11/11/2021,331.25,333.77,330.51,332.43,16849844
12/11/2021,333.92,337.23,333.79,336.72,23831049
15/11/2021,337.54,337.88,334.03,336.07,16723009
16/11/2021,335.68,340.67,335.51,339.51,20886832
17/11/2021,338.94,342.19,338,339.12,19053380
18/11/2021,338.18,342.45,337.12,341.27,22463533
19/11/2021,342.64,345.1,342.2,343.11,21963403
22/11/2021,344.62,349.67,339.55,339.83,31031113
23/11/2021,337.05,339.45,333.56,337.68,30427563
24/11/2021,336.28,338.16,333.91,337.91,21661307
26/11/2021,334.35,337.93,328.12,329.68,24217242
29/11/2021,334.94,339.03,334.74,336.63,28563481
30/11/2021,335.32,337.78,328.99,330.59,42885609
01/12/2021,335.13,339.28,329.39,330.08,33401146
02/12/2021,330.3,333.49,327.8,329.49,30765980
03/12/2021,331.99,332.7,318.03,323.01,41779279
06/12/2021,323.95,327.45,319.23,326.19,30032556
07/12/2021,331.64,335.8,330.1,334.92,31021936
08/12/2021,335.31,335.5,330.8,334.97,24760988
09/12/2021,334.41,336.49,332.12,333.1,22214158
10/12/2021,334.98,343,334.79,342.54,38095694
13/12/2021,340.68,343.79,339.08,339.4,28899431
14/12/2021,333.22,334.64,324.11,328.34,44438699
15/12/2021,328.61,335.19,324.5,334.65,35381122
16/12/2021,335.71,336.76,323.02,324.9,35034831
17/12/2021,320.88,324.92,317.25,323.8,47983713
20/12/2021,320.05,322.8,317.57,319.91,28326532
21/12/2021,323.29,327.73,319.8,327.29,24740597
22/12/2021,328.3,333.61,325.75,333.2,24831493
23/12/2021,332.75,336.39,332.73,334.69,19617848
27/12/2021,335.46,342.48,335.43,342.45,19947029
28/12/2021,343.15,343.81,340.32,341.25,15661467
29/12/2021,341.3,344.3,339.68,341.95,15041956
30/12/2021,341.91,343.13,338.82,339.32,15994471
31/12/2021,338.51,339.36,335.85,336.32,18000797
03/01/2022,335.35,338,329.78,334.75,28918013
04/01/2022,334.83,335.2,326.12,329.01,32674306
05/01/2022,325.86,326.07,315.98,316.38,40054327
06/01/2022,313.15,318.7,311.49,313.88,39646148
07/01/2022,314.15,316.5,310.09,314.04,32720018
10/01/2022,309.49,314.72,304.69,314.27,44289467
11/01/2022,313.38,316.61,309.89,314.98,29386774
12/01/2022,319.67,323.41,317.08,318.27,34372217
13/01/2022,320.47,320.88,304,304.8,45365979
14/01/2022,304.25,310.82,303.75,310.2,39846414
18/01/2022,304.07,309.8,301.74,302.65,42434112
19/01/2022,306.29,313.91,302.7,303.33,45933855
20/01/2022,309.07,311.65,301.14,301.6,35380675
21/01/2022,302.69,304.11,295.61,296.03,57984403
24/01/2022,292.2,297.11,276.05,296.37,86035393
25/01/2022,291.52,294.99,285.17,288.49,72848638
26/01/2022,307.99,308.5,293.03,296.71,90428853
27/01/2022,302.66,307.3,297.93,299.84,53481317
28/01/2022,300.23,308.48,294.45,308.26,49743698
31/01/2022,308.95,312.38,306.37,310.98,46444536
01/02/2022,310.41,310.63,305.13,308.76,40950396
02/02/2022,309.63,315.12,308.88,313.46,36635989
03/02/2022,309.49,311.23,299.96,301.25,43729972
04/02/2022,300.21,308.8,299.97,305.94,35096488
07/02/2022,306.17,307.84,299.9,300.95,28533286
08/02/2022,301.25,305.56,299.95,304.56,32421188
09/02/2022,309.87,311.93,307.39,311.21,31284671
10/02/2022,304.04,309.12,300.7,302.38,45386199
11/02/2022,303.19,304.29,294.22,295.04,39175620
14/02/2022,293.77,296.76,291.35,295,36359487
15/02/2022,300.01,300.8,297.02,300.47,27379488
16/02/2022,298.37,300.87,293.68,299.5,29982121
17/02/2022,296.36,296.8,290,290.73,32461580
18/02/2022,293.05,293.86,286.31,287.93,34264008
22/02/2022,285,291.54,284.5,287.72,41736117
23/02/2022,290.18,291.7,280.1,280.27,37811167
24/02/2022,272.51,295.16,271.52,294.59,56989686
25/02/2022,295.14,297.63,291.65,297.31,32546721
28/02/2022,294.31,299.14,293,298.79,34627457
01/03/2022,296.4,299.97,292.15,294.95,31217778
02/03/2022,295.36,301.47,293.7,300.19,31873007
03/03/2022,302.89,303.13,294.05,295.92,27314469
04/03/2022,294.29,295.66,287.17,289.86,32369655
07/03/2022,288.53,289.69,278.53,278.91,43157178
08/03/2022,277.8,283.96,270,275.85,48159475
09/03/2022,283.44,289.6,280.78,288.5,35204480
10/03/2022,283.02,286.6,280.58,285.59,30628012
11/03/2022,287.96,289.51,279.43,280.07,27209330
14/03/2022,280.34,285.4,275.82,276.44,30660747
15/03/2022,280.35,287.82,278.73,287.15,34245085
16/03/2022,289.11,294.57,283.2,294.39,37826329
17/03/2022,293.29,295.61,289.37,295.22,30816633
18/03/2022,295.37,301,292.73,300.43,43390625
21/03/2022,298.89,300.14,294.9,299.16,28351245
22/03/2022,299.8,305,298.77,304.06,27599689
23/03/2022,300.51,303.23,297.72,299.49,25715377
24/03/2022,299.14,304.2,298.32,304.1,24484456
25/03/2022,305.23,305.5,299.29,303.68,22566453
28/03/2022,304.33,310.8,304.33,310.7,29578188
29/03/2022,313.91,315.82,309.05,315.41,30393403
30/03/2022,313.76,315.95,311.58,313.86,28163555
31/03/2022,313.9,315.14,307.89,308.31,33422070
01/04/2022,309.37,310.13,305.54,309.42,27110529
04/04/2022,310.09,315.11,309.71,314.97,24335868
05/04/2022,313.27,314.87,309.87,310.88,23156719
06/04/2022,305.19,307,296.71,299.5,40110372
07/04/2022,296.66,303.65,296.35,301.37,31411155
08/04/2022,300.44,301.12,296.28,296.97,24361917
11/04/2022,291.79,292.61,285,285.26,34569264
12/04/2022,289.24,290.74,280.49,282.06,30966721
13/04/2022,282.73,288.58,281.3,287.62,21907176
14/04/2022,288.09,288.31,279.32,279.83,28221607
18/04/2022,278.91,282.46,278.34,280.52,20778000
19/04/2022,279.38,286.17,278.41,285.3,22297720
20/04/2022,289.4,289.7,285.37,286.36,22906667
21/04/2022,288.58,293.3,280.06,280.81,29454587
22/04/2022,281.68,283.2,273.38,274.03,29405798
25/04/2022,273.29,281.11,270.77,280.72,35678852
26/04/2022,277.5,278.36,270,270.22,46518445
27/04/2022,282.1,290.97,279.16,283.22,63477694
28/04/2022,285.19,290.98,281.46,289.63,33646570
29/04/2022,288.61,289.88,276.5,277.52,37073923
02/05/2022,277.71,284.94,276.22,284.47,35151105
03/05/2022,283.96,284.13,280.15,281.78,25978605
04/05/2022,282.59,290.88,276.73,289.98,33599320
05/05/2022,285.54,286.35,274.34,277.35,43260386
06/05/2022,274.81,279.25,271.27,274.73,37780322
09/05/2022,270.06,272.36,263.32,264.58,47725952
10/05/2022,271.69,273.75,265.07,269.5,39336424
11/05/2022,265.68,271.36,259.3,260.55,48975898
12/05/2022,257.69,259.88,250.02,255.35,51033802
13/05/2022,257.35,263.04,255.35,261.12,34925093
16/05/2022,259.96,265.82,255.78,261.5,32550933
17/05/2022,266.11,268.33,262.46,266.82,28828799
18/05/2022,263,263.6,252.77,254.08,31355985
19/05/2022,253.9,257.67,251.88,253.14,32692286
20/05/2022,257.24,258.54,246.44,252.56,39199279
23/05/2022,255.49,261.5,253.43,260.65,33175379
24/05/2022,257.89,261.33,253.5,259.62,29043904
25/05/2022,258.14,264.58,257.13,262.52,28547947
26/05/2022,262.27,267.11,261.43,265.9,25002105
27/05/2022,268.48,273.34,267.56,273.24,26910806
31/05/2022,272.53,274.77,268.93,271.87,37827695
01/06/2022,275.2,277.69,270.04,272.42,25292174
02/06/2022,264.45,274.65,261.6,274.58,44008209
03/06/2022,270.31,273.45,268.41,270.02,28058958
06/06/2022,272.06,274.18,267.22,268.75,22400342
07/06/2022,266.64,273.13,265.94,272.5,22860677
08/06/2022,271.71,273,269.61,270.41,17372341
09/06/2022,267.78,272.71,264.63,264.79,26439728
10/06/2022,260.58,260.58,252.53,252.99,31445841
13/06/2022,245.11,249.02,241.53,242.26,46135788
14/06/2022,243.86,245.74,241.51,244.49,28651487
15/06/2022,248.31,255.3,246.42,251.76,33111729
16/06/2022,245.98,247.42,243.02,244.97,33169160
17/06/2022,244.7,250.5,244.03,247.65,43084780
21/06/2022,250.26,254.75,249.51,253.74,29928297
22/06/2022,251.89,257.17,250.37,253.13,25961215
23/06/2022,255.57,259.37,253.63,258.86,25861449
24/06/2022,261.81,267.98,261.72,267.7,33923231
27/06/2022,268.21,268.3,263.28,264.89,24615114
28/06/2022,263.98,266.91,256.32,256.48,27380247
29/06/2022,257.59,261.97,255.76,260.26,20069839
30/06/2022,257.05,259.53,252.9,256.83,31730868
01/07/2022,256.39,259.77,254.61,259.58,22837692
05/07/2022,256.16,262.98,254.74,262.85,22971634
06/07/2022,263.75,267.99,262.4,266.21,23824419
07/07/2022,265.12,269.06,265.02,268.4,20859874
08/07/2022,264.79,268.1,263.29,267.66,19658751
11/07/2022,265.65,266.53,262.18,264.51,19519108
12/07/2022,265.88,265.94,252.04,253.67,35868450
13/07/2022,250.19,253.55,248.11,252.72,29497423
14/07/2022,250.57,255.14,245.94,254.08,25102823
15/07/2022,255.72,260.37,254.77,256.72,29774050
18/07/2022,259.75,260.84,253.3,254.25,20975034
19/07/2022,257.58,259.72,253.68,259.53,25012562
20/07/2022,259.9,264.87,258.91,262.27,22788282
21/07/2022,259.79,264.89,257.03,264.84,22404675
22/07/2022,265.24,265.33,259.07,260.36,21881290
25/07/2022,261,261.5,256.81,258.83,21055998
26/07/2022,259.86,259.88,249.57,251.9,39347957
27/07/2022,261.16,270.05,258.85,268.74,45994049
28/07/2022,269.75,277.84,267.87,276.41,33459327
29/07/2022,277.7,282,276.63,280.74,32152752
01/08/2022,277.82,281.28,275.84,278.01,21539580
02/08/2022,276,277.89,272.38,274.82,22754184
03/08/2022,276.76,283.5,276.61,282.47,23518874
04/08/2022,281.8,283.8,280.17,283.65,18098668
05/08/2022,279.15,283.65,278.68,282.91,16774606
08/08/2022,284.05,285.92,279.32,280.32,18757818
09/08/2022,279.64,283.08,277.61,282.3,23405238
10/08/2022,288.17,289.81,286.94,289.16,24687845
11/08/2022,290.85,291.21,286.51,287.02,20065938
12/08/2022,288.48,291.91,286.94,291.91,22619675
15/08/2022,291,294.18,290.11,293.47,18085654
16/08/2022,291.99,294.04,290.42,292.71,18102882
17/08/2022,289.74,293.35,289.47,291.32,18253358
18/08/2022,290.19,291.91,289.08,290.17,17186192
19/08/2022,288.9,289.25,285.56,286.15,20570033
22/08/2022,282.08,282.46,277.22,277.75,25061070
23/08/2022,276.44,278.86,275.4,276.44,17527409
24/08/2022,275.41,277.23,275.11,275.79,18137019
25/08/2022,277.33,279.02,274.52,278.85,16583407
26/08/2022,279.08,280.34,267.98,268.09,27549307
29/08/2022,265.85,267.4,263.85,265.23,20338544
30/08/2022,266.67,267.05,260.66,262.97,22767071
31/08/2022,265.39,267.11,261.33,261.47,24791834
01/09/2022,258.87,260.89,255.41,260.4,23263431
02/09/2022,261.7,264.74,254.47,256.06,22855380
06/09/2022,256.2,257.83,251.94,253.25,21328242
07/09/2022,254.7,258.83,253.22,258.09,24126700
08/09/2022,257.51,260.43,254.79,258.52,20319911
09/09/2022,260.5,265.23,260.29,264.46,22093190
12/09/2022,265.78,267.45,265.16,266.65,18747690
13/09/2022,258.84,260.4,251.59,251.99,33353318
14/09/2022,253.53,254.23,249.86,252.22,23912954
15/09/2022,249.77,251.4,244.02,245.38,31530948
16/09/2022,244.26,245.3,242.06,244.74,39791768
19/09/2022,242.47,245.14,240.85,244.52,26826931
20/09/2022,242.07,243.51,239.64,242.45,26660299
21/09/2022,244.27,247.66,238.9,238.95,28625557
22/09/2022,237.87,243.86,237.57,240.98,31061162
23/09/2022,239.54,241.13,235.2,237.92,34176048
26/09/2022,237.05,241.45,236.9,237.45,27694190
27/09/2022,239.98,241.8,234.5,236.41,27018732
28/09/2022,236.81,242.33,234.73,241.07,29029679
29/09/2022,238.89,239.95,234.41,237.5,27484233
30/09/2022,238.29,240.54,232.73,232.9,35694832
03/10/2022,235.41,241.61,234.66,240.74,28880357
04/10/2022,245.09,250.36,244.98,248.88,34888416
05/10/2022,245.99,250.58,244.1,249.2,20347136
06/10/2022,247.93,250.34,246.08,246.79,20239886
07/10/2022,240.9,241.32,233.17,234.24,37769602
10/10/2022,233.05,234.56,226.73,229.25,29743608
11/10/2022,227.62,229.06,224.11,225.41,30473954
12/10/2022,225.4,227.86,223.96,225.75,21903937
13/10/2022,219.85,236.1,219.13,234.24,42551818
14/10/2022,235.54,237.24,228.34,228.56,30198588
17/10/2022,235.82,238.96,235.14,237.53,28142268
18/10/2022,243.24,243.93,235.37,238.5,26329591
19/10/2022,237.04,239.61,234.29,236.48,19985698
20/10/2022,235.77,241.31,234.87,236.15,21811015
21/10/2022,234.74,243,234.5,242.12,26299733
24/10/2022,243.76,247.84,241.3,247.25,24911212
25/10/2022,247.26,251.04,245.83,250.66,34775505
26/10/2022,231.17,238.3,230.06,231.32,82684846
27/10/2022,231.04,233.69,225.78,226.75,40424645
28/10/2022,226.24,236.6,226.05,235.87,40647724
31/10/2022,233.76,234.92,231.15,232.13,28357265
01/11/2022,234.6,235.74,227.33,228.17,30592271
02/11/2022,229.46,231.3,220.04,220.1,38407008
03/11/2022,220.09,220.41,213.98,214.25,36633922
04/11/2022,217.55,221.59,213.43,221.39,36789063
07/11/2022,221.99,228.41,221.28,227.87,33497979
08/11/2022,228.7,231.65,225.84,228.87,28192548
09/11/2022,227.37,228.63,224.33,224.51,27852910
10/11/2022,235.43,243.33,235,242.98,46268021
11/11/2022,242.99,247.99,241.93,247.11,34620246
14/11/2022,241.99,243.91,239.21,241.55,31123340
15/11/2022,245.66,247,240.03,241.97,31390117
16/11/2022,242.79,243.8,240.42,241.73,24093272
17/11/2022,237.78,243.25,237.63,241.68,23123544
18/11/2022,243.51,243.74,239.03,241.22,27613523
21/11/2022,241.43,244.67,241.19,242.05,26394700
22/11/2022,243.59,245.31,240.71,245.03,19665699
23/11/2022,245.11,248.28,244.27,247.58,19508462
25/11/2022,247.31,248.7,246.73,247.49,9200772
28/11/2022,246.08,246.65,240.8,241.76,24810271
29/11/2022,241.4,242.79,238.21,240.33,17956313
30/11/2022,240.57,255.33,239.86,255.14,47594239
01/12/2022,253.87,256.12,250.92,254.69,26041524
02/12/2022,249.82,256.06,249.69,255.02,21528520
05/12/2022,252.01,253.82,248.06,250.2,23435294
06/12/2022,250.82,251.86,243.78,245.12,22463727
07/12/2022,244.83,246.16,242.21,244.37,20481522
08/12/2022,244.84,248.74,243.06,247.4,22611757
09/12/2022,244.7,248.31,244.16,245.42,20609743
12/12/2022,247.45,252.54,247.17,252.51,30665069
13/12/2022,261.69,263.92,253.07,256.92,42196884
14/12/2022,257.13,262.59,254.31,257.22,35410933
15/12/2022,253.72,254.2,247.34,249.01,35568093
16/12/2022,248.55,249.84,243.51,244.69,86101994
19/12/2022,244.86,245.21,238.71,240.45,29696436
20/12/2022,239.4,242.91,238.42,241.8,25150802
21/12/2022,241.69,245.62,240.11,244.43,23690607
22/12/2022,241.26,241.99,233.87,238.19,28651664
23/12/2022,236.11,238.87,233.94,238.73,21206982
27/12/2022,238.7,238.93,235.83,236.96,16688648
28/12/2022,236.89,239.72,234.17,234.53,17457104
29/12/2022,235.65,241.92,235.65,241.01,19770693
30/12/2022,238.21,239.96,236.66,239.82,21938472
03/01/2023,243.08,245.75,237.4,239.58,25740036
04/01/2023,232.28,232.87,225.96,229.1,50623394
05/01/2023,227.2,227.55,221.76,222.31,39585623
06/01/2023,223,225.76,219.35,224.93,43613574
09/01/2023,226.45,231.24,226.41,227.12,27369784
10/01/2023,227.76,231.31,227.33,228.85,27033881
11/01/2023,231.29,235.95,231.11,235.77,28669331
12/01/2023,235.26,239.9,233.56,238.51,27269486
13/01/2023,237,239.37,234.92,239.23,21333265
17/01/2023,237.97,240.91,237.09,240.35,29831257
18/01/2023,241.57,242.38,235.52,235.81,30028692
19/01/2023,233.78,235.52,230.68,231.93,28623033
20/01/2023,234.86,240.74,234.51,240.22,35389809
23/01/2023,241.1,245.17,239.65,242.58,31933951
24/01/2023,242.5,243.95,240.44,242.04,40234444
25/01/2023,234.48,243.3,230.9,240.61,66526641
26/01/2023,243.65,248.31,242,248,33454491
27/01/2023,248.99,249.83,246.83,248.16,26498939
30/01/2023,244.51,245.6,242.2,242.71,25867365
31/01/2023,243.45,247.95,242.95,247.81,26541072
01/02/2023,248,255.18,245.47,252.75,31259912
02/02/2023,258.82,264.69,257.25,264.6,39940437
03/02/2023,259.54,264.2,257.1,258.35,29077256
06/02/2023,257.44,258.3,254.78,256.77,22517997
07/02/2023,260.53,268.77,260.08,267.56,50841365
08/02/2023,273.2,276.76,266.21,266.73,54686049
09/02/2023,273.8,273.98,262.8,263.62,42375102
10/02/2023,261.53,264.09,260.66,263.1,25818489
13/02/2023,267.64,274.6,267.15,271.32,44630921
14/02/2023,272.67,274.97,269.28,272.17,37047924
15/02/2023,268.32,270.73,266.18,269.32,28962163
16/02/2023,264.02,266.74,261.9,262.15,29603616
17/02/2023,259.39,260.09,256,258.06,30000055
21/02/2023,254.48,255.49,251.59,252.67,28397444
22/02/2023,254.09,254.34,250.34,251.51,22491056
23/02/2023,255.56,256.84,250.48,254.77,29219095
24/02/2023,249.96,251,248.1,249.22,24990905
27/02/2023,252.46,252.82,249.39,250.16,21190042
28/02/2023,249.07,251.49,248.73,249.42,22490950
01/03/2023,250.76,250.93,245.79,246.27,27565259
02/03/2023,246.55,251.4,245.61,251.11,24833646
03/03/2023,252.19,255.62,251.39,255.29,30760136
06/03/2023,256.43,260.12,255.98,256.87,24109849
07/03/2023,256.3,257.69,253.39,254.15,21473179
08/03/2023,254.04,254.54,250.81,253.7,17340217
09/03/2023,255.82,259.56,251.58,252.32,26653387
10/03/2023,251.08,252.79,247.6,248.59,28333930
13/03/2023,247.4,257.91,245.73,253.92,33339721
14/03/2023,256.75,261.07,255.86,260.79,33620293
15/03/2023,259.98,266.48,259.21,265.44,46028047
16/03/2023,265.21,276.56,263.28,276.2,54832140
17/03/2023,278.26,283.33,276.32,279.43,69527371
20/03/2023,276.98,277.48,269.85,272.23,43466649
21/03/2023,274.88,275,269.52,273.78,34558704
22/03/2023,273.4,281.04,272.18,272.29,34873330
23/03/2023,277.94,281.06,275.2,277.66,36610879
24/03/2023,277.24,280.63,275.28,280.57,28199962
27/03/2023,280.5,281.46,275.52,276.38,26840212
28/03/2023,275.79,276.14,272.05,275.23,21878647
29/03/2023,278.96,281.14,278.41,280.51,25087032
30/03/2023,284.23,284.46,281.48,284.05,25053410
31/03/2023,283.73,289.27,283,288.3,32765976
03/04/2023,286.52,288.27,283.95,287.23,24883342
04/04/2023,287.23,290.45,285.67,287.18,25824299
05/04/2023,285.85,287.15,282.92,284.34,22064770
06/04/2023,283.21,292.08,282.03,291.6,29770334
10/04/2023,289.21,289.6,284.71,289.39,23102994
11/04/2023,285.75,285.98,281.64,282.83,27276589
12/04/2023,284.79,287.01,281.96,283.49,27403432
13/04/2023,283.59,289.9,283.17,289.84,24222678
14/04/2023,287,288.48,283.69,286.14,20987917
17/04/2023,289.93,291.6,286.16,288.8,23836223
18/04/2023,291.57,291.76,287.01,288.37,20161845
19/04/2023,285.99,289.05,284.54,288.45,17150271
20/04/2023,285.25,289.03,285.08,286.11,23244363
21/04/2023,285.01,286.27,283.06,285.76,21676387
24/04/2023,282.09,284.95,278.72,281.77,26611014
25/04/2023,279.51,281.6,275.37,275.42,45772236
26/04/2023,296.7,299.57,292.73,295.37,64599182
27/04/2023,295.97,305.2,295.25,304.83,46462638
28/04/2023,304.01,308.93,303.31,307.26,36469613
01/05/2023,306.97,308.6,305.15,305.56,21294115
02/05/2023,307.76,309.18,303.91,305.41,26404431
03/05/2023,306.62,308.61,304.09,304.4,22360754
04/05/2023,306.24,307.76,303.4,305.41,22519907
05/05/2023,305.72,311.97,304.27,310.65,28197052
08/05/2023,310.13,310.2,306.09,308.65,21318613
09/05/2023,308,310.04,306.31,307,21340829
10/05/2023,308.62,313,307.67,312.31,30078044
11/05/2023,310.1,311.12,306.26,310.11,31680179
12/05/2023,310.55,310.65,306.6,308.97,19774696
15/05/2023,309.1,309.9,307.59,309.46,16336547
16/05/2023,309.83,313.71,309.83,311.74,26730347
17/05/2023,312.29,314.43,310.74,314,24315012
18/05/2023,314.53,319.04,313.72,318.52,27275991
19/05/2023,316.74,318.75,316.37,318.34,27546701
22/05/2023,318.6,322.59,318.01,321.18,24115664
23/05/2023,320.03,322.72,315.25,315.26,30797173
24/05/2023,314.73,316.5,312.61,313.85,23384887
25/05/2023,323.24,326.9,320,325.92,43301743
26/05/2023,324.02,333.4,323.88,332.89,36630633
30/05/2023,335.23,335.74,330.52,331.21,29503070
31/05/2023,332.29,335.94,327.33,328.39,45950553
01/06/2023,325.93,333.53,324.72,332.58,26773851
02/06/2023,334.25,337.5,332.55,335.4,25873769
05/06/2023,335.22,338.56,334.66,335.94,21307053
06/06/2023,335.33,335.37,332.17,333.68,20396223
07/06/2023,331.65,334.49,322.5,323.38,40717129
08/06/2023,323.94,326.64,323.35,325.26,23277708
09/06/2023,324.99,329.99,324.41,326.79,22528950
12/06/2023,328.58,332.1,325.16,331.85,24306753
13/06/2023,334.47,336.98,330.39,334.29,22951279
14/06/2023,334.34,339.04,332.81,337.34,26003791
15/06/2023,337.48,349.84,337.2,348.1,38899075
16/06/2023,351.32,351.47,341.95,342.33,46551985
20/06/2023,339.31,342.08,335.86,338.05,26375407
21/06/2023,336.37,337.73,332.07,333.56,25117799
22/06/2023,334.12,340.12,333.34,339.71,23556764
23/06/2023,334.36,337.96,333.45,335.02,23146901
26/06/2023,333.72,336.11,328.49,328.6,21520582
27/06/2023,331.86,336.15,329.3,334.57,24354110
28/06/2023,334.66,337.98,333.81,335.85,20259523
29/06/2023,334.71,336.11,332.62,335.05,16997042
30/06/2023,337.75,342.73,337.2,340.54,26832756
03/07/2023,339.19,340.9,336.57,337.99,12508692
05/07/2023,335.09,341.65,334.73,338.15,18172378
06/07/2023,337.3,342.99,335.5,341.27,28195534
07/07/2023,339.32,341.79,337,337.22,21214824
10/07/2023,334.6,335.23,327.59,331.83,32791449
11/07/2023,331.06,332.86,327,332.47,26698218
12/07/2023,336.6,341.65,335.67,337.2,29995262
13/07/2023,339.56,343.74,339.02,342.66,20567159
14/07/2023,347.59,351.43,344.31,345.24,28352729
17/07/2023,345.68,346.99,342.2,345.73,20363927
18/07/2023,345.83,366.78,342.17,359.49,64872705
19/07/2023,361.75,362.46,352.44,355.08,39732901
20/07/2023,353.57,357.97,345.37,346.87,33778395
21/07/2023,349.15,350.3,339.83,343.77,69405382
24/07/2023,345.85,346.92,342.31,345.11,26719207
25/07/2023,347.11,351.89,345.07,350.98,41637739
26/07/2023,341.44,344.67,333.11,337.77,58383702
27/07/2023,340.48,341.33,329.05,330.72,39635262
28/07/2023,333.67,340.01,333.17,338.37,28484868
31/07/2023,336.92,337.7,333.36,335.92,25446022
01/08/2023,335.19,338.54,333.7,336.34,18381253
02/08/2023,333.63,333.63,326.36,327.5,27761257
03/08/2023,326,329.88,325.95,326.66,18360352
04/08/2023,331.88,335.14,327.24,327.78,23741484
07/08/2023,328.37,331.11,327.52,330.11,17741526
08/08/2023,326.96,328.75,323,326.05,22327574
09/08/2023,326.47,327.11,321.05,322.23,22373268
10/08/2023,326.02,328.26,321.18,322.93,20113725
11/08/2023,320.26,322.41,319.21,321.01,24355491
14/08/2023,321.39,324.06,320.08,324.04,18836139
15/08/2023,323,325.09,320.9,321.86,16966285
16/08/2023,320.8,324.42,319.8,320.4,20698864
17/08/2023,320.54,321.87,316.21,316.88,21257161
18/08/2023,314.49,318.38,311.55,316.48,24755012
21/08/2023,317.93,322.77,317.04,321.88,24039956
22/08/2023,325.5,326.08,321.46,322.46,16102024
23/08/2023,323.82,329.2,323.46,327,21166382
24/08/2023,332.85,332.98,319.96,319.97,23281434
25/08/2023,321.47,325.36,318.8,322.98,21684104
28/08/2023,325.66,326.15,321.72,323.7,14808482
29/08/2023,321.88,328.98,321.88,328.41,19284590
30/08/2023,328.67,329.81,326.45,328.79,15222110
31/08/2023,329.2,330.91,326.78,327.76,26410954
01/09/2023,331.31,331.99,326.78,328.66,14942024
05/09/2023,329,334.85,328.66,333.55,18553859
06/09/2023,333.38,334.46,330.18,332.88,17535773
07/09/2023,331.29,333.08,329.03,329.91,18380995
08/09/2023,330.09,336.16,329.46,334.27,19548165
11/09/2023,337.24,338.42,335.43,337.94,16583324
12/09/2023,335.82,336.79,331.48,331.77,17565482
13/09/2023,331.31,336.85,331.17,336.06,16544412
14/09/2023,339.15,340.86,336.57,338.7,20267048
15/09/2023,336.92,337.4,329.65,330.22,37679792
18/09/2023,327.8,330.4,326.36,329.06,16834208
19/09/2023,326.17,329.39,324.51,328.65,16514487
20/09/2023,329.51,329.59,320.51,320.77,21436525
21/09/2023,319.26,325.35,315,319.53,35560362
22/09/2023,321.32,321.45,316.15,317.01,21447887
25/09/2023,316.59,317.67,315,317.54,17835964
26/09/2023,315.13,315.88,310.02,312.14,26297573
27/09/2023,312.3,314.3,309.69,312.79,19410082
28/09/2023,310.99,315.48,309.45,313.64,19683564
29/09/2023,317.75,319.47,314.98,315.75,24147298
02/10/2023,316.28,321.89,315.18,321.8,20570006
03/10/2023,320.83,321.39,311.21,313.39,21033492
04/10/2023,314.03,320.04,314,318.96,20720144
05/10/2023,319.09,319.98,314.9,319.36,16965629
06/10/2023,316.55,329.19,316.3,327.26,25673630
09/10/2023,324.75,330.3,323.18,329.82,19891180
10/10/2023,330.96,331.1,327.67,328.39,20557094
11/10/2023,331.21,332.82,329.14,332.42,20063246
12/10/2023,330.57,333.63,328.72,331.16,19313098
13/10/2023,332.38,333.83,326.36,327.73,21085695
16/10/2023,331.05,336.14,330.6,332.64,22158048
17/10/2023,329.59,333.46,327.41,332.06,18338523
18/10/2023,332.49,335.59,328.3,330.11,23153602
19/10/2023,332.15,336.88,330.91,331.32,25052071
20/10/2023,331.72,331.92,325.45,326.67,25027715
23/10/2023,325.47,332.73,324.39,329.32,24374748
24/10/2023,331.3,331.84,327.6,330.53,31153571
25/10/2023,345.02,346.2,337.62,340.67,55053828
26/10/2023,340.54,341.63,326.94,327.89,37828543
27/10/2023,330.43,336.72,328.4,329.81,29856522
30/10/2023,333.41,339.45,331.83,337.31,22828082
31/10/2023,338.85,339,334.69,338.11,20265282
01/11/2023,339.79,347.42,339.65,346.07,28158819
02/11/2023,347.24,348.83,344.77,348.32,24348072
03/11/2023,349.63,354.39,347.33,352.8,23637673
06/11/2023,353.45,357.54,353.35,356.53,23828301
07/11/2023,359.4,362.46,357.63,360.53,25833931
08/11/2023,361.68,363.87,360.55,363.2,26767828
09/11/2023,362.3,364.79,360.36,360.69,24847331
10/11/2023,361.49,370.1,361.07,369.67,28065164
13/11/2023,368.22,368.47,365.9,366.68,19986506
14/11/2023,371.01,371.95,367.35,370.27,27683862
15/11/2023,371.28,373.13,367.11,369.67,26860095
16/11/2023,370.96,376.35,370.18,376.17,27182315
17/11/2023,373.61,374.37,367,369.85,40325371
20/11/2023,371.22,378.87,371,377.44,52528964
21/11/2023,375.67,376.22,371.12,373.07,28423145
22/11/2023,378,379.79,374.97,377.85,23361184
24/11/2023,377.33,377.97,375.14,377.43,10176649
27/11/2023,376.78,380.64,376.2,378.61,22179228
28/11/2023,378.35,383,378.16,382.7,20453112
29/11/2023,383.76,384.3,377.44,378.85,28963399
30/11/2023,378.49,380.09,375.47,378.91,30554415
01/12/2023,376.76,378.16,371.31,374.51,33040472
04/12/2023,369.1,369.52,362.9,369.14,32063305
05/12/2023,366.45,373.08,365.62,372.52,23065035
06/12/2023,373.54,374.18,368.03,368.8,21182072
07/12/2023,368.23,371.45,366.32,370.95,23118864
08/12/2023,369.2,374.46,368.23,374.23,20154366
11/12/2023,368.48,371.6,366.1,371.3,27708757
12/12/2023,370.85,374.42,370.46,374.38,24838253
13/12/2023,376.02,377.64,370.77,374.37,30955531
14/12/2023,373.31,373.76,364.13,365.93,43277461
15/12/2023,366.85,372.4,366.28,370.73,78502324
18/12/2023,369.45,373,368.68,372.65,21802878
19/12/2023,371.49,373.26,369.84,373.26,20603658
20/12/2023,375,376.03,370.53,370.62,26316650
21/12/2023,372.56,374.41,370.04,373.54,17708006
22/12/2023,373.68,375.18,372.71,374.58,17107484
26/12/2023,375,376.94,373.5,374.66,12673050
27/12/2023,373.69,375.06,372.81,374.07,14905412
28/12/2023,375.37,376.46,374.16,375.28,14327013
29/12/2023,376,377.16,373.48,376.04,18730838
02/01/2024,373.86,375.9,366.77,370.87,25258633
03/01/2024,369.01,373.26,368.51,370.6,23083465
04/01/2024,370.67,373.1,367.17,367.94,20901502
05/01/2024,368.97,372.06,366.5,367.75,21004575
08/01/2024,369.3,375.2,369.01,374.69,23133967
09/01/2024,372.01,375.99,371.19,375.79,20829953
10/01/2024,376.37,384.17,376.32,382.77,25514245
11/01/2024,386,390.68,380.38,384.63,27850846
12/01/2024,385.49,388.68,384.65,388.47,21661153
16/01/2024,393.66,394.03,387.62,390.27,27202268
17/01/2024,387.98,390.11,384.81,389.47,22234108
18/01/2024,391.72,393.99,390.12,393.87,23392068
19/01/2024,395.76,398.67,393.5,398.67,29331136
22/01/2024,400.02,400.62,393.59,396.51,27016902
23/01/2024,395.75,399.38,393.93,398.9,20525882
24/01/2024,401.54,405.63,400.45,402.56,24866953
25/01/2024,404.32,407.01,402.53,404.87,21021155
26/01/2024,404.37,406.17,402.43,403.93,17803271
29/01/2024,406.06,409.98,404.33,409.72,24510236
30/01/2024,412.26,413.05,406.45,408.59,33477610
31/01/2024,406.96,415.32,397.21,397.58,47871097
01/02/2024,401.83,408,401.8,403.78,30657726
02/02/2024,403.81,412.65,403.56,411.22,28256670
05/02/2024,409.9,411.16,403.99,405.65,25352286
06/02/2024,405.88,407.97,402.91,405.49,18382624
07/02/2024,407.44,414.3,407.4,414.05,22340526
08/02/2024,414.05,415.56,412.53,414.11,21225257
09/02/2024,415.25,420.82,415.09,420.55,22032844
12/02/2024,420.56,420.74,414.75,415.26,21202921
13/02/2024,404.94,410.07,403.39,406.32,27824936
14/02/2024,408.07,409.84,404.57,409.49,20401190
15/02/2024,408.14,409.13,404.29,406.56,21825525
16/02/2024,407.96,408.29,403.44,404.06,22296495
20/02/2024,403.24,404.49,398.01,402.79,24307915
21/02/2024,400.17,402.29,397.22,402.18,18631072
22/02/2024,410.19,412.83,408.57,411.65,27009869
23/02/2024,415.67,415.86,408.97,410.34,16295879
26/02/2024,411.46,412.16,407.36,407.54,16193505
27/02/2024,407.99,408.32,403.85,407.48,14835827
28/02/2024,408.18,409.3,405.32,407.72,13183125
29/02/2024,408.64,414.2,405.92,413.64,31947263
01/03/2024,411.27,415.87,410.88,415.5,17823445
04/03/2024,413.44,417.35,412.32,414.92,17595956
05/03/2024,413.96,414.25,400.64,402.65,26919177
06/03/2024,402.97,405.16,398.39,402.09,22344149
07/03/2024,406.12,409.78,402.24,409.14,18718479
08/03/2024,407.96,410.42,404.33,406.22,18002186
11/03/2024,403.76,405.68,401.26,404.52,16120752
12/03/2024,407.62,415.57,406.79,415.28,22457003
13/03/2024,418.1,418.18,411.45,415.1,17115931
14/03/2024,420.24,427.82,417.99,425.22,34157299
15/03/2024,419.29,422.6,412.79,416.42,45079903
18/03/2024,414.25,420.73,413.78,417.32,20105977
19/03/2024,417.83,421.67,415.55,421.41,19837915
20/03/2024,422,425.96,420.66,425.23,17860085
21/03/2024,429.83,430.82,427.16,429.37,21296222
22/03/2024,429.7,429.86,426.07,428.74,17648473
25/03/2024,425.24,427.41,421.61,422.86,18060450
26/03/2024,425.61,425.99,421.35,421.65,16725647
27/03/2024,424.44,424.45,419.01,421.43,16704978
28/03/2024,420.96,421.87,419.12,420.72,21871161
01/04/2024,423.95,427.89,422.22,424.57,16315961
02/04/2024,420.11,422.38,417.84,421.44,17911992
03/04/2024,419.73,423.26,419.09,420.45,16502264
04/04/2024,424.99,428.67,417.57,417.88,19370875
05/04/2024,420.01,426.51,418.32,425.52,16554761
08/04/2024,425.17,427.28,423.3,424.59,14272387
09/04/2024,426.44,427.74,421.62,426.28,12512289
10/04/2024,422.19,424.03,419.7,423.26,16216581
11/04/2024,425.82,429.37,422.36,427.93,17966423
12/04/2024,424.05,425.18,419.77,421.9,19253750
15/04/2024,426.6,426.82,413.43,413.64,20273538
16/04/2024,414.57,418.4,413.73,414.58,16765616
17/04/2024,417.25,418.88,410.33,411.84,15855485
18/04/2024,410.63,411.89,403.95,404.27,21029917
19/04/2024,404.03,405.48,397.77,399.12,30565789
22/04/2024,400.08,402.85,395.75,400.96,20286875
23/04/2024,404.24,408.2,403.06,407.57,15734501
24/04/2024,409.56,412.47,406.78,409.06,15065330
25/04/2024,394.03,399.89,388.03,399.04,40586450
26/04/2024,412.17,413,405.76,406.32,29694654
29/04/2024,405.25,406.32,399.19,402.25,19582091
30/04/2024,401.49,402.16,389.17,389.33,28781374
01/05/2024,392.61,401.72,390.31,394.94,23562481
02/05/2024,397.66,399.93,394.65,397.84,17709364
03/05/2024,402.28,407.15,401.86,406.66,17446724
06/05/2024,408.76,413.93,406.37,413.54,16996639
07/05/2024,414.66,414.67,409.09,409.34,20018228
08/05/2024,408.17,412.23,406.71,410.54,11792308
09/05/2024,410.57,412.72,409.1,412.32,14689727
10/05/2024,412.94,415.38,411.8,414.74,13402281
13/05/2024,418.01,418.35,410.82,413.72,15440226
14/05/2024,412.02,417.49,411.55,416.56,15109306
15/05/2024,417.9,423.81,417.27,423.08,22239533
16/05/2024,421.8,425.42,420.35,420.99,17530050
17/05/2024,422.54,422.92,418.03,420.21,15352239
20/05/2024,420.21,426.77,419.99,425.34,16272137
21/05/2024,426.83,432.97,424.85,429.04,21453255
22/05/2024,430.09,432.41,427.13,430.52,18073698
23/05/2024,432.97,433.6,425.42,427,17211689
24/05/2024,427.19,431.06,424.41,430.16,11855285
28/05/2024,429.63,430.82,426.6,430.32,15718024
29/05/2024,425.69,430.94,425.69,429.17,15517130
30/05/2024,424.3,424.3,414.24,414.67,28424847
31/05/2024,416.75,416.75,404.51,415.13,47995250
03/06/2024,415.53,416.43,408.92,413.52,17484675
04/06/2024,412.43,416.44,409.68,416.07,14348917
05/06/2024,417.81,424.08,416.3,424.01,16988038
06/06/2024,424.01,425.31,420.58,424.52,14861251
07/06/2024,426.2,426.28,423,423.85,13621650
10/06/2024,424.7,428.08,423.89,427.87,14003034
11/06/2024,425.48,432.82,425.25,432.68,14551101
12/06/2024,435.32,443.4,433.25,441.06,22366233
13/06/2024,440.85,443.39,439.37,441.58,15960565
14/06/2024,438.28,443.14,436.72,442.57,13581985
17/06/2024,442.59,450.94,440.72,448.37,20790030
18/06/2024,449.71,450.14,444.89,446.34,17112504
20/06/2024,446.3,446.53,441.27,445.7,19877378
21/06/2024,447.38,450.58,446.51,449.78,34486172
24/06/2024,449.8,452.75,446.41,447.67,15913719
25/06/2024,448.25,451.42,446.75,450.95,16747529
26/06/2024,449,453.6,448.19,452.16,16507030
27/06/2024,452.18,456.17,451.77,452.85,14806324
28/06/2024,453.07,455.38,446.41,446.95,28362271
01/07/2024,448.66,457.37,445.66,456.73,17662818
02/07/2024,453.2,459.59,453.11,459.28,13979779
03/07/2024,458.19,461.02,457.88,460.77,9932830
05/07/2024,459.61,468.35,458.97,467.56,16000290
08/07/2024,466.55,467.7,464.46,466.24,12962321
09/07/2024,467,467.33,458,459.54,17228507
10/07/2024,461.22,466.46,458.86,466.25,18196100
11/07/2024,462.98,464.78,451.55,454.7,23111175
12/07/2024,454.33,456.36,450.65,453.55,16324274
15/07/2024,453.3,457.26,451.43,453.96,14429447
16/07/2024,454.22,454.3,446.66,449.52,17175679
17/07/2024,442.59,444.85,439.18,443.52,21754021
18/07/2024,444.34,444.65,434.4,440.37,20794822
19/07/2024,433.1,441.14,432,437.11,20940417
22/07/2024,441.79,444.6,438.91,442.94,15808755
23/07/2024,443.9,448.39,443.1,444.85,13107050
24/07/2024,440.45,441.48,427.59,428.9,26805800
25/07/2024,428.8,429.8,417.51,418.4,29943795
26/07/2024,418.2,428.92,417.27,425.27,23583839
29/07/2024,431.58,432.15,424.7,426.73,15125836
30/07/2024,427.72,429.05,417.36,422.92,32687578
31/07/2024,420.5,421.78,412.21,418.35,42891366
01/08/2024,420.79,427.46,413.09,417.11,30296400
02/08/2024,412.49,415,404.34,408.49,29437900
05/08/2024,389.17,401.04,385.58,395.15,40709238
06/08/2024,400,405.67,398.5,399.61,24946525
07/08/2024,408.64,410.08,397.47,398.43,20650906
08/08/2024,402.44,405.86,399.94,402.69,20203030
09/08/2024,404.03,408.05,402.26,406.02,19276666
12/08/2024,407.06,408.76,404.24,406.81,16762883
13/08/2024,409.59,414.95,409.57,414.01,19414271
14/08/2024,414.8,417.72,412.45,416.86,18266980
15/08/2024,419.8,421.11,417.66,421.03,20752144
16/08/2024,420.6,421.34,417.3,418.47,22775593
19/08/2024,418.96,421.75,416.46,421.53,15233957
20/08/2024,421.7,425.86,421.64,424.8,16387581
21/08/2024,424.08,426.4,421.72,424.14,16067298
22/08/2024,424.36,426.79,414.61,415.55,19361901
23/08/2024,416.98,419.26,412.09,416.79,18493784
26/08/2024,416.37,417.28,411.34,413.49,13152830
27/08/2024,412.86,414.36,410.25,413.84,13492911
28/08/2024,414.88,415,407.31,410.6,14882660
29/08/2024,414.94,422.05,410.6,413.12,17045241
30/08/2024,415.6,417.49,412.13,417.14,24308324
03/09/2024,417.91,419.88,407.03,409.44,20313603
04/09/2024,405.91,411.24,404.37,408.9,15135806
05/09/2024,407.62,413.1,406.13,408.39,14195516
06/09/2024,409.06,410.65,400.8,401.7,19609526
09/09/2024,407.24,408.65,402.15,405.72,15295134
10/09/2024,408.2,416.33,407.7,414.2,19594287
11/09/2024,415.5,423.99,409.58,423.04,19266923
12/09/2024,423.31,427.37,419.75,427,17418759
13/09/2024,425.83,431.83,425.46,430.59,15874555
16/09/2024,430.6,433.53,428.22,431.34,13834697
17/09/2024,440.23,441.85,432.27,435.15,18874231
18/09/2024,435,436.03,430.41,430.81,18898042
19/09/2024,441.23,441.5,436.9,438.69,21706559
20/09/2024,437.22,439.24,434.22,435.27,55167106
23/09/2024,434.28,436.46,430.39,433.51,15128891
24/09/2024,433,433.35,426.1,429.17,17015754
25/09/2024,429.83,433.12,428.57,432.11,13396364
26/09/2024,435.09,435.3,429.13,431.31,14492044
27/09/2024,431.52,431.85,427.47,428.02,14896131
30/09/2024,428.21,430.42,425.37,430.3,16854606
01/10/2024,428.45,428.48,418.81,420.69,19092945
02/10/2024,422.58,422.82,416.71,417.13,16582257
03/10/2024,417.63,419.55,414.29,416.54,13686421
04/10/2024,418.24,419.75,414.97,416.06,19190913
07/10/2024,416,417.11,409,409.54,20919761
08/10/2024,410.9,415.66,408.17,414.71,19229261
09/10/2024,415.86,420.38,414.3,417.46,14974257
10/10/2024,415.23,417.35,413.15,415.84,13848376
11/10/2024,416.14,417.13,413.25,416.32,14144944
14/10/2024,417.77,424.04,417.52,419.14,16653086
15/10/2024,422.18,422.48,415.26,418.74,18900201
16/10/2024,415.17,416.36,410.48,416.12,15508932
17/10/2024,422.36,422.5,415.59,416.72,14820004
18/10/2024,417.14,419.65,416.26,418.16,17145317
21/10/2024,416.12,418.96,413.75,418.78,14206115
22/10/2024,418.49,430.58,418.04,427.51,25482197
23/10/2024,430.86,431.08,422.53,424.6,19654379
24/10/2024,425.33,425.98,422.4,424.73,13581631
25/10/2024,426.76,432.52,426.57,428.15,16899064
28/10/2024,431.66,431.94,426.3,426.59,14882444
29/10/2024,428,433.17,425.8,431.95,17644080
30/10/2024,437.44,438.5,432.1,432.53,29749149
31/10/2024,415.36,416.16,406.3,406.35,53970981
01/11/2024,409.01,415.5,407.5,410.37,24230442
04/11/2024,409.8,410.42,405.57,408.46,19672286
05/11/2024,408.37,414.9,408.08,411.46,17626011
06/11/2024,412.42,420.45,410.52,420.18,26681842
07/11/2024,421.28,426.85,419.88,425.43,19901782
08/11/2024,425.32,426.5,421.78,422.54,16891414
11/11/2024,422.52,424.81,416,418.01,24503321
12/11/2024,418.25,424.44,417.2,423.03,19401204
13/11/2024,421.64,429.33,418.21,425.2,21502185
14/11/2024,425,428.17,420,426.89,30246881
15/11/2024,419.82,422.8,413.64,415,28247644
18/11/2024,414.87,418.4,412.1,415.76,24742013
19/11/2024,413.11,417.94,411.55,417.79,18133529
20/11/2024,416.87,417.29,410.58,415.49,19191655
21/11/2024,419.5,419.78,410.29,412.87,20780162
22/11/2024,411.37,417.4,411.06,417,24814626
25/11/2024,418.38,421.08,414.85,418.79,27691090
26/11/2024,419.59,429.04,418.85,427.99,23458889
27/11/2024,425.11,427.23,422.02,422.99,18332444
29/11/2024,420.09,424.88,417.8,423.46,16271921
02/12/2024,421.57,433,421.31,430.98,20207223
03/12/2024,429.84,432.47,427.74,431.2,18301987
04/12/2024,433.03,439.67,432.63,437.42,26009429
05/12/2024,437.92,444.66,436.17,442.62,21697775
06/12/2024,442.3,446.1,441.77,443.57,18821002
09/12/2024,442.6,448.33,440.5,446.02,19144388
10/12/2024,444.39,449.62,441.6,443.33,18469459
11/12/2024,444.05,450.35,444.05,448.99,19200208
12/12/2024,449.11,456.16,449.11,449.56,20834779
13/12/2024,448.44,451.43,445.58,447.27,20177833
16/12/2024,447.27,452.18,445.28,451.59,23598834
17/12/2024,451.01,455.29,449.57,454.46,22733494
18/12/2024,451.32,452.65,437.02,437.39,24444545
19/12/2024,441.62,443.18,436.32,437.03,22963681
20/12/2024,433.11,443.74,428.63,436.6,64263694
23/12/2024,436.74,437.65,432.83,435.25,19152519
24/12/2024,434.65,439.6,434.19,439.33,7164543
26/12/2024,439.08,440.94,436.63,438.11,8199927
27/12/2024,434.6,435.22,426.35,430.53,18117713
30/12/2024,426.06,427.55,421.9,424.83,13158703
31/12/2024,426.1,426.73,420.66,421.5,13246509
02/01/2025,425.53,426.07,414.85,418.58,16896469
03/01/2025,421.08,424.03,419.54,423.35,16662943
06/01/2025,428,434.32,425.48,427.85,20573648
07/01/2025,429,430.65,420.8,422.37,18139065
08/01/2025,423.46,426.97,421.54,424.56,15054575
10/01/2025,424.63,424.71,415.02,418.95,20201132
13/01/2025,415.24,418.5,412.29,417.19,17604780
14/01/2025,417.81,419.74,410.72,415.67,16935856
15/01/2025,419.13,428.15,418.27,426.31,19637838
16/01/2025,428.7,429.49,424.39,424.58,15300023
17/01/2025,434.09,434.48,428.17,429.03,26197507
21/01/2025,430.2,430.9,425.6,428.5,26085703
22/01/2025,437.56,447.27,436,446.2,27803811
23/01/2025,442,446.75,441.5,446.71,18389270
24/01/2025,445.16,446.65,441.4,444.06,15549453
27/01/2025,424.01,435.2,423.5,434.56,35647805
28/01/2025,434.6,448.38,431.38,447.2,23491703
29/01/2025,446.69,446.88,440.4,442.33,23581370
30/01/2025,418.77,422.86,413.16,414.99,54586260
31/01/2025,418.98,420.69,414.91,415.06,34223388
03/02/2025,411.6,415.41,408.66,410.92,25679149
04/02/2025,412.69,413.92,409.74,412.37,20532096
05/02/2025,412.35,413.83,410.4,413.29,16336188
06/02/2025,414,418.2,414,415.82,16309755
07/02/2025,416.48,418.65,408.1,409.75,22886844
10/02/2025,413.71,415.46,410.92,412.22,20817919
11/02/2025,409.64,412.49,409.3,411.44,18140592
12/02/2025,407.21,410.75,404.37,409.04,19121734
13/02/2025,407,411,406.36,410.54,23891731
14/02/2025,407.79,408.91,405.88,408.43,22758464
18/02/2025,408,410.6,406.5,409.64,21423051
19/02/2025,407.88,415.49,407.65,414.77,24114197
20/02/2025,415.29,419.31,412.54,416.13,23508728
21/02/2025,417.34,418.05,407.89,408.21,27524799
24/02/2025,408.51,409.37,399.32,404,26443656
25/02/2025,401.1,401.92,396.7,397.9,29387402
26/02/2025,398.01,403.6,394.25,399.73,19618954
27/02/2025,401.27,405.74,392.17,392.53,21127406
28/02/2025,392.66,397.63,386.57,396.99,32845658
03/03/2025,398.82,398.82,386.16,388.49,23007726
04/03/2025,383.4,392.58,381,388.61,29342923
05/03/2025,389.34,401.67,388.81,401.02,23433132
06/03/2025,394.28,402.15,392.68,396.89,23304625
07/03/2025,392.32,394.8,385.54,393.31,22034087
10/03/2025,385.84,386.4,377.22,380.16,32840134
11/03/2025,379,386,376.91,380.45,30380177
12/03/2025,382.95,385.22,378.95,383.27,24253567
13/03/2025,383.16,385.32,377.45,378.77,20473017
14/03/2025,379.78,390.23,379.51,388.56,19952846
17/03/2025,386.7,392.71,385.57,388.7,22474272
18/03/2025,387.07,387.37,381.1,383.52,19486850
19/03/2025,385.53,389.68,384,387.82,19185532
20/03/2025,385.74,391.79,383.28,386.84,18470542
21/03/2025,383.22,391.74,382.8,391.26,39675928
24/03/2025,395.4,395.4,389.81,393.08,21004548
25/03/2025,393.92,396.36,392.64,395.16,15774968
26/03/2025,395,395.31,388.57,389.97,16132906
27/03/2025,390.13,392.24,387.4,390.58,13766761
28/03/2025,388.08,389.13,376.93,378.8,21632016
31/03/2025,372.54,377.07,367.24,375.39,35184676
01/04/2025,374.65,382.85,373.23,382.19,19689503
02/04/2025,377.97,385.08,376.62,382.14,16092555
03/04/2025,374.79,377.48,369.35,373.11,30197997
04/04/2025,364.13,374.59,359.48,359.84,49209854
07/04/2025,350.88,371,344.79,357.86,50424998
08/04/2025,368.26,373.65,350.25,354.56,35868918
09/04/2025,353.54,393.23,353.1,390.49,50199696
10/04/2025,382.06,383.9,367.8,381.35,38024368
11/04/2025,380.64,390.05,378.89,388.45,23839220
14/04/2025,393.22,394.65,384.21,387.81,19251172
15/04/2025,388.51,391.89,384.16,385.73,17199890
16/04/2025,380.67,381.61,368,371.61,21967826
17/04/2025,373.75,374.32,366.89,367.78,21120192
21/04/2025,362.82,364.48,355.67,359.12,20807279
22/04/2025,363.38,367.77,359.86,366.82,19484993
23/04/2025,376.06,380.39,373.02,374.39,20545526
24/04/2025,375.7,388.45,375.19,387.3,22232289
25/04/2025,387,392.16,384.6,391.85,18973165
28/04/2025,391.96,392.74,386.64,391.16,16579430
29/04/2025,391.3,395.1,390.38,394.04,14973976
30/04/2025,390.3,396.66,384.44,395.26,36461075
01/05/2025,431.11,436.99,424.9,425.4,58938100
02/05/2025,431.74,439.44,429.99,435.28,30757434
05/05/2025,432.87,439.5,432.11,436.17,20136053
06/05/2025,432.2,437.73,431.17,433.31,15104204
07/05/2025,433.84,438.12,431.11,433.35,23307241
08/05/2025,437.93,443.67,435.66,438.17,23491330
09/05/2025,440,440.74,435.88,438.73,15324233
12/05/2025,445.94,449.37,439.78,449.26,22821935
13/05/2025,447.78,450.67,445.36,449.14,23618819
14/05/2025,448.14,453.9,448.14,452.94,19902796
15/05/2025,450.77,456.19,450.43,453.13,21992323
16/05/2025,452.05,454.36,448.73,454.27,23849781
19/05/2025,450.88,459.59,450.8,458.87,21336509
20/05/2025,455.59,458.34,454.32,458.17,15441808
21/05/2025,454.57,457.78,451.81,452.57,19216906
22/05/2025,454.95,460.25,453.9,454.86,18025612
23/05/2025,449.98,453.69,448.91,450.18,16883509
27/05/2025,456.48,460.95,456.12,460.69,20974293
28/05/2025,461.22,462.52,456.93,457.36,17086261
29/05/2025,461.55,461.72,455.31,458.68,13982211
30/05/2025,459.72,461.68,455.54,460.36,34770475
02/06/2025,457.14,462.11,456.89,461.97,16626495
03/06/2025,461.47,464.14,460.86,462.97,15743760
04/06/2025,464,465.69,463.02,463.87,14162688
05/06/2025,464.96,469.65,464.03,467.68,20154460
06/06/2025,470.09,473.34,468.78,470.38,15285624
09/06/2025,469.7,473.43,468.62,472.75,16469932
10/06/2025,471.19,472.8,466.96,470.92,15375944
11/06/2025,470.02,475.47,469.66,472.62,16399176
12/06/2025,475.02,480.42,473.52,478.87,18950582
13/06/2025,476.41,479.18,472.76,474.96,16814456
16/06/2025,475.21,480.69,475,479.14,15626104
17/06/2025,475.4,478.74,474.08,478.04,15414128
18/06/2025,478,481,474.46,480.24,17526452
20/06/2025,482.23,483.46,476.87,477.4,37576206
23/06/2025,478.21,487.75,472.51,486,24863952
24/06/2025,488.95,491.85,486.8,490.11,22305642
25/06/2025,492.04,494.56,489.39,492.27,17495099
26/06/2025,492.98,498.04,492.81,497.45,21578853
27/06/2025,497.55,499.3,493.03,495.94,34539236
30/06/2025,497.04,500.76,495.33,497.41,28368991
01/07/2025,496.47,498.05,490.98,492.05,19945375
02/07/2025,489.99,493.5,488.7,491.09,16319641
03/07/2025,493.81,500.13,493.44,498.84,13984829
07/07/2025,497.38,498.75,495.23,497.72,13981605
08/07/2025,497.24,498.2,494.11,496.62,11846586
09/07/2025,500.3,506.78,499.74,503.51,18659538
10/07/2025,503.05,504.44,497.75,501.48,16498740
11/07/2025,498.47,505.03,497.8,503.32,16459512
14/07/2025,501.52,503.97,501.03,503.02,12058848
15/07/2025,503.02,508.3,502.79,505.82,14927202
16/07/2025,505.18,506.72,501.89,505.62,15154374
17/07/2025,505.68,513.37,505.62,511.7,17503129
18/07/2025,514.48,514.64,507.43,510.05,21209666
21/07/2025,506.71,512.09,505.55,510.06,14066805
22/07/2025,510.97,511.2,505.27,505.27,13868644
23/07/2025,506.75,506.79,500.7,505.87,16396585
24/07/2025,508.77,513.67,507.3,510.88,16107000
25/07/2025,512.47,518.29,510.36,513.71,19125699
28/07/2025,514.08,515,510.12,512.5,14308027
29/07/2025,515.53,517.62,511.56,512.57,16469235
30/07/2025,515.17,515.95,509.44,513.24,26380434
31/07/2025,555.23,555.45,531.9,533.5,51617326
01/08/2025,535,535.8,520.86,524.11,28977628
04/08/2025,528.27,538.25,528.13,535.64,25349004
05/08/2025,537.18,537.3,527.24,527.75,19171569
06/08/2025,530.9,531.7,524.03,524.94,21355702
07/08/2025,526.8,528.09,517.55,520.84,16079144
08/08/2025,522.6,524.66,519.41,522.04,15531009
11/08/2025,522.3,527.59,519.72,521.77,20194372
12/08/2025,523.75,530.98,522.7,529.24,18688921
13/08/2025,532.11,532.7,519.37,520.58,19619160
14/08/2025,522.56,525.95,520.14,522.48,20269074
15/08/2025,522.77,526.1,519.08,520.17,25213272
18/08/2025,521.59,522.82,514.02,517.1,23760583
19/08/2025,515,515.16,508.55,509.77,21481016
20/08/2025,509.87,511,504.44,505.72,27723025
21/08/2025,503.69,507.63,502.72,504.24,18443254
22/08/2025,504.25,510.73,502.41,507.23,24324161
25/08/2025,506.63,508.19,504.12,504.26,21638579
26/08/2025,504.36,504.98,498.51,502.04,30835709
27/08/2025,502,507.29,499.9,506.74,17277893
28/08/2025,507.09,511.09,505.5,509.64,18015593
29/08/2025,508.66,509.6,504.49,506.69,20961569
02/09/2025,500.47,506,496.81,505.12,18127995
03/09/2025,503.79,507.79,502.32,505.35,16345078
04/09/2025,504.3,508.15,503.15,507.97,15509486
05/09/2025,509.07,511.97,492.37,495,31994846
08/09/2025,498.11,501.2,495.03,498.2,16771015
09/09/2025,501.43,502.25,497.7,498.41,14410542
10/09/2025,502.98,503.23,496.72,500.37,21611816
11/09/2025,502.25,503.17,497.88,501.01,18881608
12/09/2025,506.65,512.55,503.85,509.9,23624884
15/09/2025,508.79,515.47,507,515.36,17143786
16/09/2025,516.88,517.23,508.6,509.04,19711922
17/09/2025,510.62,511.29,505.93,510.02,15816585
18/09/2025,511.49,513.07,507.66,508.45,18913696
19/09/2025,510.56,519.3,510.31,517.93,52474093
22/09/2025,515.59,517.74,512.54,514.45,20009314
23/09/2025,513.8,514.59,507.31,509.23,19799580
24/09/2025,513.8,514.59,507.31,509.23,98063
25/09/2025,508.3,510.01,505.04,507.03,15786468
26/09/2025,510.06,513.94,506.62,511.46,16213129
29/09/2025,511.5,516.85,508.88,514.6,17617775
30/09/2025,513.24,518.16,509.66,517.95,19728229
01/10/2025,514.8,520.51,511.69,519.71,22632336
02/10/2025,517.64,521.6,510.68,515.74,21222886
03/10/2025,517.1,520.49,515,517.35,15112321
06/10/2025,518.61,531.03,518.2,528.57,21388581
07/10/2025,528.29,529.8,521.44,523.98,14615208
08/10/2025,523.28,526.95,523.09,524.85,13363447
09/10/2025,522.34,524.33,517.4,522.4,18343602
10/10/2025,519.64,523.58,509.63,510.96,24133840
13/10/2025,516.41,516.41,511.68,514.05,14284238
14/10/2025,510.23,515.28,506,513.57,14684300
15/10/2025,514.96,517.19,510,513.43,14694654
16/10/2025,512.58,516.85,508.13,511.61,15559565
17/10/2025,509.04,515.48,507.31,513.58,19867765
20/10/2025,514.61,518.7,513.43,516.79,14665620
21/10/2025,517.5,518.69,513.04,517.66,15586204
22/10/2025,521.15,525.23,517.71,520.54,18962694
23/10/2025,522.46,523.95,518.61,520.56,14023532
24/10/2025,522.79,525.35,520.71,523.61,15532360
27/10/2025,531.78,534.58,529.01,531.52,18734716
28/10/2025,550,553.72,540.77,542.07,29986683
29/10/2025,544.94,546.27,536.73,541.55,36023004
30/10/2025,530.48,534.97,522.12,525.76,41023088
31/10/2025,528.88,529.32,515.1,517.81,34006424
03/11/2025,519.8,524.96,514.59,517.03,22374742
04/11/2025,511.76,515.55,507.84,514.33,20958663
05/11/2025,513.3,514.83,506.58,507.16,23024342
06/11/2025,505.66,505.7,495.81,497.1,27406496
07/11/2025,496.95,499.38,493.25,496.82,24019764
10/11/2025,500.04,506.85,498.8,506,26101480
11/11/2025,504.8,509.6,502.35,508.68,17980020
12/11/2025,509.36,511.67,499.12,511.14,26574851
13/11/2025,510.31,513.5,501.29,503.29,25273114
14/11/2025,498.23,511.6,497.44,510.18,28505746
17/11/2025,508.45,512.12,504.91,507.49,19092752
18/11/2025,495.37,502.98,486.78,493.79,33815114
19/11/2025,490.1,495.19,482.83,487.12,23245314
20/11/2025,492.71,493.57,475.5,478.43,26802542
21/11/2025,478.5,478.92,468.27,472.12,31769248
24/11/2025,475,476.9,468.02,474,34421046
25/11/2025,474.07,479.15,464.89,476.99,28019793
26/11/2025,486.31,488.31,481.2,485.5,25709079
28/11/2025,487.6,492.63,486.65,492.01,14386730
01/12/2025,488.44,489.86,484.65,486.74,23963993
02/12/2025,486.72,493.5,486.32,490,19562722
03/12/2025,476.32,484.24,475.2,477.73,34615102
04/12/2025,479.76,481.32,476.49,480.84,22318155
05/12/2025,482.52,483.4,478.88,483.16,22608710
08/12/2025,484.89,492.3,484.38,491.02,21965900
09/12/2025,489.1,492.12,488.5,492.02,14696078
10/12/2025,484.03,484.25,475.08,478.56,35756229
11/12/2025,476.63,486.03,475.86,483.47,24669180
12/12/2025,479.82,482.45,476.34,478.53,21248102
15/12/2025,480.1,480.72,472.52,474.82,23727694
16/12/2025,471.91,477.89,470.88,476.39,20705560
17/12/2025,476.91,480,475,476.12,24527176
18/12/2025,478.19,489.6,477.89,483.98,28573545
19/12/2025,487.36,487.85,482.49,485.92,70836105
22/12/2025,486.12,488.73,482.69,484.92,16963019
23/12/2025,484.98,487.83,484.74,486.85,14683582
24/12/2025,485.68,489.16,484.83,488.02,5855880
26/12/2025,486.71,488.12,485.96,487.71,8842175
29/12/2025,484.86,488.35,484.18,487.1,10893408
30/12/2025,485.93,489.68,485.5,487.48,13944512
31/12/2025,487.84,488.14,483.3,483.62,15601554
02/01/2026,484.39,484.66,470.16,472.94,25571567
05/01/2026,474.06,476.07,469.5,472.85,25250260
06/01/2026,473.8,478.74,469.75,478.51,23037665
07/01/2026,479.76,489.7,477.95,483.47,25564196
08/01/2026,481.24,482.66,475.86,478.11,18162616
09/01/2026,474.06,479.82,472.2,479.28,18491036
12/01/2026,476.67,480.99,475.68,477.18,23519895
13/01/2026,474.68,475.78,465.95,470.67,28545800
14/01/2026,466.46,468.2,457.17,459.38,28184302
15/01/2026,464.12,464.25,455.9,456.66,23225839
16/01/2026,457.83,463.19,456.48,459.86,34246650
20/01/2026,451.22,456.8,449.28,454.52,26129992
21/01/2026,452.6,452.69,438.68,444.11,37980510
22/01/2026,447.62,452.84,444.7,451.14,25349378
23/01/2026,451.87,471.1,450.53,465.95,38000159
26/01/2026,465.31,474.25,462,470.28,29291235
27/01/2026,473.7,482.87,473.16,480.58,29213923
28/01/2026,483.21,483.74,478,481.63,36875403
29/01/2026,439.99,442.5,421.02,433.5,128855323
30/01/2026,439.17,439.6,426.45,430.29,58566819
02/02/2026,430.24,430.74,422.25,423.37,42219858
03/02/2026,422.01,422.05,408.56,411.21,61424123
04/02/2026,411,419.8,409.24,414.19,45012374
05/02/2026,407.44,408.3,392.32,393.67,66289247
06/02/2026,399.17,401.79,392.92,401.14,53515311
09/02/2026,404.85,414.89,400.87,413.6,45480526
10/02/2026,419.62,423.68,412.7,413.27,44857850
11/02/2026,416.18,416.46,401.01,404.37,42491012
12/02/2026,405,406.2,398.01,401.84,40802362
13/02/2026,404.45,405.54,398.05,401.32,34091553
17/02/2026,399.22,400.52,394.53,396.86,32078794
18/02/2026,398.13,402.56,396.32,399.6,23223417
19/02/2026,400.69,404.43,396.67,398.46,28234001
20/02/2026,396.11,400.12,395.16,397.23,34015249
23/02/2026,395,395.36,383.1,384.47,42948469
24/02/2026,384.14,389.36,381.71,389,32760960
25/02/2026,390.53,401.47,390.16,400.6,42463802
26/02/2026,404.71,407.49,398.74,401.72,33560207
27/02/2026,390.88,396.82,389.88,392.74,50644411
02/03/2026,392.86,401.19,390.63,398.55,32511002
03/03/2026,393.14,406.7,392.67,403.93,37261606
04/03/2026,401.27,411.03,400.31,405.2,34939188
05/03/2026,404.42,411.61,404.4,410.68,38392469
06/03/2026,409.2,413.05,408.51,408.96,30798251
09/03/2026,404.92,410.21,403.5,409.41,29645486
10/03/2026,410.03,410.2,402.93,405.76,31414643
11/03/2026,405.57,409.01,401.59,404.88,25512139
12/03/2026,404.63,406.12,401.71,401.86,27263887
13/03/2026,401,404.8,394.25,395.55,26848001
16/03/2026,398.07,400.63,394.79,399.95,27733721
17/03/2026,400.27,404.4,397.75,399.41,26228279
18/03/2026,397.13,398,391,391.79,25908485
19/03/2026,390.1,392.49,387.06,389.02,25138772
20/03/2026,386.79,387,380.12,381.87,50853154
23/03/2026,383.9,387.21,381.68,383,29680059
24/03/2026,382.36,382.47,371.85,372.74,42733625
25/03/2026,376.92,377.06,369.63,371.04,31181164
26/03/2026,370.82,374.72,365.19,365.97,36836575
27/03/2026,361.9,362.45,356.51,356.77,37883401
30/03/2026,361.9,365.36,356.28,358.96,44797003
31/03/2026,364.55,372.9,363.07,370.17,45244366
01/04/2026,373.49,373.99,368.2,369.37,29417207
02/04/2026,367.21,373.64,364.15,373.46,24099067
06/04/2026,373.49,373.73,369.5,372.88,16146572
07/04/2026,370.34,372.45,366.56,372.29,21443349
08/04/2026,384.98,385,371.41,374.33,33064819
09/04/2026,372.5,373.5,367.05,373.07,30435297
10/04/2026,372.98,375.64,370.03,370.87,28111128
13/04/2026,373.61,384.54,371.02,384.37,35745781
14/04/2026,387.92,394.69,386.52,393.11,37504486
15/04/2026,398,414.37,396.73,411.22,45063389
16/04/2026,419.86,420.82,412.14,420.26,41642361
17/04/2026,424.82,431.58,420.69,422.79,48568190
20/04/2026,421.15,423.33,416.3,418.07,27582237
21/04/2026,420.24,427.18,417.2,424.16,32048496
22/04/2026,426.19,433.7,423.67,432.92,29378173
23/04/2026,419.89,423.66,411.41,415.75,38307960
24/04/2026,416.97,424.95,415.8,424.62,27457405
27/04/2026,422.38,427.11,417.07,424.82,30867303
28/04/2026,424.57,429.92,421.9,429.25,30438088
29/04/2026,424.58,426.82,420.29,424.46,38288317
30/04/2026,410.81,414.42,398.01,407.78,70909408
01/05/2026,412.8,417.11,410.44,414.44,31372362
04/05/2026,411.54,420.78,410.8,413.62,28066528
05/05/2026,415.32,416.78,408.8,411.38,25700891
06/05/2026,408,418.42,405.11,413.96,30285898
07/05/2026,420.11,427.98,418.76,420.77,34942445
08/05/2026,417.39,418.63,414,415.12,33383791
11/05/2026,407.87,412.69,405.5,412.66,35657943
12/05/2026,414.48,415.5,406.64,407.77,38594221
13/05/2026,403.2,406.31,401.03,405.21,29667073
14/05/2026,404.48,411.84,400.88,409.43,27077543
15/05/2026,414.27,428.17,412.91,421.92,50771160
18/05/2026,416.62,425.12,415.61,423.54,32564130
19/05/2026,429.9,432.7,416.49,417.42,33018679
20/05/2026,414.17,422.1,411.3,421.06,27864016
21/05/2026,424.75,426.34,415.71,419.09,31393469
22/05/2026,419.54,424.4,416.33,418.57,22390344
26/05/2026,416.43,419.77,413.02,416.03,30398050
27/05/2026,411.01,415.94,409.58,412.67,28901480
28/05/2026,412.98,429.49,412.67,426.99,47250541
29/05/2026,432.55,450.33,432.36,450.24,79654376
01/06/2026,464.84,466.32,458.27,460.52,53628910
02/06/2026,446.88,453.5,440.43,441.31,37036802
03/06/2026,438.45,440.39,424.25,427.34,39037007
04/06/2026,435.81,436.15,426.41,428.05,26899512
05/06/2026,428.34,429.47,414.4,416.67,34782165
08/06/2026,414.14,417.16,408.56,411.74,32086715
09/06/2026,409.03,411.98,398.48,403.41,35317303
10/06/2026,398.55,405.04,397.16,397.36,32576042
11/06/2026,395.21,396.85,384,390.34,47224135
12/06/2026,391.43,391.74,382.27,390.74,34922036
15/06/2026,396.8,401.75,392.85,399.76,32266437
16/06/2026,395.79,396.84,390.69,393.83,31506847
17/06/2026,390.25,390.37,377.32,378.91,41987834
18/06/2026,377.82,381.37,373.28,379.4,59714158
22/06/2026,375.74,381.63,367.07,367.34,45171106
23/06/2026,372.38,377.22,370.67,373.94,40647605
24/06/2026,371.57,378.88,364.78,365.46,44509855
25/06/2026,362.77,364.23,349.2,352.83,66360473
26/06/2026,357.15,376.61,355.43,372.97,186201632
29/06/2026,377.5,380.5,359.9,368.57,51229885
30/06/2026,371.03,374.15,367.45,373.02,44945696
01/07/2026,380.83,388.83,374.89,384.28,48065801
02/07/2026,384.48,392.2,383.7,390.49,42194410
06/07/2026,387.04,389.15,381.22,386.74,34224543
07/07/2026,392.49,395.57,388.22,388.84,29297525
08/07/2026,384.03,385.31,381.33,383.34,25908255
09/07/2026,374.45,384.65,373.35,384.36,31083198
10/07/2026,387.8,391.91,381.5,385.1,24644605
13/07/2026,387.75,393.65,384.15,390.99,28914878
14/07/2026,382.82,388.19,378.65,384.93,27863916
15/07/2026,387.8,398.96,386.4,395.63,36253746
16/07/2026,398.31,405.99,392.05,401.1,37047444
17/07/2026,394.86,398.39,389.39,393.82,33049842
20/07/2026,391.41,403.18,389.65,402.29,27915762
21/07/2026,398.81,401.47,396.32,397.75,24126632
22/07/2026,399.58,401,386.96,390.34,28142511
23/07/2026,389.97,391.78,377.39,381.58,30351753
24/07/2026,387.05,389.03,380.65,381.7,27659388
27/07/2026,390.08,394.2,387.99,389.1,27856161
28/07/2026,393.16,400.32,391.3,393.35,32367546
29/07/2026,393.4,401.25,388.74,390.54,47209032
30/07/2026,437.9,458.69,432.44,451.1,110160704
31/07/2026,450,466.84,449.33,464.72,60845972
03/08/2026,476.13,491.65,475,487.65,66762074
04/08/2026,480.9,499.44,479.17,492.81,50455455
05/08/2026,496.36,498.24,485.68,487.46,33388872
06/08/2026,488.55,501.56,488.52,499.86,36441544
07/08/2026,499.21,505.18,498.73,499.99,28846236
10/08/2026,503.44,513.73,502.27,506.06,31206138
11/08/2026,504.33,505.33,499.55,503.81,23049792
12/08/2026,499.99,501.5,491.52,492.43,29001479
13/08/2026,493.27,501.34,493.01,496.88,23038979
14/08/2026,496.36,500.01,493.92,495.4,16217647
17/08/2026,490.14,492.66,478.41,480.35,29635848
18/08/2026,481.54,484.27,477.15,481.63,24087592
19/08/2026,480.07,489.3,479.36,484.31,19961871
20/08/2026,483.3,484.16,479.5,481.15,20020823
21/08/2026,479.88,486.36,478.53,483.24,22510775
24/08/2026,483.21,490.61,481.86,487.31,17230752
25/08/2026,485.44,492.44,484.3,491.71,19518987
26/08/2026,487.85,497.4,487.31,496.37,20758854
27/08/2026,494.88,506.48,490.08,505.06,28688756
28/08/2026,505.33,517.78,504.87,513.53,29207325
31/08/2026,510.38,512.19,506.39,507.29,27208911
01/09/2026,497.52,505.97,496.78,501.02,21046893
02/09/2026,499.85,500.27,493.81,496.82,15336074
03/09/2026,501.66,515.65,500.8,510.12,24125893
04/09/2026,510,511,499.36,499.7,18101759
08/09/2026,493.01,495.19,490.15,493.95,18882338
09/09/2026,493.07,494.39,489.8,491.65,12889572
10/09/2026,488.32,494.52,486,492.44,16038805
11/09/2026,495.65,498.97,492.58,495.63,14518435