NVDA,,,,,
Date,Open,High,Low,Close,Volume
03/01/2000,0.1,0.1,0.09,0.1,30091199
04/01/2000,0.1,0.1,0.09,0.09,30047999
05/01/2000,0.09,0.09,0.09,0.09,18835199
06/01/2000,0.09,0.09,0.08,0.09,12048000
07/01/2000,0.09,0.09,0.08,0.09,7118400
10/01/2000,0.09,0.09,0.09,0.09,23985599
11/01/2000,0.09,0.09,0.09,0.09,14812800
12/01/2000,0.09,0.09,0.08,0.08,12355200
13/01/2000,0.08,0.09,0.08,0.09,13219200
14/01/2000,0.09,0.1,0.09,0.09,60455998
18/01/2000,0.09,0.1,0.09,0.1,26145599
19/01/2000,0.1,0.1,0.09,0.09,16468799
20/01/2000,0.1,0.1,0.09,0.09,17956799
21/01/2000,0.09,0.09,0.09,0.09,54427198
24/01/2000,0.1,0.1,0.09,0.09,25694399
25/01/2000,0.09,0.09,0.09,0.09,23711999
26/01/2000,0.09,0.09,0.08,0.08,23246399
27/01/2000,0.09,0.09,0.08,0.08,45820799
28/01/2000,0.08,0.08,0.07,0.08,19444799
31/01/2000,0.08,0.08,0.07,0.08,18239999
01/02/2000,0.08,0.08,0.07,0.08,9297600
02/02/2000,0.08,0.08,0.08,0.08,14904000
03/02/2000,0.08,0.09,0.08,0.08,10824000
04/02/2000,0.09,0.09,0.08,0.08,12369600
07/02/2000,0.08,0.08,0.08,0.08,21748799
08/02/2000,0.08,0.09,0.08,0.08,46881599
09/02/2000,0.09,0.09,0.09,0.09,58905598
10/02/2000,0.09,0.1,0.09,0.1,97003197
11/02/2000,0.11,0.11,0.1,0.1,42379199
14/02/2000,0.1,0.12,0.1,0.12,65011198
15/02/2000,0.12,0.12,0.11,0.12,45047999
16/02/2000,0.12,0.13,0.12,0.12,101956797
17/02/2000,0.12,0.13,0.12,0.13,53577598
18/02/2000,0.12,0.14,0.12,0.14,96086397
22/02/2000,0.14,0.14,0.13,0.14,54249598
23/02/2000,0.13,0.14,0.13,0.14,51139198
24/02/2000,0.14,0.14,0.13,0.14,24431999
25/02/2000,0.14,0.14,0.12,0.13,27873599
28/02/2000,0.13,0.13,0.12,0.13,51787198
29/02/2000,0.13,0.13,0.13,0.13,30604799
01/03/2000,0.13,0.13,0.13,0.13,38356799
02/03/2000,0.13,0.13,0.12,0.12,19103999
03/03/2000,0.12,0.12,0.12,0.12,27369599
06/03/2000,0.12,0.13,0.12,0.12,43070399
07/03/2000,0.16,0.18,0.15,0.17,195201594
08/03/2000,0.17,0.18,0.16,0.18,66873598
09/03/2000,0.18,0.23,0.18,0.21,95390397
10/03/2000,0.22,0.3,0.22,0.25,216057593
13/03/2000,0.22,0.31,0.22,0.31,241492793
14/03/2000,0.31,0.31,0.23,0.23,156753595
15/03/2000,0.25,0.25,0.21,0.22,99532797
16/03/2000,0.23,0.23,0.19,0.2,74990398
17/03/2000,0.19,0.22,0.19,0.21,55718398
20/03/2000,0.22,0.22,0.2,0.21,36527999
21/03/2000,0.21,0.21,0.18,0.2,53663998
22/03/2000,0.2,0.21,0.2,0.2,23059199
23/03/2000,0.2,0.21,0.2,0.2,30940799
24/03/2000,0.2,0.21,0.19,0.19,23159999
27/03/2000,0.19,0.2,0.18,0.18,38894399
28/03/2000,0.18,0.18,0.16,0.17,39331199
29/03/2000,0.17,0.17,0.15,0.16,46943999
30/03/2000,0.15,0.17,0.15,0.16,36191999
31/03/2000,0.17,0.18,0.16,0.18,96297597
03/04/2000,0.17,0.18,0.16,0.16,32995199
04/04/2000,0.17,0.17,0.12,0.16,51379198
05/04/2000,0.16,0.2,0.15,0.19,63959998
06/04/2000,0.2,0.21,0.19,0.2,40454399
07/04/2000,0.21,0.22,0.2,0.21,31857599
10/04/2000,0.22,0.23,0.19,0.19,39527999
11/04/2000,0.18,0.2,0.17,0.18,45758399
12/04/2000,0.18,0.19,0.16,0.16,31343999
13/04/2000,0.17,0.17,0.15,0.16,31319999
14/04/2000,0.15,0.16,0.14,0.14,42191999
17/04/2000,0.13,0.16,0.13,0.15,29409599
18/04/2000,0.17,0.19,0.16,0.18,47750399
19/04/2000,0.18,0.19,0.17,0.17,27830399
20/04/2000,0.17,0.18,0.17,0.17,15393600
24/04/2000,0.16,0.17,0.15,0.16,20596799
25/04/2000,0.17,0.18,0.17,0.18,24969599
26/04/2000,0.19,0.19,0.18,0.18,25411199
27/04/2000,0.16,0.19,0.16,0.19,28099199
28/04/2000,0.19,0.2,0.19,0.19,17865599
01/05/2000,0.19,0.2,0.19,0.19,11942400
02/05/2000,0.19,0.2,0.18,0.18,23399999
03/05/2000,0.18,0.19,0.17,0.18,32918399
04/05/2000,0.18,0.19,0.18,0.18,24115199
05/05/2000,0.18,0.2,0.18,0.19,17059199
08/05/2000,0.19,0.19,0.18,0.18,18513599
09/05/2000,0.19,0.19,0.18,0.18,17683199
10/05/2000,0.18,0.18,0.16,0.16,27407999
11/05/2000,0.17,0.17,0.16,0.17,24590399
12/05/2000,0.18,0.19,0.17,0.17,18782399
15/05/2000,0.17,0.18,0.16,0.18,28209599
16/05/2000,0.19,0.2,0.18,0.2,36643199
17/05/2000,0.21,0.24,0.21,0.23,129052796
18/05/2000,0.23,0.24,0.21,0.21,50990398
19/05/2000,0.21,0.22,0.21,0.21,52118398
22/05/2000,0.21,0.23,0.19,0.23,51715198
23/05/2000,0.22,0.25,0.22,0.22,77851198
24/05/2000,0.22,0.23,0.19,0.22,73963198
25/05/2000,0.23,0.24,0.22,0.22,56918398
26/05/2000,0.22,0.23,0.21,0.22,18350399
30/05/2000,0.23,0.23,0.22,0.23,30364799
31/05/2000,0.23,0.24,0.23,0.24,46953599
01/06/2000,0.24,0.25,0.24,0.24,41879999
02/06/2000,0.25,0.28,0.25,0.27,59193598
05/06/2000,0.27,0.29,0.26,0.28,49190398
06/06/2000,0.28,0.29,0.26,0.27,37588799
07/06/2000,0.26,0.27,0.25,0.25,33235199
08/06/2000,0.26,0.26,0.25,0.26,46070399
09/06/2000,0.26,0.28,0.26,0.26,46727999
12/06/2000,0.26,0.27,0.25,0.26,37996799
13/06/2000,0.25,0.26,0.25,0.26,44783999
14/06/2000,0.27,0.27,0.26,0.26,27508799
15/06/2000,0.26,0.27,0.25,0.27,33825599
16/06/2000,0.27,0.31,0.27,0.31,98759997
19/06/2000,0.31,0.36,0.3,0.33,105215997
20/06/2000,0.34,0.34,0.32,0.33,61027198
21/06/2000,0.32,0.37,0.32,0.36,61487998
22/06/2000,0.36,0.37,0.34,0.34,61420798
23/06/2000,0.33,0.34,0.31,0.31,60739198
26/06/2000,0.31,0.35,0.31,0.35,61799998
27/06/2000,0.34,0.35,0.29,0.3,60424798
28/06/2000,0.3,0.31,0.28,0.29,58615198
29/06/2000,0.28,0.28,0.24,0.24,118480796
30/06/2000,0.26,0.27,0.24,0.26,120621596
03/07/2000,0.27,0.28,0.25,0.25,23265599
05/07/2000,0.25,0.25,0.22,0.23,77793598
06/07/2000,0.23,0.25,0.22,0.24,60379198
07/07/2000,0.25,0.25,0.24,0.24,34655999
10/07/2000,0.24,0.26,0.24,0.25,35116799
11/07/2000,0.25,0.29,0.25,0.28,75530398
12/07/2000,0.29,0.3,0.28,0.28,38815199
13/07/2000,0.29,0.31,0.29,0.31,45854399
14/07/2000,0.32,0.32,0.3,0.31,28019999
17/07/2000,0.31,0.31,0.3,0.3,10555200
18/07/2000,0.29,0.31,0.29,0.3,18362399
19/07/2000,0.29,0.29,0.27,0.28,18947999
20/07/2000,0.28,0.29,0.28,0.29,14299200
21/07/2000,0.29,0.3,0.28,0.29,25192799
24/07/2000,0.29,0.29,0.25,0.27,28108799
25/07/2000,0.27,0.27,0.26,0.26,33530399
26/07/2000,0.26,0.26,0.23,0.24,38003999
27/07/2000,0.23,0.23,0.22,0.22,33155999
28/07/2000,0.22,0.24,0.21,0.23,51266398
31/07/2000,0.24,0.25,0.23,0.25,37123199
01/08/2000,0.25,0.25,0.24,0.25,35061599
02/08/2000,0.24,0.25,0.24,0.25,34543199
03/08/2000,0.23,0.27,0.23,0.26,36866399
04/08/2000,0.27,0.27,0.26,0.27,19478399
07/08/2000,0.27,0.29,0.27,0.29,24693599
08/08/2000,0.28,0.3,0.28,0.28,12811200
09/08/2000,0.28,0.29,0.27,0.27,13624800
10/08/2000,0.27,0.28,0.26,0.28,15643200
11/08/2000,0.28,0.28,0.26,0.27,13192800
14/08/2000,0.27,0.27,0.26,0.27,10857600
15/08/2000,0.27,0.3,0.27,0.3,44332799
16/08/2000,0.31,0.31,0.3,0.3,26618399
17/08/2000,0.3,0.31,0.3,0.31,12981600
18/08/2000,0.31,0.32,0.31,0.32,20471999
21/08/2000,0.33,0.34,0.32,0.33,46226399
22/08/2000,0.31,0.32,0.29,0.3,65882398
23/08/2000,0.29,0.31,0.28,0.31,35272799
24/08/2000,0.31,0.32,0.3,0.32,33261599
25/08/2000,0.32,0.32,0.31,0.31,15304800
28/08/2000,0.31,0.33,0.31,0.33,18926399
29/08/2000,0.33,0.33,0.32,0.32,14937600
30/08/2000,0.32,0.33,0.32,0.33,17807999
31/08/2000,0.33,0.34,0.33,0.33,38889599
01/09/2000,0.34,0.34,0.33,0.33,20414399
05/09/2000,0.34,0.34,0.33,0.33,24611999
06/09/2000,0.33,0.33,0.31,0.31,23013599
07/09/2000,0.31,0.33,0.3,0.33,23975999
08/09/2000,0.32,0.33,0.31,0.31,22264799
11/09/2000,0.3,0.3,0.28,0.29,28588799
12/09/2000,0.29,0.31,0.29,0.29,12597600
13/09/2000,0.29,0.3,0.28,0.29,23983199
14/09/2000,0.29,0.31,0.29,0.29,21626399
15/09/2000,0.29,0.3,0.29,0.3,24259199
18/09/2000,0.3,0.3,0.28,0.28,16348800
19/09/2000,0.27,0.29,0.26,0.29,30110399
20/09/2000,0.28,0.28,0.27,0.28,22756799
21/09/2000,0.28,0.3,0.28,0.29,34679999
22/09/2000,0.26,0.3,0.26,0.29,38726399
25/09/2000,0.3,0.32,0.3,0.32,46756799
26/09/2000,0.32,0.33,0.3,0.32,33734399
27/09/2000,0.32,0.36,0.32,0.34,67612798
28/09/2000,0.34,0.35,0.33,0.35,33381599
29/09/2000,0.34,0.35,0.34,0.34,37387199
02/10/2000,0.35,0.36,0.32,0.33,34058399
03/10/2000,0.33,0.34,0.31,0.32,30026399
04/10/2000,0.31,0.32,0.3,0.31,41956799
05/10/2000,0.31,0.31,0.3,0.3,52504798
06/10/2000,0.3,0.31,0.28,0.29,102717597
09/10/2000,0.28,0.3,0.26,0.29,66525598
10/10/2000,0.28,0.29,0.27,0.27,41594399
11/10/2000,0.25,0.29,0.24,0.27,53577598
12/10/2000,0.28,0.29,0.26,0.26,40161599
13/10/2000,0.26,0.28,0.26,0.27,57897598
16/10/2000,0.27,0.27,0.26,0.27,33921599
17/10/2000,0.26,0.27,0.24,0.25,46324799
18/10/2000,0.23,0.26,0.22,0.24,41695199
19/10/2000,0.26,0.27,0.25,0.27,29488799
20/10/2000,0.26,0.3,0.26,0.29,38738399
23/10/2000,0.29,0.29,0.27,0.28,18211199
24/10/2000,0.28,0.29,0.27,0.27,19396799
25/10/2000,0.27,0.27,0.25,0.25,38551199
26/10/2000,0.25,0.27,0.23,0.26,26577599
27/10/2000,0.26,0.27,0.25,0.26,21095999
30/10/2000,0.25,0.26,0.24,0.24,19211999
31/10/2000,0.25,0.26,0.24,0.26,29925599
01/11/2000,0.25,0.26,0.24,0.26,30453599
02/11/2000,0.27,0.29,0.26,0.28,19288799
03/11/2000,0.28,0.3,0.27,0.3,26858399
06/11/2000,0.3,0.33,0.3,0.32,63503998
07/11/2000,0.31,0.31,0.29,0.3,25823999
08/11/2000,0.3,0.3,0.28,0.29,18707999
09/11/2000,0.27,0.29,0.25,0.26,56443198
10/11/2000,0.27,0.28,0.24,0.25,80519998
13/11/2000,0.23,0.27,0.23,0.25,52989598
14/11/2000,0.26,0.29,0.26,0.29,47073599
15/11/2000,0.29,0.3,0.27,0.29,42386399
16/11/2000,0.28,0.29,0.27,0.27,23553599
17/11/2000,0.27,0.29,0.26,0.26,17865599
20/11/2000,0.25,0.25,0.24,0.24,29875199
21/11/2000,0.25,0.26,0.23,0.24,38251199
22/11/2000,0.23,0.24,0.22,0.23,40975199
24/11/2000,0.23,0.25,0.23,0.24,16511999
27/11/2000,0.26,0.26,0.22,0.23,36386399
28/11/2000,0.24,0.24,0.21,0.21,38234399
29/11/2000,0.22,0.22,0.18,0.2,63664798
30/11/2000,0.18,0.18,0.15,0.17,98162397
01/12/2000,0.18,0.2,0.18,0.19,78407998
04/12/2000,0.19,0.19,0.17,0.19,47421599
05/12/2000,0.2,0.21,0.18,0.2,99722397
06/12/2000,0.2,0.2,0.17,0.17,95092797
07/12/2000,0.16,0.18,0.15,0.17,78518398
08/12/2000,0.19,0.21,0.17,0.21,85336797
11/12/2000,0.2,0.21,0.2,0.21,75763198
12/12/2000,0.2,0.21,0.19,0.2,40951199
13/12/2000,0.2,0.2,0.18,0.19,67507198
14/12/2000,0.18,0.19,0.17,0.17,56899198
15/12/2000,0.16,0.17,0.16,0.16,109442397
18/12/2000,0.16,0.17,0.16,0.16,65887198
19/12/2000,0.16,0.18,0.15,0.15,94643997
20/12/2000,0.14,0.16,0.13,0.13,110539197
21/12/2000,0.13,0.15,0.11,0.12,84525597
22/12/2000,0.13,0.16,0.13,0.15,94907997
26/12/2000,0.15,0.15,0.13,0.14,34382399
27/12/2000,0.14,0.16,0.13,0.15,33945599
28/12/2000,0.14,0.15,0.14,0.15,41923199
29/12/2000,0.15,0.15,0.13,0.14,49516798
02/01/2001,0.14,0.14,0.12,0.12,29080799
03/01/2001,0.12,0.16,0.12,0.16,91041144
04/01/2001,0.16,0.19,0.16,0.18,81549192
05/01/2001,0.18,0.18,0.15,0.15,43283780
08/01/2001,0.15,0.18,0.15,0.17,57376512
09/01/2001,0.17,0.18,0.16,0.17,30290248
10/01/2001,0.16,0.19,0.16,0.18,39302200
11/01/2001,0.18,0.21,0.18,0.2,44781376
12/01/2001,0.2,0.22,0.19,0.2,66966864
16/01/2001,0.2,0.2,0.18,0.18,41507792
17/01/2001,0.19,0.2,0.19,0.19,59258100
18/01/2001,0.19,0.23,0.18,0.22,94847524
19/01/2001,0.23,0.24,0.21,0.22,101872264
22/01/2001,0.21,0.22,0.2,0.21,37771008
23/01/2001,0.21,0.23,0.2,0.23,43377380
24/01/2001,0.23,0.23,0.21,0.23,45172572
25/01/2001,0.22,0.22,0.2,0.21,44030176
26/01/2001,0.19,0.21,0.19,0.21,25924668
29/01/2001,0.21,0.21,0.2,0.21,35416620
30/01/2001,0.22,0.22,0.21,0.22,24371876
31/01/2001,0.22,0.23,0.21,0.22,35839020
01/02/2001,0.22,0.22,0.21,0.22,37185412
02/02/2001,0.22,0.22,0.19,0.2,32061436
05/02/2001,0.2,0.2,0.18,0.2,40598196
06/02/2001,0.19,0.2,0.19,0.2,25043872
07/02/2001,0.19,0.2,0.18,0.19,72038036
08/02/2001,0.19,0.2,0.19,0.19,38428604
09/02/2001,0.18,0.19,0.18,0.18,25965468
12/02/2001,0.18,0.18,0.17,0.18,35433420
13/02/2001,0.18,0.19,0.18,0.19,46773364
14/02/2001,0.18,0.2,0.18,0.2,69261252
15/02/2001,0.23,0.24,0.22,0.24,110864996
16/02/2001,0.22,0.25,0.22,0.25,108117008
20/02/2001,0.24,0.25,0.22,0.22,70134848
21/02/2001,0.21,0.24,0.21,0.23,64665276
22/02/2001,0.23,0.25,0.23,0.24,81558792
23/02/2001,0.24,0.25,0.22,0.23,103473032
26/02/2001,0.22,0.23,0.21,0.22,75189224
27/02/2001,0.22,0.22,0.21,0.21,53402132
28/02/2001,0.21,0.22,0.18,0.19,78438804
01/03/2001,0.18,0.2,0.17,0.2,91540340
02/03/2001,0.19,0.2,0.18,0.18,141349740
05/03/2001,0.17,0.19,0.17,0.18,74234028
06/03/2001,0.19,0.21,0.19,0.2,83440380
07/03/2001,0.21,0.22,0.2,0.22,93865928
08/03/2001,0.21,0.23,0.21,0.22,82969984
09/03/2001,0.21,0.21,0.19,0.21,121676940
12/03/2001,0.2,0.21,0.19,0.2,76226016
13/03/2001,0.2,0.23,0.2,0.23,108234680
14/03/2001,0.21,0.24,0.21,0.24,135112100
15/03/2001,0.25,0.27,0.24,0.25,187611836
16/03/2001,0.25,0.26,0.24,0.25,122545832
19/03/2001,0.25,0.26,0.23,0.26,94398728
20/03/2001,0.26,0.28,0.24,0.24,199064556
21/03/2001,0.24,0.26,0.24,0.26,187859060
22/03/2001,0.26,0.28,0.26,0.28,169811148
23/03/2001,0.29,0.29,0.27,0.28,150966468
26/03/2001,0.28,0.3,0.28,0.29,154295228
27/03/2001,0.29,0.3,0.27,0.28,170243148
28/03/2001,0.28,0.29,0.28,0.28,143339280
29/03/2001,0.28,0.3,0.28,0.29,163295180
30/03/2001,0.29,0.29,0.27,0.27,142364840
02/04/2001,0.27,0.28,0.26,0.26,126520140
03/04/2001,0.26,0.27,0.25,0.27,199719776
04/04/2001,0.26,0.26,0.22,0.24,336485540
05/04/2001,0.26,0.27,0.25,0.26,172563912
06/04/2001,0.26,0.28,0.25,0.26,154768000
09/04/2001,0.27,0.27,0.24,0.25,109737000
10/04/2001,0.25,0.28,0.25,0.27,118792180
11/04/2001,0.29,0.3,0.28,0.29,142710508
12/04/2001,0.28,0.31,0.28,0.29,144078500
16/04/2001,0.29,0.29,0.28,0.29,76410816
17/04/2001,0.28,0.3,0.28,0.3,111395440
18/04/2001,0.31,0.35,0.31,0.32,230283624
19/04/2001,0.32,0.36,0.32,0.35,163261628
20/04/2001,0.35,0.37,0.34,0.36,177387888
23/04/2001,0.35,0.35,0.34,0.34,123918604
24/04/2001,0.34,0.37,0.31,0.32,182958308
25/04/2001,0.32,0.34,0.32,0.33,142391288
26/04/2001,0.34,0.34,0.3,0.31,148600032
27/04/2001,0.32,0.33,0.31,0.33,91617140
30/04/2001,0.34,0.37,0.33,0.35,158343984
01/05/2001,0.35,0.38,0.34,0.38,186851064
02/05/2001,0.39,0.39,0.37,0.37,154804000
03/05/2001,0.36,0.37,0.36,0.37,96088316
04/05/2001,0.36,0.38,0.36,0.37,95382720
07/05/2001,0.37,0.39,0.37,0.39,97588312
08/05/2001,0.4,0.4,0.36,0.36,162111964
09/05/2001,0.35,0.36,0.34,0.35,131927340
10/05/2001,0.36,0.36,0.33,0.33,99913948
11/05/2001,0.33,0.34,0.32,0.33,92125936
14/05/2001,0.33,0.33,0.31,0.33,70372448
15/05/2001,0.33,0.35,0.33,0.34,124350600
16/05/2001,0.33,0.36,0.33,0.36,95793120
17/05/2001,0.36,0.37,0.35,0.36,91955540
18/05/2001,0.36,0.37,0.35,0.36,57582912
21/05/2001,0.36,0.38,0.35,0.38,106566688
22/05/2001,0.38,0.39,0.37,0.39,105731468
23/05/2001,0.4,0.42,0.38,0.38,224756428
24/05/2001,0.38,0.4,0.37,0.39,168073604
25/05/2001,0.38,0.39,0.38,0.38,94797124
29/05/2001,0.38,0.38,0.36,0.37,92164336
30/05/2001,0.36,0.38,0.36,0.36,330991896
31/05/2001,0.36,0.36,0.35,0.36,126306592
01/06/2001,0.36,0.38,0.36,0.38,102268264
04/06/2001,0.38,0.38,0.37,0.37,62157288
05/06/2001,0.37,0.39,0.37,0.39,98745056
06/06/2001,0.39,0.4,0.39,0.39,69899648
07/06/2001,0.39,0.42,0.39,0.41,114167428
08/06/2001,0.41,0.41,0.4,0.4,71322840
11/06/2001,0.4,0.4,0.39,0.39,58665304
12/06/2001,0.38,0.41,0.38,0.4,110289000
13/06/2001,0.41,0.41,0.39,0.39,93870728
14/06/2001,0.39,0.4,0.38,0.39,94638724
15/06/2001,0.39,0.4,0.38,0.4,109463452
18/06/2001,0.4,0.4,0.38,0.38,85710768
19/06/2001,0.39,0.4,0.35,0.36,151336016
20/06/2001,0.35,0.38,0.35,0.38,175938344
21/06/2001,0.37,0.39,0.36,0.38,148640808
22/06/2001,0.38,0.39,0.38,0.38,76118016
25/06/2001,0.38,0.39,0.37,0.38,64002876
26/06/2001,0.37,0.39,0.37,0.39,75791620
27/06/2001,0.39,0.39,0.37,0.38,89589152
28/06/2001,0.38,0.39,0.38,0.38,90973944
29/06/2001,0.38,0.39,0.38,0.39,74138028
02/07/2001,0.37,0.37,0.36,0.37,104020252
03/07/2001,0.37,0.38,0.36,0.37,40629396
05/07/2001,0.37,0.37,0.35,0.35,102073936
06/07/2001,0.34,0.34,0.33,0.34,80291596
09/07/2001,0.33,0.34,0.32,0.33,101411492
10/07/2001,0.33,0.33,0.32,0.33,122315388
11/07/2001,0.33,0.33,0.32,0.33,91079544
12/07/2001,0.34,0.35,0.33,0.34,98195508
13/07/2001,0.34,0.35,0.33,0.34,69014052
16/07/2001,0.33,0.34,0.31,0.31,119176180
17/07/2001,0.31,0.33,0.3,0.33,117011412
18/07/2001,0.32,0.33,0.31,0.32,84097976
19/07/2001,0.32,0.33,0.32,0.32,84256376
20/07/2001,0.31,0.32,0.3,0.31,74258028
23/07/2001,0.31,0.31,0.28,0.28,154880776
24/07/2001,0.29,0.3,0.28,0.3,136607316
25/07/2001,0.3,0.3,0.29,0.3,124595376
26/07/2001,0.3,0.33,0.29,0.33,171591916
27/07/2001,0.33,0.34,0.32,0.34,109468228
30/07/2001,0.34,0.34,0.33,0.33,58250108
31/07/2001,0.33,0.34,0.32,0.34,118775404
01/08/2001,0.34,0.36,0.34,0.36,120498620
02/08/2001,0.36,0.37,0.35,0.37,109804224
03/08/2001,0.36,0.37,0.36,0.36,82033988
06/08/2001,0.36,0.38,0.36,0.37,130285796
07/08/2001,0.37,0.38,0.36,0.37,108923452
08/08/2001,0.37,0.38,0.36,0.36,112585884
09/08/2001,0.36,0.36,0.35,0.35,164375176
10/08/2001,0.35,0.36,0.34,0.35,103686704
13/08/2001,0.36,0.37,0.35,0.37,151674464
14/08/2001,0.36,0.36,0.35,0.36,236852364
15/08/2001,0.37,0.37,0.35,0.36,181688640
16/08/2001,0.35,0.37,0.35,0.37,102709932
17/08/2001,0.36,0.37,0.35,0.35,166892716
20/08/2001,0.35,0.35,0.34,0.35,118336184
21/08/2001,0.35,0.36,0.34,0.34,118700956
22/08/2001,0.35,0.35,0.33,0.35,149831248
23/08/2001,0.35,0.36,0.34,0.35,101922712
24/08/2001,0.35,0.36,0.35,0.36,111196220
27/08/2001,0.35,0.37,0.35,0.37,127988912
28/08/2001,0.37,0.37,0.36,0.36,118012184
29/08/2001,0.36,0.37,0.35,0.35,144085724
30/08/2001,0.34,0.35,0.34,0.35,143207280
31/08/2001,0.35,0.36,0.34,0.35,88806752
04/09/2001,0.35,0.35,0.33,0.33,185701516
05/09/2001,0.33,0.34,0.31,0.34,239600352
06/09/2001,0.33,0.34,0.32,0.32,195363796
07/09/2001,0.32,0.33,0.32,0.33,197053460
10/09/2001,0.32,0.33,0.31,0.32,187251836
17/09/2001,0.3,0.3,0.28,0.28,9488300
18/09/2001,0.29,0.29,0.26,0.27,7455800
19/09/2001,0.27,0.27,0.23,0.26,13023200
20/09/2001,0.26,0.26,0.23,0.24,12243600
21/09/2001,0.24,0.24,0.22,0.22,10224900
24/09/2001,0.23,0.25,0.23,0.25,12567200
25/09/2001,0.25,0.26,0.24,0.24,7875900
26/09/2001,0.24,0.24,0.23,0.23,3593000
27/09/2001,0.23,0.23,0.21,0.22,6744800
28/09/2001,0.22,0.24,0.22,0.23,8709300
01/10/2001,0.23,0.23,0.21,0.21,8117400
02/10/2001,0.21,0.22,0.19,0.2,9360500
03/10/2001,0.2,0.25,0.2,0.24,15012700
04/10/2001,0.24,0.28,0.24,0.27,16507800
05/10/2001,0.27,0.28,0.25,0.27,8987900
08/10/2001,0.27,0.29,0.26,0.28,6386900
09/10/2001,0.28,0.29,0.26,0.27,7648300
10/10/2001,0.27,0.29,0.26,0.29,8075200
11/10/2001,0.32,0.32,0.3,0.32,7682100
12/10/2001,0.32,0.34,0.31,0.34,10449600
15/10/2001,0.33,0.35,0.32,0.34,7585600
16/10/2001,0.34,0.37,0.33,0.37,11576000
17/10/2001,0.38,0.38,0.35,0.35,14144200
18/10/2001,0.35,0.37,0.35,0.36,8521800
19/10/2001,0.35,0.38,0.35,0.37,8827900
22/10/2001,0.37,0.39,0.36,0.38,8013600
23/10/2001,0.37,0.39,0.36,0.37,7944800
24/10/2001,0.37,0.39,0.36,0.39,10106800
25/10/2001,0.38,0.42,0.37,0.41,9622700
26/10/2001,0.4,0.42,0.38,0.38,9142900
29/10/2001,0.38,0.39,0.35,0.35,8347600
30/10/2001,0.34,0.37,0.34,0.35,9620600
31/10/2001,0.35,0.37,0.35,0.36,8250200
01/11/2001,0.36,0.39,0.36,0.39,9114900
02/11/2001,0.39,0.4,0.37,0.39,9063800
05/11/2001,0.4,0.41,0.39,0.39,7788900
06/11/2001,0.4,0.43,0.39,0.42,11866200
07/11/2001,0.42,0.44,0.42,0.42,11827500
08/11/2001,0.43,0.44,0.4,0.44,16187400
09/11/2001,0.44,0.44,0.42,0.44,18928600
12/11/2001,0.44,0.47,0.43,0.46,12155300
13/11/2001,0.46,0.46,0.45,0.45,12064000
14/11/2001,0.45,0.46,0.43,0.44,9589100
15/11/2001,0.44,0.45,0.43,0.44,7298100
16/11/2001,0.44,0.45,0.43,0.44,4134500
19/11/2001,0.45,0.45,0.4,0.43,16210900
20/11/2001,0.43,0.44,0.41,0.42,7821900
21/11/2001,0.41,0.42,0.4,0.41,6074900
23/11/2001,0.41,0.42,0.41,0.42,2117200
26/11/2001,0.42,0.45,0.42,0.45,10137900
27/11/2001,0.45,0.46,0.44,0.45,9873900
28/11/2001,0.45,0.45,0.43,0.43,6810000
29/11/2001,0.46,0.46,0.45,0.45,43957300
30/11/2001,0.45,0.46,0.44,0.46,8775600
03/12/2001,0.44,0.45,0.44,0.45,7097400
04/12/2001,0.45,0.49,0.45,0.48,11559100
05/12/2001,0.49,0.52,0.49,0.52,14225300
06/12/2001,0.52,0.52,0.5,0.52,9491200
07/12/2001,0.52,0.52,0.49,0.5,6729100
10/12/2001,0.5,0.52,0.49,0.5,5799400
11/12/2001,0.51,0.53,0.51,0.52,6603000
12/12/2001,0.52,0.54,0.52,0.54,8383300
13/12/2001,0.54,0.54,0.52,0.52,7346000
14/12/2001,0.53,0.55,0.52,0.55,6289500
17/12/2001,0.55,0.57,0.54,0.57,10014300
18/12/2001,0.56,0.56,0.55,0.55,7393700
19/12/2001,0.55,0.55,0.53,0.54,7122600
20/12/2001,0.55,0.55,0.51,0.52,7931500
21/12/2001,0.53,0.54,0.52,0.54,6089500
24/12/2001,0.54,0.55,0.54,0.55,2213800
26/12/2001,0.55,0.57,0.55,0.57,5351900
27/12/2001,0.57,0.58,0.57,0.58,6084600
28/12/2001,0.58,0.59,0.56,0.56,6314000
31/12/2001,0.57,0.57,0.56,0.56,6146800
02/01/2002,0.56,0.57,0.55,0.56,10824200
03/01/2002,0.56,0.6,0.56,0.6,11789600
04/01/2002,0.6,0.61,0.57,0.58,7802400
07/01/2002,0.58,0.59,0.56,0.57,8113500
08/01/2002,0.57,0.58,0.56,0.57,6455000
09/01/2002,0.58,0.59,0.56,0.56,9510000
10/01/2002,0.57,0.57,0.55,0.55,8271000
11/01/2002,0.55,0.55,0.52,0.53,11507200
14/01/2002,0.52,0.53,0.5,0.5,11419100
15/01/2002,0.52,0.54,0.52,0.54,15326100
16/01/2002,0.53,0.54,0.52,0.52,9301100
17/01/2002,0.54,0.54,0.52,0.52,9366100
18/01/2002,0.52,0.54,0.52,0.53,6698600
22/01/2002,0.54,0.54,0.51,0.52,9042600
23/01/2002,0.52,0.53,0.51,0.53,7410000
24/01/2002,0.53,0.55,0.52,0.55,9484500
25/01/2002,0.55,0.56,0.53,0.55,6814700
28/01/2002,0.55,0.57,0.55,0.57,7704800
29/01/2002,0.57,0.57,0.53,0.54,11517400
30/01/2002,0.54,0.55,0.53,0.55,10154500
31/01/2002,0.55,0.56,0.53,0.55,8117200
01/02/2002,0.55,0.55,0.53,0.53,5737500
04/02/2002,0.54,0.55,0.51,0.51,9207700
05/02/2002,0.51,0.51,0.48,0.5,12288800
06/02/2002,0.51,0.53,0.51,0.52,10361700
07/02/2002,0.51,0.52,0.5,0.5,8038100
08/02/2002,0.51,0.51,0.46,0.48,15594100
11/02/2002,0.49,0.51,0.48,0.51,10162400
12/02/2002,0.5,0.53,0.49,0.52,10137500
13/02/2002,0.52,0.53,0.51,0.51,10255000
14/02/2002,0.53,0.53,0.51,0.52,10867100
15/02/2002,0.48,0.5,0.47,0.48,33237900
19/02/2002,0.46,0.46,0.44,0.45,16441600
20/02/2002,0.44,0.47,0.44,0.47,15325700
21/02/2002,0.46,0.46,0.44,0.44,12766900
22/02/2002,0.43,0.43,0.41,0.42,21547300
25/02/2002,0.42,0.45,0.42,0.45,13330700
26/02/2002,0.45,0.47,0.45,0.46,15859800
27/02/2002,0.46,0.47,0.44,0.44,14363300
28/02/2002,0.44,0.45,0.42,0.43,13212700
01/03/2002,0.43,0.47,0.43,0.47,10944600
04/03/2002,0.47,0.5,0.46,0.49,12373400
05/03/2002,0.49,0.5,0.48,0.49,11496600
06/03/2002,0.48,0.48,0.47,0.48,12051600
07/03/2002,0.48,0.48,0.46,0.47,11221400
08/03/2002,0.49,0.5,0.48,0.49,10589900
11/03/2002,0.49,0.49,0.47,0.48,6756900
12/03/2002,0.47,0.47,0.45,0.45,10460600
13/03/2002,0.45,0.45,0.45,0.45,8608100
14/03/2002,0.44,0.44,0.42,0.42,9498500
15/03/2002,0.42,0.44,0.42,0.44,10402500
18/03/2002,0.44,0.46,0.43,0.44,8863900
19/03/2002,0.44,0.44,0.43,0.43,7051100
20/03/2002,0.42,0.42,0.39,0.39,19120300
21/03/2002,0.39,0.41,0.38,0.41,14360100
22/03/2002,0.42,0.42,0.4,0.4,10409700
25/03/2002,0.4,0.4,0.38,0.39,7150100
26/03/2002,0.38,0.4,0.38,0.4,9364000
27/03/2002,0.39,0.39,0.37,0.38,8902000
28/03/2002,0.38,0.38,0.35,0.37,26044900
01/04/2002,0.35,0.37,0.34,0.36,19723100
02/04/2002,0.36,0.37,0.35,0.35,11986500
03/04/2002,0.36,0.37,0.35,0.36,9122700
04/04/2002,0.36,0.37,0.35,0.36,9428100
05/04/2002,0.37,0.37,0.35,0.35,8558900
08/04/2002,0.34,0.36,0.33,0.36,9597400
09/04/2002,0.36,0.37,0.34,0.34,11511000
10/04/2002,0.34,0.35,0.3,0.32,30748700
11/04/2002,0.32,0.32,0.3,0.31,11981600
12/04/2002,0.31,0.32,0.3,0.31,11474500
15/04/2002,0.31,0.32,0.31,0.32,9646100
16/04/2002,0.33,0.34,0.33,0.33,7133700
17/04/2002,0.33,0.34,0.33,0.34,7872000
18/04/2002,0.34,0.34,0.32,0.33,5809700
19/04/2002,0.32,0.32,0.31,0.31,9406900
22/04/2002,0.31,0.32,0.3,0.31,6735200
23/04/2002,0.31,0.32,0.29,0.3,6454300
24/04/2002,0.3,0.3,0.27,0.27,13198900
25/04/2002,0.27,0.29,0.27,0.28,9737100
26/04/2002,0.28,0.28,0.25,0.25,9927800
29/04/2002,0.3,0.3,0.27,0.3,32774800
30/04/2002,0.3,0.31,0.28,0.29,14805200
01/05/2002,0.29,0.3,0.28,0.3,14329700
02/05/2002,0.3,0.3,0.28,0.28,9377300
03/05/2002,0.28,0.29,0.27,0.27,7115300
06/05/2002,0.28,0.28,0.26,0.26,9186300
07/05/2002,0.26,0.27,0.26,0.27,11788400
08/05/2002,0.28,0.3,0.28,0.3,14480200
09/05/2002,0.3,0.31,0.29,0.29,10258400
10/05/2002,0.29,0.29,0.26,0.27,11019200
13/05/2002,0.27,0.28,0.27,0.28,6682600
14/05/2002,0.3,0.31,0.29,0.31,12731100
15/05/2002,0.31,0.32,0.3,0.32,12546400
16/05/2002,0.32,0.32,0.31,0.32,8215100
17/05/2002,0.33,0.33,0.32,0.33,7793400
20/05/2002,0.32,0.33,0.32,0.33,7950500
21/05/2002,0.33,0.34,0.3,0.3,11529300
22/05/2002,0.31,0.32,0.31,0.32,12931000
23/05/2002,0.31,0.32,0.29,0.3,21310800
24/05/2002,0.29,0.29,0.29,0.29,6149500
28/05/2002,0.29,0.29,0.27,0.28,11398300
29/05/2002,0.28,0.29,0.27,0.29,10927900
30/05/2002,0.29,0.29,0.28,0.29,8898800
31/05/2002,0.29,0.29,0.28,0.28,5620000
03/06/2002,0.27,0.27,0.26,0.26,7512700
04/06/2002,0.26,0.28,0.26,0.28,9131800
05/06/2002,0.28,0.28,0.26,0.27,9290700
06/06/2002,0.27,0.28,0.27,0.27,6183700
07/06/2002,0.25,0.27,0.25,0.27,11427700
10/06/2002,0.27,0.28,0.27,0.27,6246100
11/06/2002,0.27,0.27,0.25,0.25,7169100
12/06/2002,0.25,0.25,0.22,0.23,18910700
13/06/2002,0.23,0.24,0.22,0.23,10562000
14/06/2002,0.23,0.24,0.21,0.23,9303700
17/06/2002,0.24,0.24,0.23,0.24,8788900
18/06/2002,0.24,0.24,0.23,0.24,8411800
19/06/2002,0.22,0.22,0.2,0.2,21647600
20/06/2002,0.2,0.2,0.19,0.2,11885900
21/06/2002,0.2,0.2,0.18,0.19,12378600
24/06/2002,0.18,0.2,0.18,0.19,11504800
25/06/2002,0.19,0.2,0.18,0.18,9774500
26/06/2002,0.16,0.17,0.15,0.17,17238700
27/06/2002,0.17,0.17,0.14,0.14,26540200
28/06/2002,0.14,0.15,0.14,0.14,16891500
01/07/2002,0.15,0.15,0.14,0.14,9705600
02/07/2002,0.14,0.14,0.13,0.13,11299000
03/07/2002,0.13,0.15,0.13,0.15,8955600
05/07/2002,0.15,0.16,0.15,0.16,6166200
08/07/2002,0.16,0.17,0.16,0.16,13234800
09/07/2002,0.16,0.17,0.15,0.16,8962200
10/07/2002,0.16,0.16,0.15,0.15,7729100
11/07/2002,0.15,0.17,0.15,0.17,9542500
12/07/2002,0.17,0.18,0.16,0.17,11209900
15/07/2002,0.17,0.18,0.16,0.18,12471100
16/07/2002,0.18,0.19,0.17,0.18,14784300
17/07/2002,0.17,0.18,0.16,0.16,16027300
18/07/2002,0.16,0.17,0.16,0.16,10366200
19/07/2002,0.16,0.16,0.15,0.15,7055700
22/07/2002,0.15,0.15,0.14,0.14,10758200
23/07/2002,0.15,0.15,0.13,0.13,11751200
24/07/2002,0.14,0.14,0.13,0.14,9825000
25/07/2002,0.14,0.14,0.12,0.13,14972400
26/07/2002,0.13,0.13,0.12,0.12,10185900
29/07/2002,0.12,0.13,0.12,0.13,10236700
30/07/2002,0.13,0.14,0.13,0.14,15290600
31/07/2002,0.09,0.1,0.09,0.09,40328100
01/08/2002,0.09,0.09,0.08,0.08,14388700
02/08/2002,0.08,0.09,0.08,0.08,14978100
05/08/2002,0.08,0.08,0.07,0.07,11101300
06/08/2002,0.07,0.08,0.07,0.08,9802300
07/08/2002,0.08,0.08,0.07,0.07,7446000
08/08/2002,0.07,0.08,0.07,0.08,6297300
09/08/2002,0.08,0.08,0.08,0.08,4845000
12/08/2002,0.08,0.08,0.07,0.08,4941400
13/08/2002,0.08,0.08,0.08,0.08,5455500
14/08/2002,0.08,0.08,0.08,0.08,5306800
15/08/2002,0.08,0.09,0.08,0.09,9619100
16/08/2002,0.08,0.09,0.08,0.09,13822200
19/08/2002,0.09,0.11,0.09,0.11,18733900
20/08/2002,0.11,0.11,0.1,0.1,11938400
21/08/2002,0.1,0.11,0.1,0.11,9964800
22/08/2002,0.11,0.11,0.1,0.1,11322800
23/08/2002,0.1,0.1,0.1,0.1,7678400
26/08/2002,0.09,0.1,0.09,0.1,5832900
27/08/2002,0.1,0.1,0.09,0.09,5737600
28/08/2002,0.09,0.09,0.09,0.09,3918900
29/08/2002,0.09,0.09,0.08,0.09,6807600
30/08/2002,0.09,0.09,0.08,0.08,8903800
03/09/2002,0.08,0.08,0.08,0.08,7061400
04/09/2002,0.08,0.08,0.08,0.08,7756700
05/09/2002,0.08,0.08,0.07,0.08,5970600
06/09/2002,0.08,0.08,0.08,0.08,6224500
09/09/2002,0.08,0.08,0.07,0.08,4817600
10/09/2002,0.08,0.09,0.08,0.09,19335200
11/09/2002,0.09,0.1,0.09,0.09,13823800
12/09/2002,0.09,0.1,0.09,0.09,10796900
13/09/2002,0.09,0.09,0.09,0.09,6640600
16/09/2002,0.09,0.09,0.08,0.08,7713300
17/09/2002,0.08,0.09,0.08,0.08,7367800
18/09/2002,0.08,0.08,0.08,0.08,6772000
19/09/2002,0.08,0.08,0.08,0.08,5154200
20/09/2002,0.08,0.08,0.08,0.08,5732700
23/09/2002,0.08,0.08,0.07,0.07,4348800
24/09/2002,0.07,0.08,0.07,0.07,5211300
25/09/2002,0.08,0.08,0.08,0.08,7481400
26/09/2002,0.08,0.08,0.07,0.07,6165100
27/09/2002,0.07,0.08,0.07,0.07,5422400
30/09/2002,0.07,0.07,0.07,0.07,4867700
01/10/2002,0.07,0.08,0.07,0.08,7413400
02/10/2002,0.08,0.08,0.08,0.08,6242600
03/10/2002,0.08,0.08,0.07,0.07,4927900
04/10/2002,0.07,0.07,0.07,0.07,4419500
07/10/2002,0.07,0.07,0.06,0.06,4113900
08/10/2002,0.07,0.07,0.06,0.06,5953000
09/10/2002,0.06,0.07,0.06,0.06,4778500
10/10/2002,0.06,0.07,0.06,0.06,4487200
11/10/2002,0.07,0.07,0.07,0.07,8365000
14/10/2002,0.07,0.07,0.07,0.07,5106000
15/10/2002,0.08,0.08,0.08,0.08,7144300
16/10/2002,0.07,0.07,0.07,0.07,4827800
17/10/2002,0.08,0.08,0.08,0.08,4899700
18/10/2002,0.08,0.08,0.07,0.08,4159000
21/10/2002,0.08,0.09,0.08,0.09,7763600
22/10/2002,0.08,0.09,0.08,0.09,10619000
23/10/2002,0.09,0.09,0.09,0.09,7721700
24/10/2002,0.09,0.09,0.09,0.09,8796500
25/10/2002,0.09,0.09,0.09,0.09,6225000
28/10/2002,0.09,0.1,0.09,0.09,8923200
29/10/2002,0.09,0.09,0.08,0.09,6442400
30/10/2002,0.09,0.1,0.09,0.09,9498100
31/10/2002,0.09,0.1,0.09,0.1,10463000
01/11/2002,0.1,0.12,0.1,0.12,17752600
04/11/2002,0.12,0.14,0.12,0.13,22408500
05/11/2002,0.13,0.13,0.12,0.13,16960100
06/11/2002,0.13,0.14,0.12,0.13,13806600
07/11/2002,0.13,0.13,0.12,0.12,13968500
08/11/2002,0.09,0.11,0.09,0.09,32507200
11/11/2002,0.09,0.09,0.09,0.09,11498800
12/11/2002,0.1,0.1,0.09,0.1,11559971
13/11/2002,0.1,0.1,0.09,0.1,15105892
14/11/2002,0.1,0.11,0.1,0.1,9527381
15/11/2002,0.11,0.12,0.11,0.11,17195334
18/11/2002,0.12,0.12,0.12,0.12,16555393
19/11/2002,0.12,0.12,0.11,0.12,16494850
20/11/2002,0.12,0.13,0.12,0.12,10836697
21/11/2002,0.13,0.14,0.13,0.13,17198628
22/11/2002,0.13,0.13,0.13,0.13,10464611
25/11/2002,0.13,0.14,0.13,0.14,10288026
26/11/2002,0.14,0.14,0.13,0.13,9075550
27/11/2002,0.14,0.14,0.14,0.14,9117410
29/11/2002,0.14,0.15,0.14,0.14,4341835
02/12/2002,0.15,0.15,0.14,0.14,9777331
03/12/2002,0.13,0.14,0.13,0.13,8756997
04/12/2002,0.12,0.13,0.12,0.12,18485528
05/12/2002,0.12,0.12,0.11,0.12,13369508
06/12/2002,0.12,0.12,0.11,0.12,9698986
09/12/2002,0.12,0.12,0.11,0.11,8127604
10/12/2002,0.12,0.12,0.11,0.12,11630847
11/12/2002,0.12,0.12,0.11,0.12,11410813
12/12/2002,0.12,0.12,0.11,0.11,10913188
13/12/2002,0.11,0.11,0.11,0.11,5927124
16/12/2002,0.11,0.12,0.11,0.12,8851604
17/12/2002,0.12,0.12,0.12,0.12,9030221
18/12/2002,0.11,0.11,0.11,0.11,9443360
19/12/2002,0.11,0.11,0.1,0.11,9220061
20/12/2002,0.11,0.11,0.1,0.11,6730601
23/12/2002,0.11,0.11,0.11,0.11,4176741
24/12/2002,0.1,0.11,0.1,0.11,2509235
26/12/2002,0.11,0.11,0.1,0.1,6024486
27/12/2002,0.11,0.11,0.1,0.1,5879726
30/12/2002,0.1,0.1,0.09,0.1,6568653
31/12/2002,0.1,0.1,0.09,0.1,6902845
02/01/2003,0.1,0.1,0.1,0.1,10893841
03/01/2003,0.1,0.11,0.1,0.1,8679606
06/01/2003,0.11,0.11,0.11,0.11,8651436
07/01/2003,0.11,0.12,0.11,0.11,12528705
08/01/2003,0.11,0.11,0.1,0.1,15517308
09/01/2003,0.1,0.1,0.1,0.1,11999637
10/01/2003,0.1,0.1,0.1,0.1,7737343
13/01/2003,0.11,0.11,0.1,0.1,7109758
14/01/2003,0.1,0.1,0.1,0.1,7228950
15/01/2003,0.1,0.1,0.1,0.1,7582993
16/01/2003,0.1,0.1,0.09,0.09,17107688
17/01/2003,0.09,0.09,0.09,0.09,8869271
21/01/2003,0.09,0.09,0.09,0.09,8087423
22/01/2003,0.09,0.09,0.09,0.09,4629388
23/01/2003,0.09,0.09,0.09,0.09,7686125
24/01/2003,0.09,0.09,0.08,0.08,7516640
27/01/2003,0.08,0.09,0.08,0.08,7431445
28/01/2003,0.08,0.09,0.08,0.09,14933615
29/01/2003,0.09,0.09,0.08,0.09,8553232
30/01/2003,0.09,0.09,0.08,0.08,6227760
31/01/2003,0.09,0.09,0.08,0.09,7960841
03/02/2003,0.09,0.09,0.09,0.09,6310523
04/02/2003,0.09,0.09,0.08,0.08,5254512
05/02/2003,0.08,0.09,0.08,0.08,4871346
06/02/2003,0.09,0.09,0.08,0.09,10259382
07/02/2003,0.09,0.09,0.08,0.08,7674170
10/02/2003,0.08,0.08,0.08,0.08,8212960
11/02/2003,0.08,0.09,0.08,0.08,7119753
12/02/2003,0.08,0.08,0.08,0.08,5365736
13/02/2003,0.08,0.08,0.08,0.08,7553586
14/02/2003,0.09,0.1,0.09,0.1,29709316
18/02/2003,0.1,0.11,0.1,0.11,14580454
19/02/2003,0.11,0.11,0.1,0.11,9566738
20/02/2003,0.11,0.11,0.11,0.11,8188481
21/02/2003,0.11,0.11,0.1,0.11,7652321
24/02/2003,0.11,0.11,0.11,0.11,9507692
25/02/2003,0.11,0.11,0.1,0.11,10373782
26/02/2003,0.11,0.11,0.1,0.1,6257621
27/02/2003,0.1,0.11,0.1,0.1,5657838
28/02/2003,0.1,0.11,0.1,0.11,13821642
03/03/2003,0.11,0.11,0.1,0.1,5885646
04/03/2003,0.1,0.1,0.1,0.1,4506053
05/03/2003,0.1,0.1,0.1,0.1,4377195
06/03/2003,0.1,0.1,0.1,0.1,4111523
07/03/2003,0.1,0.1,0.1,0.1,4858904
10/03/2003,0.1,0.1,0.1,0.1,2899143
11/03/2003,0.1,0.1,0.1,0.1,3491650
12/03/2003,0.1,0.11,0.1,0.1,4134442
13/03/2003,0.11,0.12,0.11,0.12,11401149
14/03/2003,0.12,0.12,0.11,0.11,9155061
17/03/2003,0.11,0.12,0.11,0.12,10959553
18/03/2003,0.12,0.12,0.12,0.12,7830084
19/03/2003,0.12,0.12,0.11,0.12,5971066
20/03/2003,0.12,0.12,0.11,0.12,6531678
21/03/2003,0.12,0.12,0.11,0.12,14063434
24/03/2003,0.12,0.12,0.11,0.11,7015933
25/03/2003,0.12,0.12,0.11,0.12,5606923
26/03/2003,0.12,0.12,0.12,0.12,9234256
27/03/2003,0.12,0.12,0.12,0.12,11614997
28/03/2003,0.12,0.12,0.11,0.11,10758120
31/03/2003,0.11,0.11,0.11,0.11,5678004
01/04/2003,0.11,0.11,0.11,0.11,4448482
02/04/2003,0.12,0.12,0.11,0.11,6435508
03/04/2003,0.12,0.12,0.11,0.12,5860794
04/04/2003,0.12,0.12,0.11,0.11,4283707
07/04/2003,0.12,0.12,0.11,0.11,5594259
08/04/2003,0.11,0.11,0.11,0.11,3973853
09/04/2003,0.11,0.12,0.11,0.11,5790268
10/04/2003,0.11,0.11,0.11,0.11,3036818
11/04/2003,0.11,0.11,0.11,0.11,3129206
14/04/2003,0.11,0.11,0.11,0.11,3731261
15/04/2003,0.11,0.11,0.11,0.11,4121174
16/04/2003,0.11,0.11,0.11,0.11,5621899
17/04/2003,0.11,0.11,0.11,0.11,4368838
21/04/2003,0.11,0.12,0.11,0.12,4976240
22/04/2003,0.12,0.12,0.11,0.12,6598817
23/04/2003,0.12,0.12,0.12,0.12,5074132
24/04/2003,0.12,0.12,0.12,0.12,5529290
25/04/2003,0.12,0.12,0.11,0.11,7390200
28/04/2003,0.11,0.12,0.11,0.12,5644966
29/04/2003,0.12,0.12,0.12,0.12,5616131
30/04/2003,0.12,0.12,0.12,0.12,3909131
01/05/2003,0.12,0.12,0.12,0.12,6129694
02/05/2003,0.12,0.13,0.12,0.13,14130845
05/05/2003,0.13,0.14,0.13,0.14,13164256
06/05/2003,0.14,0.14,0.13,0.14,9562207
07/05/2003,0.14,0.14,0.13,0.13,7509479
08/05/2003,0.13,0.14,0.13,0.13,17701860
09/05/2003,0.15,0.18,0.15,0.18,77305448
12/05/2003,0.18,0.18,0.17,0.17,25164102
13/05/2003,0.17,0.17,0.17,0.17,15267875
14/05/2003,0.17,0.17,0.17,0.17,8071229
15/05/2003,0.17,0.18,0.17,0.18,9252832
16/05/2003,0.17,0.18,0.17,0.18,8534376
19/05/2003,0.17,0.18,0.17,0.17,10200124
20/05/2003,0.17,0.17,0.17,0.17,7395423
21/05/2003,0.17,0.17,0.17,0.17,7594592
22/05/2003,0.17,0.18,0.17,0.17,7439212
23/05/2003,0.17,0.18,0.17,0.17,7252467
27/05/2003,0.17,0.19,0.17,0.19,13996885
28/05/2003,0.19,0.19,0.18,0.19,10328725
29/05/2003,0.19,0.21,0.19,0.2,19158626
30/05/2003,0.22,0.22,0.22,0.22,17856184
02/06/2003,0.22,0.22,0.2,0.21,13064655
03/06/2003,0.2,0.22,0.2,0.21,13320356
04/06/2003,0.21,0.22,0.21,0.22,9805022
05/06/2003,0.21,0.22,0.21,0.22,10079229
06/06/2003,0.23,0.23,0.21,0.21,11532113
09/06/2003,0.21,0.22,0.21,0.21,6008618
10/06/2003,0.21,0.22,0.21,0.22,4699409
11/06/2003,0.21,0.22,0.21,0.22,7868815
12/06/2003,0.22,0.22,0.21,0.21,8723777
13/06/2003,0.21,0.21,0.19,0.2,15226113
16/06/2003,0.2,0.2,0.18,0.2,15884966
17/06/2003,0.2,0.21,0.2,0.2,8336099
18/06/2003,0.21,0.22,0.2,0.21,9359822
19/06/2003,0.21,0.21,0.2,0.2,9940461
20/06/2003,0.2,0.2,0.19,0.2,7895501
23/06/2003,0.2,0.2,0.19,0.19,6135760
24/06/2003,0.19,0.19,0.18,0.19,8444494
25/06/2003,0.19,0.2,0.19,0.19,8851513
26/06/2003,0.19,0.19,0.19,0.19,8004006
27/06/2003,0.19,0.2,0.19,0.19,5909357
30/06/2003,0.19,0.19,0.19,0.19,4899234
01/07/2003,0.19,0.2,0.19,0.2,8143431
02/07/2003,0.2,0.2,0.2,0.2,7085906
03/07/2003,0.2,0.2,0.19,0.2,3507644
07/07/2003,0.2,0.21,0.2,0.21,7023583
08/07/2003,0.21,0.21,0.2,0.21,5035130
09/07/2003,0.21,0.21,0.21,0.21,6297606
10/07/2003,0.21,0.21,0.2,0.2,5387817
11/07/2003,0.2,0.21,0.2,0.2,4127558
14/07/2003,0.21,0.21,0.2,0.2,5813581
15/07/2003,0.2,0.21,0.19,0.2,9559021
16/07/2003,0.2,0.2,0.19,0.19,7342680
17/07/2003,0.19,0.19,0.18,0.18,7111493
18/07/2003,0.18,0.18,0.17,0.18,10683458
21/07/2003,0.18,0.18,0.17,0.17,8223190
22/07/2003,0.18,0.18,0.18,0.18,4859121
23/07/2003,0.18,0.18,0.17,0.18,5051359
24/07/2003,0.18,0.18,0.17,0.17,9317599
25/07/2003,0.17,0.18,0.17,0.18,8351750
28/07/2003,0.18,0.18,0.17,0.17,5979205
29/07/2003,0.16,0.17,0.15,0.16,23300080
30/07/2003,0.16,0.16,0.16,0.16,6580779
31/07/2003,0.16,0.16,0.16,0.16,7480747
01/08/2003,0.16,0.17,0.16,0.16,6407851
04/08/2003,0.16,0.17,0.16,0.17,11909183
05/08/2003,0.17,0.18,0.17,0.17,8875709
06/08/2003,0.17,0.17,0.16,0.16,8549179
07/08/2003,0.16,0.17,0.16,0.16,9770502
08/08/2003,0.14,0.14,0.13,0.13,31413620
11/08/2003,0.13,0.14,0.13,0.14,14016311
12/08/2003,0.14,0.14,0.14,0.14,6386435
13/08/2003,0.14,0.14,0.14,0.14,5783410
14/08/2003,0.14,0.14,0.13,0.14,12547977
15/08/2003,0.13,0.14,0.13,0.13,1814872
18/08/2003,0.14,0.14,0.13,0.14,5997717
19/08/2003,0.14,0.15,0.14,0.15,11708225
20/08/2003,0.15,0.15,0.14,0.15,7274989
21/08/2003,0.15,0.15,0.15,0.15,5416082
22/08/2003,0.15,0.16,0.15,0.15,8356524
25/08/2003,0.15,0.16,0.15,0.15,3629219
26/08/2003,0.15,0.15,0.14,0.15,6408339
27/08/2003,0.15,0.16,0.15,0.15,4747339
28/08/2003,0.16,0.16,0.15,0.15,6907831
29/08/2003,0.15,0.15,0.15,0.15,4453884
02/09/2003,0.15,0.16,0.15,0.15,5953055
03/09/2003,0.15,0.15,0.15,0.15,7085750
04/09/2003,0.15,0.15,0.15,0.15,6234635
05/09/2003,0.15,0.16,0.15,0.16,9990464
08/09/2003,0.16,0.16,0.16,0.16,12589002
09/09/2003,0.16,0.18,0.16,0.17,20757540
10/09/2003,0.17,0.17,0.16,0.16,11507451
11/09/2003,0.16,0.17,0.15,0.16,21785696
12/09/2003,0.16,0.16,0.16,0.16,9694562
15/09/2003,0.16,0.16,0.16,0.16,4970363
16/09/2003,0.16,0.16,0.16,0.16,5189218
17/09/2003,0.16,0.17,0.16,0.17,7533823
18/09/2003,0.16,0.17,0.16,0.17,5029588
19/09/2003,0.17,0.17,0.16,0.17,5405559
22/09/2003,0.16,0.16,0.16,0.16,6136183
23/09/2003,0.16,0.16,0.16,0.16,5245386
24/09/2003,0.16,0.16,0.15,0.15,13347739
25/09/2003,0.15,0.15,0.15,0.15,6142569
26/09/2003,0.15,0.15,0.14,0.14,7470901
29/09/2003,0.13,0.14,0.13,0.13,16217398
30/09/2003,0.13,0.14,0.13,0.13,8512935
01/10/2003,0.13,0.14,0.13,0.13,7331908
02/10/2003,0.13,0.14,0.13,0.14,7455572
03/10/2003,0.14,0.14,0.14,0.14,7190650
06/10/2003,0.14,0.14,0.14,0.14,3142288
07/10/2003,0.14,0.14,0.14,0.14,4259201
08/10/2003,0.14,0.14,0.13,0.14,6167369
09/10/2003,0.14,0.14,0.14,0.14,7104759
10/10/2003,0.14,0.14,0.14,0.14,3453569
13/10/2003,0.14,0.14,0.14,0.14,3627573
14/10/2003,0.14,0.14,0.14,0.14,5211123
15/10/2003,0.15,0.15,0.14,0.14,5871444
16/10/2003,0.14,0.14,0.14,0.14,3727589
17/10/2003,0.14,0.15,0.14,0.14,3849960
20/10/2003,0.14,0.14,0.14,0.14,3902780
21/10/2003,0.14,0.15,0.14,0.15,6337404
22/10/2003,0.14,0.15,0.14,0.14,5182471
23/10/2003,0.14,0.15,0.14,0.14,3769121
24/10/2003,0.14,0.14,0.14,0.14,3728453
27/10/2003,0.14,0.15,0.14,0.14,2121320
28/10/2003,0.14,0.15,0.14,0.15,7974141
29/10/2003,0.15,0.15,0.15,0.15,4118792
30/10/2003,0.15,0.16,0.15,0.15,4854784
31/10/2003,0.15,0.15,0.15,0.15,4987077
03/11/2003,0.15,0.15,0.15,0.15,6449086
04/11/2003,0.15,0.15,0.15,0.15,5842377
05/11/2003,0.15,0.15,0.15,0.15,7359304
06/11/2003,0.15,0.15,0.15,0.15,12518538
07/11/2003,0.18,0.18,0.18,0.18,35810880
10/11/2003,0.18,0.18,0.18,0.18,10091723
11/11/2003,0.18,0.18,0.17,0.18,6665420
12/11/2003,0.18,0.18,0.17,0.18,5166156
13/11/2003,0.18,0.18,0.18,0.18,4854805
14/11/2003,0.18,0.18,0.17,0.17,7413661
17/11/2003,0.17,0.17,0.16,0.17,5025905
18/11/2003,0.17,0.17,0.16,0.16,9420640
19/11/2003,0.16,0.17,0.16,0.17,4729607
20/11/2003,0.17,0.17,0.16,0.16,6157390
21/11/2003,0.16,0.17,0.16,0.16,4532980
24/11/2003,0.17,0.18,0.17,0.17,7841869
25/11/2003,0.18,0.18,0.17,0.18,6864816
26/11/2003,0.18,0.18,0.17,0.18,3583522
28/11/2003,0.18,0.18,0.18,0.18,1717797
01/12/2003,0.18,0.18,0.18,0.18,4393203
02/12/2003,0.18,0.18,0.18,0.18,4789519
03/12/2003,0.18,0.19,0.18,0.18,5916872
04/12/2003,0.18,0.18,0.17,0.18,4354624
05/12/2003,0.18,0.18,0.17,0.17,4667094
08/12/2003,0.17,0.17,0.17,0.17,2850621
09/12/2003,0.17,0.17,0.16,0.16,4990839
10/12/2003,0.16,0.17,0.16,0.17,4738702
11/12/2003,0.17,0.18,0.17,0.17,5792419
12/12/2003,0.18,0.18,0.17,0.17,5842389
15/12/2003,0.18,0.18,0.17,0.17,5189597
16/12/2003,0.17,0.17,0.17,0.17,5017220
17/12/2003,0.17,0.17,0.17,0.17,4159211
18/12/2003,0.17,0.17,0.17,0.17,3639354
19/12/2003,0.18,0.18,0.17,0.18,7650539
22/12/2003,0.17,0.18,0.17,0.18,3093524
23/12/2003,0.18,0.18,0.18,0.18,6029097
24/12/2003,0.18,0.18,0.18,0.18,1757016
26/12/2003,0.18,0.19,0.18,0.19,3032926
29/12/2003,0.19,0.2,0.19,0.2,6306429
30/12/2003,0.2,0.2,0.2,0.2,4593222
31/12/2003,0.2,0.2,0.19,0.19,4144748
02/01/2004,0.19,0.2,0.19,0.19,3636754
05/01/2004,0.2,0.2,0.19,0.2,4795453
06/01/2004,0.2,0.21,0.2,0.21,9214684
07/01/2004,0.21,0.21,0.2,0.21,5610459
08/01/2004,0.21,0.21,0.21,0.21,3614538
09/01/2004,0.21,0.21,0.21,0.21,6391284
12/01/2004,0.21,0.22,0.21,0.21,4516785
13/01/2004,0.22,0.22,0.2,0.2,7217843
14/01/2004,0.2,0.21,0.2,0.2,4543360
15/01/2004,0.2,0.2,0.2,0.2,5078243
16/01/2004,0.2,0.21,0.2,0.21,3766149
20/01/2004,0.21,0.21,0.21,0.21,4065149
21/01/2004,0.21,0.21,0.2,0.2,4127059
22/01/2004,0.2,0.21,0.19,0.2,5050681
23/01/2004,0.2,0.2,0.19,0.19,4025653
26/01/2004,0.19,0.2,0.19,0.2,3281485
27/01/2004,0.2,0.2,0.19,0.19,7788963
28/01/2004,0.19,0.19,0.19,0.19,5127353
29/01/2004,0.19,0.19,0.18,0.18,7751422
30/01/2004,0.18,0.19,0.18,0.19,3888144
02/02/2004,0.19,0.19,0.19,0.19,4680642
03/02/2004,0.19,0.19,0.19,0.19,3531313
04/02/2004,0.19,0.19,0.18,0.18,3640876
05/02/2004,0.18,0.19,0.18,0.19,2766556
06/02/2004,0.19,0.19,0.19,0.19,3926085
09/02/2004,0.19,0.19,0.19,0.19,3116754
10/02/2004,0.19,0.2,0.19,0.2,4251971
11/02/2004,0.2,0.2,0.2,0.2,6150553
12/02/2004,0.2,0.2,0.19,0.2,8256969
13/02/2004,0.19,0.2,0.19,0.19,14564569
17/02/2004,0.2,0.2,0.19,0.2,4803834
18/02/2004,0.2,0.2,0.2,0.2,2673726
19/02/2004,0.2,0.2,0.2,0.2,5265773
20/02/2004,0.2,0.2,0.19,0.2,5150906
23/02/2004,0.2,0.2,0.19,0.19,7150874
24/02/2004,0.19,0.19,0.18,0.19,5903125
25/02/2004,0.19,0.19,0.19,0.19,5437578
26/02/2004,0.19,0.19,0.19,0.19,2875002
27/02/2004,0.19,0.19,0.18,0.19,4964667
01/03/2004,0.19,0.19,0.18,0.19,4221833
02/03/2004,0.19,0.19,0.18,0.18,6780687
03/03/2004,0.18,0.18,0.18,0.18,4604008
04/03/2004,0.18,0.19,0.18,0.18,3445879
05/03/2004,0.18,0.19,0.18,0.18,2957394
08/03/2004,0.19,0.19,0.18,0.18,3876470
09/03/2004,0.18,0.18,0.17,0.18,3093540
10/03/2004,0.18,0.18,0.17,0.17,4015329
11/03/2004,0.17,0.18,0.17,0.18,4418225
12/03/2004,0.17,0.18,0.17,0.18,3149621
15/03/2004,0.18,0.18,0.17,0.17,3510124
16/03/2004,0.18,0.18,0.17,0.18,4997464
17/03/2004,0.18,0.19,0.18,0.18,4372416
18/03/2004,0.18,0.19,0.18,0.19,4400922
19/03/2004,0.19,0.19,0.18,0.18,3784024
22/03/2004,0.18,0.18,0.18,0.18,4818809
23/03/2004,0.18,0.19,0.18,0.18,4800224
24/03/2004,0.18,0.2,0.18,0.19,6561141
25/03/2004,0.19,0.2,0.19,0.2,8309373
26/03/2004,0.2,0.21,0.2,0.2,4597096
29/03/2004,0.21,0.21,0.21,0.21,8214703
30/03/2004,0.21,0.22,0.21,0.22,6043239
31/03/2004,0.22,0.22,0.22,0.22,5040589
01/04/2004,0.22,0.22,0.21,0.22,10995833
02/04/2004,0.22,0.22,0.21,0.22,5415102
05/04/2004,0.22,0.23,0.22,0.23,4810928
06/04/2004,0.22,0.22,0.22,0.22,5207272
07/04/2004,0.22,0.22,0.21,0.22,3732975
08/04/2004,0.22,0.23,0.22,0.22,3726049
12/04/2004,0.22,0.23,0.22,0.22,3698160
13/04/2004,0.22,0.22,0.21,0.21,3693212
14/04/2004,0.21,0.22,0.21,0.21,4266771
15/04/2004,0.21,0.21,0.2,0.2,6902019
16/04/2004,0.2,0.2,0.2,0.2,5457103
19/04/2004,0.2,0.2,0.19,0.2,4356620
20/04/2004,0.2,0.2,0.19,0.19,4283008
21/04/2004,0.19,0.2,0.19,0.19,5740454
22/04/2004,0.19,0.19,0.18,0.19,5797578
23/04/2004,0.19,0.2,0.19,0.19,3699393
26/04/2004,0.19,0.19,0.19,0.19,3583364
27/04/2004,0.19,0.19,0.18,0.18,4122507
28/04/2004,0.18,0.19,0.18,0.18,3906418
29/04/2004,0.18,0.18,0.18,0.18,5376348
30/04/2004,0.18,0.18,0.17,0.17,4276326
03/05/2004,0.17,0.17,0.17,0.17,5089137
04/05/2004,0.17,0.18,0.17,0.18,6437123
05/05/2004,0.18,0.18,0.18,0.18,3869843
06/05/2004,0.18,0.18,0.18,0.18,6041070
07/05/2004,0.19,0.19,0.18,0.18,7976030
10/05/2004,0.18,0.18,0.17,0.18,5576020
11/05/2004,0.18,0.18,0.18,0.18,3334735
12/05/2004,0.18,0.18,0.17,0.18,4019324
13/05/2004,0.18,0.18,0.18,0.18,2900706
14/05/2004,0.18,0.18,0.18,0.18,3824971
17/05/2004,0.18,0.18,0.17,0.18,2570609
18/05/2004,0.18,0.18,0.18,0.18,1703497
19/05/2004,0.18,0.19,0.18,0.18,4152209
20/05/2004,0.18,0.18,0.18,0.18,3512463
21/05/2004,0.18,0.18,0.17,0.18,2350766
24/05/2004,0.18,0.18,0.17,0.18,2513919
25/05/2004,0.18,0.18,0.17,0.18,5677934
26/05/2004,0.18,0.19,0.18,0.19,4373148
27/05/2004,0.19,0.19,0.19,0.19,4637883
28/05/2004,0.19,0.2,0.19,0.19,5317792
01/06/2004,0.19,0.2,0.19,0.2,2655097
02/06/2004,0.2,0.2,0.19,0.19,5364906
03/06/2004,0.19,0.19,0.18,0.18,5843898
04/06/2004,0.19,0.19,0.18,0.18,5414629
07/06/2004,0.19,0.19,0.18,0.19,4770430
08/06/2004,0.19,0.19,0.18,0.18,5121895
09/06/2004,0.18,0.19,0.17,0.18,4153378
10/06/2004,0.18,0.18,0.17,0.17,4704229
14/06/2004,0.17,0.17,0.17,0.17,3539643
15/06/2004,0.17,0.17,0.17,0.17,3343138
16/06/2004,0.17,0.17,0.17,0.17,2105018
17/06/2004,0.17,0.17,0.16,0.16,4019999
18/06/2004,0.16,0.17,0.16,0.16,4460361
21/06/2004,0.17,0.17,0.16,0.16,2226714
22/06/2004,0.16,0.17,0.16,0.17,3611961
23/06/2004,0.17,0.17,0.17,0.17,2205501
24/06/2004,0.17,0.17,0.17,0.17,4923189
25/06/2004,0.17,0.17,0.17,0.17,2792169
28/06/2004,0.17,0.17,0.17,0.17,2944753
29/06/2004,0.17,0.17,0.17,0.17,3032187
30/06/2004,0.17,0.17,0.17,0.17,2749724
01/07/2004,0.17,0.17,0.16,0.16,4221838
02/07/2004,0.16,0.16,0.16,0.16,2458035
06/07/2004,0.16,0.16,0.15,0.15,4794854
07/07/2004,0.15,0.16,0.15,0.15,2871743
08/07/2004,0.15,0.15,0.15,0.15,3585373
09/07/2004,0.15,0.15,0.14,0.14,9290045
12/07/2004,0.14,0.14,0.14,0.14,5634396
13/07/2004,0.14,0.14,0.14,0.14,4729316
14/07/2004,0.13,0.14,0.13,0.13,7513885
15/07/2004,0.13,0.13,0.13,0.13,5099675
16/07/2004,0.13,0.13,0.13,0.13,3873921
19/07/2004,0.13,0.13,0.13,0.13,3842479
20/07/2004,0.13,0.13,0.13,0.13,2851935
21/07/2004,0.13,0.13,0.12,0.12,5111776
22/07/2004,0.12,0.13,0.12,0.13,4352561
23/07/2004,0.12,0.13,0.12,0.12,3095843
26/07/2004,0.12,0.12,0.12,0.12,4193775
27/07/2004,0.12,0.12,0.12,0.12,6583935
28/07/2004,0.12,0.12,0.12,0.12,4210249
29/07/2004,0.12,0.13,0.12,0.13,6228947
30/07/2004,0.13,0.13,0.13,0.13,3366698
02/08/2004,0.13,0.13,0.13,0.13,3510807
03/08/2004,0.13,0.13,0.12,0.12,6185538
04/08/2004,0.12,0.13,0.12,0.12,4232951
05/08/2004,0.13,0.13,0.12,0.12,7488423
06/08/2004,0.08,0.09,0.08,0.08,42434076
09/08/2004,0.08,0.08,0.08,0.08,13189504
10/08/2004,0.09,0.09,0.09,0.09,17102100
11/08/2004,0.09,0.09,0.09,0.09,8037687
12/08/2004,0.09,0.09,0.08,0.08,5457335
13/08/2004,0.09,0.09,0.09,0.09,6797706
16/08/2004,0.09,0.09,0.09,0.09,4433931
17/08/2004,0.09,0.09,0.09,0.09,6210035
18/08/2004,0.09,0.1,0.09,0.1,7276587
19/08/2004,0.1,0.1,0.1,0.1,6036637
20/08/2004,0.1,0.1,0.1,0.1,9995505
23/08/2004,0.1,0.11,0.1,0.11,6667510
24/08/2004,0.11,0.11,0.1,0.1,7830746
25/08/2004,0.1,0.11,0.1,0.11,6014662
26/08/2004,0.11,0.11,0.1,0.11,5109059
27/08/2004,0.11,0.11,0.11,0.11,4709365
30/08/2004,0.11,0.11,0.1,0.1,5234674
31/08/2004,0.1,0.11,0.1,0.1,4895089
01/09/2004,0.1,0.11,0.1,0.11,4933741
02/09/2004,0.11,0.11,0.11,0.11,6425820
03/09/2004,0.11,0.11,0.11,0.11,5958798
07/09/2004,0.11,0.11,0.1,0.1,6074343
08/09/2004,0.1,0.11,0.1,0.1,6971670
09/09/2004,0.11,0.11,0.1,0.11,10831611
10/09/2004,0.11,0.12,0.11,0.12,8665656
13/09/2004,0.12,0.12,0.12,0.12,8057472
14/09/2004,0.12,0.12,0.12,0.12,5710032
15/09/2004,0.12,0.12,0.11,0.11,9720216
16/09/2004,0.12,0.12,0.11,0.12,6750382
17/09/2004,0.12,0.12,0.12,0.12,8431033
20/09/2004,0.12,0.13,0.12,0.12,6622971
21/09/2004,0.12,0.13,0.12,0.13,4199153
22/09/2004,0.12,0.13,0.12,0.12,5217128
23/09/2004,0.12,0.12,0.12,0.12,4822649
24/09/2004,0.12,0.12,0.12,0.12,3970729
27/09/2004,0.12,0.12,0.11,0.12,3388949
28/09/2004,0.11,0.12,0.11,0.12,3959744
29/09/2004,0.12,0.12,0.12,0.12,4479091
30/09/2004,0.12,0.12,0.12,0.12,5164099
01/10/2004,0.12,0.13,0.12,0.13,4921079
04/10/2004,0.13,0.13,0.13,0.13,5618050
05/10/2004,0.13,0.13,0.13,0.13,5277103
06/10/2004,0.13,0.13,0.12,0.13,4155317
07/10/2004,0.13,0.13,0.13,0.13,6655543
08/10/2004,0.13,0.13,0.12,0.12,5778463
11/10/2004,0.12,0.12,0.12,0.12,3117081
12/10/2004,0.12,0.12,0.12,0.12,6896796
13/10/2004,0.12,0.12,0.12,0.12,5610095
14/10/2004,0.12,0.12,0.11,0.12,4185404
15/10/2004,0.12,0.12,0.11,0.11,10671417
18/10/2004,0.11,0.12,0.11,0.11,4794568
19/10/2004,0.12,0.12,0.11,0.11,5156182
20/10/2004,0.11,0.11,0.11,0.11,4505373
21/10/2004,0.12,0.12,0.11,0.12,8452218
22/10/2004,0.12,0.12,0.11,0.11,5754336
25/10/2004,0.11,0.13,0.11,0.12,4620907
26/10/2004,0.12,0.13,0.12,0.12,20470880
27/10/2004,0.12,0.13,0.12,0.12,8970903
28/10/2004,0.12,0.13,0.12,0.12,4679878
29/10/2004,0.12,0.12,0.12,0.12,6194255
01/11/2004,0.12,0.12,0.12,0.12,5458838
02/11/2004,0.12,0.13,0.12,0.12,9134644
03/11/2004,0.13,0.13,0.13,0.13,7589968
04/11/2004,0.12,0.13,0.12,0.13,9291732
05/11/2004,0.15,0.16,0.15,0.15,32079400
08/11/2004,0.15,0.15,0.14,0.15,5995644
09/11/2004,0.15,0.15,0.15,0.15,5137247
10/11/2004,0.15,0.15,0.15,0.15,5392913
11/11/2004,0.15,0.15,0.15,0.15,4228555
12/11/2004,0.15,0.15,0.15,0.15,5397384
15/11/2004,0.15,0.15,0.15,0.15,4472749
16/11/2004,0.15,0.16,0.15,0.15,3942394
17/11/2004,0.15,0.16,0.15,0.16,5029487
18/11/2004,0.16,0.16,0.15,0.16,4447403
19/11/2004,0.17,0.17,0.16,0.16,17733612
22/11/2004,0.16,0.16,0.16,0.16,6145058
23/11/2004,0.16,0.16,0.16,0.16,5640734
24/11/2004,0.16,0.17,0.16,0.16,3574451
26/11/2004,0.16,0.17,0.16,0.17,2923439
29/11/2004,0.17,0.17,0.16,0.16,5883203
30/11/2004,0.16,0.16,0.16,0.16,4809007
01/12/2004,0.16,0.16,0.16,0.16,4288485
02/12/2004,0.16,0.17,0.16,0.17,6078945
03/12/2004,0.17,0.18,0.17,0.17,11203797
06/12/2004,0.17,0.18,0.17,0.18,8091289
07/12/2004,0.19,0.21,0.19,0.19,24399870
08/12/2004,0.19,0.2,0.19,0.19,7210129
09/12/2004,0.19,0.19,0.19,0.19,7251006
10/12/2004,0.19,0.2,0.19,0.19,5445378
13/12/2004,0.19,0.19,0.19,0.19,6154487
14/12/2004,0.19,0.19,0.19,0.19,4278412
15/12/2004,0.19,0.2,0.19,0.19,3609308
16/12/2004,0.2,0.21,0.2,0.2,12702224
17/12/2004,0.2,0.2,0.19,0.19,10426378
20/12/2004,0.19,0.2,0.19,0.19,7490634
21/12/2004,0.19,0.19,0.19,0.19,7497344
22/12/2004,0.19,0.2,0.19,0.19,3525307
23/12/2004,0.19,0.19,0.19,0.19,3058071
27/12/2004,0.19,0.2,0.19,0.19,2568717
28/12/2004,0.19,0.19,0.19,0.19,2432843
29/12/2004,0.19,0.19,0.19,0.19,2459021
30/12/2004,0.19,0.19,0.19,0.19,2191020
31/12/2004,0.19,0.2,0.19,0.2,4800541
03/01/2005,0.2,0.21,0.2,0.2,8903044
04/01/2005,0.2,0.2,0.18,0.19,6588521
05/01/2005,0.19,0.19,0.18,0.19,6042733
06/01/2005,0.19,0.19,0.19,0.19,4746169
07/01/2005,0.19,0.19,0.18,0.18,6359008
10/01/2005,0.18,0.19,0.18,0.18,4840838
11/01/2005,0.18,0.18,0.18,0.18,9141121
12/01/2005,0.18,0.18,0.17,0.18,8825235
13/01/2005,0.18,0.18,0.17,0.18,7489837
14/01/2005,0.18,0.18,0.18,0.18,4775037
18/01/2005,0.18,0.18,0.18,0.18,3873738
19/01/2005,0.18,0.18,0.18,0.18,2819323
20/01/2005,0.18,0.18,0.17,0.18,5335469
21/01/2005,0.18,0.18,0.18,0.18,4969129
24/01/2005,0.18,0.18,0.17,0.17,3865384
25/01/2005,0.17,0.18,0.17,0.17,3664156
26/01/2005,0.18,0.18,0.17,0.18,3584689
27/01/2005,0.18,0.19,0.18,0.19,8395379
28/01/2005,0.19,0.19,0.19,0.19,5602267
31/01/2005,0.19,0.19,0.19,0.19,4693602
01/02/2005,0.19,0.2,0.19,0.19,4317736
02/02/2005,0.2,0.21,0.2,0.21,16943780
03/02/2005,0.2,0.2,0.2,0.2,5822321
04/02/2005,0.21,0.22,0.2,0.21,6726989
07/02/2005,0.22,0.22,0.21,0.21,4348217
08/02/2005,0.21,0.22,0.21,0.21,3799008
09/02/2005,0.22,0.22,0.21,0.21,6540847
10/02/2005,0.21,0.21,0.21,0.21,5025959
11/02/2005,0.21,0.22,0.21,0.22,4621492
14/02/2005,0.22,0.22,0.21,0.21,3611333
15/02/2005,0.21,0.22,0.21,0.22,6332414
16/02/2005,0.21,0.22,0.21,0.21,3894007
17/02/2005,0.22,0.22,0.21,0.21,10271860
18/02/2005,0.23,0.24,0.22,0.24,26114748
22/02/2005,0.23,0.24,0.23,0.24,11846245
23/02/2005,0.23,0.24,0.23,0.23,9234307
24/02/2005,0.23,0.24,0.23,0.24,5795859
25/02/2005,0.24,0.24,0.23,0.24,4376317
28/02/2005,0.24,0.24,0.24,0.24,6319904
01/03/2005,0.24,0.25,0.24,0.24,6146199
02/03/2005,0.24,0.24,0.23,0.23,7897583
03/03/2005,0.23,0.23,0.23,0.23,6345668
04/03/2005,0.23,0.23,0.23,0.23,4932513
07/03/2005,0.23,0.24,0.23,0.23,4263536
08/03/2005,0.23,0.23,0.22,0.22,11104198
09/03/2005,0.22,0.22,0.21,0.21,7584457
10/03/2005,0.22,0.22,0.21,0.21,5748684
11/03/2005,0.22,0.22,0.21,0.21,6102771
14/03/2005,0.21,0.22,0.21,0.22,4738102
15/03/2005,0.22,0.22,0.21,0.21,3154956
16/03/2005,0.21,0.21,0.21,0.21,4463348
17/03/2005,0.21,0.21,0.21,0.21,3689787
18/03/2005,0.21,0.21,0.2,0.2,5391030
21/03/2005,0.2,0.21,0.2,0.21,5460631
22/03/2005,0.21,0.21,0.2,0.2,5246648
23/03/2005,0.2,0.21,0.2,0.21,6142441
24/03/2005,0.21,0.22,0.21,0.21,7222597
28/03/2005,0.21,0.21,0.21,0.21,4259865
29/03/2005,0.21,0.21,0.2,0.2,4904785
30/03/2005,0.2,0.21,0.2,0.2,7232625
31/03/2005,0.2,0.2,0.2,0.2,4354985
01/04/2005,0.2,0.2,0.19,0.2,4259574
04/04/2005,0.2,0.2,0.19,0.19,3516719
05/04/2005,0.2,0.2,0.19,0.19,3607439
06/04/2005,0.2,0.2,0.19,0.19,4733526
07/04/2005,0.2,0.2,0.19,0.2,4297282
08/04/2005,0.2,0.2,0.2,0.2,5180486
11/04/2005,0.2,0.2,0.19,0.19,2739644
12/04/2005,0.19,0.19,0.19,0.19,4271333
13/04/2005,0.19,0.19,0.18,0.19,4155355
14/04/2005,0.19,0.19,0.18,0.18,2948799
15/04/2005,0.18,0.18,0.18,0.18,5343759
18/04/2005,0.18,0.18,0.18,0.18,3943011
19/04/2005,0.18,0.18,0.18,0.18,3054814
20/04/2005,0.19,0.19,0.18,0.18,4731839
21/04/2005,0.18,0.19,0.18,0.19,4502315
22/04/2005,0.19,0.19,0.18,0.19,2804222
25/04/2005,0.19,0.19,0.19,0.19,2658811
26/04/2005,0.19,0.19,0.18,0.19,2982040
27/04/2005,0.18,0.18,0.18,0.18,5080930
28/04/2005,0.18,0.18,0.18,0.18,3112821
29/04/2005,0.18,0.18,0.17,0.18,3988742
02/05/2005,0.18,0.19,0.18,0.18,2914195
03/05/2005,0.18,0.19,0.18,0.18,3665226
04/05/2005,0.18,0.19,0.18,0.19,3910767
05/05/2005,0.19,0.19,0.19,0.19,5171244
06/05/2005,0.19,0.19,0.19,0.19,2971035
09/05/2005,0.19,0.2,0.19,0.2,6436851
10/05/2005,0.19,0.19,0.19,0.19,6145542
11/05/2005,0.19,0.19,0.19,0.19,4639316
12/05/2005,0.19,0.19,0.19,0.19,7729985
13/05/2005,0.21,0.21,0.2,0.21,22092672
16/05/2005,0.21,0.21,0.21,0.21,5535213
17/05/2005,0.21,0.22,0.21,0.21,5332404
18/05/2005,0.21,0.22,0.21,0.22,4589493
19/05/2005,0.22,0.22,0.21,0.22,3773988
20/05/2005,0.21,0.22,0.21,0.22,4309517
23/05/2005,0.22,0.23,0.22,0.22,5864584
24/05/2005,0.22,0.23,0.22,0.23,4381704
25/05/2005,0.23,0.23,0.22,0.22,4478792
26/05/2005,0.23,0.23,0.23,0.23,6592374
27/05/2005,0.23,0.23,0.23,0.23,2689449
31/05/2005,0.23,0.23,0.22,0.23,6359725
01/06/2005,0.22,0.23,0.22,0.23,6668386
02/06/2005,0.23,0.24,0.23,0.24,5709484
03/06/2005,0.24,0.24,0.23,0.24,4709341
06/06/2005,0.23,0.24,0.23,0.23,4509824
07/06/2005,0.23,0.24,0.23,0.23,8124519
08/06/2005,0.23,0.23,0.22,0.23,5156074
09/06/2005,0.22,0.24,0.22,0.24,5171086
10/06/2005,0.24,0.24,0.23,0.23,4436208
13/06/2005,0.23,0.24,0.23,0.24,11753511
14/06/2005,0.24,0.24,0.22,0.22,20079756
15/06/2005,0.22,0.22,0.21,0.22,13929683
16/06/2005,0.22,0.23,0.22,0.22,4080007
17/06/2005,0.23,0.23,0.22,0.22,3844142
20/06/2005,0.22,0.23,0.22,0.23,5086263
21/06/2005,0.23,0.23,0.23,0.23,3573969
22/06/2005,0.23,0.23,0.23,0.23,5839925
23/06/2005,0.23,0.24,0.23,0.23,6976475
24/06/2005,0.23,0.23,0.22,0.23,4027413
27/06/2005,0.22,0.23,0.22,0.22,2981072
28/06/2005,0.22,0.23,0.22,0.23,2214445
29/06/2005,0.23,0.23,0.22,0.22,2388379
30/06/2005,0.22,0.23,0.22,0.22,4943559
01/07/2005,0.22,0.22,0.22,0.22,2626379
05/07/2005,0.22,0.23,0.22,0.23,3236955
06/07/2005,0.23,0.23,0.23,0.23,5873741
07/07/2005,0.23,0.23,0.23,0.23,3902768
08/07/2005,0.23,0.24,0.23,0.23,3401576
11/07/2005,0.24,0.24,0.24,0.24,3340125
12/07/2005,0.24,0.24,0.23,0.24,4704665
13/07/2005,0.24,0.24,0.23,0.24,5349336
14/07/2005,0.24,0.24,0.23,0.23,15604171
15/07/2005,0.23,0.23,0.22,0.22,10195236
18/07/2005,0.22,0.22,0.22,0.22,8718249
19/07/2005,0.22,0.22,0.22,0.22,4319252
20/07/2005,0.22,0.23,0.22,0.22,4399643
21/07/2005,0.22,0.22,0.22,0.22,4957779
22/07/2005,0.22,0.23,0.21,0.22,5846883
25/07/2005,0.21,0.22,0.21,0.22,8188570
26/07/2005,0.22,0.22,0.21,0.22,6353102
27/07/2005,0.22,0.23,0.22,0.23,6737011
28/07/2005,0.23,0.23,0.22,0.23,3512322
29/07/2005,0.23,0.23,0.22,0.23,2934523
01/08/2005,0.23,0.23,0.23,0.23,3265342
02/08/2005,0.23,0.23,0.23,0.23,3570435
03/08/2005,0.23,0.23,0.23,0.23,4321357
04/08/2005,0.23,0.23,0.23,0.23,2973664
05/08/2005,0.23,0.24,0.23,0.24,5701011
08/08/2005,0.24,0.24,0.23,0.24,6112430
09/08/2005,0.24,0.24,0.23,0.24,2432764
10/08/2005,0.24,0.24,0.23,0.23,3707405
11/08/2005,0.25,0.25,0.25,0.25,197
12/08/2005,0.25,0.25,0.24,0.25,19298016
15/08/2005,0.25,0.26,0.25,0.26,7356677
16/08/2005,0.25,0.26,0.25,0.25,5346713
17/08/2005,0.25,0.25,0.25,0.25,5080342
18/08/2005,0.25,0.25,0.24,0.25,6858716
19/08/2005,0.25,0.25,0.24,0.24,3518513
22/08/2005,0.24,0.25,0.24,0.24,4560151
23/08/2005,0.24,0.24,0.24,0.24,2120479
24/08/2005,0.24,0.25,0.24,0.24,4288420
25/08/2005,0.24,0.25,0.24,0.24,2471662
26/08/2005,0.25,0.25,0.24,0.24,2695229
29/08/2005,0.24,0.24,0.24,0.24,2866689
30/08/2005,0.24,0.25,0.24,0.25,7908246
31/08/2005,0.25,0.26,0.25,0.26,7556971
01/09/2005,0.26,0.26,0.25,0.26,4640713
02/09/2005,0.26,0.26,0.25,0.25,3914929
06/09/2005,0.25,0.26,0.25,0.25,3525830
07/09/2005,0.25,0.26,0.25,0.26,4987443
08/09/2005,0.26,0.27,0.26,0.26,5384367
09/09/2005,0.27,0.27,0.26,0.27,3812925
12/09/2005,0.27,0.27,0.26,0.27,4640846
13/09/2005,0.27,0.28,0.27,0.28,7123621
14/09/2005,0.27,0.28,0.27,0.27,4199598
15/09/2005,0.28,0.28,0.27,0.28,6331577
16/09/2005,0.28,0.28,0.27,0.28,4349031
19/09/2005,0.28,0.28,0.27,0.27,3569689
20/09/2005,0.28,0.28,0.27,0.28,4352576
21/09/2005,0.28,0.28,0.27,0.28,5213833
22/09/2005,0.28,0.28,0.26,0.27,6159653
23/09/2005,0.27,0.27,0.27,0.27,2622250
26/09/2005,0.27,0.28,0.27,0.27,3390844
27/09/2005,0.28,0.28,0.27,0.28,3368085
28/09/2005,0.28,0.28,0.27,0.28,2946735
29/09/2005,0.28,0.28,0.28,0.28,4279131
30/09/2005,0.28,0.29,0.28,0.29,3823828
03/10/2005,0.29,0.3,0.29,0.29,4587740
04/10/2005,0.29,0.3,0.29,0.29,4306635
05/10/2005,0.29,0.29,0.28,0.28,4993208
06/10/2005,0.28,0.28,0.27,0.28,5712639
07/10/2005,0.28,0.28,0.27,0.28,4601428
10/10/2005,0.28,0.28,0.27,0.27,3826994
11/10/2005,0.27,0.27,0.26,0.27,4500498
12/10/2005,0.26,0.27,0.26,0.27,5481008
13/10/2005,0.27,0.27,0.26,0.27,4244267
14/10/2005,0.27,0.27,0.26,0.27,2593885
17/10/2005,0.27,0.27,0.27,0.27,2039042
18/10/2005,0.27,0.27,0.26,0.27,2498615
19/10/2005,0.26,0.26,0.25,0.26,5299680
20/10/2005,0.26,0.27,0.26,0.26,2996053
21/10/2005,0.27,0.27,0.26,0.27,2486488
24/10/2005,0.27,0.27,0.27,0.27,2425882
25/10/2005,0.27,0.28,0.27,0.28,2788960
26/10/2005,0.28,0.28,0.27,0.27,3461272
27/10/2005,0.27,0.27,0.26,0.26,1911613
28/10/2005,0.26,0.27,0.26,0.27,3871979
31/10/2005,0.27,0.28,0.27,0.28,3611023
01/11/2005,0.28,0.28,0.27,0.28,3339095
02/11/2005,0.28,0.29,0.28,0.29,5211551
03/11/2005,0.29,0.3,0.29,0.29,3875526
04/11/2005,0.29,0.29,0.28,0.28,4752331
07/11/2005,0.29,0.29,0.28,0.28,3090258
08/11/2005,0.28,0.28,0.28,0.28,4491466
09/11/2005,0.28,0.29,0.27,0.29,6823902
10/11/2005,0.3,0.31,0.27,0.28,20863480
11/11/2005,0.28,0.29,0.28,0.28,4549373
14/11/2005,0.28,0.29,0.28,0.29,4113836
15/11/2005,0.29,0.29,0.29,0.29,4136021
16/11/2005,0.29,0.29,0.28,0.29,3794010
17/11/2005,0.29,0.3,0.29,0.3,5860532
18/11/2005,0.3,0.31,0.3,0.3,3881329
21/11/2005,0.3,0.31,0.3,0.31,3789168
22/11/2005,0.31,0.32,0.31,0.32,6098210
23/11/2005,0.32,0.32,0.31,0.31,3432824
25/11/2005,0.32,0.32,0.31,0.32,959177
28/11/2005,0.32,0.32,0.31,0.32,3537638
29/11/2005,0.3,0.31,0.29,0.3,8692750
30/11/2005,0.29,0.3,0.29,0.3,4795366
01/12/2005,0.3,0.31,0.3,0.3,4683587
02/12/2005,0.31,0.31,0.3,0.3,2787209
05/12/2005,0.31,0.31,0.3,0.3,3231751
06/12/2005,0.3,0.3,0.3,0.3,3127100
07/12/2005,0.3,0.3,0.3,0.3,2938806
08/12/2005,0.3,0.3,0.3,0.3,3222169
09/12/2005,0.3,0.3,0.3,0.3,2191501
12/12/2005,0.3,0.31,0.3,0.31,2342753
13/12/2005,0.31,0.31,0.31,0.31,3695085
14/12/2005,0.31,0.31,0.3,0.31,2395672
15/12/2005,0.31,0.31,0.3,0.3,2772833
16/12/2005,0.31,0.31,0.3,0.31,8879919
19/12/2005,0.31,0.31,0.3,0.3,2436001
20/12/2005,0.3,0.31,0.3,0.3,2536274
21/12/2005,0.3,0.31,0.3,0.3,2411471
22/12/2005,0.3,0.31,0.3,0.31,2652806
23/12/2005,0.31,0.31,0.31,0.31,1787769
27/12/2005,0.31,0.32,0.31,0.31,3066704
28/12/2005,0.31,0.32,0.31,0.32,2203544
29/12/2005,0.32,0.32,0.31,0.31,2587256
30/12/2005,0.31,0.31,0.3,0.3,1912789
03/01/2006,0.31,0.32,0.31,0.32,3940004
04/01/2006,0.32,0.33,0.32,0.33,4250636
05/01/2006,0.33,0.34,0.33,0.33,5384188
06/01/2006,0.34,0.34,0.33,0.34,5194979
09/01/2006,0.34,0.35,0.34,0.35,4670776
10/01/2006,0.35,0.35,0.34,0.35,2830491
11/01/2006,0.35,0.36,0.35,0.36,5219775
12/01/2006,0.36,0.37,0.35,0.36,4129153
13/01/2006,0.36,0.36,0.35,0.35,3510837
17/01/2006,0.35,0.35,0.34,0.35,2745220
18/01/2006,0.34,0.36,0.34,0.36,3836478
19/01/2006,0.36,0.38,0.36,0.38,7623058
20/01/2006,0.38,0.38,0.37,0.37,3847986
23/01/2006,0.37,0.37,0.36,0.37,2790786
24/01/2006,0.37,0.38,0.37,0.37,3240884
25/01/2006,0.37,0.37,0.36,0.37,3335732
26/01/2006,0.37,0.38,0.37,0.38,3741624
27/01/2006,0.38,0.39,0.38,0.39,3208633
30/01/2006,0.39,0.39,0.38,0.38,2631499
31/01/2006,0.38,0.38,0.37,0.37,3205118
01/02/2006,0.37,0.38,0.37,0.37,3757121
02/02/2006,0.38,0.38,0.36,0.36,3948525
03/02/2006,0.36,0.37,0.36,0.37,4202112
06/02/2006,0.37,0.38,0.36,0.38,3028911
07/02/2006,0.38,0.38,0.36,0.36,3328929
08/02/2006,0.36,0.37,0.36,0.37,3276316
09/02/2006,0.38,0.38,0.37,0.37,3642429
10/02/2006,0.37,0.37,0.36,0.37,3458249
13/02/2006,0.36,0.37,0.36,0.37,2339571
14/02/2006,0.37,0.37,0.36,0.37,2939503
15/02/2006,0.37,0.38,0.37,0.37,4110912
16/02/2006,0.38,0.39,0.38,0.39,11149883
17/02/2006,0.42,0.42,0.39,0.4,19641288
21/02/2006,0.39,0.4,0.38,0.39,5707336
22/02/2006,0.38,0.39,0.37,0.39,7831323
23/02/2006,0.39,0.39,0.38,0.38,3209447
24/02/2006,0.38,0.39,0.38,0.38,3470062
27/02/2006,0.38,0.4,0.38,0.4,5555387
28/02/2006,0.4,0.4,0.39,0.39,4694327
01/03/2006,0.39,0.41,0.39,0.41,5869215
02/03/2006,0.41,0.41,0.4,0.41,4548506
03/03/2006,0.4,0.42,0.4,0.41,4965035
06/03/2006,0.42,0.42,0.41,0.41,4408592
07/03/2006,0.41,0.41,0.39,0.4,5052070
08/03/2006,0.4,0.4,0.39,0.4,5590398
09/03/2006,0.4,0.41,0.4,0.4,4482576
10/03/2006,0.4,0.41,0.39,0.39,4350884
13/03/2006,0.4,0.4,0.4,0.4,3103189
14/03/2006,0.4,0.41,0.4,0.41,5231949
15/03/2006,0.41,0.42,0.41,0.42,4266111
16/03/2006,0.42,0.42,0.4,0.4,4736978
17/03/2006,0.4,0.41,0.4,0.41,5154962
20/03/2006,0.41,0.41,0.4,0.4,2448064
21/03/2006,0.41,0.43,0.41,0.42,10295588
22/03/2006,0.41,0.41,0.4,0.41,9776078
23/03/2006,0.41,0.42,0.41,0.42,5517098
24/03/2006,0.42,0.43,0.42,0.43,5733053
27/03/2006,0.43,0.44,0.43,0.44,5429344
28/03/2006,0.44,0.46,0.44,0.45,6631569
29/03/2006,0.45,0.48,0.45,0.48,8231430
30/03/2006,0.48,0.48,0.47,0.48,8861003
31/03/2006,0.48,0.49,0.47,0.48,6968003
03/04/2006,0.48,0.49,0.47,0.48,8076795
04/04/2006,0.48,0.51,0.48,0.51,10005655
05/04/2006,0.5,0.51,0.49,0.51,9275141
06/04/2006,0.51,0.51,0.5,0.51,6577868
07/04/2006,0.51,0.51,0.5,0.51,11378966
10/04/2006,0.51,0.51,0.5,0.5,10766889
11/04/2006,0.5,0.5,0.48,0.49,11701345
12/04/2006,0.49,0.51,0.49,0.51,9999974
13/04/2006,0.5,0.5,0.49,0.49,12305967
17/04/2006,0.49,0.51,0.49,0.49,7397894
18/04/2006,0.49,0.49,0.47,0.48,19425036
19/04/2006,0.48,0.49,0.47,0.49,8625118
20/04/2006,0.48,0.49,0.47,0.49,9857129
21/04/2006,0.49,0.49,0.46,0.47,12836532
24/04/2006,0.47,0.49,0.46,0.48,11284733
25/04/2006,0.48,0.48,0.47,0.48,11996079
26/04/2006,0.48,0.49,0.47,0.48,5508749
27/04/2006,0.48,0.49,0.47,0.49,7716515
28/04/2006,0.49,0.49,0.48,0.49,4745649
01/05/2006,0.49,0.52,0.49,0.52,15042594
02/05/2006,0.52,0.53,0.51,0.51,8995949
03/05/2006,0.51,0.52,0.51,0.52,6302929
04/05/2006,0.51,0.52,0.5,0.51,8518848
05/05/2006,0.52,0.52,0.51,0.52,5665201
08/05/2006,0.52,0.53,0.51,0.52,8397046
09/05/2006,0.52,0.52,0.5,0.5,9361898
10/05/2006,0.5,0.5,0.49,0.49,12652031
11/05/2006,0.5,0.5,0.47,0.47,20123640
12/05/2006,0.46,0.47,0.43,0.44,26137044
15/05/2006,0.44,0.45,0.43,0.45,9225445
16/05/2006,0.45,0.45,0.43,0.43,8292962
17/05/2006,0.43,0.43,0.41,0.42,14020337
18/05/2006,0.42,0.42,0.4,0.4,11445443
19/05/2006,0.4,0.42,0.4,0.41,15546868
22/05/2006,0.4,0.4,0.39,0.4,12248780
23/05/2006,0.4,0.42,0.39,0.4,8873296
24/05/2006,0.4,0.41,0.39,0.4,9661726
25/05/2006,0.41,0.41,0.4,0.4,7061055
26/05/2006,0.4,0.4,0.4,0.4,4910719
30/05/2006,0.4,0.4,0.38,0.38,7479721
31/05/2006,0.39,0.39,0.38,0.38,9987204
01/06/2006,0.38,0.4,0.38,0.4,8954292
02/06/2006,0.41,0.41,0.39,0.4,11231127
05/06/2006,0.4,0.4,0.38,0.38,9685951
06/06/2006,0.39,0.39,0.36,0.37,13735783
07/06/2006,0.37,0.38,0.36,0.36,8811551
08/06/2006,0.36,0.36,0.34,0.36,12176241
09/06/2006,0.36,0.37,0.35,0.36,7230484
12/06/2006,0.35,0.35,0.33,0.34,7723931
13/06/2006,0.34,0.34,0.33,0.33,8876813
14/06/2006,0.33,0.34,0.33,0.34,8008299
15/06/2006,0.35,0.37,0.35,0.37,13955669
16/06/2006,0.37,0.37,0.36,0.36,8392992
19/06/2006,0.37,0.37,0.35,0.35,6468696
20/06/2006,0.34,0.35,0.34,0.34,8930529
21/06/2006,0.34,0.35,0.34,0.35,7353246
22/06/2006,0.35,0.35,0.34,0.34,9393757
23/06/2006,0.34,0.35,0.33,0.34,5586657
26/06/2006,0.34,0.34,0.33,0.34,4695527
27/06/2006,0.34,0.34,0.32,0.32,10141836
28/06/2006,0.33,0.35,0.32,0.34,13893536
29/06/2006,0.33,0.36,0.33,0.36,11465388
30/06/2006,0.36,0.37,0.35,0.35,7814103
03/07/2006,0.36,0.36,0.36,0.36,2911678
05/07/2006,0.35,0.36,0.34,0.34,7707139
06/07/2006,0.34,0.35,0.33,0.33,7844835
07/07/2006,0.34,0.34,0.32,0.32,9021669
10/07/2006,0.32,0.33,0.31,0.31,7499173
11/07/2006,0.31,0.32,0.3,0.32,10010979
12/07/2006,0.32,0.32,0.3,0.3,7683825
13/07/2006,0.3,0.31,0.29,0.3,9009658
14/07/2006,0.3,0.3,0.29,0.29,9535718
17/07/2006,0.29,0.3,0.29,0.3,8380543
18/07/2006,0.31,0.32,0.3,0.31,16326174
19/07/2006,0.31,0.33,0.31,0.33,17592494
20/07/2006,0.33,0.34,0.32,0.32,8431337
21/07/2006,0.31,0.31,0.29,0.3,10569743
24/07/2006,0.31,0.33,0.31,0.33,16390472
25/07/2006,0.33,0.34,0.33,0.34,9568307
26/07/2006,0.34,0.34,0.33,0.34,9251217
27/07/2006,0.34,0.36,0.34,0.34,11446734
28/07/2006,0.35,0.38,0.35,0.38,13591819
31/07/2006,0.37,0.38,0.37,0.37,9912729
01/08/2006,0.36,0.37,0.35,0.35,10016167
02/08/2006,0.36,0.38,0.36,0.38,12613758
03/08/2006,0.38,0.42,0.37,0.41,14852120
04/08/2006,0.42,0.42,0.39,0.4,13637212
07/08/2006,0.39,0.4,0.39,0.4,7269888
08/08/2006,0.4,0.41,0.4,0.41,10340110
09/08/2006,0.41,0.43,0.4,0.41,9745162
10/08/2006,0.4,0.41,0.39,0.4,18104264
11/08/2006,0.37,0.4,0.37,0.39,26721776
14/08/2006,0.39,0.4,0.39,0.39,13490200
15/08/2006,0.4,0.43,0.39,0.43,15038068
16/08/2006,0.43,0.46,0.42,0.46,17154306
17/08/2006,0.45,0.46,0.44,0.45,13652705
18/08/2006,0.45,0.46,0.43,0.46,11098341
21/08/2006,0.45,0.45,0.44,0.44,8337046
22/08/2006,0.44,0.45,0.44,0.44,7898824
23/08/2006,0.44,0.45,0.43,0.44,8090926
24/08/2006,0.44,0.45,0.43,0.44,4346700
25/08/2006,0.44,0.45,0.44,0.44,3971861
28/08/2006,0.45,0.47,0.45,0.46,12743654
29/08/2006,0.46,0.48,0.46,0.48,12134514
30/08/2006,0.48,0.49,0.48,0.49,11359453
31/08/2006,0.49,0.49,0.47,0.49,8531663
01/09/2006,0.48,0.48,0.46,0.46,10096239
05/09/2006,0.47,0.48,0.46,0.48,9159790
06/09/2006,0.47,0.47,0.45,0.45,8226531
07/09/2006,0.44,0.47,0.44,0.46,12380619
08/09/2006,0.47,0.47,0.45,0.46,7467704
11/09/2006,0.45,0.47,0.45,0.47,9972728
12/09/2006,0.47,0.48,0.47,0.48,8310580
13/09/2006,0.48,0.49,0.48,0.49,7941346
14/09/2006,0.48,0.49,0.48,0.48,7150089
15/09/2006,0.48,0.5,0.48,0.49,10836139
18/09/2006,0.49,0.51,0.49,0.51,12898529
19/09/2006,0.51,0.51,0.49,0.5,11800910
20/09/2006,0.5,0.52,0.5,0.52,8534779
21/09/2006,0.52,0.52,0.51,0.51,8985939
22/09/2006,0.51,0.51,0.49,0.5,10894013
25/09/2006,0.5,0.52,0.49,0.51,11421209
26/09/2006,0.51,0.52,0.5,0.5,8605512
27/09/2006,0.5,0.52,0.5,0.5,9648098
28/09/2006,0.48,0.49,0.48,0.49,11286616
29/09/2006,0.5,0.5,0.49,0.49,6233050
02/10/2006,0.49,0.49,0.48,0.48,10794161
03/10/2006,0.47,0.48,0.46,0.47,15132840
04/10/2006,0.47,0.52,0.47,0.52,24346352
05/10/2006,0.52,0.52,0.5,0.5,11057896
06/10/2006,0.5,0.52,0.5,0.52,9894452
09/10/2006,0.51,0.56,0.51,0.55,15540716
10/10/2006,0.55,0.55,0.53,0.54,10412422
11/10/2006,0.54,0.55,0.53,0.54,8032626
12/10/2006,0.54,0.55,0.53,0.54,6917830
13/10/2006,0.54,0.57,0.53,0.56,9738457
16/10/2006,0.56,0.57,0.55,0.56,7983921
17/10/2006,0.55,0.56,0.54,0.54,8780513
18/10/2006,0.55,0.55,0.52,0.53,13715003
19/10/2006,0.52,0.54,0.52,0.54,7895535
20/10/2006,0.54,0.54,0.52,0.53,5991477
23/10/2006,0.53,0.54,0.53,0.53,4713852
24/10/2006,0.53,0.55,0.53,0.54,8654790
25/10/2006,0.55,0.56,0.54,0.55,6490955
26/10/2006,0.55,0.57,0.55,0.56,6116474
27/10/2006,0.56,0.58,0.53,0.54,9450558
30/10/2006,0.54,0.56,0.54,0.55,7993831
31/10/2006,0.56,0.58,0.56,0.58,16604688
01/11/2006,0.57,0.58,0.53,0.54,19628906
02/11/2006,0.54,0.55,0.53,0.53,14382457
03/11/2006,0.54,0.54,0.53,0.54,9136355
06/11/2006,0.54,0.57,0.54,0.56,12328274
07/11/2006,0.56,0.57,0.56,0.57,9222167
08/11/2006,0.56,0.58,0.56,0.58,10820612
09/11/2006,0.59,0.6,0.58,0.59,20295860
10/11/2006,0.58,0.59,0.56,0.57,21960600
13/11/2006,0.58,0.6,0.58,0.6,14212553
14/11/2006,0.6,0.61,0.59,0.61,10478474
15/11/2006,0.6,0.61,0.59,0.6,8199677
16/11/2006,0.6,0.61,0.59,0.6,7620225
17/11/2006,0.6,0.61,0.6,0.61,6028304
20/11/2006,0.6,0.61,0.59,0.61,10145913
21/11/2006,0.61,0.61,0.6,0.6,6462886
22/11/2006,0.6,0.61,0.6,0.61,4005264
24/11/2006,0.61,0.62,0.6,0.62,2406253
27/11/2006,0.61,0.62,0.58,0.59,9754939
28/11/2006,0.59,0.6,0.58,0.6,8023876
29/11/2006,0.61,0.62,0.6,0.61,9666668
30/11/2006,0.61,0.62,0.6,0.62,9727359
01/12/2006,0.61,0.61,0.59,0.59,13096808
04/12/2006,0.6,0.62,0.6,0.62,10371622
05/12/2006,0.61,0.61,0.6,0.61,11062356
06/12/2006,0.61,0.61,0.6,0.61,7971710
07/12/2006,0.61,0.61,0.59,0.59,8118591
08/12/2006,0.59,0.6,0.58,0.59,9415747
11/12/2006,0.59,0.61,0.59,0.6,8594388
12/12/2006,0.6,0.6,0.59,0.6,9655686
13/12/2006,0.6,0.61,0.6,0.6,8200829
14/12/2006,0.61,0.62,0.61,0.61,11924064
15/12/2006,0.62,0.63,0.61,0.63,12508886
18/12/2006,0.63,0.64,0.63,0.64,11477196
19/12/2006,0.63,0.65,0.63,0.65,9094552
20/12/2006,0.65,0.65,0.64,0.64,5142479
21/12/2006,0.64,0.64,0.63,0.63,6132670
22/12/2006,0.63,0.63,0.61,0.62,6170876
26/12/2006,0.62,0.63,0.61,0.62,3803930
27/12/2006,0.62,0.63,0.62,0.63,4416853
28/12/2006,0.63,0.63,0.62,0.62,3638497
29/12/2006,0.62,0.63,0.62,0.62,6438038
03/01/2007,0.62,0.63,0.58,0.6,19268048
04/01/2007,0.6,0.6,0.58,0.6,13324300
05/01/2007,0.58,0.59,0.56,0.56,20728856
08/01/2007,0.56,0.58,0.55,0.57,10955092
09/01/2007,0.57,0.57,0.55,0.55,12738924
10/01/2007,0.55,0.59,0.54,0.58,18482596
11/01/2007,0.58,0.59,0.57,0.58,15409581
12/01/2007,0.57,0.59,0.57,0.59,11638015
16/01/2007,0.59,0.59,0.58,0.59,11870674
17/01/2007,0.58,0.58,0.57,0.58,11810980
18/01/2007,0.55,0.57,0.52,0.53,25030160
19/01/2007,0.52,0.54,0.52,0.53,15710126
22/01/2007,0.54,0.55,0.53,0.53,12179897
23/01/2007,0.53,0.54,0.52,0.53,10510831
24/01/2007,0.54,0.56,0.54,0.55,11429058
25/01/2007,0.55,0.56,0.53,0.53,10280473
26/01/2007,0.53,0.54,0.52,0.52,13827895
29/01/2007,0.52,0.52,0.5,0.5,20972706
30/01/2007,0.51,0.52,0.5,0.51,10615947
31/01/2007,0.51,0.52,0.5,0.51,7799734
01/02/2007,0.51,0.52,0.51,0.52,10852378
02/02/2007,0.52,0.53,0.52,0.53,9776495
05/02/2007,0.53,0.54,0.53,0.54,9666089
06/02/2007,0.55,0.57,0.54,0.56,12926864
07/02/2007,0.56,0.58,0.56,0.58,12686330
08/02/2007,0.57,0.58,0.57,0.57,12105244
09/02/2007,0.58,0.58,0.54,0.54,15636142
12/02/2007,0.55,0.57,0.54,0.56,13157535
13/02/2007,0.57,0.57,0.56,0.57,15048401
14/02/2007,0.57,0.58,0.56,0.56,18036732
15/02/2007,0.56,0.57,0.55,0.56,8146502
16/02/2007,0.56,0.56,0.54,0.55,15252768
20/02/2007,0.55,0.55,0.54,0.55,10431841
21/02/2007,0.55,0.55,0.54,0.54,10922969
22/02/2007,0.55,0.56,0.54,0.55,10928175
23/02/2007,0.55,0.55,0.54,0.54,6729027
26/02/2007,0.55,0.55,0.54,0.54,8241529
27/02/2007,0.53,0.54,0.52,0.52,12012444
28/02/2007,0.52,0.53,0.51,0.52,13009581
01/03/2007,0.5,0.52,0.5,0.51,13954717
02/03/2007,0.51,0.51,0.5,0.5,11380015
05/03/2007,0.48,0.5,0.48,0.48,11065409
06/03/2007,0.49,0.51,0.49,0.51,13434094
07/03/2007,0.51,0.51,0.49,0.49,13532368
08/03/2007,0.5,0.52,0.5,0.51,12844834
09/03/2007,0.52,0.53,0.5,0.51,9257529
12/03/2007,0.51,0.51,0.5,0.51,7135733
13/03/2007,0.5,0.5,0.48,0.48,10131718
14/03/2007,0.48,0.49,0.47,0.48,16193441
15/03/2007,0.48,0.49,0.47,0.48,10931774
16/03/2007,0.48,0.48,0.47,0.47,8761185
19/03/2007,0.47,0.48,0.47,0.47,7695631
20/03/2007,0.47,0.48,0.47,0.47,10945908
21/03/2007,0.49,0.51,0.48,0.5,23182020
22/03/2007,0.51,0.51,0.5,0.51,13596020
23/03/2007,0.51,0.52,0.5,0.5,8746840
26/03/2007,0.51,0.51,0.5,0.51,7455741
27/03/2007,0.51,0.51,0.5,0.5,7817794
28/03/2007,0.49,0.5,0.49,0.49,7739598
29/03/2007,0.49,0.49,0.47,0.48,11985548
30/03/2007,0.48,0.49,0.48,0.48,9687466
02/04/2007,0.48,0.48,0.47,0.48,6682126
03/04/2007,0.49,0.49,0.47,0.48,7897217
04/04/2007,0.48,0.48,0.48,0.48,6031110
05/04/2007,0.48,0.52,0.48,0.52,22198682
09/04/2007,0.52,0.52,0.5,0.51,10310239
10/04/2007,0.51,0.51,0.5,0.5,13237757
11/04/2007,0.5,0.51,0.49,0.49,13628581
12/04/2007,0.49,0.51,0.49,0.51,12395422
13/04/2007,0.5,0.51,0.5,0.51,10645216
16/04/2007,0.51,0.51,0.5,0.51,11199101
17/04/2007,0.51,0.53,0.51,0.51,17655504
18/04/2007,0.51,0.52,0.51,0.52,11397045
19/04/2007,0.51,0.53,0.51,0.53,9493479
20/04/2007,0.53,0.53,0.52,0.53,9896528
23/04/2007,0.54,0.54,0.52,0.52,9929075
24/04/2007,0.53,0.55,0.53,0.54,17161564
25/04/2007,0.55,0.55,0.54,0.55,8493994
26/04/2007,0.56,0.56,0.55,0.56,8335603
27/04/2007,0.56,0.56,0.54,0.55,9235231
30/04/2007,0.56,0.57,0.55,0.55,9390375
01/05/2007,0.56,0.56,0.55,0.55,9079159
02/05/2007,0.56,0.56,0.54,0.55,11030701
03/05/2007,0.55,0.56,0.55,0.56,8341323
04/05/2007,0.56,0.56,0.56,0.56,6756033
07/05/2007,0.57,0.58,0.55,0.55,9287662
08/05/2007,0.55,0.56,0.54,0.55,12285612
09/05/2007,0.55,0.56,0.54,0.56,6981134
10/05/2007,0.56,0.57,0.54,0.55,13667426
11/05/2007,0.57,0.59,0.57,0.59,25712396
14/05/2007,0.58,0.59,0.57,0.58,12195346
15/05/2007,0.58,0.59,0.57,0.57,10359193
16/05/2007,0.58,0.58,0.56,0.58,8718636
17/05/2007,0.58,0.58,0.57,0.57,7498284
18/05/2007,0.58,0.59,0.57,0.58,10073809
21/05/2007,0.58,0.6,0.58,0.59,10781677
22/05/2007,0.59,0.59,0.58,0.59,6700960
23/05/2007,0.59,0.59,0.57,0.57,7471442
24/05/2007,0.58,0.58,0.55,0.55,10130260
25/05/2007,0.56,0.56,0.55,0.56,5149541
29/05/2007,0.56,0.57,0.56,0.57,5270691
30/05/2007,0.57,0.57,0.55,0.57,5545187
31/05/2007,0.57,0.58,0.57,0.58,12911161
01/06/2007,0.58,0.59,0.58,0.58,7152083
04/06/2007,0.58,0.59,0.57,0.58,5366682
05/06/2007,0.59,0.6,0.59,0.6,11644712
06/06/2007,0.6,0.62,0.6,0.61,15849066
07/06/2007,0.61,0.61,0.6,0.6,13202075
08/06/2007,0.6,0.61,0.59,0.61,8888767
11/06/2007,0.61,0.62,0.61,0.61,7261015
12/06/2007,0.61,0.62,0.6,0.61,8780572
13/06/2007,0.61,0.62,0.6,0.62,9791683
14/06/2007,0.62,0.63,0.62,0.63,8477910
15/06/2007,0.63,0.66,0.63,0.66,18117510
18/06/2007,0.67,0.67,0.65,0.66,11431614
19/06/2007,0.66,0.67,0.65,0.66,8200108
20/06/2007,0.67,0.67,0.66,0.66,13714885
21/06/2007,0.67,0.72,0.67,0.72,21711252
22/06/2007,0.72,0.73,0.71,0.73,14749646
25/06/2007,0.71,0.72,0.7,0.71,13666118
26/06/2007,0.7,0.71,0.67,0.68,14474625
27/06/2007,0.68,0.69,0.67,0.69,10219746
28/06/2007,0.7,0.71,0.69,0.7,9969069
29/06/2007,0.71,0.71,0.69,0.69,8609420
02/07/2007,0.69,0.72,0.69,0.72,9405624
03/07/2007,0.72,0.72,0.71,0.72,3979439
05/07/2007,0.72,0.73,0.72,0.73,6222692
06/07/2007,0.73,0.73,0.72,0.73,4712792
09/07/2007,0.73,0.75,0.73,0.75,8946604
10/07/2007,0.75,0.76,0.74,0.76,9212466
11/07/2007,0.76,0.76,0.74,0.75,9710775
12/07/2007,0.76,0.77,0.75,0.77,7312742
13/07/2007,0.77,0.78,0.76,0.76,6210424
16/07/2007,0.77,0.78,0.77,0.78,9029105
17/07/2007,0.78,0.8,0.77,0.78,10733871
18/07/2007,0.78,0.78,0.75,0.76,9178291
19/07/2007,0.77,0.78,0.75,0.76,6790111
20/07/2007,0.76,0.77,0.75,0.75,8430925
23/07/2007,0.75,0.77,0.75,0.76,6008500
24/07/2007,0.76,0.76,0.73,0.74,7627155
25/07/2007,0.74,0.75,0.72,0.74,7296963
26/07/2007,0.73,0.75,0.72,0.74,11854075
27/07/2007,0.74,0.77,0.74,0.74,10263725
30/07/2007,0.74,0.76,0.74,0.76,8973046
31/07/2007,0.78,0.8,0.76,0.76,11861326
01/08/2007,0.76,0.77,0.72,0.76,11764073
02/08/2007,0.76,0.77,0.74,0.75,7811262
03/08/2007,0.75,0.76,0.71,0.71,10390329
06/08/2007,0.72,0.72,0.7,0.72,8745827
07/08/2007,0.72,0.74,0.71,0.73,9441246
08/08/2007,0.74,0.78,0.73,0.76,11026128
09/08/2007,0.76,0.79,0.75,0.77,20962252
10/08/2007,0.73,0.74,0.69,0.73,19020988
13/08/2007,0.73,0.74,0.71,0.73,11813413
14/08/2007,0.72,0.77,0.72,0.75,18203380
15/08/2007,0.75,0.76,0.72,0.72,11590051
16/08/2007,0.71,0.72,0.68,0.71,13002255
17/08/2007,0.71,0.75,0.71,0.75,12146414
20/08/2007,0.75,0.76,0.74,0.75,8661450
21/08/2007,0.75,0.79,0.74,0.79,11927114
22/08/2007,0.79,0.81,0.79,0.81,9441533
23/08/2007,0.82,0.82,0.8,0.8,11134086
24/08/2007,0.8,0.81,0.79,0.8,6027605
27/08/2007,0.81,0.83,0.8,0.82,10602976
28/08/2007,0.83,0.83,0.77,0.77,9334911
29/08/2007,0.78,0.82,0.78,0.82,8977046
30/08/2007,0.82,0.83,0.81,0.81,7763837
31/08/2007,0.82,0.86,0.82,0.85,12017376
04/09/2007,0.85,0.88,0.84,0.88,11391474
05/09/2007,0.87,0.9,0.87,0.87,10937819
06/09/2007,0.87,0.89,0.87,0.88,7092527
07/09/2007,0.88,0.88,0.83,0.84,10039601
10/09/2007,0.86,0.88,0.84,0.85,9690133
11/09/2007,0.86,0.87,0.85,0.86,10139074
12/09/2007,0.88,0.88,0.82,0.83,13864610
13/09/2007,0.84,0.85,0.82,0.83,11322893
14/09/2007,0.82,0.82,0.8,0.81,12183994
17/09/2007,0.8,0.82,0.8,0.8,9371276
18/09/2007,0.8,0.89,0.8,0.88,21122374
19/09/2007,0.88,0.9,0.85,0.86,13034704
20/09/2007,0.85,0.87,0.84,0.85,8106663
21/09/2007,0.86,0.88,0.85,0.86,11439296
24/09/2007,0.87,0.9,0.86,0.88,11412416
25/09/2007,0.87,0.9,0.87,0.9,9019394
26/09/2007,0.9,0.92,0.9,0.92,12954392
27/09/2007,0.92,0.93,0.91,0.92,9456918
28/09/2007,0.92,0.93,0.9,0.91,10108626
01/10/2007,0.91,0.95,0.91,0.94,9955832
02/10/2007,0.95,0.95,0.92,0.94,7132314
03/10/2007,0.92,0.92,0.88,0.9,11681788
04/10/2007,0.9,0.9,0.87,0.9,9475172
05/10/2007,0.9,0.93,0.9,0.92,8623463
08/10/2007,0.93,0.94,0.92,0.94,6312029
09/10/2007,0.99,0.99,0.91,0.92,10076310
10/10/2007,0.95,0.95,0.9,0.92,9732338
11/10/2007,0.91,0.93,0.87,0.88,13227908
12/10/2007,0.88,0.9,0.88,0.9,10249784
15/10/2007,0.91,0.92,0.9,0.91,8897500
16/10/2007,0.91,0.93,0.91,0.92,6916232
17/10/2007,0.94,0.99,0.94,0.99,17948532
18/10/2007,0.99,0.99,0.96,0.99,8516984
19/10/2007,0.98,0.99,0.93,0.93,12647577
22/10/2007,0.92,0.98,0.92,0.98,13441399
23/10/2007,1,1,0.96,0.98,7362655
24/10/2007,0.97,0.97,0.9,0.95,14142366
25/10/2007,0.96,0.96,0.84,0.87,20158364
26/10/2007,0.89,0.9,0.85,0.86,15416428
29/10/2007,0.85,0.85,0.81,0.84,20347306
30/10/2007,0.85,0.89,0.83,0.87,13130241
31/10/2007,0.88,0.89,0.85,0.88,11387563
01/11/2007,0.9,0.9,0.86,0.88,14682023
02/11/2007,0.9,0.93,0.88,0.92,12299242
05/11/2007,0.91,0.94,0.91,0.92,10922452
06/11/2007,0.92,0.96,0.92,0.95,13866082
07/11/2007,0.94,0.95,0.9,0.9,13669147
08/11/2007,0.89,0.91,0.82,0.85,24920548
09/11/2007,0.86,0.87,0.82,0.83,21782688
12/11/2007,0.84,0.84,0.75,0.75,17893228
13/11/2007,0.76,0.82,0.75,0.82,18170676
14/11/2007,0.84,0.85,0.8,0.8,16667914
15/11/2007,0.8,0.81,0.78,0.79,12412553
16/11/2007,0.8,0.81,0.79,0.81,10598142
19/11/2007,0.8,0.8,0.75,0.76,14216186
20/11/2007,0.77,0.77,0.73,0.75,15566308
21/11/2007,0.73,0.76,0.73,0.74,16214701
23/11/2007,0.75,0.76,0.74,0.76,3549420
26/11/2007,0.76,0.77,0.74,0.74,9648198
27/11/2007,0.75,0.77,0.74,0.77,11471502
28/11/2007,0.79,0.83,0.79,0.82,14363605
29/11/2007,0.82,0.85,0.82,0.83,12229227
30/11/2007,0.86,0.86,0.79,0.79,16316350
03/12/2007,0.81,0.81,0.79,0.8,12267157
04/12/2007,0.8,0.81,0.78,0.8,9293856
05/12/2007,0.83,0.86,0.82,0.84,16670610
06/12/2007,0.84,0.86,0.83,0.86,9280691
07/12/2007,0.86,0.86,0.84,0.85,8007250
10/12/2007,0.85,0.87,0.85,0.86,8410798
11/12/2007,0.87,0.89,0.86,0.86,14563518
12/12/2007,0.89,0.9,0.87,0.89,15446574
13/12/2007,0.88,0.88,0.84,0.86,12509304
14/12/2007,0.85,0.89,0.85,0.88,8851893
17/12/2007,0.87,0.88,0.83,0.83,12691917
18/12/2007,0.84,0.86,0.84,0.85,9922346
19/12/2007,0.85,0.87,0.85,0.86,6338302
20/12/2007,0.88,0.88,0.86,0.88,6998463
21/12/2007,0.89,0.9,0.87,0.88,10881586
24/12/2007,0.89,0.9,0.88,0.89,2600121
26/12/2007,0.9,0.91,0.89,0.91,5385665
27/12/2007,0.91,0.91,0.88,0.88,6038682
28/12/2007,0.88,0.89,0.86,0.87,6551568
31/12/2007,0.86,0.88,0.85,0.85,6905854
02/01/2008,0.85,0.86,0.81,0.83,12099534
03/01/2008,0.83,0.85,0.82,0.82,11884649
04/01/2008,0.8,0.8,0.75,0.75,18403424
07/01/2008,0.76,0.76,0.66,0.67,25172356
08/01/2008,0.68,0.73,0.66,0.69,27675990
09/01/2008,0.7,0.72,0.69,0.72,18540988
10/01/2008,0.7,0.72,0.69,0.71,13864179
11/01/2008,0.69,0.71,0.67,0.68,14316298
14/01/2008,0.68,0.72,0.68,0.72,13482044
15/01/2008,0.69,0.7,0.66,0.67,18150754
16/01/2008,0.63,0.63,0.58,0.59,36617968
17/01/2008,0.6,0.62,0.58,0.58,28349704
18/01/2008,0.58,0.62,0.56,0.62,23010914
22/01/2008,0.56,0.6,0.56,0.59,17753656
23/01/2008,0.57,0.62,0.56,0.6,23251652
24/01/2008,0.61,0.65,0.61,0.65,14934791
25/01/2008,0.67,0.69,0.62,0.62,17200240
28/01/2008,0.62,0.63,0.6,0.62,14441029
29/01/2008,0.63,0.64,0.61,0.64,10367650
30/01/2008,0.63,0.64,0.61,0.63,13264967
31/01/2008,0.62,0.63,0.6,0.61,14717700
01/02/2008,0.62,0.68,0.61,0.67,14829159
04/02/2008,0.68,0.69,0.65,0.65,14133305
05/02/2008,0.64,0.64,0.61,0.61,12375394
06/02/2008,0.62,0.63,0.6,0.61,13941612
07/02/2008,0.59,0.63,0.58,0.61,16604405
08/02/2008,0.61,0.63,0.6,0.62,9849938
11/02/2008,0.63,0.64,0.62,0.63,12593733
12/02/2008,0.64,0.66,0.63,0.65,15246979
13/02/2008,0.66,0.68,0.65,0.68,18557788
14/02/2008,0.66,0.66,0.56,0.57,54607320
15/02/2008,0.56,0.58,0.55,0.56,20434048
19/02/2008,0.57,0.57,0.54,0.55,13972045
20/02/2008,0.53,0.55,0.53,0.54,18981572
21/02/2008,0.55,0.55,0.53,0.53,16113756
22/02/2008,0.54,0.56,0.53,0.56,18077822
25/02/2008,0.56,0.56,0.54,0.56,16603146
26/02/2008,0.55,0.57,0.55,0.56,14135534
27/02/2008,0.56,0.58,0.56,0.57,13453331
28/02/2008,0.57,0.57,0.55,0.55,12593269
29/02/2008,0.54,0.55,0.53,0.53,13514514
03/03/2008,0.53,0.54,0.52,0.53,11228156
04/03/2008,0.53,0.53,0.5,0.52,19472184
05/03/2008,0.53,0.54,0.52,0.53,16124473
06/03/2008,0.52,0.53,0.5,0.5,26882056
07/03/2008,0.49,0.51,0.48,0.49,19188452
10/03/2008,0.48,0.49,0.46,0.46,19416860
11/03/2008,0.48,0.48,0.46,0.48,21452736
12/03/2008,0.48,0.48,0.46,0.46,18586134
13/03/2008,0.46,0.5,0.45,0.49,30515516
14/03/2008,0.5,0.5,0.45,0.46,28877908
17/03/2008,0.44,0.46,0.43,0.45,20023750
18/03/2008,0.46,0.48,0.44,0.47,26884482
19/03/2008,0.46,0.47,0.44,0.44,22013478
20/03/2008,0.45,0.46,0.44,0.46,15837539
24/03/2008,0.47,0.5,0.47,0.5,22189008
25/03/2008,0.5,0.52,0.5,0.51,18386284
26/03/2008,0.5,0.5,0.49,0.49,18045564
27/03/2008,0.49,0.5,0.48,0.48,15033966
28/03/2008,0.49,0.5,0.49,0.49,14044703
31/03/2008,0.5,0.51,0.49,0.49,14250376
01/04/2008,0.51,0.53,0.5,0.53,16923152
02/04/2008,0.53,0.53,0.51,0.51,15414955
03/04/2008,0.5,0.51,0.48,0.5,21050770
04/04/2008,0.49,0.49,0.47,0.47,38395636
07/04/2008,0.48,0.49,0.48,0.48,18250726
08/04/2008,0.48,0.49,0.48,0.48,15994610
09/04/2008,0.48,0.49,0.48,0.49,16884902
10/04/2008,0.49,0.51,0.48,0.5,27406684
11/04/2008,0.49,0.49,0.46,0.46,27656914
14/04/2008,0.46,0.46,0.45,0.45,19501784
15/04/2008,0.45,0.45,0.44,0.45,10997824
16/04/2008,0.47,0.48,0.46,0.47,16180523
17/04/2008,0.45,0.47,0.45,0.46,14940423
18/04/2008,0.48,0.48,0.47,0.48,14339778
21/04/2008,0.47,0.5,0.47,0.5,16998128
22/04/2008,0.49,0.49,0.48,0.49,14694781
23/04/2008,0.49,0.52,0.49,0.51,25517572
24/04/2008,0.52,0.52,0.49,0.5,16399563
25/04/2008,0.5,0.51,0.49,0.5,13806419
28/04/2008,0.5,0.51,0.49,0.49,13395402
29/04/2008,0.49,0.51,0.49,0.51,14341881
30/04/2008,0.51,0.52,0.51,0.51,26707912
01/05/2008,0.52,0.54,0.52,0.54,25373360
02/05/2008,0.55,0.56,0.54,0.56,28278056
05/05/2008,0.56,0.56,0.55,0.55,23587240
06/05/2008,0.55,0.56,0.54,0.56,18225840
07/05/2008,0.57,0.57,0.55,0.55,17900208
08/05/2008,0.55,0.56,0.53,0.55,33999964
09/05/2008,0.55,0.59,0.55,0.56,50758760
12/05/2008,0.57,0.57,0.54,0.55,25172784
13/05/2008,0.55,0.55,0.53,0.54,21352620
14/05/2008,0.54,0.57,0.54,0.55,18778700
15/05/2008,0.55,0.6,0.55,0.59,29136512
16/05/2008,0.6,0.61,0.59,0.61,27290690
19/05/2008,0.61,0.63,0.59,0.6,28964796
20/05/2008,0.58,0.59,0.58,0.58,19285962
21/05/2008,0.58,0.61,0.58,0.58,26668260
22/05/2008,0.59,0.6,0.58,0.59,17333168
23/05/2008,0.59,0.6,0.57,0.58,20066980
27/05/2008,0.58,0.58,0.57,0.58,20824370
28/05/2008,0.6,0.6,0.58,0.59,18797180
29/05/2008,0.59,0.59,0.58,0.59,17336486
30/05/2008,0.61,0.62,0.6,0.62,20756328
02/06/2008,0.62,0.62,0.61,0.62,18370324
03/06/2008,0.62,0.62,0.59,0.6,21108360
04/06/2008,0.59,0.61,0.58,0.61,20823184
05/06/2008,0.63,0.63,0.61,0.62,20706366
06/06/2008,0.61,0.61,0.6,0.6,19628184
09/06/2008,0.6,0.61,0.58,0.59,15947898
10/06/2008,0.58,0.58,0.55,0.56,30634876
11/06/2008,0.56,0.57,0.53,0.53,24985676
12/06/2008,0.54,0.55,0.53,0.53,20649728
13/06/2008,0.54,0.54,0.52,0.53,17644052
16/06/2008,0.53,0.53,0.52,0.53,15768488
17/06/2008,0.53,0.53,0.51,0.51,17198762
18/06/2008,0.51,0.53,0.49,0.5,26639608
19/06/2008,0.5,0.51,0.48,0.5,19727744
20/06/2008,0.49,0.5,0.49,0.49,18530542
23/06/2008,0.5,0.5,0.48,0.48,19415312
24/06/2008,0.48,0.51,0.48,0.5,26973106
25/06/2008,0.51,0.51,0.49,0.5,22530744
26/06/2008,0.49,0.49,0.48,0.48,21141622
27/06/2008,0.48,0.48,0.47,0.48,14603438
30/06/2008,0.48,0.48,0.46,0.47,16354358
01/07/2008,0.46,0.47,0.45,0.47,22037332
02/07/2008,0.47,0.47,0.45,0.45,19532760
03/07/2008,0.32,0.33,0.31,0.31,74684552
07/07/2008,0.32,0.32,0.29,0.3,55067240
08/07/2008,0.3,0.31,0.3,0.3,45145808
09/07/2008,0.3,0.31,0.3,0.3,35335796
10/07/2008,0.3,0.3,0.29,0.29,26424736
11/07/2008,0.29,0.3,0.28,0.29,20195392
14/07/2008,0.29,0.3,0.28,0.28,22059104
15/07/2008,0.28,0.29,0.27,0.28,28064608
16/07/2008,0.28,0.29,0.27,0.28,25861958
17/07/2008,0.29,0.29,0.27,0.28,21556520
18/07/2008,0.28,0.29,0.27,0.29,22494960
21/07/2008,0.29,0.3,0.29,0.29,14295827
22/07/2008,0.29,0.29,0.28,0.28,13903682
23/07/2008,0.29,0.3,0.29,0.29,14880521
24/07/2008,0.29,0.29,0.28,0.28,17645446
25/07/2008,0.28,0.29,0.27,0.29,25996136
28/07/2008,0.29,0.3,0.28,0.29,18370160
29/07/2008,0.29,0.3,0.29,0.29,19119228
30/07/2008,0.3,0.3,0.28,0.29,14712472
31/07/2008,0.29,0.29,0.28,0.29,12182906
01/08/2008,0.28,0.28,0.27,0.27,22033480
04/08/2008,0.27,0.27,0.26,0.26,13051915
05/08/2008,0.27,0.28,0.27,0.28,17148560
06/08/2008,0.28,0.29,0.27,0.29,20372356
07/08/2008,0.28,0.3,0.28,0.28,20484118
08/08/2008,0.28,0.29,0.27,0.28,21346616
11/08/2008,0.28,0.29,0.28,0.28,29910888
12/08/2008,0.28,0.28,0.27,0.28,35420296
13/08/2008,0.3,0.31,0.29,0.31,52383248
14/08/2008,0.31,0.34,0.3,0.33,40901296
15/08/2008,0.33,0.33,0.32,0.32,19446004
18/08/2008,0.33,0.33,0.32,0.33,22357762
19/08/2008,0.33,0.34,0.32,0.34,25358186
20/08/2008,0.34,0.35,0.34,0.35,28592276
21/08/2008,0.35,0.35,0.33,0.34,25542384
22/08/2008,0.34,0.35,0.33,0.34,11481768
25/08/2008,0.34,0.35,0.33,0.34,11790888
26/08/2008,0.34,0.34,0.32,0.33,15329047
27/08/2008,0.32,0.33,0.32,0.33,11365489
28/08/2008,0.33,0.33,0.33,0.33,9129757
29/08/2008,0.32,0.33,0.32,0.32,12900290
02/09/2008,0.32,0.32,0.3,0.31,17349528
03/09/2008,0.3,0.31,0.29,0.29,17879218
04/09/2008,0.29,0.29,0.29,0.29,17904354
05/09/2008,0.28,0.29,0.28,0.29,19781924
08/09/2008,0.29,0.29,0.28,0.28,32871460
09/09/2008,0.28,0.3,0.27,0.27,27464486
10/09/2008,0.27,0.28,0.27,0.27,16109129
11/09/2008,0.26,0.26,0.25,0.26,26675476
12/09/2008,0.25,0.26,0.24,0.25,30231994
15/09/2008,0.24,0.25,0.23,0.23,21600948
16/09/2008,0.23,0.24,0.22,0.24,31023678
17/09/2008,0.23,0.26,0.23,0.25,34814420
18/09/2008,0.25,0.29,0.25,0.27,40276480
19/09/2008,0.29,0.29,0.27,0.29,27948512
22/09/2008,0.28,0.29,0.28,0.28,17502772
23/09/2008,0.28,0.29,0.27,0.27,20556794
24/09/2008,0.27,0.29,0.27,0.28,21651860
25/09/2008,0.28,0.29,0.28,0.29,14708630
26/09/2008,0.28,0.29,0.27,0.29,16171345
29/09/2008,0.28,0.29,0.25,0.25,24382018
30/09/2008,0.26,0.27,0.25,0.27,16483571
01/10/2008,0.26,0.27,0.26,0.26,13931713
02/10/2008,0.26,0.26,0.23,0.23,19698628
03/10/2008,0.24,0.24,0.22,0.23,23531444
06/10/2008,0.21,0.22,0.18,0.2,41942124
07/10/2008,0.2,0.2,0.18,0.18,26504698
08/10/2008,0.18,0.2,0.17,0.18,30487452
09/10/2008,0.19,0.19,0.17,0.17,22747524
10/10/2008,0.16,0.18,0.16,0.17,30012154
13/10/2008,0.19,0.2,0.18,0.2,22922016
14/10/2008,0.21,0.21,0.19,0.2,30247344
15/10/2008,0.2,0.2,0.18,0.18,21358468
16/10/2008,0.18,0.19,0.17,0.19,25500652
17/10/2008,0.19,0.2,0.18,0.19,20986000
20/10/2008,0.2,0.2,0.19,0.2,14895159
21/10/2008,0.19,0.19,0.18,0.18,16477890
22/10/2008,0.18,0.19,0.17,0.17,15033930
23/10/2008,0.17,0.18,0.16,0.16,20805644
24/10/2008,0.15,0.17,0.15,0.17,19958862
27/10/2008,0.16,0.18,0.16,0.17,17475560
28/10/2008,0.18,0.2,0.18,0.2,21250938
29/10/2008,0.2,0.22,0.2,0.21,24438336
30/10/2008,0.22,0.22,0.2,0.22,16434148
31/10/2008,0.21,0.22,0.21,0.22,15221282
03/11/2008,0.22,0.23,0.21,0.21,18101056
04/11/2008,0.22,0.22,0.21,0.22,15489525
05/11/2008,0.22,0.22,0.21,0.21,19702516
06/11/2008,0.2,0.21,0.19,0.19,20005882
07/11/2008,0.22,0.23,0.2,0.22,28304962
10/11/2008,0.23,0.23,0.2,0.2,14446518
11/11/2008,0.2,0.2,0.19,0.2,14414366
12/11/2008,0.19,0.19,0.18,0.18,16152212
13/11/2008,0.18,0.2,0.17,0.2,19932728
14/11/2008,0.19,0.19,0.18,0.18,18528340
17/11/2008,0.18,0.18,0.17,0.18,9705504
18/11/2008,0.18,0.18,0.16,0.17,14123745
19/11/2008,0.17,0.17,0.16,0.16,12507055
20/11/2008,0.15,0.16,0.15,0.15,21178516
21/11/2008,0.15,0.16,0.14,0.16,14984039
24/11/2008,0.17,0.17,0.16,0.17,15008364
25/11/2008,0.18,0.18,0.17,0.17,13210284
26/11/2008,0.17,0.19,0.17,0.19,15019734
28/11/2008,0.19,0.19,0.18,0.19,4397222
01/12/2008,0.18,0.18,0.17,0.17,13677781
02/12/2008,0.18,0.18,0.17,0.18,11999689
03/12/2008,0.17,0.19,0.17,0.19,14616190
04/12/2008,0.18,0.2,0.17,0.18,11658006
05/12/2008,0.17,0.18,0.17,0.18,10962587
08/12/2008,0.19,0.19,0.17,0.18,17707840
09/12/2008,0.18,0.2,0.17,0.2,20744652
10/12/2008,0.2,0.22,0.2,0.21,24029310
11/12/2008,0.21,0.22,0.2,0.2,14573267
12/12/2008,0.2,0.22,0.19,0.22,16981948
15/12/2008,0.22,0.22,0.2,0.21,11929298
16/12/2008,0.21,0.22,0.21,0.22,13049773
17/12/2008,0.22,0.24,0.22,0.23,16864596
18/12/2008,0.23,0.23,0.21,0.21,13773054
19/12/2008,0.21,0.22,0.21,0.21,15507495
22/12/2008,0.21,0.22,0.19,0.2,13061515
23/12/2008,0.2,0.21,0.19,0.2,9440863
24/12/2008,0.2,0.2,0.19,0.19,3669361
26/12/2008,0.19,0.2,0.18,0.19,5653816
29/12/2008,0.19,0.19,0.18,0.19,11505593
30/12/2008,0.2,0.2,0.19,0.2,10247419
31/12/2008,0.2,0.21,0.19,0.2,11040504
02/01/2009,0.2,0.22,0.2,0.22,12431207
05/01/2009,0.22,0.23,0.21,0.22,17650524
06/01/2009,0.23,0.24,0.22,0.23,16462864
07/01/2009,0.22,0.22,0.21,0.22,21753456
08/01/2009,0.21,0.21,0.2,0.21,25364764
09/01/2009,0.21,0.21,0.2,0.2,19034952
12/01/2009,0.2,0.2,0.19,0.19,16139494
13/01/2009,0.18,0.2,0.18,0.19,45621552
14/01/2009,0.18,0.19,0.18,0.18,24374542
15/01/2009,0.18,0.19,0.18,0.19,24956500
16/01/2009,0.19,0.2,0.19,0.2,20783032
20/01/2009,0.2,0.2,0.18,0.18,17649512
21/01/2009,0.19,0.19,0.18,0.19,16218210
22/01/2009,0.18,0.19,0.18,0.19,13693372
23/01/2009,0.18,0.2,0.18,0.19,15840329
26/01/2009,0.19,0.21,0.19,0.2,14545368
27/01/2009,0.2,0.21,0.2,0.21,18134000
28/01/2009,0.22,0.22,0.21,0.22,18094800
29/01/2009,0.21,0.22,0.21,0.21,10329002
30/01/2009,0.21,0.21,0.2,0.2,12668918
02/02/2009,0.2,0.21,0.19,0.21,14450934
03/02/2009,0.21,0.21,0.2,0.21,9923639
04/02/2009,0.21,0.23,0.21,0.22,19485974
05/02/2009,0.21,0.24,0.21,0.23,22986136
06/02/2009,0.24,0.25,0.23,0.25,28952636
09/02/2009,0.25,0.25,0.24,0.24,17904324
10/02/2009,0.24,0.25,0.23,0.23,28241442
11/02/2009,0.21,0.22,0.2,0.2,49588400
12/02/2009,0.2,0.21,0.2,0.21,25600670
13/02/2009,0.2,0.21,0.2,0.21,19107780
17/02/2009,0.2,0.2,0.2,0.2,19494354
18/02/2009,0.2,0.21,0.2,0.2,16157315
19/02/2009,0.21,0.21,0.19,0.19,18601684
20/02/2009,0.18,0.19,0.18,0.19,19251356
23/02/2009,0.19,0.19,0.18,0.18,16989732
24/02/2009,0.18,0.2,0.18,0.2,16488108
25/02/2009,0.2,0.21,0.19,0.2,17559340
26/02/2009,0.21,0.21,0.2,0.21,27939104
27/02/2009,0.2,0.21,0.2,0.21,18886554
02/03/2009,0.2,0.21,0.19,0.19,17501556
03/03/2009,0.19,0.2,0.19,0.2,26037798
04/03/2009,0.19,0.22,0.19,0.21,27716928
05/03/2009,0.21,0.22,0.21,0.21,23881224
06/03/2009,0.21,0.22,0.2,0.21,24369992
09/03/2009,0.21,0.22,0.21,0.21,17069180
10/03/2009,0.22,0.23,0.21,0.23,31371436
11/03/2009,0.23,0.25,0.22,0.23,21630364
12/03/2009,0.23,0.25,0.23,0.25,40118080
13/03/2009,0.24,0.25,0.24,0.25,29879832
16/03/2009,0.25,0.25,0.23,0.24,17485326
17/03/2009,0.24,0.25,0.23,0.25,25136944
18/03/2009,0.24,0.26,0.24,0.26,33989480
19/03/2009,0.25,0.26,0.25,0.25,20566204
20/03/2009,0.26,0.26,0.23,0.24,27341976
23/03/2009,0.25,0.26,0.24,0.26,20404754
24/03/2009,0.25,0.25,0.24,0.24,27872504
25/03/2009,0.25,0.26,0.24,0.25,31100124
26/03/2009,0.25,0.26,0.25,0.26,33344652
27/03/2009,0.26,0.27,0.26,0.26,18297540
30/03/2009,0.25,0.25,0.24,0.24,19505228
31/03/2009,0.25,0.25,0.24,0.25,20132366
01/04/2009,0.24,0.26,0.23,0.25,22202396
02/04/2009,0.26,0.27,0.26,0.26,25075638
03/04/2009,0.26,0.28,0.26,0.28,25080520
06/04/2009,0.28,0.29,0.27,0.28,22187152
07/04/2009,0.28,0.28,0.27,0.27,15199658
08/04/2009,0.28,0.29,0.27,0.29,18296540
09/04/2009,0.29,0.3,0.29,0.3,22610384
13/04/2009,0.3,0.3,0.28,0.29,19193732
14/04/2009,0.29,0.3,0.29,0.29,17808650
15/04/2009,0.28,0.29,0.27,0.28,26134214
16/04/2009,0.29,0.3,0.28,0.29,25969228
17/04/2009,0.29,0.3,0.28,0.29,17394626
20/04/2009,0.28,0.29,0.27,0.28,14766609
21/04/2009,0.27,0.29,0.27,0.28,23304830
22/04/2009,0.27,0.3,0.27,0.28,22910824
23/04/2009,0.29,0.29,0.27,0.28,18854056
24/04/2009,0.28,0.29,0.28,0.29,18988118
27/04/2009,0.28,0.29,0.27,0.28,19677554
28/04/2009,0.27,0.28,0.27,0.28,15862548
29/04/2009,0.28,0.28,0.27,0.27,21497436
30/04/2009,0.28,0.3,0.28,0.29,27761858
01/05/2009,0.29,0.3,0.29,0.29,21016176
04/05/2009,0.3,0.31,0.29,0.31,23194768
05/05/2009,0.3,0.3,0.29,0.3,20930348
06/05/2009,0.3,0.3,0.28,0.29,23377136
07/05/2009,0.29,0.3,0.26,0.27,32229818
08/05/2009,0.26,0.26,0.23,0.23,73264096
11/05/2009,0.23,0.24,0.23,0.24,25968446
12/05/2009,0.24,0.24,0.22,0.22,30034526
13/05/2009,0.22,0.22,0.21,0.21,32640106
14/05/2009,0.21,0.22,0.21,0.21,25448360
15/05/2009,0.21,0.23,0.21,0.22,19507656
18/05/2009,0.22,0.23,0.22,0.23,23464976
19/05/2009,0.23,0.24,0.23,0.24,21501432
20/05/2009,0.24,0.26,0.24,0.24,32738452
21/05/2009,0.24,0.25,0.24,0.24,24142688
22/05/2009,0.24,0.25,0.24,0.25,17956672
26/05/2009,0.24,0.26,0.24,0.26,21638440
27/05/2009,0.26,0.27,0.26,0.26,20355412
28/05/2009,0.26,0.27,0.25,0.26,24882584
29/05/2009,0.26,0.26,0.25,0.26,20860144
01/06/2009,0.26,0.28,0.26,0.27,25569016
02/06/2009,0.27,0.28,0.27,0.27,22699536
03/06/2009,0.27,0.27,0.26,0.26,18392112
04/06/2009,0.26,0.27,0.26,0.27,16831390
05/06/2009,0.28,0.28,0.27,0.27,14001708
08/06/2009,0.27,0.27,0.26,0.27,11853468
09/06/2009,0.27,0.29,0.27,0.28,18128372
10/06/2009,0.29,0.29,0.28,0.29,20835632
11/06/2009,0.29,0.31,0.29,0.29,20879296
12/06/2009,0.29,0.29,0.28,0.29,14874959
15/06/2009,0.28,0.29,0.28,0.28,11131192
16/06/2009,0.28,0.29,0.27,0.28,14872991
17/06/2009,0.28,0.28,0.27,0.28,19975312
18/06/2009,0.28,0.29,0.27,0.28,14163420
19/06/2009,0.28,0.29,0.28,0.28,18689086
22/06/2009,0.28,0.28,0.26,0.26,14371504
23/06/2009,0.27,0.27,0.25,0.26,14744487
24/06/2009,0.27,0.28,0.27,0.27,12877302
25/06/2009,0.27,0.29,0.27,0.29,21769252
26/06/2009,0.28,0.29,0.28,0.29,12849200
29/06/2009,0.29,0.29,0.29,0.29,12751389
30/06/2009,0.29,0.29,0.28,0.28,14749123
01/07/2009,0.28,0.29,0.28,0.28,17410458
02/07/2009,0.27,0.28,0.27,0.27,13809139
06/07/2009,0.27,0.27,0.26,0.26,18812536
07/07/2009,0.26,0.27,0.25,0.25,26825872
08/07/2009,0.25,0.25,0.24,0.25,30147740
09/07/2009,0.26,0.26,0.26,0.26,17864270
10/07/2009,0.26,0.26,0.25,0.26,13000142
13/07/2009,0.26,0.26,0.25,0.26,13900246
14/07/2009,0.26,0.27,0.26,0.27,11323552
15/07/2009,0.28,0.28,0.28,0.28,25570392
16/07/2009,0.28,0.29,0.28,0.29,23804770
17/07/2009,0.29,0.3,0.29,0.3,21259858
20/07/2009,0.3,0.31,0.3,0.31,19568960
21/07/2009,0.31,0.31,0.29,0.3,23536136
22/07/2009,0.3,0.31,0.29,0.31,15022607
23/07/2009,0.31,0.33,0.3,0.33,26158568
24/07/2009,0.32,0.33,0.31,0.32,16266239
27/07/2009,0.32,0.33,0.32,0.33,16937032
28/07/2009,0.32,0.33,0.32,0.33,14084118
29/07/2009,0.32,0.32,0.32,0.32,9350064
30/07/2009,0.33,0.33,0.32,0.32,11714316
31/07/2009,0.32,0.33,0.31,0.32,13539673
03/08/2009,0.33,0.34,0.32,0.33,11805057
04/08/2009,0.33,0.34,0.33,0.33,17385156
05/08/2009,0.33,0.34,0.33,0.34,15270162
06/08/2009,0.34,0.34,0.33,0.33,23939684
07/08/2009,0.35,0.36,0.34,0.34,35047440
10/08/2009,0.34,0.35,0.33,0.33,17334738
11/08/2009,0.33,0.33,0.32,0.32,12053415
12/08/2009,0.32,0.34,0.32,0.34,15873815
13/08/2009,0.34,0.35,0.33,0.35,14102358
14/08/2009,0.35,0.35,0.33,0.34,10678990
17/08/2009,0.33,0.33,0.32,0.32,11625926
18/08/2009,0.32,0.34,0.32,0.33,15905099
19/08/2009,0.33,0.33,0.33,0.33,13825709
20/08/2009,0.33,0.34,0.33,0.34,20499668
21/08/2009,0.35,0.35,0.34,0.35,15185829
24/08/2009,0.35,0.35,0.34,0.34,11536902
25/08/2009,0.34,0.35,0.33,0.34,11102660
26/08/2009,0.34,0.35,0.34,0.35,10858056
27/08/2009,0.35,0.35,0.34,0.35,13778708
28/08/2009,0.36,0.38,0.36,0.37,22099716
31/08/2009,0.37,0.37,0.36,0.36,10794832
01/09/2009,0.36,0.37,0.35,0.35,18423584
02/09/2009,0.35,0.36,0.35,0.36,10117485
03/09/2009,0.36,0.36,0.35,0.36,13350482
04/09/2009,0.36,0.38,0.36,0.38,12826901
08/09/2009,0.38,0.39,0.38,0.39,13743363
09/09/2009,0.39,0.4,0.38,0.4,14292564
10/09/2009,0.4,0.41,0.4,0.41,15199959
11/09/2009,0.41,0.41,0.41,0.41,17820452
14/09/2009,0.4,0.41,0.4,0.4,12263623
15/09/2009,0.4,0.41,0.4,0.41,13653373
16/09/2009,0.41,0.41,0.39,0.4,17676546
17/09/2009,0.4,0.4,0.37,0.38,23078224
18/09/2009,0.38,0.39,0.38,0.38,15118521
21/09/2009,0.38,0.39,0.37,0.38,14720276
22/09/2009,0.38,0.38,0.38,0.38,9035513
23/09/2009,0.38,0.39,0.37,0.37,11976668
24/09/2009,0.38,0.38,0.37,0.37,13823368
25/09/2009,0.37,0.37,0.36,0.36,9439456
28/09/2009,0.37,0.38,0.36,0.37,11697265
29/09/2009,0.37,0.38,0.36,0.36,11775125
30/09/2009,0.37,0.38,0.36,0.38,21898808
01/10/2009,0.37,0.37,0.35,0.35,24998912
02/10/2009,0.35,0.35,0.34,0.35,15311897
05/10/2009,0.35,0.35,0.34,0.34,18856976
06/10/2009,0.35,0.36,0.35,0.35,19034072
07/10/2009,0.35,0.35,0.34,0.35,11490196
08/10/2009,0.35,0.35,0.34,0.35,31044548
09/10/2009,0.35,0.35,0.35,0.35,15464903
12/10/2009,0.35,0.36,0.35,0.35,12478420
13/10/2009,0.35,0.36,0.35,0.35,15053078
14/10/2009,0.36,0.36,0.35,0.35,27548688
15/10/2009,0.35,0.35,0.34,0.34,27310684
16/10/2009,0.34,0.34,0.32,0.33,25473104
19/10/2009,0.33,0.35,0.33,0.34,17390774
20/10/2009,0.35,0.35,0.34,0.34,16504500
21/10/2009,0.34,0.35,0.33,0.33,12600323
22/10/2009,0.33,0.34,0.33,0.34,9484638
23/10/2009,0.34,0.34,0.33,0.33,10739283
26/10/2009,0.33,0.34,0.32,0.32,12038649
27/10/2009,0.32,0.33,0.31,0.31,14795246
28/10/2009,0.31,0.31,0.3,0.3,19340628
29/10/2009,0.3,0.32,0.3,0.31,15920336
30/10/2009,0.31,0.31,0.3,0.3,15103538
02/11/2009,0.3,0.31,0.29,0.3,14828492
03/11/2009,0.29,0.3,0.29,0.3,21913452
04/11/2009,0.3,0.31,0.3,0.3,22929592
05/11/2009,0.3,0.31,0.3,0.31,23878820
06/11/2009,0.33,0.34,0.32,0.33,41027752
09/11/2009,0.33,0.34,0.33,0.34,20457498
10/11/2009,0.34,0.34,0.32,0.33,19541452
11/11/2009,0.33,0.35,0.33,0.34,21790530
12/11/2009,0.34,0.35,0.34,0.34,12646532
13/11/2009,0.34,0.34,0.33,0.34,9713082
16/11/2009,0.34,0.35,0.34,0.34,10070737
17/11/2009,0.34,0.34,0.34,0.34,8753532
18/11/2009,0.34,0.34,0.33,0.34,11391505
19/11/2009,0.33,0.33,0.32,0.32,20848440
20/11/2009,0.32,0.32,0.32,0.32,10673106
23/11/2009,0.33,0.33,0.32,0.33,9774517
24/11/2009,0.32,0.33,0.32,0.32,10466498
25/11/2009,0.33,0.33,0.32,0.33,11048677
27/11/2009,0.31,0.32,0.31,0.32,6998289
30/11/2009,0.32,0.33,0.32,0.33,12746087
01/12/2009,0.33,0.34,0.33,0.33,11549011
02/12/2009,0.33,0.34,0.33,0.34,15058532
03/12/2009,0.35,0.35,0.35,0.35,16500826
04/12/2009,0.35,0.36,0.35,0.36,20614252
07/12/2009,0.39,0.41,0.38,0.4,68304600
08/12/2009,0.39,0.4,0.38,0.38,26892516
09/12/2009,0.38,0.4,0.38,0.39,16792632
10/12/2009,0.4,0.4,0.38,0.39,10426008
11/12/2009,0.39,0.39,0.38,0.38,10422268
14/12/2009,0.39,0.39,0.38,0.39,10138899
15/12/2009,0.39,0.4,0.39,0.39,11153755
16/12/2009,0.4,0.43,0.4,0.42,42094220
17/12/2009,0.42,0.44,0.41,0.42,25404828
18/12/2009,0.42,0.43,0.42,0.42,20326856
21/12/2009,0.42,0.44,0.42,0.44,10695619
22/12/2009,0.44,0.45,0.44,0.45,19829444
23/12/2009,0.45,0.45,0.45,0.45,11057471
24/12/2009,0.45,0.46,0.45,0.45,3420300
28/12/2009,0.45,0.46,0.44,0.45,11643962
29/12/2009,0.44,0.45,0.44,0.45,11896928
30/12/2009,0.46,0.47,0.45,0.47,17602444
31/12/2009,0.47,0.47,0.47,0.47,17509892
04/01/2010,0.46,0.47,0.45,0.46,20008816
05/01/2010,0.46,0.47,0.46,0.47,18217440
06/01/2010,0.47,0.47,0.46,0.47,16229167
07/01/2010,0.47,0.47,0.46,0.46,13694746
08/01/2010,0.46,0.47,0.46,0.46,11954399
11/01/2010,0.47,0.47,0.45,0.46,13916384
12/01/2010,0.45,0.45,0.43,0.44,15687221
13/01/2010,0.45,0.45,0.43,0.45,12723628
14/01/2010,0.44,0.45,0.43,0.44,15220082
15/01/2010,0.44,0.44,0.42,0.43,20456224
19/01/2010,0.42,0.44,0.42,0.44,13633346
20/01/2010,0.43,0.44,0.42,0.43,17993452
21/01/2010,0.44,0.44,0.42,0.43,15215785
22/01/2010,0.42,0.43,0.41,0.41,26699570
25/01/2010,0.42,0.43,0.42,0.42,16091839
26/01/2010,0.42,0.42,0.41,0.41,17867320
27/01/2010,0.41,0.42,0.4,0.42,20313264
28/01/2010,0.42,0.42,0.4,0.4,17195436
29/01/2010,0.41,0.41,0.38,0.38,19367692
01/02/2010,0.39,0.42,0.38,0.41,23745744
02/02/2010,0.41,0.42,0.41,0.42,21245300
03/02/2010,0.42,0.42,0.41,0.42,14057468
04/02/2010,0.42,0.42,0.39,0.4,19586932
05/02/2010,0.4,0.41,0.39,0.41,15121322
08/02/2010,0.41,0.41,0.4,0.4,11129111
09/02/2010,0.41,0.41,0.4,0.4,23253996
10/02/2010,0.4,0.41,0.4,0.41,13395610
11/02/2010,0.42,0.43,0.41,0.43,17400052
12/02/2010,0.43,0.44,0.42,0.43,19505376
16/02/2010,0.44,0.44,0.43,0.44,11429588
17/02/2010,0.45,0.45,0.43,0.45,21913908
18/02/2010,0.42,0.42,0.41,0.42,37894000
19/02/2010,0.42,0.42,0.41,0.41,12765612
22/02/2010,0.42,0.42,0.41,0.42,11453055
23/02/2010,0.42,0.42,0.4,0.41,12244399
24/02/2010,0.41,0.42,0.41,0.41,11147859
25/02/2010,0.4,0.41,0.39,0.41,14424221
26/02/2010,0.41,0.41,0.4,0.41,9835398
01/03/2010,0.4,0.42,0.4,0.42,13896707
02/03/2010,0.42,0.43,0.42,0.42,13467030
03/03/2010,0.42,0.43,0.41,0.42,9982441
04/03/2010,0.42,0.42,0.41,0.42,13936496
05/03/2010,0.42,0.43,0.41,0.43,15822490
08/03/2010,0.43,0.43,0.42,0.42,10983776
09/03/2010,0.43,0.44,0.43,0.44,20773944
10/03/2010,0.44,0.44,0.44,0.44,10464262
11/03/2010,0.44,0.44,0.43,0.43,13516425
12/03/2010,0.43,0.44,0.43,0.43,13008742
15/03/2010,0.43,0.44,0.43,0.43,8972798
16/03/2010,0.43,0.45,0.43,0.44,16625049
17/03/2010,0.45,0.46,0.45,0.45,16279945
18/03/2010,0.45,0.45,0.43,0.44,18525580
19/03/2010,0.44,0.44,0.43,0.43,14615827
22/03/2010,0.43,0.44,0.43,0.44,10885414
23/03/2010,0.44,0.45,0.44,0.45,12340359
24/03/2010,0.44,0.44,0.43,0.43,10909452
25/03/2010,0.44,0.44,0.43,0.43,12380208
26/03/2010,0.44,0.44,0.43,0.43,8617883
29/03/2010,0.44,0.44,0.43,0.44,9863364
30/03/2010,0.44,0.45,0.43,0.44,8103321
31/03/2010,0.44,0.44,0.43,0.44,9745918
01/04/2010,0.44,0.44,0.43,0.43,8491734
05/04/2010,0.43,0.44,0.43,0.44,10340826
06/04/2010,0.43,0.43,0.42,0.43,20231420
07/04/2010,0.42,0.44,0.42,0.43,20438250
08/04/2010,0.43,0.43,0.42,0.42,25946284
09/04/2010,0.42,0.43,0.42,0.42,20440074
12/04/2010,0.43,0.43,0.42,0.43,13662488
13/04/2010,0.43,0.44,0.43,0.44,16217339
14/04/2010,0.45,0.45,0.44,0.45,22517916
15/04/2010,0.45,0.45,0.44,0.45,23944340
16/04/2010,0.43,0.43,0.42,0.43,47946584
19/04/2010,0.42,0.43,0.41,0.42,27362586
20/04/2010,0.43,0.43,0.42,0.43,16955456
21/04/2010,0.43,0.43,0.41,0.42,22405934
22/04/2010,0.41,0.42,0.4,0.42,16423998
23/04/2010,0.42,0.42,0.4,0.41,18823056
26/04/2010,0.41,0.42,0.41,0.42,12278219
27/04/2010,0.41,0.42,0.4,0.4,15167758
28/04/2010,0.4,0.41,0.4,0.4,16808344
29/04/2010,0.41,0.42,0.4,0.42,24679070
30/04/2010,0.41,0.41,0.39,0.39,26705598
03/05/2010,0.39,0.4,0.38,0.39,26977134
04/05/2010,0.38,0.38,0.36,0.37,32785072
05/05/2010,0.36,0.37,0.36,0.36,33273832
06/05/2010,0.36,0.37,0.33,0.36,25077848
07/05/2010,0.35,0.36,0.34,0.35,28842768
10/05/2010,0.37,0.37,0.36,0.36,24482282
11/05/2010,0.36,0.37,0.36,0.36,20733496
12/05/2010,0.36,0.37,0.36,0.37,22535634
13/05/2010,0.37,0.38,0.36,0.37,31299964
14/05/2010,0.34,0.34,0.32,0.32,62327668
17/05/2010,0.33,0.33,0.31,0.32,21407596
18/05/2010,0.33,0.33,0.31,0.31,16855852
19/05/2010,0.31,0.32,0.31,0.32,20665122
20/05/2010,0.31,0.32,0.3,0.31,28228340
21/05/2010,0.3,0.33,0.3,0.32,26743094
24/05/2010,0.32,0.32,0.31,0.31,16621679
25/05/2010,0.3,0.32,0.3,0.32,24169280
26/05/2010,0.33,0.34,0.32,0.32,24875142
27/05/2010,0.33,0.34,0.33,0.34,17839388
28/05/2010,0.34,0.34,0.32,0.33,13629704
01/06/2010,0.32,0.33,0.31,0.31,13189584
02/06/2010,0.32,0.32,0.31,0.32,16232806
03/06/2010,0.31,0.32,0.31,0.32,14659563
04/06/2010,0.31,0.31,0.3,0.3,16786308
07/06/2010,0.3,0.31,0.29,0.29,14438937
08/06/2010,0.29,0.29,0.27,0.28,24193644
09/06/2010,0.28,0.29,0.27,0.27,17429518
10/06/2010,0.28,0.28,0.28,0.28,15294128
11/06/2010,0.28,0.29,0.28,0.29,11053621
14/06/2010,0.29,0.3,0.28,0.28,9377936
15/06/2010,0.29,0.3,0.29,0.3,13216519
16/06/2010,0.3,0.3,0.29,0.29,9161955
17/06/2010,0.3,0.31,0.29,0.31,21483914
18/06/2010,0.31,0.31,0.31,0.31,23325152
21/06/2010,0.31,0.31,0.3,0.3,14495824
22/06/2010,0.3,0.31,0.29,0.29,20454094
23/06/2010,0.29,0.3,0.28,0.29,15351952
24/06/2010,0.29,0.29,0.28,0.28,18132472
25/06/2010,0.28,0.28,0.27,0.28,12686525
28/06/2010,0.28,0.28,0.27,0.28,9300742
29/06/2010,0.27,0.27,0.26,0.26,16529782
30/06/2010,0.26,0.27,0.26,0.26,15579218
01/07/2010,0.26,0.26,0.25,0.26,18426098
02/07/2010,0.26,0.26,0.25,0.26,18428400
06/07/2010,0.26,0.26,0.25,0.25,17800488
07/07/2010,0.25,0.27,0.25,0.27,15213948
08/07/2010,0.27,0.27,0.25,0.26,19585468
09/07/2010,0.26,0.26,0.26,0.26,14291233
12/07/2010,0.26,0.27,0.26,0.26,14137494
13/07/2010,0.27,0.27,0.27,0.27,18082840
14/07/2010,0.28,0.29,0.27,0.28,33896964
15/07/2010,0.28,0.28,0.26,0.27,23827154
16/07/2010,0.27,0.27,0.25,0.25,32215100
19/07/2010,0.25,0.26,0.25,0.26,19960944
20/07/2010,0.26,0.27,0.25,0.27,29024686
21/07/2010,0.27,0.27,0.26,0.26,15623424
22/07/2010,0.26,0.27,0.26,0.26,11565283
23/07/2010,0.26,0.26,0.26,0.26,20440044
26/07/2010,0.26,0.26,0.25,0.26,16542524
27/07/2010,0.27,0.27,0.26,0.26,17087724
28/07/2010,0.26,0.26,0.25,0.25,33020184
29/07/2010,0.23,0.24,0.23,0.23,66612352
30/07/2010,0.23,0.23,0.22,0.23,24616930
02/08/2010,0.23,0.23,0.23,0.23,22926456
03/08/2010,0.23,0.23,0.22,0.22,23886028
04/08/2010,0.23,0.23,0.22,0.23,21394100
05/08/2010,0.23,0.24,0.23,0.24,20019084
06/08/2010,0.24,0.24,0.23,0.24,18504102
09/08/2010,0.24,0.24,0.24,0.24,11662638
10/08/2010,0.24,0.24,0.23,0.23,19313972
11/08/2010,0.23,0.23,0.22,0.22,19903666
12/08/2010,0.22,0.23,0.22,0.22,33589912
13/08/2010,0.23,0.24,0.23,0.23,44943716
16/08/2010,0.23,0.24,0.23,0.23,20355824
17/08/2010,0.23,0.24,0.23,0.23,12036885
18/08/2010,0.23,0.24,0.23,0.23,8822997
19/08/2010,0.24,0.25,0.23,0.25,40377440
20/08/2010,0.25,0.26,0.25,0.25,32632824
23/08/2010,0.25,0.26,0.24,0.25,18715484
24/08/2010,0.24,0.25,0.24,0.24,16033283
25/08/2010,0.24,0.25,0.24,0.25,18938724
26/08/2010,0.25,0.25,0.25,0.25,16448981
27/08/2010,0.25,0.26,0.24,0.25,26517116
30/08/2010,0.25,0.25,0.24,0.24,15070953
31/08/2010,0.24,0.25,0.23,0.23,23295878
01/09/2010,0.24,0.24,0.23,0.24,21286588
02/09/2010,0.24,0.24,0.23,0.24,14907937
03/09/2010,0.24,0.25,0.24,0.25,14165444
07/09/2010,0.25,0.26,0.25,0.25,22495458
08/09/2010,0.25,0.26,0.25,0.26,30603896
09/09/2010,0.26,0.26,0.25,0.25,17443630
10/09/2010,0.26,0.26,0.25,0.25,15232216
13/09/2010,0.26,0.27,0.26,0.27,25403204
14/09/2010,0.26,0.27,0.26,0.26,17463308
15/09/2010,0.26,0.26,0.26,0.26,13892566
16/09/2010,0.26,0.27,0.26,0.26,9131967
17/09/2010,0.27,0.27,0.26,0.26,10422289
20/09/2010,0.26,0.27,0.26,0.27,11080452
21/09/2010,0.27,0.29,0.27,0.28,44495136
22/09/2010,0.28,0.29,0.28,0.28,25006732
23/09/2010,0.29,0.3,0.29,0.29,31024648
24/09/2010,0.3,0.31,0.29,0.31,27174328
27/09/2010,0.31,0.31,0.3,0.3,24988546
28/09/2010,0.3,0.3,0.29,0.3,18085012
29/09/2010,0.3,0.31,0.29,0.3,24374076
30/09/2010,0.3,0.3,0.29,0.29,19692330
01/10/2010,0.29,0.3,0.28,0.28,24984552
04/10/2010,0.28,0.29,0.28,0.28,18737532
05/10/2010,0.29,0.29,0.28,0.28,18848752
06/10/2010,0.28,0.28,0.27,0.27,22112768
07/10/2010,0.27,0.27,0.26,0.27,19045872
08/10/2010,0.27,0.27,0.26,0.27,17679076
11/10/2010,0.27,0.28,0.27,0.27,11075041
12/10/2010,0.27,0.28,0.27,0.28,15130183
13/10/2010,0.28,0.29,0.28,0.28,24220288
14/10/2010,0.28,0.28,0.28,0.28,14979261
15/10/2010,0.28,0.29,0.28,0.28,16000083
18/10/2010,0.28,0.29,0.28,0.28,11213883
19/10/2010,0.28,0.28,0.28,0.28,21653336
20/10/2010,0.28,0.29,0.28,0.28,19089700
21/10/2010,0.28,0.28,0.27,0.28,25360684
22/10/2010,0.28,0.3,0.28,0.3,33069658
25/10/2010,0.3,0.3,0.29,0.3,16834614
26/10/2010,0.29,0.3,0.29,0.3,16882248
27/10/2010,0.29,0.3,0.29,0.3,12421238
28/10/2010,0.31,0.31,0.3,0.3,17620460
29/10/2010,0.3,0.3,0.3,0.3,13872645
01/11/2010,0.3,0.31,0.3,0.3,11848207
02/11/2010,0.3,0.31,0.3,0.31,14526076
03/11/2010,0.31,0.31,0.3,0.31,16794678
04/11/2010,0.31,0.32,0.31,0.31,17483748
05/11/2010,0.31,0.32,0.31,0.32,18379982
08/11/2010,0.31,0.32,0.31,0.32,15129109
09/11/2010,0.32,0.32,0.31,0.31,15857579
10/11/2010,0.32,0.32,0.31,0.32,13028711
11/11/2010,0.31,0.32,0.31,0.32,27249456
12/11/2010,0.33,0.34,0.33,0.33,53538912
15/11/2010,0.33,0.34,0.33,0.33,18346136
16/11/2010,0.32,0.33,0.32,0.32,18486450
17/11/2010,0.32,0.33,0.31,0.32,13794481
18/11/2010,0.33,0.34,0.33,0.33,24831876
19/11/2010,0.33,0.35,0.33,0.34,17915198
22/11/2010,0.34,0.35,0.34,0.34,11566687
23/11/2010,0.34,0.34,0.33,0.34,11446213
24/11/2010,0.34,0.35,0.34,0.34,9946748
26/11/2010,0.34,0.35,0.34,0.34,3577967
29/11/2010,0.34,0.35,0.34,0.34,11705762
30/11/2010,0.34,0.34,0.33,0.34,18023328
01/12/2010,0.35,0.36,0.35,0.36,15663618
02/12/2010,0.36,0.36,0.36,0.36,13232812
03/12/2010,0.36,0.37,0.36,0.37,15152794
06/12/2010,0.37,0.37,0.36,0.36,10965202
07/12/2010,0.37,0.38,0.37,0.37,25670218
08/12/2010,0.37,0.38,0.37,0.38,15336171
09/12/2010,0.37,0.37,0.36,0.37,23562048
10/12/2010,0.37,0.38,0.37,0.37,11297538
13/12/2010,0.38,0.38,0.36,0.36,15228150
14/12/2010,0.37,0.38,0.36,0.36,18881820
15/12/2010,0.37,0.37,0.36,0.36,15604781
16/12/2010,0.36,0.36,0.36,0.36,15798257
17/12/2010,0.36,0.36,0.35,0.36,14836529
20/12/2010,0.36,0.36,0.36,0.36,8603355
21/12/2010,0.36,0.37,0.36,0.37,11675017
22/12/2010,0.37,0.38,0.37,0.38,11951270
23/12/2010,0.38,0.38,0.37,0.37,6844574
27/12/2010,0.37,0.38,0.37,0.38,6390624
28/12/2010,0.38,0.38,0.37,0.37,4856433
29/12/2010,0.37,0.38,0.37,0.37,4441780
30/12/2010,0.37,0.38,0.37,0.37,4362323
31/12/2010,0.38,0.39,0.37,0.39,9782457
03/01/2011,0.39,0.4,0.39,0.4,20437816
04/01/2011,0.4,0.4,0.39,0.39,16285614
05/01/2011,0.4,0.43,0.4,0.42,35705316
06/01/2011,0.44,0.48,0.43,0.48,87332728
07/01/2011,0.48,0.5,0.47,0.5,64509432
10/01/2011,0.49,0.52,0.48,0.52,43758680
11/01/2011,0.52,0.53,0.5,0.51,67786552
12/01/2011,0.51,0.58,0.51,0.58,85797304
13/01/2011,0.58,0.6,0.56,0.58,67408792
14/01/2011,0.57,0.6,0.57,0.59,39883784
18/01/2011,0.58,0.59,0.56,0.58,45333656
19/01/2011,0.58,0.59,0.56,0.56,29947372
20/01/2011,0.55,0.56,0.54,0.56,27791260
21/01/2011,0.57,0.57,0.55,0.56,18485616
24/01/2011,0.58,0.63,0.57,0.62,51431556
25/01/2011,0.62,0.62,0.6,0.6,27171368
26/01/2011,0.61,0.63,0.6,0.61,26866412
27/01/2011,0.62,0.62,0.6,0.61,16442057
28/01/2011,0.61,0.62,0.58,0.59,27373408
31/01/2011,0.6,0.61,0.59,0.6,18735022
01/02/2011,0.6,0.62,0.6,0.61,16357438
02/02/2011,0.61,0.65,0.61,0.64,40165340
03/02/2011,0.64,0.64,0.61,0.63,25778514
04/02/2011,0.64,0.65,0.63,0.64,21822434
07/02/2011,0.63,0.64,0.61,0.62,23355898
08/02/2011,0.62,0.62,0.59,0.6,26922256
09/02/2011,0.6,0.61,0.57,0.58,31937936
10/02/2011,0.57,0.58,0.56,0.57,26058758
11/02/2011,0.57,0.61,0.56,0.59,33981840
14/02/2011,0.59,0.61,0.58,0.58,32195628
15/02/2011,0.58,0.58,0.56,0.56,22174444
16/02/2011,0.57,0.59,0.57,0.58,32959064
17/02/2011,0.57,0.65,0.57,0.64,86752224
18/02/2011,0.64,0.65,0.63,0.64,34863216
22/02/2011,0.62,0.62,0.58,0.58,34916160
23/02/2011,0.58,0.59,0.54,0.55,37290056
24/02/2011,0.56,0.58,0.55,0.57,31152948
25/02/2011,0.58,0.59,0.57,0.58,19396168
28/02/2011,0.59,0.59,0.55,0.57,22596696
01/03/2011,0.57,0.57,0.54,0.54,24711116
02/03/2011,0.54,0.55,0.51,0.52,42953480
03/03/2011,0.53,0.53,0.51,0.52,39842560
04/03/2011,0.52,0.53,0.51,0.52,23996808
07/03/2011,0.52,0.52,0.5,0.51,25480260
08/03/2011,0.52,0.52,0.48,0.49,48688560
09/03/2011,0.49,0.49,0.47,0.48,32976064
10/03/2011,0.47,0.47,0.45,0.45,43110640
11/03/2011,0.45,0.46,0.44,0.45,37176260
14/03/2011,0.45,0.47,0.45,0.46,25095748
15/03/2011,0.43,0.45,0.43,0.44,31407000
16/03/2011,0.44,0.46,0.43,0.44,36911548
17/03/2011,0.45,0.45,0.43,0.45,30971942
18/03/2011,0.45,0.46,0.44,0.44,22173960
21/03/2011,0.45,0.45,0.44,0.44,18801784
22/03/2011,0.44,0.45,0.43,0.44,17968500
23/03/2011,0.43,0.45,0.43,0.45,19566042
24/03/2011,0.45,0.49,0.45,0.48,44514708
25/03/2011,0.49,0.49,0.47,0.47,29916616
28/03/2011,0.48,0.49,0.47,0.48,30107088
29/03/2011,0.48,0.48,0.47,0.48,17900480
30/03/2011,0.48,0.49,0.46,0.46,29407936
31/03/2011,0.46,0.47,0.45,0.46,16383614
01/04/2011,0.47,0.47,0.45,0.46,21251712
04/04/2011,0.46,0.46,0.44,0.44,23108110
05/04/2011,0.45,0.45,0.44,0.44,20529948
06/04/2011,0.44,0.44,0.43,0.44,21429972
07/04/2011,0.44,0.46,0.44,0.45,25530144
08/04/2011,0.46,0.46,0.44,0.44,18670604
11/04/2011,0.44,0.44,0.43,0.43,13655149
12/04/2011,0.43,0.44,0.42,0.43,21030896
13/04/2011,0.44,0.45,0.43,0.44,18739626
14/04/2011,0.44,0.46,0.44,0.46,31370180
15/04/2011,0.46,0.47,0.46,0.47,24242916
18/04/2011,0.46,0.46,0.45,0.45,18589508
19/04/2011,0.45,0.45,0.44,0.45,16496497
20/04/2011,0.47,0.47,0.46,0.46,16262890
21/04/2011,0.47,0.47,0.46,0.46,10534546
25/04/2011,0.46,0.48,0.46,0.47,15493266
26/04/2011,0.47,0.49,0.47,0.48,16918796
27/04/2011,0.49,0.49,0.47,0.48,11255180
28/04/2011,0.48,0.5,0.48,0.49,17137012
29/04/2011,0.49,0.51,0.49,0.5,20896728
02/05/2011,0.51,0.51,0.49,0.49,15348929
03/05/2011,0.49,0.49,0.46,0.47,20239048
04/05/2011,0.47,0.48,0.46,0.47,15984400
05/05/2011,0.46,0.47,0.46,0.47,13576655
06/05/2011,0.48,0.49,0.47,0.48,21028644
09/05/2011,0.48,0.5,0.48,0.49,17660684
10/05/2011,0.5,0.5,0.49,0.49,17274378
11/05/2011,0.5,0.5,0.49,0.5,15442289
12/05/2011,0.5,0.51,0.49,0.51,30585484
13/05/2011,0.48,0.48,0.45,0.46,50637716
16/05/2011,0.46,0.46,0.44,0.44,18220874
17/05/2011,0.44,0.44,0.43,0.44,35512296
18/05/2011,0.44,0.45,0.44,0.45,16475867
19/05/2011,0.45,0.45,0.44,0.44,16282011
20/05/2011,0.44,0.45,0.44,0.45,14398389
23/05/2011,0.45,0.46,0.44,0.45,14682085
24/05/2011,0.45,0.47,0.45,0.45,18017592
25/05/2011,0.45,0.46,0.45,0.46,13632702
26/05/2011,0.46,0.47,0.46,0.47,17663918
27/05/2011,0.47,0.49,0.47,0.49,16475740
31/05/2011,0.5,0.5,0.49,0.5,30024992
01/06/2011,0.5,0.5,0.48,0.48,19060784
02/06/2011,0.48,0.48,0.47,0.48,15195217
03/06/2011,0.47,0.48,0.46,0.46,13735050
06/06/2011,0.46,0.47,0.45,0.45,10904408
07/06/2011,0.45,0.46,0.45,0.45,10851431
08/06/2011,0.45,0.45,0.44,0.44,14232109
09/06/2011,0.44,0.44,0.42,0.43,18541812
10/06/2011,0.44,0.44,0.42,0.43,12339458
13/06/2011,0.43,0.43,0.42,0.42,14369208
14/06/2011,0.43,0.44,0.43,0.43,13368581
15/06/2011,0.42,0.43,0.41,0.42,23400084
16/06/2011,0.42,0.43,0.4,0.4,25624214
17/06/2011,0.41,0.41,0.38,0.4,36699644
20/06/2011,0.39,0.4,0.39,0.39,18648968
21/06/2011,0.39,0.4,0.39,0.4,17607398
22/06/2011,0.4,0.4,0.39,0.39,16293088
23/06/2011,0.39,0.41,0.39,0.41,18604712
24/06/2011,0.4,0.41,0.39,0.39,13229729
27/06/2011,0.39,0.4,0.37,0.39,28553786
28/06/2011,0.39,0.39,0.38,0.39,17305594
29/06/2011,0.39,0.4,0.38,0.39,24014216
30/06/2011,0.39,0.4,0.39,0.4,16308437
01/07/2011,0.4,0.41,0.39,0.4,13520098
05/07/2011,0.4,0.41,0.39,0.4,13384465
06/07/2011,0.4,0.4,0.39,0.39,13240139
07/07/2011,0.39,0.4,0.39,0.39,24653360
08/07/2011,0.39,0.39,0.38,0.39,15488129
11/07/2011,0.38,0.38,0.37,0.37,17862824
12/07/2011,0.37,0.37,0.36,0.37,21690916
13/07/2011,0.37,0.37,0.36,0.37,15859215
14/07/2011,0.37,0.37,0.35,0.35,27228494
15/07/2011,0.35,0.36,0.35,0.35,20694626
18/07/2011,0.35,0.35,0.34,0.34,20455568
19/07/2011,0.35,0.36,0.35,0.36,15055824
20/07/2011,0.36,0.36,0.35,0.35,16582339
21/07/2011,0.35,0.37,0.35,0.37,28594096
22/07/2011,0.37,0.38,0.37,0.38,18429776
25/07/2011,0.37,0.37,0.36,0.37,14173358
26/07/2011,0.36,0.37,0.35,0.36,17459152
27/07/2011,0.36,0.36,0.35,0.35,16311450
28/07/2011,0.35,0.35,0.34,0.35,16205006
29/07/2011,0.34,0.35,0.34,0.35,16942080
01/08/2011,0.35,0.37,0.35,0.36,25499386
02/08/2011,0.36,0.38,0.36,0.36,33912516
03/08/2011,0.36,0.37,0.36,0.37,19133972
04/08/2011,0.36,0.36,0.34,0.34,24495844
05/08/2011,0.34,0.35,0.32,0.32,31765988
08/08/2011,0.31,0.32,0.3,0.3,27106476
09/08/2011,0.3,0.32,0.3,0.32,33247288
10/08/2011,0.31,0.32,0.31,0.31,28501252
11/08/2011,0.31,0.34,0.31,0.34,26969714
12/08/2011,0.37,0.37,0.32,0.32,76782600
15/08/2011,0.33,0.34,0.32,0.33,21606212
16/08/2011,0.33,0.34,0.32,0.32,17931496
17/08/2011,0.33,0.33,0.32,0.32,13791733
18/08/2011,0.31,0.31,0.3,0.3,20069788
19/08/2011,0.29,0.31,0.29,0.29,19035740
22/08/2011,0.3,0.31,0.3,0.3,15299011
23/08/2011,0.31,0.33,0.31,0.33,23459744
24/08/2011,0.33,0.33,0.32,0.33,17187444
25/08/2011,0.32,0.33,0.31,0.31,17274160
26/08/2011,0.31,0.33,0.31,0.33,18317660
29/08/2011,0.33,0.34,0.33,0.33,15046083
30/08/2011,0.33,0.34,0.33,0.34,17123388
31/08/2011,0.34,0.35,0.33,0.33,17647872
01/09/2011,0.34,0.34,0.33,0.33,19059352
02/09/2011,0.32,0.33,0.32,0.32,11783836
06/09/2011,0.31,0.33,0.31,0.33,17406160
07/09/2011,0.36,0.37,0.35,0.36,40165404
08/09/2011,0.35,0.36,0.35,0.35,22008568
09/09/2011,0.35,0.36,0.34,0.35,21745658
12/09/2011,0.34,0.36,0.34,0.36,22911938
13/09/2011,0.36,0.37,0.35,0.36,21345900
14/09/2011,0.37,0.39,0.37,0.38,38686264
15/09/2011,0.39,0.39,0.38,0.39,18822648
16/09/2011,0.39,0.4,0.38,0.39,34789616
19/09/2011,0.38,0.38,0.37,0.38,24205086
20/09/2011,0.38,0.38,0.37,0.37,19810896
21/09/2011,0.37,0.38,0.36,0.36,17888512
22/09/2011,0.35,0.35,0.33,0.34,32865772
23/09/2011,0.34,0.35,0.33,0.34,25295168
26/09/2011,0.35,0.35,0.33,0.35,24303024
27/09/2011,0.35,0.36,0.34,0.35,19535680
28/09/2011,0.35,0.36,0.33,0.34,30913224
29/09/2011,0.34,0.35,0.32,0.33,21665364
30/09/2011,0.32,0.32,0.31,0.31,16960726
03/10/2011,0.31,0.32,0.3,0.3,23751308
04/10/2011,0.29,0.32,0.29,0.32,34042592
05/10/2011,0.32,0.34,0.32,0.33,21423392
06/10/2011,0.34,0.35,0.34,0.35,19332168
07/10/2011,0.35,0.36,0.34,0.35,20177800
10/10/2011,0.36,0.37,0.36,0.37,13359387
11/10/2011,0.37,0.37,0.36,0.37,20410174
12/10/2011,0.37,0.37,0.37,0.37,15305072
13/10/2011,0.36,0.39,0.36,0.39,21370722
14/10/2011,0.39,0.4,0.38,0.39,17570764
17/10/2011,0.39,0.39,0.37,0.37,15296689
18/10/2011,0.37,0.39,0.37,0.39,14774030
19/10/2011,0.39,0.39,0.38,0.38,13942165
20/10/2011,0.37,0.37,0.35,0.36,24763378
21/10/2011,0.36,0.37,0.36,0.36,15713951
24/10/2011,0.36,0.38,0.36,0.38,13381588
25/10/2011,0.37,0.37,0.36,0.36,14451086
26/10/2011,0.37,0.37,0.36,0.37,12580782
27/10/2011,0.38,0.39,0.37,0.38,14447705
28/10/2011,0.38,0.39,0.38,0.39,12254622
31/10/2011,0.38,0.38,0.37,0.37,13006058
01/11/2011,0.36,0.36,0.35,0.35,19776108
02/11/2011,0.36,0.36,0.34,0.35,24052336
03/11/2011,0.35,0.37,0.34,0.37,18734278
04/11/2011,0.36,0.37,0.36,0.37,16380312
07/11/2011,0.37,0.37,0.36,0.37,15341572
08/11/2011,0.37,0.38,0.37,0.38,13746594
09/11/2011,0.36,0.37,0.36,0.36,13309636
10/11/2011,0.37,0.37,0.35,0.36,24762018
11/11/2011,0.37,0.38,0.35,0.37,43798156
14/11/2011,0.37,0.38,0.37,0.37,12510972
15/11/2011,0.36,0.37,0.36,0.37,12644108
16/11/2011,0.37,0.37,0.36,0.36,12815668
17/11/2011,0.36,0.36,0.35,0.35,16439665
18/11/2011,0.35,0.35,0.34,0.35,12537292
21/11/2011,0.34,0.37,0.34,0.37,33269626
22/11/2011,0.37,0.38,0.37,0.38,32191344
23/11/2011,0.37,0.38,0.36,0.36,20633912
25/11/2011,0.36,0.36,0.35,0.35,10165406
28/11/2011,0.36,0.38,0.36,0.37,17265914
29/11/2011,0.37,0.38,0.37,0.37,15593537
30/11/2011,0.38,0.39,0.38,0.39,18259096
01/12/2011,0.39,0.4,0.39,0.4,13246874
02/12/2011,0.4,0.4,0.39,0.39,13662984
05/12/2011,0.4,0.4,0.38,0.39,16118161
06/12/2011,0.39,0.39,0.38,0.38,14345771
07/12/2011,0.38,0.38,0.37,0.38,12750900
08/12/2011,0.38,0.38,0.37,0.37,12288755
09/12/2011,0.36,0.38,0.36,0.37,13896485
12/12/2011,0.36,0.37,0.36,0.36,14333334
13/12/2011,0.37,0.37,0.35,0.35,12914883
14/12/2011,0.35,0.35,0.34,0.34,15901947
15/12/2011,0.35,0.35,0.34,0.34,10881738
16/12/2011,0.34,0.35,0.34,0.34,15479668
19/12/2011,0.34,0.34,0.33,0.33,11585844
20/12/2011,0.34,0.35,0.34,0.35,11138012
21/12/2011,0.35,0.35,0.34,0.34,13710540
22/12/2011,0.34,0.36,0.34,0.36,14416187
23/12/2011,0.36,0.36,0.35,0.35,6223688
27/12/2011,0.35,0.36,0.35,0.35,4893716
28/12/2011,0.35,0.35,0.34,0.34,5849109
29/12/2011,0.35,0.35,0.34,0.35,5277991
30/12/2011,0.35,0.35,0.35,0.35,4674082
03/01/2012,0.36,0.36,0.35,0.35,11703338
04/01/2012,0.35,0.36,0.35,0.36,8684216
05/01/2012,0.35,0.37,0.35,0.37,14089284
06/01/2012,0.37,0.37,0.36,0.36,13341151
09/01/2012,0.36,0.37,0.36,0.36,12708863
10/01/2012,0.37,0.37,0.36,0.36,13659484
11/01/2012,0.36,0.36,0.35,0.35,12108921
12/01/2012,0.35,0.36,0.34,0.35,16309571
13/01/2012,0.35,0.35,0.34,0.34,12609701
17/01/2012,0.35,0.35,0.34,0.34,15679825
18/01/2012,0.34,0.35,0.34,0.35,15823933
19/01/2012,0.35,0.36,0.35,0.36,15207925
20/01/2012,0.36,0.36,0.35,0.36,13656710
23/01/2012,0.36,0.37,0.35,0.37,14073674
24/01/2012,0.36,0.38,0.36,0.37,18273000
25/01/2012,0.36,0.37,0.35,0.37,31861140
26/01/2012,0.38,0.38,0.37,0.37,19995196
27/01/2012,0.37,0.37,0.36,0.37,11253705
30/01/2012,0.37,0.37,0.36,0.37,9976870
31/01/2012,0.37,0.37,0.36,0.37,8947428
01/02/2012,0.37,0.38,0.37,0.37,10700480
02/02/2012,0.38,0.39,0.37,0.39,17411492
03/02/2012,0.39,0.4,0.39,0.4,12388778
06/02/2012,0.39,0.39,0.39,0.39,6972667
07/02/2012,0.39,0.4,0.39,0.39,10257531
08/02/2012,0.39,0.42,0.39,0.41,21191228
09/02/2012,0.41,0.41,0.41,0.41,14050995
10/02/2012,0.4,0.41,0.4,0.4,11007217
13/02/2012,0.41,0.41,0.4,0.4,15272031
14/02/2012,0.4,0.41,0.4,0.41,11350467
15/02/2012,0.41,0.42,0.4,0.4,27771364
16/02/2012,0.38,0.41,0.38,0.41,47223208
17/02/2012,0.41,0.41,0.39,0.4,25512430
21/02/2012,0.4,0.41,0.4,0.4,12955217
22/02/2012,0.4,0.41,0.4,0.4,12312086
23/02/2012,0.4,0.4,0.39,0.4,8099102
24/02/2012,0.4,0.4,0.39,0.39,9167727
27/02/2012,0.39,0.39,0.38,0.39,18634252
28/02/2012,0.39,0.39,0.38,0.38,17498048
29/02/2012,0.38,0.39,0.38,0.38,17231356
01/03/2012,0.38,0.39,0.38,0.38,11249134
02/03/2012,0.38,0.39,0.38,0.38,17101860
05/03/2012,0.38,0.38,0.37,0.37,12877763
06/03/2012,0.37,0.37,0.36,0.37,11785700
07/03/2012,0.37,0.37,0.37,0.37,11049586
08/03/2012,0.37,0.38,0.37,0.37,10771486
09/03/2012,0.37,0.38,0.37,0.37,9195823
12/03/2012,0.37,0.37,0.36,0.36,7498730
13/03/2012,0.37,0.37,0.36,0.37,13838184
14/03/2012,0.37,0.37,0.36,0.36,18396992
15/03/2012,0.36,0.37,0.36,0.36,9564493
16/03/2012,0.36,0.37,0.36,0.37,10708843
19/03/2012,0.37,0.37,0.36,0.37,10135502
20/03/2012,0.36,0.36,0.36,0.36,11241227
21/03/2012,0.36,0.36,0.36,0.36,11696563
22/03/2012,0.36,0.36,0.36,0.36,10635444
23/03/2012,0.36,0.36,0.36,0.36,7886589
26/03/2012,0.37,0.37,0.36,0.37,7215483
27/03/2012,0.37,0.38,0.37,0.37,10507623
28/03/2012,0.38,0.38,0.37,0.38,22311982
29/03/2012,0.38,0.38,0.37,0.38,9317801
30/03/2012,0.38,0.39,0.38,0.38,13181903
02/04/2012,0.38,0.39,0.38,0.38,10194318
03/04/2012,0.39,0.39,0.38,0.38,10763020
04/04/2012,0.37,0.38,0.36,0.37,12398136
05/04/2012,0.37,0.37,0.36,0.37,9217101
09/04/2012,0.36,0.36,0.35,0.36,9137855
10/04/2012,0.36,0.36,0.35,0.35,11761581
11/04/2012,0.36,0.37,0.36,0.36,9324274
12/04/2012,0.36,0.37,0.36,0.37,9621629
13/04/2012,0.36,0.37,0.35,0.35,7783029
16/04/2012,0.36,0.36,0.34,0.35,11591106
17/04/2012,0.35,0.36,0.35,0.35,11519917
18/04/2012,0.35,0.35,0.34,0.35,10019076
19/04/2012,0.34,0.36,0.34,0.34,16682464
20/04/2012,0.34,0.34,0.33,0.33,12740924
23/04/2012,0.33,0.33,0.32,0.33,17656234
24/04/2012,0.33,0.33,0.32,0.32,18260960
25/04/2012,0.33,0.33,0.32,0.33,18178814
26/04/2012,0.33,0.33,0.32,0.33,13480351
27/04/2012,0.33,0.33,0.32,0.32,11883834
30/04/2012,0.32,0.33,0.32,0.33,6560297
01/05/2012,0.32,0.33,0.32,0.33,10220088
02/05/2012,0.33,0.33,0.32,0.32,17101240
03/05/2012,0.32,0.32,0.31,0.32,10489016
04/05/2012,0.31,0.32,0.31,0.31,13631042
07/05/2012,0.31,0.32,0.31,0.31,15110990
08/05/2012,0.31,0.31,0.3,0.31,11557988
09/05/2012,0.31,0.32,0.3,0.31,13017921
10/05/2012,0.32,0.32,0.31,0.31,14927203
11/05/2012,0.34,0.34,0.33,0.33,35884744
14/05/2012,0.33,0.33,0.32,0.33,10944415
15/05/2012,0.33,0.34,0.32,0.33,15000016
16/05/2012,0.33,0.33,0.32,0.32,11767073
17/05/2012,0.32,0.32,0.32,0.32,8385998
18/05/2012,0.32,0.32,0.3,0.3,14183399
21/05/2012,0.3,0.31,0.3,0.31,10408963
22/05/2012,0.31,0.31,0.3,0.3,10258486
23/05/2012,0.3,0.31,0.3,0.31,12395821
24/05/2012,0.31,0.31,0.3,0.3,13010829
25/05/2012,0.3,0.31,0.3,0.31,9793870
29/05/2012,0.32,0.32,0.31,0.32,7750437
30/05/2012,0.32,0.32,0.31,0.31,9494793
31/05/2012,0.31,0.32,0.31,0.31,8954822
01/06/2012,0.3,0.31,0.3,0.3,11027470
04/06/2012,0.3,0.3,0.29,0.29,10824315
05/06/2012,0.29,0.3,0.29,0.3,9130955
06/06/2012,0.3,0.31,0.3,0.31,9225138
07/06/2012,0.31,0.32,0.3,0.3,13171593
08/06/2012,0.3,0.3,0.3,0.3,9265131
11/06/2012,0.31,0.32,0.31,0.31,20980682
12/06/2012,0.31,0.32,0.31,0.31,12410242
13/06/2012,0.31,0.31,0.3,0.3,12370002
14/06/2012,0.3,0.31,0.3,0.3,14751544
15/06/2012,0.3,0.31,0.3,0.31,9637079
18/06/2012,0.31,0.31,0.3,0.31,7610565
19/06/2012,0.32,0.34,0.32,0.33,24014020
20/06/2012,0.33,0.34,0.33,0.34,24322180
21/06/2012,0.34,0.34,0.32,0.32,12912374
22/06/2012,0.32,0.33,0.32,0.32,21633940
25/06/2012,0.33,0.33,0.31,0.31,12365339
26/06/2012,0.32,0.32,0.31,0.32,10930186
27/06/2012,0.32,0.33,0.32,0.33,12655089
28/06/2012,0.33,0.33,0.32,0.33,13650998
29/06/2012,0.34,0.35,0.34,0.35,15414631
02/07/2012,0.35,0.35,0.33,0.34,14542420
03/07/2012,0.34,0.35,0.34,0.35,5483773
05/07/2012,0.34,0.34,0.34,0.34,7002927
06/07/2012,0.34,0.34,0.33,0.34,9568987
09/07/2012,0.33,0.33,0.33,0.33,7659746
10/07/2012,0.33,0.34,0.32,0.32,12800888
11/07/2012,0.32,0.33,0.31,0.32,12135658
12/07/2012,0.31,0.31,0.31,0.31,11803985
13/07/2012,0.31,0.32,0.31,0.31,8106829
16/07/2012,0.31,0.32,0.31,0.31,8362493
17/07/2012,0.32,0.32,0.3,0.31,11186970
18/07/2012,0.31,0.33,0.31,0.33,15403316
19/07/2012,0.33,0.33,0.33,0.33,10075900
20/07/2012,0.33,0.33,0.32,0.32,11276770
23/07/2012,0.31,0.33,0.31,0.32,11293530
24/07/2012,0.32,0.33,0.32,0.32,8779263
25/07/2012,0.32,0.33,0.32,0.33,10377037
26/07/2012,0.33,0.34,0.33,0.33,8461413
27/07/2012,0.33,0.34,0.33,0.34,9412868
30/07/2012,0.34,0.34,0.33,0.33,9088710
31/07/2012,0.33,0.34,0.33,0.34,9694627
01/08/2012,0.34,0.34,0.33,0.33,8397777
02/08/2012,0.33,0.34,0.33,0.34,9197768
03/08/2012,0.34,0.35,0.33,0.34,8163636
06/08/2012,0.35,0.35,0.35,0.35,9011753
07/08/2012,0.35,0.36,0.35,0.35,10185456
08/08/2012,0.35,0.36,0.35,0.36,12934189
09/08/2012,0.36,0.37,0.36,0.37,20557490
10/08/2012,0.38,0.38,0.36,0.37,31971800
13/08/2012,0.37,0.37,0.36,0.37,11182924
14/08/2012,0.37,0.37,0.36,0.36,9724901
15/08/2012,0.37,0.37,0.36,0.36,14860411
16/08/2012,0.37,0.37,0.36,0.37,9278652
17/08/2012,0.37,0.37,0.36,0.37,7748035
20/08/2012,0.37,0.37,0.36,0.37,7866227
21/08/2012,0.37,0.37,0.36,0.37,8506158
22/08/2012,0.36,0.37,0.36,0.37,7839785
23/08/2012,0.37,0.37,0.36,0.36,9480902
24/08/2012,0.36,0.37,0.36,0.37,8693058
27/08/2012,0.36,0.37,0.36,0.36,8523654
28/08/2012,0.36,0.36,0.36,0.36,7769831
29/08/2012,0.36,0.36,0.36,0.36,6261160
30/08/2012,0.36,0.36,0.35,0.35,7687782
31/08/2012,0.35,0.36,0.35,0.35,12126789
04/09/2012,0.34,0.35,0.33,0.33,17362198
05/09/2012,0.33,0.34,0.33,0.33,12006333
06/09/2012,0.34,0.35,0.34,0.34,16434017
07/09/2012,0.33,0.34,0.32,0.34,19528350
10/09/2012,0.34,0.34,0.33,0.33,9278413
11/09/2012,0.33,0.34,0.33,0.34,9573195
12/09/2012,0.34,0.34,0.34,0.34,8065236
13/09/2012,0.34,0.34,0.34,0.34,10849542
14/09/2012,0.34,0.35,0.34,0.35,8486696
17/09/2012,0.35,0.35,0.33,0.34,12334061
18/09/2012,0.33,0.34,0.33,0.34,9000171
19/09/2012,0.34,0.35,0.34,0.34,11299397
20/09/2012,0.34,0.34,0.34,0.34,8015174
21/09/2012,0.34,0.34,0.34,0.34,8503353
24/09/2012,0.34,0.34,0.34,0.34,8946789
25/09/2012,0.34,0.35,0.33,0.34,12038580
26/09/2012,0.33,0.33,0.33,0.33,10920348
27/09/2012,0.33,0.33,0.33,0.33,13972284
28/09/2012,0.33,0.34,0.33,0.33,12138027
01/10/2012,0.34,0.34,0.33,0.33,12605884
02/10/2012,0.33,0.33,0.33,0.33,7387224
03/10/2012,0.33,0.33,0.32,0.33,10771823
04/10/2012,0.33,0.34,0.33,0.34,12565356
05/10/2012,0.34,0.35,0.33,0.33,12076617
08/10/2012,0.33,0.33,0.33,0.33,6014833
09/10/2012,0.33,0.33,0.32,0.32,9159497
10/10/2012,0.32,0.32,0.32,0.32,8164193
11/10/2012,0.32,0.32,0.32,0.32,8013936
12/10/2012,0.32,0.32,0.31,0.32,6517305
15/10/2012,0.32,0.32,0.31,0.32,6239431
16/10/2012,0.32,0.33,0.32,0.33,9193928
17/10/2012,0.33,0.33,0.32,0.33,9793764
18/10/2012,0.33,0.33,0.32,0.32,6369380
19/10/2012,0.32,0.32,0.3,0.3,17744210
22/10/2012,0.3,0.31,0.3,0.3,12021439
23/10/2012,0.3,0.31,0.3,0.31,14349047
24/10/2012,0.31,0.31,0.3,0.3,8322808
25/10/2012,0.31,0.31,0.3,0.3,7683905
26/10/2012,0.31,0.31,0.3,0.3,9734562
31/10/2012,0.3,0.31,0.3,0.3,8677795
01/11/2012,0.3,0.31,0.3,0.31,11830946
02/11/2012,0.32,0.32,0.31,0.31,6417489
05/11/2012,0.31,0.33,0.31,0.33,11120961
06/11/2012,0.33,0.33,0.32,0.33,8770095
07/11/2012,0.32,0.32,0.31,0.32,8115404
08/11/2012,0.32,0.33,0.32,0.32,20975536
09/11/2012,0.32,0.32,0.3,0.3,21158060
12/11/2012,0.31,0.31,0.3,0.3,16093161
13/11/2012,0.3,0.3,0.3,0.3,12303131
14/11/2012,0.3,0.3,0.29,0.29,15485075
15/11/2012,0.29,0.3,0.29,0.29,11668667
16/11/2012,0.29,0.29,0.28,0.28,15614781
19/11/2012,0.29,0.29,0.29,0.29,10103195
20/11/2012,0.29,0.29,0.28,0.29,8426083
21/11/2012,0.29,0.3,0.29,0.3,10557765
23/11/2012,0.3,0.3,0.3,0.3,6923263
26/11/2012,0.3,0.3,0.3,0.3,9115275
27/11/2012,0.3,0.31,0.3,0.3,11285052
28/11/2012,0.3,0.31,0.3,0.31,9958875
29/11/2012,0.31,0.31,0.3,0.3,12217380
30/11/2012,0.3,0.3,0.3,0.3,11513183
03/12/2012,0.3,0.3,0.29,0.29,9785403
04/12/2012,0.29,0.3,0.29,0.3,13203149
05/12/2012,0.3,0.3,0.29,0.3,15826514
06/12/2012,0.3,0.3,0.3,0.3,10322315
07/12/2012,0.3,0.3,0.3,0.3,8457440
10/12/2012,0.3,0.31,0.3,0.31,12841793
11/12/2012,0.31,0.32,0.31,0.32,20418604
12/12/2012,0.32,0.32,0.31,0.31,9985099
13/12/2012,0.31,0.32,0.31,0.31,9444022
14/12/2012,0.31,0.32,0.31,0.31,8466491
17/12/2012,0.31,0.32,0.31,0.31,11131512
18/12/2012,0.31,0.32,0.31,0.31,10411922
19/12/2012,0.32,0.32,0.32,0.32,11463801
20/12/2012,0.32,0.32,0.31,0.32,8358284
21/12/2012,0.31,0.31,0.31,0.31,11555217
24/12/2012,0.31,0.31,0.31,0.31,3188164
26/12/2012,0.31,0.31,0.3,0.31,4920023
27/12/2012,0.31,0.31,0.3,0.3,7495030
28/12/2012,0.3,0.31,0.3,0.3,5514978
31/12/2012,0.3,0.31,0.3,0.31,8167549
02/01/2013,0.31,0.32,0.31,0.32,11971086
03/01/2013,0.32,0.32,0.31,0.32,7472170
04/01/2013,0.32,0.33,0.32,0.33,13126573
07/01/2013,0.33,0.33,0.32,0.32,15271979
08/01/2013,0.32,0.32,0.31,0.31,11660601
09/01/2013,0.31,0.32,0.3,0.31,17378194
10/01/2013,0.31,0.31,0.3,0.31,12659713
11/01/2013,0.31,0.31,0.3,0.31,12830356
14/01/2013,0.3,0.31,0.3,0.31,7642898
15/01/2013,0.3,0.3,0.3,0.3,9398987
16/01/2013,0.3,0.3,0.3,0.3,8434492
17/01/2013,0.3,0.31,0.3,0.31,14521240
18/01/2013,0.31,0.31,0.3,0.3,9927631
22/01/2013,0.3,0.31,0.3,0.3,7705529
23/01/2013,0.3,0.3,0.3,0.3,10550723
24/01/2013,0.3,0.31,0.3,0.3,9927094
25/01/2013,0.31,0.31,0.3,0.31,9847955
28/01/2013,0.31,0.32,0.31,0.32,10562206
29/01/2013,0.31,0.31,0.31,0.31,9726200
30/01/2013,0.31,0.31,0.31,0.31,7190518
31/01/2013,0.31,0.31,0.3,0.31,11766209
01/02/2013,0.31,0.31,0.31,0.31,7220623
04/02/2013,0.31,0.31,0.3,0.3,12794096
05/02/2013,0.31,0.31,0.3,0.31,9183706
06/02/2013,0.3,0.31,0.3,0.31,13270448
07/02/2013,0.31,0.31,0.3,0.31,11004032
08/02/2013,0.31,0.31,0.31,0.31,7681286
11/02/2013,0.31,0.32,0.31,0.31,10207999
12/02/2013,0.31,0.31,0.31,0.31,6945765
13/02/2013,0.31,0.32,0.31,0.31,21409820
14/02/2013,0.31,0.32,0.3,0.32,22051336
15/02/2013,0.32,0.32,0.31,0.32,18346864
19/02/2013,0.32,0.32,0.31,0.31,10838822
20/02/2013,0.32,0.32,0.31,0.31,17826468
21/02/2013,0.31,0.31,0.31,0.31,14510133
22/02/2013,0.31,0.31,0.31,0.31,9253663
25/02/2013,0.31,0.32,0.31,0.31,16111033
26/02/2013,0.31,0.31,0.31,0.31,12187603
27/02/2013,0.31,0.32,0.31,0.32,11924412
28/02/2013,0.31,0.32,0.31,0.32,14784838
01/03/2013,0.31,0.32,0.31,0.32,9734824
04/03/2013,0.32,0.32,0.31,0.32,8842214
05/03/2013,0.32,0.32,0.32,0.32,9154994
06/03/2013,0.32,0.33,0.32,0.32,8573183
07/03/2013,0.32,0.32,0.32,0.32,7875550
08/03/2013,0.32,0.32,0.32,0.32,6162082
11/03/2013,0.32,0.32,0.31,0.32,7493637
12/03/2013,0.32,0.32,0.31,0.32,7771397
13/03/2013,0.32,0.32,0.32,0.32,12145998
14/03/2013,0.32,0.32,0.32,0.32,9582541
15/03/2013,0.32,0.32,0.31,0.32,8894808
18/03/2013,0.31,0.32,0.31,0.31,7457792
19/03/2013,0.31,0.32,0.31,0.31,8886910
20/03/2013,0.31,0.32,0.31,0.32,8514701
21/03/2013,0.31,0.31,0.31,0.31,8475952
22/03/2013,0.31,0.31,0.31,0.31,5811849
25/03/2013,0.31,0.31,0.31,0.31,9052001
26/03/2013,0.31,0.31,0.31,0.31,5814096
27/03/2013,0.31,0.32,0.31,0.32,6373761
28/03/2013,0.32,0.32,0.31,0.32,8731828
01/04/2013,0.32,0.32,0.31,0.31,11070735
02/04/2013,0.31,0.31,0.31,0.31,9288174
03/04/2013,0.31,0.31,0.3,0.3,8828846
04/04/2013,0.3,0.31,0.3,0.31,7368250
05/04/2013,0.3,0.31,0.3,0.31,13783874
08/04/2013,0.31,0.31,0.3,0.31,8166419
09/04/2013,0.31,0.32,0.31,0.32,9514723
10/04/2013,0.32,0.32,0.32,0.32,9617104
11/04/2013,0.32,0.32,0.31,0.32,24230658
12/04/2013,0.32,0.33,0.32,0.33,19264252
15/04/2013,0.33,0.33,0.32,0.32,10761667
16/04/2013,0.32,0.33,0.32,0.32,11721127
17/04/2013,0.32,0.32,0.32,0.32,13325330
18/04/2013,0.32,0.32,0.31,0.31,10063689
19/04/2013,0.31,0.32,0.31,0.31,7575797
22/04/2013,0.31,0.32,0.31,0.31,6139119
23/04/2013,0.32,0.33,0.32,0.32,9425441
24/04/2013,0.32,0.34,0.32,0.33,13914793
25/04/2013,0.33,0.34,0.33,0.34,8830661
26/04/2013,0.34,0.34,0.33,0.34,8108769
29/04/2013,0.34,0.34,0.33,0.34,6742750
30/04/2013,0.34,0.34,0.34,0.34,6917879
01/05/2013,0.34,0.35,0.34,0.34,8532822
02/05/2013,0.34,0.35,0.34,0.35,8087250
03/05/2013,0.35,0.35,0.35,0.35,7346592
06/05/2013,0.35,0.35,0.34,0.35,5428397
07/05/2013,0.35,0.35,0.34,0.34,11201659
08/05/2013,0.34,0.35,0.34,0.35,8352538
09/05/2013,0.35,0.35,0.34,0.35,14169966
10/05/2013,0.36,0.37,0.36,0.36,21531492
13/05/2013,0.36,0.36,0.35,0.36,7251447
14/05/2013,0.36,0.36,0.36,0.36,11353420
15/05/2013,0.36,0.37,0.36,0.37,7830501
16/05/2013,0.37,0.37,0.36,0.37,7709263
17/05/2013,0.37,0.37,0.36,0.37,7803782
20/05/2013,0.37,0.37,0.37,0.37,5909473
21/05/2013,0.37,0.37,0.37,0.37,8945056
22/05/2013,0.37,0.37,0.36,0.36,12010137
23/05/2013,0.36,0.37,0.35,0.37,9847057
24/05/2013,0.36,0.37,0.36,0.36,7082532
28/05/2013,0.37,0.37,0.36,0.36,6982413
29/05/2013,0.36,0.36,0.36,0.36,8376206
30/05/2013,0.36,0.37,0.36,0.37,7113002
31/05/2013,0.36,0.37,0.36,0.36,14437943
03/06/2013,0.36,0.37,0.35,0.36,11112022
04/06/2013,0.36,0.37,0.36,0.36,9091806
05/06/2013,0.36,0.36,0.35,0.35,11613447
06/06/2013,0.35,0.36,0.35,0.36,8527089
07/06/2013,0.36,0.36,0.36,0.36,6864547
10/06/2013,0.36,0.36,0.36,0.36,5603927
11/06/2013,0.36,0.36,0.35,0.35,7408735
12/06/2013,0.36,0.36,0.35,0.35,7814620
13/06/2013,0.35,0.36,0.35,0.36,5907541
14/06/2013,0.36,0.36,0.36,0.36,5900263
17/06/2013,0.36,0.37,0.36,0.36,6383306
18/06/2013,0.36,0.37,0.36,0.36,12169286
19/06/2013,0.36,0.39,0.36,0.37,28993272
20/06/2013,0.37,0.37,0.36,0.36,15717345
21/06/2013,0.36,0.36,0.35,0.36,17856556
24/06/2013,0.36,0.36,0.35,0.35,14519268
25/06/2013,0.36,0.36,0.35,0.36,11435291
26/06/2013,0.36,0.36,0.35,0.35,14495415
27/06/2013,0.35,0.36,0.35,0.35,20200844
28/06/2013,0.35,0.35,0.35,0.35,10788354
01/07/2013,0.35,0.35,0.35,0.35,4988089
02/07/2013,0.35,0.36,0.35,0.35,6409772
03/07/2013,0.35,0.36,0.35,0.35,3509626
05/07/2013,0.35,0.36,0.35,0.36,4617403
08/07/2013,0.36,0.36,0.35,0.35,6552091
09/07/2013,0.36,0.36,0.35,0.36,3934067
10/07/2013,0.36,0.36,0.36,0.36,5207831
11/07/2013,0.36,0.37,0.36,0.37,5996054
12/07/2013,0.37,0.37,0.36,0.37,5408977
15/07/2013,0.36,0.37,0.36,0.37,5033274
16/07/2013,0.37,0.37,0.36,0.37,4064174
17/07/2013,0.37,0.37,0.36,0.37,4155387
18/07/2013,0.36,0.37,0.36,0.36,8614356
19/07/2013,0.36,0.36,0.35,0.36,12013513
22/07/2013,0.36,0.36,0.35,0.36,7309815
23/07/2013,0.36,0.36,0.35,0.36,6169787
24/07/2013,0.36,0.36,0.35,0.36,7106268
25/07/2013,0.36,0.36,0.35,0.36,6082933
26/07/2013,0.35,0.36,0.35,0.36,5683999
29/07/2013,0.35,0.36,0.35,0.35,4488482
30/07/2013,0.36,0.37,0.36,0.36,6652862
31/07/2013,0.36,0.36,0.36,0.36,6753993
01/08/2013,0.36,0.37,0.36,0.37,6941130
02/08/2013,0.37,0.37,0.36,0.37,5240677
05/08/2013,0.37,0.37,0.37,0.37,4630214
06/08/2013,0.37,0.37,0.36,0.37,5165229
07/08/2013,0.36,0.37,0.36,0.37,6113208
08/08/2013,0.37,0.37,0.36,0.37,8642385
09/08/2013,0.35,0.37,0.35,0.36,22655840
12/08/2013,0.36,0.36,0.33,0.36,6439163
13/08/2013,0.36,0.36,0.36,0.36,4941955
14/08/2013,0.36,0.38,0.36,0.38,20720008
15/08/2013,0.37,0.38,0.37,0.38,18090388
16/08/2013,0.38,0.39,0.38,0.38,16511365
19/08/2013,0.38,0.38,0.37,0.37,9835807
20/08/2013,0.37,0.38,0.37,0.37,5855371
21/08/2013,0.37,0.38,0.37,0.37,6538724
22/08/2013,0.37,0.38,0.37,0.37,3227500
23/08/2013,0.37,0.38,0.37,0.37,6131833
26/08/2013,0.37,0.38,0.37,0.37,7508270
27/08/2013,0.37,0.37,0.37,0.37,6936522
28/08/2013,0.37,0.37,0.37,0.37,7970607
29/08/2013,0.37,0.37,0.37,0.37,6905449
30/08/2013,0.37,0.37,0.37,0.37,9452989
03/09/2013,0.37,0.37,0.37,0.37,7117050
04/09/2013,0.37,0.37,0.37,0.37,5552697
05/09/2013,0.37,0.38,0.37,0.37,4372531
06/09/2013,0.37,0.38,0.37,0.37,5669014
09/09/2013,0.38,0.38,0.37,0.38,6161361
10/09/2013,0.38,0.39,0.38,0.39,7306074
11/09/2013,0.39,0.39,0.38,0.39,9904141
12/09/2013,0.39,0.4,0.39,0.39,7595431
13/09/2013,0.39,0.4,0.39,0.4,3992418
16/09/2013,0.4,0.4,0.39,0.4,5889358
17/09/2013,0.4,0.4,0.4,0.4,4215683
18/09/2013,0.4,0.4,0.39,0.4,6704342
19/09/2013,0.4,0.4,0.4,0.4,5689280
20/09/2013,0.4,0.4,0.39,0.39,8900837
23/09/2013,0.39,0.4,0.39,0.39,6781230
24/09/2013,0.39,0.39,0.39,0.39,5743258
25/09/2013,0.39,0.4,0.39,0.39,5834375
26/09/2013,0.39,0.39,0.39,0.39,3720367
27/09/2013,0.39,0.39,0.39,0.39,3798276
30/09/2013,0.39,0.39,0.38,0.39,5669161
01/10/2013,0.39,0.39,0.39,0.39,5677401
02/10/2013,0.38,0.39,0.38,0.39,4050894
03/10/2013,0.39,0.39,0.38,0.38,10919158
04/10/2013,0.38,0.39,0.38,0.39,6155722
07/10/2013,0.39,0.39,0.39,0.39,4248798
08/10/2013,0.39,0.39,0.38,0.39,7267994
09/10/2013,0.39,0.39,0.38,0.38,6896549
10/10/2013,0.38,0.39,0.38,0.38,5587344
11/10/2013,0.38,0.38,0.38,0.38,5342613
14/10/2013,0.38,0.39,0.38,0.39,4165705
15/10/2013,0.39,0.39,0.39,0.39,5221695
16/10/2013,0.39,0.39,0.39,0.39,5251781
17/10/2013,0.39,0.39,0.39,0.39,5333061
18/10/2013,0.39,0.4,0.39,0.4,6376653
21/10/2013,0.4,0.4,0.4,0.4,4875242
22/10/2013,0.4,0.4,0.39,0.39,4486650
23/10/2013,0.39,0.39,0.39,0.39,6305779
24/10/2013,0.39,0.39,0.38,0.38,5910900
25/10/2013,0.39,0.39,0.38,0.38,8262549
28/10/2013,0.38,0.38,0.38,0.38,9850566
29/10/2013,0.38,0.38,0.38,0.38,9698815
30/10/2013,0.38,0.38,0.38,0.38,5100763
31/10/2013,0.38,0.38,0.38,0.38,7334228
01/11/2013,0.38,0.38,0.38,0.38,5153427
04/11/2013,0.38,0.38,0.37,0.37,10257119
05/11/2013,0.37,0.37,0.36,0.37,10559379
06/11/2013,0.37,0.37,0.37,0.37,4951107
07/11/2013,0.37,0.37,0.36,0.36,13826909
08/11/2013,0.38,0.39,0.37,0.39,18364380
11/11/2013,0.39,0.39,0.39,0.39,7442225
12/11/2013,0.39,0.4,0.39,0.39,7901138
13/11/2013,0.39,0.4,0.39,0.4,8319942
14/11/2013,0.4,0.41,0.4,0.41,7699506
15/11/2013,0.41,0.41,0.4,0.4,11258291
18/11/2013,0.4,0.4,0.39,0.39,7924864
19/11/2013,0.39,0.39,0.39,0.39,5167934
20/11/2013,0.39,0.39,0.38,0.38,5119353
21/11/2013,0.38,0.38,0.38,0.38,5339156
22/11/2013,0.38,0.38,0.38,0.38,3966684
25/11/2013,0.38,0.39,0.38,0.39,6205194
26/11/2013,0.39,0.4,0.39,0.39,18830380
27/11/2013,0.39,0.39,0.39,0.39,4531837
29/11/2013,0.39,0.39,0.39,0.39,2924092
02/12/2013,0.39,0.4,0.39,0.39,9346848
03/12/2013,0.39,0.4,0.39,0.39,7264021
04/12/2013,0.39,0.4,0.39,0.4,12329427
05/12/2013,0.4,0.4,0.39,0.39,6795314
06/12/2013,0.4,0.4,0.39,0.39,7025014
09/12/2013,0.39,0.39,0.38,0.38,9632780
10/12/2013,0.38,0.39,0.38,0.39,13106821
11/12/2013,0.39,0.39,0.38,0.39,10353895
12/12/2013,0.38,0.39,0.38,0.38,6468071
13/12/2013,0.38,0.38,0.38,0.38,4614824
16/12/2013,0.38,0.38,0.38,0.38,5944503
17/12/2013,0.38,0.38,0.37,0.38,6856787
18/12/2013,0.38,0.38,0.37,0.38,10655787
19/12/2013,0.38,0.39,0.38,0.38,6465532
20/12/2013,0.39,0.39,0.38,0.39,9552017
23/12/2013,0.39,0.4,0.39,0.39,4214188
24/12/2013,0.4,0.4,0.39,0.4,1990034
26/12/2013,0.4,0.4,0.39,0.39,4223004
27/12/2013,0.39,0.39,0.39,0.39,5274425
30/12/2013,0.39,0.4,0.39,0.4,6205267
31/12/2013,0.4,0.4,0.4,0.4,5894631
02/01/2014,0.4,0.4,0.39,0.4,6502296
03/01/2014,0.4,0.4,0.39,0.39,6483288
06/01/2014,0.4,0.4,0.39,0.4,10237417
07/01/2014,0.4,0.41,0.4,0.4,8332170
08/01/2014,0.41,0.41,0.4,0.41,7704980
09/01/2014,0.4,0.4,0.39,0.39,7305079
10/01/2014,0.4,0.4,0.39,0.39,5462334
13/01/2014,0.39,0.4,0.38,0.38,6083299
14/01/2014,0.39,0.4,0.38,0.4,6045663
15/01/2014,0.4,0.4,0.4,0.4,4376071
16/01/2014,0.4,0.4,0.4,0.4,5516399
17/01/2014,0.4,0.41,0.4,0.4,8510019
21/01/2014,0.4,0.4,0.4,0.4,6151916
22/01/2014,0.4,0.4,0.4,0.4,8448495
23/01/2014,0.4,0.4,0.4,0.4,4625672
24/01/2014,0.4,0.4,0.39,0.39,6206187
27/01/2014,0.39,0.39,0.38,0.39,5845310
28/01/2014,0.39,0.39,0.38,0.39,4199851
29/01/2014,0.39,0.39,0.39,0.39,3963038
30/01/2014,0.39,0.39,0.39,0.39,5072356
31/01/2014,0.39,0.39,0.39,0.39,8383660
03/02/2014,0.4,0.4,0.39,0.39,10793190
04/02/2014,0.39,0.39,0.39,0.39,7017337
05/02/2014,0.39,0.39,0.38,0.39,5366932
06/02/2014,0.39,0.39,0.39,0.39,4209541
07/02/2014,0.39,0.4,0.39,0.4,3934156
10/02/2014,0.4,0.4,0.4,0.4,8109337
11/02/2014,0.4,0.41,0.4,0.41,5887273
12/02/2014,0.41,0.42,0.41,0.42,18640751
13/02/2014,0.43,0.44,0.42,0.43,22572405
14/02/2014,0.43,0.45,0.43,0.45,20442453
18/02/2014,0.45,0.45,0.44,0.45,10727375
19/02/2014,0.45,0.46,0.45,0.45,11261515
20/02/2014,0.45,0.47,0.45,0.47,9952295
21/02/2014,0.47,0.47,0.46,0.47,11276326
24/02/2014,0.47,0.48,0.46,0.47,10081460
25/02/2014,0.47,0.47,0.46,0.47,6063033
26/02/2014,0.47,0.47,0.47,0.47,9022436
27/02/2014,0.47,0.47,0.46,0.46,9721168
28/02/2014,0.46,0.46,0.45,0.46,8042268
03/03/2014,0.45,0.46,0.45,0.46,9398673
04/03/2014,0.46,0.47,0.46,0.46,6512928
05/03/2014,0.46,0.47,0.46,0.47,6037348
06/03/2014,0.47,0.47,0.46,0.46,7253593
07/03/2014,0.46,0.46,0.46,0.46,6711381
10/03/2014,0.46,0.46,0.45,0.45,7522349
11/03/2014,0.45,0.46,0.45,0.46,7433477
12/03/2014,0.45,0.46,0.45,0.46,5988435
13/03/2014,0.46,0.46,0.44,0.44,9629303
14/03/2014,0.44,0.45,0.44,0.45,11501151
17/03/2014,0.45,0.45,0.45,0.45,7492810
18/03/2014,0.45,0.46,0.45,0.46,7347616
19/03/2014,0.46,0.47,0.46,0.46,9154164
20/03/2014,0.46,0.47,0.46,0.46,4795035
21/03/2014,0.47,0.47,0.46,0.46,14152926
24/03/2014,0.46,0.47,0.45,0.46,7652386
25/03/2014,0.46,0.47,0.46,0.46,7610605
26/03/2014,0.47,0.47,0.45,0.45,13944439
27/03/2014,0.45,0.45,0.44,0.44,13518378
28/03/2014,0.44,0.45,0.44,0.45,9970737
31/03/2014,0.45,0.45,0.45,0.45,6835058
01/04/2014,0.46,0.47,0.46,0.47,16408058
02/04/2014,0.47,0.47,0.46,0.46,5998666
03/04/2014,0.46,0.48,0.46,0.47,14991601
04/04/2014,0.47,0.47,0.45,0.45,9200826
07/04/2014,0.45,0.46,0.45,0.46,10714407
08/04/2014,0.46,0.47,0.45,0.47,11767342
09/04/2014,0.47,0.48,0.47,0.47,10549192
10/04/2014,0.47,0.48,0.46,0.46,9321880
11/04/2014,0.46,0.46,0.45,0.45,8827791
14/04/2014,0.46,0.46,0.45,0.46,7254648
15/04/2014,0.46,0.46,0.45,0.46,7615921
16/04/2014,0.46,0.46,0.46,0.46,5878433
17/04/2014,0.46,0.47,0.46,0.46,3838325
21/04/2014,0.47,0.47,0.46,0.47,2925085
22/04/2014,0.47,0.47,0.47,0.47,6379060
23/04/2014,0.47,0.48,0.47,0.48,6539608
24/04/2014,0.48,0.49,0.48,0.48,9787503
25/04/2014,0.48,0.49,0.47,0.47,7840012
28/04/2014,0.47,0.47,0.46,0.47,5669699
29/04/2014,0.47,0.47,0.46,0.47,4282994
30/04/2014,0.47,0.47,0.46,0.46,7644474
01/05/2014,0.47,0.47,0.46,0.46,4952689
02/05/2014,0.47,0.47,0.46,0.46,3909378
05/05/2014,0.46,0.47,0.46,0.47,5981457
06/05/2014,0.47,0.47,0.46,0.46,10404742
07/05/2014,0.46,0.46,0.45,0.46,7350440
08/05/2014,0.46,0.47,0.45,0.46,10818490
09/05/2014,0.45,0.45,0.44,0.45,13488260
12/05/2014,0.45,0.47,0.45,0.46,7496353
13/05/2014,0.46,0.47,0.46,0.46,5527597
14/05/2014,0.46,0.46,0.45,0.45,5358034
15/05/2014,0.45,0.45,0.45,0.45,8147862
16/05/2014,0.45,0.45,0.45,0.45,7098958
19/05/2014,0.45,0.47,0.45,0.46,9002026
20/05/2014,0.46,0.46,0.45,0.46,6405005
21/05/2014,0.46,0.46,0.45,0.46,5417775
22/05/2014,0.46,0.46,0.46,0.46,3259588
23/05/2014,0.46,0.46,0.46,0.46,4566438
27/05/2014,0.47,0.47,0.46,0.47,5242005
28/05/2014,0.47,0.48,0.47,0.47,5617852
29/05/2014,0.47,0.48,0.47,0.47,4297080
30/05/2014,0.47,0.48,0.47,0.48,5977913
02/06/2014,0.48,0.48,0.47,0.47,4537471
03/06/2014,0.47,0.48,0.47,0.47,6080259
04/06/2014,0.47,0.48,0.47,0.47,4030858
05/06/2014,0.47,0.48,0.47,0.47,4717374
06/06/2014,0.48,0.48,0.47,0.48,4026269
09/06/2014,0.48,0.48,0.47,0.48,6186356
10/06/2014,0.47,0.48,0.47,0.48,5440162
11/06/2014,0.48,0.49,0.48,0.49,6655773
12/06/2014,0.49,0.49,0.48,0.49,8429047
13/06/2014,0.49,0.49,0.48,0.49,5696281
16/06/2014,0.49,0.49,0.48,0.49,4965472
17/06/2014,0.49,0.49,0.49,0.49,3940353
18/06/2014,0.49,0.49,0.48,0.49,5388381
19/06/2014,0.48,0.48,0.48,0.48,11864822
20/06/2014,0.48,0.48,0.47,0.47,8828658
23/06/2014,0.47,0.47,0.46,0.47,10355032
24/06/2014,0.47,0.47,0.46,0.46,6894480
25/06/2014,0.46,0.47,0.46,0.47,5385489
26/06/2014,0.47,0.47,0.46,0.46,6422671
27/06/2014,0.46,0.46,0.46,0.46,7570516
30/06/2014,0.46,0.46,0.46,0.46,4514184
01/07/2014,0.46,0.47,0.46,0.47,8029625
02/07/2014,0.47,0.47,0.46,0.47,4482096
03/07/2014,0.47,0.47,0.46,0.47,3422256
07/07/2014,0.47,0.47,0.47,0.47,3187483
08/07/2014,0.47,0.47,0.46,0.46,5550035
09/07/2014,0.46,0.48,0.46,0.48,9691765
10/07/2014,0.47,0.48,0.47,0.48,6657739
11/07/2014,0.48,0.48,0.47,0.48,4780418
14/07/2014,0.48,0.48,0.48,0.48,6815867
15/07/2014,0.48,0.49,0.48,0.48,9885981
16/07/2014,0.49,0.49,0.48,0.48,7993210
17/07/2014,0.48,0.49,0.48,0.48,8122920
18/07/2014,0.47,0.48,0.46,0.46,14196417
21/07/2014,0.46,0.47,0.46,0.46,6084223
22/07/2014,0.47,0.47,0.46,0.46,7470420
23/07/2014,0.46,0.46,0.45,0.45,7433795
24/07/2014,0.45,0.46,0.45,0.45,6364433
25/07/2014,0.45,0.45,0.44,0.44,6653367
28/07/2014,0.44,0.45,0.44,0.44,8258849
29/07/2014,0.44,0.45,0.44,0.44,5449327
30/07/2014,0.45,0.45,0.45,0.45,6155073
31/07/2014,0.45,0.45,0.44,0.44,10047917
01/08/2014,0.44,0.44,0.44,0.44,5497060
04/08/2014,0.44,0.45,0.44,0.44,6043554
05/08/2014,0.44,0.45,0.44,0.44,7458434
06/08/2014,0.44,0.45,0.44,0.44,5586470
07/08/2014,0.44,0.45,0.43,0.44,10200345
08/08/2014,0.46,0.48,0.46,0.48,22366081
11/08/2014,0.48,0.48,0.47,0.47,8615557
12/08/2014,0.47,0.48,0.47,0.47,7403784
13/08/2014,0.47,0.48,0.47,0.48,6414874
14/08/2014,0.48,0.48,0.47,0.47,6399781
15/08/2014,0.47,0.48,0.47,0.48,9249383
18/08/2014,0.48,0.48,0.47,0.48,7102895
19/08/2014,0.48,0.49,0.48,0.48,6206499
20/08/2014,0.48,0.48,0.48,0.48,5536746
21/08/2014,0.48,0.48,0.48,0.48,6819882
22/08/2014,0.48,0.48,0.47,0.48,6280582
25/08/2014,0.48,0.48,0.48,0.48,3834454
26/08/2014,0.48,0.49,0.48,0.49,6740958
27/08/2014,0.48,0.49,0.48,0.48,4574336
28/08/2014,0.48,0.49,0.48,0.48,4492628
29/08/2014,0.49,0.49,0.48,0.49,5198761
02/09/2014,0.49,0.49,0.48,0.49,4815883
03/09/2014,0.49,0.49,0.49,0.49,6486429
04/09/2014,0.49,0.5,0.49,0.5,12295805
05/09/2014,0.5,0.5,0.5,0.5,6344896
08/09/2014,0.5,0.5,0.49,0.49,7982245
09/09/2014,0.49,0.5,0.49,0.49,4964806
10/09/2014,0.49,0.49,0.49,0.49,4309435
11/09/2014,0.49,0.49,0.48,0.49,6267986
12/09/2014,0.48,0.49,0.48,0.48,6563409
15/09/2014,0.48,0.48,0.47,0.47,7353902
16/09/2014,0.47,0.48,0.47,0.48,5498477
17/09/2014,0.48,0.48,0.48,0.48,4339601
18/09/2014,0.48,0.49,0.48,0.49,5490120
19/09/2014,0.49,0.49,0.48,0.48,15033424
22/09/2014,0.49,0.49,0.47,0.47,5536598
23/09/2014,0.47,0.48,0.47,0.47,4903604
24/09/2014,0.47,0.47,0.47,0.47,3989961
25/09/2014,0.47,0.47,0.46,0.46,7460994
26/09/2014,0.46,0.47,0.46,0.46,6029702
29/09/2014,0.46,0.47,0.46,0.46,5213585
30/09/2014,0.46,0.46,0.46,0.46,6930130
01/10/2014,0.46,0.47,0.46,0.46,8775121
02/10/2014,0.46,0.46,0.44,0.45,7224861
03/10/2014,0.46,0.46,0.46,0.46,5978474
06/10/2014,0.46,0.46,0.45,0.45,4975777
07/10/2014,0.45,0.46,0.45,0.45,7547439
08/10/2014,0.45,0.46,0.44,0.46,6504284
09/10/2014,0.45,0.45,0.44,0.45,7674982
10/10/2014,0.45,0.45,0.42,0.42,17284422
13/10/2014,0.42,0.43,0.42,0.42,9940730
14/10/2014,0.43,0.44,0.42,0.43,9415488
15/10/2014,0.42,0.44,0.42,0.44,10110978
16/10/2014,0.43,0.44,0.43,0.44,8777944
17/10/2014,0.44,0.45,0.43,0.44,7268519
20/10/2014,0.44,0.44,0.43,0.44,5008404
21/10/2014,0.44,0.46,0.44,0.46,8778272
22/10/2014,0.46,0.46,0.45,0.45,5987921
23/10/2014,0.45,0.46,0.45,0.46,5367494
24/10/2014,0.46,0.46,0.46,0.46,5254152
27/10/2014,0.46,0.46,0.46,0.46,3627782
28/10/2014,0.46,0.47,0.46,0.47,4814453
29/10/2014,0.47,0.47,0.47,0.47,4208504
30/10/2014,0.47,0.47,0.46,0.47,4256451
31/10/2014,0.48,0.49,0.48,0.49,6408266
03/11/2014,0.5,0.5,0.49,0.5,7719851
04/11/2014,0.5,0.51,0.49,0.5,9004886
05/11/2014,0.51,0.51,0.5,0.5,8391257
06/11/2014,0.5,0.51,0.5,0.51,9852201
07/11/2014,0.51,0.52,0.49,0.49,11269962
10/11/2014,0.49,0.5,0.49,0.5,7334724
11/11/2014,0.5,0.5,0.49,0.49,5325270
12/11/2014,0.49,0.49,0.48,0.49,5114569
13/11/2014,0.49,0.49,0.48,0.49,5633239
14/11/2014,0.49,0.49,0.48,0.49,4006181
17/11/2014,0.49,0.5,0.49,0.49,3968295
18/11/2014,0.49,0.51,0.49,0.5,5194312
19/11/2014,0.5,0.5,0.5,0.5,6007542
20/11/2014,0.5,0.51,0.5,0.51,5524226
21/11/2014,0.51,0.51,0.51,0.51,4974441
24/11/2014,0.51,0.52,0.51,0.51,3400125
25/11/2014,0.51,0.52,0.51,0.51,4756021
26/11/2014,0.51,0.52,0.51,0.52,5481634
28/11/2014,0.52,0.53,0.52,0.52,3120781
01/12/2014,0.52,0.53,0.51,0.51,4751507
02/12/2014,0.51,0.52,0.51,0.52,6148798
03/12/2014,0.52,0.53,0.52,0.53,7111426
04/12/2014,0.53,0.53,0.52,0.52,4665777
05/12/2014,0.52,0.53,0.52,0.53,4142028
08/12/2014,0.53,0.53,0.52,0.52,5676710
09/12/2014,0.52,0.52,0.51,0.52,5986188
10/12/2014,0.52,0.52,0.51,0.51,5117856
11/12/2014,0.51,0.51,0.51,0.51,3391302
12/12/2014,0.5,0.5,0.49,0.49,8103662
15/12/2014,0.5,0.51,0.49,0.49,6367418
16/12/2014,0.49,0.5,0.48,0.48,4632726
17/12/2014,0.49,0.5,0.48,0.5,8639935
18/12/2014,0.51,0.52,0.5,0.51,5653939
19/12/2014,0.51,0.51,0.5,0.51,8138230
22/12/2014,0.51,0.52,0.51,0.52,3724357
23/12/2014,0.52,0.53,0.52,0.52,2731983
24/12/2014,0.52,0.52,0.51,0.51,1141128
26/12/2014,0.52,0.52,0.51,0.51,1316100
29/12/2014,0.51,0.52,0.51,0.51,2083128
30/12/2014,0.51,0.51,0.51,0.51,2803010
31/12/2014,0.51,0.51,0.5,0.5,4157958
02/01/2015,0.51,0.51,0.5,0.5,2842012
05/01/2015,0.5,0.5,0.49,0.49,4948799
06/01/2015,0.5,0.5,0.48,0.48,4944121
07/01/2015,0.48,0.49,0.48,0.48,8045186
08/01/2015,0.48,0.5,0.48,0.5,7094534
09/01/2015,0.5,0.5,0.49,0.5,5238601
12/01/2015,0.5,0.5,0.49,0.49,4768307
13/01/2015,0.49,0.51,0.49,0.49,5917960
14/01/2015,0.49,0.5,0.49,0.49,3881531
15/01/2015,0.5,0.5,0.49,0.49,4723757
16/01/2015,0.49,0.5,0.49,0.5,4537800
20/01/2015,0.5,0.51,0.49,0.5,3507719
21/01/2015,0.5,0.51,0.49,0.51,3619494
22/01/2015,0.51,0.52,0.5,0.52,3992810
23/01/2015,0.52,0.52,0.51,0.52,3010389
26/01/2015,0.52,0.52,0.51,0.52,3331008
27/01/2015,0.51,0.51,0.49,0.49,8948721
28/01/2015,0.5,0.5,0.48,0.48,6818214
29/01/2015,0.48,0.5,0.48,0.49,5883531
30/01/2015,0.49,0.5,0.48,0.48,7454968
02/02/2015,0.48,0.49,0.47,0.49,6490149
03/02/2015,0.49,0.5,0.49,0.5,4586670
04/02/2015,0.5,0.51,0.5,0.5,4537872
05/02/2015,0.5,0.51,0.5,0.51,3511195
06/02/2015,0.51,0.52,0.51,0.51,5263073
09/02/2015,0.51,0.51,0.5,0.51,6849193
10/02/2015,0.51,0.52,0.51,0.52,5655113
11/02/2015,0.53,0.53,0.52,0.52,8020778
12/02/2015,0.55,0.56,0.55,0.56,16922588
13/02/2015,0.56,0.56,0.55,0.56,7752149
17/02/2015,0.56,0.56,0.55,0.56,5083466
18/02/2015,0.56,0.56,0.55,0.55,4273997
19/02/2015,0.56,0.56,0.55,0.55,4235760
20/02/2015,0.55,0.56,0.55,0.56,3943820
23/02/2015,0.56,0.56,0.55,0.55,3125918
24/02/2015,0.55,0.56,0.55,0.56,3733318
25/02/2015,0.56,0.56,0.55,0.55,3095526
26/02/2015,0.56,0.56,0.55,0.56,3821597
27/02/2015,0.55,0.55,0.55,0.55,3937273
02/03/2015,0.55,0.57,0.55,0.56,7537781
03/03/2015,0.56,0.56,0.55,0.55,4008638
04/03/2015,0.55,0.56,0.55,0.56,5670997
05/03/2015,0.56,0.57,0.56,0.57,8076425
06/03/2015,0.57,0.57,0.56,0.56,6434807
09/03/2015,0.56,0.57,0.56,0.57,5559693
10/03/2015,0.57,0.58,0.57,0.57,13180267
11/03/2015,0.57,0.58,0.57,0.57,6552965
12/03/2015,0.57,0.57,0.56,0.57,10174260
13/03/2015,0.56,0.57,0.56,0.57,8982188
16/03/2015,0.57,0.58,0.57,0.57,5923864
17/03/2015,0.57,0.58,0.57,0.58,7498556
18/03/2015,0.58,0.58,0.57,0.57,10346084
19/03/2015,0.57,0.58,0.57,0.58,7768859
20/03/2015,0.59,0.59,0.58,0.59,11552119
23/03/2015,0.57,0.58,0.57,0.57,10650277
24/03/2015,0.57,0.57,0.56,0.56,8262025
25/03/2015,0.56,0.56,0.52,0.53,13563840
26/03/2015,0.52,0.53,0.51,0.52,7797997
27/03/2015,0.53,0.54,0.52,0.53,7957152
30/03/2015,0.54,0.54,0.53,0.54,6331256
31/03/2015,0.54,0.54,0.52,0.52,8931942
01/04/2015,0.53,0.53,0.52,0.53,8269223
02/04/2015,0.53,0.53,0.52,0.53,4805086
06/04/2015,0.52,0.54,0.52,0.54,12896584
07/04/2015,0.54,0.55,0.54,0.55,10349069
08/04/2015,0.55,0.55,0.54,0.55,9160786
09/04/2015,0.55,0.56,0.55,0.56,9485827
10/04/2015,0.56,0.57,0.56,0.57,6468219
13/04/2015,0.57,0.57,0.56,0.56,5918106
14/04/2015,0.56,0.56,0.55,0.56,5506852
15/04/2015,0.56,0.57,0.56,0.57,6088960
16/04/2015,0.56,0.57,0.56,0.56,3882058
17/04/2015,0.55,0.56,0.55,0.56,7340917
20/04/2015,0.56,0.56,0.55,0.55,5790646
21/04/2015,0.55,0.56,0.55,0.55,5761365
22/04/2015,0.55,0.56,0.55,0.56,5185481
23/04/2015,0.55,0.56,0.54,0.56,6484469
24/04/2015,0.56,0.56,0.54,0.55,6023972
27/04/2015,0.55,0.56,0.55,0.56,6211356
28/04/2015,0.55,0.56,0.55,0.56,5862106
29/04/2015,0.55,0.56,0.55,0.55,4878919
30/04/2015,0.55,0.56,0.55,0.55,5471083
01/05/2015,0.56,0.57,0.56,0.57,6424185
04/05/2015,0.57,0.57,0.56,0.57,5018024
05/05/2015,0.56,0.56,0.55,0.55,7323195
06/05/2015,0.55,0.56,0.55,0.55,7912111
07/05/2015,0.55,0.56,0.55,0.56,13364077
08/05/2015,0.53,0.55,0.51,0.52,28663778
11/05/2015,0.51,0.52,0.51,0.52,13603644
12/05/2015,0.51,0.53,0.51,0.52,9719994
13/05/2015,0.52,0.53,0.52,0.52,7713070
14/05/2015,0.53,0.54,0.52,0.53,7326280
15/05/2015,0.53,0.54,0.53,0.53,5395619
18/05/2015,0.53,0.54,0.53,0.53,8124292
19/05/2015,0.53,0.53,0.53,0.53,6345222
20/05/2015,0.53,0.53,0.53,0.53,4920581
21/05/2015,0.53,0.53,0.52,0.52,5992250
22/05/2015,0.52,0.53,0.52,0.52,5315282
26/05/2015,0.52,0.52,0.51,0.52,6493277
27/05/2015,0.52,0.55,0.52,0.55,10808271
28/05/2015,0.55,0.56,0.55,0.55,8191431
29/05/2015,0.55,0.56,0.55,0.55,8379244
01/06/2015,0.56,0.57,0.55,0.56,9316504
02/06/2015,0.56,0.56,0.55,0.55,5607582
03/06/2015,0.55,0.55,0.54,0.54,6269692
04/06/2015,0.54,0.55,0.54,0.55,8092765
05/06/2015,0.55,0.56,0.54,0.56,7833001
08/06/2015,0.56,0.56,0.54,0.54,8570301
09/06/2015,0.54,0.55,0.54,0.55,6422222
10/06/2015,0.54,0.54,0.53,0.54,13236526
11/06/2015,0.54,0.55,0.54,0.54,7076296
12/06/2015,0.54,0.54,0.53,0.53,8093164
15/06/2015,0.53,0.53,0.52,0.53,7663673
16/06/2015,0.53,0.53,0.52,0.53,6422253
17/06/2015,0.53,0.54,0.53,0.54,5838648
18/06/2015,0.54,0.55,0.54,0.55,7485090
19/06/2015,0.55,0.55,0.54,0.55,8891427
22/06/2015,0.55,0.55,0.54,0.54,12855929
23/06/2015,0.55,0.55,0.53,0.53,10351627
24/06/2015,0.53,0.53,0.52,0.53,6334204
25/06/2015,0.53,0.53,0.53,0.53,8761548
26/06/2015,0.53,0.53,0.52,0.52,10532373
29/06/2015,0.51,0.52,0.5,0.5,9793096
30/06/2015,0.51,0.51,0.5,0.5,7897857
01/07/2015,0.52,0.52,0.51,0.51,7573001
02/07/2015,0.51,0.51,0.51,0.51,3644115
06/07/2015,0.51,0.51,0.5,0.5,5369413
07/07/2015,0.5,0.5,0.48,0.49,14856327
08/07/2015,0.49,0.5,0.49,0.49,8312287
09/07/2015,0.5,0.5,0.48,0.49,8939745
10/07/2015,0.49,0.5,0.49,0.49,5417717
13/07/2015,0.5,0.5,0.49,0.5,5311791
14/07/2015,0.5,0.5,0.49,0.5,6230429
15/07/2015,0.5,0.5,0.49,0.49,6643348
16/07/2015,0.5,0.5,0.5,0.5,7072291
17/07/2015,0.5,0.5,0.5,0.5,5509308
20/07/2015,0.5,0.5,0.49,0.49,4710259
21/07/2015,0.49,0.5,0.49,0.49,3743010
22/07/2015,0.49,0.49,0.48,0.49,8911819
23/07/2015,0.49,0.5,0.49,0.49,4247872
24/07/2015,0.49,0.5,0.48,0.49,4721099
27/07/2015,0.48,0.49,0.48,0.48,4810520
28/07/2015,0.48,0.5,0.48,0.49,4957733
29/07/2015,0.49,0.5,0.49,0.5,5817033
30/07/2015,0.5,0.51,0.5,0.5,4754479
31/07/2015,0.5,0.5,0.5,0.5,5459211
03/08/2015,0.5,0.51,0.5,0.51,9928278
04/08/2015,0.51,0.51,0.5,0.51,6502514
05/08/2015,0.52,0.52,0.51,0.51,5865652
06/08/2015,0.51,0.52,0.5,0.51,16391890
07/08/2015,0.56,0.58,0.55,0.57,35131171
10/08/2015,0.57,0.6,0.57,0.59,16557636
11/08/2015,0.59,0.6,0.59,0.59,10875209
12/08/2015,0.58,0.6,0.58,0.59,9602012
13/08/2015,0.59,0.6,0.59,0.59,6922146
14/08/2015,0.59,0.59,0.58,0.59,5366261
17/08/2015,0.59,0.59,0.58,0.58,6846973
18/08/2015,0.58,0.58,0.57,0.58,7177055
19/08/2015,0.58,0.58,0.57,0.57,6231842
20/08/2015,0.57,0.57,0.55,0.55,10673329
21/08/2015,0.55,0.56,0.54,0.54,9566639
24/08/2015,0.51,0.55,0.5,0.52,17057073
25/08/2015,0.54,0.54,0.51,0.51,15567110
26/08/2015,0.52,0.55,0.52,0.55,15374439
27/08/2015,0.55,0.57,0.55,0.57,11594083
28/08/2015,0.57,0.57,0.56,0.57,8023632
31/08/2015,0.57,0.57,0.56,0.56,5483810
01/09/2015,0.55,0.56,0.54,0.54,8835220
02/09/2015,0.55,0.56,0.54,0.56,8601065
03/09/2015,0.56,0.57,0.56,0.56,6563938
04/09/2015,0.55,0.56,0.54,0.54,7200245
08/09/2015,0.56,0.57,0.55,0.57,5961218
09/09/2015,0.57,0.57,0.55,0.56,7234849
10/09/2015,0.55,0.57,0.55,0.56,8926896
11/09/2015,0.56,0.57,0.56,0.57,7539608
14/09/2015,0.57,0.57,0.56,0.57,4811636
15/09/2015,0.57,0.58,0.57,0.57,8199412
16/09/2015,0.57,0.58,0.57,0.58,4337684
17/09/2015,0.59,0.59,0.58,0.58,6717769
18/09/2015,0.57,0.59,0.57,0.58,8160255
21/09/2015,0.58,0.59,0.58,0.59,7046616
22/09/2015,0.58,0.58,0.57,0.57,5708923
23/09/2015,0.57,0.58,0.57,0.57,4040849
24/09/2015,0.57,0.59,0.56,0.59,9561031
25/09/2015,0.59,0.6,0.58,0.59,9242268
28/09/2015,0.59,0.59,0.58,0.58,9889576
29/09/2015,0.59,0.59,0.58,0.59,9518373
30/09/2015,0.6,0.62,0.59,0.62,13909541
01/10/2015,0.62,0.62,0.59,0.6,12232427
02/10/2015,0.6,0.62,0.59,0.62,9653639
05/10/2015,0.62,0.64,0.62,0.64,12050571
06/10/2015,0.63,0.65,0.63,0.64,11360526
07/10/2015,0.65,0.66,0.63,0.65,7753799
08/10/2015,0.65,0.66,0.64,0.65,11501741
09/10/2015,0.65,0.66,0.64,0.65,10581210
12/10/2015,0.65,0.66,0.65,0.66,5689727
13/10/2015,0.65,0.66,0.65,0.66,7461071
14/10/2015,0.66,0.69,0.66,0.68,15304756
15/10/2015,0.69,0.7,0.68,0.69,13151151
16/10/2015,0.69,0.7,0.69,0.7,11209897
19/10/2015,0.7,0.7,0.69,0.7,7367780
20/10/2015,0.69,0.7,0.69,0.69,6620614
21/10/2015,0.7,0.7,0.68,0.69,9667049
22/10/2015,0.69,0.71,0.69,0.71,7672091
23/10/2015,0.72,0.72,0.71,0.71,9544357
26/10/2015,0.72,0.72,0.71,0.71,6185935
27/10/2015,0.71,0.72,0.71,0.71,5206678
28/10/2015,0.72,0.72,0.71,0.72,5425852
29/10/2015,0.71,0.71,0.69,0.69,8179177
30/10/2015,0.7,0.71,0.69,0.71,7528965
02/11/2015,0.71,0.72,0.71,0.72,4752197
03/11/2015,0.71,0.72,0.7,0.71,9419230
04/11/2015,0.71,0.72,0.7,0.7,11056571
05/11/2015,0.7,0.71,0.69,0.69,11969974
06/11/2015,0.76,0.8,0.75,0.79,29306777
09/11/2015,0.78,0.79,0.77,0.79,12314225
10/11/2015,0.78,0.78,0.75,0.77,13806497
11/11/2015,0.77,0.78,0.76,0.76,15503157
12/11/2015,0.76,0.77,0.76,0.76,7277017
13/11/2015,0.76,0.76,0.74,0.75,7323501
16/11/2015,0.75,0.76,0.75,0.76,8607008
17/11/2015,0.76,0.77,0.76,0.76,6426235
18/11/2015,0.76,0.78,0.75,0.78,8755358
19/11/2015,0.78,0.79,0.77,0.78,6351803
20/11/2015,0.78,0.79,0.78,0.78,5993587
23/11/2015,0.79,0.79,0.77,0.77,6063751
24/11/2015,0.77,0.79,0.77,0.78,4885692
25/11/2015,0.78,0.79,0.78,0.78,3457476
27/11/2015,0.78,0.79,0.78,0.78,2175202
30/11/2015,0.79,0.8,0.78,0.79,8181080
01/12/2015,0.8,0.82,0.8,0.82,10237433
02/12/2015,0.82,0.83,0.81,0.81,7356004
03/12/2015,0.82,0.83,0.81,0.81,6166405
04/12/2015,0.81,0.85,0.81,0.84,11468924
07/12/2015,0.84,0.84,0.83,0.83,8339679
08/12/2015,0.82,0.84,0.81,0.84,7862233
09/12/2015,0.84,0.84,0.81,0.82,9316871
10/12/2015,0.82,0.83,0.82,0.82,5914923
11/12/2015,0.82,0.82,0.81,0.81,5683038
14/12/2015,0.81,0.82,0.8,0.81,6908645
15/12/2015,0.82,0.83,0.82,0.82,7682354
16/12/2015,0.83,0.83,0.82,0.83,5908874
17/12/2015,0.83,0.84,0.82,0.82,6354044
18/12/2015,0.81,0.82,0.8,0.8,9897424
21/12/2015,0.81,0.82,0.81,0.82,7105373
22/12/2015,0.83,0.83,0.82,0.82,3250269
23/12/2015,0.82,0.83,0.82,0.83,3063139
24/12/2015,0.82,0.83,0.82,0.83,1311231
28/12/2015,0.82,0.83,0.81,0.83,3550703
29/12/2015,0.83,0.84,0.83,0.84,5091512
30/12/2015,0.84,0.85,0.83,0.83,4508570
31/12/2015,0.83,0.84,0.82,0.82,3713202
04/01/2016,0.81,0.81,0.8,0.81,8951907
05/01/2016,0.82,0.84,0.81,0.82,12256814
06/01/2016,0.81,0.81,0.78,0.79,11233604
07/01/2016,0.77,0.77,0.75,0.76,16132575
08/01/2016,0.77,0.77,0.74,0.74,9961782
11/01/2016,0.74,0.75,0.73,0.74,10235095
12/01/2016,0.76,0.77,0.75,0.75,11733893
13/01/2016,0.76,0.77,0.73,0.73,12041762
14/01/2016,0.72,0.73,0.7,0.72,15005864
15/01/2016,0.69,0.7,0.67,0.68,21036303
19/01/2016,0.69,0.71,0.68,0.68,11428537
20/01/2016,0.67,0.7,0.66,0.69,12029457
21/01/2016,0.69,0.71,0.68,0.7,12036422
22/01/2016,0.71,0.72,0.71,0.71,6450312
25/01/2016,0.71,0.72,0.71,0.71,6768203
26/01/2016,0.71,0.72,0.7,0.72,5699182
27/01/2016,0.72,0.72,0.7,0.71,5792528
28/01/2016,0.71,0.72,0.69,0.7,6919451
29/01/2016,0.71,0.73,0.7,0.73,7762622
01/02/2016,0.73,0.74,0.73,0.73,7247099
02/02/2016,0.73,0.73,0.7,0.7,8547710
03/02/2016,0.71,0.71,0.69,0.71,8169351
04/02/2016,0.71,0.72,0.7,0.71,8703450
05/02/2016,0.7,0.71,0.66,0.66,15010685
08/02/2016,0.65,0.65,0.62,0.63,15221320
09/02/2016,0.62,0.66,0.62,0.64,10634314
10/02/2016,0.64,0.66,0.63,0.64,8394980
11/02/2016,0.62,0.64,0.62,0.63,8503635
12/02/2016,0.64,0.64,0.62,0.64,8520367
16/02/2016,0.65,0.68,0.65,0.67,12133795
17/02/2016,0.68,0.7,0.68,0.69,19286666
18/02/2016,0.75,0.77,0.75,0.75,26716489
19/02/2016,0.75,0.77,0.74,0.76,13140732
22/02/2016,0.77,0.8,0.77,0.79,11241697
23/02/2016,0.78,0.8,0.78,0.79,9234450
24/02/2016,0.79,0.8,0.77,0.8,8421336
25/02/2016,0.8,0.8,0.78,0.8,8740367
26/02/2016,0.8,0.8,0.78,0.79,9049073
29/02/2016,0.79,0.8,0.78,0.78,8083618
01/03/2016,0.79,0.82,0.78,0.82,8717512
02/03/2016,0.81,0.83,0.81,0.82,5845933
03/03/2016,0.82,0.83,0.81,0.82,7550088
04/03/2016,0.82,0.82,0.81,0.81,4382634
07/03/2016,0.81,0.81,0.8,0.81,6005495
08/03/2016,0.8,0.81,0.79,0.79,6873478
09/03/2016,0.8,0.8,0.78,0.79,5569737
10/03/2016,0.8,0.8,0.78,0.79,7152137
11/03/2016,0.8,0.81,0.79,0.81,6934986
14/03/2016,0.8,0.81,0.8,0.81,4757868
15/03/2016,0.8,0.81,0.79,0.8,5655420
16/03/2016,0.8,0.83,0.79,0.83,9091068
17/03/2016,0.82,0.83,0.81,0.82,3014629
18/03/2016,0.83,0.86,0.83,0.85,13637802
21/03/2016,0.84,0.85,0.83,0.85,8444539
22/03/2016,0.85,0.85,0.84,0.85,6050266
23/03/2016,0.85,0.87,0.85,0.86,10725171
24/03/2016,0.85,0.86,0.85,0.86,6123854
28/03/2016,0.86,0.87,0.86,0.87,6634700
29/03/2016,0.87,0.89,0.87,0.88,6545266
30/03/2016,0.89,0.91,0.89,0.89,9417474
31/03/2016,0.9,0.9,0.88,0.89,9497052
01/04/2016,0.89,0.9,0.88,0.9,8707319
04/04/2016,0.91,0.92,0.89,0.9,9848551
05/04/2016,0.89,0.9,0.88,0.89,8489215
06/04/2016,0.88,0.9,0.87,0.9,11334379
07/04/2016,0.89,0.9,0.88,0.89,9452644
08/04/2016,0.89,0.9,0.88,0.89,6398373
11/04/2016,0.9,0.91,0.89,0.9,9688098
12/04/2016,0.9,0.9,0.88,0.9,7319077
13/04/2016,0.9,0.92,0.9,0.92,8767861
14/04/2016,0.92,0.93,0.91,0.92,10414131
15/04/2016,0.92,0.94,0.92,0.93,10924273
18/04/2016,0.93,0.93,0.92,0.92,7683044
19/04/2016,0.93,0.93,0.9,0.91,7728777
20/04/2016,0.91,0.92,0.91,0.91,5004434
21/04/2016,0.91,0.92,0.91,0.91,4456989
22/04/2016,0.91,0.92,0.9,0.91,5588539
25/04/2016,0.91,0.92,0.9,0.91,4799765
26/04/2016,0.92,0.93,0.91,0.91,5363364
27/04/2016,0.91,0.93,0.91,0.93,8809858
28/04/2016,0.93,0.93,0.9,0.91,9530551
29/04/2016,0.9,0.9,0.88,0.89,8047562
02/05/2016,0.9,0.91,0.89,0.9,6401920
03/05/2016,0.89,0.89,0.88,0.89,5600585
04/05/2016,0.88,0.88,0.86,0.87,13144065
05/05/2016,0.88,0.88,0.87,0.87,6172113
06/05/2016,0.87,0.89,0.87,0.88,4581000
09/05/2016,0.89,0.89,0.87,0.88,8333411
10/05/2016,0.89,0.9,0.88,0.9,6741929
11/05/2016,0.9,0.91,0.9,0.9,8204441
12/05/2016,0.91,0.91,0.87,0.89,16763533
13/05/2016,0.98,1.02,0.98,1.02,52756404
16/05/2016,1.02,1.07,1.01,1.05,24325757
17/05/2016,1.05,1.06,1.04,1.06,15709762
18/05/2016,1.05,1.1,1.05,1.08,13526797
19/05/2016,1.08,1.1,1.08,1.09,9971981
20/05/2016,1.1,1.11,1.09,1.11,9777090
23/05/2016,1.11,1.12,1.1,1.11,10340877
24/05/2016,1.11,1.14,1.11,1.13,10394721
25/05/2016,1.14,1.14,1.12,1.13,11469411
26/05/2016,1.13,1.15,1.13,1.14,7749081
27/05/2016,1.14,1.15,1.14,1.15,6935389
31/05/2016,1.15,1.17,1.15,1.17,10313131
01/06/2016,1.16,1.18,1.16,1.17,9678267
02/06/2016,1.18,1.19,1.17,1.18,8230202
03/06/2016,1.17,1.17,1.14,1.16,11526864
06/06/2016,1.17,1.17,1.15,1.16,8062841
07/06/2016,1.16,1.17,1.16,1.16,4835017
08/06/2016,1.16,1.16,1.15,1.15,5865431
09/06/2016,1.15,1.19,1.15,1.18,11804167
10/06/2016,1.17,1.18,1.15,1.16,10000592
13/06/2016,1.16,1.19,1.16,1.17,11889674
14/06/2016,1.17,1.18,1.15,1.17,7458639
15/06/2016,1.18,1.19,1.17,1.18,7525868
16/06/2016,1.18,1.19,1.16,1.19,6161428
17/06/2016,1.19,1.19,1.16,1.17,11775048
20/06/2016,1.19,1.2,1.19,1.19,7344230
21/06/2016,1.19,1.2,1.18,1.18,5312661
22/06/2016,1.18,1.19,1.18,1.18,5065516
23/06/2016,1.19,1.21,1.19,1.21,7446994
24/06/2016,1.16,1.18,1.13,1.14,25442111
27/06/2016,1.13,1.14,1.11,1.13,11258487
28/06/2016,1.15,1.15,1.13,1.15,9547980
29/06/2016,1.16,1.18,1.15,1.17,7973264
30/06/2016,1.17,1.18,1.16,1.18,10773475
01/07/2016,1.17,1.18,1.16,1.17,5462198
05/07/2016,1.16,1.19,1.15,1.18,9277061
06/07/2016,1.18,1.2,1.17,1.19,6827594
07/07/2016,1.2,1.23,1.19,1.22,9884992
08/07/2016,1.24,1.28,1.23,1.27,12048273
11/07/2016,1.29,1.31,1.29,1.3,11219437
12/07/2016,1.32,1.33,1.3,1.32,10919045
13/07/2016,1.32,1.33,1.32,1.32,8115130
14/07/2016,1.33,1.35,1.32,1.33,7922283
15/07/2016,1.32,1.32,1.3,1.32,10715357
18/07/2016,1.33,1.34,1.32,1.32,6324838
19/07/2016,1.32,1.34,1.32,1.34,9566250
20/07/2016,1.34,1.36,1.34,1.36,7411502
21/07/2016,1.35,1.36,1.33,1.33,9032697
22/07/2016,1.34,1.37,1.33,1.37,7894165
25/07/2016,1.38,1.4,1.37,1.39,7813211
26/07/2016,1.4,1.42,1.4,1.42,12862739
27/07/2016,1.43,1.43,1.39,1.4,11166886
28/07/2016,1.4,1.42,1.4,1.4,5547934
29/07/2016,1.41,1.43,1.38,1.43,10239664
01/08/2016,1.43,1.44,1.41,1.42,7527970
02/08/2016,1.43,1.43,1.39,1.4,7068720
03/08/2016,1.4,1.41,1.39,1.4,7495709
04/08/2016,1.41,1.44,1.41,1.43,6817803
05/08/2016,1.45,1.46,1.44,1.46,9289735
08/08/2016,1.48,1.48,1.45,1.47,7626603
09/08/2016,1.48,1.49,1.47,1.47,9308559
10/08/2016,1.49,1.49,1.46,1.46,9393453
11/08/2016,1.47,1.5,1.47,1.49,17026556
12/08/2016,1.55,1.58,1.52,1.58,35643642
15/08/2016,1.58,1.59,1.55,1.57,14332617
16/08/2016,1.57,1.57,1.56,1.57,7191345
17/08/2016,1.57,1.57,1.52,1.53,14880304
18/08/2016,1.53,1.56,1.52,1.55,8292095
19/08/2016,1.55,1.57,1.55,1.56,7288978
22/08/2016,1.56,1.57,1.54,1.56,6118683
23/08/2016,1.58,1.58,1.57,1.57,8494058
24/08/2016,1.58,1.58,1.54,1.55,7461244
25/08/2016,1.55,1.55,1.52,1.54,10150783
26/08/2016,1.54,1.56,1.53,1.55,7500624
29/08/2016,1.56,1.56,1.55,1.55,6866279
30/08/2016,1.55,1.56,1.54,1.54,7138622
31/08/2016,1.54,1.55,1.53,1.53,9713642
01/09/2016,1.53,1.58,1.53,1.58,10712305
02/09/2016,1.58,1.58,1.55,1.56,8078742
06/09/2016,1.57,1.58,1.56,1.58,7670320
07/09/2016,1.57,1.58,1.55,1.55,9949700
08/09/2016,1.55,1.57,1.54,1.57,7895219
09/09/2016,1.55,1.56,1.48,1.49,17443966
12/09/2016,1.47,1.52,1.43,1.52,14956524
13/09/2016,1.52,1.53,1.49,1.5,11794183
14/09/2016,1.5,1.52,1.49,1.51,7984326
15/09/2016,1.51,1.57,1.51,1.57,12884799
16/09/2016,1.57,1.58,1.55,1.57,22561149
19/09/2016,1.59,1.63,1.58,1.59,10428207
20/09/2016,1.61,1.61,1.57,1.58,8277832
21/09/2016,1.58,1.62,1.58,1.62,8405337
22/09/2016,1.63,1.64,1.62,1.63,7718287
23/09/2016,1.63,1.63,1.62,1.62,6903344
26/09/2016,1.61,1.62,1.59,1.61,5751035
27/09/2016,1.6,1.67,1.6,1.66,10068769
28/09/2016,1.67,1.67,1.65,1.67,7994701
29/09/2016,1.67,1.69,1.65,1.69,8417136
30/09/2016,1.69,1.73,1.68,1.71,10748304
03/10/2016,1.71,1.74,1.71,1.71,6064853
04/10/2016,1.71,1.74,1.69,1.71,7040645
05/10/2016,1.72,1.74,1.7,1.71,7636009
06/10/2016,1.69,1.7,1.66,1.68,9005317
07/10/2016,1.69,1.7,1.67,1.67,7156502
10/10/2016,1.68,1.69,1.66,1.68,7196868
11/10/2016,1.67,1.67,1.64,1.65,9713476
12/10/2016,1.65,1.67,1.63,1.66,10498025
13/10/2016,1.64,1.65,1.59,1.63,9752910
14/10/2016,1.65,1.67,1.64,1.65,8265851
17/10/2016,1.65,1.67,1.64,1.64,4883160
18/10/2016,1.66,1.67,1.66,1.67,6734274
19/10/2016,1.65,1.67,1.65,1.66,4976462
20/10/2016,1.68,1.7,1.66,1.69,7802072
21/10/2016,1.69,1.69,1.67,1.69,6987654
24/10/2016,1.7,1.77,1.7,1.77,8495946
25/10/2016,1.76,1.81,1.76,1.8,9936532
26/10/2016,1.78,1.82,1.78,1.8,8344781
27/10/2016,1.82,1.82,1.76,1.77,9716622
28/10/2016,1.78,1.8,1.76,1.76,7271374
31/10/2016,1.77,1.79,1.77,1.78,6309718
01/11/2016,1.79,1.8,1.71,1.73,11830629
02/11/2016,1.74,1.76,1.72,1.72,7396231
03/11/2016,1.73,1.73,1.67,1.7,7741593
04/11/2016,1.69,1.72,1.66,1.69,8219490
07/11/2016,1.74,1.79,1.74,1.78,12189524
08/11/2016,1.79,1.79,1.76,1.78,10747107
09/11/2016,1.73,1.77,1.72,1.75,11413254
10/11/2016,1.79,1.79,1.67,1.69,21732039
11/11/2016,1.99,2.22,1.96,2.2,54383633
14/11/2016,2.2,2.2,2.09,2.09,33719913
15/11/2016,2.11,2.19,2.1,2.15,15652258
16/11/2016,2.18,2.31,2.16,2.29,24699644
17/11/2016,2.31,2.37,2.27,2.31,20824744
18/11/2016,2.31,2.36,2.3,2.33,14401499
21/11/2016,2.35,2.36,2.31,2.32,10910868
22/11/2016,2.33,2.34,2.31,2.34,8259232
23/11/2016,2.34,2.38,2.32,2.35,11080857
25/11/2016,2.36,2.38,2.34,2.35,4889078
28/11/2016,2.35,2.37,2.34,2.35,6968370
29/11/2016,2.35,2.36,2.31,2.33,11114187
30/11/2016,2.34,2.35,2.3,2.31,11012545
01/12/2016,2.3,2.3,2.12,2.19,25888074
02/12/2016,2.16,2.22,2.13,2.21,11957300
05/12/2016,2.25,2.32,2.23,2.3,15057125
06/12/2016,2.31,2.34,2.29,2.33,12469875
07/12/2016,2.32,2.38,2.3,2.38,12020093
08/12/2016,2.38,2.42,2.33,2.34,9538602
09/12/2016,2.36,2.36,2.27,2.3,9557799
12/12/2016,2.25,2.25,2.19,2.24,15033300
13/12/2016,2.25,2.31,2.25,2.28,9694874
14/12/2016,2.31,2.43,2.29,2.41,24599538
15/12/2016,2.42,2.5,2.42,2.47,18663653
16/12/2016,2.5,2.52,2.44,2.51,27238183
19/12/2016,2.49,2.56,2.48,2.54,18616431
20/12/2016,2.61,2.65,2.6,2.63,21201433
21/12/2016,2.64,2.65,2.59,2.65,14403361
22/12/2016,2.67,2.72,2.66,2.68,17965259
23/12/2016,2.66,2.75,2.66,2.74,16192331
27/12/2016,2.8,2.93,2.78,2.93,29856842
28/12/2016,2.99,3,2.72,2.73,57394116
29/12/2016,2.62,2.79,2.57,2.79,54384182
30/12/2016,2.78,2.8,2.66,2.67,30323259
03/01/2017,2.61,2.66,2.48,2.55,37549876
04/01/2017,2.59,2.64,2.54,2.61,29980506
05/01/2017,2.61,2.65,2.53,2.54,24607382
06/01/2017,2.57,2.61,2.53,2.58,20571416
09/01/2017,2.59,2.7,2.59,2.68,22906225
10/01/2017,2.7,2.73,2.64,2.66,22022969
11/01/2017,2.65,2.66,2.6,2.63,13141588
12/01/2017,2.61,2.62,2.54,2.59,15640414
13/01/2017,2.59,2.63,2.58,2.59,11445543
17/01/2017,2.58,2.58,2.51,2.53,14515259
18/01/2017,2.51,2.58,2.48,2.57,16360615
19/01/2017,2.58,2.66,2.57,2.63,16121778
20/01/2017,2.65,2.67,2.58,2.6,12300557
23/01/2017,2.6,2.65,2.59,2.63,9247639
24/01/2017,2.64,2.69,2.62,2.68,10701271
25/01/2017,2.73,2.73,2.66,2.69,13084499
26/01/2017,2.7,2.75,2.67,2.74,11469970
27/01/2017,2.75,2.8,2.72,2.79,11799929
30/01/2017,2.77,2.78,2.7,2.75,12400084
31/01/2017,2.72,2.75,2.71,2.73,9068865
01/02/2017,2.76,2.85,2.75,2.85,14750082
02/02/2017,2.83,2.89,2.8,2.88,12081040
03/02/2017,2.89,2.9,2.85,2.86,9318633
06/02/2017,2.85,2.93,2.85,2.93,12669205
07/02/2017,2.97,3.02,2.95,2.98,18655567
08/02/2017,2.96,2.98,2.91,2.97,11239487
09/02/2017,2.97,2.98,2.89,2.91,21064178
10/02/2017,3,3.02,2.82,2.84,41277341
13/02/2017,2.83,2.85,2.71,2.71,29518071
14/02/2017,2.7,2.75,2.66,2.72,21265787
15/02/2017,2.72,2.75,2.69,2.73,9325512
16/02/2017,2.73,2.74,2.64,2.68,16179386
17/02/2017,2.67,2.69,2.62,2.68,14093465
21/02/2017,2.71,2.78,2.71,2.78,13798783
22/02/2017,2.79,2.8,2.75,2.77,10844256
23/02/2017,2.64,2.66,2.49,2.51,39822213
24/02/2017,2.43,2.55,2.39,2.54,25747597
27/02/2017,2.56,2.63,2.54,2.61,17885019
28/02/2017,2.62,2.63,2.52,2.54,15633968
01/03/2017,2.59,2.61,2.53,2.57,12620139
02/03/2017,2.56,2.57,2.47,2.48,18858278
03/03/2017,2.46,2.47,2.41,2.46,21636424
06/03/2017,2.42,2.45,2.38,2.44,22089169
07/03/2017,2.44,2.49,2.43,2.47,15085007
08/03/2017,2.52,2.53,2.46,2.46,15967822
09/03/2017,2.45,2.49,2.44,2.46,11951471
10/03/2017,2.49,2.5,2.46,2.48,12493513
13/03/2017,2.52,2.56,2.49,2.55,19353402
14/03/2017,2.56,2.57,2.51,2.54,13050415
15/03/2017,2.56,2.57,2.51,2.56,15375852
16/03/2017,2.57,2.6,2.56,2.6,13077495
17/03/2017,2.61,2.65,2.6,2.65,27992169
20/03/2017,2.67,2.74,2.65,2.74,18714152
21/03/2017,2.72,2.75,2.64,2.65,22837103
22/03/2017,2.64,2.71,2.63,2.7,15419106
23/03/2017,2.69,2.71,2.67,2.68,13348542
24/03/2017,2.72,2.73,2.66,2.69,10987546
27/03/2017,2.64,2.71,2.59,2.71,12666100
28/03/2017,2.71,2.72,2.68,2.69,10811109
29/03/2017,2.7,2.71,2.68,2.68,8749791
30/03/2017,2.69,2.75,2.69,2.74,13138349
31/03/2017,2.73,2.75,2.71,2.72,11020165
03/04/2017,2.72,2.74,2.69,2.71,11130813
04/04/2017,2.59,2.61,2.51,2.52,31782004
05/04/2017,2.5,2.56,2.49,2.5,18676232
06/04/2017,2.51,2.53,2.46,2.52,15878004
07/04/2017,2.53,2.54,2.49,2.51,10726650
10/04/2017,2.51,2.52,2.44,2.44,18908264
11/04/2017,2.41,2.47,2.41,2.45,15453747
12/04/2017,2.45,2.47,2.43,2.43,10352296
13/04/2017,2.41,2.43,2.39,2.39,12672345
17/04/2017,2.4,2.48,2.4,2.48,12432305
18/04/2017,2.47,2.49,2.44,2.48,9252944
19/04/2017,2.5,2.52,2.49,2.49,9520659
20/04/2017,2.51,2.54,2.49,2.53,10100358
21/04/2017,2.52,2.54,2.51,2.54,8547390
24/04/2017,2.57,2.59,2.55,2.57,9295490
25/04/2017,2.59,2.63,2.57,2.62,9710972
26/04/2017,2.63,2.63,2.6,2.6,8175145
27/04/2017,2.61,2.65,2.59,2.64,7992465
28/04/2017,2.63,2.64,2.6,2.61,8706157
01/05/2017,2.62,2.67,2.61,2.67,7693333
02/05/2017,2.64,2.64,2.56,2.59,15749327
03/05/2017,2.58,2.62,2.57,2.61,8422633
04/05/2017,2.61,2.62,2.59,2.6,5244692
05/05/2017,2.58,2.6,2.57,2.6,5710736
08/05/2017,2.61,2.61,2.56,2.57,9130990
09/05/2017,2.58,2.62,2.57,2.57,21191792
10/05/2017,2.86,3.05,2.85,3.03,53227434
11/05/2017,3,3.26,3,3.16,48494808
12/05/2017,3.17,3.24,3.14,3.2,24065459
15/05/2017,3.24,3.36,3.23,3.36,27188548
16/05/2017,3.41,3.44,3.33,3.42,28017471
17/05/2017,3.35,3.37,3.19,3.19,31784158
18/05/2017,3.24,3.34,3.18,3.33,28900757
19/05/2017,3.43,3.46,3.38,3.4,25459271
22/05/2017,3.44,3.49,3.43,3.47,20915225
23/05/2017,3.49,3.49,3.39,3.43,17031247
24/05/2017,3.52,3.53,3.45,3.46,20434495
25/05/2017,3.5,3.5,3.41,3.46,15205701
26/05/2017,3.45,3.63,3.43,3.55,19478497
30/05/2017,3.59,3.66,3.58,3.62,24741298
31/05/2017,3.67,3.68,3.55,3.61,22182894
01/06/2017,3.62,3.63,3.56,3.61,12583467
02/06/2017,3.61,3.63,3.59,3.59,12186434
05/06/2017,3.57,3.71,3.56,3.7,20434442
06/06/2017,3.7,3.74,3.67,3.68,18968189
07/06/2017,3.71,3.75,3.69,3.73,15315293
08/06/2017,3.84,4,3.79,4,29043605
09/06/2017,4.12,4.21,3.57,3.74,92323196
12/06/2017,3.65,3.79,3.55,3.75,42438280
13/06/2017,3.86,3.87,3.64,3.79,41812580
14/06/2017,3.79,3.85,3.71,3.79,29616036
15/06/2017,3.67,3.84,3.66,3.81,24095612
16/06/2017,3.82,3.87,3.76,3.79,23123950
19/06/2017,3.84,3.94,3.83,3.93,19454439
20/06/2017,3.98,4.04,3.92,3.93,27386086
21/06/2017,3.96,3.99,3.89,3.99,17066279
22/06/2017,4,4.01,3.94,3.96,11728324
23/06/2017,3.97,3.98,3.83,3.85,27214702
26/06/2017,3.88,3.92,3.71,3.8,26598996
27/06/2017,3.79,3.79,3.66,3.66,24987313
28/06/2017,3.73,3.8,3.64,3.79,24873679
29/06/2017,3.77,3.77,3.6,3.67,26610631
30/06/2017,3.68,3.7,3.59,3.61,18276526
03/07/2017,3.63,3.64,3.46,3.48,17726821
05/07/2017,3.55,3.61,3.53,3.58,20504738
06/07/2017,3.55,3.63,3.49,3.59,18657132
07/07/2017,3.64,3.69,3.62,3.67,16374302
10/07/2017,3.74,3.85,3.72,3.84,23962269
11/07/2017,3.85,3.9,3.8,3.9,18948883
12/07/2017,3.96,4.08,3.91,4.06,28630213
13/07/2017,4.08,4.16,3.97,4.02,34228333
14/07/2017,4.03,4.13,4.03,4.12,23548708
17/07/2017,4.16,4.19,4.04,4.11,23269759
18/07/2017,4.04,4.16,4.03,4.15,19415987
19/07/2017,4.16,4.18,4.12,4.13,17176140
20/07/2017,4.15,4.19,4.1,4.19,17489889
21/07/2017,4.17,4.23,4.15,4.2,16208257
24/07/2017,4.21,4.22,4.14,4.15,16313052
25/07/2017,4.13,4.15,4.09,4.13,12413896
26/07/2017,4.19,4.25,4.15,4.18,16010113
27/07/2017,4.21,4.22,3.94,4.04,19571379
28/07/2017,4.01,4.13,3.98,4.11,12833737
31/07/2017,4.12,4.16,4.02,4.06,13991802
01/08/2017,4.05,4.11,4.03,4.11,10784578
02/08/2017,4.14,4.15,4.03,4.11,11961082
03/08/2017,4.11,4.17,4.09,4.16,11060541
04/08/2017,4.18,4.25,4.16,4.18,14727353
07/08/2017,4.21,4.31,4.2,4.31,17935280
08/08/2017,4.35,4.36,4.22,4.26,18883354
09/08/2017,4.21,4.31,4.19,4.3,13269623
10/08/2017,4.3,4.32,4.11,4.12,33202199
11/08/2017,3.93,3.98,3.82,3.9,37429859
14/08/2017,3.99,4.21,3.98,4.21,31975541
15/08/2017,4.22,4.24,4.14,4.17,19113263
16/08/2017,4.19,4.21,4.1,4.13,14915786
17/08/2017,4.12,4.14,4.03,4.04,13136065
18/08/2017,4.09,4.11,3.99,4.04,15030107
21/08/2017,4.06,4.07,3.93,3.98,15591767
22/08/2017,4.01,4.07,3.99,4.06,11261403
23/08/2017,4.03,4.16,4.02,4.14,14487996
24/08/2017,4.18,4.18,4.1,4.13,11742501
25/08/2017,4.15,4.16,4.09,4.1,8930022
28/08/2017,4.11,4.13,4.06,4.12,9737393
29/08/2017,4.06,4.14,4.06,4.12,8102357
30/08/2017,4.14,4.15,4.11,4.14,9610039
31/08/2017,4.16,4.24,4.16,4.24,15317105
01/09/2017,4.25,4.3,4.24,4.26,11135787
05/09/2017,4.21,4.21,4.09,4.15,17417392
06/09/2017,4.18,4.2,4.11,4.15,9941783
07/09/2017,4.16,4.2,4.12,4.16,8821702
08/09/2017,4.15,4.17,4.07,4.09,12471422
11/09/2017,4.14,4.24,4.13,4.22,14186078
12/09/2017,4.25,4.25,4.17,4.24,10287203
13/09/2017,4.21,4.29,4.18,4.26,14523973
14/09/2017,4.22,4.31,4.2,4.24,12842837
15/09/2017,4.32,4.5,4.32,4.5,34119764
18/09/2017,4.63,4.78,4.62,4.69,42111516
19/09/2017,4.64,4.75,4.62,4.68,21856994
20/09/2017,4.69,4.74,4.61,4.65,18122991
21/09/2017,4.54,4.57,4.44,4.52,26889994
22/09/2017,4.51,4.56,4.47,4.47,12280771
25/09/2017,4.44,4.45,4.25,4.28,21864476
26/09/2017,4.41,4.47,4.26,4.3,28140511
27/09/2017,4.39,4.41,4.32,4.39,17842967
28/09/2017,4.4,4.4,4.34,4.39,10881065
29/09/2017,4.48,4.49,4.43,4.47,15477293
02/10/2017,4.52,4.55,4.43,4.47,12586960
03/10/2017,4.48,4.51,4.44,4.48,9758268
04/10/2017,4.49,4.54,4.45,4.52,10696220
05/10/2017,4.55,4.55,4.49,4.52,10934105
06/10/2017,4.49,4.55,4.47,4.53,7969957
09/10/2017,4.57,4.67,4.55,4.63,14087272
10/10/2017,4.79,4.82,4.68,4.72,24371902
11/10/2017,4.74,4.78,4.69,4.77,13237734
12/10/2017,4.78,4.83,4.75,4.78,13207315
13/10/2017,4.84,4.88,4.79,4.86,15718233
16/10/2017,4.89,4.95,4.83,4.95,14415958
17/10/2017,4.93,4.97,4.91,4.94,11964867
18/10/2017,4.95,4.95,4.83,4.94,14182907
19/10/2017,4.86,4.95,4.81,4.95,14269253
20/10/2017,4.96,4.99,4.91,4.92,11290462
23/10/2017,4.94,4.97,4.89,4.92,10717376
24/10/2017,4.92,4.97,4.9,4.97,10181132
25/10/2017,4.93,4.98,4.78,4.84,20704030
26/10/2017,4.87,4.9,4.85,4.89,8068563
27/10/2017,4.95,5.05,4.92,5.05,14304835
30/10/2017,5.05,5.15,5.03,5.1,12601417
31/10/2017,5.13,5.2,5.12,5.17,10297707
01/11/2017,5.23,5.25,5.12,5.18,12564446
02/11/2017,5.15,5.2,5.09,5.15,8557738
03/11/2017,5.18,5.22,5.13,5.22,8841024
06/11/2017,5.18,5.25,5.17,5.24,9748616
07/11/2017,5.26,5.32,5.25,5.3,10692542
08/11/2017,5.3,5.3,5.18,5.23,13074705
09/11/2017,5.13,5.16,5.01,5.13,24464067
10/11/2017,5.33,5.47,5.29,5.4,31331374
13/11/2017,5.4,5.43,5.3,5.32,14559413
14/11/2017,5.33,5.37,5.28,5.35,13232319
15/11/2017,5.3,5.3,5.2,5.25,12548731
16/11/2017,5.32,5.36,5.28,5.29,11044183
17/11/2017,5.35,5.38,5.27,5.28,12891568
20/11/2017,5.3,5.36,5.26,5.35,9902511
21/11/2017,5.39,5.41,5.36,5.4,9979358
22/11/2017,5.43,5.43,5.34,5.37,8915998
24/11/2017,5.39,5.43,5.37,5.42,4518800
27/11/2017,5.43,5.43,5.35,5.35,10572364
28/11/2017,5.36,5.37,5.21,5.27,12818804
29/11/2017,5.25,5.25,4.78,4.91,34919741
30/11/2017,4.98,5.07,4.92,5.02,20594199
01/12/2017,4.98,5,4.81,4.94,20288748
04/12/2017,5,5.01,4.61,4.67,31021123
05/12/2017,4.56,4.82,4.51,4.69,24537194
06/12/2017,4.64,4.75,4.62,4.73,11675760
07/12/2017,4.8,4.84,4.75,4.8,13564988
08/12/2017,4.85,4.87,4.78,4.79,11671856
11/12/2017,4.8,4.87,4.79,4.87,9318741
12/12/2017,4.82,4.85,4.75,4.77,11375445
13/12/2017,4.81,4.81,4.65,4.65,13856992
14/12/2017,4.65,4.73,4.62,4.66,10954056
15/12/2017,4.71,4.81,4.64,4.79,16750878
18/12/2017,4.83,4.95,4.8,4.95,11942558
19/12/2017,4.94,4.94,4.87,4.9,9327493
20/12/2017,4.94,4.95,4.86,4.92,7220456
21/12/2017,4.92,4.95,4.89,4.9,7522626
22/12/2017,4.86,4.89,4.78,4.88,11656871
26/12/2017,4.83,4.94,4.8,4.94,8877033
27/12/2017,4.92,5,4.91,4.93,8237223
28/12/2017,4.95,4.98,4.93,4.93,6006248
29/12/2017,4.96,4.96,4.84,4.84,6999116
02/01/2018,4.89,4.99,4.86,4.98,8890417
03/01/2018,5.1,5.34,5.09,5.31,22867591
04/01/2018,5.39,5.45,5.32,5.34,14581720
05/01/2018,5.35,5.42,5.28,5.39,14503103
08/01/2018,5.51,5.63,5.46,5.55,22030422
09/01/2018,5.56,5.6,5.47,5.55,12424995
10/01/2018,5.46,5.6,5.4,5.59,14566626
11/01/2018,5.63,5.66,5.58,5.6,10150767
12/01/2018,5.59,5.62,5.53,5.57,8997902
16/01/2018,5.6,5.69,5.42,5.5,17558687
17/01/2018,5.52,5.63,5.42,5.62,13460222
18/01/2018,5.6,5.67,5.57,5.61,10215841
19/01/2018,5.7,5.78,5.68,5.75,15234486
22/01/2018,5.76,5.84,5.7,5.84,13773561
23/01/2018,5.9,6,5.88,5.97,11880705
24/01/2018,5.98,6.01,5.84,5.9,14499309
25/01/2018,5.95,5.99,5.89,5.91,10247091
26/01/2018,5.95,6.08,5.94,6.08,12908854
29/01/2018,6.07,6.2,6.02,6.17,11377853
30/01/2018,6.03,6.16,5.96,6.07,14270844
31/01/2018,6.14,6.23,6.11,6.15,11964444
01/02/2018,5.96,6.17,5.95,6.01,12980572
02/02/2018,5.93,5.95,5.78,5.84,17961555
05/02/2018,5.68,5.83,5.13,5.34,29130140
06/02/2018,5.11,5.64,5.1,5.64,27870031
07/02/2018,5.74,5.87,5.67,5.72,20073316
08/02/2018,5.85,5.88,5.44,5.44,28599976
09/02/2018,5.96,5.97,5.44,5.8,41865077
12/02/2018,5.88,5.89,5.63,5.7,27329342
13/02/2018,5.66,5.86,5.63,5.82,15638119
14/02/2018,5.78,6.06,5.76,6.04,18624749
15/02/2018,6.12,6.21,6.04,6.16,17472515
16/02/2018,6.14,6.25,6.09,6.1,15941426
20/02/2018,6.12,6.3,6.12,6.23,17155962
21/02/2018,6.29,6.3,6.03,6.04,22307344
22/02/2018,6.07,6.14,5.99,6.05,13359133
23/02/2018,6.11,6.15,6.06,6.15,10382510
26/02/2018,6.2,6.2,6.1,6.16,11732844
27/02/2018,6.14,6.22,6.13,6.15,11385899
28/02/2018,6.16,6.2,6.04,6.05,13077878
01/03/2018,6.05,6.1,5.7,5.81,26002972
02/03/2018,5.7,5.92,5.55,5.91,22835685
05/03/2018,5.86,5.93,5.74,5.89,15519413
06/03/2018,5.98,6.07,5.93,6.05,15920243
07/03/2018,5.95,6.1,5.95,6.05,14530226
08/03/2018,6.07,6.07,5.98,6.03,10297761
09/03/2018,6.08,6.15,6.06,6.13,12638148
12/03/2018,6.18,6.33,6.17,6.24,15126541
13/03/2018,6.29,6.36,6.15,6.19,15494309
14/03/2018,6.24,6.26,6.16,6.22,12637361
15/03/2018,6.23,6.32,6.19,6.23,10048837
16/03/2018,6.25,6.28,6.21,6.26,9986432
19/03/2018,6.2,6.23,5.93,6.03,17844338
20/03/2018,6.03,6.28,6.03,6.24,13867409
21/03/2018,6.23,6.3,6.18,6.21,10967216
22/03/2018,6.15,6.2,6.01,6.05,13779919
23/03/2018,6.06,6.07,5.81,5.82,18390461
26/03/2018,5.95,6.11,5.9,6.11,15285640
27/03/2018,6.19,6.25,5.5,5.64,35225012
28/03/2018,5.6,5.73,5.43,5.53,23647648
29/03/2018,5.6,5.89,5.52,5.79,22915692
02/04/2018,5.72,5.87,5.44,5.53,23052315
03/04/2018,5.7,5.76,5.53,5.63,16685759
04/04/2018,5.38,5.67,5.35,5.66,19729161
05/04/2018,5.72,5.73,5.46,5.53,17530973
06/04/2018,5.43,5.54,5.33,5.36,16574720
09/04/2018,5.42,5.55,5.37,5.39,12488120
10/04/2018,5.62,5.73,5.56,5.7,19118807
11/04/2018,5.68,5.72,5.62,5.66,11506057
12/04/2018,5.75,5.88,5.71,5.87,14847950
13/04/2018,5.93,5.94,5.74,5.79,12575892
16/04/2018,5.79,5.82,5.69,5.79,8769776
17/04/2018,5.84,5.96,5.78,5.94,11180638
18/04/2018,5.89,5.98,5.82,5.91,9784058
19/04/2018,5.79,5.83,5.67,5.73,11799933
20/04/2018,5.72,5.8,5.69,5.72,9654966
23/04/2018,5.74,5.79,5.57,5.6,10687723
24/04/2018,5.62,5.72,5.46,5.53,10364894
25/04/2018,5.5,5.54,5.26,5.42,14712343
26/04/2018,5.58,5.64,5.51,5.63,9395574
27/04/2018,5.74,5.76,5.62,5.66,10021245
30/04/2018,5.67,5.73,5.6,5.62,8196067
01/05/2018,5.61,5.68,5.56,5.68,6344727
02/05/2018,5.68,5.72,5.63,5.66,6706185
03/05/2018,5.69,5.85,5.64,5.82,11078640
04/05/2018,5.8,5.98,5.78,5.98,10016538
07/05/2018,6.08,6.27,6.07,6.22,17190378
08/05/2018,6.22,6.26,6.17,6.26,12665374
09/05/2018,6.28,6.4,6.25,6.39,14918980
10/05/2018,6.45,6.51,6.43,6.5,24852029
11/05/2018,6.32,6.49,6.26,6.36,30361406
14/05/2018,6.4,6.46,6.36,6.38,13078477
15/05/2018,6.32,6.32,6.04,6.14,24088210
16/05/2018,6.1,6.21,6.06,6.15,13845706
17/05/2018,6.15,6.29,6.14,6.19,12994605
18/05/2018,6.25,6.31,6.14,6.15,12092942
21/05/2018,6.25,6.25,6.01,6.11,16015620
22/05/2018,6.12,6.14,6.01,6.07,12956637
23/05/2018,6.01,6.19,6.01,6.19,11073926
24/05/2018,6.18,6.24,6.13,6.19,10934295
25/05/2018,6.21,6.25,6.17,6.23,7302782
29/05/2018,6.21,6.28,6.17,6.21,8817083
30/05/2018,6.25,6.33,6.22,6.32,9774864
31/05/2018,6.29,6.38,6.28,6.3,12346709
01/06/2018,6.35,6.45,6.34,6.44,10549248
04/06/2018,6.48,6.64,6.44,6.62,16050641
05/06/2018,6.62,6.66,6.58,6.63,9792801
06/06/2018,6.54,6.63,6.52,6.63,9283856
07/06/2018,6.63,6.64,6.48,6.57,9236216
08/06/2018,6.5,6.6,6.48,6.56,9011443
11/06/2018,6.54,6.59,6.5,6.52,6634253
12/06/2018,6.54,6.58,6.49,6.56,7978985
13/06/2018,6.57,6.64,6.55,6.56,8455159
14/06/2018,6.61,6.73,6.59,6.67,10750411
15/06/2018,6.62,6.69,6.58,6.63,10806488
18/06/2018,6.59,6.65,6.56,6.63,8906674
19/06/2018,6.52,6.59,6.38,6.5,14873324
20/06/2018,6.55,6.61,6.51,6.56,9244494
21/06/2018,6.59,6.61,6.42,6.43,8987906
22/06/2018,6.45,6.46,6.26,6.27,10853954
25/06/2018,6.17,6.17,5.89,5.98,16645431
26/06/2018,6.09,6.14,6,6.05,11972137
27/06/2018,6.09,6.16,5.89,5.89,11347303
28/06/2018,5.88,6.03,5.88,6.02,8450297
29/06/2018,6.09,6.1,5.92,5.92,9807477
02/07/2018,5.85,6.06,5.83,6.06,8939348
03/07/2018,6.09,6.1,5.91,5.92,5568325
05/07/2018,5.98,6.07,5.94,6.07,7655448
06/07/2018,6.04,6.19,6.02,6.18,7408822
09/07/2018,6.26,6.27,6.15,6.23,7597022
10/07/2018,6.24,6.35,6.2,6.33,9000390
11/07/2018,6.24,6.27,6.18,6.19,9187660
12/07/2018,6.23,6.33,6.22,6.28,8637673
13/07/2018,6.3,6.3,6.19,6.23,6179078
16/07/2018,6.21,6.26,6.19,6.21,4925926
17/07/2018,6.16,6.36,6.13,6.34,9053395
18/07/2018,6.33,6.35,6.24,6.29,6941041
19/07/2018,6.27,6.33,6.26,6.3,5893783
20/07/2018,6.3,6.34,6.26,6.27,5562161
23/07/2018,6.25,6.25,6.08,6.24,7539621
24/07/2018,6.28,6.37,6.2,6.22,8865545
25/07/2018,6.23,6.31,6.17,6.3,8004551
26/07/2018,6.28,6.41,6.26,6.37,8128128
27/07/2018,6.41,6.42,6.25,6.3,7385535
30/07/2018,6.31,6.32,6.07,6.1,8508539
31/07/2018,6.09,6.2,6.05,6.12,7099696
01/08/2018,6.15,6.21,6.1,6.16,7088889
02/08/2018,6.09,6.27,6.03,6.27,6741689
03/08/2018,6.29,6.33,6.27,6.3,5357202
06/08/2018,6.29,6.35,6.24,6.35,5187665
07/08/2018,6.4,6.44,6.37,6.42,6453260
08/08/2018,6.43,6.51,6.39,6.46,6552462
09/08/2018,6.48,6.48,6.4,6.41,5106962
10/08/2018,6.33,6.4,6.32,6.37,6415668
13/08/2018,6.38,6.53,6.38,6.4,9380158
14/08/2018,6.51,6.55,6.43,6.54,11655486
15/08/2018,6.56,6.59,6.4,6.48,14778394
16/08/2018,6.55,6.55,6.38,6.44,20031476
17/08/2018,6.32,6.32,6.09,6.12,28579694
20/08/2018,6.08,6.33,5.97,6.2,21359655
21/08/2018,6.21,6.34,6.19,6.33,16849710
22/08/2018,6.3,6.58,6.3,6.57,18746422
23/08/2018,6.53,6.74,6.52,6.67,18017114
24/08/2018,6.68,6.82,6.68,6.81,13287762
27/08/2018,6.84,6.97,6.8,6.9,12644437
28/08/2018,6.89,6.91,6.74,6.86,11884595
29/08/2018,6.85,6.99,6.83,6.96,10502741
30/08/2018,6.93,7.04,6.91,6.95,8665230
31/08/2018,6.93,7.03,6.92,7.02,7664750
04/09/2018,7,7.13,6.98,7.09,9793027
05/09/2018,7.07,7.11,6.88,6.96,9828919
06/09/2018,6.94,6.95,6.78,6.82,8069889
07/09/2018,6.73,6.92,6.68,6.8,7385468
10/09/2018,6.82,6.9,6.78,6.87,5503457
11/09/2018,6.82,6.91,6.8,6.82,6077818
12/09/2018,6.78,6.8,6.55,6.71,10477259
13/09/2018,6.77,6.88,6.75,6.78,7638387
14/09/2018,6.87,6.98,6.84,6.91,9673380
17/09/2018,6.89,6.93,6.83,6.85,5138189
18/09/2018,6.85,6.96,6.77,6.78,7488023
19/09/2018,6.76,6.82,6.71,6.8,5621465
20/09/2018,6.68,6.72,6.6,6.66,10764569
21/09/2018,6.67,6.72,6.55,6.59,10878157
24/09/2018,6.56,6.65,6.47,6.64,7347826
25/09/2018,6.71,6.74,6.62,6.71,7009746
26/09/2018,6.72,6.76,6.66,6.67,6713688
27/09/2018,6.71,6.73,6.65,6.69,5360717
28/09/2018,6.82,7.05,6.79,7.03,17734914
01/10/2018,7.1,7.3,7.07,7.23,15551453
02/10/2018,7.21,7.32,7.14,7.16,9599118
03/10/2018,7.23,7.24,7.06,7.17,8013769
04/10/2018,7.13,7.16,6.9,6.98,9780489
05/10/2018,6.96,7.02,6.69,6.75,10665861
08/10/2018,6.66,6.78,6.5,6.64,10215265
09/10/2018,6.62,6.72,6.57,6.64,6837493
10/10/2018,6.53,6.58,6.14,6.14,17123454
11/10/2018,6.05,6.19,5.86,5.88,18135929
12/10/2018,6.14,6.24,5.99,6.16,15205917
15/10/2018,6.15,6.15,5.88,5.88,11244032
16/10/2018,6,6.16,5.95,6.15,10217795
17/10/2018,6.21,6.25,6.03,6.08,8241701
18/10/2018,6.15,6.19,5.93,5.99,13100548
19/10/2018,6.04,6.06,5.69,5.73,15340249
22/10/2018,5.78,5.88,5.68,5.78,9221091
23/10/2018,5.51,5.6,5.42,5.53,15660945
24/10/2018,5.49,5.53,4.97,4.99,22107199
25/10/2018,4.89,5.24,4.84,5.2,23793040
26/10/2018,4.96,5.12,4.83,4.96,16619628
29/10/2018,5.1,5.1,4.4,4.64,18950441
30/10/2018,4.66,5.09,4.64,5.08,20179768
31/10/2018,5.24,5.31,5.1,5.27,18644304
01/11/2018,5.31,5.46,5.18,5.45,14163208
02/11/2018,5.44,5.55,5.26,5.37,11324002
05/11/2018,5.36,5.38,5.13,5.29,9483260
06/11/2018,5.29,5.37,5.24,5.28,7475259
07/11/2018,5.34,5.44,5.28,5.34,12095301
08/11/2018,5.29,5.29,5.1,5.15,12783823
09/11/2018,5.06,5.23,5.03,5.14,10331049
12/11/2018,5.05,5.07,4.72,4.74,15427947
13/11/2018,4.84,5.11,4.83,4.98,16117775
14/11/2018,5.16,5.17,4.82,4.93,13164471
15/11/2018,4.92,5.13,4.89,5.06,21017716
16/11/2018,4.08,4.27,4.04,4.11,49087977
19/11/2018,4.04,4.05,3.62,3.62,42445505
20/11/2018,3.35,3.86,3.33,3.73,42300828
21/11/2018,3.87,3.88,3.59,3.62,25637350
23/11/2018,3.58,3.74,3.57,3.63,10299211
26/11/2018,3.75,3.84,3.66,3.83,20370806
27/11/2018,3.8,3.93,3.76,3.84,18451506
28/11/2018,3.96,4.01,3.83,4,20113137
29/11/2018,4,4.04,3.9,3.93,13729340
30/11/2018,3.94,4.1,3.89,4.09,18239114
03/12/2018,4.32,4.37,4.18,4.25,22270109
04/12/2018,4.21,4.21,3.91,3.93,20302787
06/12/2018,3.79,3.96,3.77,3.96,17307741
07/12/2018,3.96,3.97,3.64,3.69,17041949
10/12/2018,3.65,3.82,3.64,3.8,15736835
11/12/2018,3.89,3.9,3.63,3.7,16797832
12/12/2018,3.71,3.82,3.62,3.72,16353398
13/12/2018,3.77,3.83,3.69,3.72,11784624
14/12/2018,3.68,3.76,3.64,3.66,11795531
17/12/2018,3.63,3.7,3.53,3.59,16571683
18/12/2018,3.63,3.76,3.61,3.67,14109251
19/12/2018,3.64,3.69,3.41,3.46,18634147
20/12/2018,3.45,3.55,3.32,3.38,18739697
21/12/2018,3.4,3.44,3.21,3.24,21593525
24/12/2018,3.16,3.25,3.11,3.18,11595978
26/12/2018,3.22,3.33,3.11,3.33,17377484
27/12/2018,3.27,3.31,3.13,3.28,15926080
28/12/2018,3.3,3.43,3.26,3.34,15712319
31/12/2018,3.39,3.42,3.31,3.34,11628503
02/01/2019,3.27,3.46,3.25,3.41,12718840
03/01/2019,3.34,3.38,3.19,3.2,17638786
04/01/2019,3.27,3.44,3.24,3.4,14640483
07/01/2019,3.46,3.62,3.41,3.59,17728980
08/01/2019,3.67,3.67,3.42,3.5,19650429
09/01/2019,3.55,3.61,3.5,3.56,15431475
10/01/2019,3.55,3.64,3.48,3.63,13078906
11/01/2019,3.61,3.74,3.58,3.72,21869066
14/01/2019,3.67,3.79,3.64,3.76,18254249
15/01/2019,3.79,3.83,3.73,3.75,15425251
16/01/2019,3.77,3.81,3.72,3.72,11752592
17/01/2019,3.69,3.83,3.66,3.79,12335905
18/01/2019,3.84,3.95,3.79,3.92,16283423
22/01/2019,3.89,3.9,3.69,3.72,16538776
23/01/2019,3.78,3.86,3.7,3.73,14775545
24/01/2019,3.82,3.96,3.81,3.95,17724261
25/01/2019,3.89,4.02,3.78,4,28880547
28/01/2019,3.41,3.54,3.28,3.45,62788169
29/01/2019,3.4,3.45,3.28,3.29,28848347
30/01/2019,3.37,3.45,3.29,3.43,24355739
31/01/2019,3.43,3.63,3.41,3.59,21071338
01/02/2019,3.61,3.67,3.56,3.62,15626175
04/02/2019,3.63,3.77,3.61,3.73,13215018
05/02/2019,3.74,3.79,3.71,3.75,13560625
06/02/2019,3.78,3.89,3.78,3.83,17561647
07/02/2019,3.78,3.78,3.64,3.69,15928000
08/02/2019,3.62,3.72,3.6,3.7,11540137
11/02/2019,3.66,3.71,3.61,3.66,12379515
12/02/2019,3.7,3.8,3.69,3.78,14776513
13/02/2019,3.81,3.9,3.8,3.82,15134302
14/02/2019,3.82,3.89,3.78,3.86,20681574
15/02/2019,4.07,4.1,3.91,3.93,37918734
19/02/2019,3.92,4,3.9,3.92,13797316
20/02/2019,3.95,4.03,3.93,3.96,13524737
21/02/2019,3.98,4,3.88,3.89,11213668
22/02/2019,3.95,4,3.93,3.98,10043531
25/02/2019,4.06,4.13,3.96,3.97,16400481
26/02/2019,3.96,4.02,3.89,3.93,12211571
27/02/2019,3.91,3.94,3.83,3.89,12506381
28/02/2019,3.88,3.9,3.83,3.86,8123565
01/03/2019,3.91,3.95,3.85,3.91,8929678
04/03/2019,3.95,3.97,3.86,3.92,10249750
05/03/2019,3.9,3.95,3.85,3.91,9073119
06/03/2019,3.9,3.91,3.8,3.8,10088149
07/03/2019,3.78,3.79,3.69,3.73,11252633
08/03/2019,3.64,3.78,3.62,3.77,10560371
11/03/2019,3.79,4.05,3.74,4.03,21493150
12/03/2019,4.06,4.11,3.98,4.06,14489368
13/03/2019,4.1,4.25,4.09,4.22,19222518
14/03/2019,4.22,4.24,4.13,4.14,12984630
15/03/2019,4.18,4.29,4.18,4.25,16536482
18/03/2019,4.28,4.33,4.2,4.22,12174829
19/03/2019,4.32,4.44,4.3,4.39,21374310
20/03/2019,4.42,4.48,4.33,4.36,17978715
21/03/2019,4.38,4.63,4.38,4.6,20607767
22/03/2019,4.57,4.62,4.42,4.44,18691087
25/03/2019,4.4,4.46,4.28,4.34,13130301
26/03/2019,4.49,4.54,4.36,4.42,17587678
27/03/2019,4.45,4.49,4.34,4.41,11859294
28/03/2019,4.44,4.5,4.38,4.43,12006602
29/03/2019,4.5,4.51,4.45,4.49,11422379
01/04/2019,4.58,4.59,4.51,4.56,12095612
02/04/2019,4.58,4.62,4.54,4.58,11022996
03/04/2019,4.63,4.78,4.62,4.72,19719468
04/04/2019,4.7,4.75,4.64,4.71,11434419
05/04/2019,4.75,4.79,4.71,4.77,12043649
08/04/2019,4.74,4.82,4.72,4.79,10604848
09/04/2019,4.76,4.77,4.69,4.73,10999320
10/04/2019,4.73,4.83,4.73,4.8,11119307
11/04/2019,4.81,4.84,4.74,4.79,9365037
12/04/2019,4.83,4.83,4.74,4.75,11792664
15/04/2019,4.74,4.75,4.58,4.62,11002345
16/04/2019,4.66,4.72,4.62,4.71,9874091
17/04/2019,4.74,4.76,4.66,4.68,8775068
18/04/2019,4.69,4.72,4.63,4.66,9524704
22/04/2019,4.63,4.73,4.6,4.71,6998388
23/04/2019,4.72,4.8,4.72,4.77,8671381
24/04/2019,4.78,4.82,4.72,4.78,7955120
25/04/2019,4.74,4.76,4.59,4.67,12482437
26/04/2019,4.52,4.52,4.33,4.45,21724729
29/04/2019,4.46,4.51,4.39,4.48,9797983
30/04/2019,4.45,4.55,4.43,4.53,9073040
01/05/2019,4.58,4.62,4.51,4.51,8857031
02/05/2019,4.52,4.62,4.48,4.58,9867135
03/05/2019,4.59,4.6,4.51,4.58,8420587
06/05/2019,4.39,4.51,4.35,4.5,10554445
07/05/2019,4.45,4.45,4.28,4.33,13880458
08/05/2019,4.3,4.43,4.29,4.35,10479154
09/05/2019,4.28,4.29,4.14,4.25,16506164
10/05/2019,4.22,4.29,4.1,4.22,14237451
13/05/2019,4.09,4.11,3.95,3.96,16422819
14/05/2019,4,4.09,3.96,4.05,13121972
15/05/2019,4,4.03,3.94,3.99,12558001
16/05/2019,3.98,4.05,3.94,4,19527204
17/05/2019,3.96,4.09,3.87,3.91,25551698
20/05/2019,3.81,3.87,3.77,3.79,14301634
21/05/2019,3.86,3.89,3.82,3.88,9046247
22/05/2019,3.84,3.86,3.79,3.81,8146740
23/05/2019,3.74,3.74,3.62,3.68,14796109
24/05/2019,3.7,3.74,3.62,3.63,8939632
28/05/2019,3.65,3.68,3.58,3.58,10708852
29/05/2019,3.54,3.57,3.47,3.51,13995037
30/05/2019,3.51,3.54,3.44,3.48,9857490
31/05/2019,3.43,3.46,3.38,3.39,9742992
03/06/2019,3.4,3.44,3.32,3.34,11966080
04/06/2019,3.41,3.58,3.39,3.58,16045885
05/06/2019,3.65,3.65,3.5,3.53,12790385
06/06/2019,3.54,3.62,3.53,3.59,10203462
07/06/2019,3.6,3.67,3.58,3.64,8721438
10/06/2019,3.69,3.78,3.69,3.71,10069522
11/06/2019,3.77,3.81,3.73,3.77,9596751
12/06/2019,3.73,3.73,3.64,3.66,8972298
13/06/2019,3.68,3.73,3.66,3.71,7702027
14/06/2019,3.61,3.64,3.57,3.62,9860656
17/06/2019,3.61,3.66,3.59,3.63,6901037
18/06/2019,3.69,3.88,3.68,3.82,14547950
19/06/2019,3.86,3.87,3.8,3.83,8291099
20/06/2019,3.92,3.93,3.84,3.85,8754182
21/06/2019,3.84,3.89,3.79,3.79,10860672
24/06/2019,3.82,3.85,3.77,3.82,7073718
25/06/2019,3.82,3.9,3.78,3.79,7796661
26/06/2019,3.92,4.04,3.9,3.98,14601825
27/06/2019,4.07,4.1,4.03,4.08,11136038
28/06/2019,4.13,4.13,4.06,4.11,9941659
01/07/2019,4.31,4.35,4.12,4.15,17788327
02/07/2019,4.14,4.16,4.04,4.06,10005688
03/07/2019,4.08,4.09,4.01,4.07,6165856
05/07/2019,4.01,4.01,3.94,4.01,9913847
08/07/2019,3.95,3.96,3.9,3.93,8244669
09/07/2019,3.89,3.96,3.88,3.93,8571512
10/07/2019,3.98,4.06,3.96,4,11301899
11/07/2019,4.08,4.2,4.04,4.16,17063964
12/07/2019,4.18,4.26,4.18,4.19,12659816
15/07/2019,4.21,4.23,4.15,4.18,7245993
16/07/2019,4.17,4.2,4.12,4.18,8536098
17/07/2019,4.18,4.25,4.15,4.24,8705107
18/07/2019,4.25,4.32,4.2,4.25,11079474
19/07/2019,4.29,4.3,4.21,4.21,8622395
22/07/2019,4.23,4.3,4.22,4.28,7898498
23/07/2019,4.32,4.39,4.31,4.39,10704414
24/07/2019,4.43,4.47,4.36,4.47,9155937
25/07/2019,4.42,4.44,4.31,4.33,9817453
26/07/2019,4.36,4.42,4.36,4.38,6853997
29/07/2019,4.37,4.39,4.28,4.37,6204049
30/07/2019,4.32,4.4,4.31,4.39,4944261
31/07/2019,4.35,4.36,4.18,4.22,8985391
01/08/2019,4.23,4.32,4.07,4.12,10530314
02/08/2019,4.03,4.1,3.98,4.03,10708732
05/08/2019,3.85,3.85,3.72,3.77,14728936
06/08/2019,3.85,3.89,3.76,3.81,9031767
07/08/2019,3.75,3.86,3.73,3.85,9314045
08/08/2019,3.91,3.96,3.85,3.96,7732472
09/08/2019,3.92,3.92,3.8,3.85,8545418
12/08/2019,3.8,3.85,3.76,3.79,6980012
13/08/2019,3.78,3.95,3.75,3.9,9012811
14/08/2019,3.81,3.82,3.71,3.75,10497033
15/08/2019,3.77,3.79,3.68,3.72,13861551
16/08/2019,3.98,4.04,3.92,3.99,25384628
19/08/2019,4.1,4.29,4.09,4.27,20408061
20/08/2019,4.26,4.26,4.18,4.2,11588040
21/08/2019,4.26,4.34,4.24,4.28,10697773
22/08/2019,4.29,4.33,4.25,4.29,7593918
23/08/2019,4.21,4.26,4.04,4.06,14237433
26/08/2019,4.14,4.16,4.1,4.14,7964854
27/08/2019,4.17,4.18,4.02,4.05,7288739
28/08/2019,4.01,4.08,3.98,4.03,6395703
29/08/2019,4.12,4.21,4.12,4.18,8959326
30/08/2019,4.22,4.27,4.17,4.19,7272712
03/09/2019,4.11,4.15,4.08,4.1,7412770
04/09/2019,4.17,4.23,4.17,4.22,5703009
05/09/2019,4.32,4.5,4.32,4.49,17412125
06/09/2019,4.47,4.53,4.43,4.47,9424419
09/09/2019,4.5,4.6,4.5,4.51,10438133
10/09/2019,4.48,4.61,4.47,4.58,8820305
11/09/2019,4.59,4.66,4.57,4.61,9037782
12/09/2019,4.66,4.71,4.6,4.61,8196025
13/09/2019,4.54,4.58,4.5,4.55,8114787
16/09/2019,4.47,4.54,4.46,4.51,5795796
17/09/2019,4.51,4.53,4.47,4.53,5711828
18/09/2019,4.52,4.54,4.41,4.5,6600942
19/09/2019,4.51,4.52,4.41,4.42,6408569
20/09/2019,4.42,4.45,4.31,4.32,8931295
23/09/2019,4.32,4.42,4.31,4.37,6395647
24/09/2019,4.4,4.43,4.28,4.31,8031045
25/09/2019,4.31,4.48,4.27,4.46,7827672
26/09/2019,4.45,4.45,4.38,4.43,5945648
27/09/2019,4.39,4.44,4.23,4.29,9148974
30/09/2019,4.32,4.36,4.29,4.35,4829977
01/10/2019,4.38,4.53,4.35,4.35,9189150
02/10/2019,4.33,4.34,4.25,4.33,7391544
03/10/2019,4.33,4.54,4.3,4.53,11568265
04/10/2019,4.54,4.58,4.47,4.55,6699005
07/10/2019,4.61,4.71,4.61,4.61,12207839
08/10/2019,4.52,4.52,4.41,4.43,11233566
09/10/2019,4.51,4.57,4.48,4.52,7697082
10/10/2019,4.52,4.63,4.51,4.58,8187889
11/10/2019,4.66,4.73,4.64,4.65,11271668
14/10/2019,4.64,4.68,4.61,4.66,5258394
15/10/2019,4.75,4.98,4.74,4.91,16699633
16/10/2019,4.88,4.98,4.84,4.86,10818828
17/10/2019,4.9,4.95,4.8,4.86,6607924
18/10/2019,4.86,4.89,4.69,4.76,7690605
21/10/2019,4.82,4.91,4.81,4.9,6674181
22/10/2019,4.96,5.06,4.88,4.89,8434228
23/10/2019,4.81,4.89,4.78,4.88,7144250
24/10/2019,4.92,4.96,4.88,4.92,5975933
25/10/2019,5,5.13,4.99,5.11,10577288
28/10/2019,5.16,5.22,5.13,5.17,8269791
29/10/2019,5.16,5.16,5.05,5.07,5280920
30/10/2019,5.1,5.11,5.01,5.08,5149038
31/10/2019,5.05,5.08,4.95,5.03,5243315
01/11/2019,4.99,5.1,4.96,5.06,7090956
04/11/2019,5.15,5.28,5.12,5.26,9417905
05/11/2019,5.26,5.29,5.19,5.24,7521712
06/11/2019,5.22,5.24,5.1,5.19,6725335
07/11/2019,5.28,5.29,5.16,5.21,7008498
08/11/2019,5.19,5.23,5.15,5.19,4735187
11/11/2019,5.19,5.23,5.11,5.2,6094736
12/11/2019,5.24,5.3,5.21,5.24,7095971
13/11/2019,5.21,5.24,5.15,5.21,7559124
14/11/2019,5.22,5.25,5.16,5.24,13175171
15/11/2019,5.24,5.29,5.02,5.1,26355409
18/11/2019,5.1,5.33,5.09,5.31,14382963
19/11/2019,5.28,5.3,5.14,5.2,10384506
20/11/2019,5.18,5.36,5.16,5.28,11825438
21/11/2019,5.28,5.33,5.23,5.25,7209730
22/11/2019,5.28,5.32,5.25,5.27,5602470
25/11/2019,5.4,5.54,5.39,5.53,12683686
26/11/2019,5.51,5.52,5.42,5.43,9642023
27/11/2019,5.47,5.5,5.43,5.46,5410718
29/11/2019,5.43,5.45,5.39,5.42,3538924
02/12/2019,5.41,5.43,5.22,5.23,9346742
03/12/2019,5.05,5.2,5.01,5.19,11853653
04/12/2019,5.28,5.3,5.21,5.24,6840459
05/12/2019,5.26,5.27,5.19,5.22,4628444
06/12/2019,5.29,5.34,5.28,5.3,5810457
09/12/2019,5.28,5.36,5.27,5.3,5378320
10/12/2019,5.33,5.4,5.28,5.35,6417228
11/12/2019,5.36,5.44,5.36,5.43,5850247
12/12/2019,5.4,5.62,5.4,5.6,10152084
13/12/2019,5.6,5.72,5.55,5.6,11374183
16/12/2019,5.65,5.7,5.62,5.63,8032684
17/12/2019,5.65,5.73,5.64,5.71,8081598
18/12/2019,5.74,5.8,5.73,5.74,8606969
19/12/2019,5.77,5.9,5.77,5.89,11327674
20/12/2019,5.95,6.01,5.93,5.98,15084607
23/12/2019,6.01,6.05,5.96,5.97,8884815
24/12/2019,5.96,5.98,5.92,5.97,3471597
26/12/2019,5.97,6.01,5.95,5.98,4580451
27/12/2019,6,6.01,5.9,5.92,6370251
30/12/2019,5.9,5.91,5.78,5.81,6456178
31/12/2019,5.77,5.89,5.75,5.88,5780283
02/01/2020,5.97,6,5.92,6,5941969
03/01/2020,5.88,5.95,5.85,5.9,5144308
06/01/2020,5.81,5.93,5.78,5.93,6572812
07/01/2020,5.96,6.04,5.91,6,7980144
08/01/2020,5.99,6.05,5.95,6.01,6931017
09/01/2020,6.1,6.15,6.02,6.08,6386053
10/01/2020,6.18,6.21,6.09,6.11,7911560
13/01/2020,6.19,6.32,6.17,6.3,8008451
14/01/2020,6.26,6.28,6.17,6.18,8989483
15/01/2020,6.19,6.22,6.11,6.14,6577636
16/01/2020,6.19,6.23,6.17,6.22,7104791
17/01/2020,6.24,6.25,6.18,6.23,6344764
21/01/2020,6.2,6.23,6.16,6.2,5447925
22/01/2020,6.24,6.34,6.23,6.25,5980967
23/01/2020,6.29,6.33,6.2,6.32,6112861
24/01/2020,6.44,6.49,6.21,6.26,9337839
27/01/2020,5.96,6.06,5.81,6.01,11763354
28/01/2020,6.07,6.23,6.02,6.2,7774401
29/01/2020,6.18,6.22,6.1,6.14,6486279
30/01/2020,6.04,6.16,5.99,6.15,7262590
31/01/2020,6.1,6.11,5.87,5.91,9260493
03/02/2020,5.89,6.03,5.89,6.01,6398205
04/02/2020,6.15,6.2,6.1,6.18,6788589
05/02/2020,6.3,6.31,6.19,6.27,5205502
06/02/2020,6.3,6.36,6.22,6.36,5457051
07/02/2020,6.32,6.34,6.26,6.29,4743803
10/02/2020,6.31,6.58,6.31,6.57,13240194
11/02/2020,6.68,6.81,6.62,6.7,15963922
12/02/2020,6.75,6.82,6.71,6.81,9366118
13/02/2020,6.76,6.84,6.73,6.77,13200384
14/02/2020,7.18,7.37,7.15,7.24,26048093
18/02/2020,7.14,7.43,7.12,7.41,15547025
19/02/2020,7.54,7.89,7.54,7.87,17358281
20/02/2020,7.82,7.91,7.41,7.72,20251259
21/02/2020,7.6,7.63,7.27,7.35,19232331
24/02/2020,6.75,7.05,6.7,6.83,21422873
25/02/2020,6.91,6.97,6.45,6.55,26387442
26/02/2020,6.55,6.89,6.55,6.69,18741536
27/02/2020,6.37,6.68,6.22,6.32,22660373
28/02/2020,6.06,6.81,6.04,6.75,28366882
02/03/2020,6.92,6.94,6.53,6.91,22268639
03/03/2020,6.97,7.03,6.56,6.65,16319828
04/03/2020,6.76,7.12,6.68,7.11,14935184
05/03/2020,6.91,7.08,6.79,6.83,13508187
06/03/2020,6.65,6.71,6.45,6.65,12885307
3/9/2020 16:00:00,6,6.49,5.95,6.14,15353960
3/10/2020 16:00:00,6.41,6.53,6.15,6.53,14516218
3/11/2020 16:00:00,6.39,6.42,6.06,6.16,12551693
3/12/2020 16:00:00,5.64,5.9,5.4,5.41,20413535
3/13/2020 16:00:00,5.76,6.03,5.49,6.02,15870943
3/16/2020 16:00:00,5.31,5.65,4.85,4.91,18174303
3/17/2020 16:00:00,5.02,5.52,4.78,5.43,20840799
3/18/2020 16:00:00,5,5.25,4.52,5.07,21856657
3/19/2020 16:00:00,5.05,5.42,4.83,5.32,19137847
3/20/2020 16:00:00,5.48,5.76,5.13,5.14,20115854
3/23/2020 16:00:00,5.14,5.41,4.96,5.32,16096866
3/24/2020 16:00:00,5.73,6.32,5.7,6.23,27541095
3/25/2020 16:00:00,6.35,6.55,6.09,6.14,19835767
3/26/2020 16:00:00,6.35,6.56,6.25,6.43,17439692
3/27/2020 16:00:00,6.25,6.58,6.22,6.32,15970744
3/30/2020 16:00:00,6.38,6.65,6.34,6.64,15056253
3/31/2020 16:00:00,6.68,6.88,6.44,6.59,23749014
4/1/2020 16:00:00,6.39,6.54,6.03,6.08,16422828
4/2/2020 16:00:00,6.11,6.4,6.06,6.39,16894113
4/3/2020 16:00:00,6.35,6.39,5.96,6.1,16580346
4/6/2020 16:00:00,6.38,6.75,6.32,6.71,18197062
4/7/2020 16:00:00,6.93,6.96,6.43,6.48,19613047
4/8/2020 16:00:00,6.59,6.7,6.52,6.67,13561113
4/9/2020 16:00:00,6.8,6.82,6.51,6.57,13156195
4/13/2020 16:00:00,6.51,6.76,6.43,6.75,9960182
4/14/2020 16:00:00,6.88,7.13,6.85,7.1,13273667
4/15/2020 16:00:00,6.93,7.1,6.88,7.02,9153721
4/16/2020 16:00:00,7.18,7.48,7.16,7.37,18640510
4/17/2020 16:00:00,7.45,7.47,7.17,7.31,13478049
4/20/2020 16:00:00,7.18,7.34,7.13,7.18,11234705
4/21/2020 16:00:00,7.06,7.12,6.68,6.74,18378996
4/22/2020 16:00:00,6.93,7.2,6.89,7.15,12118228
4/23/2020 16:00:00,7.2,7.33,7.08,7.1,10603988
4/24/2020 16:00:00,7.09,7.24,7.02,7.24,8816137
4/27/2020 16:00:00,7.37,7.59,7.35,7.43,11984699
4/28/2020 16:00:00,7.58,7.61,7.28,7.28,11072603
4/29/2020 16:00:00,7.42,7.51,7.34,7.46,9479047
4/30/2020 16:00:00,7.41,7.46,7.29,7.31,9397943
5/1/2020 16:00:00,7.11,7.22,7.02,7.07,8552445
5/4/2020 16:00:00,7.02,7.3,7.02,7.28,7938880
5/5/2020 16:00:00,7.39,7.51,7.28,7.34,9222391
5/6/2020 16:00:00,7.42,7.55,7.39,7.44,8086639
5/7/2020 16:00:00,7.58,7.69,7.53,7.62,9343263
5/8/2020 16:00:00,7.69,7.82,7.66,7.81,8497678
5/11/2020 16:00:00,7.81,8.11,7.78,8.07,11726504
5/12/2020 16:00:00,8.12,8.17,7.79,7.8,12326482
5/13/2020 16:00:00,7.92,8.08,7.59,7.78,15646252
5/14/2020 16:00:00,7.84,8.04,7.69,8.03,15057809
5/15/2020 16:00:00,7.89,8.5,7.87,8.49,24691543
5/18/2020 16:00:00,8.76,8.92,8.68,8.75,19410086
5/19/2020 16:00:00,8.79,9.09,8.76,8.81,17933049
5/20/2020 16:00:00,8.99,9.04,8.89,8.97,14688405
5/21/2020 16:00:00,9.05,9.05,8.74,8.78,19026741
5/22/2020 16:00:00,8.83,9.09,8.71,9.03,25969125
5/26/2020 16:00:00,9.16,9.18,8.67,8.72,19269476
5/27/2020 16:00:00,8.63,8.63,8,8.53,29397306
5/28/2020 16:00:00,8.41,8.76,8.38,8.49,18403204
5/29/2020 16:00:00,8.55,8.88,8.49,8.88,18647994
6/1/2020 16:00:00,8.83,8.84,8.69,8.81,9762775
6/2/2020 16:00:00,8.8,8.84,8.66,8.83,9783014
6/3/2020 16:00:00,8.82,8.87,8.7,8.77,9135972
6/4/2020 16:00:00,8.73,8.94,8.68,8.77,10606960
6/5/2020 16:00:00,8.79,9,8.71,8.92,12043651
6/8/2020 16:00:00,8.88,8.89,8.69,8.81,9693431
6/9/2020 16:00:00,8.8,9.11,8.75,9.05,11712221
6/10/2020 16:00:00,9.17,9.5,9.15,9.37,15804537
6/11/2020 16:00:00,9.15,9.26,8.79,8.8,14591256
6/12/2020 16:00:00,9.16,9.19,8.7,8.93,14272704
6/15/2020 16:00:00,8.82,9.18,8.74,9.17,10000054
6/16/2020 16:00:00,9.23,9.27,8.84,9.07,13392875
6/17/2020 16:00:00,9.11,9.3,9.07,9.24,10207641
6/18/2020 16:00:00,9.23,9.28,9.11,9.22,6360238
6/19/2020 16:00:00,9.24,9.45,9.23,9.26,13104013
6/22/2020 16:00:00,9.3,9.53,9.27,9.53,9961662
6/23/2020 16:00:00,9.55,9.64,9.41,9.45,9377685
6/24/2020 16:00:00,9.48,9.56,9.14,9.24,11234272
6/25/2020 16:00:00,9.36,9.51,9.18,9.49,9401800
6/26/2020 16:00:00,9.5,9.5,9.13,9.15,14802144
6/29/2020 16:00:00,9.17,9.2,8.9,9.2,8556203
6/30/2020 16:00:00,9.31,9.53,9.27,9.5,9197300
7/1/2020 16:00:00,9.52,9.58,9.41,9.53,8166170
7/2/2020 16:00:00,9.64,9.74,9.58,9.61,9101352
7/6/2020 16:00:00,9.74,9.91,9.71,9.84,7897343
7/7/2020 16:00:00,9.95,10.07,9.85,9.87,8944993
7/8/2020 16:00:00,9.99,10.23,9.97,10.22,9137013
7/9/2020 16:00:00,10.38,10.57,10.23,10.51,12363680
7/10/2020 16:00:00,10.59,10.66,10.38,10.48,12441869
7/13/2020 16:00:00,10.6,10.79,10.03,10.05,11426874
7/14/2020 16:00:00,10.07,10.4,9.79,10.38,13566855
7/15/2020 16:00:00,10.41,10.43,10.06,10.23,10099623
7/16/2020 16:00:00,10.02,10.21,9.9,10.13,8624118
7/17/2020 16:00:00,10.23,10.25,10.09,10.2,6657116
7/20/2020 16:00:00,10.27,10.53,10.16,10.51,7121271
7/21/2020 16:00:00,10.51,10.56,10.29,10.33,6941671
7/22/2020 16:00:00,10.37,10.6,10.29,10.44,9182271
7/23/2020 16:00:00,10.45,10.55,10.03,10.13,10291532
7/24/2020 16:00:00,9.88,10.36,9.78,10.19,11832300
7/27/2020 16:00:00,10.23,10.44,10.22,10.42,7303255
7/28/2020 16:00:00,10.37,10.38,10.21,10.22,6790901
7/29/2020 16:00:00,10.39,10.52,10.35,10.47,7112692
7/30/2020 16:00:00,10.38,10.62,10.3,10.61,7722004
7/31/2020 16:00:00,10.56,10.77,10.43,10.61,9657150
8/3/2020 16:00:00,10.73,11.1,10.72,11.01,10325456
8/4/2020 16:00:00,11.05,11.23,10.91,11.23,7758390
8/5/2020 16:00:00,11.24,11.37,11.17,11.29,6262493
8/6/2020 16:00:00,11.35,11.36,11.18,11.34,6107892
8/7/2020 16:00:00,11.31,11.5,11.04,11.2,8562899
8/10/2020 16:00:00,11.33,11.41,10.86,11.17,10694898
8/11/2020 16:00:00,11.07,11.14,10.8,10.85,8862763
8/12/2020 16:00:00,10.99,11.47,10.96,11.44,11623573
8/13/2020 16:00:00,11.55,11.72,11.36,11.44,9361489
8/14/2020 16:00:00,11.53,11.7,11.44,11.56,9160904
8/17/2020 16:00:00,11.85,12.41,11.82,12.34,15532523
8/18/2020 16:00:00,12.45,12.5,12.09,12.26,12586155
8/19/2020 16:00:00,12.3,12.32,12.1,12.14,15565558
8/20/2020 16:00:00,11.98,12.38,11.88,12.14,23034656
8/21/2020 16:00:00,12.2,12.81,12.2,12.68,24996738
8/24/2020 16:00:00,12.88,12.91,12.51,12.72,12264105
8/25/2020 16:00:00,12.63,12.76,12.57,12.75,7226920
8/26/2020 16:00:00,12.8,12.87,12.68,12.77,8031073
8/27/2020 16:00:00,12.78,12.85,12.57,12.63,7940073
8/28/2020 16:00:00,12.67,13.15,12.64,13.15,13428963
8/31/2020 16:00:00,13.18,13.58,13.04,13.37,12521030
9/1/2020 16:00:00,13.48,13.99,13.44,13.82,12811849
9/2/2020 16:00:00,14.7,14.73,13.9,14.35,21850322
9/3/2020 16:00:00,13.83,13.88,12.88,13.02,23628151
9/4/2020 16:00:00,12.78,13.18,11.7,12.62,36592071
9/8/2020 16:00:00,11.73,12.55,11.7,11.91,19893237
9/9/2020 16:00:00,12.4,12.81,12.23,12.72,18404957
9/10/2020 16:00:00,12.99,13.07,12.17,12.31,17467111
9/11/2020 16:00:00,12.49,12.65,11.9,12.16,15923172
9/14/2020 16:00:00,13.08,13.32,12.63,12.87,30043624
9/15/2020 16:00:00,13.28,13.3,12.83,12.99,18188914
9/16/2020 16:00:00,12.96,13.09,12.51,12.51,13939985
9/17/2020 16:00:00,12.13,12.59,12.03,12.46,19812794
9/18/2020 16:00:00,12.59,12.63,11.99,12.19,17461548
9/21/2020 16:00:00,11.93,12.52,11.9,12.52,18026061
9/22/2020 16:00:00,12.58,12.65,12.16,12.64,16161302
9/23/2020 16:00:00,12.58,12.73,12.08,12.12,16175308
9/24/2020 16:00:00,12.07,12.57,12.01,12.35,18281008
9/25/2020 16:00:00,12.45,12.88,12.25,12.87,14700407
9/28/2020 16:00:00,13.04,13.05,12.75,13.04,14345228
9/29/2020 16:00:00,12.94,13.44,12.93,13.23,15575124
9/30/2020 16:00:00,13.16,13.62,13.15,13.53,17229603
10/1/2020 16:00:00,13.76,13.76,13.46,13.61,13125059
10/2/2020 16:00:00,13.23,13.52,13.05,13.06,13812397
10/5/2020 16:00:00,13.24,13.64,13.22,13.64,11995457
10/6/2020 16:00:00,13.83,14.14,13.67,13.74,19610496
10/7/2020 16:00:00,14,14.12,13.86,13.96,10452129
10/8/2020 16:00:00,14.08,14.08,13.76,13.84,9472522
10/9/2020 16:00:00,13.77,13.82,13.66,13.76,8672273
10/12/2020 16:00:00,13.99,14.35,13.91,14.23,10868595
10/13/2020 16:00:00,14.3,14.35,14.02,14.25,8615078
10/14/2020 16:00:00,14.29,14.34,13.96,14.1,6916178
10/15/2020 16:00:00,13.81,14.01,13.77,13.97,6680628
10/16/2020 16:00:00,14.04,14.12,13.79,13.81,6065990
10/19/2020 16:00:00,13.9,13.98,13.41,13.5,7451714
10/20/2020 16:00:00,13.58,13.8,13.51,13.65,5730301
10/21/2020 16:00:00,13.63,13.79,13.48,13.52,5489933
10/22/2020 16:00:00,13.52,13.61,13.23,13.36,7261986
10/23/2020 16:00:00,13.45,13.59,13.29,13.59,5837107
10/26/2020 16:00:00,13.43,13.69,13.04,13.14,8422358
10/27/2020 16:00:00,13.31,13.44,13.19,13.4,6262992
10/28/2020 16:00:00,13.2,13.26,12.61,12.63,9412952
10/29/2020 16:00:00,12.84,13.19,12.75,13.02,8002046
10/30/2020 16:00:00,12.85,12.94,12.3,12.53,10434900
11/2/2020 16:00:00,12.66,12.84,12.4,12.58,7491316
11/3/2020 16:00:00,12.71,13.11,12.6,13.02,6822527
11/4/2020 16:00:00,13.39,13.83,13.34,13.79,10255732
11/5/2020 16:00:00,14.16,14.34,13.99,14.16,7975708
11/6/2020 16:00:00,14.11,14.59,13.9,14.56,9583732
11/9/2020 16:00:00,14.55,14.69,13.61,13.63,14574447
11/10/2020 16:00:00,13.61,13.61,12.63,12.77,16101680
11/11/2020 16:00:00,13.05,13.43,12.95,13.42,10118586
11/12/2020 16:00:00,13.48,13.77,13.32,13.46,9165875
11/13/2020 16:00:00,13.63,13.67,13.06,13.3,8669058
11/16/2020 16:00:00,13.17,13.65,13.16,13.52,10344370
11/17/2020 16:00:00,13.55,13.6,13.3,13.42,7800699
11/18/2020 16:00:00,13.47,13.61,13.19,13.43,12773133
11/19/2020 16:00:00,13.21,13.49,13.1,13.44,14148355
11/20/2020 16:00:00,13.45,13.49,13.07,13.09,8527245
11/23/2020 16:00:00,13.17,13.38,13.02,13.14,9033855
11/24/2020 16:00:00,13.14,13.16,12.89,12.96,8662499
11/25/2020 16:00:00,13.03,13.27,13.02,13.23,6497910
11/27/2020 13:00:00,13.38,13.41,13.17,13.26,4181880
11/30/2020 16:00:00,13.27,13.41,12.97,13.4,7173800
12/1/2020 16:00:00,13.49,13.53,13.23,13.39,7439282
12/2/2020 16:00:00,13.35,13.67,13.23,13.54,7084030
12/3/2020 16:00:00,13.59,13.66,13.33,13.4,4988016
12/4/2020 16:00:00,13.45,13.56,13.39,13.56,5056085
12/7/2020 16:00:00,13.6,13.73,13.5,13.61,5581081
12/8/2020 16:00:00,13.59,13.6,13.28,13.35,6798022
12/9/2020 16:00:00,13.3,13.41,12.87,12.93,10032530
12/10/2020 16:00:00,12.87,13.07,12.85,12.97,5194118
12/11/2020 16:00:00,12.97,13.02,12.82,13.01,5231641
12/14/2020 16:00:00,13.09,13.39,13.08,13.31,6753947
12/15/2020 16:00:00,13.44,13.46,13.19,13.36,4837148
12/16/2020 16:00:00,13.42,13.44,13.21,13.24,5577867
12/17/2020 16:00:00,13.37,13.38,13.18,13.34,5784597
12/18/2020 16:00:00,13.38,13.41,13.07,13.27,8551616
12/21/2020 16:00:00,13.07,13.37,12.97,13.33,7558304
12/22/2020 16:00:00,13.32,13.34,13.05,13.28,4657872
12/23/2020 16:00:00,13.26,13.28,13.01,13.01,4478569
12/24/2020 13:00:00,13.04,13.13,12.94,12.99,2447088
12/28/2020 16:00:00,13.06,13.06,12.76,12.9,5314141
12/29/2020 16:00:00,12.93,13.07,12.84,12.94,4259304
12/30/2020 16:00:00,12.99,13.21,12.9,13.15,5634929
12/31/2020 16:00:00,13.14,13.15,12.92,13.06,4810610
1/4/2021 16:00:00,13.1,13.65,12.96,13.11,14016045
1/5/2021 16:00:00,13.1,13.44,13.09,13.4,8068998
1/6/2021 16:00:00,13.22,13.25,12.59,12.61,14510575
1/7/2021 16:00:00,12.97,13.38,12.89,13.34,11537037
1/8/2021 16:00:00,13.36,13.42,13.04,13.28,7313215
1/11/2021 16:00:00,13.42,13.96,13.36,13.62,12975720
1/12/2021 16:00:00,13.75,13.75,13.35,13.48,7286943
1/13/2021 16:00:00,13.49,13.62,13.39,13.53,5250711
1/14/2021 16:00:00,13.58,13.6,13.18,13.2,7078007
1/15/2021 16:00:00,13.23,13.33,12.85,12.86,6944532
1/19/2021 16:00:00,13.02,13.09,12.84,13.03,5654672
1/20/2021 16:00:00,13.11,13.43,13.06,13.37,6464272
1/21/2021 16:00:00,13.42,14,13.25,13.87,8458490
1/22/2021 16:00:00,13.74,13.84,13.63,13.71,6170464
1/25/2021 16:00:00,13.78,13.83,13.24,13.65,6277779
1/26/2021 16:00:00,13.58,13.64,13.39,13.44,4099510
1/27/2021 16:00:00,13.23,13.23,12.79,12.92,9281821
1/28/2021 16:00:00,13,13.34,12.96,13.05,5707899
1/29/2021 16:00:00,13.08,13.33,12.91,12.99,6788801
2/1/2021 16:00:00,13.05,13.27,12.9,13.24,5430108
2/2/2021 16:00:00,13.4,13.57,13.29,13.56,5510957
2/3/2021 16:00:00,13.64,13.93,13.52,13.53,6135232
2/4/2021 16:00:00,13.53,13.67,13.34,13.66,5033462
2/5/2021 16:00:00,13.73,13.74,13.55,13.59,4228841
2/8/2021 16:00:00,13.73,14.47,13.73,14.44,10865571
2/9/2021 16:00:00,14.34,14.58,14.22,14.26,7189003
2/10/2021 16:00:00,14.46,14.91,14.34,14.76,12133808
2/11/2021 16:00:00,14.98,15.27,14.93,15.25,11270693
2/12/2021 16:00:00,15.05,15.29,14.78,14.96,9368937
2/16/2021 16:00:00,15.06,15.37,14.95,15.33,8048988
2/17/2021 16:00:00,15.17,15.22,14.78,14.91,6892467
2/18/2021 16:00:00,14.73,14.87,14.58,14.83,5852020
2/19/2021 16:00:00,15.02,15.18,14.85,14.93,6793103
2/22/2021 16:00:00,14.77,15.13,14.33,14.36,8147139
2/23/2021 16:00:00,14.08,14.24,13.39,14.14,9794483
2/24/2021 16:00:00,14.12,14.51,13.76,14.5,11207977
2/25/2021 16:00:00,14.05,14.37,13.22,13.31,20610901
2/26/2021 16:00:00,13.75,13.85,13.36,13.71,12523260
3/1/2021 16:00:00,13.88,13.93,13.55,13.84,8829575
3/2/2021 16:00:00,13.9,13.92,13.4,13.41,6602853
3/3/2021 16:00:00,13.43,13.45,12.8,12.8,9439757
3/4/2021 16:00:00,12.8,12.98,12.08,12.37,14333629
3/5/2021 16:00:00,12.55,12.55,11.68,12.46,13570971
3/8/2021 16:00:00,12.45,12.47,11.57,11.59,13577792
3/9/2021 16:00:00,12.13,12.62,12.06,12.52,13045638
3/10/2021 16:00:00,12.84,12.98,12.46,12.47,9609414
3/11/2021 16:00:00,12.95,13.05,12.73,12.99,7497857
3/12/2021 16:00:00,12.65,12.89,12.59,12.86,6099099
3/15/2021 16:00:00,12.86,13.21,12.77,13.19,5563011
3/16/2021 16:00:00,13.36,13.51,13.12,13.29,6803240
3/17/2021 16:00:00,13.04,13.45,12.99,13.34,6096605
3/18/2021 16:00:00,13.14,13.18,12.72,12.72,7354702
3/19/2021 16:00:00,12.75,12.92,12.61,12.85,7480174
3/22/2021 16:00:00,12.91,13.39,12.91,13.19,7445077
3/23/2021 16:00:00,13.25,13.34,13.02,13.07,5551152
3/24/2021 16:00:00,13.15,13.16,12.64,12.64,6145963
3/25/2021 16:00:00,12.5,12.71,12.27,12.54,7378614
3/26/2021 16:00:00,12.55,12.86,12.37,12.84,9099224
3/29/2021 16:00:00,12.82,13.06,12.7,12.95,6837997
3/30/2021 16:00:00,12.84,12.98,12.71,12.87,5005062
3/31/2021 16:00:00,13.02,13.47,12.98,13.35,7869438
4/1/2021 16:00:00,13.57,13.87,13.51,13.81,7706865
4/5/2021 16:00:00,13.87,14.01,13.73,13.99,6391785
4/6/2021 16:00:00,14,14.05,13.77,13.86,4793649
4/7/2021 16:00:00,13.88,14.24,13.71,14.14,6282109
4/8/2021 16:00:00,14.25,14.47,14.25,14.32,6110373
4/9/2021 16:00:00,14.21,14.41,14.18,14.4,4879272
4/12/2021 16:00:00,14.29,15.35,14.14,15.21,21733050
4/13/2021 16:00:00,15.23,15.7,15.13,15.68,16905297
4/14/2021 16:00:00,15.63,15.72,15.23,15.28,9637548
4/15/2021 16:00:00,15.66,16.21,15.63,16.14,14962017
4/16/2021 16:00:00,16.05,16.17,15.87,15.91,8380189
4/19/2021 16:00:00,15.54,15.81,15.23,15.36,10110452
4/20/2021 16:00:00,15.32,15.5,14.96,15.17,8353326
4/21/2021 16:00:00,15.12,15.36,15.1,15.36,5419426
4/22/2021 16:00:00,15.38,15.44,14.78,14.85,6944657
4/23/2021 16:00:00,14.93,15.33,14.9,15.27,5694305
4/26/2021 16:00:00,15.19,15.48,15.13,15.48,4944927
4/27/2021 16:00:00,15.58,15.67,15.35,15.38,4114325
4/28/2021 16:00:00,15.36,15.53,15.22,15.28,5235405
4/29/2021 16:00:00,15.4,15.44,15.07,15.32,4329912
4/30/2021 16:00:00,15.17,15.36,15,15.01,5047752
5/3/2021 16:00:00,15.13,15.25,14.79,14.84,5097796
5/4/2021 16:00:00,14.64,14.64,14.01,14.35,10133120
5/5/2021 16:00:00,14.71,14.81,14.39,14.46,7300576
5/6/2021 16:00:00,14.5,14.57,14.22,14.52,4834523
5/7/2021 16:00:00,14.81,14.97,14.67,14.81,5733183
5/10/2021 16:00:00,14.79,14.81,14.25,14.27,6722595
5/11/2021 16:00:00,13.83,14.35,13.75,14.31,7139634
5/12/2021 16:00:00,14.01,14.26,13.71,13.76,7585233
5/13/2021 16:00:00,14.03,14.08,13.46,13.67,7143187
5/14/2021 16:00:00,13.89,14.33,13.75,14.24,6465375
5/17/2021 16:00:00,14.16,14.17,13.85,14.17,5424521
5/18/2021 16:00:00,14.27,14.4,14,14.02,4656356
5/19/2021 16:00:00,13.57,14.08,13.54,14.07,8599984
5/20/2021 16:00:00,14.3,14.68,14.27,14.61,8039798
5/21/2021 16:00:00,15.16,15.22,14.87,14.99,16824800
5/24/2021 16:00:00,15.21,15.75,15.18,15.61,13870405
5/25/2021 16:00:00,15.77,15.82,15.48,15.65,10885172
5/26/2021 16:00:00,15.73,15.79,15.59,15.7,9260966
5/27/2021 16:00:00,15.7,15.75,15.46,15.49,14536880
5/28/2021 16:00:00,15.5,16.28,15.5,16.24,16113390
6/1/2021 16:00:00,16.27,16.39,15.9,16.26,11820075
6/2/2021 16:00:00,16.25,16.92,16.24,16.78,14854189
6/3/2021 16:00:00,16.7,17.26,16.58,16.97,14500170
6/4/2021 16:00:00,17.11,17.66,17.1,17.58,15428007
6/7/2021 16:00:00,17.57,17.81,17.19,17.62,14393873
6/8/2021 16:00:00,17.53,17.62,17.25,17.46,8096169
6/9/2021 16:00:00,17.52,17.58,17.26,17.36,9541437
6/10/2021 16:00:00,17.35,17.49,17.18,17.43,7194261
6/11/2021 16:00:00,17.48,17.94,17.44,17.83,10407691
6/14/2021 16:00:00,17.91,18.04,17.66,18.02,8034357
6/15/2021 16:00:00,17.92,18.02,17.73,17.79,6075761
6/16/2021 16:00:00,17.79,17.95,17.58,17.81,7678065
6/17/2021 16:00:00,17.77,18.84,17.76,18.66,20241372
6/18/2021 16:00:00,18.78,19.38,18.58,18.64,24221357
6/21/2021 16:00:00,18.44,18.54,17.82,18.43,16809554
6/22/2021 16:00:00,18.47,18.96,18.39,18.89,14503639
6/23/2021 16:00:00,19.01,19.15,18.91,19.06,8308926
6/24/2021 16:00:00,19.23,19.42,19.09,19.21,8023060
6/25/2021 16:00:00,19.28,19.35,18.89,19.03,6959148
6/28/2021 16:00:00,19.36,20.08,19.32,19.99,12385914
6/29/2021 16:00:00,19.88,20.1,19.66,20.03,9190846
6/30/2021 16:00:00,20,20.16,19.86,20,8164154
7/1/2021 16:00:00,20.13,20.46,20.02,20.21,12003374
7/2/2021 16:00:00,20.44,20.51,20.29,20.49,8584917
7/6/2021 16:00:00,20.74,20.84,20.35,20.7,11167687
7/7/2021 16:00:00,20.85,20.88,20.33,20.37,10460682
7/8/2021 16:00:00,19.86,20.13,19.7,19.9,12582492
7/9/2021 16:00:00,19.96,20.08,19.75,20.05,7415567
7/12/2021 16:00:00,20.24,20.53,20.19,20.51,8049619
7/13/2021 16:00:00,20.4,20.46,20.11,20.25,7267658
7/14/2021 16:00:00,20.36,20.42,19.75,19.84,9502480
7/15/2021 16:00:00,19.81,19.85,18.86,18.97,13764113
7/16/2021 16:00:00,19.03,19.16,18.07,18.16,17205566
7/19/2021 16:00:00,17.92,19.04,17.87,18.78,18726469
7/20/2021 16:00:00,18.73,18.84,18.16,18.61,43468654
7/21/2021 16:00:00,18.88,19.53,18.74,19.41,37101736
7/22/2021 16:00:00,19.64,19.89,19.28,19.59,32382595
7/23/2021 16:00:00,19.66,19.7,19.25,19.56,19567198
7/26/2021 16:00:00,19.31,19.44,18.91,19.29,20394316
7/27/2021 16:00:00,19.27,19.62,18.74,19.21,24886258
7/28/2021 16:00:00,19.32,19.65,19,19.5,20219115
7/29/2021 16:00:00,19.52,19.85,19.33,19.66,19078088
7/30/2021 16:00:00,19.42,19.63,19.26,19.5,18349746
8/2/2021 16:00:00,19.7,19.96,19.36,19.75,21744397
8/3/2021 16:00:00,19.74,20.22,19.22,19.82,30181074
8/4/2021 16:00:00,19.99,20.32,19.83,20.27,23130940
8/5/2021 16:00:00,20.5,20.73,20.34,20.64,21143537
8/6/2021 16:00:00,20.52,20.57,20.21,20.37,17849661
8/9/2021 16:00:00,20.45,20.51,20.14,20.3,14644310
8/10/2021 16:00:00,20.32,20.43,19.83,19.94,17923778
8/11/2021 16:00:00,20.04,20.05,19.43,19.7,18592484
8/12/2021 16:00:00,19.87,20.03,19.62,19.91,15186155
8/13/2021 16:00:00,19.91,20.21,19.85,20.19,18306286
8/16/2021 16:00:00,20.14,20.29,19.45,19.95,21115280
8/17/2021 16:00:00,19.68,19.77,19.27,19.46,20458485
8/18/2021 16:00:00,19.5,19.63,19,19.04,28591348
8/19/2021 16:00:00,19.49,20.5,18.76,19.8,76655477
8/20/2021 16:00:00,19.99,20.87,19.93,20.82,67574131
8/23/2021 16:00:00,20.97,22,20.95,21.96,57580658
8/24/2021 16:00:00,21.75,21.96,21.54,21.79,29729892
8/25/2021 16:00:00,21.74,22.47,21.72,22.21,34770104
8/26/2021 16:00:00,22.2,22.34,21.79,22.07,23794042
8/27/2021 16:00:00,22.18,22.72,22.17,22.64,30472219
8/30/2021 16:00:00,22.83,23.04,22.55,22.69,26257990
8/31/2021 16:00:00,22.7,22.7,22.12,22.39,25984968
9/1/2021 16:00:00,22.49,22.7,22.36,22.44,20176695
9/2/2021 16:00:00,22.52,22.59,22.29,22.4,18810957
9/3/2021 16:00:00,22.33,22.99,22.2,22.84,28083198
9/7/2021 16:00:00,22.83,22.9,22.52,22.66,19810716
9/8/2021 16:00:00,22.51,22.61,21.98,22.34,25443421
9/9/2021 16:00:00,22.31,22.54,22.13,22.18,19685601
9/10/2021 16:00:00,22.35,22.63,22.27,22.48,24837574
9/13/2021 16:00:00,22.68,22.96,21.86,22.15,29749990
9/14/2021 16:00:00,22.28,22.41,22.09,22.24,19975460
9/15/2021 16:00:00,22.31,22.37,21.97,22.34,16653801
9/16/2021 16:00:00,22.18,22.28,21.93,22.24,15603344
9/17/2021 16:00:00,22.3,22.32,21.83,21.9,29450284
9/20/2021 16:00:00,21.15,21.43,20.66,21.11,34944045
9/21/2021 16:00:00,21.42,21.43,20.95,21.25,20468810
9/22/2021 16:00:00,21.37,21.96,21.2,21.94,26872556
9/23/2021 16:00:00,22.14,22.53,21.89,22.48,24855491
9/24/2021 16:00:00,22.07,22.15,21.86,22.08,21765545
9/27/2021 16:00:00,21.71,21.8,21.33,21.66,24521514
9/28/2021 16:00:00,21.21,21.42,20.65,20.7,34306895
9/29/2021 16:00:00,20.94,21.02,20.47,20.52,21839363
9/30/2021 16:00:00,20.77,21.07,20.69,20.72,22100912
10/1/2021 16:00:00,20.75,20.86,20.2,20.74,24097796
10/4/2021 16:00:00,20.5,20.54,19.56,19.73,34563497
10/5/2021 16:00:00,19.95,20.65,19.85,20.45,27928165
10/6/2021 16:00:00,20.12,20.72,20.08,20.7,29720175
10/7/2021 16:00:00,21.09,21.32,20.97,21.08,25691893
10/8/2021 16:00:00,21.1,21.21,20.78,20.83,15125791
10/11/2021 16:00:00,20.58,21.06,20.51,20.7,16338754
10/12/2021 16:00:00,20.83,21.06,20.53,20.67,16213354
10/13/2021 16:00:00,20.92,20.99,20.71,20.94,18065188
10/14/2021 16:00:00,21.29,21.76,21.12,21.75,24358881
10/15/2021 16:00:00,21.81,21.93,21.66,21.86,22699401
10/18/2021 16:00:00,21.75,22.29,21.64,22.22,18949356
10/19/2021 16:00:00,22.28,22.38,22.04,22.29,16147329
10/20/2021 16:00:00,22.3,22.43,21.98,22.1,14627594
10/21/2021 16:00:00,22.1,22.71,22.08,22.69,18759032
10/22/2021 16:00:00,22.82,23.13,22.56,22.73,24938379
10/25/2021 16:00:00,22.97,23.35,22.77,23.17,23023483
10/26/2021 16:00:00,23.99,25.26,23.92,24.72,48589830
10/27/2021 16:00:00,24.47,25.09,24.28,24.45,24598989
10/28/2021 16:00:00,24.88,24.95,24.52,24.94,23420431
10/29/2021 16:00:00,25,25.71,25,25.57,29250284
11/1/2021 16:00:00,25.65,25.89,25.23,25.83,26573976
11/2/2021 16:00:00,25.82,26.68,25.8,26.4,29411239
11/3/2021 16:00:00,26.67,26.78,26.24,26.6,23991033
11/4/2021 16:00:00,27.23,31.37,27.12,29.8,115363115
11/5/2021 16:00:00,30.19,31.4,29.41,29.75,85126015
11/8/2021 16:00:00,30.15,31.1,29.91,30.8,50310093
11/9/2021 16:00:00,32.28,32.31,29.96,30.66,64674621
11/10/2021 16:00:00,29.36,30.85,28.78,29.46,63620572
11/11/2021 16:00:00,30.47,30.59,29.78,30.39,33217211
11/12/2021 16:00:00,30.01,30.68,29.63,30.39,41305428
11/15/2021 16:00:00,30.55,30.64,29.25,30.03,38490900
11/16/2021 16:00:00,29.76,30.39,29.71,30.2,26448367
11/17/2021 16:00:00,30.42,30.51,28.8,29.26,42850799
11/18/2021 16:00:00,32.37,32.76,31.32,31.68,78171075
11/19/2021 16:00:00,32.24,33.09,31.91,32.99,53386665
11/22/2021 16:00:00,33.52,34.65,31.9,31.96,75433524
11/23/2021 16:00:00,31.54,32.36,30.88,31.75,53216270
11/24/2021 16:00:00,31.46,32.85,30.93,32.67,43516226
11/26/2021 13:00:00,32.6,32.71,31.35,31.5,28306886
11/29/2021 16:00:00,32.37,33.41,32.04,33.38,45496398
11/30/2021 16:00:00,33.17,33.35,31.86,32.68,62206647
12/1/2021 16:00:00,33.22,33.29,31.38,31.44,48580204
12/2/2021 16:00:00,31.21,32.48,31.03,32.13,47289033
12/3/2021 16:00:00,32,32.13,30.13,30.69,54432505
12/6/2021 16:00:00,29.88,30.24,28.04,30.04,65893845
12/7/2021 16:00:00,30.96,32.45,30.65,32.43,59305348
12/8/2021 16:00:00,32,32.29,31.42,31.83,47555145
12/9/2021 16:00:00,31.73,32.21,30.43,30.49,48850716
12/10/2021 16:00:00,31.15,31.31,29.86,30.2,48882509
12/13/2021 16:00:00,30.25,30.29,28.12,28.16,59834366
12/14/2021 16:00:00,27.7,28.68,27.25,28.34,66703537
12/15/2021 16:00:00,28.4,30.5,27.84,30.46,69829688
12/16/2021 16:00:00,31.15,31.16,28.09,28.39,70736595
12/17/2021 16:00:00,27.99,28.92,27.76,27.8,71662239
12/20/2021 16:00:00,27.31,28.14,27.15,27.72,46184676
12/21/2021 16:00:00,28.37,29.12,27.4,29.08,52438494
12/22/2021 16:00:00,28.89,29.56,28.45,29.4,39518438
12/23/2021 16:00:00,29.76,30.06,29.43,29.64,34302174
12/27/2021 16:00:00,29.66,31.09,29.64,30.95,40368587
12/28/2021 16:00:00,31.31,31.33,30.01,30.32,42059121
12/29/2021 16:00:00,30.27,30.55,29.37,30,34313928
12/30/2021 16:00:00,29.83,30.46,29.54,29.59,30886422
12/31/2021 16:00:00,29.67,30.03,29.33,29.41,26652991
1/3/2022 16:00:00,29.82,30.71,29.79,30.12,39240294
1/4/2022 16:00:00,30.28,30.47,28.35,29.29,52715440
1/5/2022 16:00:00,28.95,29.42,27.53,27.6,49806388
1/6/2022 16:00:00,27.64,28.44,27.07,28.18,45418637
1/7/2022 16:00:00,28.14,28.42,27.06,27.25,40993851
1/10/2022 16:00:00,26.58,27.47,25.64,27.4,59468095
1/11/2022 16:00:00,27.32,28.07,26.84,27.82,40408929
1/12/2022 16:00:00,28.07,28.6,27.61,28,38341348
1/13/2022 16:00:00,28.38,28.48,26.5,26.58,53886809
1/14/2022 16:00:00,26.3,27.2,26.21,26.94,39583235
1/18/2022 16:00:00,26.26,26.64,25.77,25.9,42530617
1/19/2022 16:00:00,26.08,26.54,25.05,25.07,48831451
1/20/2022 16:00:00,25.3,25.58,24.08,24.15,43518073
1/21/2022 16:00:00,23.51,24.82,23.26,23.37,71895784
1/24/2022 16:00:00,22.33,23.38,20.89,23.37,91581063
1/25/2022 16:00:00,22.55,22.94,22,22.32,66461636
1/26/2022 16:00:00,23.24,24.06,22.3,22.77,75595873
1/27/2022 16:00:00,23.57,24,21.68,21.94,57335272
1/28/2022 16:00:00,22.01,22.86,21.3,22.84,54377425
1/31/2022 16:00:00,23.18,24.51,23.05,24.49,56467968
2/1/2022 16:00:00,25.1,25.15,23.89,24.64,51892517
2/2/2022 16:00:00,25.79,25.82,24.55,25.24,54341941
2/3/2022 16:00:00,24.46,25.08,23.78,23.95,41017778
2/4/2022 16:00:00,23.97,24.64,23.63,24.32,35482850
2/7/2022 16:00:00,24.37,25.18,24.2,24.73,37686750
2/8/2022 16:00:00,24.36,25.23,23.98,25.11,41035864
2/9/2022 16:00:00,25.62,26.73,25.35,26.71,52428166
2/10/2022 16:00:00,26,26.92,25.6,25.82,51319972
2/11/2022 16:00:00,25.92,26.15,23.77,23.95,60547198
2/14/2022 16:00:00,23.93,24.88,23.76,24.27,44042443
2/15/2022 16:00:00,24.95,26.55,24.78,26.5,70175280
2/16/2022 16:00:00,26.26,26.58,25.55,26.51,73267633
2/17/2022 16:00:00,25.63,25.79,24.17,24.51,81059508
2/18/2022 16:00:00,24.67,24.99,23.1,23.64,76125491
2/22/2022 16:00:00,23.04,24.06,23,23.39,63342244
2/23/2022 16:00:00,23.8,24.15,22.3,22.39,56651077
2/24/2022 16:00:00,21.02,23.8,20.89,23.75,73580063
2/25/2022 16:00:00,23.72,24.22,23.38,24.16,52886551
2/28/2022 16:00:00,23.99,24.67,23.71,24.39,47731861
3/1/2022 16:00:00,24.29,24.38,23.13,23.48,41205598
3/2/2022 16:00:00,23.76,24.41,23.42,24.22,38964185
3/3/2022 16:00:00,24.26,24.33,23.47,23.71,36509504
3/4/2022 16:00:00,23.38,23.68,22.48,22.94,43201070
3/7/2022 16:00:00,22.82,23.03,21.33,21.35,45082089
3/8/2022 16:00:00,21.31,22.37,20.65,21.51,55746719
3/9/2022 16:00:00,22.39,23.22,22.25,23.01,49274195
3/10/2022 16:00:00,22.53,22.79,21.88,22.66,42806565
3/11/2022 16:00:00,23.02,23.15,22.05,22.1,36720857
3/14/2022 16:00:00,21.87,22.26,21.16,21.33,38535424
3/15/2022 16:00:00,21.52,23.04,21.32,22.97,49199569
3/16/2022 16:00:00,23.5,24.6,23.17,24.5,67142174
3/17/2022 16:00:00,24.12,24.84,23.91,24.77,47194119
3/18/2022 16:00:00,24.8,26.57,24.62,26.45,73071856
3/21/2022 16:00:00,26.51,27.15,25.97,26.73,59172708
3/22/2022 16:00:00,26.73,27.24,26.07,26.52,54700710
3/23/2022 16:00:00,26.13,26.61,25.58,25.63,50211986
3/24/2022 16:00:00,26.17,28.32,25.91,28.15,87737914
3/25/2022 16:00:00,27.89,28.36,27.27,27.69,57901618
3/28/2022 16:00:00,27.76,28.25,27.21,28.22,42549392
3/29/2022 16:00:00,28.69,28.95,27.98,28.66,48898440
3/30/2022 16:00:00,28.3,28.5,27.5,27.69,46348713
3/31/2022 16:00:00,27.78,28.25,27.27,27.29,52344022
4/1/2022 16:00:00,27.38,27.5,26.27,26.71,51723511
4/4/2022 16:00:00,26.73,27.56,26.61,27.36,39770782
4/5/2022 16:00:00,27.25,27.32,25.82,25.93,43661473
4/6/2022 16:00:00,24.93,25.3,24,24.41,70383256
4/7/2022 16:00:00,24.44,24.72,23.48,24.21,55799236
4/8/2022 16:00:00,23.92,23.92,23.06,23.12,52478064
4/11/2022 16:00:00,22.21,22.32,21.66,21.92,57520684
4/12/2022 16:00:00,22.54,22.73,21.28,21.5,66225807
4/13/2022 16:00:00,21.73,22.5,21.46,22.2,51694344
4/14/2022 16:00:00,22.51,22.78,21.16,21.26,56909685
4/18/2022 16:00:00,21.2,22.09,21.08,21.78,52570061
4/19/2022 16:00:00,21.72,22.37,21.31,22.2,51278058
4/20/2022 16:00:00,22.52,22.67,21.2,21.48,46897444
4/21/2022 16:00:00,21.71,22.39,20,20.18,65620944
4/22/2022 16:00:00,20.3,20.49,19.5,19.52,62471343
4/25/2022 16:00:00,19.2,19.95,19.1,19.9,64156561
4/26/2022 16:00:00,19.72,19.79,18.67,18.79,65314250
4/27/2022 16:00:00,18.6,19.17,18.29,18.42,49946017
4/28/2022 16:00:00,18.97,20.04,18.49,19.78,57032671
4/29/2022 16:00:00,19.4,20.13,18.52,18.55,50043491
5/2/2022 16:00:00,18.54,19.57,18.39,19.53,57204868
5/3/2022 16:00:00,19.4,19.83,19.13,19.6,47575084
5/4/2022 16:00:00,19.92,20.4,18.75,20.33,64885463
5/5/2022 16:00:00,19.87,19.93,18.5,18.84,62633141
5/6/2022 16:00:00,18.74,19.51,17.99,18.68,63329672
5/9/2022 16:00:00,18.03,18.26,16.83,16.95,64445451
5/10/2022 16:00:00,17.69,18.2,17.02,17.6,76147429
5/11/2022 16:00:00,17.35,17.75,16.57,16.63,67016703
5/12/2022 16:00:00,16.22,16.79,15.57,16.18,70872837
5/13/2022 16:00:00,16.79,17.93,16.59,17.71,67043651
5/16/2022 16:00:00,17.51,17.79,17.11,17.26,52144598
5/17/2022 16:00:00,18.07,18.37,17.63,18.18,58582971
5/18/2022 16:00:00,17.7,18.12,16.86,16.94,54516106
5/19/2022 16:00:00,16.94,17.69,16.73,17.12,62130959
5/20/2022 16:00:00,17.33,17.41,15.76,16.69,73910526
5/23/2022 16:00:00,16.27,16.92,16.18,16.9,63988869
5/24/2022 16:00:00,16.51,16.6,15.78,16.15,58855002
5/25/2022 16:00:00,16.02,17.11,16,16.98,78113190
5/26/2022 16:00:00,16.04,18.09,16.02,17.85,99657452
5/27/2022 16:00:00,18.19,18.88,18.1,18.81,73837935
5/31/2022 16:00:00,18.98,19.2,18.35,18.67,66409951
6/1/2022 16:00:00,18.72,19.05,18.12,18.32,54451390
6/2/2022 16:00:00,18.29,19.62,18.2,19.59,64865580
6/3/2022 16:00:00,19.08,19.33,18.52,18.72,59877870
6/6/2022 16:00:00,19.14,19.34,18.56,18.79,42240615
6/7/2022 16:00:00,18.47,19,18.19,18.93,38891411
6/8/2022 16:00:00,18.8,19.18,18.54,18.65,36325246
6/9/2022 16:00:00,18.48,18.93,18.04,18.05,39557379
6/10/2022 16:00:00,17.6,17.7,16.87,16.97,46564966
6/13/2022 16:00:00,16,16.31,15.61,15.65,60415338
6/14/2022 16:00:00,15.73,16.07,15.41,15.84,46967952
6/15/2022 16:00:00,16.1,16.87,15.93,16.53,56393565
6/16/2022 16:00:00,15.86,15.94,15.4,15.6,54574867
6/17/2022 16:00:00,15.65,16,15.33,15.88,63033397
6/21/2022 16:00:00,16.47,17.01,16.41,16.57,48308888
6/22/2022 16:00:00,16.23,16.66,16.18,16.36,43799744
6/23/2022 16:00:00,16.52,16.59,15.85,16.23,46367959
6/24/2022 16:00:00,16.5,17.14,16.31,17.13,47215283
6/27/2022 16:00:00,17.31,17.33,16.63,16.87,42796788
6/28/2022 16:00:00,16.9,17.2,15.95,15.98,46185936
6/29/2022 16:00:00,15.81,15.82,15.17,15.54,48235228
6/30/2022 16:00:00,15.36,15.57,14.86,15.16,68607003
7/1/2022 16:00:00,14.9,15.06,14.39,14.52,57761008
7/5/2022 16:00:00,14.18,14.97,14.06,14.96,65220761
7/6/2022 16:00:00,15.01,15.32,14.79,15.13,52906586
7/7/2022 16:00:00,15.46,15.95,15.39,15.86,49290276
7/8/2022 16:00:00,15.43,16.04,15.39,15.84,46797176
7/11/2022 16:00:00,15.53,15.53,15.04,15.15,43838873
7/12/2022 16:00:00,15.27,15.43,14.88,15.08,45848310
7/13/2022 16:00:00,14.59,15.38,14.47,15.16,52191834
7/14/2022 16:00:00,15.11,15.47,14.73,15.37,45623484
7/15/2022 16:00:00,15.66,15.78,15.45,15.76,38593547
7/18/2022 16:00:00,16.3,16.9,16,16.1,67051745
7/19/2022 16:00:00,16.49,17.11,16.17,16.99,70236608
7/20/2022 16:00:00,16.95,17.93,16.8,17.81,76053779
7/21/2022 16:00:00,17.89,18.14,17.54,18.05,55704928
7/22/2022 16:00:00,17.89,17.97,17.14,17.32,53667088
7/25/2022 16:00:00,17.02,17.12,16.65,17.02,48074751
7/26/2022 16:00:00,16.89,16.92,16.48,16.53,39786491
7/27/2022 16:00:00,17.03,17.94,16.91,17.79,56977623
7/28/2022 16:00:00,17.98,18.14,17.44,17.98,47464628
7/29/2022 16:00:00,17.81,18.24,17.69,18.16,43546042
8/1/2022 16:00:00,18.18,18.85,17.99,18.44,47646904
8/2/2022 16:00:00,18.12,18.94,18.09,18.53,48952692
8/3/2022 16:00:00,18.18,18.97,18.14,18.89,41814557
8/4/2022 16:00:00,18.85,19.27,18.76,19.22,40965227
8/5/2022 16:00:00,18.81,19.23,18.67,18.99,38606829
8/8/2022 16:00:00,17.5,18.24,17.24,17.79,98378318
8/9/2022 16:00:00,17.25,17.45,16.72,17.09,66826265
8/10/2022 16:00:00,17.7,18.12,17.32,18.1,59742246
8/11/2022 16:00:00,18.13,18.71,17.88,17.94,50932655
8/12/2022 16:00:00,18.16,18.72,17.95,18.71,47809415
8/15/2022 16:00:00,18.7,19.16,18.61,19.03,45766556
8/16/2022 16:00:00,18.92,19.14,18.5,18.88,45123964
8/17/2022 16:00:00,18.52,18.69,18.15,18.34,44679911
8/18/2022 16:00:00,18.3,18.86,18.18,18.77,41544656
8/19/2022 16:00:00,18.41,18.52,17.77,17.85,44158833
8/22/2022 16:00:00,17.49,17.56,16.97,17.03,40959271
8/23/2022 16:00:00,16.99,17.47,16.97,17.18,36998577
8/24/2022 16:00:00,17.01,17.41,16.9,17.22,52266071
8/25/2022 16:00:00,16.84,17.95,16.83,17.91,77069133
8/26/2022 16:00:00,17.86,17.92,16.24,16.26,76912743
8/29/2022 16:00:00,16.02,16.34,15.77,15.8,49613194
8/30/2022 16:00:00,15.96,16.04,15.18,15.47,53018069
8/31/2022 16:00:00,15.38,15.54,14.96,15.09,57370986
9/1/2022 16:00:00,14.21,14.38,13.27,13.94,117886514
9/2/2022 16:00:00,14.1,14.17,13.59,13.65,74315746
9/6/2022 16:00:00,13.73,13.78,13.35,13.47,53575118
9/7/2022 16:00:00,13.56,13.84,13.35,13.71,51265746
9/8/2022 16:00:00,13.46,14.01,13.37,13.99,62487312
9/9/2022 16:00:00,14.16,14.47,14.13,14.39,48712842
9/12/2022 16:00:00,14.37,14.55,14.2,14.51,48415924
9/13/2022 16:00:00,13.8,13.92,13.1,13.13,71495563
9/14/2022 16:00:00,13.25,13.29,12.91,13.13,58850654
9/15/2022 16:00:00,13.02,13.23,12.79,12.93,52362516
9/16/2022 16:00:00,12.74,13.21,12.62,13.2,67075140
9/19/2022 16:00:00,13.01,13.46,13.01,13.38,56968528
9/20/2022 16:00:00,13.21,13.48,13.06,13.18,52481775
9/21/2022 16:00:00,13.21,14.03,13.11,13.26,80767940
9/22/2022 16:00:00,13.07,13.15,12.43,12.56,75916216
9/23/2022 16:00:00,12.42,12.61,12.26,12.52,66330931
9/26/2022 16:00:00,12.49,12.66,12.21,12.23,54734269
9/27/2022 16:00:00,12.51,12.74,12.26,12.41,55385406
9/28/2022 16:00:00,12.41,12.82,12.35,12.74,54241388
9/29/2022 16:00:00,12.45,12.5,11.95,12.22,53276312
9/30/2022 16:00:00,12.09,12.63,12.08,12.14,56563842
10/3/2022 16:00:00,12.35,12.68,12.11,12.51,54747847
10/4/2022 16:00:00,12.88,13.22,12.88,13.17,58418167
10/5/2022 16:00:00,12.91,13.32,12.62,13.21,50713073
10/6/2022 16:00:00,13.22,13.66,13.1,13.13,64415689
10/7/2022 16:00:00,12.51,12.67,12.02,12.08,67247816
10/10/2022 16:00:00,12.04,12.12,11.41,11.67,69869925
10/11/2022 16:00:00,11.56,11.85,11.28,11.59,66748163
10/12/2022 16:00:00,11.58,11.74,11.35,11.5,49259019
10/13/2022 16:00:00,10.97,12.08,10.81,11.96,85010301
10/14/2022 16:00:00,12.06,12.11,11.2,11.23,71343199
10/17/2022 16:00:00,11.52,11.95,11.52,11.89,58077417
10/18/2022 16:00:00,12.34,12.49,11.62,11.97,65936206
10/19/2022 16:00:00,11.88,12.35,11.83,12.05,52313061
10/20/2022 16:00:00,12.11,12.77,12.11,12.19,65239761
10/21/2022 16:00:00,12.1,12.5,11.89,12.47,60949441
10/24/2022 16:00:00,12.51,12.71,12.06,12.6,51745740
10/25/2022 16:00:00,12.69,13.3,12.66,13.26,50548233
10/26/2022 16:00:00,12.87,13.39,12.71,12.9,53553329
10/27/2022 16:00:00,13.63,13.84,13.12,13.18,58311308
10/28/2022 16:00:00,13.1,13.85,13.06,13.83,52103993
10/31/2022 16:00:00,13.78,13.84,13.3,13.5,48634099
11/1/2022 16:00:00,13.81,13.93,13.52,13.54,43281690
11/2/2022 16:00:00,13.85,14.21,13.21,13.22,67262784
11/3/2022 16:00:00,13.04,13.78,12.96,13.42,50006486
11/4/2022 16:00:00,13.99,14.23,13.7,14.16,61257591
11/7/2022 16:00:00,14.23,14.41,13.95,14.3,41006095
11/8/2022 16:00:00,14.8,14.89,14.22,14.6,59529199
11/9/2022 16:00:00,14.16,14.21,13.76,13.78,45441366
11/10/2022 16:00:00,14.8,15.77,14.55,15.75,70081925
11/11/2022 16:00:00,15.81,16.39,15.48,16.33,65548747
11/14/2022 16:00:00,16.22,16.54,15.92,16.3,52785245
11/15/2022 16:00:00,16.72,17,16.38,16.67,54587550
11/16/2022 16:00:00,16.16,16.36,15.87,15.91,64954684
11/17/2022 16:00:00,15.72,16.27,15.54,15.68,71089356
11/18/2022 16:00:00,15.97,16,15.12,15.41,49207165
11/21/2022 16:00:00,15.15,15.48,15.08,15.32,40473931
11/22/2022 16:00:00,15.33,16.06,15.12,16.04,47286607
11/23/2022 16:00:00,16.1,16.53,16.05,16.52,42724093
11/25/2022 13:05:00,16.32,16.49,16.17,16.27,16793430
11/28/2022 16:00:00,16.03,16.36,15.73,15.83,30415201
11/29/2022 16:00:00,15.83,15.93,15.52,15.64,29838449
11/30/2022 16:00:00,15.7,16.93,15.6,16.92,56529822
12/1/2022 16:00:00,17,17.27,16.64,17.14,47097657
12/2/2022 16:00:00,16.66,16.93,16.45,16.88,37138858
12/5/2022 16:00:00,16.68,17,16.47,16.61,35225517
12/6/2022 16:00:00,16.53,16.57,15.82,15.99,35269427
12/7/2022 16:00:00,15.77,16.19,15.67,16.12,37238758
12/8/2022 16:00:00,16.27,17.18,15.96,17.17,51545554
12/9/2022 16:00:00,17.16,17.58,16.98,17,46533819
12/12/2022 16:00:00,17.04,17.54,16.8,17.54,45732780
12/13/2022 16:00:00,18.53,18.79,17.71,18.07,65658876
12/14/2022 16:00:00,17.99,18.25,17.42,17.67,49688810
12/15/2022 16:00:00,17.15,17.32,16.7,16.95,47854210
12/16/2022 16:00:00,16.86,17.04,16.41,16.57,47823193
12/19/2022 16:00:00,16.57,16.61,16.15,16.25,35403877
12/20/2022 16:00:00,16.06,16.31,15.85,16.09,40325979
12/21/2022 16:00:00,16.11,16.63,16.1,16.5,32502538
12/22/2022 16:00:00,16.09,16.14,14.88,15.34,56504527
12/23/2022 16:00:00,15.2,15.34,14.88,15.21,34932563
12/27/2022 16:00:00,15.07,15.1,14.06,14.12,46490226
12/28/2022 16:00:00,13.93,14.26,13.88,14.04,35106645
12/29/2022 16:00:00,14.4,14.68,14.23,14.6,35492324
12/30/2022 16:00:00,14.33,14.63,14.23,14.61,31048983
1/3/2023 16:00:00,14.85,15,14.1,14.32,40127658
1/4/2023 16:00:00,14.57,14.85,14.24,14.75,43132360
1/5/2023 16:00:00,14.49,14.56,14.15,14.27,38916811
1/6/2023 16:00:00,14.47,15.01,14.03,14.86,40504362
1/9/2023 16:00:00,15.28,16.06,15.14,15.63,50423056
1/10/2023 16:00:00,15.51,15.96,15.47,15.91,38410126
1/11/2023 16:00:00,15.84,16.03,15.56,16,35328493
1/12/2023 16:00:00,16.1,16.64,15.49,16.51,55140906
1/13/2023 16:00:00,16.28,16.92,16.17,16.9,44728706
1/17/2023 16:00:00,16.9,17.73,16.9,17.7,51110216
1/18/2023 16:00:00,17.67,17.87,17.28,17.38,43962355
1/19/2023 16:00:00,17.04,17.2,16.73,16.77,45293160
1/20/2023 16:00:00,17.01,17.86,16.83,17.84,56496712
1/23/2023 16:00:00,18.06,19.25,17.82,19.19,65516259
1/24/2023 16:00:00,18.83,19.5,18.82,19.27,49620410
1/25/2023 16:00:00,18.91,19.37,18.58,19.32,44953711
1/26/2023 16:00:00,19.7,20.17,19.28,19.8,48953542
1/27/2023 16:00:00,19.46,20.63,19.41,20.36,54214198
1/30/2023 16:00:00,19.95,20.14,19.15,19.16,48861115
1/31/2023 16:00:00,19.17,19.69,18.95,19.54,49801658
2/1/2023 16:00:00,19.69,21.19,19.61,20.94,66047704
2/2/2023 16:00:00,21,21.95,20.7,21.71,56427580
2/3/2023 16:00:00,21,21.74,20.79,21.1,42936595
2/6/2023 16:00:00,20.81,21.57,20.79,21.09,45219709
2/7/2023 16:00:00,21.38,22.26,21.15,22.17,66414961
2/8/2023 16:00:00,22.39,22.88,22.01,22.21,55965122
2/9/2023 16:00:00,22.61,23.02,22.12,22.34,52387578
2/10/2023 16:00:00,21.69,22.08,20.81,21.27,55073675
2/13/2023 16:00:00,21.54,22.05,20.96,21.79,47491862
2/14/2023 16:00:00,21.58,23.05,21.37,22.97,67547350
2/15/2023 16:00:00,22.55,22.86,22.11,22.76,42118826
2/16/2023 16:00:00,22.13,22.55,21.93,22,41202628
2/17/2023 16:00:00,21.63,21.74,20.98,21.39,46588764
2/21/2023 16:00:00,21,21.49,20.62,20.66,41001455
2/22/2023 16:00:00,20.71,21.1,20.42,20.75,51318432
2/23/2023 16:00:00,23.44,23.89,23.03,23.66,111799541
2/24/2023 16:00:00,23.23,23.47,22.95,23.29,58971591
2/27/2023 16:00:00,23.67,23.88,23.45,23.5,45299367
2/28/2023 16:00:00,23.37,23.83,23.21,23.22,45596280
3/1/2023 16:00:00,23.19,23.26,22.51,22.7,46002562
3/2/2023 16:00:00,22.49,23.38,22.43,23.31,39007465
3/3/2023 16:00:00,23.32,23.9,23.13,23.89,41239330
3/6/2023 16:00:00,23.89,24.25,23.49,23.55,43742923
3/7/2023 16:00:00,23.6,24.13,23.24,23.29,51515388
3/8/2023 16:00:00,23.49,24.2,23.42,24.18,51357339
3/9/2023 16:00:00,24.18,24.45,23.38,23.44,50125699
3/10/2023 16:00:00,23.41,23.63,22.73,22.97,47486565
3/13/2023 16:00:00,22.75,23.3,22.3,22.97,42189032
3/14/2023 16:00:00,23.5,24.22,23.46,24.06,47491013
3/15/2023 16:00:00,23.76,24.29,23.36,24.23,52448574
3/16/2023 16:00:00,24.03,25.59,23.89,25.54,58494626
3/17/2023 16:00:00,25.98,26.4,25.67,25.73,84854656
3/20/2023 16:00:00,25.62,26.02,25.13,25.9,43274719
3/21/2023 16:00:00,26.18,26.39,25.38,26.2,54740776
3/22/2023 16:00:00,26.43,27.59,26.24,26.47,79729511
3/23/2023 16:00:00,27.12,27.5,26.69,27.19,56488876
3/24/2023 16:00:00,27.03,27.17,26.36,26.78,45541407
3/27/2023 16:00:00,26.84,27,26.37,26.53,36102574
3/28/2023 16:00:00,26.45,26.51,25.85,26.41,35610378
3/29/2023 16:00:00,26.83,27.08,26.6,26.98,39369387
3/30/2023 16:00:00,27.23,27.5,27.1,27.38,36451574
3/31/2023 16:00:00,27.14,27.83,27.11,27.78,43393277
4/3/2023 16:00:00,27.51,28,27.34,27.97,39871560
4/4/2023 16:00:00,27.97,28,27.31,27.45,36859153
4/5/2023 16:00:00,26.83,27,26.4,26.88,51501474
4/6/2023 16:00:00,26.58,27.08,26.43,27.04,39765434
4/10/2023 16:00:00,26.82,27.62,26.67,27.58,39527855
4/11/2023 16:00:00,27.72,27.79,27.13,27.17,31437817
4/12/2023 16:00:00,27.37,27.47,26.45,26.5,44625895
4/13/2023 16:00:00,26.73,26.89,26.33,26.46,35361528
4/14/2023 16:00:00,26.5,26.88,26.22,26.76,39566013
4/17/2023 16:00:00,26.57,27.01,26.43,27,32147130
4/18/2023 16:00:00,27.53,28.11,27.36,27.67,60481154
4/19/2023 16:00:00,27.36,28,27.23,27.93,35866041
4/20/2023 16:00:00,27.67,28.03,27,27.1,42771326
4/21/2023 16:00:00,26.95,27.18,26.72,27.12,34510277
4/24/2023 16:00:00,27.01,27.37,26.67,27.04,33928186
4/25/2023 16:00:00,27.08,27.25,26.23,26.24,37852716
4/26/2023 16:00:00,27,27.33,26.71,26.96,40633681
4/27/2023 16:00:00,27.36,27.5,26.63,27.23,37716119
4/28/2023 16:00:00,27.23,27.76,27.07,27.75,29221614
5/1/2023 16:00:00,27.84,29.06,27.78,28.91,57032853
5/2/2023 16:00:00,28.68,28.84,28.08,28.21,40272957
5/3/2023 16:00:00,27.84,28.37,27.47,27.8,38338740
5/4/2023 16:00:00,27.65,27.86,27.24,27.56,32185041
5/5/2023 16:00:00,27.83,28.76,27.73,28.68,36149408
5/8/2023 16:00:00,28.52,29.22,28.35,29.15,34497890
5/9/2023 16:00:00,28.9,28.97,28.45,28.57,31486946
5/10/2023 16:00:00,29.01,29.11,28.46,28.89,36934998
5/11/2023 16:00:00,28.9,28.95,28.25,28.58,32214903
5/12/2023 16:00:00,28.53,28.78,28.05,28.34,27422225
5/15/2023 16:00:00,28.51,28.97,28.15,28.95,29392587
5/16/2023 16:00:00,28.84,29.87,28.83,29.21,44940494
5/17/2023 16:00:00,29.58,30.2,29.43,30.18,43253541
5/18/2023 16:00:00,30.41,31.83,30.32,31.68,74872501
5/19/2023 16:00:00,31.54,31.58,30.92,31.26,47390765
5/22/2023 16:00:00,30.9,31.52,30.68,31.18,37199967
5/23/2023 16:00:00,31,31.29,30.63,30.69,35625326
5/24/2023 16:00:00,30.21,30.61,29.81,30.54,72141851
5/25/2023 16:00:00,38.52,39.48,36.64,37.98,154391067
5/26/2023 16:00:00,37.89,39.17,37.55,38.95,71439676
5/30/2023 16:00:00,40.6,41.94,39.95,40.11,92340110
5/31/2023 16:00:00,39.49,40.3,37.82,37.83,100258020
6/1/2023 16:00:00,38.49,40.05,38.34,39.77,63587295
6/2/2023 16:00:00,40.1,40.5,39.06,39.33,48273121
6/5/2023 16:00:00,38.91,39.57,38.71,39.17,39609381
6/6/2023 16:00:00,38.83,39.16,38.15,38.65,38872914
6/7/2023 16:00:00,38.92,39.5,37.36,37.48,51199789
6/8/2023 16:00:00,37.72,38.86,37.51,38.51,41777240
6/9/2023 16:00:00,39.04,39.71,38.57,38.77,42771747
6/12/2023 16:00:00,39.2,39.53,38.62,39.48,38967335
6/13/2023 16:00:00,40.19,41.1,39.74,41.02,61320816
6/14/2023 16:00:00,40.82,43,40.55,43,74046502
6/15/2023 16:00:00,42.6,43.29,42.15,42.65,56862204
6/16/2023 16:00:00,43.45,43.72,42.66,42.69,65570941
6/20/2023 16:00:00,43,43.99,42.67,43.81,45115311
6/21/2023 16:00:00,43.5,43.62,42.08,43.05,55160291
6/22/2023 16:00:00,42.25,43.43,42.23,43.03,41773743
6/23/2023 16:00:00,42.46,42.81,42.02,42.21,35813984
6/26/2023 16:00:00,42.46,42.76,40.1,40.63,59432192
6/27/2023 16:00:00,40.8,41.94,40.45,41.88,46217470
6/28/2023 16:00:00,40.66,41.85,40.52,41.12,58263927
6/29/2023 16:00:00,41.56,41.6,40.6,40.82,38051430
6/30/2023 16:00:00,41.68,42.55,41.5,42.3,50114775
7/3/2023 13:05:00,42.52,42.9,42.2,42.41,19820919
7/5/2023 16:00:00,42.14,43.18,42.09,42.32,32361756
7/6/2023 16:00:00,41.84,42.18,41.35,42.1,30413879
7/7/2023 16:00:00,42.32,43.21,42.18,42.5,35588147
7/10/2023 16:00:00,42.66,42.81,41.65,42.18,35390811
7/11/2023 16:00:00,42.48,42.76,42.07,42.41,29824406
7/12/2023 16:00:00,43.03,43.94,42.78,43.9,48127702
7/13/2023 16:00:00,44.52,46.16,44.49,45.98,47820369
7/14/2023 16:00:00,46.58,48.09,45.06,45.47,77207533
7/17/2023 16:00:00,46.29,46.5,45.26,46.46,51048822
7/18/2023 16:00:00,46.7,47.9,45.73,47.49,57019042
7/19/2023 16:00:00,47.46,47.82,46.74,47.08,42750179
7/20/2023 16:00:00,46.51,47.09,45.06,45.52,53786451
7/21/2023 16:00:00,45.79,45.87,44.1,44.31,96376863
7/24/2023 16:00:00,44.73,45.11,44.04,44.61,38309974
7/25/2023 16:00:00,44.94,46.18,44.92,45.68,34808091
7/26/2023 16:00:00,46.02,46.05,44.63,45.45,36423726
7/27/2023 16:00:00,46.52,47.4,45.75,45.9,45597552
7/28/2023 16:00:00,46.67,47.03,46.38,46.75,33119424
7/31/2023 16:00:00,46.75,47.13,46.51,46.73,25105528
8/1/2023 16:00:00,46.46,46.9,46.03,46.51,23927597
8/2/2023 16:00:00,45.83,45.84,43.39,44.27,53014157
8/3/2023 16:00:00,43.8,45.12,43.8,44.52,32507660
8/4/2023 16:00:00,44.99,45.64,44.39,44.68,36266618
8/7/2023 16:00:00,45.11,45.54,44.56,45.42,32215354
8/8/2023 16:00:00,44.85,45.24,44.06,44.66,35384343
8/9/2023 16:00:00,44.27,44.31,42.13,42.55,58644907
8/10/2023 16:00:00,42.16,43.57,41.84,42.39,49270530
8/11/2023 16:00:00,41.75,42.02,40.64,40.85,53308526
8/14/2023 16:00:00,40.49,43.8,40.31,43.75,69028583
8/15/2023 16:00:00,44.56,45.27,43.71,43.94,67651151
8/16/2023 16:00:00,44.52,44.68,43.41,43.49,52745068
8/17/2023 16:00:00,43.97,44.06,43,43.34,45239482
8/18/2023 16:00:00,42.64,43.58,41.66,43.3,58376787
8/21/2023 16:00:00,44.49,47.07,44.22,46.97,69257337
8/22/2023 16:00:00,48.14,48.19,45.33,45.67,75720691
8/23/2023 16:00:00,45.87,47.2,45.21,47.12,77904608
8/24/2023 16:00:00,50.22,50.27,47.16,47.16,115604409
8/25/2023 16:00:00,47.01,47.81,45.02,46.02,92534052
8/28/2023 16:00:00,46.48,46.98,44.89,46.84,68519223
8/29/2023 16:00:00,46.67,49.08,46.39,48.78,70139699
8/30/2023 16:00:00,49.04,49.93,48.43,49.26,73520598
8/31/2023 16:00:00,49.38,49.74,48.96,49.36,52856977
9/1/2023 16:00:00,49.76,49.8,48.14,48.51,46383030
9/5/2023 16:00:00,48.22,48.85,47.86,48.55,38265258
9/6/2023 16:00:00,48.44,48.55,46.58,47.06,46866957
9/7/2023 16:00:00,45.53,46.34,45.15,46.24,43332989
9/8/2023 16:00:00,45.94,46.61,45.27,45.57,47389994
9/11/2023 16:00:00,46.15,46.16,44.31,45.18,47396555
9/12/2023 16:00:00,44.74,45.67,44.53,44.87,34925634
9/13/2023 16:00:00,44.6,45.93,44.5,45.49,39835535
9/14/2023 16:00:00,45.95,45.99,45.13,45.58,37009720
9/15/2023 16:00:00,45.34,45.6,43.81,43.9,50683051
9/18/2023 16:00:00,42.75,44.24,42,43.97,50027079
9/19/2023 16:00:00,43.83,43.97,43,43.52,37306424
9/20/2023 16:00:00,43.6,43.9,42.22,42.24,36710769
9/21/2023 16:00:00,41.58,42.1,40.98,41.02,45073596
9/22/2023 16:00:00,41.57,42.12,41.23,41.61,47923631
9/25/2023 16:00:00,41.59,42.54,41.18,42.22,41909096
9/26/2023 16:00:00,42,42.82,41.66,41.91,40228209
9/27/2023 16:00:00,42.33,42.87,41.63,42.47,44493520
9/28/2023 16:00:00,42.46,43.45,42.12,43.09,42466279
9/29/2023 16:00:00,43.83,44.14,43.31,43.5,39782993
10/2/2023 16:00:00,44.03,45.18,43.86,44.78,43329821
10/3/2023 16:00:00,44.81,45.13,43.25,43.52,47084954
10/4/2023 16:00:00,43.74,44.14,43.29,44.04,36182086
10/5/2023 16:00:00,44.05,44.9,43.89,44.69,39348309
10/6/2023 16:00:00,44.19,45.79,44.03,45.76,43443602
10/9/2023 16:00:00,44.84,45.61,44.37,45.27,40967472
10/10/2023 16:00:00,45.31,46.26,45.09,45.8,36858208
10/11/2023 16:00:00,46.2,46.86,46.05,46.81,37813689
10/12/2023 16:00:00,46.78,47.61,46.33,46.95,48132500
10/13/2023 16:00:00,46.96,47.12,45.28,45.46,47542599
10/16/2023 16:00:00,45.06,46.23,44.91,46.1,37509924
10/17/2023 16:00:00,44,44.75,42.48,43.94,81233267
10/18/2023 16:00:00,42.59,43.22,41.83,42.2,62729434
10/19/2023 16:00:00,42.81,43.3,41.88,42.1,50123308
10/20/2023 16:00:00,41.89,42.47,41.08,41.39,47726605
10/23/2023 16:00:00,41.23,43.25,40.95,42.98,47853049
10/24/2023 16:00:00,43.08,43.7,42.69,43.66,40146337
10/25/2023 16:00:00,43.4,43.65,41.56,41.78,39837922
10/26/2023 16:00:00,41.85,42.26,39.88,40.33,54100132
10/27/2023 16:00:00,41.13,41.21,40.02,40.5,41678441
10/30/2023 16:00:00,41.09,41.77,40.48,41.16,38802814
10/31/2023 16:00:00,40.45,40.88,39.23,40.78,51796870
11/1/2023 16:00:00,40.88,42.38,40.87,42.33,43759290
11/2/2023 16:00:00,43.33,43.88,42.89,43.51,40917187
11/3/2023 16:00:00,44.02,45.31,43.72,45.01,42460959
11/6/2023 16:00:00,45.28,45.94,44.9,45.75,40073335
11/7/2023 16:00:00,45.72,46.22,45.16,45.96,34316547
11/8/2023 16:00:00,46.1,46.87,45.97,46.57,34671894
11/9/2023 16:00:00,47.47,48.23,46.75,46.95,54049597
11/10/2023 16:00:00,47.5,48.47,47.28,48.34,42244156
11/13/2023 16:00:00,48.32,49.12,48.1,48.62,38413570
11/14/2023 16:00:00,49.68,49.83,49.04,49.66,41695387
11/15/2023 16:00:00,49.94,49.96,48.2,48.89,47549735
11/16/2023 16:00:00,48.68,49.52,48.33,49.48,33975624
11/17/2023 16:00:00,49.52,49.72,49.01,49.3,32589691
11/20/2023 16:00:00,49.31,50.55,49.18,50.41,41614260
11/21/2023 16:00:00,50.13,50.52,49.22,49.94,56574687
11/22/2023 16:00:00,49.85,50.33,47.69,48.72,90064233
11/24/2023 13:05:00,48.47,48.92,47.75,47.78,29464464
11/27/2023 16:00:00,47.8,48.53,47.65,48.24,39566190
11/28/2023 16:00:00,48.24,48.32,47.47,47.82,40149085
11/29/2023 16:00:00,48.38,48.76,47.86,48.14,38200465
11/30/2023 16:00:00,48.02,48.11,46.42,46.77,52624663
12/1/2023 16:00:00,46.53,47.2,46.19,46.77,36931701
12/4/2023 16:00:00,46.08,46.08,45.01,45.51,43754344
12/5/2023 16:00:00,45.47,46.6,45.27,46.57,37171762
12/6/2023 16:00:00,47.21,47.39,45.41,45.5,38058955
12/7/2023 16:00:00,45.7,46.63,45.6,46.6,35082255
12/8/2023 16:00:00,46.6,47.74,46.55,47.51,35922370
12/11/2023 16:00:00,47.49,47.53,45.83,46.63,50972809
12/12/2023 16:00:00,46.05,47.67,46.05,47.66,37238686
12/13/2023 16:00:00,47.63,48.59,47.61,48.09,44779186
12/14/2023 16:00:00,48.39,48.67,47.42,48.35,39123174
12/15/2023 16:00:00,48.19,49.4,48.12,48.89,47994758
12/18/2023 16:00:00,49.4,50.43,49.15,50.08,41258717
12/19/2023 16:00:00,49.42,49.7,48.9,49.6,46444446
12/20/2023 16:00:00,49.66,50,48.1,48.11,39789439
12/21/2023 16:00:00,48.81,49.1,48.42,48.99,30042535
12/22/2023 16:00:00,49.2,49.38,48.47,48.83,25250676
12/26/2023 16:00:00,48.97,49.6,48.96,49.28,24419952
12/27/2023 16:00:00,49.51,49.68,49.09,49.42,23364798
12/28/2023 16:00:00,49.64,49.88,49.41,49.52,24658748
12/29/2023 16:00:00,49.81,50,48.75,49.52,38929330
1/2/2024 16:00:00,49.24,49.3,47.6,48.17,41125422
1/3/2024 16:00:00,47.49,48.18,47.32,47.57,32089617
1/4/2024 16:00:00,47.77,48.5,47.51,48,30653489
1/5/2024 16:00:00,48.46,49.55,48.31,49.1,41503927
1/8/2024 16:00:00,49.51,52.28,49.48,52.25,64250990
1/9/2024 16:00:00,52.4,54.33,51.69,53.14,77310006
1/10/2024 16:00:00,53.62,54.6,53.49,54.35,53379576
1/11/2024 16:00:00,55,55.35,53.56,54.82,59675877
1/12/2024 16:00:00,54.62,54.97,54.33,54.71,35299360
1/16/2024 16:00:00,55.02,56.83,54.9,56.38,44957973
1/17/2024 16:00:00,56.35,56.47,54.74,56.05,47439444
1/18/2024 16:00:00,57.26,57.6,56.11,57.11,49165036
1/19/2024 16:00:00,57.99,59.5,57.23,59.49,54350148
1/22/2024 16:00:00,60.05,60.33,59.07,59.65,45295463
1/23/2024 16:00:00,59.57,59.91,58.59,59.87,29465445
1/24/2024 16:00:00,60.3,62.85,59.94,61.36,56027076
1/25/2024 16:00:00,62.35,62.72,60.85,61.62,48277684
1/26/2024 16:00:00,60.96,61.78,60.57,61.03,39030859
1/29/2024 16:00:00,61.23,62.49,60.91,62.47,34873298
1/30/2024 16:00:00,62.9,63.49,62.26,62.77,41073530
1/31/2024 16:00:00,61.44,62.27,60.7,61.53,45379487
2/1/2024 16:00:00,62.1,63.19,61.65,63.03,36914579
2/2/2024 16:00:00,63.97,66.6,63.69,66.16,47657765
2/5/2024 16:00:00,68.22,69.5,67.21,69.33,68007801
2/6/2024 16:00:00,69.63,69.75,66.3,68.22,68311136
2/7/2024 16:00:00,68.32,70.22,67.6,70.1,49557455
2/8/2024 16:00:00,70.07,70.79,69.46,69.64,41442211
2/9/2024 16:00:00,70.53,72.19,70.21,72.13,43663689
2/12/2024 16:00:00,72.6,74.61,71.25,72.25,61371018
2/13/2024 16:00:00,70.4,73.45,69.62,72.13,60258015
2/14/2024 16:00:00,73.2,74.24,71.94,73.9,50491742
2/15/2024 16:00:00,73.87,73.97,72.4,72.66,42012181
2/16/2024 16:00:00,74.1,74.4,72.5,72.61,49532662
2/20/2024 16:00:00,71.95,71.96,67.73,69.45,70483310
2/21/2024 16:00:00,68.01,68.89,66.25,67.47,69029813
2/22/2024 16:00:00,75.03,78.58,74.22,78.54,86509974
2/23/2024 16:00:00,80.79,82.39,77.57,78.82,82938837
2/26/2024 16:00:00,79.7,80.65,78.51,79.09,50397273
2/27/2024 16:00:00,79.38,79.48,77.16,78.7,39170524
2/28/2024 16:00:00,77.62,78.93,77.13,77.66,39311040
2/29/2024 16:00:00,79.09,79.99,78.35,79.11,50728898
3/1/2024 16:00:00,80,82.3,79.44,82.28,47913510
3/4/2024 16:00:00,84.13,87.7,83.72,85.24,61561645
3/5/2024 16:00:00,85.27,86.1,83.42,85.96,52063930
3/6/2024 16:00:00,88.02,89.72,87.03,88.7,58252030
3/7/2024 16:00:00,90.16,92.77,89.6,92.67,60811916
3/8/2024 16:00:00,95.14,97.4,86.51,87.53,114226906
3/11/2024 16:00:00,86.43,88.8,84.17,85.77,67836412
3/12/2024 16:00:00,88.05,91.96,86.15,91.91,66807515
3/13/2024 16:00:00,91.06,91.5,88.44,90.89,63571289
3/14/2024 16:00:00,89.58,90.65,86.6,87.94,60231816
3/15/2024 16:00:00,86.93,89.55,86.26,87.84,64208616
3/18/2024 16:00:00,90.39,92.41,87.09,88.46,66897593
3/19/2024 16:00:00,86.7,90.54,85.01,89.4,67217127
3/20/2024 16:00:00,89.8,90.41,88.22,90.37,47906279
3/21/2024 16:00:00,92.3,92.65,90.41,91.44,48037231
3/22/2024 16:00:00,91.14,94.78,90.83,94.29,58671936
3/25/2024 16:00:00,93.94,96.77,93.51,95,55213608
3/26/2024 16:00:00,95.85,96.38,92.5,92.56,51364758
3/27/2024 16:00:00,93.11,93.24,89.12,90.25,58606723
3/28/2024 16:00:00,90,91.3,89.19,90.36,43521227
4/1/2024 16:00:00,90.3,92.23,89.2,90.36,45244149
4/2/2024 16:00:00,88.45,90.09,87.62,89.45,43306355
4/3/2024 16:00:00,88.48,90.37,88.4,88.96,37006655
4/4/2024 16:00:00,90.41,90.63,85.88,85.91,43496492
4/5/2024 16:00:00,86.87,88.48,85.93,88.01,39967846
4/8/2024 16:00:00,88.7,88.83,86.73,87.13,28322000
4/9/2024 16:00:00,87.44,87.64,83.02,85.35,50354735
4/10/2024 16:00:00,83.93,87.4,83.71,87.04,43192853
4/11/2024 16:00:00,87.42,90.74,86.93,90.62,43163727
4/12/2024 16:00:00,89.7,90.17,87.53,88.19,42680479
4/15/2024 16:00:00,89.1,90.61,85.93,86,44307695
4/16/2024 16:00:00,86.43,88.12,86.06,87.42,37045302
4/17/2024 16:00:00,88.34,88.78,83.95,84.04,49539951
4/18/2024 16:00:00,84.97,86.19,82.4,84.67,44726034
4/19/2024 16:00:00,83.15,84.32,75.61,76.2,87519800
4/22/2024 16:00:00,78.1,80.07,76.4,79.52,59634051
4/23/2024 16:00:00,80.77,82.77,80.26,82.42,43855937
4/24/2024 16:00:00,83.95,84.08,79.18,79.68,51220753
4/25/2024 16:00:00,78.87,83.32,78.22,82.63,42464073
4/26/2024 16:00:00,83.82,88.33,83.39,87.74,55101078
4/29/2024 16:00:00,87.6,87.99,85.27,87.76,38897076
4/30/2024 16:00:00,87.24,88.82,86.3,86.4,36370870
5/1/2024 16:00:00,85.08,86,81.25,83.04,55986317
5/2/2024 16:00:00,84.45,86.24,83.2,85.82,37789754
5/3/2024 16:00:00,87.79,89.28,87.04,88.79,39834072
5/6/2024 16:00:00,89.39,92.22,89.06,92.14,37620255
5/7/2024 16:00:00,91.1,91.78,89.01,90.55,43734161
5/8/2024 16:00:00,89.48,91.19,89.42,90.41,32572102
5/9/2024 16:00:00,90.53,91.07,88.23,88.75,37801268
5/10/2024 16:00:00,90.3,91.4,89.23,89.88,33532541
5/13/2024 16:00:00,90.48,91,88.53,90.4,28968017
5/14/2024 16:00:00,89.6,91.65,88.93,91.36,29650708
5/15/2024 16:00:00,92.47,94.86,91.6,94.63,41773545
5/16/2024 16:00:00,94.91,95.82,94.1,94.36,32395182
5/17/2024 16:00:00,94.37,94.74,91.81,92.48,35969103
5/20/2024 16:00:00,93.75,95.2,93.44,94.78,31876446
5/21/2024 16:00:00,93.6,95.4,93.18,95.39,32894646
5/22/2024 16:00:00,95.46,96.02,93.25,94.95,54864799
5/23/2024 16:00:00,102.03,106.32,101.52,103.8,83506528
5/24/2024 16:00:00,104.45,106.48,103,106.47,42949367
5/28/2024 16:00:00,110.24,114.94,109.88,113.9,65272789
5/29/2024 16:00:00,113.05,115.49,110.9,114.83,55744193
5/30/2024 16:00:00,114.65,115.82,109.66,110.5,48735033
5/31/2024 16:00:00,112.52,112.72,106.94,109.63,61326250
6/3/2024 16:00:00,113.62,115,112,115,43839176
6/4/2024 16:00:00,115.72,116.6,114.05,116.44,40332401
6/5/2024 16:00:00,118.37,122.45,117.47,122.44,52840178
6/6/2024 16:00:00,124.05,125.59,118.32,121,66469619
6/7/2024 16:00:00,119.77,121.69,118.02,120.89,41238580
6/10/2024 16:00:00,120.37,123.1,117.01,121.79,314162650
6/11/2024 16:00:00,121.77,122.87,118.74,120.91,222551158
6/12/2024 16:00:00,123.06,126.88,122.57,125.2,299595001
6/13/2024 16:00:00,129.39,129.8,127.16,129.61,260704537
6/14/2024 16:00:00,129.96,132.84,128.32,131.88,309320376
6/17/2024 16:00:00,132.99,133.73,129.58,130.98,288504444
6/18/2024 16:00:00,131.14,136.33,130.69,135.58,294335054
6/20/2024 16:00:00,139.8,140.76,129.52,130.78,517768425
6/21/2024 16:00:00,127.12,130.63,124.3,126.57,655484664
6/24/2024 16:00:00,123.24,124.46,118.04,118.11,476060866
6/25/2024 16:00:00,121.2,126.5,119.32,126.09,425787456
6/26/2024 16:00:00,126.13,128.12,122.6,126.4,362975918
6/27/2024 16:00:00,124.1,126.41,122.92,123.99,252571693
6/28/2024 16:00:00,124.58,127.71,122.75,123.54,315516740
7/1/2024 16:00:00,123.47,124.84,118.83,124.3,284885534
7/2/2024 16:00:00,121.13,123.41,121.03,122.67,218373969
7/3/2024 13:05:00,121.66,128.28,121.36,128.28,215748955
7/5/2024 16:00:00,127.38,128.85,125.68,125.83,214176689
7/8/2024 16:00:00,127.49,130.77,127.04,128.2,237677322
7/9/2024 16:00:00,130.35,133.82,128.65,131.38,287020820
7/10/2024 16:00:00,134.03,135.1,132.42,134.91,248978569
7/11/2024 16:00:00,135.75,136.15,127.05,127.4,374782738
7/12/2024 16:00:00,128.26,131.92,127.22,129.24,252680535
7/15/2024 16:00:00,130.56,131.39,127.18,128.44,208326164
7/16/2024 16:00:00,128.44,129.04,124.58,126.36,214769515
7/17/2024 16:00:00,121.35,121.85,116.72,117.99,390086189
7/18/2024 16:00:00,121.85,122.4,116.56,121.09,320979530
7/19/2024 16:00:00,120.35,121.6,117.37,117.93,217223800
7/22/2024 16:00:00,120.35,124.07,119.86,123.54,258068943
7/23/2024 16:00:00,122.78,124.69,122.1,122.59,173910983
7/24/2024 16:00:00,119.17,119.95,113.44,114.25,327776884
7/25/2024 16:00:00,113.04,116.63,106.3,112.28,460067019
7/26/2024 16:00:00,116.19,116.2,111.58,113.06,293399073
7/29/2024 16:00:00,113.69,116.28,111.3,111.59,248152068
7/30/2024 16:00:00,111.52,111.99,102.54,103.73,486833274
7/31/2024 16:00:00,112.9,118.34,110.88,117.02,473174182
8/1/2024 16:00:00,117.53,120.16,106.81,109.21,523462326
8/2/2024 16:00:00,103.76,108.72,101.37,107.27,482027464
8/5/2024 16:00:00,92.06,103.41,90.69,100.45,552842375
8/6/2024 16:00:00,103.84,107.71,100.55,104.25,409012089
8/7/2024 16:00:00,107.81,108.8,98.69,98.91,411440423
8/8/2024 16:00:00,102,105.5,97.52,104.97,391910023
8/9/2024 16:00:00,105.64,106.6,103.43,104.75,290844157
8/12/2024 16:00:00,106.32,111.07,106.26,109.02,325559870
8/13/2024 16:00:00,112.44,116.23,111.58,116.14,312646660
8/14/2024 16:00:00,118.53,118.6,114.07,118.08,339246407
8/15/2024 16:00:00,118.76,123.24,117.47,122.86,318086673
8/16/2024 16:00:00,121.94,125,121.18,124.58,302589872
8/19/2024 16:00:00,124.28,130,123.42,130,318333577
8/20/2024 16:00:00,128.4,129.88,125.89,127.25,300087415
8/21/2024 16:00:00,127.32,129.35,126.66,128.5,257883572
8/22/2024 16:00:00,130.02,130.75,123.1,123.74,376189076
8/23/2024 16:00:00,125.86,129.6,125.22,129.37,323230332
8/26/2024 16:00:00,129.57,131.26,124.37,126.46,331964672
8/27/2024 16:00:00,125.05,129.2,123.88,128.3,303134573
8/28/2024 16:00:00,128.12,128.33,122.64,125.61,448101115
8/29/2024 16:00:00,121.36,124.43,116.71,117.59,453023305
8/30/2024 16:00:00,119.53,121.75,117.22,119.37,333751583
9/3/2024 16:00:00,116.01,116.21,107.29,108,477155100
9/4/2024 16:00:00,105.41,113.27,104.12,106.21,372470291
9/5/2024 16:00:00,104.99,109.65,104.76,107.21,306850696
9/6/2024 16:00:00,108.04,108.15,100.95,102.83,413638098
9/9/2024 16:00:00,104.88,106.55,103.69,106.47,273912015
9/10/2024 16:00:00,107.81,109.4,104.95,108.1,268283736
9/11/2024 16:00:00,109.39,117.19,107.42,116.91,441422370
9/12/2024 16:00:00,116.84,120.79,115.38,119.14,367100496
9/13/2024 16:00:00,119.08,119.96,117.6,119.1,238358328
9/16/2024 16:00:00,116.79,118.18,114.36,116.78,248772308
9/17/2024 16:00:00,118.17,118.8,114.83,115.59,231925876
9/18/2024 16:00:00,115.89,117.7,113.22,113.37,310318937
9/19/2024 16:00:00,117.35,119.66,117.25,117.87,293506438
9/20/2024 16:00:00,117.06,118.62,115.39,116,382462428
9/23/2024 16:00:00,116.55,116.99,114.86,116.26,206228490
9/24/2024 16:00:00,116.52,121.8,115.38,120.87,354966772
9/25/2024 16:00:00,122.02,124.94,121.61,123.51,284692948
9/26/2024 16:00:00,126.8,127.67,121.8,124.04,302582868
9/27/2024 16:00:00,123.97,124.03,119.26,121.4,271009175
9/30/2024 16:00:00,118.31,121.5,118.15,121.44,227053651
10/1/2024 16:00:00,121.77,122.44,115.79,117,302094485
10/2/2024 16:00:00,116.44,119.38,115.14,118.85,221845887
10/3/2024 16:00:00,120.92,124.36,120.34,122.85,277117973
10/4/2024 16:00:00,124.94,125.04,121.83,124.92,244465552
10/7/2024 16:00:00,124.99,130.64,124.95,127.72,346250233
10/8/2024 16:00:00,130.26,133.48,129.42,132.89,285722485
10/9/2024 16:00:00,134.11,134.52,131.38,132.65,246191612
10/10/2024 16:00:00,131.91,135,131,134.81,242311337
10/11/2024 16:00:00,134.01,135.78,133.66,134.8,170209474
10/14/2024 16:00:00,136.47,139.6,136.3,138.07,232347668
10/15/2024 16:00:00,137.87,138.57,128.74,131.6,377831021
10/16/2024 16:00:00,133.98,136.62,131.58,135.72,264879720
10/17/2024 16:00:00,139.34,140.89,136.87,136.93,306435921
10/18/2024 16:00:00,138.67,138.9,137.28,138,176090184
10/21/2024 16:00:00,138.13,143.71,138,143.71,264554514
10/22/2024 16:00:00,142.91,144.42,141.78,143.59,226311589
10/23/2024 16:00:00,142.03,142.43,137.46,139.56,285930038
10/24/2024 16:00:00,140.82,141.35,138.46,140.41,172354888
10/25/2024 16:00:00,140.93,144.13,140.8,141.54,205122109
10/28/2024 16:00:00,143,143.14,140.05,140.52,173586745
10/29/2024 16:00:00,140.29,142.26,138.9,141.25,157593634
10/30/2024 16:00:00,139.54,140.33,136.81,139.34,179418082
10/31/2024 16:00:00,137.6,137.61,132.11,132.76,270039641
11/1/2024 16:00:00,134.7,137.31,134.57,135.4,207127838
11/4/2024 16:00:00,137.21,138.96,135.57,136.05,187528173
11/5/2024 16:00:00,137.45,140.37,137.33,139.91,160537373
11/6/2024 16:00:00,142.96,146.49,141.96,145.61,242043945
11/7/2024 16:00:00,146.39,148.93,146.17,148.88,207323303
11/8/2024 16:00:00,148.77,149.77,146.26,147.63,175665830
11/11/2024 16:00:00,148.68,148.85,143.57,145.26,182325620
11/12/2024 16:00:00,146.78,149.65,146.01,148.29,198634738
11/13/2024 16:00:00,149.07,149.33,145.9,146.27,191903267
11/14/2024 16:00:00,147.64,149,145.55,146.76,194463301
11/15/2024 16:00:00,144.87,145.24,140.08,141.98,250132869
11/18/2024 16:00:00,139.5,141.55,137.15,140.15,221865993
11/19/2024 16:00:00,141.32,147.13,140.99,147.01,227834912
11/20/2024 16:00:00,147.41,147.56,142.73,145.89,309871654
11/21/2024 16:00:00,149.35,152.89,140.7,146.67,400946570
11/22/2024 16:00:00,145.93,147.16,141.1,141.95,236406154
11/25/2024 16:00:00,141.99,142.05,135.82,136.02,344941875
11/26/2024 16:00:00,137.7,139.3,135.67,136.92,190287654
11/27/2024 16:00:00,135.01,137.22,131.8,135.34,226370912
11/29/2024 13:05:00,136.78,139.35,136.05,138.25,141863156
12/2/2024 16:00:00,138.83,140.45,137.82,138.63,171682777
12/3/2024 16:00:00,138.26,140.54,137.95,140.26,164413965
12/4/2024 16:00:00,142,145.79,140.29,145.14,231224295
12/5/2024 16:00:00,145.11,146.54,143.95,145.06,172621180
12/6/2024 16:00:00,144.6,145.7,141.31,142.44,188505573
12/9/2024 16:00:00,138.97,139.95,137.13,138.81,189308625
12/10/2024 16:00:00,139.01,141.82,133.79,135.07,210020888
12/11/2024 16:00:00,137.36,140.17,135.21,139.31,184905192
12/12/2024 16:00:00,137.08,138.44,135.8,137.34,159211393
12/13/2024 16:00:00,138.94,139.6,132.54,134.25,231514881
12/16/2024 16:00:00,134.18,134.4,130.42,132,237951130
12/17/2024 16:00:00,129.09,131.59,126.86,130.39,259410263
12/18/2024 16:00:00,133.86,136.7,128.28,128.91,277444533
12/19/2024 16:00:00,131.76,134.03,129.55,130.68,209719210
12/20/2024 16:00:00,129.81,135.28,128.22,134.7,306528553
12/23/2024 16:00:00,136.28,139.79,135.12,139.67,176053506
12/24/2024 13:05:00,140,141.9,138.65,140.22,105156989
12/26/2024 16:00:00,139.7,140.85,137.73,139.93,116519090
12/27/2024 16:00:00,138.55,139.02,134.71,137.01,170582603
12/30/2024 16:00:00,134.83,140.27,134.02,137.49,167734700
12/31/2024 16:00:00,138.03,138.07,133.83,134.29,155659211
1/2/2025 16:00:00,136,138.88,134.63,138.31,198247166
1/3/2025 16:00:00,140.01,144.9,139.73,144.47,229322478
1/6/2025 16:00:00,148.59,152.16,147.82,149.43,265377359
1/7/2025 16:00:00,153.03,153.13,140.01,140.14,351782174
1/8/2025 16:00:00,142.58,143.95,137.56,140.11,227349948
1/10/2025 16:00:00,137.45,139.92,134.22,135.91,207602514
1/13/2025 16:00:00,129.99,133.49,129.51,133.23,204808914
1/14/2025 16:00:00,136.05,136.38,130.05,131.76,195590485
1/15/2025 16:00:00,133.65,136.45,131.29,136.24,185217338
1/16/2025 16:00:00,138.64,138.75,133.49,133.57,209235583
1/17/2025 16:00:00,136.69,138.5,135.46,137.71,201188760
1/21/2025 16:00:00,139.16,141.83,137.09,140.83,197748985
1/22/2025 16:00:00,144.66,147.79,143.67,147.07,237651395
1/23/2025 16:00:00,145.05,147.23,143.72,147.22,155915549
1/24/2025 16:00:00,148.37,148.97,141.88,142.62,234657635
1/27/2025 16:00:00,124.8,128.4,116.7,118.42,818830895
1/28/2025 16:00:00,121.81,129,116.25,128.99,579666350
1/29/2025 16:00:00,126.5,126.89,120.05,123.7,467120640
1/30/2025 16:00:00,123.1,125,118.1,124.65,392925469
1/31/2025 16:00:00,123.78,127.85,119.19,120.07,390372899
2/3/2025 16:00:00,114.75,118.57,113.01,116.66,371235677
2/4/2025 16:00:00,116.96,121.2,116.7,118.65,256550040
2/5/2025 16:00:00,121.76,125,120.76,124.83,263110629
2/6/2025 16:00:00,127.42,128.77,125.21,128.68,251483574
2/7/2025 16:00:00,129.22,130.37,125,129.84,228186298
2/10/2025 16:00:00,130.09,135,129.96,133.57,216989086
2/11/2025 16:00:00,132.58,134.48,131.02,132.8,178902379
2/12/2025 16:00:00,130.02,132.24,129.08,131.14,160278552
2/13/2025 16:00:00,131.56,136.5,131.17,135.29,197429975
2/14/2025 16:00:00,136.48,139.25,135.5,138.85,195479557
2/18/2025 16:00:00,141.27,143.44,137.93,139.4,219176627
2/19/2025 16:00:00,139.51,141.36,137.22,139.23,167536006
2/20/2025 16:00:00,140.03,140.66,136.79,140.11,143903583
2/21/2025 16:00:00,140.04,141.46,134.03,134.43,228217585
2/24/2025 16:00:00,136.56,138.59,130.08,130.28,251381137
2/25/2025 16:00:00,129.98,130.2,124.44,126.63,271428711
2/26/2025 16:00:00,129.99,133.73,128.49,131.28,322553814
2/27/2025 16:00:00,135,135.01,120.01,120.15,443175846
2/28/2025 16:00:00,118.02,125.09,116.4,124.92,389091145
3/3/2025 16:00:00,123.51,123.7,112.28,114.06,411381373
3/4/2025 16:00:00,110.65,119.31,110.11,115.99,398163305
3/5/2025 16:00:00,117.58,118.28,114.51,117.3,284337886
3/6/2025 16:00:00,113.53,115.35,110.22,110.57,321181861
3/7/2025 16:00:00,111.25,113.48,107.56,112.69,341755468
3/10/2025 16:00:00,109.9,111.85,105.46,106.98,366487363
3/11/2025 16:00:00,106.99,112.24,104.77,108.76,354865692
3/12/2025 16:00:00,114.12,116.76,112.88,115.74,323857454
3/13/2025 16:00:00,117.03,117.76,113.79,115.58,299033131
3/14/2025 16:00:00,118.61,121.88,118.15,121.67,277593455
3/17/2025 16:00:00,122.74,122.89,118.03,119.53,255501481
3/18/2025 16:00:00,118,119.02,114.54,115.43,299686944
3/19/2025 16:00:00,117.27,120.45,115.68,117.52,273426225
3/20/2025 16:00:00,116.55,120.2,116.47,118.53,248829749
3/21/2025 16:00:00,116.94,117.99,115.42,117.7,266498528
3/24/2025 16:00:00,119.88,122.22,119.34,121.41,228452534
3/25/2025 16:00:00,120.55,121.29,118.92,120.69,167447198
3/26/2025 16:00:00,118.73,118.84,112.71,113.76,296431667
3/27/2025 16:00:00,111.35,114.45,110.66,111.43,236902055
3/28/2025 16:00:00,111.49,112.87,109.07,109.67,229872549
3/31/2025 16:00:00,105.13,110.96,103.65,108.38,299212653
4/1/2025 16:00:00,108.52,110.2,106.47,110.15,222614034
4/2/2025 16:00:00,107.29,111.98,106.79,110.42,220601243
4/3/2025 16:00:00,103.51,105.63,101.6,101.8,338769412
4/4/2025 16:00:00,98.91,100.13,92.11,94.31,532273810
4/7/2025 16:00:00,87.46,101.75,86.62,97.64,611041347
4/8/2025 16:00:00,103.81,105.85,94.46,96.3,476243392
4/9/2025 16:00:00,98.89,115.1,97.53,114.33,612918336
4/10/2025 16:00:00,109.37,110.86,99.15,107.57,437812353
4/11/2025 16:00:00,108.5,111.55,107.48,110.93,313417265
4/14/2025 16:00:00,114.11,114.29,109.07,110.71,264705049
4/15/2025 16:00:00,110.97,113.62,110.5,112.2,228966900
4/16/2025 16:00:00,104.55,106.79,100.45,104.49,397016870
4/17/2025 16:00:00,104.45,104.47,100.05,101.49,292517465
4/21/2025 16:00:00,98.77,99.44,95.04,96.91,288501136
4/22/2025 16:00:00,98.78,99.81,97.28,98.89,241004784
4/23/2025 16:00:00,104.52,104.8,102.02,102.71,247525971
4/24/2025 16:00:00,103.48,106.54,103.11,106.43,220815041
4/25/2025 16:00:00,106.85,111.92,105.73,111.01,251064672
4/28/2025 16:00:00,109.69,110.37,106.02,108.73,207708479
4/29/2025 16:00:00,107.67,110.2,107.44,109.02,170444263
4/30/2025 16:00:00,104.47,108.92,104.08,108.92,235044611
5/1/2025 16:00:00,113.08,114.94,111.3,111.61,236121507
5/2/2025 16:00:00,114.18,115.4,113.37,114.5,190194778
5/5/2025 16:00:00,112.91,114.67,112.66,113.82,133163241
5/6/2025 16:00:00,111.48,114.74,110.82,113.54,158525621
5/7/2025 16:00:00,113.05,117.68,112.28,117.06,207827821
5/8/2025 16:00:00,118.25,118.68,115.85,117.37,198428122
5/9/2025 16:00:00,117.35,118.23,115.21,116.65,132972189
5/12/2025 16:00:00,121.97,123,120.28,123,225023345
5/13/2025 16:00:00,124.98,131.22,124.47,129.93,330430105
5/14/2025 16:00:00,133.2,135.44,131.68,135.34,281180830
5/15/2025 16:00:00,134.29,136.3,132.66,134.83,226632563
5/16/2025 16:00:00,136.22,136.35,133.46,135.4,226542451
5/19/2025 16:00:00,132.39,135.87,132.39,135.57,193154571
5/20/2025 16:00:00,134.29,134.58,132.62,134.38,161514247
5/21/2025 16:00:00,133.06,137.4,130.59,131.8,270608738
5/22/2025 16:00:00,133.06,137.4,130.59,131.8,7196599
5/23/2025 16:00:00,130,132.68,129.16,131.29,198821324
5/27/2025 16:00:00,134.15,135.66,133.31,135.5,192953613
5/28/2025 16:00:00,136.03,137.25,134.79,134.81,304021146
5/29/2025 16:00:00,142.25,143.49,137.91,139.19,370615167
5/30/2025 16:00:00,138.72,139.62,132.92,135.13,333170851
6/2/2025 16:00:00,135.49,138.12,135.4,137.38,197663116
6/3/2025 16:00:00,138.78,142,137.95,141.22,225578783
6/4/2025 16:00:00,142.19,142.39,139.54,141.92,167120819
6/5/2025 16:00:00,142.17,144,138.83,139.99,232410759
6/6/2025 16:00:00,142.51,143.27,141.51,141.72,153986153
6/9/2025 16:00:00,143.19,145,141.94,142.63,185114494
6/10/2025 16:00:00,142.69,144.29,141.53,143.96,155881897
6/11/2025 16:00:00,144.61,144.99,141.87,142.83,167694044
6/12/2025 16:00:00,141.97,145,141.85,145,162364991
6/13/2025 16:00:00,142.48,143.58,140.85,141.97,180820565
6/16/2025 16:00:00,143.35,146.18,143.2,144.69,183133666
6/17/2025 16:00:00,144.49,145.22,143.78,144.12,139108000
6/18/2025 16:00:00,144.01,145.65,143.12,145.48,161494121
6/20/2025 16:00:00,145.45,146.2,142.65,143.85,242956157
6/23/2025 16:00:00,142.5,144.78,142.03,144.17,154308941
6/24/2025 16:00:00,145.56,147.96,145.5,147.9,187566121
6/25/2025 16:00:00,149.27,154.45,149.26,154.31,269146471
6/26/2025 16:00:00,155.98,156.72,154,155.02,198145746
6/27/2025 16:00:00,156.04,158.71,155.26,157.75,263234539
6/30/2025 16:00:00,158.4,158.66,155.96,157.99,194580316
7/1/2025 16:00:00,156.29,157.2,151.49,153.3,213143621
7/2/2025 16:00:00,152.98,157.6,152.97,157.25,171224111
7/3/2025 13:05:00,158.37,160.98,157.77,159.34,143716055
7/7/2025 16:00:00,158.2,159.31,157.34,158.24,140138975
7/8/2025 16:00:00,159.33,160.22,158.39,160,138133025
7/9/2025 16:00:00,161.22,164.42,161.16,162.88,183656443
7/10/2025 16:00:00,164.32,164.5,161.61,164.1,167704075
7/11/2025 16:00:00,163.72,167.89,163.47,164.92,193633263
7/14/2025 16:00:00,165.37,165.49,162.02,164.07,136975754
7/15/2025 16:00:00,171.19,172.4,169.2,170.7,230627350
7/16/2025 16:00:00,171.06,171.75,168.9,171.37,158831509
7/17/2025 16:00:00,172.02,174.16,170.83,173,160841119
7/18/2025 16:00:00,173.64,174.25,171.26,172.41,146456416
7/21/2025 16:00:00,172.75,173.38,171,171.38,123126136
7/22/2025 16:00:00,171.34,171.39,164.58,167.03,193114327
7/23/2025 16:00:00,169.53,171.26,167.97,170.78,154082197
7/24/2025 16:00:00,172.44,173.83,171.3,173.74,128984628
7/25/2025 16:00:00,173.61,174.72,172.96,173.5,122316792
7/28/2025 16:00:00,174.02,177,173.97,176.75,140023521
7/29/2025 16:00:00,177.96,179.38,175.02,175.51,154077512
7/30/2025 16:00:00,176.51,179.89,176.04,179.27,174312208
7/31/2025 16:00:00,182.9,183.3,175.93,177.87,221685446
8/1/2025 16:00:00,174.09,176.54,170.89,173.72,204528985
8/4/2025 16:00:00,175.16,180.2,174.52,180,148174609
8/5/2025 16:00:00,179.62,180.26,175.9,178.26,156407621
8/6/2025 16:00:00,176.33,179.9,176.25,179.42,137192265
8/7/2025 16:00:00,181.57,183.88,178.8,180.77,151878365
8/8/2025 16:00:00,181.55,183.3,180.4,182.7,123396679
8/11/2025 16:00:00,182.05,183.84,180.25,182.06,138323191
8/12/2025 16:00:00,182.96,184.48,179.46,183.16,145729202
8/13/2025 16:00:00,182.62,183.97,179.35,181.59,179871724
8/14/2025 16:00:00,179.75,183.02,179.46,182.02,129553959
8/15/2025 16:00:00,181.88,181.9,178.04,180.45,156602161
8/18/2025 16:00:00,180.6,182.94,180.59,182.01,132007959
8/19/2025 16:00:00,182.43,182.5,175.49,175.64,185229219
8/20/2025 16:00:00,175.17,176,168.8,175.4,215142725
8/21/2025 16:00:00,174.85,176.9,173.81,174.98,140040850
8/22/2025 16:00:00,172.61,178.59,171.2,177.99,172789427
8/25/2025 16:00:00,178.35,181.91,176.57,179.81,163012789
8/26/2025 16:00:00,180.06,182.39,178.81,181.77,168688186
8/27/2025 16:00:00,181.98,182.49,179.1,181.6,235518949
8/28/2025 16:00:00,180.82,184.47,176.41,180.17,281787824
8/29/2025 16:00:00,178.11,178.15,173.15,174.18,243257873
9/2/2025 16:00:00,170,172.38,167.22,170.78,231164853
9/3/2025 16:00:00,171.06,172.41,168.88,170.62,164424873
9/4/2025 16:00:00,170.57,171.86,169.41,171.66,141670144
9/5/2025 16:00:00,168.03,169.03,164.07,167.02,224441435
9/8/2025 16:00:00,167.55,170.96,167.35,168.31,163769133
9/9/2025 16:00:00,169.09,170.98,166.74,170.76,157548392
9/10/2025 16:00:00,176.64,179.29,175.47,177.33,226852020
9/11/2025 16:00:00,179.68,180.28,176.48,177.17,151159274
9/12/2025 16:00:00,177.77,178.6,176.45,177.82,124911026
9/15/2025 16:00:00,175.67,178.85,174.51,177.75,147061559
9/16/2025 16:00:00,177,177.5,174.38,174.88,140737775
9/17/2025 16:00:00,172.64,173.2,168.41,170.29,211843817
9/18/2025 16:00:00,173.98,177.1,172.96,176.24,191763313
9/19/2025 16:00:00,175.77,178.08,175.18,176.67,237182143
9/22/2025 16:00:00,175.3,184.55,174.71,183.61,269637001
9/23/2025 16:00:00,181.97,182.42,176.21,178.43,192559552
9/24/2025 16:00:00,179.77,179.78,175.4,176.97,143564116
9/25/2025 16:00:00,174.48,180.26,173.13,177.69,191586733
9/26/2025 16:00:00,178.17,179.77,174.93,178.19,148573732
9/29/2025 16:00:00,180.43,184,180.32,181.85,193063455
9/30/2025 16:00:00,182.08,187.35,181.48,186.58,236981032
10/1/2025 16:00:00,185.24,188.14,183.9,187.24,173844901
10/2/2025 16:00:00,189.6,191.05,188.06,188.89,136805821
10/3/2025 16:00:00,189.19,190.36,185.38,187.62,137596896
10/6/2025 16:00:00,185.5,187.23,183.33,185.54,157678104
10/7/2025 16:00:00,186.23,189.06,184,185.04,140088008
10/8/2025 16:00:00,186.57,189.6,186.54,189.11,130168861
10/9/2025 16:00:00,192.23,195.3,191.06,192.57,182997234
10/10/2025 16:00:00,193.51,195.62,182.05,183.16,268774359
10/13/2025 16:00:00,187.97,190.11,185.96,188.32,153482755
10/14/2025 16:00:00,184.77,184.8,179.7,180.03,205641380
10/15/2025 16:00:00,184.8,184.87,177.29,179.83,214450482
10/16/2025 16:00:00,182.23,183.28,179.77,181.81,179723309
10/17/2025 16:00:00,180.18,184.1,179.75,183.22,173135217
10/20/2025 16:00:00,183.13,185.2,181.73,182.64,128544711
10/21/2025 16:00:00,182.79,182.79,179.8,181.16,124240168
10/22/2025 16:00:00,181.14,183.44,176.76,180.28,162249552
10/23/2025 16:00:00,180.42,183.03,179.79,182.16,111363718
10/24/2025 16:00:00,183.84,187.47,183.5,186.26,131296677
10/27/2025 16:00:00,189.99,192,188.43,191.49,153452704
10/28/2025 16:00:00,193.05,203.15,191.91,201.03,297986180
10/29/2025 16:00:00,207.98,212.19,204.78,207.04,308829564
10/30/2025 16:00:00,205.15,206.16,201.41,202.89,178864443
10/31/2025 16:00:00,206.45,207.97,202.07,202.49,179802178
11/3/2025 16:00:00,208.08,211.34,205.56,206.88,180267285
11/4/2025 16:00:00,203,203.97,197.93,198.69,188919320
11/5/2025 16:00:00,198.77,202.92,194.65,195.21,171350332
11/6/2025 16:00:00,196.42,197.62,186.38,188.08,223029778
11/7/2025 16:00:00,184.9,188.32,178.91,188.15,264942255
11/10/2025 16:00:00,195.11,199.94,193.79,199.05,198897134
11/11/2025 16:00:00,195.16,195.42,191.3,193.16,176483327
11/12/2025 16:00:00,195.72,195.89,191.13,193.8,154935263
11/13/2025 16:00:00,191.05,191.44,183.85,186.86,207423074
11/14/2025 16:00:00,182.86,191.01,180.58,190.17,186591856
11/17/2025 16:00:00,185.97,189,184.32,186.6,173628858
11/18/2025 16:00:00,183.38,184.8,179.65,181.36,213598877
11/19/2025 16:00:00,184.79,187.86,182.83,186.52,247246436
11/20/2025 16:00:00,195.95,196,179.85,180.64,343504849
11/21/2025 16:00:00,181.24,184.56,172.93,178.88,346926153
11/24/2025 16:00:00,179.49,183.5,176.48,182.55,256618335
11/25/2025 16:00:00,174.91,178.16,169.55,177.82,320600271
11/26/2025 16:00:00,181.63,182.91,178.24,180.26,183852010
11/28/2025 13:05:00,179.01,179.29,176.5,177,121332776
12/1/2025 16:00:00,174.76,180.3,173.68,179.92,188130955
12/2/2025 16:00:00,181.76,185.66,180,181.46,182632230
12/3/2025 16:00:00,181.08,182.45,179.11,179.59,165138023
12/4/2025 16:00:00,181.62,184.52,179.96,183.38,167364857
12/5/2025 16:00:00,183.89,184.66,180.91,182.41,143971098
12/8/2025 16:00:00,182.64,188,182.4,185.55,204378106
12/9/2025 16:00:00,185.56,185.72,183.32,184.97,144719705
12/10/2025 16:00:00,184.97,185.48,182.04,183.78,162785370
12/11/2025 16:00:00,180.28,181.32,176.62,180.93,182136641
12/12/2025 16:00:00,181.11,182.82,174.62,175.02,204274918
12/15/2025 16:00:00,177.94,178.42,175.03,176.29,164775636
12/16/2025 16:00:00,176.26,178.49,174.9,177.72,148588098
12/17/2025 16:00:00,176.1,176.13,170.31,170.94,222775464
12/18/2025 16:00:00,174.53,176.15,171.82,174.14,176096001
12/19/2025 16:00:00,176.67,181.45,176.34,180.99,324925927
12/22/2025 16:00:00,183.92,184.16,182.35,183.69,129064369
12/23/2025 16:00:00,182.97,189.33,182.9,189.21,174873621
12/24/2025 13:05:00,187.94,188.91,186.59,188.61,65528545
12/26/2025 16:00:00,189.92,192.69,188,190.53,139740292
12/29/2025 16:00:00,187.71,188.76,185.91,188.22,120006103
12/30/2025 16:00:00,188.24,188.99,186.93,187.54,97687274
12/31/2025 16:00:00,189.57,190.56,186.49,186.5,120100484
1/2/2026 16:00:00,189.84,192.93,188.26,188.85,148240462
1/5/2026 16:00:00,191.76,193.63,186.15,188.12,183529733
1/6/2026 16:00:00,190.52,192.17,186.82,187.24,176862604
1/7/2026 16:00:00,188.57,191.37,186.56,189.11,153543174
1/8/2026 16:00:00,189.11,189.55,183.71,185.04,172457048
1/9/2026 16:00:00,185.08,186.34,183.67,184.86,131327534
1/12/2026 16:00:00,183.22,187.12,183.02,184.94,137968453
1/13/2026 16:00:00,185,188.11,183.4,185.81,160128939
1/14/2026 16:00:00,184.32,184.46,180.8,183.14,159586135
1/15/2026 16:00:00,186.5,189.7,186.33,187.05,206188642
1/16/2026 16:00:00,189.08,190.44,186.08,186.23,187967169
1/20/2026 16:00:00,181.9,182.38,177.61,178.07,223345257
1/21/2026 16:00:00,179.05,185.38,178.4,183.32,200380959
1/22/2026 16:00:00,184.75,186.17,183.93,184.84,139636626
1/23/2026 16:00:00,187.5,189.6,186.82,187.67,142748076
1/26/2026 16:00:00,187.16,189.12,185.99,186.47,124799649
1/27/2026 16:00:00,187.24,190,185.7,188.52,143711557
1/28/2026 16:00:00,191.27,192.35,189.84,191.52,148552677
1/29/2026 16:00:00,191.34,193.48,186.06,192.51,171764375
1/30/2026 16:00:00,191.21,194.49,189.47,191.13,179489463
2/2/2026 16:00:00,187.2,190.3,184.88,185.61,165794054
2/3/2026 16:00:00,186.24,186.27,176.23,180.34,204019589
2/4/2026 16:00:00,179.46,179.58,171.91,174.19,207014116
2/5/2026 16:00:00,174.93,176.82,171.03,171.88,206312890
2/6/2026 16:00:00,176.69,187,174.6,185.41,231346241
2/9/2026 16:00:00,184.26,193.66,183.95,190.04,196387351
2/10/2026 16:00:00,191.38,192.48,188.12,188.54,136764825
2/11/2026 16:00:00,192.45,193.26,188.77,190.05,144192685
2/12/2026 16:00:00,193.03,193.61,186.51,186.94,189932491
2/13/2026 16:00:00,187.48,187.5,181.59,182.81,161888021
2/17/2026 16:00:00,181.75,187.15,179.18,184.97,162276860
2/18/2026 16:00:00,188.75,190.37,186.76,187.98,164749125
2/19/2026 16:00:00,187.06,188.43,185.66,187.9,126554526
2/20/2026 16:00:00,186.57,190.33,185.94,189.82,178422337
2/23/2026 16:00:00,191.4,193.95,189.58,191.55,169917921
2/24/2026 16:00:00,191.49,193.77,187.4,192.85,171558645
2/25/2026 16:00:00,194.45,197.63,193.79,195.56,206193006
2/26/2026 16:00:00,194.27,194.29,184.32,184.89,354967201
2/27/2026 16:00:00,181.25,182.59,176.38,177.19,306105725
3/2/2026 16:00:00,175.01,183.46,174.64,182.48,206275935
3/3/2026 16:00:00,178.49,180.9,176.92,180.05,176456320
3/4/2026 16:00:00,180.44,184.7,180.06,183.04,175907771
3/5/2026 16:00:00,181.17,184.06,177.88,183.34,196680506
3/6/2026 16:00:00,179.84,182.76,176.82,177.82,187395470
3/9/2026 16:00:00,176.83,182.91,175.56,182.65,174549626
3/10/2026 16:00:00,182.4,186.44,182.01,184.77,177978994
3/11/2026 16:00:00,185.91,187.62,184.45,186.03,145280386
3/12/2026 16:00:00,184.05,184.94,181.75,183.14,155762663
3/13/2026 16:00:00,184.92,186.09,179.94,180.25,160988425
3/16/2026 16:00:00,182.97,188.88,181.41,183.22,217307380
3/17/2026 16:00:00,185.06,185.4,181.68,181.93,182497758
3/18/2026 16:00:00,182.48,183.38,180.33,180.4,156683136
3/19/2026 16:00:00,178.01,179.98,175.79,178.56,170968528
3/20/2026 16:00:00,178,178.26,171.72,172.7,241323529
3/23/2026 16:00:00,177.26,178.37,174.76,175.64,182836294
3/24/2026 16:00:00,174.83,176.22,173.98,175.2,147667844
3/25/2026 16:00:00,177.1,181.22,176.85,178.68,162602054
3/26/2026 16:00:00,176.07,176.51,171.14,171.24,186152233
3/27/2026 16:00:00,170,170.97,167.01,167.52,196212684
3/30/2026 16:00:00,168.78,169.45,164.27,165.17,185626993
3/31/2026 16:00:00,166.97,174.62,166.96,174.4,226181301
4/1/2026 16:00:00,176,177.37,174.75,175.75,168132006
4/2/2026 16:00:00,172.18,177.49,171.37,177.39,143143157
4/6/2026 16:00:00,177.16,177.79,175.76,177.64,107564280
4/7/2026 16:00:00,175.73,178.23,173.66,178.1,132534902
4/8/2026 16:00:00,184.5,185.26,180.3,182.08,147732687
4/9/2026 16:00:00,181.84,184.08,180.62,183.91,116428523
4/10/2026 16:00:00,184.31,190,184.3,188.63,160459525
4/13/2026 16:00:00,186.03,189.66,185.74,189.31,133648181
4/14/2026 16:00:00,190.84,196.51,190.77,196.51,161307010
4/15/2026 16:00:00,196.54,200.4,195.74,198.87,185338389
4/16/2026 16:00:00,197.43,199.85,195.81,198.35,134012860
4/17/2026 16:00:00,199.9,201.7,199.27,201.68,160324417
4/20/2026 16:00:00,199.98,202.17,197.84,202.06,119381388
4/21/2026 16:00:00,202.13,202.75,199,199.88,107945303
4/22/2026 16:00:00,200.99,202.5,199,202.5,107501042
4/23/2026 16:00:00,202.46,203.83,197.22,199.64,113561831
4/24/2026 16:00:00,199.96,210.95,199.81,208.27,214134441
4/27/2026 16:00:00,209.65,216.83,207.38,216.61,187172421
4/28/2026 16:00:00,209.49,214.73,208.2,213.17,180275364
4/29/2026 16:00:00,212.7,212.72,207.58,209.25,123711821
4/30/2026 16:00:00,209.93,210.3,198.7,199.57,225239157
5/1/2026 16:00:00,201.28,203,197.12,198.45,128646997
5/4/2026 16:00:00,199.5,201.73,194.74,198.48,125368093
5/5/2026 16:00:00,199.3,200.24,196.03,196.5,113406621
5/6/2026 16:00:00,199.89,208.27,198.61,207.83,188362812
5/7/2026 16:00:00,208.34,214.2,206.5,211.5,168307874
5/8/2026 16:00:00,213.03,217.8,212.89,215.2,136421362
5/11/2026 16:00:00,214.04,222.3,213.89,219.44,160685775
5/12/2026 16:00:00,218.55,223.75,214.92,220.78,159176620
5/13/2026 16:00:00,224.93,227.84,221.57,225.83,150405387
5/14/2026 16:00:00,229.85,236.54,229.3,235.74,180782857
5/15/2026 16:00:00,229.76,231.5,224.24,225.32,180977640
5/18/2026 16:00:00,229.87,230,218.37,222.32,146280897
5/19/2026 16:00:00,219.62,224.48,217.91,220.61,140948208
5/20/2026 16:00:00,223.18,226.13,220.5,223.47,184201588
5/21/2026 16:00:00,222.29,227.4,217.93,219.51,203381760
5/22/2026 16:00:00,220.9,221.01,214.8,215.33,169275710
5/26/2026 16:00:00,216.54,218.18,212,214.86,187202577
5/27/2026 16:00:00,214.12,214.15,208.78,212.6,167601173
5/28/2026 16:00:00,211.28,215.52,211.22,214.25,143996049
5/29/2026 16:00:00,214.58,217.86,211.13,211.14,289410624
6/1/2026 16:00:00,215.73,224.87,215.7,224.36,212850685
6/2/2026 16:00:00,227.18,232.28,221.35,222.82,193362903
6/3/2026 16:00:00,221.72,222.82,214.51,214.75,160907002
6/4/2026 16:00:00,213.91,221.6,210.97,218.66,169022152
6/5/2026 16:00:00,214.53,214.87,204.33,205.1,219655532
6/8/2026 16:00:00,210.18,210.47,206,208.64,138372837
6/9/2026 16:00:00,210.62,211.4,199.34,208.19,180962450
6/10/2026 16:00:00,204.43,207.22,199.92,200.42,161746588
6/11/2026 16:00:00,201.49,205.66,199.54,204.87,158643204
6/12/2026 16:00:00,204.86,207.07,203.44,205.19,112345315
6/15/2026 16:00:00,208.92,212.71,208.34,212.45,149936689
6/16/2026 16:00:00,211.18,211.49,207.29,207.41,125694101
6/17/2026 16:00:00,208.53,209.21,203.08,204.65,128363474
6/18/2026 16:00:00,207.33,211.39,206.5,210.69,241272014
6/22/2026 16:00:00,211.44,213.99,207.72,208.65,122041419
6/23/2026 16:00:00,202.17,203.77,200,200.04,153496197
6/24/2026 16:00:00,200.12,201.67,196.58,199,151810705
6/25/2026 16:00:00,200.08,200.8,192.13,195.74,150205647
6/26/2026 16:00:00,193.12,195.55,191.22,192.53,179304147
6/29/2026 16:00:00,193.85,196.18,189.8,194.97,148835724
6/30/2026 16:00:00,197.24,200.63,195.11,200.09,166476665
7/1/2026 16:00:00,196.2,199.85,193.45,197.58,146147597
7/2/2026 16:00:00,197.14,200.06,192.35,194.83,142385548
7/6/2026 16:00:00,194.42,197.55,193.99,195.55,108999015
7/7/2026 16:00:00,192.37,198.41,191.14,196.93,124154575
7/8/2026 16:00:00,195.18,205.16,195.06,204.12,147419133
7/9/2026 16:00:00,204.46,204.59,198.96,202.78,132037360
7/10/2026 16:00:00,202,211,201.92,210.96,148421001
7/13/2026 16:00:00,208.54,210.57,203,203.53,121411018
7/14/2026 16:00:00,208.2,212.55,203.8,211.8,124379647
7/15/2026 16:00:00,211.96,213.81,206.04,212.5,124797152
7/16/2026 16:00:00,210.17,211.08,205.85,207.4,122986075
7/17/2026 16:00:00,202.64,206.65,197.97,202.81,144281910
7/20/2026 16:00:00,205.87,207.74,202.28,203.28,88701541
7/21/2026 16:00:00,207.54,208.65,204.01,207.29,108685564
7/22/2026 16:00:00,205.81,214.39,204.95,212.06,137645596
7/23/2026 16:00:00,209.46,210.87,205.96,208.76,110505328
7/24/2026 16:00:00,207.45,211.91,204.81,206.84,114836806
7/27/2026 16:00:00,208.2,208.75,195.44,196.51,154353698
7/28/2026 16:00:00,195,198.7,192.74,197.01,134111495
7/29/2026 16:00:00,195.85,197.07,190.01,190.01,147680809
7/30/2026 16:00:00,193.45,197.25,191.52,195.04,129010152
7/31/2026 16:00:00,198.44,202,194.95,200.75,139961153
8/3/2026 16:00:00,197.69,208.74,196.85,206.64,128406883
8/4/2026 16:00:00,211.3,213.06,209.05,211.94,134921998
8/5/2026 16:00:00,216.86,222.22,216.4,219.22,158187404
8/6/2026 16:00:00,221.53,223.63,217,218.99,113940644
8/7/2026 16:00:00,221.54,224.76,220.66,223.96,105669440
8/10/2026 16:00:00,223.4,224.14,216.77,217.55,115846596
8/11/2026 16:00:00,222.17,222.2,216.2,217.5,101273149
8/12/2026 16:00:00,221.04,225.1,220.2,224.09,108783636
8/13/2026 16:00:00,225.06,227.23,223.71,225.3,98867227
8/14/2026 16:00:00,226.77,227.49,224.5,225.16,75680871
8/17/2026 16:00:00,225.98,227.92,224.86,225.01,93678686
8/18/2026 16:00:00,220.45,221.64,218.69,219.74,103128248
8/19/2026 16:00:00,221.67,222.87,216.76,217.56,96797315
8/20/2026 16:00:00,218.36,219.86,215.66,216.85,92457037
8/21/2026 16:00:00,218.42,218.74,214.5,214.72,98869300
8/24/2026 16:00:00,215.53,215.59,207.25,208.48,135187288
8/25/2026 16:00:00,211.03,214.73,210.11,213.05,122309020
8/26/2026 16:00:00,212.64,213.6,209.23,209.66,179900004
8/27/2026 16:00:00,222.86,230.47,220.9,227.98,298909822
8/28/2026 16:00:00,227.36,229.26,216.81,217.55,195116417
8/31/2026 16:00:00,218.87,221.3,216.21,220.78,124702661
9/1/2026 16:00:00,216.75,220.41,215.1,217.44,109756184
9/2/2026 16:00:00,218.79,227.95,218.48,224.41,157104683
9/3/2026 16:00:00,226.02,230.4,224.75,228.45,134681610
9/4/2026 16:00:00,231.09,234.76,229.63,230.36,135352420
9/8/2026 16:00:00,233.11,233.71,224.85,225.73,122965555
9/9/2026 16:00:00,225.28,226.18,223.46,223.67,82955479
9/10/2026 16:00:00,220.53,220.99,217.2,218.36,105768001
9/11/2026 16:00:00,221.24,222,218.15,218.29,89060140