QQQ,,,,,
Date,Open,High,Low,Close,Volume
03/01/2000,96.19,96.19,90.81,94.81,29803600
04/01/2000,92,93.49,88.01,88.01,26502200
05/01/2000,87,89.5,84.25,86.25,33833400
06/01/2000,86.88,87.75,81,81.66,29901400
07/01/2000,82.94,88.43,82.75,87.99,23669000
10/01/2000,91,93.94,89.94,93.06,24820200
11/01/2000,91.75,92.81,87.63,88.19,28261800
12/01/2000,89,89.13,86,86.47,24769000
13/01/2000,88.5,90.31,87.19,90.22,21645200
14/01/2000,92.75,93.63,92,92.75,17271800
18/01/2000,92.06,94.44,91.5,94.09,13491000
19/01/2000,93.49,95.3,92.5,95.19,15751200
20/01/2000,95.5,96.84,95.5,95.75,21234200
21/01/2000,96.5,96.55,95.07,96.25,14743800
24/01/2000,96.88,97.13,91.13,91.23,23636400
25/01/2000,91.88,94.12,89.5,94,27683200
26/01/2000,93.25,93.31,90.26,90.47,19200800
27/01/2000,93.25,98.75,87.63,90.26,24799600
28/01/2000,89.5,90.44,85.75,85.94,26865200
31/01/2000,85.88,89.75,85.75,89.69,27198600
01/02/2000,89.53,92.49,88.5,92.34,21005400
02/02/2000,92.25,94.69,92.22,92.56,19889200
03/02/2000,94.31,96.59,92.5,96.5,24547600
04/02/2000,97,98.22,96.25,96.91,18423600
07/02/2000,97.25,98.3,96.31,98.23,14799000
08/02/2000,97.25,101.69,96.31,101.63,16869400
09/02/2000,102.06,102.19,98.75,98.81,22492200
10/02/2000,99.81,102.25,98.72,102.22,20850200
11/02/2000,102.06,102.06,98,98.95,20178200
14/02/2000,99.99,100,97.75,99.36,18605000
15/02/2000,98.94,100.63,96,100.25,25087600
16/02/2000,99.91,101.75,99.41,99.94,20143800
17/02/2000,101.19,103.25,99.69,102,24424600
18/02/2000,102.63,102.94,98.63,98.87,19673200
22/02/2000,99,99.94,96.5,98.57,30437200
23/02/2000,99.19,104.99,99.19,104.26,27925000
24/02/2000,104.88,106.8,102.25,106.8,42583800
25/02/2000,106.19,107.44,103.88,104.46,24859200
28/02/2000,103.25,105.63,100.5,103.66,32410200
29/02/2000,105.75,107.09,104.94,106.75,23978600
01/03/2000,107.25,108.56,106.56,107.59,19510200
02/03/2000,108.06,108.19,104.88,105.13,28020000
03/03/2000,108,111.13,107.06,111.13,26691400
06/03/2000,111.75,113.22,110.38,111.94,18330000
07/03/2000,113.81,113.87,108.78,109.44,33619800
08/03/2000,111,111.5,106.38,111.03,35342400
09/03/2000,111.22,114.94,109.5,114.75,26168600
10/03/2000,114.88,116.41,113.63,114.63,25716800
13/03/2000,110,114.03,109.53,111.19,30900000
14/03/2000,112.75,113.09,106,106,31489200
15/03/2000,106.5,106.94,101.94,102.75,40800800
16/03/2000,105.38,109.13,101,108.63,44142400
17/03/2000,108,111.06,108,110.94,26040000
20/03/2000,111,111.5,106.25,106.77,15865300
22/03/2000,113.5,115.94,111.38,114.11,18994700
23/03/2000,114.48,117.73,113.63,116.61,15664600
24/03/2000,117.48,120.48,115.69,118,13640900
27/03/2000,118,119.48,117.13,117.36,9028400
28/03/2000,116.98,117.75,114.38,114.98,13420300
29/03/2000,116.98,117.75,110.02,110.02,19120600
30/03/2000,107.25,112.75,103.58,107,29409400
31/03/2000,107.25,110.5,104,109.63,21401200
03/04/2000,107.77,109.13,101.5,102.13,23012500
04/04/2000,103.63,103.98,88.5,100.44,48644500
05/04/2000,97.5,103.88,97.5,100.25,25593200
06/04/2000,102.38,103.75,100,102.23,21478400
07/04/2000,104.13,107.38,102.88,106.94,14481100
10/04/2000,104.13,107.38,99.25,99.56,20211500
11/04/2000,97.13,101.5,95.88,97.73,26620200
12/04/2000,97.13,98.69,90.25,91,25791200
13/04/2000,92.98,96,88.25,88.28,34457000
14/04/2000,79.5,88,78.02,79.5,43211100
17/04/2000,88.63,89,78.02,88.63,40485400
18/04/2000,92.75,92.75,87.5,92.52,25076400
19/04/2000,92.5,93.63,89.25,89.75,22036800
20/04/2000,90.63,90.63,86.19,87.63,16072400
24/04/2000,83.44,84.63,79.94,84.52,23054200
25/04/2000,86.5,90.5,86.39,90.5,21768200
26/04/2000,90.63,92.25,87.19,87.31,20552300
27/04/2000,84,92.48,84,91.5,30028500
28/04/2000,92.39,94.75,92.39,93.88,19330000
01/05/2000,95.69,96.81,94.27,95.69,18385300
02/05/2000,95.59,95.59,90.06,90.25,15891400
03/05/2000,89.5,90.19,85.52,88.88,19258000
04/05/2000,89,90.73,87.69,88.94,13222300
05/05/2000,88.13,92.25,88.06,91.5,14223100
08/05/2000,88.13,90.69,87.75,88.11,10177000
09/05/2000,88.5,88.98,84.31,85.52,15175100
10/05/2000,84.38,84.98,80.52,80.52,25904400
11/05/2000,84.38,84.5,81.13,84.25,17426500
12/05/2000,85.38,87.56,84.56,84.88,12617100
15/05/2000,84.81,88.25,82.63,88.25,13171500
16/05/2000,90,91.5,88.13,91.13,16395400
17/05/2000,89.25,90.45,87.75,89.19,16070200
18/05/2000,89,89.36,85.38,85.75,14554900
19/05/2000,83.75,84.88,81.31,81.38,21601800
22/05/2000,81.38,82,75.63,81.98,31303300
23/05/2000,81.38,82.5,74.63,74.69,22155100
24/05/2000,79.86,79.86,72.38,79.19,35218100
25/05/2000,81.38,82.06,76.5,77.77,21490500
26/05/2000,77.75,79,75.75,77.88,12824000
30/05/2000,80.25,85.48,80.06,85.48,18390700
31/05/2000,84.47,86.5,82.75,82.75,21510900
01/06/2000,85.19,88.19,84.56,87.44,20852200
02/06/2000,92.63,93.88,91.94,93.63,22545500
05/06/2000,92.25,95.25,92.25,93.38,17244300
06/06/2000,93.19,94.95,90.88,91,17849900
07/06/2000,93.19,93.23,89.94,93.13,17487700
08/06/2000,93.19,93.23,91.63,92.88,15126800
09/06/2000,94.5,94.5,93,93.5,13072300
12/06/2000,94.5,94.5,90.88,91,12973400
13/06/2000,90.5,94.19,89.44,94.19,19409500
14/06/2000,94.88,94.88,91.56,92.16,16111600
15/06/2000,91.88,93.81,90.88,93.8,15447300
16/06/2000,94.75,95.31,93.13,94.17,17270500
19/06/2000,94.75,98.19,93.13,97.81,15303500
20/06/2000,98.25,99.69,97.25,98.39,15975000
21/06/2000,96.81,99.48,96.75,98.69,16090500
22/06/2000,96.81,99.48,94.77,94.77,17803500
23/06/2000,95.48,95.48,91.44,91.64,19990300
26/06/2000,93.06,94.38,92.13,94.19,16833600
27/06/2000,93.06,95,92.44,92.72,11771900
28/06/2000,92.98,95.38,92.56,93.89,14694800
29/06/2000,92.94,93.31,90.63,91.7,17139700
30/06/2000,92.94,93.94,91.75,93.19,12101100
03/07/2000,93.5,95.23,93.27,95.13,4040300
05/07/2000,93.5,93.94,91,91.25,12647700
06/07/2000,93.5,94.75,90.13,94.56,18567700
07/07/2000,95,97,94.44,95.41,12070400
10/07/2000,95,95.86,94.02,94.25,8802800
11/07/2000,94.06,95.75,92.88,93.2,10688200
12/07/2000,94.63,97.69,94.63,96.97,14147900
13/07/2000,97.25,99.73,97.25,98.94,13940400
14/07/2000,98.94,101.13,98.94,98.94,11816500
17/07/2000,99.94,102.05,99.94,101.44,9807000
18/07/2000,100.38,100.75,98.5,99.25,16244100
19/07/2000,98.31,98.56,95.75,96.63,15949300
20/07/2000,97.88,100.19,97.28,100.19,14449100
21/07/2000,98.44,98.94,97.14,97.31,11106600
24/07/2000,98.44,98.98,94.31,94.31,14215400
25/07/2000,96.63,96.63,94.02,96.08,14615400
26/07/2000,95.5,95.88,93.27,95.63,15438500
28/07/2000,92.81,92.81,86.06,86.81,24050400
31/07/2000,90.11,90.11,85.81,89.5,19011000
01/08/2000,89.81,89.98,87.69,88.41,11975100
02/08/2000,89.81,90.38,86.69,88.41,18181800
03/08/2000,89.81,90.81,83.52,90.81,25547700
04/08/2000,91.81,92.75,89.13,90,15240900
07/08/2000,90.88,93.03,90.27,92.27,11222200
08/08/2000,92.06,93.44,91.52,92,10420600
09/08/2000,93.69,94.44,91.39,91.61,13981500
10/08/2000,91.81,92.13,89.69,89.94,11614900
11/08/2000,89.25,91.11,87.88,90.88,16097500
14/08/2000,91.38,93,90.25,92.94,9055200
15/08/2000,92.75,93.94,92.06,93.06,10235400
16/08/2000,94.33,94.69,92.38,93.42,11637600
17/08/2000,92.94,95.88,92.88,95.44,11000500
18/08/2000,95.94,96.56,94.75,95.14,11245700
21/08/2000,96,96.86,94.38,95.75,10506400
22/08/2000,96,97.31,95.27,95.44,11051200
23/08/2000,94.69,97.38,93.88,97,16885700
24/08/2000,97.44,98.67,96.88,98.56,10242900
25/08/2000,98.48,99.44,97.63,98.38,8505500
28/08/2000,98.25,99.56,98,98.44,9449900
29/08/2000,98.63,99.17,97.86,98.83,8109200
30/08/2000,98.31,99.48,97.81,98.89,7957900
31/08/2000,99.63,101.88,99.56,101.88,10777400
01/09/2000,103,103.5,101.2,102.5,9981000
05/09/2000,101.63,101.75,99.44,99.52,12804100
06/09/2000,99.25,99.47,95.75,96.06,15704800
07/09/2000,96.81,98.94,96.56,98.25,11939900
08/09/2000,97.77,97.94,94.83,94.88,17534500
11/09/2000,94.5,96.13,92.06,92.78,18105200
12/09/2000,93.5,94.69,90.94,91.31,17541500
13/09/2000,90.25,93.75,90.25,93.44,21862900
14/09/2000,95.25,95.7,92.69,93.38,22094700
15/09/2000,93.13,93.63,90.75,91.38,18549100
18/09/2000,91.81,92.92,88.56,89.81,20982100
19/09/2000,90.75,93.69,90,93.5,21926100
20/09/2000,93.38,95.23,91.31,94.69,26504100
21/09/2000,93.75,94.48,92.08,92.39,19455400
22/09/2000,87.56,97.75,87.56,92.94,25658300
25/09/2000,93.63,94.19,90.13,90.19,14801000
26/09/2000,90.77,92.38,88.94,88.94,19866400
27/09/2000,90.63,91.19,88.13,89.5,20027000
28/09/2000,88.72,92.98,88.72,92.45,20549400
29/09/2000,92,92,88.69,88.69,20410000
02/10/2000,90.25,90.25,86,86.75,18198100
03/10/2000,88.06,88.5,83.27,83.75,24076300
04/10/2000,83.5,86.75,82.13,85.63,27682700
05/10/2000,85.25,87.13,84.63,85.88,18322500
06/10/2000,85.56,86.56,81.31,83,27145500
09/10/2000,82.56,83.75,79.38,82.63,21908100
10/10/2000,81.81,83.25,77.88,77.88,25044300
11/10/2000,77,80.25,76.06,77.06,36550300
12/10/2000,79.25,79.5,74.5,75,38166500
13/10/2000,74.69,81.56,74.69,80.75,30228100
16/10/2000,81.13,82.31,79.88,81.63,19048900
17/10/2000,83.13,83.13,78,78.25,27895500
18/10/2000,76.25,81.13,74.63,78,36040000
19/10/2000,82.94,85.11,81.44,85.06,26790600
20/10/2000,84.5,87.75,84.44,86.31,28307700
23/10/2000,86.19,87.5,84.13,86.19,18351700
24/10/2000,86.44,86.97,82.38,82.5,21077300
25/10/2000,81.25,81.98,76.94,77.88,31854200
26/10/2000,78.19,79.92,73.63,79.88,44664500
27/10/2000,80.86,81.81,77.56,79.72,36324300
30/10/2000,78.19,79.75,75.77,76.77,23111300
31/10/2000,78,82.5,77.94,81.7,29171400
01/11/2000,80.31,82.75,79.25,81,30963300
02/11/2000,82.19,83.19,81.25,82,17792000
03/11/2000,82.88,83.86,81.69,83.06,15314000
06/11/2000,83.63,84.11,82,82.44,13256300
07/11/2000,81.44,82.38,80.27,82.13,16399700
08/11/2000,82.13,82.13,75.63,75.7,25996000
09/11/2000,74.75,76.88,73,75.69,40074300
10/11/2000,74.25,75.19,71.75,71.75,31477500
13/11/2000,70.13,74.19,68.27,70.06,47712300
14/11/2000,73.63,75.94,73,75.84,27581100
15/11/2000,75.56,78.06,74.88,77.38,23302800
16/11/2000,76.38,76.94,72.88,72.88,22700900
17/11/2000,73.19,75,71,72.83,32634200
20/11/2000,70.94,72.06,69.27,69.86,28597500
21/11/2000,70.19,71.13,68.5,69.75,24490500
22/11/2000,68.44,70.06,66.5,66.63,34066800
24/11/2000,69.44,70.63,69.06,70.44,12724800
27/11/2000,72.56,72.69,68.81,69.56,22539000
28/11/2000,68.94,69.86,65.31,65.45,32029000
29/11/2000,62.94,62.94,62.94,62.94,39985700
30/11/2000,61.69,64.25,60.52,62.98,48252300
01/12/2000,64.06,66.73,62.25,64,38211200
04/12/2000,64.13,65.31,61.77,63.69,30741000
05/12/2000,66.19,71,65.56,70.69,49325600
06/12/2000,70.56,72.25,67.88,68,41565500
07/12/2000,66.5,66.5,66.5,66.5,26027400
08/12/2000,68,68,68,68,1000
11/12/2000,72.13,74.67,71,74.38,33770800
12/12/2000,73.44,73.88,71.38,71.66,19007500
13/12/2000,73.44,73.44,68.31,68.73,31990600
14/12/2000,68.52,69.63,65.31,65.38,24135900
15/12/2000,64.5,65.63,62.63,63.88,35092900
18/12/2000,65.19,65.94,62.56,64,26064300
19/12/2000,63.5,65.81,58.77,59.13,49022300
20/12/2000,57.31,58.31,54.88,55.73,48061100
21/12/2000,55.13,58.63,54.38,56.06,52583700
22/12/2000,57.81,60.75,57.69,60.5,35116800
26/12/2000,60.81,61.88,58.13,60.88,23059400
27/12/2000,59.69,61.73,58.94,61.56,20112100
28/12/2000,60.88,62.44,60.31,61.44,19064900
29/12/2000,61.5,62.23,58.02,58.38,30271800
02/01/2001,58.56,58.63,52.5,53.44,35059200
03/01/2001,65.25,65.25,62.44,62.44,74353600
04/01/2001,61.63,63.56,60.63,61.31,36321800
05/01/2001,61.25,61.25,56.02,56.63,41677100
08/01/2001,56.31,57.44,53.52,57.25,33146500
09/01/2001,57.94,59.06,56.63,57.25,32018200
10/01/2001,56.19,60.38,55.75,60.19,45595800
11/01/2001,59.38,63.63,59.38,61.94,40982500
12/01/2001,62.75,64.56,61.56,62.73,37745600
16/01/2001,62.5,62.75,60.56,61.98,18157100
17/01/2001,64.75,65.61,63.28,63.88,37916300
18/01/2001,64.13,66.69,63.19,66.56,34209300
19/01/2001,68.25,68.25,65.63,66.38,31474000
22/01/2001,65.61,66.48,65.38,66.38,21539600
23/01/2001,65.81,68.38,65.38,67.77,29835500
24/01/2001,67.94,69.09,67.06,67.13,31356800
25/01/2001,66.81,67.61,64.5,64.5,38475100
26/01/2001,63.56,65.81,63,65.55,28849700
29/01/2001,64.8,67.17,64.25,67,21955800
30/01/2001,67.15,67.73,66.25,66.75,27778000
31/01/2001,67.3,67.95,64.3,64.3,36923200
01/02/2001,64.55,65.6,63.6,65.15,28832400
02/02/2001,64.85,65.25,61.5,61.55,29866200
05/02/2001,61.1,61.88,60.12,61.5,23483800
06/02/2001,61.49,63.11,61.2,61.75,25506900
07/02/2001,60.5,61.05,58.6,60.6,36267400
08/02/2001,60.95,61.48,58.58,58.79,30007800
09/02/2001,58.2,58.4,56.03,56.4,32551900
12/02/2001,56.25,57.9,55.49,57.08,31271400
13/02/2001,57.75,59.1,55,55.25,36840400
14/02/2001,55.35,57.75,54.15,57.45,40542800
15/02/2001,58.9,60.48,58.35,58.4,40298300
16/02/2001,55.45,56.54,54.55,55.13,41081700
20/02/2001,55.8,55.8,52.3,52.99,33899400
21/02/2001,51.5,54,50.95,51.5,43272300
22/02/2001,51.5,52.15,48.9,51,62905500
23/02/2001,50.05,51.6,48.3,51.18,57443700
26/02/2001,52.2,52.5,50.25,52.15,51297000
27/02/2001,51.6,52,48.95,49,37545700
28/02/2001,49.5,50.1,46.9,47.35,60022300
01/03/2001,46.9,49.1,45.8,48.8,59924600
02/03/2001,47.2,49.6,46.55,46.65,60831700
05/03/2001,47.55,48.32,47.2,47.55,25584300
06/03/2001,49.45,50.65,49.15,49.4,37017300
07/03/2001,50.35,50.4,49.01,49.42,30163700
08/03/2001,49.35,49.75,48.15,48.5,26705000
09/03/2001,47.25,47.35,44.95,45.1,42252300
12/03/2001,43.9,44.95,41.9,42.3,44450400
13/03/2001,42.75,44.7,42.15,44.45,44342100
14/03/2001,42.7,45.1,42.35,43.75,54449200
15/03/2001,45.15,45.3,42.05,42.15,35488500
16/03/2001,41.9,42.32,40.6,41.1,37333400
19/03/2001,41.45,43.26,40.75,43.26,27958900
20/03/2001,43.55,43.8,40.2,40.35,62450700
21/03/2001,40.5,41.78,39.71,40.35,49262300
22/03/2001,40.63,42.8,39.5,42.8,70389200
23/03/2001,43.7,43.8,41.51,42.8,52206900
26/03/2001,43.4,43.4,41.55,41.81,32271600
27/03/2001,41.9,43.7,41.45,43.25,35581300
28/03/2001,41.9,42.1,39.68,39.7,44282100
29/03/2001,39.45,40.59,38.45,38.95,44728700
30/03/2001,39.3,39.97,38.1,39.15,34143300
02/04/2001,39.15,39.8,37.3,37.4,33042000
03/04/2001,37.12,37.2,34.65,34.66,47585600
04/04/2001,34.74,35.79,33.6,34.05,41126000
05/04/2001,36.15,37.95,35.72,37.31,48883000
06/04/2001,36.9,37.09,35.51,36.3,42023200
09/04/2001,36.8,37.3,35.85,37.05,25535800
10/04/2001,37.9,40.45,37.8,39.8,46246200
11/04/2001,42.2,42.4,40.45,41,47001200
12/04/2001,40.3,42.8,40.01,42.8,38490900
16/04/2001,41.31,42.41,40.06,40.25,34512800
17/04/2001,39.95,42.2,39.91,41.25,40787600
18/04/2001,43.94,48,43.35,45.55,65774400
19/04/2001,46.2,48.7,45.6,48.3,50812300
20/04/2001,48.05,49.4,47.4,48.4,41111900
23/04/2001,46.85,46.85,44.9,45.15,38589700
24/04/2001,45.07,46.4,43.75,44.3,41885500
25/04/2001,43.9,45.55,43.45,45.1,29091000
26/04/2001,45.95,46,43.9,43.95,36695300
27/04/2001,45.12,45.45,44.26,45.15,29049900
30/04/2001,46.25,47.55,45.45,46.15,38469300
01/05/2001,46.25,48.05,45.4,48.05,26193300
02/05/2001,48.77,49.36,47.7,48.98,38987200
03/05/2001,47.7,47.85,46.2,46.8,34596400
04/05/2001,45.3,48.2,45.12,48.2,36977100
07/05/2001,47.95,48.57,47.1,47.2,24495400
08/05/2001,48.3,48.35,47,48.2,30039500
09/05/2001,46.95,47.95,46.45,46.55,30744400
10/05/2001,48.05,48.05,45.72,45.77,30750200
11/05/2001,45.87,46.4,45.1,45.55,20844500
14/05/2001,45.35,45.35,44.12,44.82,20819200
15/05/2001,44.95,46.25,44.61,45.15,33612600
16/05/2001,44.35,47.5,44.06,47.15,35358300
17/05/2001,47.45,48.78,47.3,47.9,32832700
18/05/2001,47.6,48.37,47.3,48.04,21245800
21/05/2001,48.2,51.15,48.01,51.05,40688700
22/05/2001,51.4,51.55,50.42,50.9,36516500
23/05/2001,50.4,50.4,48.64,48.65,31370500
24/05/2001,49,49.99,48.27,49.9,28898900
25/05/2001,49.97,49.99,48.65,48.99,15807900
29/05/2001,48.45,48.45,46.11,46.12,34190400
30/05/2001,45.4,45.85,44.09,44.43,42252700
31/05/2001,44.56,45.85,44.55,44.73,32825800
01/06/2001,45.5,46.23,44.5,46.05,26001300
04/06/2001,46.29,46.6,45.32,45.83,19774500
05/06/2001,46.22,48.36,46.22,47.85,30015300
06/06/2001,48.1,48.49,47.1,47.48,28440800
07/06/2001,47.15,48.9,47.1,48.7,29162600
08/06/2001,48.7,48.7,46.95,47.35,28843900
11/06/2001,46.9,47,45.5,46.05,25262500
12/06/2001,44.85,46.7,44.26,45.8,39896800
13/06/2001,46.27,46.74,44.52,44.55,30760600
14/06/2001,44,44.3,42,42.25,43629900
15/06/2001,41.8,43.46,41.3,42.6,37265500
18/06/2001,42.65,43.14,41.41,42.03,28521500
19/06/2001,43.35,43.55,41.26,41.82,33737000
20/06/2001,41.28,42.97,41.28,42.77,34468300
21/06/2001,42.65,44.22,42.3,43.35,28927800
22/06/2001,43.65,44.19,42.6,43.25,20318900
25/06/2001,43.65,43.79,42.65,43.36,14797800
26/06/2001,42.5,43.87,42.5,43.51,23174100
27/06/2001,43.7,44.15,43.01,43.79,24375400
28/06/2001,44.5,46.3,44.35,44.35,41430700
29/06/2001,45.09,46.5,44.7,45.7,27861100
02/07/2001,45.7,46.47,45.2,45.45,21781700
03/07/2001,45.3,45.68,44.8,45.64,10917400
05/07/2001,44.89,45.18,43.45,43.45,19094300
06/07/2001,43,43.1,41.5,41.65,25238700
09/07/2001,41.9,42.68,41.55,42.01,20222600
10/07/2001,42.79,42.88,40.4,40.5,22909400
11/07/2001,40.4,41.1,39.88,41,30641200
12/07/2001,42.65,43.83,42.34,43.6,32430700
13/07/2001,43.3,44.43,42.91,43.7,29262200
16/07/2001,43.33,43.85,41.91,42.35,21381900
17/07/2001,41.8,43.3,41.55,43.3,26013200
18/07/2001,42.25,42.8,41.14,41.65,25183700
19/07/2001,42.45,43.34,41.75,42.64,30974500
20/07/2001,41.49,42.13,41.36,41.65,20997400
23/07/2001,42.28,42.4,40.56,40.61,21184600
24/07/2001,40.4,40.9,39.31,40.15,28155100
25/07/2001,40.15,40.72,39.4,40.5,27684300
26/07/2001,40.45,41.87,40,41.1,29749200
27/07/2001,41.65,42.25,41.35,41.95,20660300
30/07/2001,42.15,42.3,41.42,41.7,17186800
31/07/2001,41.85,42.77,41.5,41.76,17567600
01/08/2001,42.7,43.48,42.45,43.1,20056400
02/08/2001,43.8,44,42.82,43.91,19065200
03/08/2001,43.52,43.52,42.6,43.18,16987800
06/08/2001,42.48,42.85,42.36,42.5,11916500
07/08/2001,42.22,42.8,41.97,42.28,13748900
08/08/2001,41.9,42.65,40.3,40.5,25275600
09/08/2001,40.45,40.85,40,40.67,23903500
10/08/2001,40.45,40.74,39.27,40.28,24277500
13/08/2001,40.6,41.34,40.2,41.1,14766300
14/08/2001,41.49,41.68,40.55,40.6,17577900
15/08/2001,40.6,40.93,39.07,39.1,20177300
16/08/2001,38.6,39.59,38.05,39.56,25038000
17/08/2001,38.47,38.8,37.71,37.76,22632900
20/08/2001,37.85,38.35,37.52,38.28,14502600
21/08/2001,38.3,38.64,36.66,36.7,18061000
22/08/2001,37.48,38.18,36.56,37.69,18737100
23/08/2001,37.69,38.44,37.31,37.32,14679100
24/08/2001,37.92,39.39,37.75,39.3,16855100
27/08/2001,39.3,39.9,38.83,39.35,13151100
28/08/2001,39.34,39.4,38.02,38.12,17712000
29/08/2001,38.35,38.45,37.15,37.56,16296200
30/08/2001,36.75,37.3,35.85,36.17,27158500
31/08/2001,36.05,37.01,35.97,36.63,17060800
04/09/2001,36.45,37.5,35.35,35.47,19841600
05/09/2001,35.48,35.9,34.15,35.33,26430400
06/09/2001,34.74,35.44,33.8,33.9,26988700
07/09/2001,33.58,34.65,33.37,33.7,27501300
10/09/2001,33.5,34.3,33.4,34.1,28102600
17/09/2001,31.5,32.65,31.1,31.2,18815000
18/09/2001,31.5,32.65,30.4,30.5,14978100
19/09/2001,30.69,30.97,28.29,29.97,24962300
20/09/2001,29.4,30.09,28.8,28.97,20263900
21/09/2001,27.6,28.95,27.23,28.19,21424900
24/09/2001,29,29.99,28.83,29.61,21295200
25/09/2001,29.71,30.35,28.95,29.7,20079500
26/09/2001,29.99,30,28.42,28.67,14077400
27/09/2001,28.4,28.78,27.42,28.45,15798000
28/09/2001,28.85,29.33,28.53,28.98,19397800
01/10/2001,28.81,28.98,28.16,28.73,15319500
02/10/2001,28.65,29.4,28.43,28.82,24220400
03/10/2001,28.4,31.6,28.35,31,41484400
04/10/2001,31.63,32.74,30.95,31.3,39709200
05/10/2001,30.95,31.9,30.26,31.77,30431100
08/10/2001,31.13,32.33,30.99,31.86,18784100
09/10/2001,31.86,32,30.87,31.09,16713100
10/10/2001,30.85,32.54,30.76,32.5,20491700
11/10/2001,33.2,34.79,33.16,34.7,36865200
12/10/2001,34.22,34.75,33.16,34.55,31356600
15/10/2001,34.15,34.55,33.66,34.4,18508800
16/10/2001,34.68,35.05,34.08,34.96,19314500
17/10/2001,35.9,35.9,32.45,32.45,35374200
18/10/2001,32.7,33.5,32.4,33.33,18255700
19/10/2001,32.81,33.75,32.45,33.55,19424800
22/10/2001,33.37,34.5,33.22,34.45,16098900
23/10/2001,33.37,35.38,33.22,34.63,31065900
24/10/2001,34.59,35.68,34.34,35.38,21593900
25/10/2001,34.73,36.8,34.25,36.79,37727500
26/10/2001,36.5,37.04,36.01,36.01,26007100
29/10/2001,35.97,36.13,34.04,34.04,26390500
30/10/2001,33.67,34.05,32.85,33.36,26212800
31/10/2001,34.08,34.95,33.68,33.9,30901300
01/11/2001,34.48,35.54,33.8,35.34,24810000
02/11/2001,35.3,35.84,34.9,35.6,13515000
05/11/2001,36.25,37.14,36.25,36.77,13934700
06/11/2001,36.57,38.2,36.4,38.19,30088700
07/11/2001,37.57,38.84,37.55,38.14,24079700
08/11/2001,38.63,39.36,37.28,37.75,30026200
09/11/2001,37.54,38.07,37.12,37.73,17817500
12/11/2001,36.8,38.34,36.4,38,25977200
13/11/2001,39.03,39.98,38.65,39.37,23689500
14/11/2001,39.98,40.22,38.74,39.64,20929800
15/11/2001,39.15,40.09,39,39.48,19974100
16/11/2001,39.52,39.67,38.92,39.37,15410000
19/11/2001,39.83,40.49,39.49,40.49,18326200
20/11/2001,40.05,40.23,38.48,38.62,23301900
21/11/2001,38.53,38.95,37.99,38.64,14715900
23/11/2001,38.8,39.41,38.27,39.28,7734800
26/11/2001,39.53,40.35,39.37,40.25,17692200
27/11/2001,40.08,40.96,39.2,40.2,22557300
28/11/2001,39.73,40.34,38.7,38.75,20301200
29/11/2001,39.05,39.99,36.74,39.95,18679400
30/11/2001,39.74,40.01,39.36,39.65,14233300
03/12/2001,39.26,39.58,38.9,38.97,12383200
04/12/2001,39.38,40.83,39.27,40.83,18448800
05/12/2001,41.23,43.14,41.12,42.85,29637000
06/12/2001,42.72,43.24,42.37,42.91,19703400
07/12/2001,42.47,42.58,41.16,41.73,19597700
10/12/2001,41.3,42.22,40.9,41,13353400
11/12/2001,41.49,42.24,41.13,41.23,17527800
12/12/2001,41.52,41.93,40.62,41.56,18120400
13/12/2001,40.65,40.99,39.76,39.76,19062800
14/12/2001,39.92,40.45,39.58,40.11,15946200
17/12/2001,40.02,41.24,40.02,40.8,14781400
18/12/2001,41.18,41.48,40.89,41.26,11576200
19/12/2001,40.5,41.32,40.32,40.51,19686200
20/12/2001,40.12,40.28,38.68,38.79,17598500
21/12/2001,39.45,39.69,39.15,39.48,15843300
24/12/2001,39.45,39.62,39.16,39.32,4041100
26/12/2001,39.4,40.3,39.4,39.69,9775800
27/12/2001,39.85,40.2,39.63,40.01,8341900
28/12/2001,40.26,40.79,40.24,40.33,8876800
31/12/2001,40.3,40.44,38.91,38.91,12961600
02/01/2002,39.56,40.15,38.93,40.11,13591900
03/01/2002,40.34,41.54,40.26,41.5,22840900
04/01/2002,41.98,42.29,40.95,41.67,17589400
07/01/2002,42.11,42.2,40.99,41.21,13724900
08/01/2002,41.12,41.76,40.85,41.49,14794300
09/01/2002,42,42.59,40.9,41.11,17556600
10/01/2002,41.15,41.52,40.72,41.38,18019600
11/01/2002,41.31,41.57,40.48,40.85,13183400
14/01/2002,40.47,40.68,39.7,39.96,18272500
15/01/2002,40,40.54,39.6,40.34,13988400
16/01/2002,39.54,39.75,38.77,38.78,17236000
17/01/2002,39.5,39.97,39.04,39.65,16145700
18/01/2002,38.8,39.43,38.25,38.57,15783800
22/01/2002,38.97,39.02,37.33,37.4,20390200
23/01/2002,37.68,38.69,37.35,38.43,17839300
24/01/2002,38.96,39.5,38.28,38.94,14679200
25/01/2002,38.49,39.15,38.37,38.83,12226500
28/01/2002,39.13,39.38,38.43,39.05,9050300
29/01/2002,39.15,39.4,37.55,37.98,16001200
30/01/2002,38,38.35,36.85,38.27,21333500
31/01/2002,38.6,38.73,38.02,38.51,16608900
01/02/2002,38.4,38.87,37.7,38.14,11550400
04/02/2002,37.95,38.05,36.61,36.92,14220400
05/02/2002,36.6,37.29,36.2,36.31,16863500
06/02/2002,36.89,36.89,35.72,36.04,18124900
07/02/2002,35.99,36.39,35.14,35.19,15093800
08/02/2002,35.49,36.24,34.98,36.17,16017400
11/02/2002,36.12,36.81,35.98,36.63,13576500
12/02/2002,36.27,36.98,36.05,36.33,11060800
13/02/2002,36.7,37.14,36.62,36.95,12452600
14/02/2002,36.7,37.14,36.62,36.86,12897500
15/02/2002,36.8,36.91,35.65,35.78,15225900
19/02/2002,35.35,35.46,34.33,34.68,16162900
20/02/2002,34.91,35.16,33.95,35.15,20398100
21/02/2002,34.79,34.94,33.48,33.48,19328200
22/02/2002,33.65,34.19,33.1,33.65,19741600
25/02/2002,34.03,35.24,33.98,35.01,17393700
26/02/2002,35.28,35.41,34.41,34.88,14408600
27/02/2002,35.42,35.49,34.09,34.4,16442900
28/02/2002,34.5,34.95,33.75,33.78,15928500
01/03/2002,34.19,35.75,34.09,35.74,21306700
04/03/2002,35.75,37.22,35.4,37.15,24144800
05/03/2002,36.96,37.83,36.81,37.42,18923600
06/03/2002,37.05,37.94,36.62,37.6,19005800
07/03/2002,38.18,38.31,37.02,37.68,17428700
08/03/2002,38.29,39,38.15,38.67,18670000
11/03/2002,38.35,39.18,38.08,38.53,14229500
12/03/2002,37.55,38,37.34,38,21512000
13/03/2002,37.39,37.65,36.87,37.08,14353400
14/03/2002,37.07,37.37,36.73,36.86,13514100
15/03/2002,36.85,37.33,36.6,37.23,12166800
18/03/2002,37.65,37.92,37.06,37.44,13242600
19/03/2002,37.6,37.82,37.24,37.38,9946800
20/03/2002,36.87,37.06,36.04,36.06,11294900
21/03/2002,36.15,37.14,35.92,37.02,15709800
22/03/2002,36.95,37.13,36.47,36.68,15014400
25/03/2002,36.7,36.9,35.52,35.58,9625500
26/03/2002,35.42,36.4,35.42,35.89,15102100
27/03/2002,35.67,35.99,35.43,35.61,10602100
28/03/2002,35.99,36.37,35.91,36.06,12337800
01/04/2002,35.81,36.89,35.48,36.75,14846900
02/04/2002,36,36.14,35.06,35.09,12683200
03/04/2002,35.32,35.43,34.3,35.03,12871500
04/04/2002,34.45,35.13,34.28,34.76,11913500
05/04/2002,35.03,35.16,34.2,34.37,10267900
08/04/2002,33.51,34.8,33.43,34.8,12882600
09/04/2002,34.78,34.97,33.5,33.59,13245600
10/04/2002,33.77,34.24,33.15,33.84,13788200
11/04/2002,33.63,33.84,32.9,33,11346000
12/04/2002,33.35,33.8,33,33.52,12281500
15/04/2002,33.82,33.94,33.23,33.79,7997000
16/04/2002,34.43,35.21,34.43,35.2,13644600
17/04/2002,35.32,35.47,34.65,35.02,12154700
18/04/2002,34.74,35.12,34,34.35,12744800
19/04/2002,35.05,35.05,34.4,34.46,10613500
22/04/2002,33.98,33.99,33.26,33.59,10471700
23/04/2002,33.59,33.77,32.72,33.01,12745700
24/04/2002,33.21,33.29,32.35,32.5,11878000
25/04/2002,32.25,32.71,32.05,32.42,12720700
26/04/2002,32.61,32.77,31.01,31.01,15291500
29/04/2002,31.27,31.55,30.57,31.06,15550400
30/04/2002,31.05,32.17,30.97,31.73,18746300
01/05/2002,31.69,31.84,30.65,31.56,18782900
02/05/2002,31.4,31.98,30.46,30.5,15068200
03/05/2002,30.45,30.46,29.5,29.74,15767500
06/05/2002,29.63,29.97,28.87,28.97,11927600
07/05/2002,29.33,29.35,28.44,28.7,15929100
08/05/2002,30.18,31.86,30.15,31.77,29653600
09/05/2002,31.57,31.89,30.82,30.95,15437400
10/05/2002,31,31.09,29.51,29.56,17153200
13/05/2002,29.85,30.97,29.68,30.76,17569200
14/05/2002,32.08,32.65,31.87,32.57,25275500
15/05/2002,32.09,33.63,31.9,32.81,24832300
16/05/2002,32.56,33.05,32.23,32.86,11190000
17/05/2002,33.3,33.4,32.48,32.93,12538600
20/05/2002,32.63,32.65,31.96,32.21,12164700
21/05/2002,32.39,32.59,31.1,31.33,20615700
22/05/2002,31,31.58,30.65,31.4,17790200
23/05/2002,31.62,32.08,30.85,32.02,15601200
24/05/2002,31.58,31.65,31.02,31.24,9760500
28/05/2002,31.5,31.5,30.51,31.1,13050000
29/05/2002,30.68,30.88,30.24,30.28,12699100
30/05/2002,30.01,30.72,29.9,30.54,17688800
31/05/2002,30.75,31.03,30,30.04,12592100
03/06/2002,29.97,30.23,28.8,28.98,14569500
04/06/2002,28.79,29.67,28.61,29.36,16828300
05/06/2002,29.45,29.8,29,29.66,14038800
06/06/2002,29.49,29.5,28.65,28.88,13939900
07/06/2002,27.65,28.79,27.55,28.3,21616700
10/06/2002,28.35,28.75,28.15,28.25,10591900
11/06/2002,28.63,28.68,27.37,27.46,14727000
12/06/2002,27.22,27.96,26.85,27.86,24640200
13/06/2002,27.8,28.19,27.4,27.67,15671200
14/06/2002,26.86,27.7,26.25,27.62,22116100
17/06/2002,28.05,28.72,27.92,28.56,17588700
18/06/2002,28.32,29.11,28.28,29.02,14432700
19/06/2002,28.09,28.2,27.25,27.34,14752900
20/06/2002,27.28,27.44,26.31,26.46,15974500
21/06/2002,26.4,26.78,25.66,25.82,19616300
24/06/2002,25.42,26.79,25.21,26.33,21924700
25/06/2002,26.65,26.7,25.3,25.46,17292600
26/06/2002,24.5,25.74,24.4,25.45,23622800
27/06/2002,26.02,26.22,25.05,26.21,18651000
28/06/2002,26.03,26.74,25.85,26.07,14892300
01/07/2002,25.98,26.14,24.78,24.85,12938800
02/07/2002,24.63,24.75,23.91,23.98,9751000
03/07/2002,23.83,24.75,23.62,24.75,20357900
05/07/2002,25.33,25.51,25.27,25.5,2201700
08/07/2002,26.17,26.51,25.08,25.38,16717100
09/07/2002,25.24,25.48,24.6,24.66,14745800
10/07/2002,24.99,25.03,23.85,23.9,20470300
11/07/2002,23.8,24.89,23.55,24.8,31204400
12/07/2002,25.29,25.5,24.56,24.8,22382400
15/07/2002,24.62,25.61,23.75,25.57,26204000
16/07/2002,25.2,26,24.92,25.19,30151700
17/07/2002,26.15,26.43,24.97,25.65,29975300
18/07/2002,25.43,25.53,24.69,24.73,19363400
19/07/2002,24.27,24.69,23.83,23.99,22800900
22/07/2002,23.83,24.48,23.1,23.4,28272000
23/07/2002,23.48,23.74,22.29,22.4,26623700
24/07/2002,21.75,23.64,21.68,23.63,28263600
25/07/2002,23.22,23.4,21.81,22.21,26242500
26/07/2002,22.52,22.8,22.02,22.67,14889200
29/07/2002,23.28,24.12,23.16,23.83,17507200
30/07/2002,23.78,24.67,23.6,24.31,22114100
31/07/2002,23.97,24.19,23.38,23.85,17091400
01/08/2002,23.78,23.88,22.67,22.72,15994200
02/08/2002,22.72,22.83,21.83,22.25,18007200
05/08/2002,22.07,22.3,21.3,21.44,13550600
06/08/2002,21.85,23,21.82,22.55,20283500
07/08/2002,23.25,23.33,21.96,22.8,19449700
08/08/2002,22.72,23.6,22.35,23.57,17404400
09/08/2002,23.17,23.7,22.88,23.33,17428400
12/08/2002,23.08,23.48,22.9,23.4,62919500
13/08/2002,23.22,23.87,22.55,22.6,88361104
14/08/2002,22.7,24.2,22.47,24.04,102709296
15/08/2002,24.3,24.55,23.72,24.53,120307800
16/08/2002,24.08,25,23.73,24.7,95863504
19/08/2002,24.83,25.59,24.68,25.3,76035904
20/08/2002,25.21,25.43,24.85,25.19,89988096
21/08/2002,25.42,25.85,25,25.75,101399504
22/08/2002,25.8,26.21,25.42,26.16,80393400
23/08/2002,25.8,25.81,24.95,25.15,75248000
26/08/2002,25.35,25.39,24.61,25.25,83349800
27/08/2002,25.48,25.52,24.15,24.37,92356096
28/08/2002,24.03,24.98,23.6,23.71,74659400
29/08/2002,23.17,24.22,23.02,23.79,97077696
30/08/2002,23.6,24.01,23.38,23.49,59511100
03/09/2002,23.01,23.43,22.34,22.64,81890000
04/09/2002,22.5,23.02,22.24,22.73,82728400
05/09/2002,22.4,22.5,21.93,22.17,92653904
06/09/2002,22.68,23.22,22.6,22.85,86025504
09/09/2002,22.67,23.37,22.39,23.08,72713400
10/09/2002,23.24,23.67,23.03,23.65,74694400
11/09/2002,24.09,24.35,23.42,23.45,73921200
12/09/2002,23.22,23.26,22.71,22.81,70801104
13/09/2002,22.55,23.08,22.52,22.99,79716096
16/09/2002,22.88,23.01,22.37,22.66,58879900
17/09/2002,23.09,23.21,22.18,22.18,89211904
18/09/2002,22.2,22.55,21.78,21.93,92413400
19/09/2002,21.7,22.13,21.55,21.58,86322496
20/09/2002,21.8,21.9,21.48,21.67,78200304
23/09/2002,21.45,21.52,20.81,21.02,72775000
24/09/2002,20.68,21.45,20.65,21.03,91545000
25/09/2002,21.39,22.04,21.1,21.87,98112704
26/09/2002,22.15,22.33,21.37,21.6,104453504
27/09/2002,21.55,22.21,21.31,21.31,92275200
30/09/2002,21.05,21.24,20.49,20.72,91582496
01/10/2002,20.95,21.99,20.47,21.98,102136704
02/10/2002,21.48,21.97,20.97,21.25,94899296
03/10/2002,21.04,21.4,20.68,20.74,74410600
04/10/2002,20.98,21.02,20.11,20.35,81887400
07/10/2002,20.2,20.59,19.85,20.16,79886496
08/10/2002,20.3,20.61,19.76,20.16,94118704
09/10/2002,19.95,20.53,19.84,20.06,103351400
10/10/2002,20.07,21.21,19.91,21.08,109610496
11/10/2002,21.54,22.38,21.42,22.22,124824304
14/10/2002,21.87,22.5,21.78,22.48,78957296
15/10/2002,23.48,23.63,23.18,23.56,118191104
16/10/2002,22.71,23.16,22.07,22.78,97754304
17/10/2002,23.68,23.81,22.58,23.55,96227000
18/10/2002,23.38,23.85,22.93,23.81,85246000
21/10/2002,23.52,24.45,23.3,24.29,85765200
22/10/2002,23.78,24.34,23.65,24.14,90332096
23/10/2002,23.85,24.63,23.67,24.6,88344200
24/10/2002,24.68,24.86,23.92,23.98,89204400
25/10/2002,24.03,24.75,23.99,24.62,71810896
28/10/2002,25,25.04,24.17,24.49,90295296
29/10/2002,24.28,24.47,23.37,23.92,90378800
30/10/2002,24.1,24.79,23.85,24.56,103547696
31/10/2002,24.68,25.04,24.36,24.55,81523504
01/11/2002,24.41,25.4,24.14,25.25,86697800
04/11/2002,26.13,26.82,25.8,25.9,110579600
05/11/2002,25.75,26.17,25.56,26.1,79628704
06/11/2002,26.35,26.61,25.64,26.47,116865200
07/11/2002,25.95,26.1,25.31,25.54,82770496
08/11/2002,25.54,25.87,24.96,25.07,77026496
11/11/2002,24.9,25.02,24.15,24.31,74659400
12/11/2002,24.43,25.4,24.4,24.93,88956096
13/11/2002,24.71,25.7,24.49,25.23,119393600
14/11/2002,25.7,26.42,25.52,26.1,86664400
15/11/2002,25.95,26.45,25.75,26.44,69326800
18/11/2002,26.74,26.77,25.99,26.05,76934800
19/11/2002,25.84,26.05,25.3,25.65,88218000
20/11/2002,25.62,26.75,25.54,26.74,75626704
21/11/2002,26.95,29.7,26.75,27.73,105596704
22/11/2002,27.34,27.94,27.32,27.72,73823800
25/11/2002,27.71,28.21,27.54,27.99,72711504
26/11/2002,27.8,27.93,26.9,27.05,80056096
27/11/2002,27.6,28.2,27.49,27.91,73686800
29/11/2002,28.19,28.29,27.22,27.72,34652100
02/12/2002,28.49,28.79,27.57,28,85998800
03/12/2002,27.54,27.58,26.93,27.17,76701104
04/12/2002,26.59,26.95,26.21,26.57,130340800
05/12/2002,26.97,27,26.13,26.2,85194496
06/12/2002,25.8,26.72,25.74,26.2,81765000
09/12/2002,26.16,26.55,25.2,25.22,75953400
10/12/2002,25.42,25.95,25.35,25.6,69665400
11/12/2002,25.43,26.07,25.32,25.72,64276700
12/12/2002,26.05,26.69,25.56,25.86,62382600
13/12/2002,25.51,25.57,25.01,25.04,72695800
16/12/2002,25.2,25.96,25.07,25.85,60359700
17/12/2002,25.87,26.2,25.66,25.93,62801600
18/12/2002,25.55,25.6,25.05,25.38,67552000
19/12/2002,25.18,25.78,24.81,25.06,96176496
20/12/2002,25.37,25.45,25.07,25.32,65597600
23/12/2002,25.15,25.76,25.13,25.67,46004000
24/12/2002,25.55,25.73,25.32,25.35,16773100
26/12/2002,25.55,25.91,25.17,25.28,33816800
27/12/2002,25.19,25.85,24.75,24.82,42540700
30/12/2002,24.83,24.97,24.36,24.63,57460300
31/12/2002,24.54,24.71,24.28,24.37,46028000
02/01/2003,24.75,25.55,24.45,25.4,66305800
03/01/2003,25.49,25.71,25.28,25.68,39091500
06/01/2003,25.73,26.59,25.2,26.32,67359800
07/01/2003,26.42,26.93,26.25,26.65,88784200
08/01/2003,26.39,26.97,25.84,25.9,75091104
09/01/2003,26.24,26.98,26.22,26.7,75427904
10/01/2003,26.37,27.26,26.22,27.1,82638000
13/01/2003,27.33,27.47,26.73,26.94,72945200
14/01/2003,26.93,27.32,26.85,27.08,47262600
15/01/2003,27.24,27.35,26.58,26.74,55451900
16/01/2003,26.73,26.98,26.25,26.44,69712200
17/01/2003,25.83,25.94,25.27,25.31,77454400
21/01/2003,25.37,25.55,25.02,25.03,68032200
22/01/2003,24.88,25.53,24.87,24.93,80967000
23/01/2003,25.46,25.84,25.11,25.51,78659400
24/01/2003,25.51,25.53,24.64,24.82,74580496
27/01/2003,24.45,25.03,24.37,24.53,76589600
28/01/2003,24.8,25.05,24.42,24.78,65295300
29/01/2003,24.76,25.45,24.34,25.15,95805296
30/01/2003,25.32,25.42,24.49,24.54,70503200
31/01/2003,24.12,24.76,24.01,24.44,90548000
03/02/2003,24.55,24.8,24.38,24.49,53195100
04/02/2003,24.11,24.49,23.82,24.49,65708300
05/02/2003,24.33,24.86,24.01,24.08,80168096
06/02/2003,24.04,24.35,23.86,24.21,103594896
07/02/2003,24.39,24.45,23.65,23.81,72339000
10/02/2003,23.86,24.25,23.62,24.02,67607504
11/02/2003,24.29,24.61,23.92,24.15,78014400
12/02/2003,24.07,24.33,23.78,23.82,51815100
13/02/2003,23.88,23.98,23.32,23.94,77763400
14/02/2003,23.81,24.5,23.62,24.49,67562800
18/02/2003,24.74,25.34,24.68,25.25,74031104
19/02/2003,25.16,25.24,24.71,25.08,45608800
20/02/2003,25.15,25.27,24.84,24.98,59952900
21/02/2003,24.93,25.37,24.51,25.17,70347696
24/02/2003,25.15,25.21,24.71,24.74,56709200
25/02/2003,24.45,24.95,24.08,24.77,74636304
26/02/2003,24.78,24.94,24.2,24.22,60146700
27/02/2003,24.42,24.92,24.27,24.77,66519200
28/02/2003,24.81,25.22,24.72,25.16,50595700
03/03/2003,25.28,25.48,24.56,24.65,60441700
04/03/2003,24.66,24.77,24.42,24.5,56092600
05/03/2003,24.4,24.78,24.32,24.55,69210496
06/03/2003,24.43,24.68,24.23,24.49,59550300
07/03/2003,24.07,24.95,23.96,24.54,73330000
10/03/2003,24.35,24.46,23.91,24.01,55995400
11/03/2003,24.07,24.24,23.78,23.8,54949500
12/03/2003,23.76,24.24,23.54,24.23,77964096
13/03/2003,24.72,25.65,24.4,25.62,128537600
14/03/2003,25.75,25.98,25.36,25.72,89832304
17/03/2003,25.48,26.8,25,26.6,141198496
18/03/2003,26.88,26.97,26.42,26.93,97193800
19/03/2003,26.87,27.76,26.33,26.7,91370800
20/03/2003,26.51,27.14,26.17,26.8,93101296
21/03/2003,27.21,27.38,26.2,27.17,93395200
24/03/2003,26.42,26.6,25.97,26.04,85304704
25/03/2003,26.15,26.76,26.01,26.41,78789200
26/03/2003,26.6,26.77,26.36,26.56,68026600
27/03/2003,26.22,26.65,26.1,26.37,64201400
28/03/2003,26.19,26.43,25.95,26.08,45395800
31/03/2003,25.55,26.08,25.21,26.08,89401200
01/04/2003,25.47,25.67,25.25,25.45,73428496
02/04/2003,26.4,26.56,26.03,26.36,75971400
03/04/2003,26.69,26.85,26.31,26.48,71121104
04/04/2003,26.59,26.6,25.16,26.05,65745400
07/04/2003,27.11,27.2,26.07,26.09,83880600
08/04/2003,26.18,26.29,25.88,26.06,54283100
09/04/2003,26.13,26.62,25.41,25.46,76544600
10/04/2003,25.47,25.77,25.3,25.77,57235000
11/04/2003,26.07,26.17,25.36,25.51,67994400
14/04/2003,25.53,26.14,25.49,26.03,53422600
15/04/2003,25.98,26.46,25.85,26.28,64627100
16/04/2003,26.63,26.83,26.12,26.22,70747200
17/04/2003,26.15,26.98,26.15,26.82,70275000
21/04/2003,26.92,27.11,26.62,26.92,52750100
22/04/2003,26.73,27.46,26.65,27.43,70905800
23/04/2003,27.52,27.75,27.26,27.63,70578304
24/04/2003,27.36,27.75,27.27,27.48,72513800
25/04/2003,27.32,27.42,26.86,26.95,63355800
28/04/2003,27.05,27.63,26.95,27.48,59685000
29/04/2003,27.67,28.06,27.41,27.73,80373400
30/04/2003,27.64,27.79,27.43,27.45,60413500
01/05/2003,27.44,27.87,27.19,27.69,66057900
02/05/2003,27.63,28.29,27.57,28.28,85040704
05/05/2003,28.38,28.71,28.17,28.25,80674496
06/05/2003,28.3,28.9,28.21,28.61,77620896
07/05/2003,28.41,28.69,28.12,28.29,70379800
08/05/2003,27.86,28.19,27.76,27.77,80334304
09/05/2003,28.05,28.48,28,28.41,58581500
12/05/2003,28.36,28.96,28.17,28.84,67600600
13/05/2003,28.66,28.99,28.54,28.66,65188000
14/05/2003,28.87,28.97,28.36,28.6,62231300
15/05/2003,28.75,28.98,28.56,28.92,62486800
16/05/2003,28.74,28.94,28.48,28.7,70645904
19/05/2003,28.52,28.68,27.61,27.69,91762896
20/05/2003,27.76,27.96,27.41,27.77,72018096
21/05/2003,27.65,27.75,27.44,27.69,64103100
22/05/2003,27.79,28.32,27.62,28.09,62474300
23/05/2003,28.1,28.25,27.95,28.1,37940600
27/05/2003,27.95,29.22,27.9,29.1,101570304
28/05/2003,29.16,29.4,28.96,29.19,76399000
29/05/2003,29.2,29.8,29.16,29.31,97637800
30/05/2003,29.55,29.87,29.45,29.79,78162304
02/06/2003,30.08,30.2,29.31,29.58,103102000
03/06/2003,29.39,29.88,28.66,29.86,82208096
04/06/2003,29.84,30.58,29.72,30.42,87115000
05/06/2003,30.16,30.68,29.97,30.42,89492896
06/06/2003,31.2,31.47,30.02,30.13,157178208
09/06/2003,29.96,30.22,29.53,29.73,94981200
10/06/2003,29.87,30.2,29.68,30.18,69923600
11/06/2003,30.06,30.64,29.8,30.52,87395904
12/06/2003,30.64,30.75,30.26,30.65,79572096
13/06/2003,30.65,30.73,29.86,29.96,83366496
16/06/2003,30.17,30.9,30,30.88,71592800
17/06/2003,31.1,31.11,30.56,30.76,67724600
18/06/2003,30.68,31.23,30.45,30.92,80241000
19/06/2003,30.98,31.24,30.38,30.42,79539600
20/06/2003,30.65,30.78,30.25,30.38,71569200
23/06/2003,30.31,30.37,29.56,29.91,86598496
24/06/2003,29.73,30.13,29.53,29.68,83041904
25/06/2003,29.67,30.18,29.47,29.52,94353104
26/06/2003,29.71,30.28,29.61,30.22,79266704
27/06/2003,30.22,30.57,29.77,29.83,82545600
30/06/2003,30.2,30.34,29.8,29.95,72086096
01/07/2003,29.7,30.38,29.26,30.35,105918304
02/07/2003,30.47,30.99,30.38,30.97,81992000
03/07/2003,30.66,31.84,30.47,30.58,50050800
07/07/2003,30.97,31.9,30.96,31.89,88715200
08/07/2003,31.78,32.31,31.62,32.28,82302496
09/07/2003,32.17,32.49,31.93,32.2,89849696
10/07/2003,31.87,31.99,31.33,31.6,103215104
11/07/2003,31.68,31.99,31.61,31.84,67782400
14/07/2003,32.34,32.75,32.07,32.22,84558304
15/07/2003,32.58,32.65,31.94,32.26,76116000
16/07/2003,32.49,32.5,31.73,32.16,81710096
17/07/2003,31.66,31.84,31.04,31.18,110497696
18/07/2003,31.4,31.96,30.92,31.28,80587600
21/07/2003,31.3,31.3,30.61,30.88,111931696
22/07/2003,31.1,31.5,30.86,31.34,91610704
23/07/2003,31.4,31.64,30.99,31.6,69189696
24/07/2003,31.88,32.02,31.08,31.18,83615800
25/07/2003,31.1,31.84,30.77,31.8,83055600
28/07/2003,31.86,31.99,31.6,31.89,56219000
29/07/2003,31.97,32.02,31.23,31.65,80601600
30/07/2003,31.71,31.74,31.33,31.42,56645300
31/07/2003,31.88,32.33,31.52,31.8,85713400
01/08/2003,31.68,31.79,31.3,31.46,73569800
04/08/2003,31.41,31.92,30.84,31.45,96430304
05/08/2003,31.48,31.48,30.05,30.21,111179904
06/08/2003,30.34,30.77,30.1,30.19,96848096
07/08/2003,30.22,30.51,30.02,30.31,67365000
08/08/2003,30.45,30.55,29.93,30.07,66706600
11/08/2003,30.12,30.6,30.03,30.4,63738200
12/08/2003,30.57,30.9,30.33,30.86,59770000
13/08/2003,31,31.07,30.65,30.87,58071600
14/08/2003,30.85,31.19,30.67,30.9,49626700
15/08/2003,30.95,31.29,30.93,31.17,28131300
18/08/2003,31.32,32.01,31.05,31.97,67354704
19/08/2003,32.06,32.38,31.85,32.37,68390800
20/08/2003,32.04,32.52,32.02,32.29,58280600
21/08/2003,32.59,32.82,32.27,32.64,77253800
22/08/2003,33.26,33.37,32.33,32.44,93034400
25/08/2003,32.33,32.57,32.21,32.51,43082300
26/08/2003,32.27,32.59,31.81,32.54,79913296
27/08/2003,32.5,32.83,32.37,32.8,47272000
28/08/2003,32.94,33.12,32.52,33.09,55356800
29/08/2003,33.07,33.46,32.98,33.39,53194600
02/09/2003,33.53,33.89,33.13,33.87,80508704
03/09/2003,34.15,34.2,33.65,33.85,85258000
04/09/2003,33.83,34.22,33.7,34.16,63904000
05/09/2003,33.97,34.34,33.67,33.94,91046800
08/09/2003,34,34.53,33.95,34.5,69355000
09/09/2003,34.33,34.39,33.92,34.09,88014704
10/09/2003,33.75,33.89,33.11,33.27,111709800
11/09/2003,33.28,33.78,33.01,33.64,96963104
12/09/2003,33.37,33.84,33.05,33.82,105031504
15/09/2003,33.83,33.91,33.44,33.49,54625000
16/09/2003,33.59,34.43,33.52,34.4,87609200
17/09/2003,34.33,34.5,34.03,34.26,79821696
18/09/2003,34.17,34.86,34,34.78,91635400
19/09/2003,34.78,34.86,34.36,34.58,69834496
22/09/2003,34.13,34.2,33.77,33.92,97494704
23/09/2003,34.03,34.56,33.91,34.52,77858400
24/09/2003,34.51,34.8,33.17,33.22,115575800
25/09/2003,33.38,33.98,32.76,32.79,117990800
26/09/2003,32.9,33.17,32.52,32.58,106692800
29/09/2003,32.76,33.17,32.45,33.14,97110304
30/09/2003,32.9,32.96,32.36,32.42,119187296
01/10/2003,32.61,33.23,32.42,33.15,106833696
02/10/2003,33.1,33.43,32.93,33.26,83940704
03/10/2003,33.9,34.47,33.82,34.19,112935904
06/10/2003,34.28,34.45,34.06,34.44,49243900
07/10/2003,34.2,34.65,34.01,34.65,80178600
08/10/2003,34.81,34.84,34.22,34.43,71430496
09/10/2003,34.91,35.27,34.43,34.69,118276096
10/10/2003,34.77,35.03,34.64,35.01,68398704
13/10/2003,35.18,35.37,34.92,35.24,60980600
14/10/2003,35.1,35.43,34.96,35.33,64235900
15/10/2003,35.8,35.85,35.03,35.18,97791504
16/10/2003,35.1,35.53,35,35.46,74087600
17/10/2003,35.38,35.49,34.6,34.61,98012304
20/10/2003,34.71,35.68,34.08,35.04,76164304
21/10/2003,35.18,35.45,34.94,35.25,75015200
22/10/2003,34.89,34.93,34.44,34.57,88819800
23/10/2003,34.15,34.51,34.05,34.17,99353400
24/10/2003,33.83,34.23,33.49,34.2,101828496
27/10/2003,34.32,34.45,34.04,34.21,63646100
28/10/2003,34.42,35.41,34.37,35.36,107497400
29/10/2003,35.2,35.41,35.07,35.32,74110896
30/10/2003,35.81,36,35.14,35.39,95149600
31/10/2003,35.42,35.49,35.06,35.18,55497200
03/11/2003,35.46,35.98,35.36,35.76,71175280
04/11/2003,35.74,35.87,35.45,35.52,60072508
05/11/2003,35.52,35.89,34.29,35.84,65133700
06/11/2003,35.79,35.97,35.34,35.94,90632000
07/11/2003,36.04,36.18,35.6,35.63,63605800
10/11/2003,35.63,35.74,35.09,35.19,68950496
11/11/2003,35.15,35.3,34.85,35.06,75928496
12/11/2003,35.17,35.96,35.14,35.81,81156200
13/11/2003,35.71,35.9,35.55,35.77,64326000
14/11/2003,35.82,36.02,34.95,35.04,91049000
17/11/2003,34.84,34.91,34.26,34.68,108519296
18/11/2003,34.87,34.97,33.82,33.88,108732000
19/11/2003,34.01,34.4,33.88,34.21,86406896
20/11/2003,33.89,34.68,33.81,33.88,117403200
21/11/2003,34.08,34.27,33.73,34.23,81824496
24/11/2003,34.55,35.25,34.47,35.18,92188496
25/11/2003,35.29,35.45,35.09,35.18,72575200
26/11/2003,35.4,35.52,34.81,35.34,72865600
28/11/2003,35.28,35.5,35.21,35.38,24809100
01/12/2003,35.69,36.01,35.47,35.9,82815904
02/12/2003,35.82,36.05,35.58,35.7,65084600
03/12/2003,35.84,36.12,35.25,35.25,107817200
04/12/2003,35.37,35.71,35.08,35.63,102447200
05/12/2003,35.27,35.5,34.96,35.04,87631200
08/12/2003,34.97,35.33,34.78,35.24,87128200
09/12/2003,35.42,35.46,34.35,34.43,109997104
10/12/2003,34.5,34.7,34.13,34.56,103567400
11/12/2003,34.5,35.39,34.49,35.3,108426304
12/12/2003,35.34,35.34,34.9,35.24,72224600
15/12/2003,35.93,35.99,34.65,34.78,106241800
16/12/2003,34.79,35.02,34.42,34.85,89885296
17/12/2003,34.81,35,34.57,34.91,68579800
18/12/2003,35.32,35.64,34.95,35.56,90025600
19/12/2003,35.61,35.65,35.2,35.46,89768400
22/12/2003,35.35,35.68,35.29,35.57,63610600
23/12/2003,35.6,36.02,35.53,35.84,67049200
26/12/2003,35.96,36.09,35.82,35.85,25499000
29/12/2003,36.03,36.53,36.02,36.44,63368100
30/12/2003,36.53,36.58,36.3,36.56,48266900
31/12/2003,36.62,36.64,36.25,36.46,60522600
02/01/2004,36.66,36.79,36.22,36.36,55259000
05/01/2004,36.68,37.16,36.56,37.09,69748000
06/01/2004,37.08,37.42,36.95,37.34,60068800
07/01/2004,37.28,37.68,37.07,37.68,71864800
08/01/2004,37.85,38,37.6,37.98,78254800
09/01/2004,37.71,38.35,37.59,37.73,94320000
12/01/2004,37.85,38.35,37.68,38.33,77691600
13/01/2004,38.31,38.36,37.6,37.95,93054704
14/01/2004,38.08,38.25,37.75,38.08,69030496
15/01/2004,37.93,38.46,37.63,38.18,104554096
16/01/2004,38.38,38.63,38.17,38.57,77353696
20/01/2004,38.73,39,38.31,38.54,82064200
21/01/2004,38.39,38.66,38,38.38,112286600
22/01/2004,38.55,38.69,38.06,38.15,90937504
23/01/2004,38.21,38.46,37.78,38.01,88798000
26/01/2004,37.98,38.65,37.84,38.59,84668096
27/01/2004,38.54,38.63,37.69,37.74,97342200
28/01/2004,37.94,38.06,37,37.1,128136096
29/01/2004,37.24,37.31,36.66,37.24,144018800
30/01/2004,37.2,37.44,36.97,37.07,84305000
02/02/2004,37.2,37.48,36.82,36.97,94528304
03/02/2004,36.89,37.24,36.72,36.93,73815104
04/02/2004,36.64,37.76,36.33,36.33,110027696
05/02/2004,36.51,36.71,36.33,36.47,96940000
06/02/2004,36.6,37.28,36.53,37.13,107239000
09/02/2004,37.34,37.38,37.05,37.12,58885400
10/02/2004,37.06,37.41,37.03,37.18,65096300
11/02/2004,37.24,37.67,37,37.58,92485800
12/02/2004,37.52,37.7,37.24,37.25,70729504
13/02/2004,37.39,37.97,36.76,36.94,90597000
17/02/2004,37.28,37.62,37.22,37.44,69772400
18/02/2004,37.51,37.67,37.32,37.55,71117104
19/02/2004,37.87,37.9,36.82,36.98,100889400
20/02/2004,37.01,37.14,36.55,36.86,132371200
23/02/2004,37,37.03,35.9,36.45,125303600
24/02/2004,36.3,36.67,36,36.36,124564600
25/02/2004,36.43,36.67,36.33,36.58,74520600
26/02/2004,36.49,36.84,36.31,36.67,71463400
27/02/2004,36.76,36.94,36.27,36.57,99452200
01/03/2004,36.68,37.07,36.47,37.05,79781000
02/03/2004,36.98,37.18,36.61,36.62,91604896
03/03/2004,36.51,36.63,36.21,36.42,84023400
04/03/2004,36.44,36.83,36.39,36.76,66034600
05/03/2004,36.42,37.15,36.36,36.63,118130800
08/03/2004,36.69,36.82,35.73,35.77,112721904
09/03/2004,35.9,35.98,35.52,35.66,126232096
10/03/2004,35.75,36,35.13,35.19,134316000
11/03/2004,35.07,35.53,34.8,34.87,152514208
12/03/2004,35.18,35.59,35.15,35.51,118398800
15/03/2004,35.36,35.4,34.81,34.89,115887600
16/03/2004,35.11,35.25,34.63,34.95,123745400
17/03/2004,35.21,35.62,35.18,35.5,91960096
18/03/2004,35.37,35.46,34.97,35.34,111342400
19/03/2004,35.31,35.46,34.72,34.75,100132600
22/03/2004,34.53,34.55,34.03,34.31,134556400
23/03/2004,34.57,34.65,34.01,34.03,126105296
24/03/2004,34.15,34.63,34.01,34.42,118992704
25/03/2004,34.65,35.46,34.62,35.34,142147600
26/03/2004,35.3,35.58,35.2,35.22,78444096
29/03/2004,35.51,35.96,35.49,35.79,103920496
30/03/2004,35.67,35.94,35.52,35.91,95854496
31/03/2004,35.92,36,35.61,35.84,86058000
01/04/2004,35.81,36.25,35.78,36.16,93092896
02/04/2004,36.95,37.16,36.52,37.1,146006592
05/04/2004,37.04,37.5,36.97,37.45,67379400
06/04/2004,37.16,37.4,36.92,36.98,98707696
07/04/2004,37,37.11,36.66,36.94,91091696
08/04/2004,37.35,37.39,36.74,36.94,77246704
12/04/2004,37.07,37.24,36.98,37.17,55325500
13/04/2004,37.35,37.36,36.46,36.63,100740704
14/04/2004,36.41,36.95,36.36,36.81,113763800
15/04/2004,36.75,36.86,36.02,36.15,123788496
16/04/2004,36.2,36.32,35.79,36.09,110816704
19/04/2004,36.01,36.59,35.98,36.53,85887600
20/04/2004,36.6,36.79,35.64,35.68,119752496
21/04/2004,35.92,36.11,35.45,35.99,119168304
22/04/2004,36,37.01,35.98,36.92,137852992
23/04/2004,37.08,37.26,36.9,37.08,91596704
26/04/2004,37.18,37.29,36.65,36.94,74140800
27/04/2004,36.95,37.19,36.69,36.87,87207200
28/04/2004,36.71,36.72,36.02,36.2,111619600
29/04/2004,36.09,36.34,35.3,35.64,156824496
30/04/2004,35.66,35.8,34.72,34.77,150858896
03/05/2004,35,35.52,34.89,35.1,116763504
04/05/2004,35.21,35.75,35.03,35.25,124925104
05/05/2004,35.42,35.7,35.2,35.53,97352896
06/05/2004,35.24,35.52,34.85,35.26,102686000
07/05/2004,35.09,35.64,34.91,34.97,137502208
10/05/2004,34.67,34.9,34.42,34.67,156907104
11/05/2004,34.97,35.38,34.92,35.19,119008304
12/05/2004,35.12,35.35,34.27,35.26,197689696
13/05/2004,35.06,35.45,34.92,35.01,136889696
14/05/2004,35.2,35.31,34.64,34.75,133501696
17/05/2004,34.38,34.62,34.11,34.11,150520304
18/05/2004,34.66,34.9,34.6,34.73,96303200
19/05/2004,35.16,35.51,34.63,34.69,141493504
20/05/2004,34.78,35.02,34.56,34.83,94818400
21/05/2004,35.05,35.17,34.74,35.02,111282096
24/05/2004,35.3,35.46,35,35.23,99053296
25/05/2004,35.15,36.08,34.95,35.96,146058800
26/05/2004,35.86,36.19,35.81,36.01,93444200
27/05/2004,36.29,36.5,36,36.42,109618400
28/05/2004,36.38,36.55,36.21,36.55,56264500
01/06/2004,36.27,36.55,36.11,36.5,90472096
02/06/2004,36.55,36.66,36.17,36.42,103427400
03/06/2004,36.27,36.36,35.82,36.05,96768600
04/06/2004,36.33,36.62,36.17,36.19,91079504
07/06/2004,36.44,37.1,36.34,37.05,107139104
08/06/2004,36.9,37.19,36.85,37.1,72098800
09/06/2004,36.98,37.05,36.37,36.58,97687296
10/06/2004,36.69,36.84,36.55,36.8,56745000
14/06/2004,36.61,36.61,36.1,36.32,84855600
15/06/2004,36.56,36.99,36.56,36.79,91911200
16/06/2004,36.77,36.9,36.65,36.74,63500900
17/06/2004,36.65,36.66,36.25,36.39,77520704
18/06/2004,36.3,36.84,36.26,36.44,78584704
21/06/2004,36.52,36.63,36.06,36.15,65265900
22/06/2004,36.16,36.7,36.02,36.68,101319904
23/06/2004,36.6,37.19,36.51,36.84,93917696
24/06/2004,37.06,37.35,36.92,37.05,92189296
25/06/2004,37.01,37.39,36.98,37.33,80552304
28/06/2004,37.49,37.52,36.9,37.02,93750200
29/06/2004,37.1,37.59,37.08,37.37,68082600
30/06/2004,37.45,37.9,37.35,37.74,97712096
01/07/2004,37.66,37.66,36.77,37.04,122029000
02/07/2004,37.04,37.19,36.63,36.82,73972600
06/07/2004,36.56,36.6,35.83,36.03,129796800
07/07/2004,35.96,36.29,35.92,36.1,94157904
08/07/2004,35.81,36.13,35.55,35.7,108631296
09/07/2004,35.82,36.04,35.63,35.75,85999904
12/07/2004,35.57,35.69,34.71,35.6,81646304
13/07/2004,35.72,35.81,35.41,35.55,79660400
14/07/2004,35.2,35.65,35.05,35.19,118290096
15/07/2004,35.32,35.49,35.06,35.07,89869200
16/07/2004,35.43,35.45,34.62,34.67,120310304
19/07/2004,34.78,34.97,34.47,34.6,105918600
20/07/2004,34.75,35.59,34.71,35.43,116104000
21/07/2004,35.57,35.65,34.34,34.38,135137600
22/07/2004,34.48,35.11,34.25,34.87,130225296
23/07/2004,34.63,34.66,34.03,34.21,107081104
26/07/2004,34.24,34.41,33.7,34.06,112677400
27/07/2004,34.19,34.71,34.04,34.14,103261296
28/07/2004,34.41,34.63,33.81,34.41,154326800
29/07/2004,34.71,34.92,34.5,34.78,98843296
30/07/2004,34.76,35.1,34.65,34.89,82982800
02/08/2004,34.61,35.02,34.46,34.96,81184400
03/08/2004,34.84,34.93,34.19,34.2,85486896
04/08/2004,34.15,34.46,34.01,34.24,86676096
05/08/2004,34.35,34.4,33.6,33.6,109558896
06/08/2004,33.4,33.41,32,32.72,148653792
09/08/2004,32.81,32.96,32.65,32.8,78616800
10/08/2004,32.96,33.48,32.92,33.21,103395000
11/08/2004,32.85,33.04,32.55,32.76,121014496
12/08/2004,32.69,32.86,32.37,32.53,113050704
13/08/2004,32.65,32.74,32.35,32.52,91374496
16/08/2004,32.61,33.19,32.59,32.89,77274600
17/08/2004,33.12,33.44,32.99,33.26,89117800
18/08/2004,33.06,33.91,33.01,33.85,106348800
19/08/2004,33.73,33.85,33.41,33.66,104323696
20/08/2004,33.57,34.14,33.51,34.01,92016200
23/08/2004,34.05,34.27,33.91,34.09,83159104
24/08/2004,34.25,34.31,33.81,34.08,86905904
25/08/2004,34.08,34.6,33.9,34.55,88451200
26/08/2004,34.46,34.55,34.31,34.4,57809400
27/08/2004,34.47,34.68,34.44,34.56,58624300
30/08/2004,34.41,34.43,33.94,33.98,62457800
31/08/2004,34.02,34.12,33.65,34.02,81402000
01/09/2004,33.93,34.47,33.8,34.27,96703296
02/09/2004,34.18,34.88,34.16,34.78,83310000
03/09/2004,34.44,34.67,34.05,34.14,90275904
07/09/2004,34.4,34.61,34.12,34.43,96623800
08/09/2004,34.31,34.68,34.18,34.3,101716496
09/09/2004,34.45,34.75,34.13,34.59,104588600
10/09/2004,34.61,35.19,34.47,35.12,108659200
13/09/2004,35.25,35.72,35.14,35.58,109460800
14/09/2004,35.45,35.73,35.36,35.63,76937904
15/09/2004,35.42,35.45,35.1,35.25,90527696
16/09/2004,35.26,35.57,35.13,35.32,67178704
17/09/2004,35.23,35.52,35.16,35.43,84074496
20/09/2004,35.29,35.77,35.18,35.43,111357296
21/09/2004,35.54,35.85,35.42,35.57,93767904
22/09/2004,35.44,35.46,34.87,34.95,101573504
23/09/2004,34.98,35.15,34.88,34.92,92626896
24/09/2004,34.99,35.19,34.75,34.8,103289600
27/09/2004,34.62,34.74,34.38,34.5,86113200
28/09/2004,34.55,34.69,34.23,34.57,87293200
29/09/2004,34.54,35.12,34.53,35.08,95896704
30/09/2004,35.02,35.27,34.89,35.14,74680704
01/10/2004,35.45,36.15,35.36,36.1,118334704
04/10/2004,36.36,36.62,36.25,36.31,108525696
05/10/2004,36.23,36.49,36.16,36.36,89834200
06/10/2004,36.31,36.95,36.11,36.65,88022800
07/10/2004,36.54,36.67,36.17,36.24,82472896
08/10/2004,36.08,36.24,35.5,35.58,115125904
11/10/2004,35.72,35.86,35.6,35.75,51313400
12/10/2004,35.43,35.84,35.2,35.69,98330896
13/10/2004,36.05,36.14,35.43,35.61,132840896
14/10/2004,35.69,35.78,35.33,35.45,99448400
15/10/2004,35.49,35.86,35.28,35.63,129200000
18/10/2004,35.51,36.25,35.4,36.14,109346000
19/10/2004,36.38,36.57,35.79,35.88,130149600
20/10/2004,35.83,36.23,35.65,36.05,106874200
21/10/2004,36.24,36.79,36.1,36.6,124501800
22/10/2004,36.61,36.65,35.74,35.8,114386800
25/10/2004,35.73,35.81,35.49,35.63,103011000
26/10/2004,35.65,35.84,35.41,35.82,98249200
27/10/2004,35.84,36.9,35.71,36.73,152660800
28/10/2004,36.68,37.12,36.57,36.96,111165200
29/10/2004,36.91,37.24,36.67,36.9,100832000
01/11/2004,36.98,37.18,36.8,37.04,72562304
02/11/2004,37.09,37.55,37.01,37.16,109228000
03/11/2004,37.76,37.9,37.15,37.41,141206208
04/11/2004,37.26,37.78,37.11,37.62,112663104
05/11/2004,38.02,38.16,37.61,37.96,117089296
08/11/2004,37.93,38.1,37.85,38,66529900
09/11/2004,37.93,38.15,37.81,37.92,85273200
10/11/2004,37.93,38.06,37.64,37.79,95185504
11/11/2004,37.91,38.38,37.86,38.29,99863504
12/11/2004,38.34,38.76,38.17,38.66,102706600
15/11/2004,38.64,38.86,38.5,38.83,82777400
16/11/2004,38.66,38.68,38.32,38.59,97476496
17/11/2004,38.83,39.32,38.83,39.11,125454704
18/11/2004,38.98,39.36,38.89,39.29,95009104
19/11/2004,39.24,39.29,38.59,38.68,118573904
22/11/2004,38.61,39.07,38.48,39.05,79988096
23/11/2004,39.01,39.15,38.61,38.99,91938096
24/11/2004,39.1,39.39,39.07,39.33,74102096
26/11/2004,39.37,39.48,39.17,39.21,31303200
29/11/2004,39.46,39.64,38.97,39.2,94794096
30/11/2004,39.3,39.39,39.06,39.12,87715800
01/12/2004,39.27,39.96,39.27,39.92,102435024
02/12/2004,39.94,40.39,39.76,40.07,122306128
03/12/2004,40.41,40.59,40.08,40.13,114276520
06/12/2004,40.09,40.43,39.91,40.27,70505200
07/12/2004,40.25,40.5,39.53,39.58,121669488
08/12/2004,39.56,39.98,38.81,39.81,96436616
09/12/2004,39.5,40.19,39.24,40.05,134422544
10/12/2004,39.87,40.07,39.74,39.93,86252392
13/12/2004,40.22,40.34,39.98,40.28,74339240
14/12/2004,40.26,40.59,40.25,40.48,92019768
15/12/2004,40.49,40.68,40.16,40.33,95229968
16/12/2004,40.32,40.45,39.82,39.95,86265072
17/12/2004,39.72,39.81,37.21,39.47,102213968
20/12/2004,39.57,39.77,39.09,39.2,106719880
21/12/2004,39.38,39.71,39.28,39.68,83240680
22/12/2004,39.53,39.93,39.49,39.73,75507432
23/12/2004,39.61,39.91,39.54,39.76,45816380
27/12/2004,39.98,40.02,39.4,39.59,67278368
28/12/2004,39.67,40,39.61,39.97,62616688
29/12/2004,39.92,40.16,39.9,40.02,50112184
30/12/2004,40.07,40.12,39.93,39.99,41728204
31/12/2004,40.02,40.12,39.78,39.92,44145564
03/01/2005,40.08,40.29,39.37,39.5,101052208
04/01/2005,39.69,39.74,38.55,38.78,136759296
05/01/2005,38.68,38.96,38.47,38.54,128424272
06/01/2005,38.63,38.71,38.34,38.35,103981120
07/01/2005,38.42,38.87,38.21,38.55,123159232
10/01/2005,38.44,38.87,38.39,38.53,88824600
11/01/2005,38.37,38.5,38.07,38.26,107283392
12/01/2005,38.44,38.6,38.01,38.58,127885824
13/01/2005,38.6,38.85,38.01,38.07,102117504
14/01/2005,38.19,38.52,38.19,38.43,93530064
18/01/2005,38.28,38.79,38.22,38.72,92042104
19/01/2005,38.73,38.75,38.06,38.08,105302896
20/01/2005,37.65,37.81,37.32,37.35,121107344
21/01/2005,37.49,37.55,36.99,37.05,115496656
24/01/2005,37.12,37.2,36.46,36.53,137586432
25/01/2005,36.77,37.09,36.66,36.71,120045512
26/01/2005,36.96,37.29,36.82,37.15,107711312
27/01/2005,37.09,37.27,36.87,37.1,109788768
28/01/2005,37.21,37.27,36.62,36.92,111793280
31/01/2005,37.36,37.53,37.26,37.4,89381336
01/02/2005,37.47,37.65,37.37,37.52,76815288
02/02/2005,37.65,37.73,37.31,37.58,101911128
03/02/2005,37.38,37.41,37,37.15,90926344
04/02/2005,37.2,37.82,37.15,37.75,99370376
07/02/2005,37.8,37.91,37.52,37.67,71633080
08/02/2005,37.65,38.01,37.62,37.74,73225168
09/02/2005,37.77,37.8,37.07,37.11,93432520
10/02/2005,37.26,37.32,36.88,37.15,110426552
11/02/2005,37.1,37.85,36.93,37.7,108768896
14/02/2005,37.71,37.94,37.69,37.87,55056968
15/02/2005,37.89,38.48,37.82,38.12,133212240
16/02/2005,38.03,38.16,37.83,37.98,80616376
17/02/2005,38.05,38.14,37.43,37.47,116323032
18/02/2005,37.57,37.57,37.26,37.35,69387152
22/02/2005,37.03,37.55,36.79,36.89,122634976
23/02/2005,37.04,37.07,36.7,36.94,95421040
24/02/2005,36.85,37.44,36.76,37.41,99841024
25/02/2005,37.46,37.7,37.29,37.62,80143672
28/02/2005,37.46,37.6,36.92,37.22,96018832
01/03/2005,37.37,37.7,37.33,37.63,79293544
02/03/2005,37.43,38.02,37.36,37.61,107985184
03/03/2005,37.71,37.73,37.02,37.3,90101320
04/03/2005,37.59,37.75,37.4,37.52,86649864
07/03/2005,37.61,38.29,37.56,38.06,94886352
08/03/2005,37.97,38.21,37.65,37.68,89618432
09/03/2005,37.67,37.93,37.47,37.57,98090872
10/03/2005,37.61,37.67,37.08,37.52,98047624
11/03/2005,37.75,37.82,37.02,37.17,102865408
14/03/2005,37.24,37.36,37.03,37.34,71602368
15/03/2005,37.44,37.48,36.99,37.04,93917512
16/03/2005,36.92,37.18,36.53,36.62,159757440
17/03/2005,36.6,36.89,36.54,36.71,101801136
18/03/2005,36.75,36.78,36.35,36.51,109185280
21/03/2005,36.61,36.75,36.25,36.58,92838632
22/03/2005,36.63,36.75,36.11,36.13,114134328
23/03/2005,36.09,36.49,36.07,36.26,97523976
24/03/2005,36.39,36.65,36.27,36.27,77711688
28/03/2005,36.41,36.61,36.31,36.34,59773984
29/03/2005,36.27,36.58,35.94,36.05,119633328
30/03/2005,36.23,36.78,36.22,36.73,115019584
31/03/2005,36.75,36.75,36.44,36.57,86651192
01/04/2005,36.75,36.88,36.13,36.2,143853520
04/04/2005,36.26,36.6,36.03,36.46,100153712
05/04/2005,36.5,36.67,36.42,36.56,66463064
06/04/2005,36.66,36.91,36.42,36.5,82219312
07/04/2005,36.52,36.95,36.51,36.94,88708928
08/04/2005,37.04,37.07,36.6,36.64,92409840
11/04/2005,36.75,36.78,36.4,36.48,71013456
12/04/2005,36.44,36.74,35.91,36.66,145341312
13/04/2005,36.56,36.6,35.98,36.06,109071056
14/04/2005,36.08,36.1,35.5,35.55,158933968
15/04/2005,35.18,35.37,34.68,34.74,170274400
18/04/2005,34.72,35.1,34.64,34.75,110713928
19/04/2005,35.02,35.1,34.75,34.99,97511448
20/04/2005,35.03,35.04,35.03,35.04,3304
21/04/2005,35.47,35.71,34.96,35.62,125000944
22/04/2005,35.47,35.47,34.82,35.09,115150752
25/04/2005,35.3,35.46,35.15,35.38,72220032
26/04/2005,35.28,35.7,35.04,35.05,108099456
27/04/2005,35.03,35.04,35.02,35.02,4228
28/04/2005,34.93,35.15,34.72,34.75,98661336
29/04/2005,35,35.06,34.35,34.98,144508384
02/05/2005,35.07,35.26,34.89,35.12,68205392
03/05/2005,35.05,35.6,35.03,35.3,104075344
04/05/2005,35.29,35.83,35.24,35.73,90934888
05/05/2005,35.76,35.92,35.53,35.76,79625224
06/05/2005,35.8,36.02,35.72,35.86,77397624
09/05/2005,35.95,35.95,35.92,35.92,27812
10/05/2005,35.85,35.96,35.62,35.77,77475648
11/05/2005,35.83,36.03,35.3,35.95,132093968
12/05/2005,36.01,36.2,35.66,35.85,116671456
13/05/2005,36.04,36.47,35.89,36.24,133310016
16/05/2005,36.24,36.54,36.13,36.48,79136960
17/05/2005,36.35,36.74,36.21,36.7,91708992
18/05/2005,36.8,37.36,36.71,37.2,128146760
19/05/2005,37.3,37.52,37.2,37.51,93998432
20/05/2005,37.45,37.69,37.35,37.66,66708476
23/05/2005,37.77,37.8,37.77,37.8,15000
24/05/2005,37.85,37.85,37.85,37.85,2500
25/05/2005,37.83,37.88,37.59,37.81,76490880
26/05/2005,37.98,38.27,37.98,38.19,84087864
27/05/2005,38.15,38.25,38.02,38.21,50134136
30/05/2005,38.23,38.23,38.23,38.23,4585
31/05/2005,38.19,38.24,37.92,38.08,75294960
01/06/2005,38.03,38.68,38.02,38.39,110985240
02/06/2005,38.33,38.66,38.3,38.66,76148728
03/06/2005,38.63,38.64,38.02,38.1,97066528
06/06/2005,38.12,38.19,37.96,38.11,53078552
07/06/2005,37.96,37.97,37.96,37.97,5000
08/06/2005,37.88,37.95,37.56,37.71,79250424
09/06/2005,37.91,37.92,37.91,37.92,3100
10/06/2005,37.9,37.9,37.38,37.55,86005688
13/06/2005,37.48,37.95,37.46,37.73,82360376
14/06/2005,37.69,37.84,37.5,37.58,62764608
15/06/2005,37.83,37.87,37.25,37.7,104082256
16/06/2005,37.74,38,37.66,37.9,90509328
17/06/2005,38.12,38.21,37.75,37.87,89171248
20/06/2005,37.72,38.08,37.58,37.87,68165272
21/06/2005,37.83,38.01,37.7,37.85,97916240
22/06/2005,38.01,38.1,37.63,37.81,75517520
23/06/2005,37.88,38.18,37.33,37.39,122223744
24/06/2005,37.38,37.41,36.96,36.97,142330000
27/06/2005,36.95,37.06,36.7,36.8,72888200
28/06/2005,36.95,37.26,36.9,37.15,73382072
29/06/2005,37.25,37.26,36.97,37.07,71580400
30/06/2005,36.94,37,36.94,36.98,5600
01/07/2005,36.86,37,36.68,36.72,55292744
05/07/2005,36.64,37.19,36.6,37.11,79288688
06/07/2005,36.87,36.9,36.1,36.15,81010
07/07/2005,37.2,37.2,37.2,37.2,1000
08/07/2005,37.08,37.81,36.99,37.77,101469272
11/07/2005,37.87,38.16,37.8,38.12,96455480
12/07/2005,38.29,38.29,38.29,38.29,2300
13/07/2005,38.33,38.43,38.17,38.39,72552504
14/07/2005,38.65,38.88,38.52,38.77,103210920
15/07/2005,38.85,39,38.65,38.89,67732848
18/07/2005,38.76,38.89,38.69,38.73,59117176
19/07/2005,39,39.05,39,39.05,15000
20/07/2005,38.94,39.57,38.9,39.46,91982296
21/07/2005,39.37,39.38,39.35,39.35,7500
22/07/2005,39.46,39.59,39.22,39.42,71717400
25/07/2005,39.44,39.63,39.2,39.27,52058536
26/07/2005,39.36,39.53,39.19,39.42,69662888
27/07/2005,39.67,39.67,39.67,39.67,2784
28/07/2005,39.75,39.92,39.64,39.91,67122752
29/07/2005,39.87,39.92,39.52,39.58,74758608
01/08/2005,39.68,39.68,39.68,39.68,5000
02/08/2005,39.69,40.14,39.65,40.08,79724704
03/08/2005,39.89,40.13,39.88,40.06,61975628
04/08/2005,39.88,39.94,39.57,39.67,72061760
05/08/2005,39.61,39.79,39.43,39.48,71262792
08/08/2005,39.52,39.61,39.14,39.25,64634752
09/08/2005,39.37,39.59,39.31,39.45,64615440
10/08/2005,39.55,39.69,38.97,39.11,104471008
11/08/2005,39.13,39.54,39.1,39.43,93638064
12/08/2005,39.12,39.32,38.97,39.21,86470096
15/08/2005,39.14,39.63,39.08,39.45,63066320
16/08/2005,39.3,39.33,38.74,38.81,94913032
17/08/2005,38.81,38.81,38.81,38.81,4000
18/08/2005,38.87,39.1,38.77,38.84,72727104
19/08/2005,38.89,39,38.79,38.82,52177680
22/08/2005,38.88,39.18,38.6,38.84,93266712
23/08/2005,38.66,38.67,38.65,38.67,12500
24/08/2005,38.65,39.18,38.46,38.5,95038016
25/08/2005,38.53,38.69,38.49,38.59,52338696
26/08/2005,38.53,38.6,38.27,38.46,63884156
29/08/2005,38.7,38.7,38.7,38.7,600
30/08/2005,38.58,38.59,38.58,38.59,4500
31/08/2005,38.64,39.01,38.48,38.98,93451984
01/09/2005,38.99,39.15,38.78,38.92,74917176
02/09/2005,38.98,39.03,38.74,38.77,53270336
05/09/2005,39,39.03,39,39.03,4000
06/09/2005,38.94,39.41,38.9,39.34,78129720
07/09/2005,39.36,39.37,39.36,39.37,11200
08/09/2005,39.29,39.57,39.27,39.4,73544576
09/09/2005,39.41,39.69,39.31,39.62,75389960
12/09/2005,39.63,39.86,39.58,39.73,51700996
13/09/2005,39.68,39.91,39.54,39.63,66186140
14/09/2005,39.65,39.68,39.15,39.18,98671664
15/09/2005,39.22,39.22,39.22,39.22,3000
16/09/2005,39.25,39.46,39.11,39.4,71052744
19/09/2005,39.32,39.38,38.91,39.09,73395504
20/09/2005,38.9,38.9,38.9,38.9,2500
21/09/2005,38.82,38.87,38.47,38.5,116424064
22/09/2005,38.51,38.51,38.51,38.51,5000
23/09/2005,38.5,38.88,38.41,38.75,70170152
26/09/2005,38.81,38.81,38.81,38.81,5050
27/09/2005,38.81,38.81,38.81,38.81,3000
28/09/2005,38.77,38.95,38.56,38.68,72059496
29/09/2005,38.63,39.21,38.45,39.2,117774064
30/09/2005,39.16,39.48,39.13,39.46,79260096
03/10/2005,39.55,39.75,39.51,39.56,81694216
04/10/2005,39.62,39.88,39.29,39.3,85379640
05/10/2005,39.31,39.34,38.73,38.76,106227408
06/10/2005,38.73,38.86,37.92,38.25,162273344
07/10/2005,38.41,38.57,38.18,38.34,91132544
10/10/2005,38.39,38.46,38.06,38.13,64031808
11/10/2005,38.21,38.24,37.8,37.94,114769608
12/10/2005,37.76,38.06,37.43,37.49,146123792
13/10/2005,37.47,37.91,37.33,37.78,138583648
14/10/2005,37.87,38.07,37.64,38.06,131480592
17/10/2005,38.06,38.19,37.82,38.18,64214160
18/10/2005,38.14,38.18,37.91,37.91,88096080
19/10/2005,37.74,38.67,37.61,38.67,132942280
20/10/2005,38.67,38.85,38.1,38.31,132676912
21/10/2005,38.7,38.86,38.33,38.55,110053024
24/10/2005,38.71,39.18,38.47,39.16,111785120
25/10/2005,39.08,39.19,38.77,39.01,86963968
26/10/2005,38.96,39.27,38.76,38.81,90028088
27/10/2005,38.78,38.8,38.03,38.03,135443136
28/10/2005,38.17,38.39,37.92,38.32,95367480
31/10/2005,38.43,39.05,38.42,38.87,115430992
01/11/2005,38.76,39.01,38.71,38.84,73633504
02/11/2005,38.72,39.46,38.71,39.35,101555808
03/11/2005,39.74,40.09,39.68,39.94,137053984
04/11/2005,39.99,40.23,39.84,40.08,100944408
07/11/2005,40.2,40.29,39.95,40.13,65366512
08/11/2005,40.12,40.35,39.99,40.14,78859600
09/11/2005,40.13,40.33,40.03,40.16,72458776
10/11/2005,40.18,40.69,39.92,40.6,120763056
11/11/2005,40.77,40.92,40.68,40.71,80107128
14/11/2005,40.76,40.86,40.6,40.71,53652320
15/11/2005,40.73,40.9,40.38,40.52,79543424
16/11/2005,40.65,40.78,40.46,40.77,65912624
17/11/2005,40.91,41.32,40.85,41.31,94448320
18/11/2005,41.51,41.65,41.03,41.45,108820144
21/11/2005,41.4,41.58,41.24,41.55,69731360
22/11/2005,41.45,41.87,41.36,41.7,88819200
23/11/2005,41.73,42.02,41.71,41.8,64101104
28/11/2005,41.96,42,41.5,41.54,74716176
29/11/2005,41.76,41.85,41.34,41.34,77444736
30/11/2005,41.29,41.49,41.19,41.24,88044400
01/12/2005,41.51,42.05,41.5,42.01,91914040
02/12/2005,41.94,42.13,41.87,42.11,72929168
05/12/2005,42.05,42.06,41.63,41.8,61585504
06/12/2005,42.04,42.31,41.9,41.94,81509368
07/12/2005,42.01,42.03,41.63,41.86,83885424
08/12/2005,41.96,42,41.27,41.56,112043184
09/12/2005,41.47,41.77,41.38,41.72,56531744
12/12/2005,41.87,41.94,41.68,41.87,44869980
13/12/2005,41.83,42.21,41.76,42.04,76611600
14/12/2005,41.97,42.1,41.71,41.9,73581552
15/12/2005,42,42.07,41.61,41.97,72678240
16/12/2005,41.87,41.94,41.55,41.58,63742940
19/12/2005,41.69,41.71,40.9,40.92,75415032
20/12/2005,40.94,41.15,40.75,40.95,70257632
21/12/2005,41.02,41.41,40.95,41.13,68934960
22/12/2005,41.11,41.46,40.98,41.4,59156976
23/12/2005,41.51,41.59,41.3,41.4,38000400
27/12/2005,41.5,41.68,40.97,41.04,55669208
28/12/2005,41.06,41.23,40.87,40.99,50315396
29/12/2005,41.03,41.12,40.65,40.72,47308168
30/12/2005,40.55,40.58,40.36,40.41,60052840
03/01/2006,40.64,41.49,40.16,41.31,109422192
04/01/2006,41.4,41.74,41.32,41.74,92780152
05/01/2006,41.75,42,41.71,41.92,77692072
06/01/2006,42.26,42.7,42.06,42.68,110120920
09/01/2006,42.65,42.92,42.52,42.85,80775256
10/01/2006,42.64,42.92,42.55,42.88,84420432
11/01/2006,43.01,43.31,42.87,43.21,100777616
12/01/2006,43.15,43.29,42.85,43,82429112
13/01/2006,42.94,43.05,42.73,42.98,64586060
17/01/2006,42.67,42.79,42.5,42.7,78109616
18/01/2006,42.04,42.46,42.02,42.21,122426528
19/01/2006,42.4,42.82,42.29,42.52,111105160
20/01/2006,42.45,42.49,41.15,41.25,188671120
23/01/2006,41.36,41.45,41.08,41.26,111432048
24/01/2006,41.36,41.7,41.31,41.44,77967256
25/01/2006,41.64,41.67,41.08,41.26,99830920
26/01/2006,41.52,41.69,41.23,41.55,112779776
27/01/2006,41.81,42.39,41.74,42.11,110836096
30/01/2006,42.14,42.32,42.07,42.19,53942776
31/01/2006,41.64,41.68,41.64,41.68,15000
01/02/2006,42.12,42.12,42,42.01,19100
02/02/2006,42.03,42.08,41.41,41.43,94051512
03/02/2006,41.11,41.23,40.78,40.92,121104032
06/02/2006,40.89,41.01,40.59,40.81,58171412
07/02/2006,40.74,40.93,40.44,40.63,87377392
08/02/2006,40.92,41.15,40.69,41.1,89928248
09/02/2006,41.2,41.37,40.63,40.71,78220272
10/02/2006,40.69,41.06,40.26,40.96,102575848
13/02/2006,40.72,40.74,40.3,40.49,70655984
14/02/2006,40.55,41.02,40.41,40.9,94758480
15/02/2006,40.77,41.26,40.73,41.16,92268320
16/02/2006,41.31,41.55,41.15,41.54,103879200
17/02/2006,41.46,41.46,41.2,41.21,81770144
21/02/2006,41.22,41.27,40.61,40.75,85106040
22/02/2006,40.81,41.54,40.68,41.26,90997712
23/02/2006,41.22,41.54,41.08,41.15,66530588
24/02/2006,41.13,41.29,41.01,41.26,57087916
27/02/2006,41.37,41.87,41.33,41.72,64960240
28/02/2006,41.59,41.72,40.97,41.1,117638928
01/03/2006,41.22,41.77,41.15,41.66,80979384
02/03/2006,41.55,41.84,41.41,41.69,69878144
03/03/2006,41.44,42.01,41.39,41.45,112081664
06/03/2006,41.53,41.63,40.96,41.09,99593600
07/03/2006,41.03,41.07,40.65,40.85,96498120
08/03/2006,40.77,41.09,40.5,40.87,104013376
09/03/2006,40.89,41.15,40.47,40.52,108641560
10/03/2006,40.48,40.79,40.19,40.56,124486256
13/03/2006,40.76,40.94,40.62,40.68,69171048
14/03/2006,40.7,41.42,40.64,41.37,118215328
15/03/2006,41.53,41.72,41.32,41.72,84396104
16/03/2006,41.7,41.92,41.33,41.37,101385920
17/03/2006,41.32,41.59,41.23,41.45,78228440
20/03/2006,41.58,41.68,41.4,41.55,60240180
21/03/2006,41.51,42.01,41.08,41.11,136566000
22/03/2006,40.88,41.28,40.86,41.21,112323504
23/03/2006,41.09,41.22,40.82,41.09,75220664
24/03/2006,41.23,41.5,41.02,41.3,81809168
27/03/2006,41.28,41.51,41.24,41.31,54405616
28/03/2006,41.37,41.67,40.99,41.14,100534384
29/03/2006,41.2,42.1,41.17,41.92,130733520
30/03/2006,42,42.3,41.79,42.05,115943448
31/03/2006,42.14,42.19,41.84,41.93,71090456
03/04/2006,42.15,42.37,41.9,41.98,80733296
04/04/2006,42.04,42.31,41.93,42.21,90039800
05/04/2006,42.3,42.67,42.21,42.61,91662248
06/04/2006,42.58,42.94,42.44,42.73,91713000
07/04/2006,42.9,43.05,42.3,42.32,116609376
10/04/2006,42.4,42.5,42.09,42.26,58988052
11/04/2006,42.4,42.43,41.71,41.92,91488640
12/04/2006,41.95,42.08,41.8,41.93,58884696
13/04/2006,41.9,42.33,41.79,42.1,63482404
17/04/2006,42.04,42.21,41.39,41.66,104085136
18/04/2006,41.79,42.56,41.77,42.46,124333392
19/04/2006,42.54,42.65,42.3,42.65,79128312
20/04/2006,42.62,42.82,42.38,42.5,81412976
21/04/2006,42.67,42.86,41.82,42,130186992
24/04/2006,41.96,42.07,41.72,41.96,78556472
25/04/2006,42.08,42.1,41.65,41.87,77660784
26/04/2006,41.87,42.06,41.7,41.86,82566672
27/04/2006,41.67,42.49,41.5,42.26,174121984
28/04/2006,42.08,42.22,41.78,41.85,88883224
01/05/2006,41.93,42.3,41.31,41.44,92933664
02/05/2006,41.61,41.73,41.4,41.55,85173536
03/05/2006,41.58,41.64,41.28,41.49,74982424
04/05/2006,41.53,41.99,41.53,41.83,88713480
05/05/2006,42.11,42.21,41.94,42.16,80394384
08/05/2006,42.08,42.28,42.07,42.2,45093336
09/05/2006,42.1,42.18,41.97,42.04,48566784
10/05/2006,41.93,41.98,41.55,41.67,92440512
11/05/2006,41.63,41.65,40.63,40.74,141027568
12/05/2006,40.57,40.76,39.96,40.19,153954448
15/05/2006,40.1,40.34,39.79,40.16,127902520
16/05/2006,40.16,40.26,39.77,39.86,132405520
17/05/2006,39.68,39.81,39.23,39.32,207927824
18/05/2006,39.49,39.66,39,39.05,139722864
19/05/2006,39.18,39.47,38.75,39.35,194311808
22/05/2006,39.02,39.24,38.62,38.97,169606640
23/05/2006,39.26,39.38,38.57,38.59,142649424
24/05/2006,38.53,39.04,38.23,38.85,234998208
25/05/2006,39.05,39.38,38.82,39.36,123529904
26/05/2006,39.45,39.58,39.23,39.49,91329328
30/05/2006,39.31,39.33,38.61,38.64,105610224
31/05/2006,38.72,39.06,38.54,38.82,137104480
01/06/2006,38.91,39.74,38.84,39.74,119438752
02/06/2006,39.97,40,39.31,39.64,128865488
05/06/2006,39.55,39.56,38.78,38.78,103300544
06/06/2006,38.85,38.95,38.35,38.75,127304224
08/06/2006,38.35,38.56,37.49,38.4,280562144
09/06/2006,38.54,38.74,38.11,38.15,144146192
12/06/2006,38.2,38.26,37.39,37.4,145634464
13/06/2006,37.53,37.8,37.16,37.25,207140240
14/06/2006,37.39,37.71,37.2,37.63,201888256
15/06/2006,37.84,38.79,37.8,38.65,200727648
16/06/2006,38.55,38.68,38.2,38.34,120017376
19/06/2006,38.5,38.54,37.91,38.03,129464800
20/06/2006,38.09,38.48,37.94,38.08,102888560
21/06/2006,38.14,38.99,38.13,38.68,129566304
22/06/2006,38.6,38.68,37.99,38.19,143831504
23/06/2006,38.16,38.53,37.93,38.15,88050200
26/06/2006,38.17,38.39,38.07,38.25,65157608
27/06/2006,38.28,38.33,37.49,37.53,128227504
28/06/2006,37.63,37.84,37.38,37.81,91578392
29/06/2006,37.96,38.96,37.9,38.96,182431072
30/06/2006,39.12,39.14,38.68,38.77,82721240
05/07/2006,38.64,38.68,38.09,38.15,93732120
06/07/2006,38.26,38.48,38.01,38.11,70634552
07/07/2006,37.89,38.17,37.57,37.69,108071592
10/07/2006,37.79,37.93,37.17,37.36,105125936
11/07/2006,37.28,37.74,37.08,37.64,136121584
12/07/2006,37.56,37.64,36.84,36.93,154458864
13/07/2006,36.66,37.04,36.31,36.31,177745408
14/07/2006,36.3,36.38,35.79,35.94,172448480
17/07/2006,35.96,36.25,35.87,36.03,134358096
18/07/2006,36.22,36.33,35.54,36.15,207274672
19/07/2006,36.1,36.83,36.09,36.62,193014688
20/07/2006,36.74,36.8,36.04,36.08,152346656
21/07/2006,35.88,35.96,35.62,35.7,119379888
24/07/2006,35.85,36.43,35.8,36.41,130301520
25/07/2006,36.41,36.74,36.24,36.62,108869560
26/07/2006,36.53,36.87,36.23,36.59,107193128
28/07/2006,36.56,37.14,36.5,37.11,93570328
31/07/2006,37.08,37.32,36.89,37.1,78096496
01/08/2006,36.79,36.8,36.26,36.48,98573512
02/08/2006,36.61,37.13,36.61,36.89,87398976
03/08/2006,36.54,37.34,36.48,37.12,99296000
04/08/2006,37.42,37.63,36.62,36.95,123504704
07/08/2006,36.92,36.94,36.53,36.71,69670952
08/08/2006,36.81,36.9,36.26,36.48,124510768
09/08/2006,37.01,37.31,36.43,36.53,145388240
10/08/2006,36.46,36.88,36.31,36.79,102511912
11/08/2006,36.65,36.69,36.37,36.53,86930472
14/08/2006,36.86,37.27,36.7,36.77,109350752
15/08/2006,37.22,37.75,37.09,37.7,133719824
16/08/2006,37.99,38.61,37.84,38.58,135470048
17/08/2006,38.47,38.98,38.44,38.73,129697872
18/08/2006,38.65,38.83,38.28,38.79,97774824
21/08/2006,38.47,38.56,38.26,38.42,66671704
22/08/2006,38.37,38.81,38.2,38.43,102133232
23/08/2006,38.47,38.67,37.92,38.14,96067496
24/08/2006,38.26,38.35,37.92,38.25,79002024
25/08/2006,38.17,38.64,38.06,38.32,73588176
28/08/2006,38.28,38.79,38.24,38.61,80085888
29/08/2006,38.58,38.76,38.18,38.73,104869208
30/08/2006,38.74,39.03,38.6,38.91,75714760
31/08/2006,38.94,39.03,38.76,38.87,61215492
01/09/2006,39.07,39.21,38.9,39.08,69390568
05/09/2006,39.11,39.48,38.85,39.46,85588632
06/09/2006,39.08,39.19,38.61,38.67,97898592
07/09/2006,38.57,38.9,38.36,38.48,115901232
08/09/2006,38.54,38.82,38.46,38.72,96629976
11/09/2006,38.41,39.15,38.32,38.96,142377744
12/09/2006,38.95,39.8,38.95,39.68,124108416
13/09/2006,39.73,39.98,39.63,39.96,116096208
14/09/2006,39.85,40.22,39.76,39.99,98115992
15/09/2006,40.35,40.46,40,40.11,137846016
19/09/2006,40.24,40.25,39.52,39.85,159077216
20/09/2006,40.2,40.54,40.19,40.43,116648440
21/09/2006,40.52,40.67,40.08,40.18,126900240
22/09/2006,40.15,40.16,39.7,39.87,101037128
25/09/2006,40.05,40.66,39.68,40.57,136555520
26/09/2006,40.59,40.8,40.4,40.77,113554528
27/09/2006,40.71,40.95,40.5,40.72,113150192
28/09/2006,40.77,40.89,40.43,40.83,86053936
29/09/2006,40.89,40.93,40.62,40.65,85447832
02/10/2006,40.6,40.7,40.08,40.14,97150512
03/10/2006,40.05,40.48,39.88,40.31,116292792
04/10/2006,40.22,41.31,40.14,41.3,149498608
05/10/2006,41.28,41.56,41.18,41.5,92189056
06/10/2006,41.38,41.56,41.24,41.41,85454664
09/10/2006,41.38,41.74,41.32,41.55,62824048
10/10/2006,41.61,41.75,41.31,41.62,98207344
11/10/2006,41.43,41.83,41.17,41.54,136568192
12/10/2006,41.76,42.25,41.7,42.23,95335232
13/10/2006,42.22,42.52,42.14,42.43,80478784
16/10/2006,42.43,42.62,42.4,42.45,62050540
17/10/2006,42.17,42.2,41.76,42,146154304
18/10/2006,42.22,42.31,41.65,41.8,121161120
19/10/2006,41.69,42.11,41.59,41.9,108239424
20/10/2006,42.05,42.08,41.64,42,105456544
23/10/2006,41.92,42.58,41.82,42.43,127004416
24/10/2006,42.29,42.45,41.92,42.13,103675792
25/10/2006,42.14,42.52,42.05,42.43,125405984
26/10/2006,42.57,42.92,42.22,42.82,130871856
27/10/2006,42.73,42.82,42.08,42.21,129378224
30/10/2006,42.17,42.65,42.06,42.48,103952624
31/10/2006,42.56,42.76,42.31,42.58,135825472
01/11/2006,42.73,42.77,41.82,42,148969440
02/11/2006,41.82,42.14,41.74,42.04,100228464
03/11/2006,42.1,42.19,41.61,41.93,119314200
06/11/2006,42.06,42.71,42.06,42.54,101359760
07/11/2006,42.53,43.09,42.47,42.83,139889248
08/11/2006,42.58,43.2,42.47,43.03,180467200
09/11/2006,43.27,43.35,42.67,42.8,124303208
10/11/2006,42.83,43.04,42.67,43.03,82435048
13/11/2006,43.06,43.54,43,43.46,89171936
14/11/2006,43.5,43.97,43.24,43.93,121986640
15/11/2006,43.99,44.4,43.92,44.07,116575032
16/11/2006,44.11,44.42,44.02,44.27,113536224
17/11/2006,44.06,44.3,43.95,44.3,95198352
20/11/2006,44.16,44.48,44.01,44.39,107248632
21/11/2006,44.42,44.51,44.25,44.45,68145672
22/11/2006,44.58,44.75,44.26,44.73,69877360
27/11/2006,44.52,44.61,43.64,43.66,159536880
28/11/2006,43.52,43.84,43.34,43.77,118279824
29/11/2006,44,44.18,43.66,44.07,139573984
30/11/2006,44.05,44.28,43.79,44.04,125015536
01/12/2006,44,44.35,43.26,43.66,144582224
04/12/2006,43.79,44.48,43.79,44.26,89974656
05/12/2006,44.39,44.55,44.19,44.42,84720408
06/12/2006,44.29,44.4,44.07,44.26,78254128
07/12/2006,44.34,44.48,43.7,43.7,124973760
08/12/2006,43.57,44.26,43.47,43.9,133817408
11/12/2006,43.84,44.37,43.75,44.06,72990456
12/12/2006,44.05,44.13,43.56,43.8,111266848
13/12/2006,44.11,44.11,43.62,43.88,79065832
14/12/2006,43.97,44.57,43.94,44.37,109144920
15/12/2006,44.66,44.76,44.35,44.43,99954904
18/12/2006,44.58,44.75,43.8,43.99,121600592
19/12/2006,43.65,44.06,43.38,43.85,136551808
20/12/2006,43.89,44.11,43.67,43.69,67364424
21/12/2006,43.76,43.79,43.21,43.38,102981856
22/12/2006,43.4,43.41,42.93,42.93,92884704
26/12/2006,42.93,43.12,42.88,43.11,50874360
27/12/2006,43.19,43.4,43.1,43.33,54155196
28/12/2006,43.2,43.38,43.05,43.12,70759864
29/12/2006,43.2,43.61,43.12,43.16,75169392
03/01/2007,43.46,44.06,42.52,43.24,168787536
04/01/2007,43.3,44.21,43.15,44.06,137380464
05/01/2007,43.93,43.95,43.48,43.85,139026416
08/01/2007,43.88,44.12,43.64,43.88,106558840
09/01/2007,44,44.29,43.63,44.1,121760832
10/01/2007,43.96,44.66,43.82,44.62,121165920
11/01/2007,44.65,45.24,44.65,45.08,174102528
12/01/2007,44.95,45.35,44.95,45.31,104236336
16/01/2007,45.33,45.4,45.13,45.28,95948264
17/01/2007,45.09,45.29,44.83,44.91,127622688
18/01/2007,44.34,44.84,43.95,44.08,189187968
19/01/2007,43.98,44.28,43.91,44.17,127584200
22/01/2007,44.21,44.23,43.51,43.69,123476128
23/01/2007,43.64,43.98,43.5,43.58,133258480
24/01/2007,43.87,44.32,43.77,44.3,117691352
25/01/2007,44.37,44.47,43.58,43.73,158464304
26/01/2007,43.81,43.83,43.29,43.57,146289328
29/01/2007,43.5,43.91,43.4,43.61,104211992
30/01/2007,43.68,43.79,43.52,43.63,69984736
31/01/2007,43.66,44.19,43.33,44.07,157947696
01/02/2007,44.28,44.4,43.85,44.02,147412944
02/02/2007,44.05,44.25,43.94,44.16,98202424
05/02/2007,44.19,44.36,43.96,44.12,96394784
06/02/2007,44.24,44.24,43.64,44.05,121184808
07/02/2007,44.38,44.65,44.12,44.46,118013488
08/02/2007,44.39,44.6,44.23,44.45,89559664
09/02/2007,44.57,44.72,43.73,43.84,133504760
12/02/2007,43.94,43.94,43.59,43.7,126965880
13/02/2007,43.79,44,43.7,43.86,95559680
14/02/2007,44.05,44.71,44.04,44.6,133562712
15/02/2007,44.63,44.86,44.55,44.86,110500576
16/02/2007,44.66,44.83,44.57,44.71,72364760
20/02/2007,44.65,45.12,44.43,44.68,93683248
21/02/2007,44.92,45.21,44.83,45.19,95941144
22/02/2007,45.36,45.55,45.07,45.42,116386144
23/02/2007,45.42,45.46,45.06,45.26,113507048
26/02/2007,45.47,45.5,43.15,45.04,102249640
27/02/2007,44.62,44.62,43.06,43.19,318067872
28/02/2007,43.31,43.33,42.93,43.33,217539440
01/03/2007,43.02,43.54,42.24,43.13,231967520
02/03/2007,42.85,43.14,42.47,42.48,183419952
05/03/2007,41.97,42.8,41.97,42.15,174692608
06/03/2007,42.52,42.99,42.5,42.85,155742096
07/03/2007,42.76,42.98,42.65,42.68,116626656
08/03/2007,43.16,43.24,42.84,42.97,121051584
09/03/2007,43.02,43.34,42.65,42.98,128627928
12/03/2007,43.11,43.28,42.83,43.21,81371760
13/03/2007,42.99,43.24,42.36,42.37,171232752
14/03/2007,42.35,43,42.1,42.99,192587568
15/03/2007,43.05,43.06,42.72,42.89,111627312
16/03/2007,42.76,43.04,42.61,42.83,108365376
19/03/2007,43.06,43.39,42.95,43.27,95964696
20/03/2007,43.34,43.59,43.21,43.58,81054392
21/03/2007,43.64,44.44,43.35,44.42,173967504
22/03/2007,44.41,44.45,44.09,44.26,114906752
23/03/2007,44.32,44.37,44.07,44.12,68621792
26/03/2007,44.17,44.32,43.63,44.3,114263680
27/03/2007,44.23,44.24,43.95,43.99,76681320
28/03/2007,43.81,44.03,43.51,43.52,144921584
29/03/2007,43.68,43.85,43.1,43.57,124450176
30/03/2007,43.52,43.87,43.22,43.53,120433968
02/04/2007,43.71,43.76,43.3,43.59,89630088
03/04/2007,43.73,44.31,43.73,44.16,105891344
04/04/2007,44.18,44.38,44.13,44.34,85195264
10/04/2007,44.52,44.68,44.41,44.68,76438120
11/04/2007,44.68,44.68,44.07,44.21,116945048
12/04/2007,44.13,44.62,43.95,44.56,114841400
13/04/2007,44.47,44.72,44.29,44.65,94584088
16/04/2007,44.79,45.15,44.79,45.06,73028088
17/04/2007,44.96,45.2,44.96,45.16,81881488
18/04/2007,45.07,45.23,44.83,45.01,82051504
19/04/2007,44.84,45.25,44.72,45.15,95510368
20/04/2007,45.37,45.67,45.2,45.4,122441400
23/04/2007,45.49,45.6,45.34,45.47,85450448
24/04/2007,45.65,45.83,45.33,45.7,108196952
25/04/2007,45.81,46.32,45.7,46.31,106954392
26/04/2007,46.53,46.65,46.33,46.55,99409984
27/04/2007,46.48,46.7,46.29,46.57,96607256
30/04/2007,46.51,46.53,45.92,45.96,93469696
01/05/2007,46.03,46.14,45.66,45.92,135091872
02/05/2007,46.17,46.58,46.05,46.42,91992544
03/05/2007,46.46,46.72,46.43,46.59,98019904
04/05/2007,46.82,46.89,46.42,46.63,93632264
07/05/2007,46.68,46.78,46.57,46.63,47686068
08/05/2007,46.48,46.77,46.3,46.73,95196928
09/05/2007,46.55,46.97,46.46,46.83,116007856
10/05/2007,46.68,46.78,46.07,46.19,171264640
11/05/2007,46.23,46.78,46.18,46.78,103197328
14/05/2007,46.76,46.88,46.19,46.46,118966168
15/05/2007,46.27,46.7,45.99,46.1,179489136
16/05/2007,46.14,46.56,45.91,46.55,144722512
17/05/2007,46.53,46.57,46.29,46.33,110307920
18/05/2007,46.46,46.71,46.38,46.71,104992464
21/05/2007,46.8,47.24,46.67,47.01,112895184
22/05/2007,47.09,47.28,46.87,47.05,98134416
23/05/2007,47.24,47.37,46.8,46.83,119434416
24/05/2007,46.78,47.04,45.97,46.16,206344368
25/05/2007,46.27,46.56,46.18,46.45,87154200
29/05/2007,46.52,46.86,46.41,46.81,99722016
30/05/2007,46.53,47.2,46.35,47.19,134482048
31/05/2007,47.29,47.52,47.21,47.41,110730232
01/06/2007,47.54,47.77,47.37,47.44,125122472
04/06/2007,47.35,47.64,47.24,47.58,65389892
05/06/2007,47.48,47.58,47,47.58,151176304
06/06/2007,47.3,47.38,46.96,47.07,183210704
07/06/2007,47.1,47.21,46.32,46.34,221628272
08/06/2007,46.15,46.93,46.15,46.91,177609968
11/06/2007,46.85,47.19,46.76,46.82,97154488
12/06/2007,46.75,47.04,46.45,46.54,154107376
13/06/2007,46.58,47.09,46.54,47.05,148025248
14/06/2007,47.35,47.49,47.09,47.36,101551504
15/06/2007,47.41,47.87,47.41,47.73,100410120
18/06/2007,47.79,47.87,47.67,47.77,75766512
19/06/2007,47.68,47.86,47.51,47.76,109680624
20/06/2007,47.88,47.92,47.24,47.31,161940832
21/06/2007,47.31,47.79,47.08,47.74,143198080
22/06/2007,47.61,47.71,47.14,47.29,153419872
25/06/2007,47.46,47.58,46.82,47.09,136618880
26/06/2007,47.27,47.32,46.74,46.82,128211832
27/06/2007,46.87,47.56,46.7,47.54,141238624
28/06/2007,47.48,47.85,47.47,47.52,116596736
29/06/2007,47.43,47.88,47.21,47.6,124794648
02/07/2007,47.59,48.05,47.59,48.01,80926016
03/07/2007,48.31,48.32,48.04,48.31,34803236
05/07/2007,48.38,48.77,48.29,48.66,73588496
06/07/2007,48.67,48.91,48.5,48.86,65812536
09/07/2007,48.94,48.98,48.72,48.89,66774416
10/07/2007,48.75,48.9,48.43,48.48,104397344
11/07/2007,48.5,48.81,48.32,48.81,99637600
12/07/2007,48.94,49.67,48.92,49.56,107667040
13/07/2007,49.61,49.97,49.57,49.9,74232104
16/07/2007,49.81,50.08,49.76,49.85,77799496
17/07/2007,49.88,50.3,49.88,50.23,124837448
18/07/2007,49.97,50.17,49.64,50.17,144915872
19/07/2007,50.42,50.66,50.31,50.32,116563760
20/07/2007,50.25,50.36,49.74,50.05,163721232
23/07/2007,50.13,50.31,49.92,50.07,107464088
24/07/2007,49.92,50.1,49.05,49.33,175550256
25/07/2007,49.55,49.67,49.06,49.4,170909168
26/07/2007,49.29,49.47,48.05,48.98,318648480
27/07/2007,48.71,49.12,47.99,47.99,246387520
30/07/2007,48.09,48.73,47.95,48.55,166520720
31/07/2007,48.99,48.99,47.43,47.53,260322672
01/08/2007,47.29,47.93,46.98,47.9,301212608
02/08/2007,47.84,48.43,47.79,48.34,177795536
03/08/2007,48.28,48.31,47.15,47.42,166048320
06/08/2007,47.67,48.02,47.03,47.97,190963808
07/08/2007,47.91,48.62,47.48,48.31,167576144
08/08/2007,48.53,49.06,48.4,48.84,165283056
09/08/2007,48.56,48.97,47.69,47.71,242869520
10/08/2007,47.16,47.83,46.63,47.28,247012976
13/08/2007,47.49,47.88,47.48,47.6,116961168
14/08/2007,47.48,47.74,46.73,46.79,153544000
15/08/2007,46.6,47.09,45.81,45.9,214854096
16/08/2007,45.55,45.91,40.55,45.45,362478848
17/08/2007,45.35,46.59,45.35,46.31,223247136
20/08/2007,46.52,46.72,46.08,46.53,144715088
21/08/2007,46.38,47.13,46.38,47.02,115029552
22/08/2007,47.24,47.7,47.24,47.66,115815136
23/08/2007,47.95,47.95,47.23,47.53,118663360
24/08/2007,47.44,48.24,47.32,48.2,88192112
27/08/2007,48.18,48.2,47.84,47.88,72490360
28/08/2007,47.64,47.7,46.71,46.74,106024960
29/08/2007,47.15,48.12,47.05,48.08,113203904
30/08/2007,48.11,48.74,47.75,48.33,138929920
31/08/2007,48.81,49.06,48.61,48.87,94692120
04/09/2007,48.84,50,48.84,49.68,98481768
05/09/2007,49.48,49.65,48.87,49.18,114049216
06/09/2007,49.26,49.36,48.81,49.14,99222584
07/09/2007,48.95,48.95,47.95,48.23,152437984
11/09/2007,48.53,48.99,48.43,48.93,103064416
12/09/2007,49.27,49.37,48.78,48.94,94012152
13/09/2007,48.99,49.35,48.94,49.18,80807496
14/09/2007,48.73,49.31,48.73,49.22,99801168
17/09/2007,48.92,49.1,48.59,48.81,84882264
18/09/2007,48.86,52.77,48.83,50.04,151452080
19/09/2007,50.16,50.59,49.98,50.17,127025728
20/09/2007,49.98,50.26,49.92,50.03,109970576
21/09/2007,50.25,50.52,50.01,50.36,86837264
24/09/2007,50.46,50.96,50.33,50.59,107226720
25/09/2007,50.4,51.07,50.36,51.07,101102120
26/09/2007,51.29,51.51,51.12,51.32,96124512
27/09/2007,51.39,51.65,51.36,51.58,73425168
28/09/2007,51.43,51.68,51.18,51.41,75545968
01/10/2007,51.43,52.16,51.38,52,100404096
02/10/2007,52,52.06,51.72,52.01,71045968
03/10/2007,51.88,52.07,51.5,51.65,106784920
04/10/2007,51.68,51.83,51.34,51.77,84129216
05/10/2007,51.82,52.9,51.82,52.82,115677120
08/10/2007,52.75,53.16,52.71,53.15,63022360
09/10/2007,53.2,53.45,53.03,53.38,94210280
10/10/2007,53.4,53.57,53.21,53.51,91777472
11/10/2007,53.75,53.94,52.28,52.66,239786624
12/10/2007,52.71,53.54,52.71,53.53,131675904
15/10/2007,53.56,53.71,52.7,53.12,121578656
16/10/2007,52.86,53.28,52.68,52.87,193676512
17/10/2007,53.4,53.66,52.68,53.55,183985120
18/10/2007,53.55,53.89,53.12,53.78,144501840
19/10/2007,53.87,53.87,52.39,52.44,245111936
22/10/2007,51.97,53.12,51.97,53.07,207086960
23/10/2007,53.49,54.21,53.34,54.18,162362848
24/10/2007,53.64,53.94,52,53.77,298345056
25/10/2007,53.86,53.98,52.75,53.05,233835344
26/10/2007,53.81,54.2,53.44,53.93,146690240
29/10/2007,54.28,54.33,53.84,54.16,101897568
30/10/2007,53.93,54.56,53.9,54.26,114616600
31/10/2007,54.38,55.07,54.04,55.03,148431840
01/11/2007,54.99,54.99,53.97,54,181974176
02/11/2007,54.07,54.55,53.6,54.42,217882896
05/11/2007,53.95,54.4,53.59,54.07,150588816
06/11/2007,54.38,54.69,53.78,54.68,131884648
07/11/2007,54.3,54.58,53.31,53.35,197908192
08/11/2007,53.03,53.33,50.8,51.73,380626336
09/11/2007,50.63,51.12,50,50,309419808
12/11/2007,49.93,50.24,48.65,48.73,283215936
13/11/2007,48.94,50.79,48.94,50.74,255625872
14/11/2007,50.75,51.44,49.9,50.09,263285344
15/11/2007,50,50.54,49.37,49.82,251548800
16/11/2007,50.16,50.49,49.34,50.28,263623648
19/11/2007,50.15,50.45,49.41,49.7,198651024
20/11/2007,49.95,50.78,48.93,49.9,300763584
21/11/2007,49.45,50.17,48.85,49.31,212724160
27/11/2007,49.4,50.05,49.1,49.96,211369296
28/11/2007,50.63,51.7,50.6,51.48,216868000
29/11/2007,51.28,51.89,51.2,51.7,172087264
30/11/2007,52.21,52.25,50.95,51.31,171417328
03/12/2007,51.09,51.53,50.82,50.88,108625640
04/12/2007,50.49,50.94,50.38,50.67,113374088
05/12/2007,51.2,52,51.16,51.57,137621184
06/12/2007,51.63,52.37,51.61,52.32,99763568
07/12/2007,52.31,52.54,52.08,52.33,88992296
10/12/2007,52.46,52.69,52.32,52.54,75657872
11/12/2007,52.62,52.84,51.21,51.32,167064672
12/12/2007,52.24,52.43,50.89,51.78,162975120
13/12/2007,51.34,51.63,50.98,51.5,153682080
14/12/2007,51.09,51.6,50.92,50.97,128407936
17/12/2007,50.78,50.99,49.71,49.73,134377520
19/12/2007,49.89,50.2,49.61,49.88,137971792
20/12/2007,50.62,50.96,50.2,50.9,167342288
21/12/2007,51.68,51.9,51.48,51.85,107613152
26/12/2007,52.15,52.63,52,52.5,58492080
27/12/2007,52.33,52.5,51.71,51.93,65778896
28/12/2007,52.05,52.16,51.43,51.86,67559856
31/12/2007,51.56,51.68,51.21,51.22,70137776
02/01/2008,51.27,51.47,50.13,50.45,152344480
03/01/2008,50.41,50.76,50.15,50.62,114105512
04/01/2008,49.79,49.83,48.21,48.4,212658576
07/01/2008,48.41,48.6,47.43,48.17,235083584
08/01/2008,48.27,48.76,46.92,46.92,261700000
09/01/2008,47.11,47.96,46.46,47.92,254110736
10/01/2008,47.43,48.41,47.29,47.99,249963616
11/01/2008,47.73,47.77,46.7,47.05,211685120
14/01/2008,47.68,48.01,47.31,47.87,168048432
15/01/2008,47.37,47.52,46.35,46.55,241791952
16/01/2008,46.17,46.91,45.46,46.05,265725120
17/01/2008,46.24,46.58,45.2,45.41,254455984
18/01/2008,45.67,46.14,44.76,45.35,273063200
22/01/2008,42.82,44.77,42.73,44.18,325732224
23/01/2008,42.53,44.15,41.61,44.02,390156448
24/01/2008,44.14,44.93,44.06,44.91,250249056
25/01/2008,45.87,45.87,43.94,43.99,199299088
28/01/2008,44.02,44.44,43.57,44.33,163711184
29/01/2008,44.58,44.68,44.04,44.41,138519984
30/01/2008,44.25,45.32,44.18,44.37,220824400
31/01/2008,43.85,45.59,43.82,45.13,246824016
01/02/2008,45.5,45.88,44.88,45.59,161920256
04/02/2008,45.58,45.61,44.94,44.95,100209832
05/02/2008,44.17,44.6,43.64,43.67,188990384
06/02/2008,43.91,44.17,42.77,42.81,178284960
07/02/2008,42.33,43.79,42.15,43.11,286342208
08/02/2008,43.2,43.77,42.94,43.6,173781248
11/02/2008,43.77,44.22,43.54,44.07,119562304
12/02/2008,44.34,44.68,43.51,43.82,145412352
13/02/2008,44.38,44.88,44.16,44.78,148685824
14/02/2008,44.85,44.85,43.89,43.97,170868896
15/02/2008,43.73,43.98,43.45,43.82,100053232
19/02/2008,44.4,44.5,43.27,43.74,110507584
20/02/2008,43.26,44.09,43.24,43.94,137338768
21/02/2008,44.36,44.47,43.34,43.52,127856976
22/02/2008,43.67,43.69,42.6,43.68,157364608
26/02/2008,43.65,44.48,43.37,44.07,148375824
27/02/2008,43.77,44.46,43.67,44.29,125682592
28/02/2008,44.12,44.53,43.95,44.12,129196648
29/02/2008,43.65,43.77,42.85,42.95,188724544
03/03/2008,42.92,42.99,42.24,42.67,133641952
04/03/2008,42.41,43.04,42.02,42.91,183850960
05/03/2008,42.99,43.54,42.75,43.12,183208208
06/03/2008,43.09,43.27,42.1,42.17,152752160
07/03/2008,41.92,42.64,41.38,42.07,242552368
10/03/2008,42.01,42.14,41.17,41.26,146964128
11/03/2008,41.86,42.85,41.51,42.83,196888176
12/03/2008,43.02,43.44,42.6,42.71,155566032
13/03/2008,42.21,43.33,41.81,43.04,208991744
14/03/2008,43.36,43.38,41.74,42.25,309589728
17/03/2008,41.29,42.01,41.05,41.48,193130560
18/03/2008,42.24,43.34,42.11,43.33,216300368
19/03/2008,43.48,43.6,42.23,42.26,216157168
20/03/2008,42.35,43.1,42.1,43.09,128396976
24/03/2008,43.28,44.76,43.28,44.58,125075616
25/03/2008,44.71,45.07,44.28,44.83,118219648
26/03/2008,44.67,44.85,44.28,44.7,124824576
27/03/2008,44.44,44.51,43.71,43.71,143868544
28/03/2008,44.03,44.34,43.33,43.49,111838096
31/03/2008,43.65,44.02,43.45,43.72,113644760
01/04/2008,44.42,45.61,44.41,45.59,137494352
02/04/2008,45.7,46.02,45.17,45.49,132486768
03/04/2008,45.29,45.91,45.14,45.59,140033776
04/04/2008,45.77,46.35,45.4,45.86,139275840
07/04/2008,46.14,46.41,45.65,45.76,102610736
08/04/2008,45.42,45.72,45.18,45.41,97565928
09/04/2008,45.48,45.49,44.63,44.9,127256912
10/04/2008,44.94,45.84,44.93,45.54,112800408
11/04/2008,45.04,45.1,44.12,44.28,120135376
14/04/2008,44.22,44.48,43.95,44.08,89274576
15/04/2008,44.24,44.35,43.68,44.14,124232272
16/04/2008,44.69,45.48,44.65,45.37,134027888
17/04/2008,45.43,45.75,44.98,45.27,125056808
18/04/2008,46.47,46.93,46.22,46.71,133022440
21/04/2008,46.62,47.08,46.49,47.04,83303168
22/04/2008,46.75,46.77,45.93,46.34,104689528
23/04/2008,46.68,47.06,46.27,46.85,131086176
24/04/2008,46.86,47.79,46.39,47.27,166694560
25/04/2008,47.32,47.35,46.57,47.15,121945352
28/04/2008,47.26,47.62,47.13,47.24,71243952
29/04/2008,47.15,47.76,47.06,47.6,91270600
30/04/2008,47.7,48.06,47.03,47.21,132152672
01/05/2008,47.23,48.72,47.22,48.7,143596880
02/05/2008,49.16,49.19,48.34,48.77,124989912
05/05/2008,48.77,49.03,48.4,48.63,75624624
06/05/2008,48.49,49.13,48.14,48.93,139582512
07/05/2008,48.94,49.23,47.87,48.04,140008272
08/05/2008,48.24,48.7,48.06,48.4,128058656
09/05/2008,48.04,48.46,47.9,48.21,97061976
12/05/2008,48.28,49.19,48.2,49.09,89636008
13/05/2008,49.11,49.33,48.76,49.22,85448032
14/05/2008,49.41,49.93,49.04,49.11,143598128
15/05/2008,49.12,50.02,48.98,49.97,157248832
16/05/2008,50.07,50.11,49.45,50.01,146563168
19/05/2008,50.05,50.47,49.34,49.65,140179616
20/05/2008,49.47,49.47,48.89,49.27,137163648
21/05/2008,49.33,49.6,48.02,48.18,192807632
22/05/2008,48.29,48.69,48.11,48.35,153198176
23/05/2008,48.17,48.35,47.82,48.2,121708032
27/05/2008,48.3,49.11,48.29,49.05,106987728
28/05/2008,49.29,49.36,48.75,49.25,121369136
29/05/2008,49.28,49.97,49.25,49.69,143992992
30/05/2008,49.88,50.24,49.75,50.01,94163584
02/06/2008,49.92,49.92,48.96,49.4,144359888
03/06/2008,49.59,49.9,48.67,49.13,167679840
04/06/2008,48.98,50.1,48.94,49.76,174967408
05/06/2008,49.89,50.61,49.7,50.55,126653648
06/06/2008,50.12,50.21,49.02,49.03,189135936
09/06/2008,49.13,49.19,47.95,48.77,208897248
10/06/2008,48.27,48.94,48.16,48.54,162798496
11/06/2008,48.44,48.52,47.35,47.38,170367264
12/06/2008,47.69,48.11,47,47.42,189919344
13/06/2008,47.71,48.47,47.46,48.37,167854992
16/06/2008,48.12,49.02,48.07,48.8,136343824
17/06/2008,48.95,49.06,48.47,48.54,122952576
18/06/2008,48.28,48.45,47.83,48.02,169338080
19/06/2008,47.93,49.01,47.61,48.77,221366480
20/06/2008,48.33,48.35,47.21,47.42,197434112
23/06/2008,47.61,47.74,46.98,47.05,131548496
24/06/2008,46.86,47.37,46.41,46.81,178293712
25/06/2008,46.99,48,46.94,47.57,179023360
26/06/2008,46.69,46.7,45.64,45.65,190028240
27/06/2008,45.6,45.9,44.97,45.65,181351776
30/06/2008,45.51,45.83,45.15,45.17,132929400
01/07/2008,44.81,45.86,44.68,45.81,245494256
02/07/2008,45.95,46.13,44.64,44.71,199725488
07/07/2008,45.04,45.46,44.24,44.9,181011232
08/07/2008,44.95,46.01,44.77,45.97,206255296
09/07/2008,45.96,46.03,44.73,44.75,168576288
10/07/2008,44.82,45.42,44.38,45.28,238811440
11/07/2008,44.81,45.27,43.85,44.56,265514640
14/07/2008,45.14,45.18,44.07,44.23,177389792
15/07/2008,44.01,44.93,43.3,44.24,283891072
16/07/2008,44.36,45.38,43.92,45.34,186047792
17/07/2008,45.61,45.82,44.98,45.64,197555056
18/07/2008,45.14,45.17,44.59,44.59,160660976
21/07/2008,45,45.19,44.49,44.78,128107752
22/07/2008,44.03,44.81,43.86,44.78,152524416
23/07/2008,44.85,45.89,44.72,45.37,169259088
24/07/2008,45.58,45.61,44.65,44.69,145560928
25/07/2008,44.98,45.48,44.76,45.27,111616704
28/07/2008,45.25,45.52,44.21,44.42,124028416
29/07/2008,44.61,45.54,44.57,45.34,142291408
30/07/2008,45.47,45.82,44.88,45.57,165679872
31/07/2008,45.12,46.15,45.02,45.46,180730832
01/08/2008,45.51,45.55,44.4,44.88,180377376
04/08/2008,44.87,44.92,44.3,44.43,116306832
05/08/2008,44.89,45.97,44.84,45.93,151727008
06/08/2008,45.95,46.81,45.58,46.63,133463696
07/08/2008,46.35,46.85,46.08,46.27,152805760
08/08/2008,46.24,47.44,46.15,47.32,143121408
11/08/2008,47.3,48.28,47.14,47.75,157291104
12/08/2008,47.74,48.16,47.51,47.8,140596912
13/08/2008,47.72,48.12,47.25,47.7,169664512
14/08/2008,47.54,48.46,47.49,48.25,158069120
15/08/2008,48.33,48.57,47.96,48.16,123115984
18/08/2008,48.3,48.31,47.26,47.6,151399008
19/08/2008,47.39,47.59,46.75,47.01,155418544
20/08/2008,47.34,47.56,46.74,47.09,155466656
21/08/2008,46.74,47.08,46.38,46.87,118920912
25/08/2008,47.16,47.21,46.37,46.49,128076432
26/08/2008,46.53,46.77,46.12,46.43,107233848
27/08/2008,46.45,47.09,46.29,46.73,108489880
28/08/2008,46.92,47.28,46.83,47.11,112808576
29/08/2008,46.62,47.12,45.92,46.12,133272096
02/09/2008,46.87,47.08,45.34,45.55,162403168
03/09/2008,45.43,45.64,44.79,45.12,161682800
04/09/2008,44.86,44.91,43.66,43.66,219363712
05/09/2008,43.28,43.78,42.81,43.45,247977456
08/09/2008,44.02,44.22,42.68,43.31,311074016
09/09/2008,43.36,43.79,42.35,42.45,214180576
10/09/2008,42.86,43.18,42.45,42.8,160658080
11/09/2008,42.2,43.69,42.17,43.6,203440960
12/09/2008,43.23,43.71,42.9,43.43,172094272
15/09/2008,42.4,43.29,42.03,42.08,616795264
16/09/2008,41.48,42.84,41.43,42.41,349551296
17/09/2008,41.87,42.42,40.19,40.21,340087936
18/09/2008,41.1,41.97,39.5,41.57,423934464
19/09/2008,43.77,43.83,42.1,42.9,263401424
22/09/2008,42.74,42.84,40.8,40.88,164698160
23/09/2008,41.2,41.75,40.44,40.57,185954512
24/09/2008,40.81,41.26,40.52,40.85,159305216
25/09/2008,41.23,42.02,41.03,41.5,148586976
26/09/2008,40.31,41.49,40.22,41.08,182678544
29/09/2008,40.26,40.38,37.18,37.82,307954336
30/09/2008,37.72,39.3,37.6,38.91,195512752
01/10/2008,38.84,38.97,38.03,38.5,174122960
02/10/2008,38.25,38.25,36.64,36.75,192185792
03/10/2008,37.26,38.18,36.1,36.18,272144032
06/10/2008,35.26,35.53,32.91,34.86,394158016
07/10/2008,35.16,35.2,32.27,32.65,329540160
08/10/2008,31.95,34.12,31.84,32.39,452568320
09/10/2008,33.12,33.68,30.97,31.52,352617184
10/10/2008,30.5,32.48,29.38,31.32,472453184
13/10/2008,32.86,35.25,32.4,35.13,277347008
14/10/2008,36.15,36.15,33.19,33.61,342311616
15/10/2008,33.29,33.35,30.54,30.6,312088416
16/10/2008,30.81,32.27,29.25,32.26,494913280
17/10/2008,31.67,33.65,31.41,32.3,326593088
20/10/2008,32.76,33.26,31.7,33.2,232783296
21/10/2008,32.66,33.26,31.48,31.48,239932400
22/10/2008,31.37,31.6,29.71,30.61,289993536
23/10/2008,30.49,31.09,28.9,30.49,377966816
24/10/2008,28.23,30.25,28.09,29.51,322129440
27/10/2008,29.17,30.2,28.66,28.69,239493664
28/10/2008,29.7,31.88,28.85,31.86,327367552
29/10/2008,31.91,33.08,31.25,31.78,341390784
30/10/2008,32.7,33.06,31.98,32.84,255292080
31/10/2008,32.37,33.43,32.09,32.89,224280336
03/11/2008,32.84,33.29,32.51,32.82,128502432
04/11/2008,33.46,34.01,32.98,33.75,182533008
05/11/2008,33.53,33.6,31.92,31.99,184147872
06/11/2008,31.49,31.87,30.4,30.56,220780464
07/11/2008,30.92,31.48,30.59,31.19,176977632
10/11/2008,31.97,31.97,30.4,30.77,142737872
11/11/2008,30.48,30.76,29.72,30.1,162921216
12/11/2008,29.67,29.8,28.65,28.71,184936240
13/11/2008,28.61,30.53,27.28,30.46,318269152
14/11/2008,29.78,30.42,28.87,28.98,259407104
17/11/2008,28.49,29.23,28.26,28.37,202894880
18/11/2008,28.56,28.75,27.39,28.34,252794208
19/11/2008,28.4,28.78,26.79,26.86,244288928
20/11/2008,26.53,27.45,25.47,25.56,342471392
21/11/2008,26.01,26.68,25.05,26.67,282766432
24/11/2008,27.21,28.64,26.98,28.3,225212496
25/11/2008,28.61,28.64,27.52,28.17,203052528
26/11/2008,27.9,29.36,27.81,29.35,165061344
01/12/2008,28.5,28.51,26.89,26.93,149331088
02/12/2008,27.3,27.89,26.84,27.83,181779296
03/12/2008,27.13,28.71,27.07,28.62,231010704
04/12/2008,28.17,28.78,27.32,27.81,188924192
05/12/2008,27.45,29.07,26.95,28.94,212310880
08/12/2008,29.59,30.46,29.44,30.08,185853280
09/12/2008,29.68,30.83,29.57,30.01,178390048
10/12/2008,30.1,30.46,29.62,29.91,162457536
11/12/2008,29.81,30.27,28.94,29.09,167448864
12/12/2008,28.68,29.86,28.47,29.68,158613792
15/12/2008,29.74,29.76,28.74,29.16,107938928
16/12/2008,29.42,30.66,29.1,30.56,172053680
17/12/2008,30.25,30.6,29.82,30.19,159965344
18/12/2008,30.19,30.4,29.36,29.66,142773808
19/12/2008,29.93,30.37,29.66,29.86,118332944
22/12/2008,29.86,29.92,28.74,29.21,95416288
23/12/2008,29.33,29.62,28.89,29.06,68804640
24/12/2008,29.2,29.21,28.98,29.14,27210316
26/12/2008,29.2,29.23,28.97,29.13,20946302
29/12/2008,29.21,29.24,28.46,28.89,52742520
30/12/2008,28.97,29.59,28.94,29.49,77131104
31/12/2008,29.46,30.08,29.45,29.74,89221184
02/01/2009,29.75,31.13,29.69,31.03,107920232
05/01/2009,30.83,31.33,30.59,31.02,91816600
06/01/2009,31.25,31.63,31.11,31.33,136820000
07/01/2009,30.73,30.9,30.19,30.44,134061872
08/01/2009,30.38,30.8,30.08,30.76,131926048
09/01/2009,30.77,30.79,29.92,30.07,117168320
12/01/2009,30.11,30.15,29.2,29.52,102778872
13/01/2009,29.51,29.98,29.18,29.53,186387344
14/01/2009,29.19,29.28,28.47,28.63,137103248
15/01/2009,28.57,29.34,28.07,29.1,192790720
16/01/2009,29.5,29.6,28.7,29.42,175490352
20/01/2009,29.3,29.43,27.96,27.96,135250976
21/01/2009,28.43,29.19,28.1,29.15,149242656
22/01/2009,28.52,29.23,28.26,28.76,200602624
23/01/2009,28.29,29.35,28.14,28.9,170164096
26/01/2009,28.94,29.59,28.75,29.11,140480976
27/01/2009,29.12,29.57,29.12,29.32,110914808
28/01/2009,29.81,30.65,29.81,30.35,139797232
29/01/2009,29.98,30.4,29.48,29.58,130772840
30/01/2009,29.8,29.93,28.94,29.06,140355216
02/02/2009,28.78,29.61,28.74,29.41,126883392
03/02/2009,29.47,30.43,29.03,29.87,120609312
04/02/2009,29.94,30.87,29.79,29.91,175780816
05/02/2009,29.48,30.77,29.46,30.57,217569552
06/02/2009,30.68,31.51,30.58,31.37,164509616
09/02/2009,31.39,31.67,31.19,31.5,98853888
10/02/2009,31.3,31.68,30.1,30.34,232790528
11/02/2009,30.38,30.53,29.73,30.2,169172560
12/02/2009,29.85,30.61,29.64,30.57,201151392
13/02/2009,30.48,30.78,30.29,30.43,145060592
17/02/2009,29.49,29.67,29.06,29.22,157782512
18/02/2009,29.41,29.67,28.87,29.24,161268256
19/02/2009,29.42,29.61,28.72,28.79,155322368
20/02/2009,28.47,29.15,28.39,28.87,210752400
23/02/2009,29.03,29.05,27.73,27.86,169469872
24/02/2009,28.01,28.98,27.96,28.78,181335776
25/02/2009,28.61,29.17,28.14,28.59,220222976
26/02/2009,28.78,28.95,27.7,27.79,211282784
27/02/2009,27.5,27.98,27.39,27.53,204492544
02/03/2009,27.12,27.51,26.47,26.64,188175936
03/03/2009,26.86,27.16,26.42,26.62,158739968
04/03/2009,26.86,27.71,26.86,27.33,164906096
05/03/2009,27.03,27.24,26.42,26.51,199616448
06/03/2009,26.65,26.81,25.71,26.3,218421536
09/03/2009,26.09,26.81,25.63,25.74,181154016
10/03/2009,26.25,27.39,26.16,27.33,175068128
11/03/2009,27.61,27.99,27.26,27.75,173147904
12/03/2009,27.73,28.76,27.44,28.67,184511040
13/03/2009,28.66,28.84,28.32,28.74,156783504
16/03/2009,28.93,28.98,28.19,28.26,190329440
17/03/2009,28.4,29.33,28.3,29.33,169852400
18/03/2009,29.21,30.2,29.08,29.7,208146880
19/03/2009,30.11,30.13,29.46,29.68,146766512
20/03/2009,29.69,30.03,28.98,29.18,149437360
23/03/2009,29.9,30.94,29.2,30.9,179642560
24/03/2009,30.64,30.88,30.31,30.33,120849456
25/03/2009,30.59,31.05,29.66,30.47,190601568
26/03/2009,30.86,31.46,30.42,31.41,182459440
27/03/2009,31,31.18,30.71,30.82,156108016
30/03/2009,30.3,30.32,29.62,30.06,162919648
31/03/2009,30.29,30.95,30.27,30.32,150243792
01/04/2009,29.94,30.88,29.79,30.77,137949920
02/04/2009,31.32,32.27,31.23,31.76,212272320
03/04/2009,32.09,32.4,31.83,32.35,134577248
06/04/2009,31.99,32.33,31.65,32.27,160413616
07/04/2009,31.92,31.92,31.21,31.42,147531200
08/04/2009,31.73,32.15,31.49,31.95,126125968
09/04/2009,32.55,33.01,32.43,32.94,131871448
13/04/2009,32.84,33.07,32.53,32.89,119310408
14/04/2009,32.69,32.88,32.27,32.49,124068952
15/04/2009,32.26,32.43,31.85,32.4,124808144
16/04/2009,32.85,33.43,32.51,33.24,171167984
17/04/2009,33.17,33.5,32.93,33.31,129835392
20/04/2009,32.71,32.82,32.06,32.24,123080472
21/04/2009,32.12,32.74,32.08,32.69,145490144
22/04/2009,32.5,33.53,32.39,32.79,165040480
23/04/2009,33,33.14,32.49,33.11,181848784
24/04/2009,33.34,33.93,33.07,33.69,141169936
27/04/2009,33.42,34.06,33.35,33.73,120749088
28/04/2009,33.52,33.91,33.36,33.48,108967968
29/04/2009,33.75,34.4,33.64,33.94,141413568
30/04/2009,34.39,34.9,34.04,34.28,144120352
01/05/2009,34.27,34.54,34.01,34.37,100111968
04/05/2009,34.68,35.09,34.52,35.05,119317320
05/05/2009,35,35.06,34.63,35.02,113638112
06/05/2009,35.29,35.34,34.46,35.03,178840480
07/05/2009,35.27,35.27,33.88,34.21,216484624
08/05/2009,34.47,34.74,33.88,34.23,183507280
11/05/2009,33.79,34.72,33.68,34.35,142775888
12/05/2009,34.42,34.48,33.52,33.93,147842112
13/05/2009,33.63,33.65,32.96,33.02,175548208
14/05/2009,33.1,33.7,33.08,33.39,140021616
15/05/2009,33.34,33.82,33.23,33.37,121326304
18/05/2009,33.6,34.28,33.39,34.24,114333400
19/05/2009,34.16,34.74,33.95,34.4,129086392
20/05/2009,34.53,35.04,34.18,34.28,131873680
21/05/2009,34.02,34.26,33.31,33.65,139253120
22/05/2009,33.78,33.97,33.32,33.54,83520296
26/05/2009,33.25,34.83,33.18,34.79,144857120
27/05/2009,34.69,35.19,34.43,34.55,121393104
28/05/2009,34.76,35.07,34.21,34.95,118931248
29/05/2009,34.97,35.5,34.76,35.38,111535664
01/06/2009,35.76,36.5,35.61,36.39,119192160
02/06/2009,36.19,36.79,36.11,36.44,126858552
03/06/2009,36.33,36.37,35.93,36.33,93329712
04/06/2009,36.41,36.79,36.34,36.74,89280576
05/06/2009,36.96,37.08,36.42,36.78,121963040
08/06/2009,36.55,36.95,36.12,36.67,89194096
09/06/2009,36.84,37.17,36.67,36.95,109187760
10/06/2009,37.16,37.18,36.29,36.82,133404600
11/06/2009,36.77,37.23,36.75,36.82,147909728
12/06/2009,36.67,36.72,36.2,36.65,109452464
15/06/2009,36.3,36.33,35.58,35.9,112152896
16/06/2009,36.04,36.19,35.52,35.55,110550208
17/06/2009,35.7,36.21,35.45,35.89,153421776
18/06/2009,35.83,36.06,35.57,35.82,126266704
19/06/2009,36.05,36.36,35.91,36.16,122050096
22/06/2009,35.83,35.89,35.02,35.08,137714816
23/06/2009,35.18,35.26,34.77,35,114903024
24/06/2009,35.3,35.87,35.28,35.59,103314560
25/06/2009,35.36,36.36,35.28,36.29,112538112
26/06/2009,36.12,36.5,36.05,36.37,87677288
29/06/2009,36.47,36.75,36.12,36.45,93817584
30/06/2009,36.55,36.73,36.11,36.38,97843000
01/07/2009,36.56,36.84,36.39,36.4,85975904
02/07/2009,36.1,36.1,35.5,35.6,113309760
06/07/2009,35.38,35.54,35.04,35.41,107632480
07/07/2009,35.44,35.49,34.51,34.53,149772992
08/07/2009,34.74,34.87,34.3,34.71,152776352
09/07/2009,34.84,35.01,34.65,34.77,97851472
10/07/2009,34.67,35.14,34.56,34.92,108481912
13/07/2009,34.95,35.6,34.48,35.59,127140304
14/07/2009,35.55,35.79,35.4,35.72,115631616
15/07/2009,36.32,36.93,36.14,36.92,160869696
16/07/2009,36.75,37.44,36.72,37.01,120142432
17/07/2009,37.35,37.57,37.17,37.56,104906408
20/07/2009,37.76,38,37.61,37.92,97168736
21/07/2009,38.07,38.18,37.64,38.18,130587600
22/07/2009,38.21,38.69,38.13,38.5,113808560
23/07/2009,38.46,39.49,38.39,39.35,160566416
24/07/2009,38.94,39.37,38.78,39.05,109312232
27/07/2009,39.33,39.41,38.87,39.35,94718536
28/07/2009,39.19,39.59,38.93,39.08,111564280
29/07/2009,39.32,39.43,39,39.34,126538184
30/07/2009,39.75,40.18,39.51,39.57,108969840
31/07/2009,39.57,39.85,39.41,39.45,78208280
03/08/2009,39.85,40.06,39.64,40.04,111722712
04/08/2009,39.85,40.19,39.77,40.04,100690728
05/08/2009,40.13,40.14,39.46,39.73,118092992
06/08/2009,39.82,39.93,39.24,39.38,116937408
07/08/2009,39.92,40.07,39.59,39.88,107512240
10/08/2009,39.74,39.85,39.34,39.6,87163152
11/08/2009,39.47,39.5,39.05,39.26,91922696
12/08/2009,39.2,40.22,39.2,39.87,147239952
13/08/2009,40.11,40.16,39.64,40.09,110106992
14/08/2009,39.87,39.96,39.28,39.63,124480152
17/08/2009,38.96,39.01,38.46,38.48,131797184
18/08/2009,38.72,39.98,38.61,39.03,84607840
19/08/2009,38.57,39.4,38.54,39.3,88036240
20/08/2009,39.28,39.84,39.2,39.76,81473480
21/08/2009,39.99,40.36,39.74,40.29,114660176
24/08/2009,40.37,40.57,40.1,40.25,109904872
25/08/2009,40.34,40.76,40.25,40.37,92900336
26/08/2009,40.28,40.6,40.08,40.3,96407480
27/08/2009,40.29,40.47,39.67,40.4,121957776
28/08/2009,40.9,41.08,40.16,40.44,114310200
31/08/2009,40.14,40.2,39.79,40.03,96415288
01/09/2009,39.89,40.59,39.16,39.28,162958864
02/09/2009,39.07,39.47,39.04,39.25,92757104
03/09/2009,39.44,39.57,39.02,39.51,76783088
04/09/2009,39.58,40.38,39.52,40.36,74866544
08/09/2009,40.68,40.78,40.46,40.74,71024344
09/09/2009,40.77,41.29,40.59,41.09,99290032
10/09/2009,41.11,41.53,41,41.48,99289064
11/09/2009,41.51,41.62,41.22,41.52,93869376
14/09/2009,41.25,41.71,41.21,41.68,90560528
15/09/2009,41.65,41.95,41.57,41.81,91594544
16/09/2009,42,42.48,41.84,42.42,96888464
17/09/2009,42.31,42.66,42.21,42.41,102169544
18/09/2009,42.54,42.62,42.21,42.44,87453056
21/09/2009,42.2,42.7,42.16,42.57,71351344
22/09/2009,42.81,42.83,42.44,42.65,75638376
23/09/2009,42.83,43.17,42.38,42.45,143924064
24/09/2009,42.62,42.69,41.77,42.07,111016320
25/09/2009,41.76,42.09,41.58,41.7,109215944
28/09/2009,41.93,42.66,41.89,42.41,84484128
29/09/2009,42.41,42.62,42.03,42.22,106686400
30/09/2009,42.39,42.6,41.6,42.25,173102624
01/10/2009,42.1,42.13,41,41,140119056
02/10/2009,40.72,41.25,40.72,40.88,145291248
05/10/2009,41.07,41.4,40.83,41.21,97054128
06/10/2009,41.44,42.14,41.22,41.94,124627968
07/10/2009,41.89,42.08,41.77,42.06,93787520
08/10/2009,42.31,42.62,42.14,42.24,107850368
09/10/2009,42.15,42.55,42.06,42.48,62827992
12/10/2009,42.65,42.87,42.28,42.57,53221872
13/10/2009,42.53,42.75,42.37,42.58,70939208
14/10/2009,43.11,43.29,42.85,43.16,91004864
15/10/2009,42.93,43.12,42.87,43.06,85772704
16/10/2009,42.9,42.99,42.48,42.78,111859600
19/10/2009,42.82,43.27,42.59,43.21,83511944
20/10/2009,43.46,43.46,42.94,43.22,89847824
21/10/2009,43.21,43.82,43.06,43.14,110397328
22/10/2009,43.06,43.49,42.79,43.31,85871768
23/10/2009,43.73,43.73,43.02,43.13,117029888
26/10/2009,43.2,43.76,42.79,42.99,106317536
27/10/2009,42.93,43.11,42.18,42.34,121354224
28/10/2009,42.19,42.32,41.3,41.39,143315696
29/10/2009,41.63,42.19,41.54,42.09,84919832
30/10/2009,42.06,42.15,40.92,40.96,162796448
02/11/2009,41,41.57,40.64,41.13,142520640
03/11/2009,40.91,41.32,40.84,41.26,95106976
04/11/2009,41.53,41.87,41.28,41.33,107970592
05/11/2009,41.81,42.4,41.78,42.35,135204784
06/11/2009,42.12,42.65,42.08,42.6,96312208
09/11/2009,42.93,43.52,42.88,43.51,101620784
10/11/2009,43.46,43.77,43.4,43.62,72846448
11/11/2009,43.95,44.14,43.61,43.9,84676104
12/11/2009,43.93,44.16,43.55,43.65,92426056
13/11/2009,43.78,44.14,43.63,44.01,87959488
16/11/2009,44.2,44.65,44.12,44.46,87776088
17/11/2009,44.34,44.6,44.25,44.6,81884000
18/11/2009,44.47,44.49,44.05,44.35,100240792
19/11/2009,44.05,44.08,43.35,43.66,114557944
20/11/2009,43.42,43.55,43.28,43.44,70912056
23/11/2009,43.89,44.4,43.86,44.14,91621408
24/11/2009,44.13,44.15,43.73,43.99,60669944
25/11/2009,44.14,44.22,44.01,44.18,37630048
27/11/2009,42.97,43.83,42.9,43.51,61229928
30/11/2009,43.41,43.62,43.11,43.56,84819376
01/12/2009,43.88,44.3,43.88,44.01,81817784
02/12/2009,44.16,44.49,43.98,44.07,81653512
03/12/2009,44.23,44.5,43.88,43.89,72460360
04/12/2009,44.48,44.73,43.66,44.12,125062512
07/12/2009,44.09,44.29,43.82,43.91,67471808
08/12/2009,43.66,44,43.36,43.64,86621376
09/12/2009,43.6,44.12,43.32,44.08,78820456
10/12/2009,44.27,44.54,44.24,44.3,76722312
11/12/2009,44.54,44.59,43.95,44.13,66643628
14/12/2009,44.43,44.6,44.19,44.55,47965476
15/12/2009,44.41,44.67,44.17,44.3,61171040
16/12/2009,44.47,44.7,44.29,44.36,61629612
17/12/2009,44.16,44.21,43.76,43.82,90440880
18/12/2009,44.15,44.48,44,44.46,96442560
21/12/2009,44.69,45.13,44.67,44.96,82381392
22/12/2009,45.11,45.29,45.03,45.23,51569040
23/12/2009,45.32,45.57,45.21,45.56,73932192
24/12/2009,45.61,45.98,45.6,45.98,31770350
28/12/2009,46.09,46.3,45.94,46.22,49381384
29/12/2009,46.23,46.25,45.99,46.03,32410154
30/12/2009,45.99,46.26,45.96,46.17,57612660
31/12/2009,46.25,46.28,45.75,45.75,50079160
04/01/2010,46.33,46.49,46.27,46.42,62822800
05/01/2010,46.39,46.5,46.16,46.42,62935592
06/01/2010,46.4,46.55,46.07,46.14,96033000
07/01/2010,46.21,46.27,45.92,46.17,77094032
08/01/2010,46.06,46.55,45.93,46.55,88886600
11/01/2010,46.61,46.64,46.12,46.36,104673312
12/01/2010,46.08,46.14,45.53,45.78,90673832
13/01/2010,45.92,46.49,45.61,46.35,100660960
14/01/2010,46.28,46.52,46.22,46.39,75812672
15/01/2010,46.46,46.55,45.65,45.85,126866064
19/01/2010,45.98,46.64,45.95,46.59,84388144
20/01/2010,46.26,46.6,45.43,45.92,145679904
21/01/2010,46.05,46.35,45.3,45.49,204939536
22/01/2010,45.34,45.48,44.04,44.16,171098640
25/01/2010,44.43,44.6,44.12,44.31,154218608
26/01/2010,44.26,44.89,44.05,44.35,140816416
27/01/2010,44.27,44.85,44.01,44.7,161632624
28/01/2010,44.42,44.43,43.32,43.55,221439792
29/01/2010,43.91,44.02,42.63,42.79,212125984
01/02/2010,42.91,43.28,42.88,43.26,136827088
02/02/2010,43.33,43.78,43.03,43.65,110727608
03/02/2010,43.44,43.97,43.42,43.89,93581592
04/02/2010,43.57,43.66,42.62,42.62,151652400
05/02/2010,42.73,43.02,42.12,42.98,213618496
08/02/2010,42.91,43.18,42.64,42.67,94354368
09/02/2010,43.17,43.51,42.76,43.11,118955920
10/02/2010,43.11,43.31,42.75,43.02,94102840
11/02/2010,43.03,43.79,42.76,43.67,93050784
12/02/2010,43.28,43.88,43.16,43.76,93943992
16/02/2010,44.07,44.35,43.85,44.32,83861368
17/02/2010,44.52,44.57,44.26,44.57,82691608
18/02/2010,44.54,44.93,44.45,44.85,65752536
19/02/2010,44.74,45.05,44.62,44.83,80416416
22/02/2010,45.01,45.03,44.56,44.74,72054904
23/02/2010,44.71,44.74,43.95,44.16,95814328
24/02/2010,44.4,44.79,44.32,44.61,86590984
25/02/2010,44.14,44.7,43.83,44.6,97961296
26/02/2010,44.59,44.86,44.4,44.76,66222356
01/03/2010,44.96,45.49,44.95,45.41,77290016
02/03/2010,45.57,45.85,45.45,45.55,76368424
03/03/2010,45.66,45.82,45.43,45.6,65744912
04/03/2010,45.63,45.81,45.4,45.75,54470836
05/03/2010,46.1,46.54,45.99,46.44,68136256
08/03/2010,46.46,46.64,46.44,46.53,58712352
09/03/2010,46.43,47.05,46.4,46.79,98002744
10/03/2010,46.82,47.28,46.8,47.17,102578896
11/03/2010,47.06,47.35,46.98,47.35,67510280
12/03/2010,47.5,47.53,47.1,47.36,64068256
15/03/2010,47.25,47.38,46.91,47.24,60150420
16/03/2010,47.39,47.61,47.23,47.54,74950592
17/03/2010,47.6,47.9,47.53,47.67,75643456
18/03/2010,47.72,47.88,47.6,47.83,77829360
19/03/2010,47.92,47.95,47.32,47.49,86337040
22/03/2010,47.31,48.11,47.25,47.92,71902752
23/03/2010,47.99,48.3,47.77,48.25,59182584
24/03/2010,48.15,48.17,47.91,48.02,63030096
25/03/2010,48.42,48.6,47.9,47.95,76350056
26/03/2010,48.15,48.33,47.74,48,78067824
29/03/2010,48.24,48.4,48.1,48.23,57993224
30/03/2010,48.37,48.55,48.06,48.39,49455024
31/03/2010,48.24,48.45,48.07,48.16,59947392
01/04/2010,48.36,48.7,47.79,48.16,83728568
05/04/2010,48.27,48.72,48.14,48.61,56220248
06/04/2010,48.49,48.9,48.39,48.75,54097056
07/04/2010,48.69,48.87,48.37,48.63,77211456
08/04/2010,48.49,48.82,48.24,48.74,68323872
09/04/2010,48.75,49.05,48.63,49.03,54227220
12/04/2010,49.06,49.2,48.94,49.07,44280596
13/04/2010,49.02,49.35,48.86,49.32,59375924
14/04/2010,49.58,49.92,49.5,49.91,69004752
15/04/2010,49.87,50.19,49.87,50.13,72254152
16/04/2010,49.95,50.12,49.2,49.53,127387936
19/04/2010,49.35,49.66,48.9,49.5,98251680
20/04/2010,49.77,49.88,49.43,49.75,69543632
21/04/2010,50.09,50.19,49.72,50.03,74748648
22/04/2010,49.55,50.36,49.26,50.31,110477112
23/04/2010,50.29,50.57,50.09,50.52,77205136
26/04/2010,50.57,50.65,50.3,50.41,67360936
27/04/2010,50.22,50.43,49.21,49.34,112607968
28/04/2010,49.6,49.63,48.98,49.37,130082080
29/04/2010,49.65,50.33,49.61,50.23,84180136
30/04/2010,50.21,50.29,49.2,49.24,110896904
03/05/2010,49.44,50.17,49.43,49.93,74169600
04/05/2010,49.31,49.32,48.08,48.43,141136432
05/05/2010,47.92,48.5,47.64,48.18,128560160
06/05/2010,47.86,48.32,41.55,46.57,274356800
07/05/2010,46.22,46.8,44.28,45.41,288200352
10/05/2010,47.43,47.8,47.31,47.77,136041584
11/05/2010,47.3,48.39,47.2,47.72,113196968
12/05/2010,47.98,48.66,47.9,48.62,85462328
13/05/2010,48.42,48.79,47.73,47.85,102844240
14/05/2010,47.49,47.52,46.38,46.93,147386016
17/05/2010,47.03,47.27,46.07,47.08,120969512
18/05/2010,47.48,47.58,46.22,46.43,153072096
19/05/2010,46.24,46.63,45.55,46.06,159000256
20/05/2010,45.16,45.28,44.25,44.35,189289776
21/05/2010,43.65,45.64,43.49,44.84,190631104
24/05/2010,44.82,45.33,44.64,44.66,113385992
25/05/2010,43.69,44.76,43.23,44.7,155642912
26/05/2010,45.01,45.57,44.12,44.2,140203136
27/05/2010,45.2,45.89,45.09,45.87,110736048
28/05/2010,45.94,45.99,45.2,45.6,128535256
01/06/2010,45.46,46.25,45.13,45.18,104242656
02/06/2010,45.44,46.28,45.13,46.25,97249296
03/06/2010,46.37,46.77,46.08,46.69,98928392
04/06/2010,45.71,46.29,44.94,45.09,112849840
07/06/2010,45.33,45.46,44.22,44.27,88436584
08/06/2010,44.36,44.48,43.59,44.19,133990032
09/06/2010,44.48,44.91,43.69,43.82,102077320
10/06/2010,44.37,45.12,44.24,45.07,76892296
11/06/2010,44.61,45.54,44.61,45.5,74347728
14/06/2010,45.92,46.24,45.41,45.49,68084960
15/06/2010,45.73,46.77,45.45,46.71,76332552
16/06/2010,46.58,47.14,46.5,46.9,78399648
17/06/2010,47.16,47.18,46.64,47.05,77111816
18/06/2010,47.05,47.34,46.86,47,75921360
21/06/2010,47.6,47.68,46.33,46.6,95488064
22/06/2010,46.8,47.14,46.15,46.24,94493344
23/06/2010,46.29,46.47,45.69,46.05,92397528
24/06/2010,45.85,45.99,45.2,45.35,114714304
25/06/2010,45.51,45.66,44.95,45.27,89040240
28/06/2010,45.27,45.55,44.81,45.11,71378704
29/06/2010,44.42,44.46,43.07,43.37,136384112
30/06/2010,43.23,43.67,42.64,42.71,101313184
01/07/2010,42.84,42.96,41.77,42.59,158694912
02/07/2010,42.66,42.82,42.09,42.47,78565280
06/07/2010,43.1,43.37,42.25,42.6,88591832
07/07/2010,42.74,44.01,42.7,43.96,72448352
08/07/2010,44.31,44.38,43.68,44.2,78264576
09/07/2010,44.18,44.63,44.08,44.62,47861056
12/07/2010,44.58,45.03,44.46,44.75,60934836
13/07/2010,45.14,45.5,44.8,45.33,93310496
14/07/2010,45.42,45.81,45.24,45.56,87694696
15/07/2010,45.47,45.74,44.99,45.6,95992416
16/07/2010,45.44,45.63,44.3,44.34,98831856
19/07/2010,44.47,44.81,44.1,44.72,81800736
20/07/2010,44,45.26,43.86,45.26,89061200
21/07/2010,45.74,45.76,44.56,44.64,83576824
22/07/2010,45.27,45.98,45.24,45.77,82890240
23/07/2010,45.46,46.1,45.38,46.06,81056048
26/07/2010,46.12,46.46,45.91,46.44,54517816
27/07/2010,46.64,46.72,46.21,46.42,67655552
28/07/2010,46.37,46.58,45.88,46.05,51988116
29/07/2010,46.32,46.41,45.25,45.71,85693920
30/07/2010,45.33,46.09,45.07,45.81,98958080
02/08/2010,46.39,46.79,46.21,46.67,68706704
03/08/2010,46.64,46.7,46.25,46.47,60863372
04/08/2010,46.68,46.99,46.5,46.94,43817792
05/08/2010,46.71,46.92,46.52,46.83,39150160
06/08/2010,46.32,46.85,46.05,46.76,71339440
09/08/2010,47,47.19,46.79,47.08,26937014
10/08/2010,46.7,46.95,46.28,46.67,86694464
11/08/2010,45.9,45.92,45.21,45.4,92219648
12/08/2010,44.53,45.24,44.45,45.04,66000468
13/08/2010,44.87,45.06,44.71,44.72,46387264
16/08/2010,44.5,45.11,44.3,44.8,55472856
17/08/2010,45.12,45.78,45.03,45.37,56927056
18/08/2010,45.28,45.82,45.11,45.55,61836476
19/08/2010,45.28,45.46,44.56,44.86,82969472
20/08/2010,44.79,45.03,44.54,44.92,66806608
23/08/2010,45.2,45.34,44.46,44.48,69612136
24/08/2010,43.97,44.12,43.47,43.65,79095768
25/08/2010,43.34,44.26,43.27,44.07,87347880
26/08/2010,44.22,44.32,43.5,43.54,91222968
27/08/2010,43.86,44.16,42.97,44.07,109595928
30/08/2010,43.86,44.25,43.6,43.61,49373116
31/08/2010,43.38,43.85,43.18,43.46,72066824
01/09/2010,44.1,44.91,44.07,44.76,83523096
02/09/2010,44.84,45.28,44.73,45.26,41816716
03/09/2010,45.76,46.02,45.55,46.01,64041080
07/09/2010,45.82,46.03,45.63,45.7,51195144
08/09/2010,45.83,46.45,45.82,46.25,66883924
09/09/2010,46.66,46.7,46.32,46.43,61476376
10/09/2010,46.48,46.67,46.25,46.6,66995684
13/09/2010,46.96,47.37,46.94,47.25,64523292
14/09/2010,47.19,47.7,47.08,47.45,91405792
15/09/2010,47.33,47.8,47.19,47.75,67108128
16/09/2010,47.66,47.98,47.54,47.94,66885760
17/09/2010,48.14,48.14,47.75,48,76372568
20/09/2010,48.17,48.93,48.11,48.83,84536536
21/09/2010,48.86,49.17,48.61,48.82,82352600
22/09/2010,48.62,49.02,48.42,48.69,88315896
23/09/2010,48.37,49.16,48.32,48.67,85039928
24/09/2010,49.22,49.69,49.15,49.66,79495880
27/09/2010,49.63,49.75,49.35,49.39,43883412
28/09/2010,49.51,49.54,48.59,49.37,104922872
29/09/2010,49.29,49.53,49.11,49.29,81679168
30/09/2010,49.56,49.84,48.75,49.07,122458536
01/10/2010,49.48,49.53,48.78,49.01,77682344
04/10/2010,48.87,49.05,48.2,48.48,71359480
05/10/2010,49.03,49.76,49,49.66,99301264
06/10/2010,49.59,49.71,48.91,49.12,58777960
07/10/2010,49.51,49.54,49,49.41,75693256
08/10/2010,49.43,49.87,49.08,49.75,83223824
11/10/2010,49.78,50.02,49.62,49.77,46879920
12/10/2010,49.69,50.21,49.26,50.11,88571616
13/10/2010,50.43,50.75,50.28,50.52,71122720
14/10/2010,50.55,50.64,50.17,50.42,68463776
15/10/2010,51.04,51.5,50.63,51.49,104653952
18/10/2010,51.5,51.72,51.3,51.3,72505160
19/10/2010,50.82,51.3,50.42,50.82,105739704
20/10/2010,50.96,51.57,50.87,51.19,80861040
21/10/2010,51.51,51.71,50.79,51.29,85885336
22/10/2010,51.3,51.69,51.21,51.64,47409144
25/10/2010,51.85,52.23,51.85,51.89,51413628
26/10/2010,51.63,52.15,51.42,52.03,60498264
27/10/2010,51.76,52.23,51.66,52.19,57483184
28/10/2010,52.41,52.45,51.84,52.3,61219996
29/10/2010,52.3,52.49,52.17,52.18,46668688
01/11/2010,52.37,52.75,51.98,52.22,60555560
02/11/2010,52.65,52.93,52.58,52.78,48137408
03/11/2010,52.83,53.04,52.36,53.02,126225792
04/11/2010,53.6,53.86,53.5,53.67,84085488
05/11/2010,53.7,53.81,53.51,53.67,77937072
08/11/2010,53.58,53.83,53.45,53.74,39623424
09/11/2010,53.95,54.04,53.21,53.45,66969720
10/11/2010,53.52,53.77,53.1,53.72,83553616
11/11/2010,52.91,53.48,52.66,53.38,85163520
12/11/2010,53.1,53.37,52.11,52.51,99164256
15/11/2010,52.76,52.88,52.29,52.32,56723376
16/11/2010,51.94,52.25,50.85,51.45,101096624
17/11/2010,51.48,51.87,51.35,51.6,77836152
18/11/2010,52.16,52.79,52.13,52.43,71488272
19/11/2010,52.36,52.59,52.14,52.47,54512708
22/11/2010,52.26,52.91,52.17,52.91,69918816
23/11/2010,52.37,52.45,51.77,52.07,76900952
24/11/2010,52.58,53.25,52.56,53.12,53455536
26/11/2010,52.78,53.13,52.67,52.77,23640288
29/11/2010,52.7,52.9,52.1,52.73,89265936
30/11/2010,52.18,52.74,51.88,52.09,118861504
01/12/2010,52.86,53.46,52.84,53.19,81758048
02/12/2010,53.27,53.81,53.21,53.73,56883980
03/12/2010,53.5,53.94,53.5,53.87,38014164
06/12/2010,53.88,53.95,53.68,53.85,39311532
07/12/2010,54.5,54.52,53.82,53.88,59067228
08/12/2010,54.02,54.15,53.69,54.08,48066844
09/12/2010,54.41,54.44,53.95,54.13,51679728
10/12/2010,54.29,54.55,54.09,54.5,44696152
13/12/2010,54.7,54.74,54.27,54.3,53110152
14/12/2010,54.44,54.62,54.23,54.4,69944024
15/12/2010,54.37,54.7,54.03,54.16,76951808
16/12/2010,54.21,54.66,54.06,54.58,65519384
17/12/2010,54.54,54.68,54.41,54.52,36849556
20/12/2010,54.62,54.76,54.16,54.56,48159596
21/12/2010,54.77,54.89,54.62,54.89,35775348
22/12/2010,54.87,54.96,54.79,54.88,35766428
23/12/2010,54.78,54.87,54.61,54.74,21668244
27/12/2010,54.58,54.86,54.21,54.77,29263416
28/12/2010,54.9,54.92,54.55,54.67,24168604
29/12/2010,54.82,54.9,54.73,54.79,24132688
30/12/2010,54.79,54.8,54.55,54.66,27562166
31/12/2010,54.59,54.62,54.21,54.46,38565924
03/01/2011,54.97,55.69,54.95,55.31,90994288
04/01/2011,55.51,55.55,54.92,55.27,43851456
05/01/2011,55.1,55.76,55.07,55.74,43787168
06/01/2011,55.8,55.96,55.68,55.92,46139540
07/01/2011,56.02,56.05,55.32,55.87,72261624
10/01/2011,55.75,56.18,55.58,56.08,55551756
11/01/2011,56.31,56.36,55.95,56.16,56663768
12/01/2011,56.43,56.56,56.2,56.56,51978976
13/01/2011,56.6,56.73,56.41,56.58,47430380
14/01/2011,56.6,57.02,56.46,57,43867400
18/01/2011,56.57,57.23,56.49,57.16,65802976
19/01/2011,57.26,57.26,56.32,56.51,67767184
20/01/2011,56.27,56.35,55.68,56.11,92357776
21/01/2011,56.39,56.49,55.65,55.68,59673280
24/01/2011,55.79,56.46,55.68,56.45,64103248
25/01/2011,56.17,56.55,56.05,56.53,55305024
26/01/2011,56.61,56.98,56.45,56.83,60547612
27/01/2011,57.01,57.35,56.92,57.18,53656076
28/01/2011,57.17,57.22,55.47,55.73,123359816
31/01/2011,55.81,56.16,55.39,56,70446128
01/02/2011,56.42,57.18,56.36,57.05,76952816
02/02/2011,56.93,57.17,56.84,56.96,48660952
03/02/2011,56.85,57.14,56.4,57.06,45341868
04/02/2011,57.05,57.42,56.9,57.38,47647712
07/02/2011,57.49,57.97,57.4,57.65,45626804
08/02/2011,57.67,58.07,57.56,58.03,38099820
09/02/2011,57.94,58.12,57.75,57.93,62540760
10/02/2011,57.55,58.1,57.49,58.02,70194656
11/02/2011,57.85,58.48,57.77,58.44,47853472
14/02/2011,58.44,58.66,58.38,58.58,48506024
15/02/2011,58.45,58.57,58.23,58.5,39723752
16/02/2011,58.65,59.04,58.63,58.88,53061304
17/02/2011,58.59,58.97,58.55,58.86,38361848
18/02/2011,58.86,58.97,58.51,58.73,44341724
22/02/2011,57.93,58.13,56.94,57.03,92596864
23/02/2011,57.03,57.23,56.13,56.56,97842848
24/02/2011,56.68,57.03,56.14,56.86,98715928
25/02/2011,57.18,57.72,57.12,57.65,54094580
28/02/2011,57.88,58.05,57.43,57.77,51402736
01/03/2011,58.02,58.02,56.7,56.84,91992504
02/03/2011,56.81,57.51,56.79,57.14,61552876
03/03/2011,57.67,58.37,57.67,58.27,64249928
04/03/2011,58.25,58.26,57.59,57.97,62328324
07/03/2011,58.21,58.26,56.67,57.19,98469960
08/03/2011,57.12,57.68,56.77,57.42,62399100
09/03/2011,57.21,57.27,56.72,57.03,84764136
10/03/2011,56.39,56.52,55.91,56.14,102991512
11/03/2011,55.82,56.66,55.82,56.49,81679376
14/03/2011,56.18,56.59,55.86,56.29,73621760
15/03/2011,54.6,55.82,54.47,55.49,101275328
16/03/2011,55.03,55.34,53.77,54.15,176506624
17/03/2011,55.01,55.24,54.13,54.65,94434304
18/03/2011,55.22,55.22,54.41,54.45,94887136
21/03/2011,55.28,55.78,54.5,55.5,57419948
22/03/2011,55.58,55.61,55.28,55.4,36251280
23/03/2011,55.2,55.87,54.82,55.71,60365084
24/03/2011,56.13,56.82,55.82,56.7,69502336
25/03/2011,56.88,57.22,56.73,56.84,74133872
28/03/2011,57.09,57.1,56.5,56.53,37823728
29/03/2011,56.4,57.08,56.23,57.08,47994652
30/03/2011,57.36,57.43,57.08,57.35,44935856
31/03/2011,57.27,57.48,57.15,57.43,50143328
01/04/2011,57.72,57.9,57.29,57.46,68031744
04/04/2011,57.63,57.68,57.02,57.27,48659036
05/04/2011,57.16,57.49,57,57.12,55384928
06/04/2011,57.56,57.73,56.93,57.26,49532056
07/04/2011,57.24,57.6,56.81,57.22,60705864
08/04/2011,57.47,57.57,56.65,56.95,42782112
11/04/2011,57.17,57.29,56.56,56.76,42451616
12/04/2011,56.5,56.64,56.15,56.37,50642856
13/04/2011,56.79,57,56.4,56.85,49979732
14/04/2011,56.46,56.83,56.23,56.75,53544092
15/04/2011,56.53,56.87,56.28,56.65,68529968
18/04/2011,56.08,56.27,55.32,56.25,69073432
19/04/2011,56.4,56.6,56.1,56.6,38608392
20/04/2011,57.6,57.94,56.61,57.88,67397440
21/04/2011,58.44,58.47,58.16,58.34,43666772
25/04/2011,58.39,58.52,58.28,58.49,25376716
26/04/2011,58.64,59.03,58.51,58.82,49392732
27/04/2011,58.93,59.29,58.66,59.22,56465496
28/04/2011,59.04,59.23,58.88,59.13,48138344
29/04/2011,59.02,59.29,58.98,59.08,44831144
02/05/2011,59.17,59.34,58.82,58.97,48149384
03/05/2011,58.94,59,58.33,58.69,38143408
04/05/2011,58.73,58.87,58.11,58.6,53105016
05/05/2011,58.31,58.97,58.08,58.28,72153288
06/05/2011,58.86,59.2,58.31,58.47,72506776
09/05/2011,58.57,58.92,58.34,58.69,40028980
10/05/2011,58.86,59.28,58.78,59.19,38053600
11/05/2011,59.1,59.31,58.36,58.76,61908940
12/05/2011,58.58,59.19,58.24,59.11,66128160
13/05/2011,58.97,59.07,58.39,58.41,63506568
16/05/2011,58.14,58.32,57.27,57.4,73140224
17/05/2011,57.1,57.57,56.98,57.56,63176056
18/05/2011,57.48,58.14,57.41,58.04,42351088
19/05/2011,58.22,58.34,57.85,58.21,35024232
20/05/2011,58.15,58.21,57.69,57.77,44703176
23/05/2011,56.98,57.15,56.65,56.92,43678436
24/05/2011,57.06,57.07,56.56,56.57,39314212
25/05/2011,56.5,57.06,56.47,56.79,41368976
26/05/2011,56.62,57.3,56.61,57.14,40564080
27/05/2011,57.24,57.49,57.19,57.43,30132088
31/05/2011,57.97,58.36,57.67,58.36,47588056
01/06/2011,58.22,58.36,57.04,57.09,51792336
02/06/2011,57.2,57.41,56.89,57.21,50198044
03/06/2011,56.55,56.99,56.27,56.35,57773680
06/06/2011,56.22,56.53,55.86,55.89,50175544
07/06/2011,56.04,56.26,55.75,55.79,46311060
08/06/2011,55.67,55.77,55.23,55.39,46426380
09/06/2011,55.41,55.76,55.23,55.49,45307496
10/06/2011,55.23,55.34,54.59,54.64,53740540
13/06/2011,54.67,54.93,54.45,54.64,37745768
14/06/2011,55.06,55.47,55.03,55.34,40565260
15/06/2011,54.81,55.15,54.18,54.29,59022344
16/06/2011,54.32,54.5,53.62,54.08,66316184
17/06/2011,54.4,54.6,53.63,53.79,70353112
20/06/2011,53.64,54.23,53.64,54.07,37402832
21/06/2011,54.26,55.29,54.03,55.23,55892712
22/06/2011,55,55.32,54.82,54.83,36833212
23/06/2011,54.24,55.37,54.06,55.34,80743296
24/06/2011,55.08,55.13,54.27,54.38,56298248
27/06/2011,54.44,55.53,54.32,55.25,49968856
28/06/2011,55.37,56.08,55.29,56.07,47028636
29/06/2011,56.2,56.41,55.9,56.3,65417184
30/06/2011,56.5,57.09,56.47,57.05,50483924
01/07/2011,57.08,57.99,56.92,57.91,53203804
05/07/2011,57.97,58.26,57.83,58.2,43128656
06/07/2011,58.13,58.49,57.94,58.39,49282636
07/07/2011,58.83,59.36,58.74,59.19,54799768
08/07/2011,58.68,59.04,58.37,59.03,69533592
11/07/2011,58.41,58.71,57.76,57.96,52080760
12/07/2011,57.95,58.07,57.46,57.52,84000656
13/07/2011,57.94,58.34,57.55,57.76,82374520
14/07/2011,57.91,58.18,56.87,57.09,98773896
15/07/2011,57.73,57.85,57.31,57.85,68287688
18/07/2011,57.53,57.79,56.98,57.54,59512188
19/07/2011,58.09,58.9,58.09,58.85,73904272
20/07/2011,59.18,59.19,58.5,58.6,57084228
21/07/2011,58.66,59.32,58.34,58.99,70148760
22/07/2011,58.96,59.7,58.92,59.6,43620360
25/07/2011,59.13,59.81,59.02,59.48,48916064
26/07/2011,59.44,59.83,59.32,59.63,40918828
27/07/2011,59.24,59.29,57.94,58.09,83969488
28/07/2011,58.12,58.93,57.89,58.19,61031804
29/07/2011,57.72,58.61,57.44,58,82860424
01/08/2011,58.7,58.82,57.03,57.73,85421008
02/08/2011,57.46,57.72,56.21,56.27,90851304
03/08/2011,56.34,56.88,55.35,56.81,103612296
04/08/2011,56,56.09,54.17,54.17,132829928
05/08/2011,54.72,55.03,52.32,53.83,214111696
08/08/2011,52.18,53.12,50.59,50.59,204804048
09/08/2011,51.35,53.08,49.93,53.03,193707088
10/08/2011,51.83,53.04,50.8,50.86,205917888
11/08/2011,51.59,53.69,51.34,53.1,143824480
12/08/2011,53.42,53.9,52.88,53.57,71689400
15/08/2011,53.79,54.36,53.53,54.36,73554256
16/08/2011,53.83,54.35,53.18,53.9,89219192
17/08/2011,53.97,54.42,53.02,53.58,82828408
18/08/2011,52.13,52.14,50.48,50.95,130016464
19/08/2011,50.42,51.67,49.99,50.03,96674512
22/08/2011,51.23,51.24,50.06,50.21,77107680
23/08/2011,50.55,52.28,50.34,52.28,75688384
24/08/2011,52.13,53.42,51.71,52.69,80197616
25/08/2011,52.66,52.91,51.65,51.83,93623640
26/08/2011,51.66,53.31,51.15,53.13,91573240
29/08/2011,53.66,54.67,53.64,54.61,45985744
30/08/2011,54.41,55.3,54.11,54.97,61617816
31/08/2011,55.3,55.74,54.6,55.06,60899244
01/09/2011,55.2,55.64,54.46,54.56,57158372
02/09/2011,53.58,54.61,52.99,53.28,58185104
06/09/2011,52.04,53.37,51.91,53.29,52992176
07/09/2011,54.05,54.65,53.9,54.64,48952120
08/09/2011,54.36,55.17,54.21,54.39,61422788
09/09/2011,54.01,54.24,52.85,53.18,63663480
12/09/2011,52.59,53.9,52.57,53.86,65972996
13/09/2011,54.06,54.69,53.8,54.58,59019984
14/09/2011,54.86,55.98,54.32,55.36,90757296
15/09/2011,55.96,56.28,55.39,56.18,83536088
16/09/2011,56.2,56.65,56.09,56.59,91901952
19/09/2011,55.89,56.91,55.43,56.61,73042832
20/09/2011,56.9,57.35,56.23,56.36,66570060
21/09/2011,56.65,56.93,55.37,55.38,79937992
22/09/2011,53.97,54.46,52.75,53.58,151885456
23/09/2011,53.13,54.38,53.09,54.15,85940568
26/09/2011,54.42,54.88,53.21,54.78,96260952
27/09/2011,55.71,56.2,54.98,55.35,81148488
28/09/2011,55.59,55.97,54.4,54.53,76757056
29/09/2011,55.36,55.43,52.97,53.88,116900120
30/09/2011,53.16,53.61,52.46,52.49,104957920
03/10/2011,52.02,52.85,51.11,51.14,99147912
04/10/2011,50.62,52.29,50.1,52.19,137011440
05/10/2011,52.06,53.68,51.66,53.53,108825696
06/10/2011,53.46,54.44,53.21,54.43,71939104
07/10/2011,54.4,54.66,53.72,54.07,72525200
10/10/2011,54.99,55.94,54.89,55.94,48229044
11/10/2011,55.79,56.46,55.7,56.32,66449088
12/10/2011,56.86,57.23,56.56,56.6,85627552
13/10/2011,56.49,57.19,56.43,57.12,63443628
14/10/2011,57.82,58.19,57.51,58.18,65643504
17/10/2011,57.91,58.09,56.97,57.28,65161280
18/10/2011,57.19,58.29,56.66,57.99,91434320
19/10/2011,57.67,57.85,56.68,56.87,67639312
20/10/2011,56.86,56.92,55.79,56.59,80378272
21/10/2011,57.19,57.66,56.78,57.3,60455688
24/10/2011,57.51,58.65,57.31,58.49,61449356
25/10/2011,58.3,58.32,57.22,57.34,65299180
26/10/2011,57.66,57.78,56.21,57.27,98193784
27/10/2011,58.64,59.2,58.03,58.85,104455432
28/10/2011,58.52,59.01,58.5,58.94,42949944
31/10/2011,58.43,58.64,57.91,57.95,60520136
01/11/2011,56.52,57.91,56.12,56.44,99932824
02/11/2011,57.03,57.16,56.38,56.92,65178760
03/11/2011,57.37,58.18,56.71,58.1,78994184
04/11/2011,57.82,58.05,57.22,57.8,61527708
07/11/2011,57.76,58.25,57.17,58.21,65541096
08/11/2011,58.63,58.98,57.97,58.88,62906880
09/11/2011,57.74,57.83,56.63,56.81,69538736
10/11/2011,57.37,57.42,56.23,56.78,66052380
11/11/2011,57.27,58.02,57.2,57.85,54470952
14/11/2011,57.71,58.01,57.28,57.49,44617600
15/11/2011,57.32,58.36,57.26,58.13,52203872
16/11/2011,57.71,58.16,57.06,57.17,68342576
17/11/2011,57.01,57.04,55.48,55.83,101706800
18/11/2011,55.84,55.9,55.3,55.4,60416984
21/11/2011,54.65,54.73,53.78,54.34,52289448
22/11/2011,54.17,54.68,53.87,54.52,51940088
23/11/2011,54.11,54.17,53.26,53.29,48467336
25/11/2011,53.06,53.67,52.87,52.88,25447856
28/11/2011,54.17,54.79,54.14,54.72,46710680
29/11/2011,54.69,55.1,54.22,54.38,52056612
30/11/2011,55.86,56.44,55.67,56.39,66918516
01/12/2011,56.38,56.93,56.35,56.78,45361472
02/12/2011,57.34,57.34,56.57,56.62,36938344
05/12/2011,57.47,57.62,56.92,57.24,40501884
06/12/2011,57.29,57.45,56.89,57.08,38669472
07/12/2011,56.92,57.34,56.35,57.08,44576160
08/12/2011,56.71,57.15,56.01,56.12,51692560
09/12/2011,56.26,57.19,56.24,57.02,55757852
12/12/2011,56.42,57.01,55.9,56.38,55411692
13/12/2011,56.75,56.98,55.53,55.76,68557656
14/12/2011,55.55,55.59,54.58,54.89,63682704
15/12/2011,55.36,55.42,54.66,54.74,58732816
16/12/2011,54.87,55.61,54.77,54.86,60978712
19/12/2011,55.07,55.2,54.17,54.32,46733812
20/12/2011,55.2,56,55.17,55.93,81758760
21/12/2011,55.6,55.64,54.49,55.13,78552016
22/12/2011,55.25,55.63,55.17,55.6,40334024
23/12/2011,55.71,56.08,55.58,56.08,26594530
27/12/2011,55.99,56.42,55.93,56.24,21443438
28/12/2011,56.17,56.26,55.44,55.59,38189532
29/12/2011,55.68,56.03,55.5,55.99,28077808
30/12/2011,55.87,56.12,55.82,55.83,21832344
03/01/2012,56.91,57.19,56.75,56.9,39512872
04/01/2012,56.81,57.22,56.56,57.14,29403364
05/01/2012,57.02,57.66,56.8,57.61,41260528
06/01/2012,57.62,57.94,57.4,57.81,46325172
09/01/2012,57.96,57.98,57.43,57.62,39195456
10/01/2012,58.23,58.41,57.64,58.04,35949856
11/01/2012,58.03,58.29,57.81,58.16,37144048
12/01/2012,58.29,58.47,57.86,58.39,26188208
13/01/2012,58.08,58.2,57.68,58.18,35985092
17/01/2012,58.69,58.96,58.49,58.71,41790748
18/01/2012,58.82,59.49,58.68,59.49,48692632
19/01/2012,59.73,59.97,59.65,59.86,47774416
20/01/2012,59.6,59.8,59.56,59.77,41050564
23/01/2012,59.78,60.21,59.44,59.79,40964632
24/01/2012,59.52,59.84,59.41,59.68,38440196
25/01/2012,60.26,60.58,59.83,60.43,61591784
26/01/2012,60.69,60.8,59.93,60.22,37852656
27/01/2012,60.09,60.51,60.06,60.4,45540388
30/01/2012,59.89,60.54,59.66,60.45,42797536
31/01/2012,60.75,60.86,60.14,60.53,51449600
01/02/2012,60.88,61.24,60.66,61.02,46146664
02/02/2012,61.22,61.41,60.97,61.21,46373512
03/02/2012,61.78,62.12,61.68,62.05,36453756
06/02/2012,61.82,62.02,61.66,62,28541034
07/02/2012,61.95,62.25,61.67,62.13,37935696
08/02/2012,62.16,62.46,61.91,62.46,41171072
09/02/2012,62.7,62.98,62.32,62.91,46856296
10/02/2012,62.46,62.64,62.25,62.47,58093568
13/02/2012,62.94,63.13,62.65,63.05,36810184
14/02/2012,62.91,63.22,62.69,63.21,51685260
15/02/2012,63.51,63.86,62.67,62.77,105708896
16/02/2012,62.79,63.7,62.63,63.63,83642232
17/02/2012,63.64,63.69,63.15,63.43,76112272
21/02/2012,63.5,63.89,63.21,63.61,38141236
22/02/2012,63.5,63.68,63.23,63.32,43174696
23/02/2012,63.41,63.81,63.09,63.74,54249256
24/02/2012,63.92,64.07,63.8,63.96,41369704
27/02/2012,63.61,64.26,63.33,64.05,42678420
28/02/2012,64.11,64.7,64.03,64.7,43727288
29/02/2012,64.75,64.96,64.2,64.41,59784392
01/03/2012,64.65,64.98,64.46,64.92,67558816
02/03/2012,64.83,65.08,64.66,64.87,33358160
05/03/2012,64.83,64.91,63.99,64.2,45788684
06/03/2012,63.57,63.72,63.23,63.57,54638584
07/03/2012,63.87,64.21,63.77,64.06,42741792
08/03/2012,64.44,64.94,64.3,64.75,43711012
09/03/2012,64.86,65.14,64.82,65.02,43117168
12/03/2012,65,65.11,64.72,65.05,32687292
13/03/2012,65.4,66.26,65.27,66.26,61558512
14/03/2012,66.33,66.74,66.08,66.49,59926892
15/03/2012,66.69,66.82,66.35,66.68,65531136
16/03/2012,66.67,66.67,66.36,66.52,53023028
19/03/2012,66.63,67.15,66.45,66.99,60966104
20/03/2012,66.64,67.18,66.46,67.11,47290548
21/03/2012,67.12,67.49,67.03,67.12,39648088
22/03/2012,66.72,67.14,66.68,66.98,56960468
23/03/2012,67.06,67.08,66.56,66.94,45547680
26/03/2012,67.39,68.11,67.33,68.11,40855240
27/03/2012,68.16,68.49,68.13,68.21,37278184
28/03/2012,68.25,68.51,67.54,67.94,44421856
29/03/2012,67.6,67.93,67.2,67.68,53975296
30/03/2012,67.98,68.02,67.28,67.55,39480224
02/04/2012,67.48,68.34,67.36,68.25,40031540
03/04/2012,68.3,68.55,67.85,68.23,45539656
04/04/2012,67.72,67.76,66.91,67.3,54087960
05/04/2012,67.18,67.78,67.13,67.72,42550808
09/04/2012,66.88,67.48,66.76,67.21,36908136
10/04/2012,67.18,67.44,65.92,66.13,69254192
11/04/2012,66.73,66.89,66.28,66.45,62949944
12/04/2012,66.56,67.28,66.48,67.21,57407344
13/04/2012,66.98,67.2,66.16,66.19,55227428
16/04/2012,66.52,66.56,65.24,65.45,57587272
17/04/2012,65.73,66.99,65.63,66.78,47362396
18/04/2012,66.59,67,66.41,66.61,42536008
19/04/2012,66.37,67.17,65.62,65.86,81110264
20/04/2012,66.22,66.51,65.58,65.68,59906832
23/04/2012,65.06,65.18,64.49,65.08,70514112
24/04/2012,64.96,65.23,64.45,64.73,49661432
25/04/2012,66.07,66.49,65.97,66.45,57526760
26/04/2012,66.44,66.99,66.35,66.84,41799492
27/04/2012,67.12,67.45,66.77,67.24,46012480
30/04/2012,67.04,67.17,66.71,66.76,37787624
01/05/2012,66.69,67.63,66.59,66.87,37643736
02/05/2012,66.54,67.11,66.38,67.06,38299220
03/05/2012,67.1,67.15,66.18,66.35,51307360
04/05/2012,65.74,66.35,64.69,64.7,107553920
07/05/2012,64.31,65.07,64.29,64.76,50266728
08/05/2012,64.35,64.74,63.48,64.52,72659688
09/05/2012,63.77,64.68,63.51,64.32,85715256
10/05/2012,64.61,64.63,63.95,64.19,49448872
11/05/2012,63.97,64.86,63.91,64.18,47106688
14/05/2012,63.63,64.08,63.48,63.58,46359984
15/05/2012,63.75,64.27,63.26,63.37,66908428
16/05/2012,63.59,63.78,62.81,62.94,52825896
17/05/2012,62.96,63.06,61.6,61.61,62253440
18/05/2012,61.8,61.96,60.76,60.81,79496448
21/05/2012,60.93,62.57,60.85,62.51,61471320
22/05/2012,62.69,62.95,61.99,62.44,62954724
23/05/2012,61.91,62.71,61.37,62.56,56951072
24/05/2012,62.65,62.71,61.69,62.15,83129560
25/05/2012,62.21,62.32,61.89,62.07,32082832
29/05/2012,62.65,63.15,62.28,62.86,44221456
30/05/2012,62.29,62.55,61.68,62.33,56431800
31/05/2012,62.25,62.41,61.59,62.06,55260020
01/06/2012,60.94,61.32,60.39,60.41,71430752
04/06/2012,60.58,60.96,60.04,60.87,74119320
05/06/2012,60.66,61.24,60.63,61.12,47916880
06/06/2012,61.58,62.57,61.52,62.52,58781188
07/06/2012,63.18,63.18,62.22,62.27,38414776
08/06/2012,62.17,62.95,61.96,62.87,39737100
11/06/2012,63.35,63.38,61.77,61.81,51008832
12/06/2012,62.1,62.59,61.68,62.56,48802600
13/06/2012,62.36,62.85,61.92,62.13,50841084
14/06/2012,62.12,62.61,61.8,62.36,65170504
15/06/2012,62.39,63.08,62.36,62.99,41536032
18/06/2012,62.73,63.74,62.63,63.58,32191112
19/06/2012,63.9,64.51,63.85,64.24,36476476
20/06/2012,64.38,64.57,63.81,64.29,51389680
21/06/2012,64.24,64.31,62.62,62.69,42492624
22/06/2012,62.9,63.43,62.73,63.35,29513100
25/06/2012,62.83,62.85,61.95,62.13,33136336
26/06/2012,62.34,62.7,62.06,62.52,30610734
27/06/2012,62.76,63.18,62.69,62.9,35705772
28/06/2012,62.43,62.47,61.54,62.2,49793384
29/06/2012,63.4,64.16,63.21,64.16,44765804
02/07/2012,64.25,64.38,63.87,64.35,33432708
03/07/2012,64.39,64.89,64.29,64.89,15895085
05/07/2012,64.83,65.25,64.48,64.93,37025560
06/07/2012,64.63,64.69,63.65,64.12,40684060
09/07/2012,64.05,64.26,63.68,64,35636976
10/07/2012,64.35,64.51,63.12,63.37,47365648
11/07/2012,63.29,63.46,62.5,63.02,43431952
12/07/2012,62.52,62.69,61.86,62.43,57680388
13/07/2012,62.6,63.52,62.56,63.38,32358948
16/07/2012,63.24,63.52,62.95,63.2,27623184
17/07/2012,63.6,63.74,62.63,63.53,42476968
18/07/2012,63.41,64.58,63.39,64.39,44489604
19/07/2012,64.84,65.31,64.72,65.1,53017704
20/07/2012,65.08,65.1,64.21,64.24,40572548
23/07/2012,62.99,63.68,62.51,63.46,48657616
24/07/2012,63.57,63.66,62.55,62.96,57269688
25/07/2012,62.47,62.95,62.15,62.54,46267404
26/07/2012,63.44,63.73,62.97,63.37,41934260
27/07/2012,63.83,64.99,63.64,64.87,42623492
30/07/2012,65.03,65.31,64.6,64.82,37821192
31/07/2012,64.92,65.18,64.74,64.8,34595376
01/08/2012,65.26,65.28,64.35,64.61,30919778
02/08/2012,64.12,65.02,63.91,64.38,40544548
03/08/2012,65.42,65.88,65.19,65.6,42122944
06/08/2012,65.94,66.39,65.8,66.1,23529616
07/08/2012,66.37,66.92,66.28,66.65,28222362
08/08/2012,66.48,66.76,66.37,66.62,20723496
09/08/2012,66.61,66.91,66.49,66.82,20726184
10/08/2012,66.58,66.88,66.41,66.86,20320924
13/08/2012,66.84,67.03,66.5,67.02,19890256
14/08/2012,67.27,67.41,66.86,67.05,24218672
15/08/2012,67,67.32,66.99,67.22,29110348
16/08/2012,67.47,68.17,67.39,68.02,35706444
17/08/2012,68.17,68.33,68.01,68.32,22584724
20/08/2012,68.27,68.43,68,68.42,26923940
21/08/2012,68.6,68.88,67.88,68.15,41390936
22/08/2012,68,68.56,67.81,68.43,44555656
23/08/2012,68.12,68.34,67.69,67.87,28802214
24/08/2012,67.71,68.45,67.6,68.29,38384752
27/08/2012,68.58,68.67,68.25,68.4,20671324
28/08/2012,68.34,68.58,68.11,68.4,27337854
29/08/2012,68.4,68.57,68.11,68.4,26674508
30/08/2012,68.1,68.13,67.6,67.71,24430940
31/08/2012,68.2,68.45,67.47,68.16,42127928
04/09/2012,68.03,68.35,67.42,68.09,32017184
05/09/2012,68.06,68.35,67.84,68.02,26133788
06/09/2012,68.44,69.55,68.42,69.53,43099508
07/09/2012,69.37,69.55,69.23,69.43,32966134
10/09/2012,69.25,69.4,68.49,68.54,25489972
11/09/2012,68.55,68.82,68.32,68.43,29810086
12/09/2012,68.68,68.81,68.21,68.63,42212156
13/09/2012,68.69,69.86,68.62,69.56,45417792
14/09/2012,69.81,70.43,69.79,70.18,38888048
17/09/2012,70.22,70.24,69.96,70.21,31798336
18/09/2012,70.03,70.3,70.02,70.27,27169768
19/09/2012,70.26,70.58,70.06,70.4,36484572
20/09/2012,70.06,70.4,69.87,70.33,42523444
21/09/2012,70.48,70.54,70.08,70.15,23681208
24/09/2012,69.57,69.86,69.42,69.74,32341548
25/09/2012,69.92,70.08,68.73,68.76,41308852
26/09/2012,68.67,68.71,67.85,68.2,32770372
27/09/2012,68.37,69.3,68.25,69.14,25339432
28/09/2012,68.91,69.12,68.51,68.57,30116096
01/10/2012,68.9,69.33,68.25,68.47,37715208
02/10/2012,68.77,68.98,68.13,68.67,33254268
03/10/2012,68.86,69.24,68.59,69.11,38235964
04/10/2012,69.22,69.54,69,69.35,26128544
05/10/2012,69.7,69.8,68.8,68.98,25207826
08/10/2012,68.57,68.72,68.19,68.35,30911410
09/10/2012,68.14,68.34,67.1,67.26,67973912
10/10/2012,67.24,67.43,66.8,66.92,45134296
11/10/2012,67.42,67.47,66.67,66.71,30476076
12/10/2012,66.7,67.06,66.55,66.68,24894928
15/10/2012,66.93,67.26,66.53,67.17,22220004
16/10/2012,67.27,68.2,67.25,68.12,33960300
17/10/2012,67.77,68.3,67.68,68.08,33439368
18/10/2012,67.86,68.08,67.04,67.29,61706324
19/10/2012,67.21,67.27,65.6,65.68,75362600
22/10/2012,65.65,66.19,65.5,66.02,38621408
23/10/2012,65.48,65.95,65.19,65.39,52598740
24/10/2012,65.74,65.87,65.06,65.16,39872376
25/10/2012,65.63,65.72,64.97,65.16,52688680
26/10/2012,65.16,65.62,64.65,65.35,54222196
31/10/2012,65.27,65.39,64.73,64.95,38524480
01/11/2012,65.36,66,65.17,65.87,26944932
02/11/2012,66.17,66.21,65.11,65.17,44082996
05/11/2012,65.18,65.73,65.04,65.6,28104128
06/11/2012,65.71,66.17,65.46,65.72,29608306
07/11/2012,65.02,65.1,63.9,64.17,70737600
08/11/2012,64.35,64.5,63.16,63.16,58585720
09/11/2012,63.2,64.11,63.16,63.43,51549536
12/11/2012,63.8,63.87,63.25,63.42,32663656
13/11/2012,62.93,63.58,62.78,62.98,43287628
14/11/2012,63.29,63.36,62.14,62.24,82655216
15/11/2012,62.28,62.49,61.8,62.03,55124160
16/11/2012,62.08,62.48,61.31,62.3,70868024
19/11/2012,62.98,63.83,62.96,63.78,55306380
20/11/2012,63.76,63.89,63.19,63.8,52012656
21/11/2012,63.87,64.02,63.6,63.93,19620058
23/11/2012,64.29,64.92,64.25,64.9,16462833
26/11/2012,64.74,65.22,64.54,65.18,26430884
27/11/2012,65.17,65.4,64.85,64.96,25828580
28/11/2012,64.65,65.57,64.25,65.52,37295780
29/11/2012,65.87,66.14,65.58,65.91,41135812
30/11/2012,65.94,65.97,65.61,65.8,33502042
03/12/2012,66.31,66.37,65.64,65.67,28239968
04/12/2012,65.7,65.77,65.2,65.63,49671700
05/12/2012,65.53,65.54,64.55,64.9,54076124
06/12/2012,64.7,65.48,64.53,65.32,47519072
07/12/2012,65.64,65.71,64.71,64.93,30092666
10/12/2012,64.75,65.46,64.75,65.12,33219548
11/12/2012,65.57,66.34,65.52,65.97,40750800
12/12/2012,66.32,66.32,65.65,65.83,45917672
13/12/2012,65.7,66.16,65.03,65.31,45467640
14/12/2012,64.87,65.08,64.47,64.69,39630252
17/12/2012,64.75,65.57,64.66,65.55,42302840
18/12/2012,65.88,66.65,65.7,66.55,55595996
19/12/2012,66.74,66.76,66.22,66.26,34832444
20/12/2012,66.38,66.41,65.93,66.26,40754272
21/12/2012,64.88,65.28,64.6,65.2,51144552
24/12/2012,65.03,65.14,64.92,65.07,11418232
26/12/2012,65.12,65.18,64.29,64.5,21760846
27/12/2012,64.56,64.64,63.6,64.4,52943136
28/12/2012,63.91,64.43,63.75,63.78,33082054
31/12/2012,63.71,65.25,63.58,65.13,57553096
02/01/2013,66.73,67.23,66.48,67.2,70695888
03/01/2013,67.19,67.34,66.65,66.85,47366436
04/01/2013,66.88,66.88,66.47,66.63,33973328
07/01/2013,66.45,66.76,66.25,66.65,26766190
08/01/2013,66.64,66.82,66.17,66.52,28743940
09/01/2013,66.62,66.95,66.55,66.77,25609172
10/01/2013,67.23,67.27,66.55,67.17,37534252
11/01/2013,67.14,67.29,67,67.26,21160468
14/01/2013,66.92,67.15,66.67,66.96,36777292
15/01/2013,66.63,66.73,66.33,66.63,31675276
16/01/2013,66.72,67.13,66.6,66.9,33828120
17/01/2013,67.17,67.48,67.06,67.22,32030740
18/01/2013,67.02,67.14,66.77,67.07,31991952
22/01/2013,67.14,67.23,66.73,67.18,32123006
23/01/2013,67.56,67.79,67.46,67.59,31977406
24/01/2013,66.66,67.28,66.56,66.66,42603380
25/01/2013,66.87,67.19,66.74,67,39248728
28/01/2013,67.01,67.38,66.93,67.15,32933928
29/01/2013,67.07,67.31,66.63,67.16,35554608
30/01/2013,67.28,67.48,66.87,67.02,34444952
31/01/2013,66.99,67.35,66.81,66.87,34870424
01/02/2013,67.34,67.78,67.07,67.66,53124520
04/02/2013,67.27,67.46,66.46,66.48,48483692
05/02/2013,66.77,67.67,66.61,67.46,35129984
06/02/2013,67.24,67.55,67.04,67.24,43595136
07/02/2013,67.32,67.37,66.56,67.3,46011204
08/02/2013,67.64,68.13,67.63,67.99,39845724
11/02/2013,68.03,68.06,67.78,68.01,17650348
12/02/2013,67.92,68.05,67.66,67.73,22061318
13/02/2013,67.93,68.23,67.77,67.97,23497142
14/02/2013,67.66,68.05,67.62,67.95,24482424
15/02/2013,67.94,68.11,67.56,67.75,25334048
19/02/2013,67.88,68.26,67.86,68.24,23433248
20/02/2013,68.22,68.25,67.18,67.19,38200240
21/02/2013,66.94,67.01,66.23,66.47,45855576
22/02/2013,66.85,67.15,66.59,67.14,21969534
25/02/2013,67.57,67.81,66.25,66.31,40927524
26/02/2013,66.4,66.68,65.96,66.56,42088740
27/02/2013,66.56,67.65,66.47,67.24,36339456
28/02/2013,67.25,67.74,67.09,67.1,28557148
01/03/2013,66.87,67.5,66.54,67.38,31617692
04/03/2013,67.16,67.69,67.07,67.68,19380446
05/03/2013,68.08,68.77,68.08,68.68,35589440
06/03/2013,68.89,68.91,68.42,68.51,29070972
07/03/2013,68.59,68.8,68.45,68.69,21775876
08/03/2013,68.92,69.02,68.5,68.77,26162116
11/03/2013,68.68,68.99,68.47,68.97,23194120
12/03/2013,68.77,68.93,68.39,68.72,27579252
13/03/2013,68.81,68.89,68.39,68.63,34297272
14/03/2013,68.87,69.01,68.71,68.86,31537684
15/03/2013,68.75,68.79,68.34,68.51,30743672
18/03/2013,67.88,68.64,67.73,68.36,36164492
19/03/2013,68.57,68.7,67.62,68.23,33134570
20/03/2013,68.71,68.86,68.39,68.71,28035338
21/03/2013,68.08,68.25,67.77,67.93,30050788
22/03/2013,68.21,68.64,68.13,68.59,28838416
25/03/2013,68.81,68.96,68.01,68.34,24909752
26/03/2013,68.6,68.73,68.45,68.71,19734744
27/03/2013,68.24,68.85,68.14,68.8,22539424
28/03/2013,68.8,69.06,68.64,68.97,23669800
01/04/2013,69.02,69.09,68.31,68.5,28118836
02/04/2013,68.83,69.27,68.77,69.04,29431878
03/04/2013,69.08,69.18,68.24,68.41,35131104
04/04/2013,68.38,68.6,68.06,68.43,32287368
05/04/2013,67.35,67.96,67.19,67.86,55613276
08/04/2013,67.89,68.24,67.69,68.22,17898516
09/04/2013,68.4,68.96,68.09,68.68,30931360
10/04/2013,68.92,70.17,68.88,70.02,55271264
11/04/2013,69.85,70.15,69.77,69.99,37238268
12/04/2013,69.82,69.99,69.41,69.94,32791330
15/04/2013,69.65,69.79,68.48,68.56,48795788
16/04/2013,68.95,69.55,68.81,69.47,27682570
17/04/2013,68.87,68.89,67.71,68.11,60204792
18/04/2013,68.29,68.33,66.88,67.17,56798120
19/04/2013,67.3,68.23,67.2,68.09,43066868
22/04/2013,68.33,69.04,68.08,68.79,34412088
23/04/2013,69.18,69.7,68.82,69.45,53078216
24/04/2013,69.28,69.67,69.12,69.42,44500628
25/04/2013,69.6,70.05,69.59,69.79,26437042
26/04/2013,69.62,69.77,69.27,69.57,24083912
29/04/2013,69.79,70.48,69.76,70.21,31663920
30/04/2013,70.3,70.73,70.04,70.72,30146326
01/05/2013,70.74,70.85,70.25,70.39,28539538
02/05/2013,70.51,71.43,70.45,71.28,31744162
03/05/2013,71.97,72.34,71.91,72.12,34061652
06/05/2013,72.25,72.51,72.19,72.4,19244276
07/05/2013,72.52,72.57,72.09,72.36,25838016
08/05/2013,72.32,72.77,72.2,72.71,24257984
09/05/2013,72.57,73.1,72.47,72.61,29344426
10/05/2013,72.76,73.08,72.63,73.05,20663682
13/05/2013,72.93,73.32,72.86,73.14,29730022
14/05/2013,73.16,73.74,73.13,73.52,36017632
15/05/2013,73.38,73.74,73.2,73.67,27214312
16/05/2013,73.73,74.1,73.55,73.59,27253366
17/05/2013,73.97,74.33,73.73,74.3,31117108
20/05/2013,74.16,74.43,73.89,74.19,25135782
21/05/2013,74.15,74.54,73.89,74.27,25899968
22/05/2013,74.36,74.95,73.24,73.62,59843164
23/05/2013,72.97,73.7,72.83,73.45,48229436
24/05/2013,72.96,73.43,72.76,73.41,26435956
28/05/2013,74.27,74.54,73.66,73.89,27065808
29/05/2013,73.6,73.8,73.12,73.54,32095596
30/05/2013,73.57,74.28,73.55,73.93,32390460
31/05/2013,73.66,74.21,73.17,73.25,38354676
03/06/2013,73.26,73.4,72.43,73.38,47613032
04/06/2013,73.53,73.82,72.7,73,35256036
05/06/2013,72.76,73.04,71.99,72.05,48654172
06/06/2013,72.15,72.41,71.47,72.4,62524008
07/06/2013,72.7,73.47,72.52,73.39,31971148
10/06/2013,73.53,73.76,73.26,73.42,25393168
11/06/2013,72.69,73.34,72.44,72.69,40281420
12/06/2013,73.11,73.14,71.74,71.85,42081832
13/06/2013,71.75,72.92,71.55,72.76,28230372
14/06/2013,72.76,72.84,72.17,72.28,27697014
17/06/2013,72.85,73.4,72.6,72.98,32443498
18/06/2013,73.08,73.72,73.06,73.58,24861268
19/06/2013,73.6,73.68,72.68,72.76,43145076
20/06/2013,71.92,72.16,70.79,71.03,60908388
21/06/2013,70.78,70.97,69.84,70.43,51565552
24/06/2013,69.85,70.27,69.15,69.73,41492208
25/06/2013,70.4,70.52,69.81,70.24,28897388
26/06/2013,70.84,71,70.59,70.87,23746656
27/06/2013,71.24,71.62,71.13,71.17,23546416
28/06/2013,70.95,71.69,70.79,71.27,28301066
01/07/2013,71.75,72.3,71.64,71.71,24951288
02/07/2013,71.68,72.18,71.35,71.74,23069566
03/07/2013,71.48,72.37,71.42,72.03,18847424
05/07/2013,72.44,72.61,71.86,72.58,28795992
08/07/2013,72.96,72.99,72.38,72.65,20563730
09/07/2013,72.99,73.25,72.65,73.09,26115188
10/07/2013,73.02,73.62,72.98,73.51,25598894
11/07/2013,74.3,75.03,74.25,74.97,47777676
12/07/2013,75.03,75.35,74.82,75.3,31417850
15/07/2013,75.38,75.52,75.17,75.47,19790966
16/07/2013,75.53,75.59,75.18,75.37,31747092
17/07/2013,75.6,75.74,75.35,75.56,24631496
18/07/2013,75.55,75.74,75.25,75.37,36278800
19/07/2013,74.72,74.74,74.37,74.59,37734064
22/07/2013,74.91,74.98,74.58,74.81,21135860
23/07/2013,74.95,74.96,74.2,74.26,24748780
24/07/2013,74.99,75.02,74.33,74.5,24426804
25/07/2013,74.85,75.06,74.46,74.97,23167338
26/07/2013,74.67,75.38,74.55,75.37,20885522
29/07/2013,75.22,75.54,75.03,75.23,20970308
30/07/2013,75.5,75.95,75.35,75.63,24104508
31/07/2013,75.78,76.21,75.63,75.77,25007600
01/08/2013,76.29,76.65,76.21,76.54,16879932
02/08/2013,76.55,76.99,76.38,76.97,18105230
05/08/2013,76.9,77.08,76.78,77.02,15462781
06/08/2013,76.93,76.99,76.25,76.56,23680564
07/08/2013,76.34,76.57,75.87,76.42,20281126
08/08/2013,76.84,76.98,76.3,76.8,19993946
09/08/2013,76.67,76.94,76.27,76.49,18569820
12/08/2013,76.2,76.81,76.19,76.67,20515862
13/08/2013,76.77,77.27,76.22,77.1,23916974
14/08/2013,77.07,77.18,76.7,76.81,29920960
15/08/2013,75.95,75.99,75.29,75.51,39406560
16/08/2013,75.52,75.87,75.35,75.49,23824932
19/08/2013,75.49,76.13,75.33,75.35,29586812
20/08/2013,75.49,76.03,75.43,75.68,18842748
21/08/2013,75.44,76.09,75.14,75.42,30705084
22/08/2013,75.75,76.21,75.71,76.16,17269464
23/08/2013,76.7,76.77,76.4,76.67,20697258
26/08/2013,76.73,77.28,76.55,76.71,27525408
27/08/2013,75.8,76.18,74.96,75.14,40068872
28/08/2013,75.05,75.75,75.05,75.43,20490380
29/08/2013,75.41,76.34,75.3,75.96,27287900
30/08/2013,76.04,76.04,75.2,75.47,26228460
03/09/2013,76.09,76.44,75.54,75.9,27241432
04/09/2013,76.16,76.84,75.93,76.71,27142882
05/09/2013,76.76,77.06,76.73,76.84,17815364
06/09/2013,77.1,77.34,76.05,76.93,27724536
09/09/2013,77.26,77.96,77.23,77.83,25161868
10/09/2013,78.28,78.32,77.92,78.21,27619372
11/09/2013,77.69,78.11,77.59,78.06,28138594
12/09/2013,78.08,78.25,77.85,78.01,18332688
13/09/2013,78.09,78.14,77.64,78.06,16932448
16/09/2013,78.72,78.72,77.67,77.85,25909886
17/09/2013,78.02,78.47,77.98,78.37,27182212
18/09/2013,78.49,79.47,78.33,79.31,31714662
19/09/2013,79.56,79.68,79.36,79.5,26435608
20/09/2013,79.45,79.54,78.95,78.99,26328830
23/09/2013,79.32,79.41,78.46,78.83,30319396
24/09/2013,79,79.25,78.57,78.83,21875702
25/09/2013,78.89,79,78.4,78.56,22746396
26/09/2013,78.88,79.36,78.85,79.17,22421656
27/09/2013,78.71,79.21,78.59,79.07,25151520
30/09/2013,78.25,79.09,78,78.88,28031856
01/10/2013,78.89,79.72,78.85,79.68,33129746
02/10/2013,79.14,79.76,79.06,79.65,25503752
03/10/2013,79.55,79.72,78.3,78.72,42998196
04/10/2013,78.72,79.51,78.65,79.4,22854266
07/10/2013,78.7,79.35,78.67,78.74,20234684
08/10/2013,78.74,78.81,77.19,77.22,43660688
09/10/2013,77.4,77.44,76.35,76.98,64526696
10/10/2013,77.81,78.79,77.79,78.61,48062720
11/10/2013,78.41,79.29,78.4,79.23,25214124
14/10/2013,78.75,79.79,78.68,79.79,31471884
15/10/2013,79.73,80.11,79.38,79.48,38683992
16/10/2013,79.85,80.42,79.79,80.38,46735860
17/10/2013,80.02,80.87,79.95,80.84,32193534
18/10/2013,81.58,82.18,81.35,82.15,39628220
21/10/2013,82.34,82.54,82.07,82.33,31176938
22/10/2013,82.65,82.9,81.93,82.45,43944820
23/10/2013,82.05,82.2,81.55,81.95,38021280
24/10/2013,82,82.48,81.88,82.31,23155090
25/10/2013,83.08,83.28,82.5,82.9,35832380
28/10/2013,82.91,83.05,82.55,82.92,28618376
29/10/2013,83.2,83.26,82.7,83.06,36878064
30/10/2013,83.35,83.49,82.58,82.98,33535470
31/10/2013,82.77,83.3,82.48,82.79,31309908
01/11/2013,83.07,83.17,82.4,82.81,30873164
04/11/2013,83.06,83.07,82.64,82.93,16843634
05/11/2013,82.61,83.22,82.37,83.02,27975600
06/11/2013,83.37,83.4,82.73,83,25576806
07/11/2013,83.01,83.13,81.37,81.44,52173216
08/11/2013,81.74,82.56,81.51,82.54,31480520
11/11/2013,82.42,82.64,82.14,82.41,24822944
12/11/2013,82.16,82.66,82.12,82.54,20108526
13/11/2013,82,83.55,82,83.54,31345888
14/11/2013,83.32,83.86,83.14,83.8,31101156
15/11/2013,83.82,83.96,83.61,83.96,20515760
18/11/2013,83.94,84.11,82.98,83.14,31679608
19/11/2013,83.09,83.49,82.76,82.9,25545292
20/11/2013,83.12,83.43,82.46,82.7,32177418
21/11/2013,83.05,83.61,82.98,83.54,28125024
22/11/2013,83.68,84.02,83.62,83.99,25361272
25/11/2013,84.29,84.38,83.98,84.19,21699976
26/11/2013,84.21,84.84,84.03,84.63,26629288
27/11/2013,84.8,85.24,84.73,85.22,21638074
29/11/2013,85.56,85.84,85.47,85.73,16708898
02/12/2013,85.82,85.96,85.35,85.48,26354620
03/12/2013,85.4,85.64,85.08,85.41,37154264
04/12/2013,85.05,85.77,84.78,85.49,37193220
05/12/2013,85.56,85.66,85.17,85.38,39829336
06/12/2013,86.1,86.18,85.59,86,36842888
09/12/2013,86.35,86.53,86.2,86.35,22599904
10/12/2013,86.21,86.45,86.12,86.29,26965928
11/12/2013,86.28,86.4,85.06,85.18,36830564
12/12/2013,85.21,85.42,84.9,84.96,33662596
13/12/2013,85.36,85.4,84.71,84.85,34075416
16/12/2013,85.27,85.81,85.21,85.32,24908324
17/12/2013,85.34,85.53,84.99,85.15,24454892
18/12/2013,85.25,86.22,84.05,86.14,68387232
19/12/2013,86,86.01,85.52,85.9,46489556
20/12/2013,85.79,86.68,85.73,86.5,40475436
23/12/2013,87.21,87.41,86.95,87.41,28181764
24/12/2013,87.43,87.51,87.27,87.45,13852475
26/12/2013,87.61,87.81,87.44,87.74,15241096
27/12/2013,87.85,87.9,87.41,87.52,15831962
30/12/2013,87.39,87.51,87.14,87.39,18985622
31/12/2013,87.55,87.96,87.52,87.96,24896064
02/01/2014,87.56,87.58,87.02,87.27,29190009
03/01/2014,87.27,87.35,86.62,86.64,35727317
06/01/2014,86.66,86.76,86,86.32,32092437
07/01/2014,86.72,87.25,86.56,87.12,25913225
08/01/2014,87.14,87.55,86.95,87.31,27209991
09/01/2014,87.63,87.64,86.72,87.02,23695690
10/01/2014,87.23,87.4,86.58,87.3,38012069
13/01/2014,87.17,87.48,85.68,86.01,48855231
14/01/2014,86.3,87.72,86.3,87.65,37194076
15/01/2014,88.03,88.54,87.94,88.37,39859705
16/01/2014,88.3,88.51,88.16,88.38,34260219
17/01/2014,88.11,88.37,87.67,87.88,36908236
21/01/2014,88.44,88.59,87.81,88.55,26432336
22/01/2014,88.78,89,88.52,88.78,29425432
23/01/2014,88.51,88.52,87.86,88.48,35077428
24/01/2014,88.05,88.18,86.71,86.74,64334902
27/01/2014,86.74,86.89,85.25,85.9,63676475
28/01/2014,85.5,85.94,85.31,85.85,44439554
29/01/2014,85.11,85.74,84.76,84.93,52064566
30/01/2014,85.97,86.8,85.88,86.5,66863622
31/01/2014,85.54,86.68,85.45,86.27,45196915
03/02/2014,86.11,86.5,84.07,84.29,65617206
04/02/2014,84.72,85.25,84.46,84.91,37801215
05/02/2014,84.63,84.99,83.74,84.69,41969204
06/02/2014,84.94,85.88,84.92,85.77,32338053
07/02/2014,86.25,87.36,86,87.3,38467242
10/02/2014,87.27,87.84,87.21,87.8,30225157
11/02/2014,87.99,88.97,87.89,88.8,38682035
12/02/2014,88.98,89.17,88.7,88.97,32533008
13/02/2014,88.32,89.7,88.3,89.63,40492842
14/02/2014,89.6,90.01,89.33,89.81,34086390
18/02/2014,89.96,90.42,89.74,90.25,29614391
19/02/2014,90.08,90.29,89.45,89.63,41775267
20/02/2014,89.69,90.22,89.31,90.05,41833212
21/02/2014,90.34,90.47,89.82,89.93,31221745
24/02/2014,90.14,90.82,90.04,90.41,31517522
25/02/2014,90.54,90.72,90.02,90.31,27464711
26/02/2014,90.55,90.84,89.87,90.23,42968334
27/02/2014,89.88,90.53,89.73,90.44,28750313
28/02/2014,90.42,90.96,89.54,90.34,48623159
03/03/2014,89.49,89.91,88.87,89.67,38946845
04/03/2014,90.65,90.98,90.56,90.81,33213909
05/03/2014,90.96,91.22,90.77,91.06,27220604
06/03/2014,91.27,91.34,90.65,90.98,24086220
07/03/2014,91.32,91.36,90.07,90.53,31174837
10/03/2014,90.48,90.66,90.03,90.61,18138198
11/03/2014,90.83,91.06,89.95,90.22,27505046
12/03/2014,89.81,90.61,89.48,90.56,27997215
13/03/2014,90.9,90.93,88.87,89.28,48541951
14/03/2014,88.99,89.38,88.63,88.67,38738769
17/03/2014,89.24,89.91,89.19,89.45,28476800
18/03/2014,89.56,90.64,89.53,90.53,31250235
19/03/2014,90.56,90.66,89.45,90.04,40869371
20/03/2014,89.76,90.56,89.58,90.29,31634538
21/03/2014,90.6,90.65,88.83,89,62812715
24/03/2014,89.32,89.39,87.41,88.22,77735313
25/03/2014,88.68,89.25,87.77,88.51,41723335
26/03/2014,88.95,89.15,87.36,87.37,40930442
27/03/2014,87.25,87.64,86.4,86.88,64784488
28/03/2014,87.16,88.01,86.81,87.05,39895065
31/03/2014,87.73,88.26,87.62,87.67,33924297
01/04/2014,88.08,89.27,87.71,89.21,38683837
02/04/2014,89.58,89.68,89.04,89.44,34631615
03/04/2014,89.53,89.68,88.22,88.73,30319074
04/04/2014,89.32,89.41,86.14,86.37,131213229
07/04/2014,85.83,86.63,84.95,85.55,83995771
08/04/2014,85.65,86.46,85.35,86.34,51495650
09/04/2014,86.66,87.87,86.43,87.82,45685231
10/04/2014,87.88,87.88,84.86,85.1,73659615
11/04/2014,84.33,85.44,83.91,84.11,93657425
14/04/2014,84.86,85.22,83.99,84.77,46500747
15/04/2014,85.08,85.54,83.28,85.05,84631517
16/04/2014,85.79,86.18,85.09,86.18,46970899
17/04/2014,85.85,86.63,85.63,86.2,53719454
21/04/2014,86.4,86.84,86,86.84,25947923
22/04/2014,87.14,87.75,86.99,87.53,38593408
23/04/2014,87.53,87.56,86.71,86.76,34376729
24/04/2014,88.19,88.21,86.65,87.59,48926264
25/04/2014,87.07,87.17,85.98,86.19,44341588
28/04/2014,86.6,87.11,85.11,86.47,58623796
29/04/2014,86.73,87.32,86.31,87.16,36742661
30/04/2014,86.76,87.48,86.54,87.39,38689408
01/05/2014,87.53,88.15,87.31,87.65,37127219
02/05/2014,87.95,88.11,87.28,87.49,40074150
05/05/2014,86.97,87.97,86.76,87.95,27924376
06/05/2014,87.81,87.86,86.77,86.81,33698549
07/05/2014,86.99,87.08,85.53,86.56,67489143
08/05/2014,86.25,87.53,86.05,86.48,46556871
09/05/2014,86.43,86.86,85.85,86.8,35081529
12/05/2014,87.32,88.26,87.24,88.23,38951060
13/05/2014,88.31,88.61,88.12,88.29,30311862
14/05/2014,88.02,88.35,87.62,87.83,26483571
15/05/2014,87.81,87.96,86.58,87.14,59680284
16/05/2014,87.24,87.76,86.64,87.71,66807315
19/05/2014,87.45,88.46,87.3,88.32,32017036
20/05/2014,88.28,88.6,87.64,88,33715953
21/05/2014,88.13,88.89,88.11,88.84,36837678
22/05/2014,88.94,89.48,88.8,89.23,30617089
23/05/2014,89.32,89.9,89.12,89.88,22691254
27/05/2014,90.28,91.02,90.2,91,29725231
28/05/2014,90.97,91.1,90.65,90.72,30478074
29/05/2014,91.04,91.31,90.86,91.3,33036099
30/05/2014,91.32,91.45,90.83,91.31,29916899
02/06/2014,91.42,91.44,90.64,91.22,30415405
03/06/2014,90.92,91.33,90.8,91.18,21783686
04/06/2014,90.95,91.67,90.81,91.52,20128261
05/06/2014,91.6,92.46,91.29,92.29,35583055
06/06/2014,92.63,92.82,92.45,92.82,22680643
09/06/2014,92.84,92.98,92.5,92.75,23402469
10/06/2014,92.67,92.96,92.56,92.91,20635286
11/06/2014,92.59,93.02,92.5,92.89,22884331
12/06/2014,92.69,92.79,91.73,92.05,35275853
13/06/2014,92.45,92.55,91.92,92.32,39449997
16/06/2014,92.16,92.67,91.96,92.4,25218557
17/06/2014,92.33,92.7,92.18,92.45,19984787
18/06/2014,92.54,93.1,91.98,92.97,34514013
19/06/2014,93.11,93.17,92.49,92.91,38427402
20/06/2014,92.7,92.87,92.53,92.77,25897494
23/06/2014,92.76,92.82,92.51,92.79,20837926
24/06/2014,92.78,93.57,92.43,92.7,31945762
25/06/2014,92.49,93.45,92.48,93.29,32818591
26/06/2014,93.35,93.36,92.62,93.34,22572172
27/06/2014,93.22,93.77,93.19,93.75,22881506
30/06/2014,93.73,94.14,93.67,93.91,19764915
01/07/2014,94.24,95.19,94.2,94.94,31862487
02/07/2014,95,95.24,94.91,95.1,18784391
03/07/2014,95.41,95.7,95.15,95.7,15291700
07/07/2014,95.59,95.71,95.23,95.41,23266428
08/07/2014,95.23,95.3,93.87,94.26,40612448
09/07/2014,94.51,95.07,94.24,94.96,29928322
10/07/2014,93.74,95.05,93.63,94.66,44250020
11/07/2014,94.9,95.27,94.61,95.27,19570393
14/07/2014,95.7,96.06,95.54,95.84,19579041
15/07/2014,95.99,96.13,94.83,95.51,39480119
16/07/2014,96.2,96.3,95.79,95.89,22061998
17/07/2014,95.63,95.97,94.32,94.62,43111514
18/07/2014,95.11,96.17,95,96.12,36690832
21/07/2014,95.92,96.16,95.55,96,29754810
22/07/2014,96.45,96.76,96.35,96.61,25770404
23/07/2014,96.95,97.34,96.77,97.23,28947464
24/07/2014,97.4,97.51,96.98,97.12,24707180
25/07/2014,96.62,96.87,96.23,96.74,29903633
28/07/2014,96.84,97.02,96.02,96.77,25603360
29/07/2014,96.98,97.2,96.52,96.6,27022232
30/07/2014,97.14,97.32,96.6,96.98,35348519
31/07/2014,96.18,96.34,94.88,95.02,50047926
01/08/2014,94.82,95.34,94.04,94.67,60707990
04/08/2014,94.87,95.69,94.52,95.32,33230537
05/08/2014,94.96,95.21,94.15,94.59,50331066
06/08/2014,94,95.11,93.92,94.52,34431913
07/08/2014,94.96,95.14,93.89,94.22,33274669
08/08/2014,94.37,95.01,93.97,94.9,40238383
11/08/2014,95.27,95.76,95.2,95.46,28283279
12/08/2014,95.36,95.67,94.93,95.42,28158723
13/08/2014,95.81,96.47,95.76,96.43,27996489
14/08/2014,96.56,96.95,96.43,96.93,25006602
15/08/2014,97.49,97.63,96.48,97.4,55205490
18/08/2014,97.91,98.24,97.77,98.15,38938349
19/08/2014,98.38,98.76,98.32,98.7,21363394
20/08/2014,98.62,98.9,98.53,98.7,23435596
21/08/2014,98.75,98.95,98.6,98.9,19339477
22/08/2014,98.94,99.25,98.72,99.05,24699453
25/08/2014,99.55,99.68,99.16,99.4,24124718
26/08/2014,99.55,99.61,99.27,99.5,20100350
27/08/2014,99.53,99.64,99.31,99.52,15595925
28/08/2014,99.18,99.53,99.08,99.41,23563850
29/08/2014,99.63,99.91,99.27,99.78,17912339
02/09/2014,100.02,100.1,99.66,100.07,18331922
03/09/2014,100.34,100.34,99.3,99.48,25950656
04/09/2014,99.71,100.22,99.14,99.39,24663511
05/09/2014,99.54,99.95,99.03,99.89,30805767
08/09/2014,99.92,100.33,99.62,100.08,25581202
09/09/2014,100.09,100.46,99.06,99.25,36449189
10/09/2014,99.38,100.11,99.1,100.07,31080115
11/09/2014,99.64,100.04,99.24,99.99,28761940
12/09/2014,99.87,99.93,99.17,99.48,30445999
15/09/2014,99.59,99.6,98.22,98.52,32972159
16/09/2014,98.16,99.57,98.05,99.38,38166920
17/09/2014,99.37,100,98.93,99.53,37206375
18/09/2014,99.83,100.29,99.73,100.28,30196722
19/09/2014,100.46,100.56,99.58,99.98,46923054
22/09/2014,99.74,99.75,98.62,99.05,48658049
23/09/2014,98.67,99.22,98.58,98.78,33989583
24/09/2014,98.87,99.89,98.54,99.84,35958950
25/09/2014,99.53,99.65,97.7,97.74,68642547
26/09/2014,98.05,98.96,97.89,98.78,56109106
29/09/2014,97.8,98.92,97.75,98.65,33342673
30/09/2014,98.92,99.3,98.32,98.79,41834324
01/10/2014,98.54,98.61,96.9,97.21,58164861
02/10/2014,97.19,97.51,95.97,97.21,54501347
03/10/2014,97.76,98.57,97.44,98.17,41627772
06/10/2014,98.47,98.72,97.66,97.96,36038687
07/10/2014,97.49,97.78,96.56,96.57,45153968
08/10/2014,96.66,98.76,96.06,98.45,64931636
09/10/2014,98.33,98.57,96.71,96.86,62497086
10/10/2014,96.29,96.83,94.42,94.44,77579425
13/10/2014,94.29,94.99,92.88,92.96,80835922
14/10/2014,93.6,94.17,92.71,92.97,71814456
15/10/2014,91.55,92.76,90.24,92.37,108847755
16/10/2014,90.43,92.58,90.39,91.79,93165782
17/10/2014,92.99,93.89,92.46,93,69546720
20/10/2014,92.96,94.47,92.8,94.39,41479253
21/10/2014,95.54,96.87,95.32,96.87,53609758
22/10/2014,97.16,97.3,96.31,96.37,39178048
23/10/2014,97.32,98.36,97.17,97.82,48123778
24/10/2014,97.97,98.69,97.64,98.62,43161724
27/10/2014,98.4,98.87,98.02,98.69,29545673
28/10/2014,99.1,100.2,99.08,100.18,34495077
29/10/2014,99.84,100.12,99.1,99.81,40552803
30/10/2014,99.37,100.26,99.14,100.02,35935794
31/10/2014,101.67,101.75,101.07,101.4,54254141
03/11/2014,101.53,101.97,101.43,101.7,33480951
04/11/2014,101.36,101.62,100.67,101.36,22773298
05/11/2014,102.01,102.03,101.02,101.37,25818604
06/11/2014,101.32,101.72,100.92,101.69,24671900
07/11/2014,101.87,101.91,101.07,101.6,20931734
10/11/2014,101.65,102.09,101.38,101.96,20360007
11/11/2014,101.98,102.28,101.7,102.28,15454012
12/11/2014,101.87,102.57,101.87,102.46,22050317
13/11/2014,102.65,103.28,102.42,102.9,28027776
14/11/2014,102.87,103.22,102.53,103.22,19251346
17/11/2014,102.98,103.21,102.42,102.91,23361634
18/11/2014,103,103.82,102.99,103.68,26336812
19/11/2014,103.57,103.57,102.73,103.21,23760243
20/11/2014,102.77,103.76,102.69,103.67,22874018
21/11/2014,104.59,104.69,103.54,103.87,34049128
24/11/2014,104.15,104.73,104.06,104.68,17928289
25/11/2014,104.84,105.15,104.57,104.84,17525991
26/11/2014,104.94,105.58,104.83,105.52,18973804
28/11/2014,105.8,106.25,105.73,106.01,17360420
01/12/2014,105.72,105.92,104.42,104.81,35969494
02/12/2014,104.92,105.42,104.7,105.23,26031291
03/12/2014,105.39,105.57,104.76,105.42,32974322
04/12/2014,105.32,105.78,104.93,105.37,31008791
05/12/2014,105.54,105.7,105.15,105.38,25622236
08/12/2014,105.11,105.57,104.08,104.63,32685756
09/12/2014,103.41,105.04,103.04,104.96,46035139
10/12/2014,104.79,105.03,103.12,103.31,39330116
11/12/2014,103.61,105.04,103.59,103.8,47576022
12/12/2014,102.81,103.99,102.66,102.67,46889391
15/12/2014,103.2,103.58,101.32,101.61,52968448
16/12/2014,100.97,102.47,99.96,99.98,65348626
17/12/2014,100.05,102.09,99.92,101.8,79715318
18/12/2014,103.26,104.26,102.98,104.25,49840942
19/12/2014,103.97,104.74,103.71,104.32,51419912
22/12/2014,104.15,104.61,104.1,104.58,33869167
23/12/2014,104.96,104.97,104.09,104.21,30156929
24/12/2014,104.34,104.7,104.27,104.3,14291333
26/12/2014,104.6,105.26,104.57,105.04,13924332
29/12/2014,104.94,105.25,104.88,105.02,17073772
30/12/2014,104.72,104.96,104.18,104.32,18603989
31/12/2014,104.5,104.91,103.1,103.25,24367121
02/01/2015,103.76,104.2,102.44,102.94,31314599
05/01/2015,102.49,102.61,101.14,101.43,36521270
06/01/2015,101.58,101.75,99.62,100.07,66205451
07/01/2015,100.73,101.6,100.49,101.36,37577361
08/01/2015,102.22,103.5,102.11,103.3,40212640
09/01/2015,103.62,103.65,102.02,102.62,41410071
12/01/2015,102.84,102.93,101.29,101.55,34129751
13/01/2015,102.54,103.62,100.7,101.52,56162334
14/01/2015,100.5,101.48,100.07,100.96,51354217
15/01/2015,101.43,101.59,99.53,99.65,51005416
16/01/2015,99.52,100.95,99.36,100.82,35362210
20/01/2015,101.43,101.88,100.29,101.62,30964056
21/01/2015,101.32,102.62,100.96,102.14,40128772
22/01/2015,102.54,104.14,101.64,104.03,40887168
23/01/2015,104.02,104.58,103.72,104.26,34782992
26/01/2015,104.14,104.33,103.61,104.14,19960870
27/01/2015,102.5,102.56,101.1,101.44,45253205
28/01/2015,103.07,103.18,100.9,100.92,43591675
29/01/2015,100.84,102.08,99.96,101.89,46539734
30/01/2015,101.8,102.58,100.96,101.1,42927638
02/02/2015,101.33,102.07,99.75,101.98,43624654
03/02/2015,102.35,103.03,101.68,102.96,30750360
04/02/2015,102.54,103.55,102.31,102.87,34073211
05/02/2015,103.13,103.83,102.87,103.76,23605516
06/02/2015,103.92,104.17,102.76,103.13,34169256
09/02/2015,102.73,103.29,102.55,102.8,22604655
10/02/2015,103.37,104.54,103.21,104.4,23686531
11/02/2015,104.52,105.02,104.32,104.78,20303617
12/02/2015,105.46,106.04,105.3,106,22520295
13/02/2015,106.3,106.93,106.1,106.91,29030249
17/02/2015,106.76,107.08,106.64,107.01,17675344
18/02/2015,106.88,107.22,106.74,107.16,15149619
19/02/2015,107.09,107.76,107.06,107.69,19828113
20/02/2015,107.62,108.47,107.28,108.41,28336710
23/02/2015,108.35,108.55,108.11,108.52,17867968
24/02/2015,108.38,108.73,108.05,108.6,19745011
25/02/2015,108.44,108.86,108.09,108.33,19472341
26/02/2015,108.44,108.94,108.14,108.88,22255476
27/02/2015,108.84,108.91,108.23,108.4,27757584
02/03/2015,108.61,109.42,108.59,109.38,22988645
03/03/2015,109.05,109.16,108.18,108.87,20788924
04/03/2015,108.51,108.67,107.86,108.45,21007420
05/03/2015,108.73,108.97,108.19,108.64,15381039
06/03/2015,108.5,108.71,107.14,107.41,30990366
09/03/2015,107.63,107.99,107.19,107.72,26237101
10/03/2015,106.95,106.98,105.72,105.72,34234496
11/03/2015,105.88,106.01,105.07,105.11,25459733
12/03/2015,105.03,105.92,104.96,105.8,21473171
13/03/2015,105.7,106.12,104.68,105.34,42021103
16/03/2015,105.73,106.74,105.62,106.7,25674085
17/03/2015,106.41,107.04,106.16,106.87,19603813
18/03/2015,106.58,108.41,106.03,107.92,40622188
19/03/2015,108.03,108.38,107.87,108.08,31314035
20/03/2015,108.72,109.07,108.51,108.53,31761404
23/03/2015,108.47,108.77,108.28,108.32,17268507
24/03/2015,108.31,108.81,107.91,107.93,22445280
25/03/2015,108.1,108.2,105.42,105.46,41581435
26/03/2015,104.59,105.7,104.24,105.1,47846276
27/03/2015,105.08,105.77,104.92,105.52,33878385
30/03/2015,106.18,106.82,106.16,106.73,30570196
31/03/2015,106.43,106.65,105.57,105.6,30488101
01/04/2015,105.6,105.62,104.37,105.05,32970452
02/04/2015,105.15,105.46,104.78,105.12,19164241
06/04/2015,104.5,106.27,104.34,105.98,24451142
07/04/2015,105.92,106.7,105.8,105.8,19379381
08/04/2015,105.84,106.79,105.83,106.64,25866907
09/04/2015,106.59,107.35,106.23,107.31,23114727
10/04/2015,107.28,107.76,107.03,107.75,17164343
13/04/2015,107.83,108.38,107.36,107.48,17783465
14/04/2015,107.37,107.68,106.56,107.17,23755747
15/04/2015,107.45,108.07,107.32,107.84,21128576
16/04/2015,107.55,107.88,107.4,107.69,16195279
17/04/2015,106.66,106.95,105.55,106.01,46513964
20/04/2015,106.54,107.79,106.5,107.6,28945909
21/04/2015,108.22,108.41,107.93,108.06,22759772
22/04/2015,108.34,108.83,107.64,108.65,21429190
23/04/2015,108.28,109.55,108.26,109.06,29473221
24/04/2015,110.21,110.69,110.03,110.54,32508127
27/04/2015,110.95,111.16,110.02,110.26,31121321
28/04/2015,110.34,110.55,109.11,110.04,36849221
29/04/2015,109.43,110.07,108.75,109.35,34043905
30/04/2015,108.73,109.17,107.06,107.63,44080546
01/05/2015,108.05,109.12,108.03,109.05,32874307
04/05/2015,109.4,109.91,109.17,109.23,23507259
05/05/2015,108.8,109,107.4,107.45,47843265
06/05/2015,107.64,107.95,106,106.71,42687150
07/05/2015,106.68,107.65,106.6,107.35,29335806
08/05/2015,108.46,108.92,108.3,108.69,33023337
11/05/2015,108.76,108.98,108.19,108.27,19679255
12/05/2015,107.63,108.33,106.8,107.78,33665017
13/05/2015,108.25,108.81,107.84,108,20738434
14/05/2015,108.88,109.67,108.48,109.58,23904233
15/05/2015,109.86,110.01,109.31,109.58,23937442
18/05/2015,109.4,110.28,109.32,110.06,17631135
19/05/2015,110.18,110.35,109.76,109.94,14212896
20/05/2015,110.02,110.67,109.43,110.01,21131892
21/05/2015,109.82,110.73,109.66,110.58,16771801
22/05/2015,110.45,110.87,110.38,110.47,13543774
26/05/2015,110.23,110.38,108.76,109.2,25488437
27/05/2015,109.53,111.08,109.29,110.96,30572695
28/05/2015,110.75,111.01,110.37,110.71,17302408
29/05/2015,110.64,110.79,109.79,110.05,30382987
01/06/2015,110.64,110.72,109.52,110.42,24570186
02/06/2015,110.01,110.61,109.47,110.07,19449634
03/06/2015,110.57,110.81,110.13,110.4,20507208
04/06/2015,109.78,110.48,109.21,109.56,31374588
05/06/2015,109.43,109.69,108.63,109.3,22641732
08/06/2015,109.25,109.33,107.97,108.19,24549204
09/06/2015,107.93,108.4,107.2,108.01,27554599
10/06/2015,108.38,109.81,108.26,109.49,30297862
11/06/2015,109.86,110.15,109.46,109.65,17593463
12/06/2015,109.07,109.3,108.6,108.75,27201768
15/06/2015,107.94,108.38,107.31,108.21,31238798
16/06/2015,108.1,108.98,108.05,108.8,16456867
17/06/2015,108.98,109.45,108.43,109.1,23296738
18/06/2015,109.5,110.88,109.44,110.69,43032384
19/06/2015,110.49,110.58,109.81,109.89,27877574
22/06/2015,110.7,111.03,110.45,110.7,19120898
23/06/2015,110.82,110.89,110.33,110.79,18127916
24/06/2015,110.66,111.13,110.19,110.22,15815914
25/06/2015,110.65,110.76,109.82,110,18326654
26/06/2015,109.98,110.23,108.86,109.27,32311679
29/06/2015,108.06,108.66,106.64,106.69,50874901
30/06/2015,107.49,107.72,106.74,107.07,34809920
01/07/2015,108.13,108.35,107.42,107.92,21292958
02/07/2015,108.23,108.32,107.62,107.95,20499447
06/07/2015,107.27,108.32,107.04,107.7,24311020
07/07/2015,107.82,108.07,105.83,107.97,44230772
08/07/2015,107.2,107.33,105.89,106.09,39691475
09/07/2015,107.5,107.6,106.02,106.03,28381041
10/07/2015,107.44,108.05,107.05,107.65,26415825
13/07/2015,108.58,109.63,108.57,109.54,25780733
14/07/2015,109.69,110.56,109.63,110.26,21977167
15/07/2015,110.47,110.81,110.07,110.38,28631537
16/07/2015,111.29,111.96,111.07,111.94,29838948
17/07/2015,112.84,113.59,112.65,113.59,35926804
20/07/2015,113.83,114.39,113.48,113.98,26539045
21/07/2015,114.02,114.2,113.58,113.91,35468865
22/07/2015,112.17,113.17,112.17,112.62,35574962
23/07/2015,112.73,113.1,111.91,112.2,25698255
24/07/2015,112.8,113,110.93,111.1,30844714
27/07/2015,110.47,110.95,109.94,110.18,35994837
28/07/2015,110.67,111.35,109.79,111.13,33553494
29/07/2015,111.37,111.79,110.94,111.55,26714068
30/07/2015,111.29,112.27,110.62,112.08,25438057
31/07/2015,112.43,112.49,111.72,111.95,22081731
03/08/2015,111.97,112.28,110.86,111.6,25001780
04/08/2015,111.55,111.75,110.93,111.39,22132319
05/08/2015,112.01,113,111.88,112.25,28989897
06/08/2015,112.35,112.5,109.95,110.45,42125401
07/08/2015,110.18,110.57,109.4,110.31,30006846
10/08/2015,111.01,111.81,111,111.57,21500780
11/08/2015,110.98,111.41,109.53,110.14,36123270
12/08/2015,109.38,110.74,108.22,110.52,41888960
13/08/2015,110.63,111.16,110.1,110.34,22510520
14/08/2015,110.08,110.67,109.86,110.51,17924931
17/08/2015,110.24,111.46,109.96,111.43,21224913
18/08/2015,111.28,111.37,110.71,110.86,13984363
19/08/2015,110.52,111.11,109.49,110.13,42511384
20/08/2015,109.11,109.46,107.07,107.08,57747349
21/08/2015,105.57,106.47,102.4,102.4,97763445
24/08/2015,94.23,102.53,84.74,98.46,150829863
25/08/2015,102.07,102.74,98.01,98.09,75088278
26/08/2015,100.96,103.23,98.93,103.03,104103817
27/08/2015,104.52,105.71,103.28,105.64,69377690
28/08/2015,105.08,106,104.85,105.62,49919628
31/08/2015,105.03,105.61,104.05,104.31,39549380
01/09/2015,101.71,103.29,100.63,101.05,73155538
02/09/2015,102.88,103.92,101.7,103.9,43963563
03/09/2015,104.31,105.02,103.1,103.39,45131794
04/09/2015,101.97,102.85,101.59,102.16,49379643
08/09/2015,104.12,105.17,103.69,105.04,37343527
09/09/2015,106.28,106.31,103.59,103.86,47146743
10/09/2015,103.74,105.68,103.62,104.99,47686714
11/09/2015,104.51,105.57,104.21,105.57,29106088
14/09/2015,105.96,105.98,104.85,105.25,19718804
15/09/2015,105.5,106.82,105.11,106.49,30020216
16/09/2015,106.51,107.19,106.14,107.09,31329146
17/09/2015,106.98,108.73,106.64,107.13,56139806
18/09/2015,105.23,106.6,105.17,105.35,48383995
21/09/2015,105.93,106.55,104.73,105.68,35772624
22/09/2015,104.06,104.42,103.13,104.1,47359654
23/09/2015,104.38,104.66,103.64,104.18,21775134
24/09/2015,103.17,104.19,102.27,103.8,38284331
25/09/2015,104.91,105.01,102.28,102.92,44700006
28/09/2015,102.48,102.55,99.69,99.99,44077490
29/09/2015,100.24,101.26,98.75,99.47,49315527
30/09/2015,100.89,101.87,100.5,101.76,41411432
01/10/2015,101.94,102.23,100.59,102.22,39339134
02/10/2015,100.8,104.01,100.48,104.01,59370859
05/10/2015,104.78,105.78,104.55,105.5,32853533
06/10/2015,105.25,105.6,104.18,105,33051534
07/10/2015,105.66,105.86,104.29,105.63,37389334
08/10/2015,105.23,106.23,104.21,106.05,50188873
09/10/2015,106.1,106.73,105.81,106.53,23916227
12/10/2015,106.73,106.99,106.35,106.79,16161955
13/10/2015,106.18,107.26,106,106.1,26999613
14/10/2015,106.1,106.63,105.49,105.93,30902637
15/10/2015,106.32,107.68,106.18,107.67,38393838
16/10/2015,107.9,108.18,107.38,108.12,27091100
19/10/2015,107.98,108.81,107.74,108.74,23776270
20/10/2015,108.55,108.78,107.81,108.18,23404691
21/10/2015,108.73,108.84,107.48,107.52,30195241
22/10/2015,108.48,109.8,108.17,109.71,42778702
23/10/2015,112.66,113.24,112.07,112.78,53170910
26/10/2015,112.7,113.07,112.27,112.85,25918004
27/10/2015,112.55,113.24,112.52,113.08,31390511
28/10/2015,113.25,114.02,112.34,114.02,42221867
29/10/2015,113.5,114.03,113.38,113.84,24913340
30/10/2015,113.89,114.08,113.3,113.33,27199231
02/11/2015,113.63,114.75,113.39,114.61,22176916
03/11/2015,114.38,115.42,114.21,115.01,20418387
04/11/2015,115.39,115.47,114.54,115.02,28633048
05/11/2015,115.12,115.4,114.11,114.71,25004080
06/11/2015,114.49,114.92,113.76,114.79,29924901
09/11/2015,114.36,114.51,112.87,113.57,33479755
10/11/2015,112.97,113.39,112.63,113.28,35452127
11/11/2015,113.59,114.14,112.95,113.14,22748808
12/11/2015,112.65,113.23,111.96,112.04,31196876
13/11/2015,111.57,111.69,109.78,109.84,52836036
16/11/2015,109.74,111.44,109.48,111.42,33980633
17/11/2015,111.61,112.29,111.21,111.49,30579457
18/11/2015,111.94,113.74,111.83,113.63,32966463
19/11/2015,113.68,114.23,113.49,113.71,26188119
20/11/2015,114.24,114.57,114.14,114.48,22727591
23/11/2015,114.53,114.94,113.66,114.15,20696175
24/11/2015,113.42,114.32,112.84,114.05,26374412
25/11/2015,114.19,114.36,113.91,114.15,14159935
27/11/2015,114.4,114.54,113.92,114.31,8827991
30/11/2015,114.6,114.65,113.65,114.02,25041649
01/12/2015,114.48,115.16,114.34,115.16,28639445
02/12/2015,115.23,115.75,114.28,114.45,22395483
03/12/2015,114.76,114.96,111.84,112.51,42754345
04/12/2015,112.84,115.33,112.62,115.14,40037322
07/12/2015,115.22,115.29,114.07,114.62,25892101
08/12/2015,113.44,115,113.38,114.63,30792648
09/12/2015,114.11,114.76,112.2,112.89,48509199
10/12/2015,113.15,114.16,112.81,113.4,30154621
11/12/2015,112.09,112.39,110.72,110.79,56022221
14/12/2015,110.98,111.68,109.38,111.63,53098514
15/12/2015,112.6,113.28,112.17,112.31,48428014
16/12/2015,113.07,114.17,111.89,113.98,44944106
17/12/2015,114.46,114.48,112.3,112.32,45668795
18/12/2015,111.58,111.88,109.83,109.83,53746061
21/12/2015,110.87,111.07,110.05,111.05,26432807
22/12/2015,111.65,111.94,111.05,111.78,26540310
23/12/2015,112.34,112.69,112.16,112.61,25656928
24/12/2015,112.57,112.9,112.54,112.59,11480244
28/12/2015,112.32,112.55,111.51,112.53,19183637
29/12/2015,113.22,114.55,113.13,114.3,27725673
30/12/2015,114.16,114.24,113.25,113.27,19520081
31/12/2015,112.87,113.08,111.84,111.86,29886849
04/01/2016,109.43,109.6,108.12,109.5,50807643
05/01/2016,110.04,110.18,108.8,109.31,38795182
06/01/2016,107.43,108.89,107.41,108.26,41891091
07/01/2016,105.96,107.29,104.81,104.87,61386300
08/01/2016,105.67,106.29,103.9,104.01,69344012
11/01/2016,104.79,105.06,102.73,104.33,50024094
12/01/2016,105.31,106.08,104.08,105.54,46734241
13/01/2016,106,106.23,101.74,101.9,69870673
14/01/2016,102.3,104.98,100.67,104.07,78445735
15/01/2016,100.57,101.94,99.51,100.84,91443918
19/01/2016,102.2,102.37,99.88,101.06,56563845
20/01/2016,99.48,101.83,97.25,100.75,86674981
21/01/2016,101.19,102.35,99.82,100.85,61660101
22/01/2016,102.84,103.81,102.53,103.77,42229803
25/01/2016,103.46,103.99,102.14,102.23,38881485
26/01/2016,102.65,103.59,101.76,103.15,36143916
27/01/2016,102.55,102.99,100.15,100.58,54524736
28/01/2016,102.19,102.29,100.26,102,47641532
29/01/2016,102,104.17,101.94,104.13,54245067
01/02/2016,103.62,104.8,103.23,104.41,32750348
02/02/2016,103.97,103.97,101.84,102.15,44928088
03/02/2016,102.8,102.83,99.88,101.66,61572882
04/02/2016,101.35,102.46,100.44,101.65,49321638
05/02/2016,101.29,101.33,97.72,98.12,70749932
08/02/2016,96.33,97.05,94.84,96.62,91673063
09/02/2016,95.36,97.78,95.18,96.32,73778426
10/02/2016,97.5,98.69,96.62,96.69,59421699
11/02/2016,95.45,97.32,95.19,96.55,76839183
12/02/2016,97.68,98.12,96.73,98.02,49186494
16/02/2016,99.44,100.23,98.85,100.23,40565911
17/02/2016,101.01,102.64,100.7,102.5,41766451
18/02/2016,102.81,102.84,101.2,101.33,38991469
19/02/2016,100.91,101.94,100.62,101.63,28257915
22/02/2016,102.54,103.38,102.48,103.28,23979113
23/02/2016,102.67,102.96,101.51,101.58,29869660
24/02/2016,100.44,102.68,99.77,102.55,40739103
25/02/2016,102.76,103.56,101.84,103.56,29389315
26/02/2016,104.28,104.37,103.18,103.43,30925045
29/02/2016,103.31,104.1,102.5,102.5,27553937
01/03/2016,103.45,105.79,103.16,105.79,37699779
02/03/2016,105.63,105.85,105.01,105.83,29209756
03/03/2016,105.71,105.75,104.87,105.63,25474625
04/03/2016,105.76,106.35,104.97,105.67,31655424
07/03/2016,105.12,105.74,104.27,105.02,25861160
08/03/2016,104.3,105.21,103.97,104.15,28898525
09/03/2016,104.57,104.84,103.96,104.82,31047351
10/03/2016,105.31,105.86,103.31,104.66,44997649
11/03/2016,105.8,106.49,105.46,106.49,31453958
14/03/2016,106.08,106.92,106.06,106.67,25374912
15/03/2016,106.27,106.75,105.95,106.63,26524632
16/03/2016,106.37,107.86,106.34,107.58,31693050
17/03/2016,107.26,107.77,106.87,107.52,8223173
18/03/2016,107.46,107.64,106.8,107.37,37682293
21/03/2016,107.16,107.89,107.12,107.79,17288559
22/03/2016,107.18,108.37,107.16,108.12,18840278
23/03/2016,107.91,107.99,106.99,107.23,20912873
24/03/2016,106.67,107.29,106.53,107.26,19017258
28/03/2016,107.56,107.58,106.92,107.11,13892303
29/03/2016,106.93,108.9,106.73,108.83,29963923
30/03/2016,109.48,110.04,109.13,109.36,23807235
31/03/2016,109.3,109.69,109.03,109.2,21447236
01/04/2016,108.58,110.4,108.39,110.36,26389045
04/04/2016,110.31,110.44,109.68,109.94,17162988
05/04/2016,109.08,109.5,108.74,108.88,20107915
06/04/2016,109,110.71,108.99,110.67,25056031
07/04/2016,110.04,110.23,108.61,109.08,28567202
08/04/2016,109.77,110.02,108.62,109,22897951
11/04/2016,109.48,110.02,108.59,108.6,25772058
12/04/2016,108.66,109.72,108.02,109.51,28564087
13/04/2016,110.32,111.08,110.21,110.91,25356728
14/04/2016,110,111.33,110,110.92,17199671
15/04/2016,110.83,111.06,110.36,110.64,21353343
18/04/2016,110.33,111.27,110.25,111.23,17126086
19/04/2016,111.44,111.44,109.88,110.55,42481435
20/04/2016,110.54,111.15,110.17,110.64,18078307
21/04/2016,110.58,111.05,110.15,110.65,20215983
22/04/2016,109.21,109.72,108.12,108.98,39073996
25/04/2016,108.62,108.99,108.45,108.98,14351890
26/04/2016,109.2,109.39,108.12,108.45,19118334
27/04/2016,107.34,107.83,106.69,107.58,33059790
28/04/2016,107.69,108.33,106.07,106.28,29818155
29/04/2016,106.22,106.5,104.88,105.72,67502786
02/05/2016,105.97,106.87,105.55,106.72,24813813
03/05/2016,105.96,106.44,105.45,105.73,38569433
04/05/2016,105.12,105.48,104.79,105.05,27474504
05/05/2016,105.43,105.66,104.81,105.02,20788119
06/05/2016,104.51,105.6,104.4,105.58,30758516
09/05/2016,105.61,106.37,105.54,105.88,19289615
10/05/2016,106.26,107.38,106.07,107.33,21178851
11/05/2016,107.16,107.49,106.33,106.36,20966257
12/05/2016,106.68,106.74,105.14,105.89,29196323
13/05/2016,105.85,106.45,105.29,105.5,21059255
16/05/2016,105.67,107.21,105.56,106.82,18311860
17/05/2016,106.74,107.04,105.2,105.48,29932711
18/05/2016,105.29,106.43,105.04,105.86,28177911
19/05/2016,105.45,105.71,104.54,105.31,27334610
20/05/2016,105.74,106.9,105.67,106.47,29549578
23/05/2016,106.55,106.97,106.23,106.33,15729764
24/05/2016,106.92,108.59,106.89,108.46,29931309
25/05/2016,108.86,109.57,108.68,109.24,38464750
26/05/2016,109.35,109.7,109.09,109.56,21885871
27/05/2016,109.65,110.14,109.61,110.13,19870010
31/05/2016,110.28,110.51,109.78,110.34,24366106
01/06/2016,110,110.6,109.91,110.35,19571528
02/06/2016,110.13,110.59,109.53,110.58,15696618
03/06/2016,110.37,110.42,109.34,110.06,20269923
06/06/2016,110.25,110.75,110.07,110.46,12502365
07/06/2016,110.53,110.63,110.13,110.18,12184296
08/06/2016,110.37,110.6,109.96,110.37,14568699
09/06/2016,109.93,110.31,109.71,110.19,17571631
10/06/2016,109.2,109.4,108.56,108.94,32965003
13/06/2016,108.34,108.93,107.89,108.03,25412177
14/06/2016,107.78,108.42,107.24,108.03,24588506
15/06/2016,108.32,108.44,107.54,107.72,24605701
16/06/2016,107.17,108.14,106.5,108.04,32079929
17/06/2016,107.53,107.68,106.24,106.49,29208832
20/06/2016,107.73,108.24,107.08,107.16,20562769
21/06/2016,107.33,107.72,107.1,107.5,22804112
22/06/2016,107.58,108.19,107.15,107.24,22724174
23/06/2016,108.09,108.79,107.62,108.77,18714227
24/06/2016,104.81,106.5,104.06,104.29,68012733
27/06/2016,103.6,103.6,101.75,102.22,50044303
28/06/2016,103.33,104.51,103.3,104.46,28260604
29/06/2016,105.26,106.53,105.23,106.31,31356723
30/06/2016,106.52,107.61,106.13,107.54,36300819
01/07/2016,107.49,108.48,107.45,108.08,19902803
05/07/2016,107.58,107.66,106.84,107.42,21167903
06/07/2016,106.92,108.35,106.57,108.3,24579270
07/07/2016,108.39,108.86,108.11,108.62,19161748
08/07/2016,109.17,110.36,109.02,110.3,29457871
11/07/2016,110.68,111.34,110.66,110.93,20218504
12/07/2016,111.59,111.79,111.34,111.49,21906145
13/07/2016,111.79,111.82,111.21,111.22,21107762
14/07/2016,111.96,112.19,111.7,111.98,20870986
15/07/2016,112.22,112.3,111.55,111.8,17999312
18/07/2016,111.86,112.74,111.85,112.54,20713924
19/07/2016,112.17,112.48,111.93,112.13,18936702
20/07/2016,112.75,113.65,112.6,113.44,24997929
21/07/2016,113.52,113.74,112.87,113.18,18885367
22/07/2016,113.28,113.78,112.91,113.65,20003363
25/07/2016,113.56,113.69,113.28,113.66,12968085
26/07/2016,113.63,114.2,113.22,113.79,21223845
27/07/2016,114.76,114.88,114.1,114.58,27646113
28/07/2016,114.76,115.11,114.4,114.98,16939662
29/07/2016,115.24,115.54,114.87,115.23,22385320
01/08/2016,115.31,118.78,115.17,115.84,13990077
02/08/2016,115.68,115.77,114.22,114.96,21278383
03/08/2016,114.88,115.35,114.8,115.34,15011273
04/08/2016,115.32,115.78,115.03,115.67,12835296
05/08/2016,116.28,117.04,116.13,116.78,23196570
08/08/2016,116.82,116.87,116.28,116.65,12358181
09/08/2016,116.73,117.29,116.67,116.92,13276458
10/08/2016,116.96,117.02,116.31,116.62,14688405
11/08/2016,117.01,117.37,116.78,117.12,12969799
12/08/2016,116.91,117.21,116.79,117.2,19379036
15/08/2016,117.33,117.97,117.31,117.7,11777762
16/08/2016,117.47,117.49,117.03,117.05,14161446
17/08/2016,117.08,117.3,116.43,117.26,15980334
18/08/2016,117.15,117.46,116.95,117.29,10036285
19/08/2016,117.1,117.52,116.76,117.26,18742961
22/08/2016,117.09,117.55,116.87,117.35,14500622
23/08/2016,117.79,118.01,117.51,117.56,11997927
24/08/2016,117.49,117.64,116.41,116.8,17728656
25/08/2016,116.48,116.97,116.36,116.61,24266264
26/08/2016,116.66,117.54,116.08,116.78,23895963
29/08/2016,116.81,117.25,116.79,116.94,11184872
30/08/2016,116.73,117.09,116.16,116.56,19843301
31/08/2016,116.38,116.56,115.95,116.44,16169794
01/09/2016,116.48,116.88,115.91,116.74,20944727
02/09/2016,117.32,117.56,116.68,117.12,18088215
06/09/2016,117.29,117.85,117.06,117.85,18525231
07/09/2016,117.95,118.12,117.47,117.92,17546872
08/09/2016,117.57,117.6,116.92,117.23,20125319
09/09/2016,116.23,116.51,114.26,114.28,50813287
12/09/2016,113.64,116.49,113.63,116.33,39645960
13/09/2016,115.73,116.09,114.73,115.29,45863935
14/09/2016,115.43,116.47,115.38,115.84,28221762
15/09/2016,115.89,117.82,115.86,117.64,39466531
16/09/2016,117.22,117.41,116.71,117.29,27596527
19/09/2016,117.57,117.95,116.55,116.78,16222870
20/09/2016,117.19,117.48,116.8,117,18078584
21/09/2016,117.48,118.32,116.81,118.15,31546776
22/09/2016,118.85,119.22,118.72,119.09,22614422
23/09/2016,118.92,119,118.16,118.33,22213394
26/09/2016,117.66,117.8,117.17,117.34,16403881
27/09/2016,117.31,118.56,117.15,118.5,20238432
28/09/2016,118.62,118.77,118.09,118.7,14794330
29/09/2016,118.51,118.72,117.33,117.84,27207499
30/09/2016,118.15,119.07,118.03,118.72,25543200
03/10/2016,118.53,118.7,118.09,118.55,19216438
04/10/2016,118.86,119.16,117.92,118.37,21239742
05/10/2016,118.7,119.17,118.67,118.79,14481285
06/10/2016,118.63,118.98,118.15,118.73,11987056
07/10/2016,118.86,119.01,117.89,118.47,19984158
10/10/2016,119.06,119.48,119.03,119.22,19687341
11/10/2016,119.1,119.14,117,117.52,27774426
12/10/2016,117.58,117.82,117.06,117.42,14267824
13/10/2016,116.64,117.32,115.94,117,22821011
14/10/2016,117.58,118.05,117.07,117.14,21313321
17/10/2016,117.1,117.3,116.67,116.82,14182694
18/10/2016,118.18,118.41,117.8,117.86,19276656
19/10/2016,117.77,118.02,117.64,117.85,13702918
20/10/2016,117.68,117.97,117.03,117.71,18132245
21/10/2016,117.8,118.22,117.41,118.15,15707804
24/10/2016,118.93,119.65,118.89,119.57,19142985
25/10/2016,119.62,119.66,119.01,119.19,20341835
26/10/2016,118.41,119.03,118.03,118.38,20463696
27/10/2016,118.9,118.99,117.67,117.84,19099790
28/10/2016,117.47,118.11,116.74,117.1,35369254
31/10/2016,117.53,117.53,116.93,116.99,18749357
01/11/2016,117.19,117.21,115.1,116.11,23498712
02/11/2016,116.05,116.3,114.89,115.18,26960093
03/11/2016,115.02,115.37,113.92,114.05,36205193
04/11/2016,113.72,114.54,113.45,113.65,26997454
07/11/2016,115.45,116.47,115.3,116.35,26591245
08/11/2016,116.21,117.64,115.96,117.11,20777919
09/11/2016,115.71,117.84,115.6,117.65,70234393
10/11/2016,118.14,118.38,114.2,115.75,72825446
11/11/2016,115.21,116.05,114.84,115.8,41115166
14/11/2016,115.84,115.94,114.03,114.63,35905979
15/11/2016,115.47,116.62,115.33,116.22,31796602
16/11/2016,115.7,116.99,115.67,116.91,16538132
17/11/2016,116.86,117.78,116.61,117.76,20598553
18/11/2016,117.83,118.1,117.21,117.32,16428659
21/11/2016,117.6,118.65,117.57,118.54,20268547
22/11/2016,118.97,119.19,118.61,118.9,18850641
23/11/2016,118.51,118.64,117.9,118.42,22925954
25/11/2016,118.56,118.85,118.42,118.8,7162785
28/11/2016,118.64,119.08,118.41,118.53,13479045
29/11/2016,118.63,119.51,118.3,118.94,18552957
30/11/2016,119.06,119.13,117.46,117.5,30405342
01/12/2016,117.46,117.47,115.29,115.47,39796590
02/12/2016,115.57,116.16,115.22,115.7,32876845
05/12/2016,116.32,117.06,115.77,116.6,21419667
06/12/2016,116.88,117.08,116.39,116.88,27293348
07/12/2016,116.64,118.51,116.29,118.36,26622442
08/12/2016,118.4,118.87,118.18,118.57,18578433
09/12/2016,119.03,119.54,119,119.5,21863133
12/12/2016,118.95,119.21,118.47,118.96,23259310
13/12/2016,119.35,121.11,119.32,120.46,54477889
14/12/2016,120.56,121,119.86,120.21,28745991
15/12/2016,120.37,121.11,120.08,120.4,22762305
16/12/2016,120.28,120.58,119.36,119.6,26283907
19/12/2016,119.74,120.83,119.55,120.09,21138658
20/12/2016,120.43,120.77,120.33,120.55,11461799
21/12/2016,120.57,120.68,120.19,120.46,7079300
22/12/2016,120.46,120.5,119.65,120.12,16644996
23/12/2016,119.96,120.25,119.81,120.2,9007470
27/12/2016,120.44,121.52,120.41,120.82,16110554
28/12/2016,121.06,121.19,119.8,119.88,17975235
29/12/2016,119.86,120.13,119.33,119.71,13267519
30/12/2016,119.93,119.95,118.14,118.48,41749028
03/01/2017,119.31,119.99,118.89,119.54,22307608
04/01/2017,119.67,120.41,119.66,120.19,19749074
05/01/2017,120.16,120.95,120.1,120.87,20644254
06/01/2017,120.99,122.25,120.69,121.93,24074305
09/01/2017,122.03,122.55,121.95,122.33,18909234
10/01/2017,122.37,122.97,122.1,122.6,16176631
11/01/2017,122.63,122.93,122.02,122.93,20685983
12/01/2017,122.49,122.82,121.6,122.74,19622511
13/01/2017,122.81,123.37,122.8,123.16,16930803
17/01/2017,122.79,123.03,122.43,122.79,14538484
18/01/2017,122.96,123.16,122.66,123.04,12499663
19/01/2017,123.19,123.65,122.72,122.98,12710659
20/01/2017,123.51,123.83,122.92,123.25,22091039
23/01/2017,123.16,123.53,122.57,123.35,17434167
24/01/2017,123.59,124.37,123.38,124.18,17640869
25/01/2017,124.94,125.46,124.85,125.43,15036221
26/01/2017,125.59,125.82,125.34,125.56,16052150
27/01/2017,125.8,125.92,125.39,125.8,15052983
30/01/2017,125.37,125.38,124.13,124.82,25006715
31/01/2017,124.4,124.6,123.85,124.57,19091133
01/02/2017,125.42,125.68,124.86,125.43,22861876
02/02/2017,125.21,125.7,124.86,125.32,15101363
03/02/2017,125.49,125.81,125.33,125.68,16957154
06/02/2017,125.42,125.85,125.35,125.83,11630139
07/02/2017,126.06,126.55,125.97,126.29,17541101
08/02/2017,126.12,126.68,125.88,126.5,12569147
09/02/2017,126.63,127.24,126.56,126.96,17542726
10/02/2017,127.2,127.56,127.02,127.38,13915697
13/02/2017,127.76,128.26,127.72,128.1,19120150
14/02/2017,128.15,128.54,127.74,128.53,16333480
15/02/2017,128.44,129.35,128.37,129.29,17891355
16/02/2017,129.36,129.63,128.92,129.25,15098286
17/02/2017,129.09,129.82,129.04,129.81,15563730
21/02/2017,130.03,130.53,129.99,130.45,18479628
22/02/2017,130.32,130.59,130.11,130.5,12110876
23/02/2017,130.7,130.7,129.49,130.01,17489023
24/02/2017,129.47,130.26,129.38,130.26,18624489
27/02/2017,130.02,130.43,129.8,130.42,12008672
28/02/2017,130.39,130.45,129.66,130.02,16598581
01/03/2017,130.81,131.68,130.6,131.44,25813827
02/03/2017,131.43,131.43,130.62,130.78,19951386
03/03/2017,130.65,131.06,130.34,131.02,13722749
06/03/2017,130.56,130.95,130.21,130.73,12026151
07/03/2017,130.45,131.08,130.28,130.51,15500945
08/03/2017,130.57,131.15,130.46,130.74,15776027
09/03/2017,130.71,131.02,130.14,130.84,20855253
10/03/2017,131.42,131.6,130.82,131.39,21922601
13/03/2017,131.52,131.64,131.27,131.61,10731575
14/03/2017,131.31,131.36,130.76,131.29,14019689
15/03/2017,131.58,132.41,131.14,132.1,22709139
16/03/2017,132.33,132.35,131.71,132.01,18457291
17/03/2017,131.86,132.04,131.62,131.69,21234529
20/03/2017,131.65,132.11,131.46,131.81,10105210
21/03/2017,132.31,132.43,129.73,129.81,35841897
22/03/2017,129.89,130.82,129.68,130.69,29177883
23/03/2017,130.52,130.88,130.14,130.36,20311655
24/03/2017,130.78,131.29,130.13,130.63,22967566
27/03/2017,129.73,131.07,129.4,130.84,18472445
28/03/2017,130.81,132.03,130.55,131.64,23721947
29/03/2017,131.73,132.3,131.59,132.25,13709968
30/03/2017,132.22,132.61,132.08,132.47,16092374
31/03/2017,132.27,132.74,132.13,132.38,19841411
03/04/2017,132.48,132.81,131.56,132.3,23700310
04/04/2017,131.9,132.53,131.87,132.51,13400022
05/04/2017,132.68,133.48,131.72,131.97,32011155
06/04/2017,132.12,132.39,131.7,132.04,18832193
07/04/2017,131.99,132.37,131.5,131.97,16743064
10/04/2017,132.11,132.57,131.66,132.02,15619276
11/04/2017,131.86,132.1,130.5,131.45,33778359
12/04/2017,131.45,131.54,130.78,130.92,15955195
13/04/2017,130.75,131.51,130.38,130.4,23683020
17/04/2017,130.8,131.5,130.72,131.48,13325508
18/04/2017,131.01,131.66,130.95,131.28,12841087
19/04/2017,131.85,132.29,131.31,131.49,17764817
20/04/2017,132.04,132.88,131.82,132.59,21977910
21/04/2017,132.7,132.76,132.22,132.56,22454948
24/04/2017,134.02,134.29,133.8,134.16,22469948
25/04/2017,134.58,135.37,134.48,135.13,19384398
26/04/2017,135.17,135.51,134.86,134.94,25398542
27/04/2017,135.28,135.75,135.19,135.75,16136538
28/04/2017,136.28,136.34,135.77,135.99,22771946
01/05/2017,136.46,137.38,136.38,137.2,24815525
02/05/2017,137.38,137.49,137.02,137.43,18345071
03/05/2017,137.14,137.17,136.62,136.99,23827550
04/05/2017,137.01,137.43,136.56,137.04,14630063
05/05/2017,137.39,137.54,136.88,137.54,19330652
08/05/2017,137.61,137.84,137.33,137.84,13279931
09/05/2017,138.05,138.63,137.93,138.32,28426109
10/05/2017,138.4,138.45,137.91,138.4,20499363
11/05/2017,138.03,138.33,137.38,138.29,27232074
12/05/2017,138.37,138.63,138.23,138.6,19738629
15/05/2017,138.63,139.12,138.53,139.04,20481327
16/05/2017,139.36,139.64,138.99,139.62,21785994
17/05/2017,138.55,138.77,136.05,136.07,55642178
18/05/2017,136.06,137.72,135.87,137.26,41319882
19/05/2017,137.71,138.42,137.66,137.84,36730112
22/05/2017,138.14,139.07,138.1,139,19509659
23/05/2017,139.42,139.42,138.78,139.14,19687534
24/05/2017,139.56,139.85,139.17,139.78,18323864
25/05/2017,140.32,141.33,140.01,140.97,23928591
26/05/2017,141,141.28,140.81,141.22,13851582
30/05/2017,141.13,141.51,141.06,141.34,20306409
31/05/2017,141.8,141.84,140.57,141.29,33229404
01/06/2017,141.57,141.9,140.98,141.84,20120741
02/06/2017,142.34,143.49,142.11,143.46,37222881
05/06/2017,143.44,143.68,143.23,143.43,15727526
06/06/2017,143.28,143.73,142.65,142.86,22393024
07/06/2017,143.23,143.54,142.6,143.42,18842408
08/06/2017,143.74,143.8,142.79,143.57,25417408
09/06/2017,143.73,143.9,138.11,139.98,109783737
12/06/2017,138.84,139.48,137.47,139.23,104453977
13/06/2017,140.01,140.56,139.28,140.36,51193010
14/06/2017,140.92,140.93,138.62,139.75,60093764
15/06/2017,138.35,139.28,137.49,139.13,55145160
16/06/2017,138.72,138.78,137.64,138.15,48087413
19/06/2017,139.45,140.59,139.28,140.46,39626533
20/06/2017,140.31,140.5,139.31,139.36,40935078
21/06/2017,139.66,140.81,139.59,140.74,35743366
22/06/2017,140.94,141.22,140.34,140.7,24099115
23/06/2017,140.53,141.42,140.15,141.24,21654314
26/06/2017,142,142.29,140.27,140.58,34411094
27/06/2017,140.07,140.22,138.02,138.03,65957819
28/06/2017,138.54,140.14,137.74,140.02,57427180
29/06/2017,139.4,139.44,136.25,137.59,88769351
30/06/2017,138,138.67,137.19,137.64,68898255
03/07/2017,138.25,138.43,136.1,136.19,32797005
05/07/2017,136.57,137.9,136.16,137.53,42116584
06/07/2017,136.47,137.06,135.8,136.29,48430476
07/07/2017,136.74,138.13,136.74,137.76,36970402
10/07/2017,137.84,138.99,137.5,138.66,24853545
11/07/2017,138.44,139.22,137.94,139.05,31517660
12/07/2017,140.21,140.86,139.96,140.7,36045799
13/07/2017,140.85,141.35,140.6,141.01,31073595
14/07/2017,141.57,142.3,141.19,142.12,34544847
17/07/2017,142.25,142.69,141.92,142.19,25343155
18/07/2017,142.06,143.17,141.64,143.14,25748527
19/07/2017,143.53,144.19,143.5,143.98,33752309
20/07/2017,144.31,144.44,143.52,144.17,36139449
21/07/2017,143.62,144.11,143.35,144.11,39697094
24/07/2017,144.07,144.87,143.92,144.77,26712732
25/07/2017,144.29,144.74,144.01,144.4,28120884
26/07/2017,144.74,144.95,144.53,144.87,18610634
27/07/2017,145.86,145.96,142.3,143.96,80665866
28/07/2017,143.14,144.08,142.87,143.84,38013176
31/07/2017,144.22,144.43,142.92,143.23,33848645
01/08/2017,143.7,143.76,143.12,143.56,20149421
02/08/2017,144.45,144.52,142.61,143.95,41769667
03/08/2017,144.17,144.17,143.13,143.39,27112799
04/08/2017,143.65,143.97,143.06,143.65,29472909
07/08/2017,143.89,144.56,143.71,144.56,17933942
08/08/2017,144.27,145.47,143.9,144.31,30810364
09/08/2017,143.14,144.19,142.79,144.12,36169473
10/08/2017,143.33,143.4,140.89,141.03,63331663
11/08/2017,141.24,142.41,140.9,142.1,45862488
14/08/2017,143.23,144.15,143.19,143.93,34161024
15/08/2017,144.22,144.3,143.64,144.03,25509181
16/08/2017,144.37,144.96,143.8,144.28,31913002
17/08/2017,143.73,143.94,141.33,141.33,70190975
18/08/2017,141.43,142.2,140.65,141.23,60751940
21/08/2017,141.23,141.53,140.18,141.05,37111487
22/08/2017,141.8,143.35,141.76,143.2,36294232
23/08/2017,142.5,143.01,142.38,142.69,25702324
24/08/2017,143.03,143.17,141.47,142.27,38160803
25/08/2017,142.8,143.18,141.78,141.97,26380436
28/08/2017,142.41,142.74,141.95,142.41,15362141
29/08/2017,141.18,143.21,141.06,142.97,24498333
30/08/2017,143.11,144.89,143,144.65,33642716
31/08/2017,145.03,146.21,144.98,146.2,38480747
01/09/2017,146.36,146.59,145.61,146,22293553
05/09/2017,145.55,145.88,143.6,144.69,45480562
06/09/2017,145.06,145.46,144.08,145.13,30722723
07/09/2017,145.4,145.84,144.94,145.47,22721131
08/09/2017,145.28,145.35,144.06,144.21,27890115
11/09/2017,145.3,146.12,145.3,145.87,27126332
12/09/2017,146.25,146.41,145.53,146.22,30256661
13/09/2017,145.95,146.44,145.73,146.42,28450864
14/09/2017,145.85,146.29,145.47,145.56,35296413
15/09/2017,145.56,146.59,145.29,146.06,46422402
18/09/2017,145.88,146.37,145.11,145.55,24858157
19/09/2017,145.81,146.01,145.31,145.8,20871237
20/09/2017,145.75,145.91,144.23,145.35,34236155
21/09/2017,145.25,145.26,143.95,144.46,28841835
22/09/2017,144,144.53,143.85,144.32,21702401
25/09/2017,143.75,143.83,142.1,142.8,54947712
26/09/2017,143.51,143.8,142.67,143.17,29628806
27/09/2017,143.93,145,143.57,144.46,33249403
28/09/2017,144.14,144.56,143.78,144.41,24149422
29/09/2017,144.7,145.56,144.32,145.45,43102366
02/10/2017,145.67,146.17,144.93,145.58,27351260
03/10/2017,145.74,146.06,145.45,145.89,19715152
04/10/2017,145.6,146.34,145.47,146.03,26381099
05/10/2017,146.54,147.54,146.41,147.46,31562353
06/10/2017,146.97,147.66,146.96,147.66,23561069
09/10/2017,147.86,148.01,147.3,147.49,13704835
10/10/2017,147.98,148.14,146.95,147.6,19223092
11/10/2017,147.53,148.07,147.34,148.04,12439051
12/10/2017,147.84,148.35,147.62,147.77,14513477
13/10/2017,148.4,148.51,147.78,148.34,18409888
16/10/2017,148.7,148.89,148.39,148.85,21809410
17/10/2017,148.79,149.06,148.57,149.04,13138157
18/10/2017,149.21,149.21,148.64,148.86,17218243
19/10/2017,148.02,148.33,147.27,148.31,27680285
20/10/2017,148.91,149.04,148.53,148.71,30173268
23/10/2017,149.01,149.03,147.53,147.74,29297126
24/10/2017,148,148.3,147.44,147.99,20289467
25/10/2017,147.7,148.18,146.33,147.43,36179124
26/10/2017,147.36,147.71,146.92,146.96,28230199
27/10/2017,149.33,151.52,149.2,151.24,60165127
30/10/2017,151.08,152.19,150.99,151.58,31733386
31/10/2017,152.04,152.37,151.63,152.15,26319327
01/11/2017,152.75,152.83,151.5,152.1,29481569
02/11/2017,151.92,151.99,150.77,151.81,31017426
03/11/2017,152.39,153.29,151.84,153.27,26199249
06/11/2017,153.13,153.85,153.1,153.79,28693919
07/11/2017,153.67,154.08,153.34,153.88,21333062
08/11/2017,153.81,154.54,153.62,154.5,17373517
09/11/2017,153.26,153.77,152.11,153.69,40594482
10/11/2017,153.36,153.8,153.06,153.68,20150762
13/11/2017,153.12,154.07,153.1,153.87,12522399
14/11/2017,153.31,153.5,152.57,153.31,25173763
15/11/2017,152.61,153,151.78,152.59,24808004
16/11/2017,153.38,154.89,153.33,154.54,34790570
17/11/2017,154.58,154.69,153.8,153.95,28725800
20/11/2017,154.08,154.2,153.61,153.83,21143944
21/11/2017,154.56,155.57,154.49,155.5,20147763
22/11/2017,155.63,155.84,155.34,155.69,17299040
24/11/2017,155.86,156.31,155.76,156.26,8280586
27/11/2017,156.2,156.56,155.83,156.19,22653389
28/11/2017,156.52,156.69,155.7,156.59,25227320
29/11/2017,156.45,156.45,153.12,153.86,71986338
30/11/2017,154.46,155.45,154.15,155.15,56595465
01/12/2017,154.19,155.24,152.26,154.49,59015828
04/12/2017,155.47,155.63,152.56,152.71,51319146
05/12/2017,152.64,154.55,152.1,152.81,40604211
06/12/2017,152.26,153.74,152.06,153.5,28647769
07/12/2017,153.49,154.46,153.33,154.02,32666207
08/12/2017,155.1,155.53,154.46,154.7,28081666
11/12/2017,154.76,155.95,154.76,155.9,20821528
12/12/2017,155.81,156.15,155.36,155.69,20310252
13/12/2017,156.28,156.49,155.76,155.99,24418479
14/12/2017,156.28,156.66,155.71,155.88,24594682
15/12/2017,156.49,157.82,156.23,157.65,49816151
18/12/2017,158.29,158.77,158.07,158.64,26844519
19/12/2017,158.34,158.5,157.26,157.7,31414968
20/12/2017,158.25,158.28,156.91,157.53,38972602
21/12/2017,157.73,158.25,157.37,157.55,18638679
22/12/2017,157.31,157.43,156.95,157.37,23330440
26/12/2017,156.53,156.72,155.95,156.52,21918720
27/12/2017,156.52,156.96,156.39,156.54,22388186
28/12/2017,157.05,157.07,156.54,156.73,25393825
29/12/2017,156.9,156.9,155.7,155.76,33185962
02/01/2018,156.5,158.53,156.17,158.49,32573272
03/01/2018,158.61,160.17,158.61,160.03,29383557
04/01/2018,160.59,160.79,160.08,160.31,24776125
05/01/2018,161.04,162.03,160.77,161.92,26992340
08/01/2018,161.9,162.63,161.86,162.55,23159061
09/01/2018,162.85,163.04,162.07,162.56,24782448
10/01/2018,161.8,162.21,161.12,162.18,34004028
11/01/2018,162.48,163.3,162.21,163.29,20473518
12/01/2018,163.03,164.66,162.94,164.49,37762708
16/01/2018,165.55,166.42,163.53,164.02,41231849
17/01/2018,164.77,166.04,164,165.79,33849879
18/01/2018,165.55,166.2,165.14,165.82,26432166
19/01/2018,166.32,166.61,165.54,166.34,38937588
22/01/2018,166.27,168.12,166.09,168.12,26081388
23/01/2018,168.64,169.66,168.56,169.51,37989650
24/01/2018,169.81,170.24,167.44,168.41,54287377
25/01/2018,169.55,169.63,167.81,168.35,28924956
26/01/2018,169.27,170.95,168.96,170.93,32038184
29/01/2018,170.52,170.91,169.74,170.1,37277849
30/01/2018,168.55,169.42,167.82,168.7,44987688
31/01/2018,169.67,169.99,168.34,169.4,42449199
01/02/2018,168.12,169.73,167.42,167.96,38037875
02/02/2018,167.34,167.7,164.47,164.61,68478082
05/02/2018,163.13,165.75,158,158.12,105372224
06/02/2018,155.96,162.51,155.1,162.31,118537891
07/02/2018,161.79,163.55,160.2,160.21,91028328
08/02/2018,160.69,160.8,153.45,153.45,94184831
09/02/2018,155.66,157.24,150.13,156.1,113836554
12/02/2018,157.67,159.95,156.46,158.87,63050637
13/02/2018,157.98,160.01,157.72,159.69,31785595
14/02/2018,158.79,162.93,158,162.68,52107431
15/02/2018,164.14,165.7,162.44,165.7,51633887
16/02/2018,165.18,166.76,164.68,164.96,62256291
20/02/2018,164.39,166.68,164.31,165.29,36785626
21/02/2018,166.06,167.72,164.72,164.82,41161779
22/02/2018,165.54,166.42,164.38,164.8,37074413
23/02/2018,166.06,168.17,165.45,168.17,50096916
26/02/2018,168.93,170.4,168.82,170.4,39266658
27/02/2018,170.42,170.73,168.21,168.29,42209873
28/02/2018,169.25,169.8,167.1,167.21,42936334
01/03/2018,167.29,168.07,163,164.48,76809904
02/03/2018,162.59,166.28,161.96,165.99,57445063
05/03/2018,165.26,168.26,164.59,167.83,38540207
06/03/2018,168.61,169.11,167.48,168.54,29480927
07/03/2018,167.26,169.07,166.96,168.93,34609407
08/03/2018,169.54,169.98,168.95,169.86,25828371
09/03/2018,171.1,173.16,170.82,173.16,38310546
12/03/2018,173.65,174.48,173.28,174.08,37634971
13/03/2018,174.8,175.21,171.27,171.71,55638925
14/03/2018,172.58,172.74,170.93,171.68,40536383
15/03/2018,171.83,172.53,170.9,171.53,28810366
16/03/2018,171.78,172.2,170.94,171.02,31176742
19/03/2018,169.16,169.22,165.64,167.1,71395061
20/03/2018,167.1,168.04,166.61,167.65,34075664
21/03/2018,167.23,168.76,166.19,166.92,43863543
22/03/2018,164.7,165.77,162.59,162.8,66607288
23/03/2018,162.6,163.3,158.43,158.51,80110392
26/03/2018,161.68,164.6,159.16,164.4,57481503
27/03/2018,165.6,165.62,157.68,159.08,78889105
28/03/2018,158.25,159.78,156.04,157.25,89369655
29/03/2018,158.13,161.71,156.63,160.13,68692566
02/04/2018,159,159.74,153.88,155.51,85549443
03/04/2018,156.92,157.92,154.44,157.26,64090049
04/04/2018,154.27,160.23,154.04,159.74,65768692
05/04/2018,161.33,161.58,159.48,160.65,43054868
06/04/2018,158.94,160.46,155.88,156.63,59870865
09/04/2018,158.01,160.88,157.46,157.73,41810380
10/04/2018,160.13,161.73,159.07,161.21,48601323
11/04/2018,160.2,162,160.1,160.28,41622139
12/04/2018,161.3,162.77,161.16,162.21,30467889
13/04/2018,163.01,163.26,160.67,161.37,44604892
16/04/2018,162.45,163.19,161.48,162.6,28180780
17/04/2018,164.19,166.46,163.91,166.1,35536087
18/04/2018,166.12,167,165.31,166.44,29573880
19/04/2018,165.65,165.99,164.34,164.91,34705692
20/04/2018,164.49,164.61,161.73,162.3,49197140
23/04/2018,163.08,163.73,161.02,161.89,33040646
24/04/2018,162.62,162.91,157.39,158.46,70256751
25/04/2018,158.8,159.31,156.47,158.65,52089323
26/04/2018,160.72,162.53,160.18,161.99,43005532
27/04/2018,164.35,164.41,161.17,162.09,51043406
30/04/2018,162.48,163.48,160.54,160.94,35615273
01/05/2018,160.52,162.8,160.14,162.78,36513529
02/05/2018,163.1,163.57,161.63,161.82,38646842
03/05/2018,161.08,162.4,159.22,161.8,60337134
04/05/2018,161.11,165.25,160.98,164.87,41543243
07/05/2018,165.64,166.78,165.51,166.24,32500152
08/05/2018,165.83,166.43,164.86,166.07,26040170
09/05/2018,166.4,168,165.78,167.88,29122718
10/05/2018,168.43,169.74,168.29,169.62,27067597
11/05/2018,169.35,169.86,168.72,169.46,24688847
14/05/2018,169.84,170.82,169.47,169.75,21821749
15/05/2018,168.4,168.5,166.98,167.87,49361638
16/05/2018,168.1,169.37,168.01,168.98,22941159
17/05/2018,168.4,169.61,167.51,168.33,27480164
18/05/2018,167.71,168.26,167.21,167.46,26217939
21/05/2018,168.73,169.5,167.68,168.4,22954565
22/05/2018,169.15,169.45,167.88,168.18,19477721
23/05/2018,166.9,169.62,166.88,169.6,26557835
24/05/2018,169.56,169.85,167.84,169.55,27696539
25/05/2018,169.54,170.33,169.21,169.72,27460536
29/05/2018,168.91,169.92,167.96,168.97,41220468
30/05/2018,169.63,170.48,169.22,170.18,22665836
31/05/2018,170.13,171.2,169.63,170.07,35670946
01/06/2018,170.88,172.84,170.87,172.74,45543331
04/06/2018,173.16,174.34,173.07,174.3,20459634
05/06/2018,174.69,175.13,174.07,174.84,24779284
06/06/2018,175.02,175.89,174.14,175.86,25036647
07/06/2018,175.91,175.93,173.55,174.43,39600316
08/06/2018,173.57,174.88,173.18,174.44,31780348
11/06/2018,174.3,175.34,174.28,174.91,22319709
12/06/2018,175.15,176,174.96,175.83,22511832
13/06/2018,176.09,177.14,175.43,175.82,37858584
14/06/2018,176.62,177.89,176.5,177.6,35915978
15/06/2018,176.98,177.33,176.11,176.98,49615730
18/06/2018,175.53,176.65,174.94,176.5,31633192
19/06/2018,174.26,176.04,173.71,176,38235994
20/06/2018,176.79,177.98,176.65,177.25,33038042
21/06/2018,177.69,177.88,175.37,175.71,43469439
22/06/2018,176.31,176.37,174.69,175.32,30073187
25/06/2018,173.76,173.99,169.81,171.37,77799725
26/06/2018,171.99,173.06,171.37,172.07,39008146
27/06/2018,172.77,173.58,169.61,169.73,52843497
28/06/2018,169.52,171.77,169.17,171.19,46407708
29/06/2018,172,172.92,171.4,171.65,36408464
02/07/2018,170.04,172.85,169.67,172.8,31770026
03/07/2018,173.41,173.45,170.63,170.8,25512707
05/07/2018,171.91,173.06,171.03,172.92,31626198
06/07/2018,173.31,175.74,173,175.61,37005574
09/07/2018,176.49,177.23,175.82,177.19,27362061
10/07/2018,177.41,177.72,176.71,177.32,23902488
11/07/2018,175.96,177.07,175.8,176.42,30280553
12/07/2018,177.21,179.46,177.08,179.46,27930119
13/07/2018,179.42,179.9,178.95,179.61,28067961
16/07/2018,179.64,179.95,178.88,179.18,21405310
17/07/2018,177.3,180.65,177.28,180.27,31034075
18/07/2018,180.28,180.44,179.38,179.93,23220839
19/07/2018,179.34,179.88,178.82,179.03,31094145
20/07/2018,179.57,180.17,178.79,178.99,35907619
23/07/2018,178.45,179.64,177.74,179.56,22184720
24/07/2018,181.39,182.05,179.56,180.3,36900281
25/07/2018,180.36,182.93,180.29,182.82,36022078
26/07/2018,180.35,180.92,179.81,180.05,40873485
27/07/2018,181.26,181.31,176.6,177.62,59456093
30/07/2018,177.66,177.73,174.27,175.11,60192990
31/07/2018,175.75,177.13,174.82,176.45,47285135
01/08/2018,176.87,177.65,176.1,177.12,37101925
02/08/2018,175.87,179.74,175.79,179.53,47178229
03/08/2018,179.8,180.09,179.08,180.08,28934445
06/08/2018,179.97,181.19,179.74,181.14,24808763
07/08/2018,181.63,182.14,181.26,181.8,29895664
08/08/2018,181.55,182.35,181.06,182.02,22680749
09/08/2018,181.94,182.63,181.64,181.91,18852898
10/08/2018,180.68,181.22,179.84,180.52,33818464
13/08/2018,180.85,182.01,180.24,180.32,26089195
14/08/2018,181.01,181.66,180.04,181.45,20913021
15/08/2018,180.09,180.58,178.12,179.23,58528016
16/08/2018,180.57,180.99,179.47,179.82,27711761
17/08/2018,179.36,180.31,178.27,179.86,36092641
20/08/2018,180.28,180.33,179,179.7,24938956
21/08/2018,180.26,181.44,180.13,180.36,26258657
22/08/2018,179.96,181.27,179.75,181.06,18042380
23/08/2018,180.77,182.05,180.5,180.8,25776166
24/08/2018,181.4,182.63,181.36,182.48,23136113
27/08/2018,183.43,184.34,183.11,184.34,29343552
28/08/2018,184.8,185.02,184.22,184.61,20277036
29/08/2018,184.91,186.84,184.86,186.74,29175591
30/08/2018,186.41,187.52,185.79,186.41,29315453
31/08/2018,186.18,187.18,185.98,186.65,28653248
04/09/2018,186.1,186.4,184.85,185.85,29063537
05/09/2018,185.55,185.55,182.82,183.45,42623326
06/09/2018,183.54,183.75,180.58,181.81,46091403
07/09/2018,180.53,182.67,180.44,181.11,46629495
10/09/2018,182.12,182.25,180.73,181.72,26131977
11/09/2018,180.97,183.42,180.52,183.12,30116460
12/09/2018,182.87,182.98,181.01,182.58,36203973
13/09/2018,183.67,184.88,183.64,184.53,31133188
14/09/2018,184.66,184.95,183.26,183.99,31224132
17/09/2018,183.66,183.81,181.17,181.34,33071197
18/09/2018,181.52,183.73,181.4,182.84,31877347
19/09/2018,182.86,183.3,181.51,182.7,31843377
20/09/2018,183.95,184.97,183.52,184.72,33295820
21/09/2018,185.27,185.48,183.48,183.71,38605353
24/09/2018,182.05,183.96,181.3,183.89,34945602
25/09/2018,183.78,184.28,183.18,184.14,25277520
26/09/2018,184.25,185.99,183.91,184.27,36210571
27/09/2018,185.04,186.49,184.92,185.83,33113269
28/09/2018,185.25,186.28,184.97,185.79,28076843
01/10/2018,186.82,187.53,185.7,186.17,27371297
02/10/2018,185.95,187.18,185.32,185.75,25618608
03/10/2018,186.52,186.97,185.66,185.95,29128683
04/10/2018,185.22,185.32,181.06,182.38,80557283
05/10/2018,182.39,182.97,178.43,180.15,83325630
08/10/2018,179.37,180.64,176.93,179.05,66864481
09/10/2018,179.2,181.02,178.75,179.63,49097949
10/10/2018,178.53,178.62,171.5,171.73,114471052
11/10/2018,171.04,173.4,167.81,169.6,143084463
12/10/2018,173.99,174.86,170.93,174.32,102078388
15/10/2018,173.69,174.04,171.56,172.21,64885255
16/10/2018,174.02,177.65,173.7,177.22,71979688
17/10/2018,178.14,178.26,175.47,177.29,66987639
18/10/2018,176.6,176.68,172.44,173.18,82486208
19/10/2018,174.39,176.07,172.39,173.02,82923733
22/10/2018,174.06,175.25,172.59,173.91,52909281
23/10/2018,170.79,174.13,168.82,173.27,77566972
24/10/2018,173.12,173.36,165.04,165.34,102997449
25/10/2018,167.99,172.08,167.16,171.06,83481070
26/10/2018,165.24,169.96,164.23,166.66,130970908
29/10/2018,169.16,169.86,160.09,163.23,111871933
30/10/2018,162.8,166.04,162.01,165.92,92583965
31/10/2018,168.55,171.25,168.54,169.82,73828635
01/11/2018,170.08,172.24,168.78,172.06,52706823
02/11/2018,171.53,172.55,168.22,169.38,75966781
05/11/2018,169.61,169.66,167.08,168.96,39573533
06/11/2018,168.93,171.19,168.72,170.24,34410390
07/11/2018,172.25,175.58,171.87,175.58,51169614
08/11/2018,174.76,175.3,173.63,174.46,40296538
09/11/2018,172.83,173.25,170.16,171.52,50602710
12/11/2018,170.33,170.64,166.18,166.33,62578371
13/11/2018,167.15,169.48,166,166.47,64128079
14/11/2018,168.09,168.7,164.25,165.2,75270714
15/11/2018,164.84,168.54,163.46,168.09,73254349
16/11/2018,166.49,168.31,165.78,167.5,65390675
19/11/2018,166.74,166.9,161.54,162.06,67280478
20/11/2018,158.37,161.38,157.13,159.16,102652794
21/11/2018,161.29,161.97,159.23,160.37,42965839
23/11/2018,159.09,160.84,159.09,159.21,23503729
26/11/2018,161.44,162.97,160.76,162.89,42012633
27/11/2018,162,163.85,161.18,163.44,36608063
28/11/2018,164.62,168.7,163.47,168.7,70140986
29/11/2018,168,169.26,166.82,168.15,44885711
30/11/2018,168.38,169.47,167.54,169.37,36722760
03/12/2018,173.1,173.31,169.51,172.33,50771695
04/12/2018,171.38,171.91,165.52,165.72,70594743
06/12/2018,162.46,166.91,161.77,166.89,71715526
07/12/2018,166.13,167.12,160.86,161.38,80432176
10/12/2018,161.11,163.78,159.41,163.07,73960758
11/12/2018,165.66,165.77,162.23,163.61,59058296
12/12/2018,166.06,167.6,164.96,165.05,53779992
13/12/2018,166.06,166.82,164.03,165.1,46377864
14/12/2018,163.19,163.81,160.7,161.08,56547419
17/12/2018,160.41,161.67,156.17,157.43,74834076
18/12/2018,158.67,159.95,157.04,158.42,63642120
19/12/2018,158.24,160.72,153.34,154.53,81856456
20/12/2018,154.16,155.87,150.39,152.29,99002139
21/12/2018,153.06,154.09,146.72,147.57,141129408
24/12/2018,146.14,147.98,143.46,143.5,56163290
26/12/2018,145.12,152.54,144.09,152.46,98982064
27/12/2018,150.57,153.18,147.08,153.05,85824343
28/12/2018,154.01,155.59,151.72,152.97,77856625
31/12/2018,154.47,154.98,152.71,154.26,53015313
02/01/2019,150.99,155.75,150.88,154.88,58576672
03/01/2019,152.6,153.26,149.49,149.82,74820225
04/01/2019,152.18,157,151.74,156.23,74709320
07/01/2019,156.54,158.86,156.11,158.09,52059331
08/01/2019,159.56,160.11,157.2,159.52,49388694
09/01/2019,160.15,161.52,159.47,160.82,46491747
10/01/2019,159.59,161.37,158.7,161.28,38943414
11/01/2019,160.32,160.86,159.79,160.69,30176643
14/01/2019,159.32,159.96,158.59,159.27,30710234
15/01/2019,159.97,162.6,159.91,162.38,40874224
16/01/2019,162.63,163.78,162.29,162.35,33812190
17/01/2019,161.84,164.36,161.57,163.63,39328959
18/01/2019,164.84,166.02,163.82,165.25,57183243
22/01/2019,164.05,164.14,160.76,161.94,56711694
23/01/2019,162.77,163.51,160.32,162.15,38106062
24/01/2019,162.66,163.44,162.06,163.2,32413351
25/01/2019,164.48,165.65,163.95,165.15,36466069
28/01/2019,163.03,163.12,161.75,163.11,33491216
29/01/2019,163.2,163.24,160.99,161.57,30784175
30/01/2019,163.39,166.28,162.89,165.68,41346533
31/01/2019,166.65,168.99,166.47,168.16,37258361
01/02/2019,167.37,168.6,166.99,167.45,32143672
04/02/2019,167.51,169.53,167.33,169.53,26718781
05/02/2019,169.75,171.23,169.69,171.03,28156368
06/02/2019,171.06,171.37,169.75,170.52,27970006
07/02/2019,169.03,169.45,166.95,168.23,42036193
08/02/2019,166.73,168.59,166.57,168.56,29020747
11/02/2019,169.14,169.58,167.98,168.4,21434088
12/02/2019,169.59,171.14,169.33,170.89,29722073
13/02/2019,171.62,172.16,170.82,171.01,26094136
14/02/2019,170.38,171.83,169.83,171.22,30326830
15/02/2019,172.51,172.56,171.14,171.94,32521685
19/02/2019,171.39,172.8,171.38,172.28,19487679
20/02/2019,172.43,173.08,171.32,172.25,32592995
21/02/2019,171.77,172.26,170.71,171.62,25207401
22/02/2019,171.98,173.01,171.9,172.89,27735358
25/02/2019,174.2,174.66,173.4,173.52,32608754
26/02/2019,173.04,174.25,172.81,173.7,21939717
27/02/2019,172.92,173.8,171.76,173.59,25162014
28/02/2019,173.04,173.81,172.7,173.19,25085470
01/03/2019,174.41,174.65,173.18,174.39,31431156
04/03/2019,175.37,175.79,172.47,174.42,38063458
05/03/2019,174.52,175.09,173.69,174.55,22319863
06/03/2019,174.68,174.75,173.28,173.56,27194581
07/03/2019,173.09,173.18,170.79,171.43,39407443
08/03/2019,169.51,171.26,169.34,171.17,39303225
11/03/2019,171.86,174.85,171.85,174.73,30518408
12/03/2019,175.17,176.14,174.77,175.69,33953500
13/03/2019,176.6,177.93,176.35,177.01,42426135
14/03/2019,177.12,177.34,176.66,176.71,23751477
15/03/2019,177.43,178.88,177.28,178.35,38191958
18/03/2019,177.95,178.99,177.59,178.45,32935125
19/03/2019,179.16,180,178.29,179.05,36893341
20/03/2019,179.06,180.86,178.24,179.76,50104996
21/03/2019,179.24,182.83,179.2,182.57,42428481
22/03/2019,181.76,182.27,178.37,178.56,70794543
25/03/2019,177.92,178.84,176.93,178.22,46336524
26/03/2019,179.58,180.69,178.14,179.05,33248121
27/03/2019,179.27,179.72,176.6,177.9,37096697
28/03/2019,178.36,178.98,177.24,178.31,30368235
29/03/2019,179.63,179.83,178.59,179.66,35205511
01/04/2019,181.42,182.26,180.77,182.04,30969472
02/04/2019,182.23,182.91,181.78,182.73,22645151
03/04/2019,183.74,184.92,183.21,183.78,31633476
04/04/2019,183.81,184.5,182.65,183.71,28530828
05/04/2019,184.3,184.77,184.02,184.66,25674660
08/04/2019,184.37,185.28,183.63,185.13,22697543
09/04/2019,184.5,185.11,184.09,184.48,25631886
10/04/2019,184.75,185.53,184.52,185.47,24562958
11/04/2019,185.77,185.78,184.69,185.03,20654094
12/04/2019,185.86,185.95,185.06,185.83,24989136
15/04/2019,185.81,186.07,184.62,185.86,21073046
16/04/2019,186.51,186.91,185.93,186.5,27195709
17/04/2019,187.75,187.93,186.6,187.15,29651575
18/04/2019,187.48,187.79,186.29,187.39,28580864
22/04/2019,186.54,187.99,186.43,187.92,17936033
23/04/2019,188.37,190.54,188.13,190.31,33665561
24/04/2019,190.44,190.71,189.65,189.71,24977108
25/04/2019,191.15,191.22,189.45,190.48,29517497
26/04/2019,190.2,190.69,188.59,190.65,26359537
29/04/2019,190.62,191.32,190.34,191.02,21716242
30/04/2019,189.48,189.85,188.21,189.54,31495277
01/05/2019,190.76,191.32,188.8,188.93,34797109
02/05/2019,188.88,189.85,186.87,188.11,44110122
03/05/2019,189.69,191.25,189.33,191.11,30386180
06/05/2019,187.1,190.2,186.76,189.94,38371777
07/05/2019,187.86,188.67,184.51,186.24,58818134
08/05/2019,185.68,187.17,184.96,185.77,37165319
09/05/2019,183.76,185.41,182.09,184.77,55351668
10/05/2019,184.06,185.89,181.03,185,58526402
13/05/2019,180.3,181.26,178.06,178.58,67185766
14/05/2019,179.51,181.63,178.86,180.54,43360636
15/05/2019,179.39,183.55,179.31,183.09,40944547
16/05/2019,183.11,186.07,182.95,184.93,39281157
17/05/2019,183.1,185.58,182.88,183.04,44702276
20/05/2019,180.51,181.18,179.34,179.95,38608294
21/05/2019,181.5,182.33,180.92,181.83,31613790
22/05/2019,180.81,182.07,180.75,181.02,24332550
23/05/2019,179,179.02,177.14,178.25,45351309
24/05/2019,179.3,179.85,177.94,178.16,25903267
28/05/2019,178.67,179.66,177.47,177.49,24763823
29/05/2019,176.45,177,175.09,176.03,42178772
30/05/2019,176.54,177.27,175.77,176.77,30354790
31/05/2019,174.71,175.29,173.87,173.95,45446206
03/06/2019,173.52,173.95,169.27,170.12,75842290
04/06/2019,171.98,174.97,171.37,174.91,47797848
05/06/2019,176.6,176.61,174.38,176.21,34412697
06/06/2019,176.52,178.04,175.73,177.61,29913205
07/06/2019,178.5,181.77,178.33,181.04,45888345
10/06/2019,182.23,184.85,182.21,183.15,41385280
11/06/2019,185.07,185.4,182.78,183.4,41260320
12/06/2019,182.88,183.28,182,182.34,27758120
13/06/2019,183.12,183.87,182.74,183.42,23715829
14/06/2019,182.44,183.11,181.94,182.64,22844089
17/06/2019,183.01,184.25,182.84,183.74,20379476
18/06/2019,185.88,187.72,185.43,186.41,48177301
19/06/2019,186.73,187.53,185.57,187.11,31672855
20/06/2019,189.72,189.76,187.16,188.85,40921964
21/06/2019,188.57,189.77,188.17,188.57,39980418
24/06/2019,188.52,188.72,188.06,188.16,19375205
25/06/2019,188.06,188.14,184.65,184.93,33921112
26/06/2019,186.13,187.33,185.49,185.79,22595721
27/06/2019,186.47,186.94,185.99,186.5,19709228
28/06/2019,186.95,187.15,186.07,186.74,21179248
01/07/2019,190.3,190.57,188.38,189.26,31193393
02/07/2019,189.19,190.03,188.66,190.01,18035768
03/07/2019,190.45,191.44,190.29,191.44,15792067
05/07/2019,190.15,191.4,189.39,191.05,21415620
08/07/2019,189.86,189.87,188.93,189.71,17598826
09/07/2019,188.79,190.9,188.65,190.66,19193497
10/07/2019,191.79,193.09,191.47,192.56,28374513
11/07/2019,192.88,193.34,191.81,192.42,23736122
12/07/2019,192.63,193.54,192.45,193.53,20211883
15/07/2019,193.97,194.19,193.44,194.15,15606074
16/07/2019,193.86,194.09,192.56,193.15,20190891
17/07/2019,193.2,193.49,192.18,192.2,16765069
18/07/2019,191.3,192.79,190.69,192.42,29066336
19/07/2019,193.82,193.83,190.81,191.01,29387945
22/07/2019,191.5,192.94,191.44,192.53,18953596
23/07/2019,193.58,193.81,192.29,193.79,23786726
24/07/2019,193.07,195.16,193.03,195.15,20422872
25/07/2019,194.48,194.52,192.93,193.3,23434744
26/07/2019,194.52,195.55,194.43,195.29,20431243
29/07/2019,195.18,195.18,193.39,194.62,20451652
30/07/2019,193.16,194.54,192.99,193.78,18705006
31/07/2019,194.31,194.43,189.32,191.1,41627473
01/08/2019,191.51,194.98,189.23,190.15,63251648
02/08/2019,188.82,188.99,186.21,187.35,55214006
05/08/2019,183.51,183.51,179.2,180.73,75039971
06/08/2019,182.38,183.8,181.07,183.26,41897249
07/08/2019,181.32,184.51,179.89,184.25,49990586
08/08/2019,185.15,188.32,184.57,188.26,38418084
09/08/2019,187.32,188,185.03,186.49,33608926
12/08/2019,185.34,185.9,183.5,184.35,24642870
13/08/2019,184.27,189.68,184.02,188.39,40473043
14/08/2019,185.31,185.95,182.42,182.76,51000548
15/08/2019,183.11,183.59,181.16,182.55,36848178
16/08/2019,184.11,185.95,184.1,185.48,34785006
19/08/2019,188.03,188.83,187.5,188.43,22568634
20/08/2019,188,188.64,186.92,186.97,19939552
21/08/2019,188.66,189.23,187.96,188.63,20745478
22/08/2019,188.98,189.46,186.54,188.02,24270520
23/08/2019,186.76,188.45,181.56,182.07,55442893
26/08/2019,184.19,184.87,183.08,184.82,27689838
27/08/2019,186.08,186.42,183.71,184.43,28080093
28/08/2019,183.84,185.4,182.91,185.09,21848789
29/08/2019,187.37,188.46,186.68,187.92,25427207
30/08/2019,188.94,188.97,186.41,187.47,26332749
03/09/2019,186.26,187.18,185.03,185.65,28026617
04/09/2019,187.43,188.49,186.9,188.33,21676335
05/09/2019,190.39,192.33,190.34,191.78,34060994
06/09/2019,192.03,192.17,191.17,191.59,19487821
09/09/2019,192.18,192.27,190.22,191.19,24407580
10/09/2019,190.19,190.74,188.91,190.64,23744687
11/09/2019,190.98,192.53,190.56,192.43,25063617
12/09/2019,193.64,194.71,192.97,193.23,28689878
13/09/2019,192.95,193.4,192.29,192.54,27669795
16/09/2019,191.3,192.08,191.11,191.68,20318987
17/09/2019,191.7,192.6,191.29,192.6,21113675
18/09/2019,192.2,192.6,190.11,192.52,31173056
19/09/2019,192.86,194.04,192.47,192.84,26214873
20/09/2019,193.11,193.31,190.16,190.8,30131528
23/09/2019,190.36,191.07,189.72,190.5,22917563
24/09/2019,191.37,191.79,187.15,187.97,41096614
25/09/2019,187.79,190.58,186.21,190.08,36499191
26/09/2019,189.87,190,187.98,189.38,27030029
27/09/2019,189.7,189.83,185.75,187.03,40804222
30/09/2019,187.75,189.11,187.4,188.81,26559841
01/10/2019,189.54,190.59,186.96,187.27,32665025
02/10/2019,186.01,187.2,183.02,184.05,48931982
03/10/2019,184.07,186.21,181.82,186.07,39612315
04/10/2019,186.99,189.08,186.88,188.81,32752668
07/10/2019,188.23,189.74,187.91,188.24,21404580
08/10/2019,187.01,187.86,185.27,185.42,33201939
09/10/2019,186.96,188.08,186.43,187.23,20829012
10/10/2019,187.25,189.43,187.12,188.68,26693780
11/10/2019,190.8,192.63,190.72,191.11,41428907
14/10/2019,190.82,191.7,190.65,191.09,15372774
15/10/2019,191.65,193.97,191.56,193.52,23735826
16/10/2019,192.88,193.53,192.43,193.04,20689207
17/10/2019,194.18,194.5,192.81,193.55,19161821
18/10/2019,193.26,193.67,190.71,191.69,27719069
21/10/2019,192.65,193.52,192.14,193.39,15868946
22/10/2019,194.06,194.42,191.79,191.85,22988988
23/10/2019,191.43,192.26,191.15,192.22,15198327
24/10/2019,193.62,194.21,192.74,194.09,19264220
25/10/2019,193.09,195.74,193.05,195.64,21507115
28/10/2019,196.57,197.83,196.55,197.57,18842303
29/10/2019,197.24,197.54,196.01,196.04,18569675
30/10/2019,196.42,197.32,195.29,196.99,21764311
31/10/2019,197.56,197.65,195.94,197.08,26801803
01/11/2019,197.93,198.88,197.63,198.87,22131875
04/11/2019,200.19,200.53,198.87,200.1,19015855
05/11/2019,200.35,200.55,199.55,200.21,15048864
06/11/2019,199.98,200,198.79,199.76,19725486
07/11/2019,200.76,201.72,199.85,200.43,17832355
08/11/2019,200.02,201.25,199.54,201.23,15272516
11/11/2019,200.23,201.04,199.94,200.96,10187222
12/11/2019,201.13,202.21,200.82,201.54,14778283
13/11/2019,200.84,201.78,200.71,201.59,16110341
14/11/2019,200.83,201.56,200.22,201.43,17055686
15/11/2019,202.61,202.91,202,202.91,18434519
18/11/2019,202.61,203.39,201.77,203.07,18408797
19/11/2019,203.84,203.84,202.59,203.37,16997568
20/11/2019,202.85,203.45,200.62,202.15,36706275
21/11/2019,201.94,202.07,201.07,201.7,17934353
22/11/2019,202.17,202.32,200.74,201.83,17197019
25/11/2019,202.67,204.26,202.67,204.22,17794718
26/11/2019,204.32,204.87,204.05,204.61,14812921
27/11/2019,205.13,206.05,204.89,206.04,17060233
29/11/2019,205.59,205.83,205,205.1,9854553
02/12/2019,205.11,205.18,201.78,203,28121020
03/12/2019,200.32,201.49,193.79,201.41,31425404
04/12/2019,202.49,202.91,202.14,202.43,15336754
05/12/2019,203.15,203.15,201.84,202.83,15038785
06/12/2019,204.25,205.15,204.15,205,16562247
09/12/2019,204.63,205.59,203.98,204.07,14032175
10/12/2019,204.17,204.88,203.44,203.9,21849714
11/12/2019,204.37,205.19,204.04,204.98,18897759
12/12/2019,204.77,207.32,204.49,206.51,32704625
13/12/2019,206.36,207.91,205.96,207.19,32534393
16/12/2019,208.5,209.53,208.48,209.27,21366177
17/12/2019,209.5,209.71,209.04,209.39,16034647
18/12/2019,209.6,210.13,209.33,209.55,15490828
19/12/2019,209.64,210.93,209.62,210.86,17892062
20/12/2019,211.81,212.52,211.27,211.71,27690934
23/12/2019,212.03,212.15,211.63,211.81,23798671
24/12/2019,211.97,212.09,211.44,211.92,7089020
26/12/2019,212.26,213.81,212.23,213.79,17159310
27/12/2019,214.55,214.56,213.04,213.61,18142239
30/12/2019,213.51,213.63,211.16,212.21,21829913
31/12/2019,211.62,212.76,211.2,212.61,18201585
02/01/2020,214.4,216.16,213.98,216.16,31014904
03/01/2020,213.29,215.47,213.28,214.18,27532657
06/01/2020,212.49,215.59,212.24,215.56,21726989
07/01/2020,215.64,216.14,214.85,215.53,23120994
08/01/2020,215.47,218.14,215.16,217.15,26464212
09/01/2020,218.91,219.41,217.71,218.99,23641291
10/01/2020,219.76,219.87,218.04,218.43,21914631
13/01/2020,219.31,220.98,218.98,220.95,22846102
14/01/2020,220.75,221.21,219.74,220.08,24573340
15/01/2020,220.18,221.2,219.45,220.17,25742084
16/01/2020,221.24,222.32,220.8,222.28,18804959
17/01/2020,223.24,223.56,222.12,223.38,24325167
21/01/2020,222.73,223.84,222.66,223.28,21146264
22/01/2020,224.38,225.15,223.59,223.87,20736403
23/01/2020,223.71,224.69,222.7,224.59,26496113
24/01/2020,225.62,225.88,221.67,222.7,37436483
27/01/2020,217.72,219.28,217.18,218.1,42264418
28/01/2020,219.6,221.96,219.06,221.45,26731876
29/01/2020,222.66,222.93,220.83,221.81,29063128
30/01/2020,220.37,222.7,219.69,222.6,39568093
31/01/2020,223.5,223.56,218.29,219.07,52015832
03/02/2020,220.14,222.89,219.99,222.38,25468307
04/02/2020,225.39,227.86,224.65,227.47,30691211
05/02/2020,230.22,230.25,226.85,228.22,38534817
06/02/2020,228.77,230.25,227.98,230.19,22467077
07/02/2020,229.16,230.44,228.54,229.2,25884933
10/02/2020,228.43,231.98,228.38,231.97,21478925
11/02/2020,233.21,234.02,231.4,232.01,30197983
12/02/2020,233.34,234.38,232.8,234.27,24471275
13/02/2020,232.62,234.93,232.36,233.97,22773159
14/02/2020,234.28,234.86,233.55,234.64,23438530
18/02/2020,233.47,235.17,233.25,234.73,24521242
19/02/2020,236.07,237.47,235.85,236.98,22230464
20/02/2020,236.46,236.95,231.88,234.78,42604016
21/02/2020,233.64,234.01,229.32,230.27,66058611
24/02/2020,221.84,224.25,220.26,221.39,84522551
25/02/2020,223.19,223.99,214.74,215.37,97742982
26/02/2020,216.67,220.28,214.9,216.48,80400053
27/02/2020,211.05,216.42,205.5,205.64,121822562
28/02/2020,198.92,207.17,198.17,205.8,149247073
02/03/2020,208.88,216.57,205.94,216.42,112933945
03/03/2020,217.11,219.61,207.62,209.48,131953546
04/03/2020,213.32,218.33,211.37,218.22,73086209
05/03/2020,212.69,216.36,210.1,211.59,78705458
06/03/2020,204.67,209.15,202.91,208.02,89828392
09/03/2020,193.48,201.16,192.11,193.57,116423986
10/03/2020,201.11,204.3,193.68,204.11,100599233
11/03/2020,199.35,200.75,192.73,195.22,89168783
12/03/2020,182.09,190.78,176.94,177.32,137820698
13/03/2020,187.07,194.48,178.13,192.34,134881981
16/03/2020,174.15,184.68,169.16,169.3,92054386
17/03/2020,175.47,184.39,169.78,182.14,121257108
18/03/2020,171.61,179.22,166.8,176.6,114156320
19/03/2020,175.69,183.49,171.63,177.66,120896481
20/03/2020,181.74,182.87,170.1,170.7,118983891
23/03/2020,170.92,174.21,164.93,170.46,124639782
24/03/2020,179.91,183.83,177.95,183.66,94881785
25/03/2020,184.42,189.51,179.98,182.3,88754909
26/03/2020,183.87,192.72,183.61,191.9,79887564
27/03/2020,186.93,190.51,184.66,185.3,58844975
30/03/2020,187.1,192.49,186.34,192.04,49356936
31/03/2020,191.53,195.25,189.2,190.4,62659265
01/04/2020,184.81,187.66,180.86,182.31,53715375
4/2/2020 16:00:00,181.59,190.1,180.97,186.01,56465348
4/3/2020 16:00:00,185.5,187.07,181.29,183.37,47487621
4/6/2020 16:00:00,190.38,197.65,189.19,196.48,64763518
4/7/2020 16:00:00,202.14,202.66,196,196.4,69904478
4/8/2020 16:00:00,198.08,201.17,196.17,200.57,45940439
4/9/2020 16:00:00,202.27,203.22,199.03,200.86,68323929
4/13/2020 16:00:00,199.92,203.42,198.75,203.03,42853948
4/14/2020 16:00:00,207.17,212.5,206.42,211.86,63959563
4/15/2020 16:00:00,208.48,211.83,207.12,209.43,47035953
4/16/2020 16:00:00,211.78,214.37,209.69,213.25,64657362
4/17/2020 16:00:00,215.96,216.51,212.08,215.29,62863223
4/20/2020 16:00:00,213.27,215.88,212.57,212.74,38249128
4/21/2020 16:00:00,210.63,211.16,203.63,204.89,72932771
4/22/2020 16:00:00,209.14,212.35,208.33,210.97,40188772
4/23/2020 16:00:00,211.8,214.44,210.1,210.52,43278542
4/24/2020 16:00:00,210.94,214.3,209.5,213.84,34303365
4/27/2020 16:00:00,216.18,216.63,214.5,215.56,36451698
4/28/2020 16:00:00,217.27,217.32,211.21,211.5,46862816
4/29/2020 16:00:00,216.21,219.97,215.14,219,48716406
4/30/2020 16:00:00,220.01,220.04,217.35,218.91,43359476
5/1/2020 16:00:00,214.54,216.67,211.68,212.74,48794968
5/4/2020 16:00:00,211.61,215.45,211.12,215.22,32841020
5/5/2020 16:00:00,217.4,220.14,216.85,217.66,37783075
5/6/2020 16:00:00,219.37,221.04,218.11,219,36455218
5/7/2020 16:00:00,221.75,222.73,220.42,221.82,38624836
5/8/2020 16:00:00,223.55,225,222.48,224.86,31964416
5/11/2020 16:00:00,223.5,227.93,223.25,226.87,35714128
5/12/2020 16:00:00,227.48,228.1,222.09,222.12,41054123
5/13/2020 16:00:00,222.65,224.61,216.71,219.34,65521208
5/14/2020 16:00:00,218.12,221.87,215.99,221.83,51549345
5/15/2020 16:00:00,218.77,223.33,218.33,223.27,55747208
5/18/2020 16:00:00,226.28,228.68,225.47,227.43,42597551
5/19/2020 16:00:00,227.66,229.85,226.71,226.86,36237303
5/20/2020 16:00:00,229.48,231.76,229.48,231.39,37417000
5/21/2020 16:00:00,231.49,232.14,228.34,228.87,43642908
5/22/2020 16:00:00,228.46,229.87,227.5,229.66,28762389
5/26/2020 16:00:00,233.44,233.57,228.79,229.04,33055346
5/27/2020 16:00:00,228.51,230.41,223.94,230.29,55665565
5/28/2020 16:00:00,229.05,233.47,229.05,229.99,43008478
5/29/2020 16:00:00,230.43,233.6,228.76,233.36,50878596
6/1/2020 16:00:00,232.4,234.45,232,234.06,26140125
6/2/2020 16:00:00,234.42,235.69,232.01,235.63,33383415
6/3/2020 16:00:00,236.23,237.47,235.35,236.69,37228701
6/4/2020 16:00:00,236.32,237.79,233.68,235.03,38716097
6/5/2020 16:00:00,236.06,240.3,235.63,239.69,47365569
6/8/2020 16:00:00,239.54,241.68,237.91,241.55,32937305
6/9/2020 16:00:00,240.66,244.18,240.47,243.3,35046254
6/10/2020 16:00:00,245,247.82,244.51,246.22,58084410
6/11/2020 16:00:00,242.29,243.59,233.96,234.02,72919442
6/12/2020 16:00:00,239.09,240.4,231.74,235.88,72034787
6/15/2020 16:00:00,232.44,239.45,231.47,238.75,45307371
6/16/2020 16:00:00,243.78,244.39,239.1,242.85,48890095
6/17/2020 16:00:00,244.4,245.5,242.73,243.62,34749268
6/18/2020 16:00:00,243.29,244.53,242.49,244.28,30578648
6/19/2020 16:00:00,246.74,247,242.45,244.24,49422112
6/22/2020 16:00:00,243.77,246.87,243.38,246.74,24068676
6/23/2020 16:00:00,248.39,251.15,247.82,248.84,32767370
6/24/2020 16:00:00,247.99,249.33,242.16,243.71,46032376
6/25/2020 16:00:00,243.91,246.34,241.14,246.03,36940811
6/26/2020 16:00:00,245.75,245.96,239.68,240.22,52824554
6/29/2020 16:00:00,239.98,242.85,237.35,242.84,34377800
6/30/2020 16:00:00,242.77,248.16,242.58,247.6,38909219
7/1/2020 16:00:00,247.66,251.52,247.08,250.49,34689213
7/2/2020 16:00:00,252.97,254.27,251.71,252.19,31956497
7/6/2020 16:00:00,255.46,258.93,255.43,258.39,34589049
7/7/2020 16:00:00,258.1,260.88,256.3,256.61,36578191
7/8/2020 16:00:00,258,260.02,256.5,259.99,30426273
7/9/2020 16:00:00,261.89,262.87,257.63,262.18,40312906
7/10/2020 16:00:00,262,264.23,259.26,263.97,32885298
7/13/2020 16:00:00,266.87,269.79,257.69,258.54,64108090
7/14/2020 16:00:00,256.07,260.79,252.76,260.37,72230512
7/15/2020 16:00:00,261.68,262.69,257.49,260.9,54523869
7/16/2020 16:00:00,257.97,259.78,255.62,259.12,47594111
7/17/2020 16:00:00,259.71,260.31,257.17,259.42,35137871
7/20/2020 16:00:00,260.12,267.43,258.79,266.78,40610128
7/21/2020 16:00:00,268.41,268.41,263.13,264,43442967
7/22/2020 16:00:00,264.46,265.89,262.55,264.93,29865519
7/23/2020 16:00:00,264.55,265.24,256.55,258.01,51363538
7/24/2020 16:00:00,254.12,256.93,251.32,255.56,54054536
7/27/2020 16:00:00,257.36,260.52,256.45,260.12,36445741
7/28/2020 16:00:00,259.33,259.85,256.51,256.81,31302390
7/29/2020 16:00:00,258.33,260.66,257.91,259.77,27556884
7/30/2020 16:00:00,257.78,261.71,256.55,261.13,41774456
7/31/2020 16:00:00,265.83,265.95,260.85,265.79,53756159
8/3/2020 16:00:00,268.05,270.15,267.87,269.38,32081566
8/4/2020 16:00:00,268.74,270.48,268.09,270.38,24911286
8/5/2020 16:00:00,270.83,271.52,269.96,271.05,21685921
8/6/2020 16:00:00,270.78,274.98,270.19,274.64,28048224
8/7/2020 16:00:00,274.04,274.88,269.25,271.47,44969356
8/10/2020 16:00:00,271.74,271.98,266.67,270.31,35088373
8/11/2020 16:00:00,269.1,270.44,264.63,265.19,43104323
8/12/2020 16:00:00,267.37,272.84,267.37,271.86,38894272
8/13/2020 16:00:00,272.64,274.83,271.51,272.48,31895717
8/14/2020 16:00:00,273.01,273.4,270.72,272.16,30799494
8/17/2020 16:00:00,273.91,275.84,272.2,275.32,24802966
8/18/2020 16:00:00,276.41,278.46,274.91,277.97,23529498
8/19/2020 16:00:00,277.93,279.02,275.57,276.1,31999359
8/20/2020 16:00:00,275.3,280.43,274.86,279.93,27723379
8/21/2020 16:00:00,280.07,282.34,279.46,281.87,34748934
8/24/2020 16:00:00,285.06,286,281.27,283.63,36418533
8/25/2020 16:00:00,282.78,286.06,282.37,285.86,34866586
8/26/2020 16:00:00,287.11,292.22,285.83,291.96,42216690
8/27/2020 16:00:00,293.08,293.85,288.71,291.05,49482715
8/28/2020 16:00:00,292.27,293.18,290.93,292.53,28021022
8/31/2020 16:00:00,293.16,296.75,292.62,294.88,36321027
9/1/2020 16:00:00,297.6,300.04,295.79,299.92,36395774
9/2/2020 16:00:00,303.26,303.5,296.89,302.76,50836767
9/3/2020 16:00:00,298.2,298.62,284.41,287.41,110083282
9/4/2020 16:00:00,285.76,288.93,271.8,283.58,123958978
9/8/2020 16:00:00,272.27,278.22,269.66,269.95,99568645
9/9/2020 16:00:00,275.54,280.05,273,277.88,64837872
9/10/2020 16:00:00,280.97,282.2,270.56,272.34,69667462
9/11/2020 16:00:00,274.33,275.22,266.9,270.45,71809014
9/14/2020 16:00:00,274.28,277.22,272.96,275.16,38525194
9/15/2020 16:00:00,278.9,280.45,275.13,279.06,41849926
9/16/2020 16:00:00,279.77,280.36,274.25,274.61,42435626
9/17/2020 16:00:00,267.52,274.4,266.68,270.32,81570844
9/18/2020 16:00:00,271.62,272.09,262.63,266.87,86251117
9/21/2020 16:00:00,262.52,267.65,260.11,267.51,57168570
9/22/2020 16:00:00,270.05,273.08,266.54,272.48,41128886
9/23/2020 16:00:00,272.15,272.34,263.25,264.16,48837270
9/24/2020 16:00:00,261.58,268.7,261.22,265.39,70631704
9/25/2020 16:00:00,265.82,272.4,264.3,271.56,55242376
9/28/2020 16:00:00,276.62,277.2,271.67,277.2,58438286
9/29/2020 16:00:00,276.72,277.71,275.37,275.95,27178921
9/30/2020 16:00:00,276.09,281.09,275.87,277.84,49380802
10/1/2020 16:00:00,281.79,282.88,279.84,282.25,50020223
10/2/2020 16:00:00,276.01,282.24,273.44,274.31,75497391
10/5/2020 16:00:00,276.34,280.49,276.23,280.16,28184581
10/6/2020 16:00:00,279.29,281.19,274.25,275.16,49704236
10/7/2020 16:00:00,277.83,280.74,277.28,279.92,27539663
10/8/2020 16:00:00,282.32,282.47,280.31,281.41,25443287
10/9/2020 16:00:00,283.09,285.79,282.71,285.71,30201144
10/12/2020 16:00:00,290.6,297.46,289.47,294.53,79370657
10/13/2020 16:00:00,296.34,297.05,293.11,294.52,64240031
10/14/2020 16:00:00,295.32,296.35,290.26,292.06,37181227
10/15/2020 16:00:00,287.25,290.71,286.54,290.1,42514177
10/16/2020 16:00:00,291.8,293.27,288.15,288.51,40570702
10/19/2020 16:00:00,290.49,291.48,282.79,283.8,36756754
10/20/2020 16:00:00,284.56,287.62,282.95,284.41,32195361
10/21/2020 16:00:00,284.67,287.32,283.69,284.19,29306137
10/22/2020 16:00:00,285.05,285.98,280.82,284.18,32196162
10/23/2020 16:00:00,284.79,284.91,281.78,284.74,24658542
10/26/2020 16:00:00,282.32,285.3,276.76,280.47,38421094
10/27/2020 16:00:00,281.42,283.51,280.2,282.66,30559123
10/28/2020 16:00:00,278.13,278.64,271.38,271.64,53413523
10/29/2020 16:00:00,273.04,279.49,272.52,276.39,43246302
10/30/2020 16:00:00,274.38,275.24,267.07,269.38,65935893
11/2/2020 16:00:00,271.73,273.52,266.97,269.98,39987409
11/3/2020 16:00:00,271.86,276.82,270.84,274.65,43604145
11/4/2020 16:00:00,283.56,288.77,281.87,286.91,75728206
11/5/2020 16:00:00,293.41,295.39,292,294.39,52054186
11/6/2020 16:00:00,293.58,295.36,289.83,294.61,40959764
11/9/2020 16:00:00,297.31,299.14,288.12,288.59,86537071
11/10/2020 16:00:00,285.26,286.66,280.62,283.42,69024878
11/11/2020 16:00:00,285.92,290.25,283.38,289.76,36102931
11/12/2020 16:00:00,290.72,292.07,287.25,288.4,34516826
11/13/2020 16:00:00,290.01,291.57,287.87,290.93,24880582
11/16/2020 16:00:00,290.68,293.51,289.99,293.2,30168361
11/17/2020 16:00:00,293.4,293.74,291.61,292.27,21843463
11/18/2020 16:00:00,291.7,293.37,290.02,290.11,28069619
11/19/2020 16:00:00,289.48,292.7,288.85,292.38,22718422
11/20/2020 16:00:00,292.3,293.07,290.29,290.38,25907308
11/23/2020 16:00:00,291.41,292.75,288.07,290.39,26875588
11/24/2020 16:00:00,291.49,294.98,289.63,294.47,24516791
11/25/2020 16:00:00,295.44,296.94,294.59,296.28,23326826
11/27/2020 13:00:00,298.29,300.17,297.9,299.01,17163115
11/30/2020 16:00:00,299.3,299.97,294.78,299.62,27836232
12/1/2020 16:00:00,301.87,305.14,300.83,303.46,27642640
12/2/2020 16:00:00,302.22,304.2,300.35,303.85,23620003
12/3/2020 16:00:00,304.07,305.88,303.53,304.28,22828727
12/4/2020 16:00:00,304.33,305.67,303.63,305.52,19332081
12/7/2020 16:00:00,305.71,307.63,305.52,307.25,20850969
12/8/2020 16:00:00,306.76,308.6,304.95,308.29,18341464
12/9/2020 16:00:00,308.07,308.36,300.21,301.31,48839306
12/10/2020 16:00:00,299.21,303.68,298.09,302.52,27519544
12/11/2020 16:00:00,300.81,301.98,298.47,301.85,26760416
12/14/2020 16:00:00,303.08,306.05,303.01,304.04,28804832
12/15/2020 16:00:00,306.37,307.29,304.11,307.29,25790455
12/16/2020 16:00:00,307.7,309.79,306.62,308.98,25461890
12/17/2020 16:00:00,310.63,311.24,309.39,311,23730524
12/18/2020 16:00:00,311.66,311.98,307.61,310.06,41173392
12/21/2020 16:00:00,306.46,309.47,303.6,308.92,37095480
12/22/2020 16:00:00,309.85,310.71,306.85,309.76,26378343
12/23/2020 16:00:00,309.81,310.18,308.04,308.2,21201280
12/24/2020 13:00:00,308.47,310.02,308.39,309.56,16784997
12/28/2020 16:00:00,312.25,313.17,310.36,312.68,22497745
12/29/2020 16:00:00,314.05,314.69,312.03,312.96,25871925
12/30/2020 16:00:00,314.16,314.49,312.33,312.97,18138071
12/31/2020 16:00:00,312.87,314.24,311.76,313.74,21611412
1/4/2021 16:00:00,315.11,315.29,305.18,309.31,45305898
1/5/2021 16:00:00,308.29,312.14,308.29,311.86,29323409
1/6/2021 16:00:00,307,311.88,305.98,307.54,52809622
1/7/2021 16:00:00,310.28,315.84,310.25,314.98,30394826
1/8/2021 16:00:00,317.34,319.39,315.08,319.03,33955847
1/11/2021 16:00:00,315.98,317.19,313.75,314.42,32869095
1/12/2021 16:00:00,314.46,315.58,311.2,313.92,29266762
1/13/2021 16:00:00,314.19,316.86,313.57,316.04,22898417
1/14/2021 16:00:00,316.5,317.53,313.86,314.35,23500129
1/15/2021 16:00:00,314.13,315.12,310.58,311.86,35118718
1/19/2021 16:00:00,314.25,316.93,313.12,316.41,24537049
1/20/2021 16:00:00,320.14,324.74,316.51,323.77,30728096
1/21/2021 16:00:00,325.15,327.13,323.73,326.36,25316935
1/22/2021 16:00:00,325.29,326.46,324.71,325.42,21609444
1/25/2021 16:00:00,328.91,330.32,321.41,328.11,39080644
1/26/2021 16:00:00,328.85,329.76,327.22,328.59,25498112
1/27/2021 16:00:00,326.26,326.27,317.36,319.43,55263985
1/28/2021 16:00:00,320.67,326.42,320.03,321.32,42836324
1/29/2021 16:00:00,319.58,320.72,312.76,314.56,55259018
2/1/2021 16:00:00,318.11,323.54,316.02,322.42,35646008
2/2/2021 16:00:00,325.48,328.87,325.31,327.68,33930844
2/3/2021 16:00:00,329.82,330.2,326.32,326.38,24824518
2/4/2021 16:00:00,327.82,330.33,326.46,330.24,22350947
2/5/2021 16:00:00,331.22,332.4,329.53,331.36,22731960
2/8/2021 16:00:00,333.1,333.74,331.41,333.58,20462812
2/9/2021 16:00:00,332.62,334.81,332.61,333.51,17597478
2/10/2021 16:00:00,334.99,335.46,329.5,332.75,28068700
2/11/2021 16:00:00,334.33,335,332.12,334.58,22046071
2/12/2021 16:00:00,333.71,336.62,332.63,336.45,20346819
2/16/2021 16:00:00,337.27,338.19,334.34,335.54,27080777
2/17/2021 16:00:00,332.47,335.66,330.17,333.93,31467456
2/18/2021 16:00:00,330.23,333.87,328.36,332.47,32236240
2/19/2021 16:00:00,333.86,333.99,329.97,331.02,39157677
2/22/2021 16:00:00,326.5,327.8,322.23,322.44,47256944
2/23/2021 16:00:00,317,323.2,311,321.48,97241936
2/24/2021 16:00:00,318.74,324.45,315.96,324.13,58206272
2/25/2021 16:00:00,321.39,324.03,311.24,312.83,110182582
2/26/2021 16:00:00,315.85,319.11,310.88,314.14,104739841
3/1/2021 16:00:00,319.27,323.94,317.94,323.59,49164518
3/2/2021 16:00:00,324.25,324.33,318.14,318.4,48370034
3/3/2021 16:00:00,317.27,318.24,309.1,309.16,86301073
3/4/2021 16:00:00,308.78,312.04,300.11,304.1,139131582
3/5/2021 16:00:00,306.8,309.61,297.45,308.68,121523726
3/8/2021 16:00:00,308.12,310.06,299.51,299.94,88409781
3/9/2021 16:00:00,307.47,313.73,306.92,311.77,80391114
3/10/2021 16:00:00,316.16,316.47,310.17,310.88,76798065
3/11/2021 16:00:00,315.77,319.86,314.85,318.04,53484804
3/12/2021 16:00:00,313.86,318.23,311.39,315.46,69315601
3/15/2021 16:00:00,315.79,319,314.1,318.83,43123176
3/16/2021 16:00:00,321.09,324.2,319.1,320.58,54925896
3/17/2021 16:00:00,317.45,323.85,315.68,321.9,78258729
3/18/2021 16:00:00,316.87,317.88,311.57,312.04,82942269
3/19/2021 16:00:00,311.87,314.73,309.66,313.14,78446204
3/22/2021 16:00:00,315.21,320.74,315.21,318.61,56194755
3/23/2021 16:00:00,319.73,321.09,316.38,317.22,53455411
3/24/2021 16:00:00,318.63,318.67,311.72,311.87,64803729
3/25/2021 16:00:00,309.97,312.89,307.39,311.33,78729008
3/26/2021 16:00:00,311.11,316.33,309.67,316,63519634
3/29/2021 16:00:00,315.45,316.99,312.47,315.91,54607963
3/30/2021 16:00:00,313.89,314.91,311.54,314.32,44635676
3/31/2021 16:00:00,316.16,320.74,315.81,319.13,55032535
4/1/2021 16:00:00,323.07,324.71,322.81,324.57,55685602
4/5/2021 16:00:00,327.13,331.84,324.64,331.05,42172475
4/6/2021 16:00:00,330.73,332.83,330.02,330.82,33537210
4/7/2021 16:00:00,330.33,332.48,329.37,331.62,32046381
4/8/2021 16:00:00,334.56,335.27,333.74,335.08,29940799
4/9/2021 16:00:00,333.68,337.32,332.92,337.11,36664892
4/12/2021 16:00:00,336.04,337.1,334.73,336.67,25833013
4/13/2021 16:00:00,338.24,341.08,338.02,340.6,30374033
4/14/2021 16:00:00,340.85,340.98,335.67,336.51,42564337
4/15/2021 16:00:00,339.47,342.01,336.22,341.61,36342821
4/16/2021 16:00:00,342.15,342.23,340.08,342.01,40860099
4/19/2021 16:00:00,340.39,341.58,336.9,338.88,34533129
4/20/2021 16:00:00,338.2,339.52,334.38,336.41,38081818
4/21/2021 16:00:00,335.09,339.48,333.97,339.29,36598082
4/22/2021 16:00:00,338.89,339.9,334.01,335.2,45936143
4/23/2021 16:00:00,335.85,340.77,335.85,339.42,36414916
4/26/2021 16:00:00,339.67,341.92,338.9,341.63,30811968
4/27/2021 16:00:00,341.93,342.15,339.17,340.15,33187183
4/28/2021 16:00:00,339.81,340.85,338.33,339,33615696
4/29/2021 16:00:00,342.37,342.8,336.9,340.22,37708884
4/30/2021 16:00:00,337.7,340.26,337.05,337.99,38263421
5/3/2021 16:00:00,339.23,340,335.73,336.19,29729730
5/4/2021 16:00:00,333.56,333.89,326.21,330.14,65146972
5/5/2021 16:00:00,332.25,333.14,328.23,329.03,46219307
5/6/2021 16:00:00,328.76,331.67,326.45,331.51,46814283
5/7/2021 16:00:00,334.37,336.65,331.69,334.2,53324460
5/10/2021 16:00:00,332.78,332.96,325.55,325.76,60700462
5/11/2021 16:00:00,319.7,326.13,319.02,325.31,71963612
5/12/2021 16:00:00,320.23,322.62,316,316.89,91164855
5/13/2021 16:00:00,319.92,322.4,316.9,319.34,69877765
5/14/2021 16:00:00,322.6,327.33,322.08,326.39,44370015
5/17/2021 16:00:00,324.63,326.37,321.45,324.41,39394997
5/18/2021 16:00:00,325.39,326.65,321.94,322.22,36528454
5/19/2021 16:00:00,316.66,322.9,316.3,322.59,66319108
5/20/2021 16:00:00,324.12,329.71,323.89,328.83,46466135
5/21/2021 16:00:00,330.43,330.86,326.64,327.01,50330449
5/24/2021 16:00:00,329.37,333.67,326.9,332.51,32475771
5/25/2021 16:00:00,334.07,334.81,331.76,332.97,31280314
5/26/2021 16:00:00,333.66,334.61,332.95,334.13,25444932
5/27/2021 16:00:00,333.67,334.54,332.67,332.88,27931747
5/28/2021 16:00:00,334.12,335.57,333.6,333.93,29927449
6/1/2021 16:00:00,335.3,335.79,331.43,332.82,31145424
6/2/2021 16:00:00,333.25,334.34,331.7,333.47,22047940
6/3/2021 16:00:00,330.55,331.86,328.28,330,37057825
6/4/2021 16:00:00,331.85,336.06,331.78,335.6,38736545
6/7/2021 16:00:00,335.05,336.66,334.34,336.6,32611852
6/8/2021 16:00:00,338.4,339.29,335.03,336.76,27282819
6/9/2021 16:00:00,338.17,338.97,336.65,336.84,21485319
6/10/2021 16:00:00,337.19,340.46,336.73,340.35,33702067
6/11/2021 16:00:00,340.36,341.25,339.69,341.24,21222830
6/14/2021 16:00:00,341.68,344.52,340.46,344.51,27827716
6/15/2021 16:00:00,344.15,344.47,341.52,342.26,35963780
6/16/2021 16:00:00,342.74,343.84,337.45,341.01,55399538
6/17/2021 16:00:00,339.97,346.38,339.92,345.34,59722700
6/18/2021 16:00:00,343.63,344.81,341.86,342.63,55414862
6/21/2021 16:00:00,342.43,344.69,340.15,344.36,32992649
6/22/2021 16:00:00,344.15,348.03,343.84,347.57,28941626
6/23/2021 16:00:00,347.51,348.92,346.88,347.74,27188454
6/24/2021 16:00:00,349.73,351.46,349.17,349.89,32581605
6/25/2021 16:00:00,350.47,350.72,348.84,349.46,28682801
6/28/2021 16:00:00,350.78,353.85,350.72,353.71,39130305
6/29/2021 16:00:00,353.53,355.02,352.67,354.99,29426039
6/30/2021 16:00:00,354.83,355.23,353.83,354.43,32723964
7/1/2021 16:00:00,354.07,355.09,352.68,354.57,29289978
7/2/2021 16:00:00,356.52,358.97,356.28,358.64,32727244
7/6/2021 16:00:00,359.26,360.48,356.49,360.19,38842397
7/7/2021 16:00:00,362.45,362.76,358.94,360.95,35265242
7/8/2021 16:00:00,355.74,359.65,354.42,358.77,50890021
7/9/2021 16:00:00,358.17,361.5,357.57,361.01,35184534
7/12/2021 16:00:00,362.45,362.89,360.83,362.42,25717677
7/13/2021 16:00:00,362.03,365.47,361.54,362.42,39723015
7/14/2021 16:00:00,364.83,365.49,362.22,363.07,35336350
7/15/2021 16:00:00,362.98,363.19,358.46,360.52,53391557
7/16/2021 16:00:00,361.4,362.41,357.24,357.6,47261961
7/19/2021 16:00:00,354.05,355.18,352.04,354.67,64404625
7/20/2021 16:00:00,355.63,360.28,353.8,358.79,42183702
7/21/2021 16:00:00,358.35,361.56,358.12,361.56,30259860
7/22/2021 16:00:00,361.77,363.96,361.77,363.95,30252240
7/23/2021 16:00:00,365.31,368.49,363.92,368.2,31960799
7/26/2021 16:00:00,367.49,368.89,366.6,368.49,28438126
7/27/2021 16:00:00,368.22,368.22,360.16,364.43,57933148
7/28/2021 16:00:00,365.6,367.45,363.24,365.83,42066195
7/29/2021 16:00:00,365.25,367.68,365.25,366.48,25672533
7/30/2021 16:00:00,362.44,365.17,362.41,364.57,36484649
8/2/2021 16:00:00,366.28,366.88,363.87,364.6,27334097
8/3/2021 16:00:00,365.28,366.93,362,366.81,35558511
8/4/2021 16:00:00,366.77,368.32,365.63,367.34,29602236
8/5/2021 16:00:00,368.18,369.91,367.45,369.67,21443925
8/6/2021 16:00:00,368.37,369.37,366.91,368.05,33332107
8/9/2021 16:00:00,368.52,369.27,367.39,368.73,25960245
8/10/2021 16:00:00,369.26,369.56,365.62,366.84,35130796
8/11/2021 16:00:00,368.14,368.65,364.84,366.21,34249812
8/12/2021 16:00:00,365.69,367.9,364.3,367.53,26003877
8/13/2021 16:00:00,367.89,369.16,367.38,368.82,19336190
8/16/2021 16:00:00,367.67,369.02,363.7,368.98,35044107
8/17/2021 16:00:00,366.15,367.15,363.23,365.73,44793902
8/18/2021 16:00:00,365.18,366.62,361.87,362.21,38541940
8/19/2021 16:00:00,360.22,365.68,359.96,363.96,48499368
8/20/2021 16:00:00,365.06,368.14,364.74,367.73,39486034
8/23/2021 16:00:00,368.8,373.94,368.79,373.23,34034744
8/24/2021 16:00:00,373.84,374.99,373.36,374.37,21732913
8/25/2021 16:00:00,374.63,375.39,373.86,374.8,20441880
8/26/2021 16:00:00,373.92,374.62,371.97,372.42,29133325
8/27/2021 16:00:00,373.07,376.56,372.57,376.04,27104749
8/30/2021 16:00:00,376.85,380.76,376.83,380.26,27295665
8/31/2021 16:00:00,380.51,380.58,378.36,379.95,29628175
9/1/2021 16:00:00,381.04,382.71,380.37,380.58,28138311
9/2/2021 16:00:00,381.97,382.31,379.15,380.4,25503535
9/3/2021 16:00:00,379.22,381.98,379.2,381.57,24624937
9/7/2021 16:00:00,381.68,382.78,380.49,382.11,23970203
9/8/2021 16:00:00,381.93,381.93,378.45,380.78,32949159
9/9/2021 16:00:00,381.01,382.15,379.22,379.47,29398978
9/10/2021 16:00:00,381.23,381.97,376.25,376.59,40249405
9/13/2021 16:00:00,378.99,379.43,374.22,376.33,48741781
9/14/2021 16:00:00,377.86,378.61,374.28,375.26,41826624
9/15/2021 16:00:00,375.73,378.41,373.37,378.05,34097865
9/16/2021 16:00:00,376.68,378.9,374.7,378.31,35193083
9/17/2021 16:00:00,377.82,377.87,372.76,373.83,60912267
9/20/2021 16:00:00,367.46,369.25,360.93,365.7,76203202
9/21/2021 16:00:00,367.58,368.81,364.99,366.15,41927483
9/22/2021 16:00:00,367.09,371.07,365.96,369.57,46972920
9/23/2021 16:00:00,370.76,374.04,370.1,372.98,44652002
9/24/2021 16:00:00,370.65,373.76,370.27,373.33,36056800
9/27/2021 16:00:00,370.2,371.25,367.73,370.35,43338079
9/28/2021 16:00:00,365.67,370.3,359.35,359.87,97701632
9/29/2021 16:00:00,361.17,363.37,358.64,359.28,58076621
9/30/2021 16:00:00,360.97,362.68,357.1,357.96,61384577
10/1/2021 16:00:00,358.6,361.25,354.38,360.18,56375488
10/4/2021 16:00:00,358.52,358.86,350.32,352.62,76766005
10/5/2021 16:00:00,353.71,359.69,353.48,357.38,47232904
10/6/2021 16:00:00,354.08,359.95,353.15,359.67,56806536
10/7/2021 16:00:00,362.8,365.69,362.25,362.97,39411172
10/8/2021 16:00:00,364.08,364.32,360.61,361.16,41822309
10/11/2021 16:00:00,359.58,363.2,358.3,358.39,34847182
10/12/2021 16:00:00,359.88,360.33,356.48,357.14,43905101
10/13/2021 16:00:00,359.51,360.69,357.43,360,40120795
10/14/2021 16:00:00,363.69,366.85,363.01,366.63,43433867
10/15/2021 16:00:00,367.88,369.06,366.82,368.94,40419878
10/18/2021 16:00:00,367.61,372.87,366.99,372.65,34513514
10/19/2021 16:00:00,373.75,375.52,372.7,375.47,29090963
10/20/2021 16:00:00,375.94,376.57,373.46,374.98,31390338
10/21/2021 16:00:00,374.16,377.47,373.85,377.27,25469277
10/22/2021 16:00:00,375.98,376.97,372.39,374.1,36275822
10/25/2021 16:00:00,375.56,378.87,373.56,377.93,32597804
10/26/2021 16:00:00,380.23,382.71,377.91,379.12,47191279
10/27/2021 16:00:00,379.58,383.15,379.31,380,45760496
10/28/2021 16:00:00,381.95,384.48,381.16,384.22,38007005
10/29/2021 16:00:00,381.06,386.28,380.7,386.11,37310116
11/1/2021 16:00:00,386.56,387.56,384.42,387.43,30765303
11/2/2021 16:00:00,386.8,389.54,386.75,389.05,25135292
11/3/2021 16:00:00,389.55,393.61,388.48,393.18,33748901
11/4/2021 16:00:00,394.48,399.2,393.92,398.22,40265313
11/5/2021 16:00:00,400.04,400.99,397.16,398.6,43383802
11/8/2021 16:00:00,398.57,399.62,397.4,398.06,29256270
11/9/2021 16:00:00,399.16,399.57,393.92,395.32,50490720
11/10/2021 16:00:00,392.47,395.36,387.53,389.51,54937385
11/11/2021 16:00:00,392.57,392.75,390.24,390.59,32242983
11/12/2021 16:00:00,391.77,395.25,390.13,394.7,34730564
11/15/2021 16:00:00,395.91,396.24,392.1,394.61,33716861
11/16/2021 16:00:00,393.86,397.93,393.66,397.42,27872940
11/17/2021 16:00:00,397.75,399.72,396.64,397.63,28703263
11/18/2021 16:00:00,399.73,402.27,397.45,401.75,45721515
11/19/2021 16:00:00,403.43,405.3,402.58,403.99,45191721
11/22/2021 16:00:00,405.57,408.71,399.19,399.3,61715370
11/23/2021 16:00:00,398.11,400.23,392.92,397.48,70098736
11/24/2021 16:00:00,394.93,399.05,392.54,398.76,46954382
11/26/2021 13:00:00,396.11,397.54,389.77,391.2,51533314
11/29/2021 16:00:00,395.89,400.73,395.14,399.69,54447106
11/30/2021 16:00:00,398.78,401.19,391.75,393.82,81332693
12/1/2021 16:00:00,398.28,400.48,386.64,387.12,78379245
12/2/2021 16:00:00,385.8,391.74,384.34,389.91,84416623
12/3/2021 16:00:00,391.31,392.34,378.9,383.13,105349104
12/6/2021 16:00:00,383.63,387.6,379.3,386.2,67588801
12/7/2021 16:00:00,393.03,398.46,392.99,397.83,56005264
12/8/2021 16:00:00,398.17,399.82,396.22,399.61,39204041
12/9/2021 16:00:00,398.35,400.2,393.53,393.73,49973714
12/10/2021 16:00:00,396.62,398.28,393.36,398.01,52545767
12/13/2021 16:00:00,398,398.33,391.88,392.26,50166410
12/14/2021 16:00:00,387.3,390.09,383.63,388.2,75199181
12/15/2021 16:00:00,387.94,397.42,383.88,397.05,73858028
12/16/2021 16:00:00,398.04,398.48,385.21,386.84,82591368
12/17/2021 16:00:00,383.33,389.19,381.77,384.91,81642848
12/20/2021 16:00:00,379.57,381.5,377.47,380.69,65336827
12/21/2021 16:00:00,384.05,389.53,380.2,389.21,48899477
12/22/2021 16:00:00,388.91,394.16,388.23,393.95,37042200
12/23/2021 16:00:00,394.31,398.43,394.14,396.92,29595536
12/27/2021 16:00:00,398.25,403.48,398.22,403.48,32820705
12/28/2021 16:00:00,404.4,404.58,400.71,401.61,33113728
12/29/2021 16:00:00,401.75,403.05,399.11,401.55,32248484
12/30/2021 16:00:00,401.33,403.57,399.75,400.35,23850065
12/31/2021 16:00:00,399.66,401.06,397.34,397.85,34752884
1/3/2022 16:00:00,399.05,401.94,396.88,401.68,40575854
1/4/2022 16:00:00,402.24,402.28,393.29,396.47,58027206
1/5/2022 16:00:00,394.74,395.89,384.03,384.29,75739847
1/6/2022 16:00:00,382.42,387.35,380.13,384.02,70814324
1/7/2022 16:00:00,384.03,385.76,378.04,379.86,72652304
1/10/2022 16:00:00,374.82,380.64,369.31,380.11,91770497
1/11/2022 16:00:00,379.36,385.99,377.22,385.82,68295698
1/12/2022 16:00:00,388.46,390.2,385.01,387.35,54576366
1/13/2022 16:00:00,388.77,389.47,376.7,377.66,77993962
1/14/2022 16:00:00,375.07,380.35,374.86,380.01,80121210
1/18/2022 16:00:00,374.04,376.22,369.77,370.55,75812296
1/19/2022 16:00:00,372.15,374.69,366.21,366.48,81791482
1/20/2022 16:00:00,369.79,373.87,361.17,361.72,88610680
1/21/2022 16:00:00,359.47,362.18,351.4,351.69,143388920
1/24/2022 16:00:00,345.91,353.98,334.15,353.3,199448109
1/25/2022 16:00:00,346.67,351.03,341.68,345.11,124398394
1/26/2022 16:00:00,352.91,356.88,340.78,344.57,146559524
1/27/2022 16:00:00,349.4,351.27,340.05,341.1,95255656
1/28/2022 16:00:00,343.03,352.02,337.95,351.8,108167897
1/31/2022 16:00:00,353.2,363.65,351.52,363.05,94326389
2/1/2022 16:00:00,364.43,366.19,359.14,365.52,74433023
2/2/2022 16:00:00,369.76,370.1,364.29,368.49,78777135
2/3/2022 16:00:00,358.53,361.93,352.46,353.55,95384771
2/4/2022 16:00:00,354.08,361.4,351.97,358.01,86318301
2/7/2022 16:00:00,358.62,361.05,353.84,355.13,58198087
2/8/2022 16:00:00,353.96,360.24,352.8,359.12,64720897
2/9/2022 16:00:00,363.76,366.81,362.12,366.73,55766422
2/10/2022 16:00:00,359.52,366.49,356.54,358.43,112468483
2/11/2022 16:00:00,358.43,360.07,345.8,347.06,101569102
2/14/2022 16:00:00,346.49,350.98,343.89,347.49,80254439
2/15/2022 16:00:00,352.91,356.37,351.82,356.13,55390805
2/16/2022 16:00:00,353.82,357.09,350.71,356.04,58947086
2/17/2022 16:00:00,352.74,353.46,345.02,345.45,61801353
2/18/2022 16:00:00,346.41,346.81,339.14,341.51,80001513
2/22/2022 16:00:00,338.49,344.04,334.35,338.08,85967095
2/23/2022 16:00:00,341.32,342.18,329.1,329.42,86215371
2/24/2022 16:00:00,318.84,341.04,318.26,340.49,130614053
2/25/2022 16:00:00,341.31,345.98,337.39,345.77,78842088
2/28/2022 16:00:00,342.51,348.54,341.32,346.8,77515544
3/1/2022 16:00:00,345.75,348.08,338.9,341.49,67407000
3/2/2022 16:00:00,343.08,348.59,340.24,347.22,70609015
3/3/2022 16:00:00,349.93,350.04,340.35,342.26,71089385
3/4/2022 16:00:00,339.84,341.31,334.92,337.3,77009763
3/7/2022 16:00:00,337.29,338.48,324.65,324.86,89933794
3/8/2022 16:00:00,324.05,333.21,319.94,323.35,116153921
3/9/2022 16:00:00,331.75,336.38,329.09,334.99,64723366
3/10/2022 16:00:00,330.82,332.51,326.71,331.27,69362714
3/11/2022 16:00:00,334.32,334.64,323.9,324.4,66228432
3/14/2022 16:00:00,323.13,326.59,317.45,318.17,79802606
3/15/2022 16:00:00,320.88,328.95,319.23,328.15,76470991
3/16/2022 16:00:00,332.17,340.44,328.4,340.32,105242954
3/17/2022 16:00:00,338.37,344.5,337.04,344.44,67809951
3/18/2022 16:00:00,342.74,351.79,341.55,351.49,85446347
3/21/2022 16:00:00,350.2,352.48,345.58,350.08,73799072
3/22/2022 16:00:00,350.59,357.85,350.2,356.96,63345928
3/23/2022 16:00:00,354.01,357.66,351.77,351.83,70615457
3/24/2022 16:00:00,353.8,359.7,351.59,359.65,53555251
3/25/2022 16:00:00,359.59,360.67,354.94,359.35,57584158
3/28/2022 16:00:00,359.34,365.01,358.07,364.91,56833866
3/29/2022 16:00:00,368.9,371.83,366.06,371.19,68072955
3/30/2022 16:00:00,369.28,370.98,365.57,367.09,68757710
3/31/2022 16:00:00,367.24,367.6,361.68,362.54,67011405
4/1/2022 16:00:00,362.81,363.61,358.59,361.85,54527761
4/4/2022 16:00:00,362.71,369.31,362.44,369.3,45950171
4/5/2022 16:00:00,367.81,368.54,359.93,361.1,62738661
4/6/2022 16:00:00,355.65,356.78,350.56,353.26,90077072
4/7/2022 16:00:00,352.24,356.35,348.69,354.1,63777373
4/8/2022 16:00:00,352.32,353.09,348.5,349.15,61956094
4/11/2022 16:00:00,344.81,345.75,340.54,340.89,66107401
4/12/2022 16:00:00,345.76,347.69,338.04,339.45,72790215
4/13/2022 16:00:00,339.8,347.43,339.06,346.35,61367755
4/14/2022 16:00:00,346.44,346.97,338.21,338.43,73519367
4/18/2022 16:00:00,337.35,341.04,335.79,338.69,58560555
4/19/2022 16:00:00,338.03,346.85,336.98,346.26,56515684
4/20/2022 16:00:00,347.09,347.56,339.96,341.21,65500022
4/21/2022 16:00:00,345.19,347.87,333.2,334.15,75801008
4/22/2022 16:00:00,334.31,335.56,324.96,325.4,82562145
4/25/2022 16:00:00,323.73,329.9,322.43,329.58,101755856
4/26/2022 16:00:00,327.47,327.66,316.86,317.14,105819629
4/27/2022 16:00:00,317.24,322.88,315,316.76,111204164
4/28/2022 16:00:00,321.85,329.89,317.52,328.01,99449957
4/29/2022 16:00:00,323.7,327.23,312.6,313.25,91977859
5/2/2022 16:00:00,312.83,318.72,309.65,318.48,115511770
5/3/2022 16:00:00,318.5,321.17,315.98,318.82,78185527
5/4/2022 16:00:00,319.31,330.29,313.89,329.6,116083395
5/5/2022 16:00:00,325.17,325.25,309.62,313,154607447
5/6/2022 16:00:00,310.95,315.09,305.11,309.25,139572805
5/9/2022 16:00:00,303.48,309.35,295.72,297.15,113387342
5/10/2022 16:00:00,304.51,305.76,296.57,300.76,124124550
5/11/2022 16:00:00,298.44,304.09,290.95,291.84,140326148
5/12/2022 16:00:00,287.45,295.75,284.94,291.15,120910850
5/13/2022 16:00:00,295.72,303,294.08,301.94,83684931
5/16/2022 16:00:00,300.15,302.26,297.13,298.44,59190432
5/17/2022 16:00:00,304.45,306.56,300.55,306.17,62715293
5/18/2022 16:00:00,301.54,302.25,289.85,291.14,79477109
5/19/2022 16:00:00,289.29,294.39,287.58,289.58,79920709
5/20/2022 16:00:00,293.13,293.8,280.21,288.68,91764174
5/23/2022 16:00:00,289.75,293.87,287.29,293.48,63648400
5/24/2022 16:00:00,288.13,288.86,282.25,287.24,73491124
5/25/2022 16:00:00,285.71,293.39,285.5,291.26,67144548
5/26/2022 16:00:00,290.44,300.92,290.15,299.33,59462231
5/27/2022 16:00:00,302.54,309.25,302.42,309.1,66985596
5/31/2022 16:00:00,309.07,311.33,304.33,308.28,60968330
6/1/2022 16:00:00,310.47,312.65,303.73,306,65341653
6/2/2022 16:00:00,304.85,314.56,303.4,314.38,59291333
6/3/2022 16:00:00,309.03,310.47,304.92,306.2,60914684
6/6/2022 16:00:00,310.75,312.35,305.62,307.22,51785013
6/7/2022 16:00:00,303.81,310.67,302.69,309.87,44900292
6/8/2022 16:00:00,309.05,311.72,306.77,307.64,38342062
6/9/2022 16:00:00,305.91,309.05,299.23,299.4,55900475
6/10/2022 16:00:00,293.65,294.87,288.38,288.84,85963456
6/13/2022 16:00:00,279.75,282.34,274.53,275.41,94442009
6/14/2022 16:00:00,277.66,278.66,273.34,275.91,64697521
6/15/2022 16:00:00,279.42,286.83,276.61,282.8,86051428
6/16/2022 16:00:00,275.59,276.06,269.28,271.39,81910297
6/17/2022 16:00:00,272.18,277.19,270.51,274.69,82703402
6/21/2022 16:00:00,278.75,283.45,278.64,281.08,51633741
6/22/2022 16:00:00,278.52,285.18,277.91,280.67,67472924
6/23/2022 16:00:00,283.21,285.72,280.31,284.85,57457796
6/24/2022 16:00:00,287.74,295.04,287.5,294.61,58422262
6/27/2022 16:00:00,296,296.58,291.29,292.45,54151452
6/28/2022 16:00:00,293,295.65,283.35,283.54,61867060
6/29/2022 16:00:00,283.4,285.34,280.84,283.8,57302726
6/30/2022 16:00:00,280.75,283.94,275.78,280.28,79313580
7/1/2022 16:00:00,278.95,282.53,277.03,282.13,56675107
7/5/2022 16:00:00,278.31,287.08,276.75,286.96,61829272
7/6/2022 16:00:00,287.35,290.95,285.59,288.8,63194715
7/7/2022 16:00:00,289.63,295.7,289.63,294.98,56620114
7/8/2022 16:00:00,292.08,296.75,291.12,295.35,59895478
7/11/2022 16:00:00,292.88,293.11,288.14,289.04,55273920
7/12/2022 16:00:00,290.32,292.28,284.61,286.24,55797088
7/13/2022 16:00:00,280.6,288.05,280.02,285.65,73939418
7/14/2022 16:00:00,282.99,287.56,279.8,286.67,63741837
7/15/2022 16:00:00,289.73,291.98,288.08,291.87,63818149
7/18/2022 16:00:00,294.72,296.16,288.2,289.4,59519581
7/19/2022 16:00:00,293.11,298.6,291.47,298.3,55172640
7/20/2022 16:00:00,298.73,304.24,297.93,303.03,67769430
7/21/2022 16:00:00,303.5,307.44,300.78,307.38,55049363
7/22/2022 16:00:00,306.43,308.55,300.12,301.99,57127715
7/25/2022 16:00:00,302.02,302.5,298.22,300.27,40582381
7/26/2022 16:00:00,298.53,298.79,293.54,294.37,50074122
7/27/2022 16:00:00,299.04,308.54,298.46,306.81,69304364
7/28/2022 16:00:00,306.59,310.4,302.75,309.81,55139941
7/29/2022 16:00:00,311.39,316.39,309.93,315.46,57501043
8/1/2022 16:00:00,313.65,318.81,312.53,315.27,46358833
8/2/2022 16:00:00,312.92,318.55,311.84,314.33,48676501
8/3/2022 16:00:00,316.05,323.73,315.99,322.89,53735729
8/4/2022 16:00:00,322.97,324.72,320.77,324.4,38973659
8/5/2022 16:00:00,319.19,323.83,318.39,321.75,53893972
8/8/2022 16:00:00,322.69,326.47,319.21,320.71,44066297
8/9/2022 16:00:00,318.77,319.03,315.42,317.08,39764220
8/10/2022 16:00:00,324.59,326.23,322.06,325.93,51459564
8/11/2022 16:00:00,328.31,330.36,323.36,324.08,45897650
8/12/2022 16:00:00,326.18,330.59,325.1,330.39,40928379
8/15/2022 16:00:00,329.42,333.57,329.4,333.06,38266614
8/16/2022 16:00:00,332.06,334.42,329.16,332.28,41186864
8/17/2022 16:00:00,329.07,331.43,326.36,328.49,47842155
8/18/2022 16:00:00,328.44,330.49,326.79,329.28,41937172
8/19/2022 16:00:00,326.17,326.84,322.08,322.86,51770570
8/22/2022 16:00:00,318.5,318.74,313.53,314.36,51098890
8/23/2022 16:00:00,314.12,317,313.33,314.1,39497074
8/24/2022 16:00:00,313.61,316.87,312.99,315.01,38057059
8/25/2022 16:00:00,316.83,320.6,315.76,320.58,38098255
8/26/2022 16:00:00,320.28,321.51,307.35,307.44,69047740
8/29/2022 16:00:00,304.62,307.22,303.28,304.41,48321851
8/30/2022 16:00:00,306.1,306.73,298.44,301.02,51184500
8/31/2022 16:00:00,303.99,304.91,299.16,299.27,50044041
9/1/2022 16:00:00,296.72,299.78,292.95,299.4,57990745
9/2/2022 16:00:00,302.34,303.75,293.52,295.17,64666839
9/6/2022 16:00:00,295.66,296.6,290.87,293.05,57005444
9/7/2022 16:00:00,293.54,299.99,293.27,298.97,49260381
9/8/2022 16:00:00,296.85,301.87,295.45,300.52,55649821
9/9/2022 16:00:00,302.83,307.6,300.52,307.09,56125215
9/12/2022 16:00:00,308.5,311.08,308.18,310.74,45905737
9/13/2022 16:00:00,301.8,303.02,292.79,293.7,79562172
9/14/2022 16:00:00,294.87,296.93,293.06,296.03,54907198
9/15/2022 16:00:00,294.07,296.53,289.46,291.1,65299411
9/16/2022 16:00:00,287.72,289.72,285.62,289.32,79920391
9/19/2022 16:00:00,286.1,291.21,286.04,291.05,52613831
9/20/2022 16:00:00,288.49,291.07,286.38,288.73,51271117
9/21/2022 16:00:00,289.59,293.95,283.42,283.56,82930963
9/22/2022 16:00:00,282,283.03,278.82,280.07,62757073
9/23/2022 16:00:00,277.55,277.85,272.02,275.51,74815189
9/26/2022 16:00:00,275.03,279.49,273.56,274.37,71176694
9/27/2022 16:00:00,277.81,280.21,272.11,274.48,69780115
9/28/2022 16:00:00,274.46,281.25,272.95,279.94,79652140
9/29/2022 16:00:00,275.86,276.25,268.84,271.87,81215957
9/30/2022 16:00:00,271.03,275.19,267.1,267.26,78482378
10/3/2022 16:00:00,269.07,275.16,267.53,273.53,61267449
10/4/2022 16:00:00,278.99,282.85,278.99,282.13,66696931
10/5/2022 16:00:00,278.28,283.81,275.42,281.98,55766318
10/6/2022 16:00:00,280.96,284.18,279.43,279.76,53489411
10/7/2022 16:00:00,275.02,275.15,267.74,269.1,71354674
10/10/2022 16:00:00,269.3,269.7,263.64,266.41,60392990
10/11/2022 16:00:00,264.7,267.63,261.03,262.75,66522509
10/12/2022 16:00:00,263.4,265.36,261.95,262.66,50580179
10/13/2022 16:00:00,255.16,270.17,254.26,268.82,112894068
10/14/2022 16:00:00,271.2,271.81,260.14,260.74,77244302
10/17/2022 16:00:00,266.84,270.24,266.74,269.35,64576452
10/18/2022 16:00:00,276.53,277.21,268.74,271.48,69780995
10/19/2022 16:00:00,269.93,273.68,268.07,270.49,53115405
10/20/2022 16:00:00,269.58,274.84,267.92,269.11,60605496
10/21/2022 16:00:00,267.98,275.97,266.82,275.42,77897694
10/24/2022 16:00:00,275.69,279.4,271.97,278.45,63963569
10/25/2022 16:00:00,279.41,284.6,277.9,284.21,59014494
10/26/2022 16:00:00,278.46,283.98,277.43,277.93,63898246
10/27/2022 16:00:00,276.79,278.28,272.34,272.87,57760302
10/28/2022 16:00:00,272.23,281.7,272.06,281.22,62651312
10/31/2022 16:00:00,278.92,279.76,275.99,277.95,47741952
11/1/2022 16:00:00,281.5,282.07,274.74,275.11,45895897
11/2/2022 16:00:00,275.08,278.21,265.61,265.68,79803142
11/3/2022 16:00:00,263.01,264.5,260.1,260.49,70038903
11/4/2022 16:00:00,265.53,266.61,259.08,264.68,78313213
11/7/2022 16:00:00,265.75,268.14,263.57,267.59,47333828
11/8/2022 16:00:00,269.14,272.85,265.52,269.54,63213785
11/9/2022 16:00:00,267.76,268.56,263.03,263.32,64862129
11/10/2022 16:00:00,276.01,283.05,273.85,282.75,99256693
11/11/2022 16:00:00,282.56,288.64,281.19,287.96,66961751
11/14/2022 16:00:00,285.86,289.21,284.44,285.44,55080048
11/15/2022 16:00:00,292.21,293.26,285.97,289.39,73985372
11/16/2022 16:00:00,287.39,289.48,284.6,285.44,48859804
11/17/2022 16:00:00,280.88,286.32,280.72,284.81,55462076
11/18/2022 16:00:00,287.89,287.99,282.32,284.82,53588631
11/21/2022 16:00:00,283.4,284.58,281.04,281.89,40083527
11/22/2022 16:00:00,282.64,286.11,280.46,285.95,41873444
11/23/2022 16:00:00,285.97,289.46,285.79,288.82,46389967
11/25/2022 13:05:00,287.19,287.91,286.42,286.92,15498797
11/28/2022 16:00:00,284.9,286.96,281.76,282.71,38877045
11/29/2022 16:00:00,282.94,283.35,279.17,280.57,35618878
11/30/2022 16:00:00,280.84,293.47,279.97,293.36,74718088
12/1/2022 16:00:00,293.69,295.75,290.88,293.72,51547332
12/2/2022 16:00:00,288.54,293.45,288.36,292.55,53583172
12/5/2022 16:00:00,290.38,291.68,286.15,287.64,41482121
12/6/2022 16:00:00,287.48,287.62,280.26,281.68,53937605
12/7/2022 16:00:00,280.47,282.57,278.78,280.53,45614254
12/8/2022 16:00:00,281.91,284.84,279.79,283.85,42594913
12/9/2022 16:00:00,282.81,285.64,281.59,282.04,47860487
12/12/2022 16:00:00,282.22,285.64,281.16,285.58,35732518
12/13/2022 16:00:00,296.65,296.88,285.91,288.65,80667675
12/14/2022 16:00:00,288.05,291.41,283.19,286.51,64984432
12/15/2022 16:00:00,282.33,283.01,275.67,276.89,60554119
12/16/2022 16:00:00,276.2,277.77,272.61,274.25,68300351
12/19/2022 16:00:00,273.87,273.96,268.49,269.75,44167920
12/20/2022 16:00:00,268.56,271.32,266.95,269.54,51064199
12/21/2022 16:00:00,270.6,274.78,269.74,273.45,46394694
12/22/2022 16:00:00,270.38,270.51,262.46,266.76,60278377
12/23/2022 16:00:00,265.47,268.04,263.53,267.36,39373584
12/27/2022 16:00:00,266.74,266.85,263.03,263.58,38009005
12/28/2022 16:00:00,263.17,265.47,259.73,260.1,47139043
12/29/2022 16:00:00,262.96,267.4,262.25,266.44,45893567
12/30/2022 16:00:00,263.62,266.41,262.29,266.28,37858277
1/3/2023 16:00:00,268.65,270.15,262.13,264.48,42335325
1/4/2023 16:00:00,266.64,267.45,262.53,265.74,47754861
1/5/2023 16:00:00,264.04,264.21,261.26,261.58,45396744
1/6/2023 16:00:00,263.35,269.94,260.34,268.8,54659739
1/9/2023 16:00:00,270.83,275.29,269.92,270.54,45568676
1/10/2023 16:00:00,269.49,272.94,268.97,272.83,35247763
1/11/2023 16:00:00,273.92,277.66,273.12,277.55,44077036
1/12/2023 16:00:00,278.12,280.1,273.74,279.05,60599953
1/13/2023 16:00:00,276.5,281.22,276.16,280.97,44802936
1/17/2023 16:00:00,280.77,282.85,279.58,281.54,36269738
1/18/2023 16:00:00,283.11,284.69,277.67,277.88,47754549
1/19/2023 16:00:00,276.22,277.38,273.89,275.15,44150436
1/20/2023 16:00:00,276.79,283.02,275.71,282.68,60613606
1/23/2023 16:00:00,283.54,290.21,282.73,288.96,52799905
1/24/2023 16:00:00,287.31,289.55,286.78,288.37,44875146
1/25/2023 16:00:00,283.77,288.36,281.18,287.73,50872022
1/26/2023 16:00:00,291.22,293.52,288.52,293.34,51596335
1/27/2023 16:00:00,292,298.26,291.88,296.26,56441939
1/30/2023 16:00:00,292.93,294.38,289.89,290.27,49405833
1/31/2023 16:00:00,290.31,294.72,290.2,294.62,46705106
2/1/2023 16:00:00,294.41,303.43,292.3,300.92,67562173
2/2/2023 16:00:00,307.57,313.68,306.73,311.72,83070628
2/3/2023 16:00:00,304.94,312.39,304.54,306.18,76170804
2/6/2023 16:00:00,303.51,305.91,302.22,303.59,40802348
2/7/2023 16:00:00,303.46,311.03,302.32,309.88,67583981
2/8/2023 16:00:00,308.54,309.5,303.67,304.37,56720860
2/9/2023 16:00:00,308.84,308.99,300.2,301.68,49137818
2/10/2023 16:00:00,299.48,301.57,297.25,299.7,50050104
2/13/2023 16:00:00,301.13,305.1,299.93,304.5,39636720
2/14/2023 16:00:00,302.89,307.72,300.91,306.75,64079057
2/15/2023 16:00:00,304.9,309.27,304.2,309.1,43427298
2/16/2023 16:00:00,304.38,308.43,303.15,303.3,59498630
2/17/2023 16:00:00,301.07,301.93,298.1,301.16,58230729
2/21/2023 16:00:00,297.26,298.73,293.89,294.03,46526708
2/22/2023 16:00:00,294.62,296.36,292.56,294.25,51389237
2/23/2023 16:00:00,297.97,298.13,292.55,296.82,69294443
2/24/2023 16:00:00,291.76,292.97,290.05,291.85,74331958
2/27/2023 16:00:00,295.07,296.49,293.34,293.94,48995009
2/28/2023 16:00:00,293.3,296.12,292.96,293.56,48243141
3/1/2023 16:00:00,293.26,293.93,290.2,291.2,58286972
3/2/2023 16:00:00,288.66,294.43,288.37,293.61,53738557
3/3/2023 16:00:00,295.39,299.92,294.87,299.68,60511540
3/6/2023 16:00:00,300.94,304,299.82,300.02,56736294
3/7/2023 16:00:00,300.07,301.01,295.72,296.34,65955756
3/8/2023 16:00:00,296.77,298.43,294.88,297.82,50876265
3/9/2023 16:00:00,298.33,300.98,291.83,292.66,71456691
3/10/2023 16:00:00,292.83,294.35,287.38,288.55,98593561
3/13/2023 16:00:00,286.73,294.47,285.19,290.69,97123603
3/14/2023 16:00:00,294.31,297.93,293.45,297.37,73602545
3/15/2023 16:00:00,294.71,299.27,293.24,298.93,83631535
3/16/2023 16:00:00,298,307.18,297.19,306.81,98556824
3/17/2023 16:00:00,306.72,309.15,303.37,305.36,89923732
3/20/2023 16:00:00,304.26,306.3,302.01,305.97,56359491
3/21/2023 16:00:00,307.94,310.8,306.4,310.34,49757048
3/22/2023 16:00:00,310.27,315.25,305.95,306.12,75791914
3/23/2023 16:00:00,309.92,314.15,307.01,309.75,74575981
3/24/2023 16:00:00,309.32,310.99,306.95,310.89,57245803
3/27/2023 16:00:00,311.6,312.7,307.89,308.76,50287407
3/28/2023 16:00:00,308.17,308.2,304.77,307.12,48585917
3/29/2023 16:00:00,310.88,313.35,310.05,312.72,53274266
3/30/2023 16:00:00,315.24,316.32,312.81,315.68,58354808
3/31/2023 16:00:00,315.91,321.17,315.6,320.93,62138097
4/3/2023 16:00:00,318.77,320.42,317.42,320.15,47126839
4/4/2023 16:00:00,320.6,321.63,317.83,319.07,45875384
4/5/2023 16:00:00,318.1,319.06,314.07,315.92,62795706
4/6/2023 16:00:00,314.24,318.55,312.82,318.05,46916496
4/10/2023 16:00:00,315.07,317.92,313.25,317.87,45134736
4/11/2023 16:00:00,317.83,317.89,315.31,315.83,40113594
4/12/2023 16:00:00,317.82,318.42,312.57,313.04,62813305
4/13/2023 16:00:00,314.83,319.65,313.63,319.17,54613792
4/14/2023 16:00:00,317.59,320.36,315.61,318.57,56278284
4/17/2023 16:00:00,318.15,319.2,316.04,318.84,43007023
4/18/2023 16:00:00,320.99,321.42,317.64,318.86,46746940
4/19/2023 16:00:00,316.41,319.79,316.28,318.71,38960127
4/20/2023 16:00:00,315.69,319.27,314.97,316.28,62462142
4/21/2023 16:00:00,315.91,317.4,314.1,316.61,59002285
4/24/2023 16:00:00,316.38,317.74,313.74,315.95,44043063
4/25/2023 16:00:00,314.29,314.97,309.89,309.99,57121644
4/26/2023 16:00:00,313.44,314.94,311.34,311.87,55400496
4/27/2023 16:00:00,315.7,320.86,315.05,320.35,65430392
4/28/2023 16:00:00,320.11,322.65,318.96,322.56,59712635
5/1/2023 16:00:00,322.09,323.63,321.09,322.19,41013386
5/2/2023 16:00:00,322.12,322.45,317.61,319.38,56519407
5/3/2023 16:00:00,319.75,322.47,317.18,317.29,59882070
5/4/2023 16:00:00,317.06,318.23,315.12,316.17,50224520
5/5/2023 16:00:00,318.47,323.76,316.21,322.89,51806098
5/8/2023 16:00:00,322.42,324.04,321.32,323.69,36465796
5/9/2023 16:00:00,322,322.88,321.32,321.64,31768800
5/10/2023 16:00:00,324.12,326.01,321.6,325.14,60446623
5/11/2023 16:00:00,325.7,326.75,324.12,326.2,44278548
5/12/2023 16:00:00,326.74,327.17,322.94,325.03,48432836
5/15/2023 16:00:00,325.51,327.03,323.96,326.79,33375559
5/16/2023 16:00:00,326.06,328.9,326.02,327.16,40019151
5/17/2023 16:00:00,328.24,331.71,327.04,331.12,47486124
5/18/2023 16:00:00,331.52,337.49,331.5,337.27,64213466
5/19/2023 16:00:00,337.49,338.21,335.43,336.51,61554926
5/22/2023 16:00:00,336.25,338.67,336.24,337.64,43015948
5/23/2023 16:00:00,335.89,337.06,333,333.36,48216663
5/24/2023 16:00:00,331.37,332.91,329.56,331.65,62891169
5/25/2023 16:00:00,339.14,341.01,336.67,339.72,66862773
5/26/2023 16:00:00,340.76,349.25,340.66,348.4,63006952
5/30/2023 16:00:00,352.71,353.93,348.53,349.98,72652156
5/31/2023 16:00:00,348.37,350.6,346.51,347.99,65105378
6/1/2023 16:00:00,347.73,353.36,346.66,352.01,50488601
6/2/2023 16:00:00,353.8,355.83,352.01,354.65,53372113
6/5/2023 16:00:00,354.43,357.5,353.85,354.9,47266228
6/6/2023 16:00:00,354.28,355.82,352.93,354.84,41390400
6/7/2023 16:00:00,355.13,357.12,348.18,348.82,69225936
6/8/2023 16:00:00,349.12,353.62,348.89,353.15,47153922
6/9/2023 16:00:00,354.63,357.66,353.03,354.5,53196927
6/12/2023 16:00:00,356.19,360.59,355.2,360.49,44817646
6/13/2023 16:00:00,363.29,364.11,360.03,363.26,57097804
6/14/2023 16:00:00,363.27,366.19,360.42,365.9,69525642
6/15/2023 16:00:00,364.61,371.77,363.98,370.26,71138823
6/16/2023 16:00:00,372.72,372.85,367.48,367.93,80931971
6/20/2023 16:00:00,365.95,368.32,363.89,366.9,49204722
6/21/2023 16:00:00,365.74,366.18,360.96,361.9,53378256
6/22/2023 16:00:00,360.63,366.33,360.22,366.17,47603043
6/23/2023 16:00:00,362.21,364.88,360.82,362.54,48922911
6/26/2023 16:00:00,362,364.84,357.59,357.68,52685478
6/27/2023 16:00:00,359.25,364.57,358.51,363.83,49428091
6/28/2023 16:00:00,361.98,366.52,361.9,364.54,46498031
6/29/2023 16:00:00,364.24,364.89,362.14,363.81,46150967
6/30/2023 16:00:00,367.55,370.49,367.23,369.42,58712501
7/3/2023 13:05:00,370.07,370.93,368.97,370.29,19432862
7/5/2023 16:00:00,368.7,372.01,368.66,370.28,34460883
7/6/2023 16:00:00,366.51,367.91,364.52,367.46,49374728
7/7/2023 16:00:00,367.23,370.48,366.01,366.24,47133749
7/10/2023 16:00:00,365.96,367.05,363.41,366.36,48498800
7/11/2023 16:00:00,366.79,368.63,364.62,368.17,38214146
7/12/2023 16:00:00,372.34,374.19,370.3,372.82,61703696
7/13/2023 16:00:00,376.05,379.99,375.46,379.15,46960012
7/14/2023 16:00:00,379.59,382.86,378.18,379.07,55148500
7/17/2023 16:00:00,379.8,383.5,379.31,382.61,40868915
7/18/2023 16:00:00,381.96,387.13,380,385.74,55343438
7/19/2023 16:00:00,386.82,387.98,384.3,385.65,54092958
7/20/2023 16:00:00,382.61,384.1,375.72,376.76,71941674
7/21/2023 16:00:00,379.18,379.92,375.19,375.63,60499643
7/24/2023 16:00:00,376.62,377.58,374.34,376.23,40380056
7/25/2023 16:00:00,376.95,380.47,376.93,378.78,38894384
7/26/2023 16:00:00,377.72,379.24,375.18,377.52,47075710
7/27/2023 16:00:00,383.07,384.71,375.31,376.62,63940225
7/28/2023 16:00:00,380.74,384.52,380.22,383.48,56902926
7/31/2023 16:00:00,383.79,384.88,382.34,383.68,44019905
8/1/2023 16:00:00,382.31,383.56,380.69,382.79,41308457
8/2/2023 16:00:00,379.26,379.26,373.13,374.39,72687107
8/3/2023 16:00:00,371.94,375.95,371.77,373.79,47855381
8/4/2023 16:00:00,375.75,378.1,371.53,372.04,61702759
8/7/2023 16:00:00,373.88,375.29,371.51,375.19,37230444
8/8/2023 16:00:00,372.64,372.66,368.82,372,44726453
8/9/2023 16:00:00,372.29,372.45,367.14,367.91,51150900
8/10/2023 16:00:00,370.97,374.36,367.04,368.59,72035265
8/11/2023 16:00:00,365.99,368,364.69,366.24,48707187
8/14/2023 16:00:00,365.43,370.47,364.7,370.35,42130802
8/15/2023 16:00:00,369.36,370.17,365.74,366.42,45539891
8/16/2023 16:00:00,365.87,367.43,362.44,362.54,53190525
8/17/2023 16:00:00,363.96,364.31,358.16,358.58,62604338
8/18/2023 16:00:00,355.26,359.41,354.71,358.13,61191389
8/21/2023 16:00:00,359.62,364.59,359.15,363.9,50696518
8/22/2023 16:00:00,366.55,366.56,362.68,363.38,44613509
8/23/2023 16:00:00,364.58,370.22,364.36,369.11,51770603
8/24/2023 16:00:00,372.64,372.74,361.01,361.22,66842491
8/25/2023 16:00:00,362.07,365.74,358.58,364.02,69960465
8/28/2023 16:00:00,366.99,367.71,364.25,366.76,40910019
8/29/2023 16:00:00,366.56,375.13,366.23,374.77,58492371
8/30/2023 16:00:00,374.88,377.45,373.86,376.86,41731511
8/31/2023 16:00:00,376.94,379.72,376.87,377.99,35730701
9/1/2023 16:00:00,380.4,380.83,376.08,377.59,39801177
9/5/2023 16:00:00,376.77,379.31,375.83,378.07,32344222
9/6/2023 16:00:00,377.28,377.63,372.7,374.74,42998735
9/7/2023 16:00:00,370.21,372.85,369.15,372.06,52060716
9/8/2023 16:00:00,372.01,374.85,371.6,372.58,35847359
9/11/2023 16:00:00,375.66,377.49,373.66,376.97,39936634
9/12/2023 16:00:00,375.27,376.95,372.5,372.79,41391024
9/13/2023 16:00:00,373.03,375.84,371.88,374.21,46300677
9/14/2023 16:00:00,375.99,378.27,373.89,377.27,48039388
9/15/2023 16:00:00,375.91,376.32,369.86,370.81,69811206
9/18/2023 16:00:00,369.32,371.79,369.03,370.66,36903545
9/19/2023 16:00:00,369.32,370.68,366.8,369.87,37621734
9/20/2023 16:00:00,370.95,371.31,364.46,364.54,45514189
9/21/2023 16:00:00,360.8,361.6,357.69,357.86,69734845
9/22/2023 16:00:00,359.63,361.8,357.59,357.91,51589689
9/25/2023 16:00:00,356.93,359.7,355.93,359.61,39167985
9/26/2023 16:00:00,356.99,357.54,353.21,354.21,53657748
9/27/2023 16:00:00,355.38,356.98,351.36,355.04,56065972
9/28/2023 16:00:00,354.11,360.17,353.24,358.01,56453312
9/29/2023 16:00:00,361.54,362.95,357.02,358.27,64829616
10/2/2023 16:00:00,358.54,362.68,357.92,361.26,51625054
10/3/2023 16:00:00,358.78,361.01,353.28,354.92,60478489
10/4/2023 16:00:00,355.77,360.61,355.3,359.75,54786686
10/5/2023 16:00:00,359.74,360.15,355.14,358.69,45897390
10/6/2023 16:00:00,355.65,365.91,354.85,364.7,75049119
10/9/2023 16:00:00,362.3,367.11,360.78,366.56,45304766
10/10/2023 16:00:00,366.9,371.28,366.39,368.59,46968806
10/11/2023 16:00:00,369.94,371.41,368.19,371.22,38215088
10/12/2023 16:00:00,371.73,373.74,367.5,369.93,49587942
10/13/2023 16:00:00,370.57,371.16,363.86,365.28,52519876
10/16/2023 16:00:00,366.62,370.48,366.47,369.41,44201059
10/17/2023 16:00:00,365.81,369.92,363.66,368.2,50999102
10/18/2023 16:00:00,365.67,367.91,362.02,363.37,54280490
10/19/2023 16:00:00,364.81,366.02,359.16,359.97,72274238
10/20/2023 16:00:00,359.46,360.04,354.37,354.6,72559723
10/23/2023 16:00:00,353.26,359.26,351.12,355.67,60665185
10/24/2023 16:00:00,357.51,359.91,355.79,359.13,47082078
10/25/2023 16:00:00,356.7,356.88,349.75,350.34,71190536
10/26/2023 16:00:00,349.12,350.07,342.35,343.66,78621425
10/27/2023 16:00:00,346.43,348.84,344.08,345.31,63476707
10/30/2023 16:00:00,347.83,350.54,346.45,349.2,55298536
10/31/2023 16:00:00,349.23,351.25,346.62,350.87,47671906
11/1/2023 16:00:00,351.72,357.53,351.62,356.96,58992666
11/2/2023 16:00:00,361.54,363.68,360.3,363.44,58162442
11/3/2023 16:00:00,364.75,369.02,364.52,367.71,53280457
11/6/2023 16:00:00,368.49,369.78,366.91,369.21,38848743
11/7/2023 16:00:00,370.27,373.58,369.05,372.7,50777398
11/8/2023 16:00:00,373.08,373.79,370.62,372.94,35663373
11/9/2023 16:00:00,373.64,374.8,369.57,370.07,53859421
11/10/2023 16:00:00,371.82,378.54,371.28,378.39,58368439
11/13/2023 16:00:00,376.79,378.28,375.24,377.21,40733505
11/14/2023 16:00:00,383.71,386.26,383.18,385.33,67792634
11/15/2023 16:00:00,387.25,387.75,384.24,385.62,54141385
11/16/2023 16:00:00,384.84,386.19,383.56,385.95,45343544
11/17/2023 16:00:00,385.21,387.07,384.29,386.04,46622745
11/20/2023 16:00:00,386.05,391.41,386.05,390.74,44536669
11/21/2023 16:00:00,389.01,389.23,386.7,388.47,43336989
11/22/2023 16:00:00,390.57,393.07,389.04,390.06,44178572
11/24/2023 13:05:00,389.65,390.25,388.5,389.51,15718832
11/27/2023 16:00:00,389.01,391.15,388.28,389.17,34139656
11/28/2023 16:00:00,388.41,390.78,388.05,390.19,35491123
11/29/2023 16:00:00,392.69,394.14,389.46,389.81,38811745
11/30/2023 16:00:00,390.08,390.55,385.82,388.83,52834381
12/1/2023 16:00:00,387.75,390.54,386.07,389.94,40490068
12/4/2023 16:00:00,386.09,386.6,382.66,386.32,51186944
12/5/2023 16:00:00,384.39,388.5,384.21,387.29,42932956
12/6/2023 16:00:00,390.27,390.37,384.7,385.05,41994072
12/7/2023 16:00:00,388.07,391.27,386.96,390.43,49593545
12/8/2023 16:00:00,388.67,392.62,388.48,392.17,46687525
12/11/2023 16:00:00,391.74,395.79,391.53,395.52,41198021
12/12/2023 16:00:00,395.56,398.79,394.41,398.67,39221152
12/13/2023 16:00:00,399.62,404.36,398.84,403.74,55408129
12/14/2023 16:00:00,404.98,406.3,400.34,403.39,55447808
12/15/2023 16:00:00,404.18,406.54,403.57,405.34,62896645
12/18/2023 16:00:00,404.93,407.99,404.6,407.08,46609985
12/19/2023 16:00:00,407.54,409.28,407.35,409.16,35711855
12/20/2023 16:00:00,408.35,410.47,402.9,403.08,54042443
12/21/2023 16:00:00,407.06,408.14,404.47,407.77,45568914
12/22/2023 16:00:00,409,409.97,406.48,408.38,34314003
12/26/2023 16:00:00,409.25,411.56,409.15,410.88,22722545
12/27/2023 16:00:00,410.95,411.79,410.08,411.5,31980481
12/28/2023 16:00:00,412.67,412.92,410.94,411.3,27029152
12/29/2023 16:00:00,411.28,411.64,407.58,409.52,42662120
1/2/2024 16:00:00,405.84,406.09,400.24,402.59,58026946
1/3/2024 16:00:00,399.93,401,397.89,398.33,47002803
1/4/2024 16:00:00,396.44,399.59,396.06,396.28,39432797
1/5/2024 16:00:00,396.45,399.56,395.34,396.75,44922810
1/8/2024 16:00:00,397.99,405.24,397.84,404.95,42473796
1/9/2024 16:00:00,401.91,406.69,401.71,405.75,39132860
1/10/2024 16:00:00,406.07,409.52,405.17,408.5,33962774
1/11/2024 16:00:00,409.79,411.2,404.24,409.35,54536198
1/12/2024 16:00:00,410.4,411.25,408.15,409.56,39594952
1/16/2024 16:00:00,408.31,411.12,406.83,409.52,43903027
1/17/2024 16:00:00,406.17,407.59,402.92,407.21,54385974
1/18/2024 16:00:00,410.52,413.58,409.16,412.99,59562505
1/19/2024 16:00:00,415.22,421.34,414.63,421.18,70325123
1/22/2024 16:00:00,423.41,424.73,421.12,421.73,44880639
1/23/2024 16:00:00,422.43,423.7,420.57,423.48,33003806
1/24/2024 16:00:00,427.44,429.85,425.33,425.83,46948016
1/25/2024 16:00:00,428.36,429.04,423.98,426.35,44367205
1/26/2024 16:00:00,424.44,426.21,423.15,423.81,37137028
1/29/2024 16:00:00,424.27,428.35,423.61,428.15,38694724
1/30/2024 16:00:00,427.1,427.68,424.38,425.3,36738956
1/31/2024 16:00:00,420.85,422.87,416.79,416.97,64010649
2/1/2024 16:00:00,418.79,422.38,417.81,421.88,51008622
2/2/2024 16:00:00,423.8,430.24,422.79,429.01,59602435
2/5/2024 16:00:00,429.07,429.61,425,428.45,39889209
2/6/2024 16:00:00,429.61,430.22,425.22,427.59,35846134
2/7/2024 16:00:00,430.41,432.83,429.09,431.99,37712661
2/8/2024 16:00:00,432.11,433.56,431.42,432.79,29889892
2/9/2024 16:00:00,433.94,437.85,433.14,437.05,36943905
2/12/2024 16:00:00,436.94,439.14,434.65,435.34,33203305
2/13/2024 16:00:00,427.28,431.27,425.33,428.55,64491669
2/14/2024 16:00:00,431.26,433.65,428.88,433.22,45092722
2/15/2024 16:00:00,433.92,434.98,431.33,434.51,38796137
2/16/2024 16:00:00,434.89,434.99,429.85,430.57,53716475
2/20/2024 16:00:00,428.55,430.08,423.5,427.32,53999452
2/21/2024 16:00:00,424.55,425.7,421.63,425.61,50179697
2/22/2024 16:00:00,434.49,439.12,433.71,438.07,53887751
2/23/2024 16:00:00,439.65,440.59,435.79,436.78,39853861
2/26/2024 16:00:00,437.6,438.6,436.36,436.55,33043238
2/27/2024 16:00:00,437.67,437.99,435.03,437.6,33713220
2/28/2024 16:00:00,435.43,436.67,434.3,435.27,32938821
2/29/2024 16:00:00,438.23,440.09,435.02,439,42495152
3/1/2024 16:00:00,439.9,446.58,439.84,445.61,43853029
3/4/2024 16:00:00,445.61,446.04,443.77,444.02,34325687
3/5/2024 16:00:00,440.94,440.95,433.65,436.05,57917135
3/6/2024 16:00:00,440.32,441.99,436.89,438.79,46234460
3/7/2024 16:00:00,442.42,446.72,440.86,445.45,44526666
3/8/2024 16:00:00,445.81,448.64,438.34,439.02,72095957
3/11/2024 16:00:00,437.51,438.66,435.44,437.39,45859992
3/12/2024 16:00:00,439.73,444.02,436.46,443.66,55300909
3/13/2024 16:00:00,442.65,442.67,439.12,440.25,37928691
3/14/2024 16:00:00,441.5,442.03,436.39,439.14,52195208
3/15/2024 16:00:00,436.07,438.87,432.74,433.92,73069824
3/18/2024 16:00:00,438.73,441.04,437.24,437.48,47323802
3/19/2024 16:00:00,435.45,438.98,433.33,438.57,43004105
3/20/2024 16:00:00,439.78,444.11,438.06,443.77,43653490
3/21/2024 16:00:00,448.88,449.34,445.67,445.87,39345652
3/22/2024 16:00:00,445.35,447.49,444.49,446.38,28253899
3/25/2024 16:00:00,443.55,446.26,442.54,444.76,27789154
3/26/2024 16:00:00,446.3,447.23,443.09,443.32,34142043
3/27/2024 16:00:00,446.44,446.54,441.93,444.83,41359240
3/28/2024 16:00:00,444.78,445.64,443.65,444.01,36839641
4/1/2024 16:00:00,444.97,447.53,443.02,444.95,38728951
4/2/2024 16:00:00,440.08,441.43,438.03,441.11,44259665
4/3/2024 16:00:00,438.96,444,438.95,442.1,39949750
4/4/2024 16:00:00,446.33,446.95,435.11,435.34,57267660
4/5/2024 16:00:00,436.78,443.17,435.96,440.47,54744634
4/8/2024 16:00:00,441.41,442.5,439.2,440.6,28144944
4/9/2024 16:00:00,442.96,443.24,437.44,442.23,39521568
4/10/2024 16:00:00,437,439.24,436.28,438.37,61502191
4/11/2024 16:00:00,440.26,446.33,437.96,445.37,45474550
4/12/2024 16:00:00,441.1,442.24,436.88,438.27,53664995
4/15/2024 16:00:00,442.06,442.15,430.21,431.06,63453622
4/16/2024 16:00:00,430.9,433.76,429.7,431.1,47618961
4/17/2024 16:00:00,433.1,433.12,424.9,425.84,56880536
4/18/2024 16:00:00,426.49,428.24,422.83,423.41,46549363
4/19/2024 16:00:00,422.22,422.75,413.07,414.65,75230990
4/22/2024 16:00:00,417.31,421.18,413.94,418.82,47807663
4/23/2024 16:00:00,420.77,426.28,418.87,425.07,44384741
4/24/2024 16:00:00,428.2,429.73,424.2,426.51,48440305
4/25/2024 16:00:00,419.24,425.32,418.14,424.45,57392169
4/26/2024 16:00:00,427.62,432.55,426.92,431,41874907
4/29/2024 16:00:00,433.13,433.76,429.98,432.75,30022161
4/30/2024 16:00:00,431.15,432.56,424.51,424.59,43665934
5/1/2024 16:00:00,423.15,430.14,420.66,421.52,52251707
5/2/2024 16:00:00,425.3,427.81,420.63,426.9,36559007
5/3/2024 16:00:00,434.44,436.48,432.62,435.48,48515252
5/6/2024 16:00:00,437.3,440.34,436.52,440.25,30227200
5/7/2024 16:00:00,440.7,441.97,439.58,440.32,30996094
5/8/2024 16:00:00,437.67,441.48,437.55,440.06,24896723
5/9/2024 16:00:00,440.33,441.6,438.46,441.02,24580121
5/10/2024 16:00:00,442.54,444.31,440.5,442.06,27116566
5/13/2024 16:00:00,443.99,444.09,441.65,443.08,22994192
5/14/2024 16:00:00,442.65,446.47,442.46,445.93,34478321
5/15/2024 16:00:00,448.43,453.15,446.9,452.9,41464651
5/16/2024 16:00:00,452.71,454.69,451.81,451.98,34780412
5/17/2024 16:00:00,452.11,452.72,449.54,451.76,35803719
5/20/2024 16:00:00,451.98,455.58,451.79,454.91,24474226
5/21/2024 16:00:00,453.04,455.99,452.84,455.8,23167720
5/22/2024 16:00:00,456.06,456.82,453.08,455.71,25120040
5/23/2024 16:00:00,460.55,460.58,451.85,453.66,40899230
5/24/2024 16:00:00,455.29,459.23,453.57,457.95,29669461
5/28/2024 16:00:00,459.18,459.74,456.69,459.68,26216815
5/29/2024 16:00:00,455.48,458.24,455.34,456.44,29739238
5/30/2024 16:00:00,455.5,455.64,450.21,451.55,30714121
5/31/2024 16:00:00,451.78,452.48,443.06,450.71,55941301
6/3/2024 16:00:00,454.57,455.58,447.9,453.13,32997467
6/4/2024 16:00:00,452.87,455.58,451.13,454.37,23767436
6/5/2024 16:00:00,457.98,463.61,454.41,463.53,33817409
6/6/2024 16:00:00,464.22,464.54,462.19,463.37,21966820
6/7/2024 16:00:00,463,465.74,461.84,462.96,25829720
6/10/2024 16:00:00,461.82,465.19,461.53,464.83,20719771
6/11/2024 16:00:00,463.54,468.14,462.03,468.02,22053281
6/12/2024 16:00:00,471.99,476.5,471.29,474.15,34532585
6/13/2024 16:00:00,477.72,478.39,474.42,476.72,25859014
6/14/2024 16:00:00,476.52,479.26,476.05,479.19,23372620
6/17/2024 16:00:00,479.46,486.86,478.14,485.06,37054504
6/18/2024 16:00:00,485.01,485.9,483.43,485.21,24438565
6/20/2024 16:00:00,486.42,486.84,479.62,481.47,33918683
6/21/2024 16:00:00,481.19,482.54,478.67,480.18,39432913
6/24/2024 16:00:00,478.18,479.93,473.82,473.96,37750969
6/25/2024 16:00:00,476.07,479.68,475.12,479.38,29250209
6/26/2024 16:00:00,478.55,480.92,478.13,480.37,22737105
6/27/2024 16:00:00,480.12,483.1,479.3,481.61,26222135
6/28/2024 16:00:00,482.41,487.2,478.46,479.11,34881581
7/1/2024 16:00:00,480.04,482.49,476.26,481.92,24898336
7/2/2024 16:00:00,480.41,487.04,480.28,486.98,26723559
7/3/2024 13:05:00,486.22,491.17,486.22,491.04,18064880
7/5/2024 16:00:00,491.89,496.6,491.59,496.16,28495936
7/8/2024 16:00:00,496.53,497.9,495.5,497.34,22109420
7/9/2024 16:00:00,498.87,500,496.24,497.77,25701253
7/10/2024 16:00:00,499.71,503.52,498.39,502.96,28046901
7/11/2024 16:00:00,503.07,503.28,490.73,491.93,49966590
7/12/2024 16:00:00,492.51,499.62,492.04,494.82,37109399
7/15/2024 16:00:00,496.61,501.01,494.09,496.15,31151386
7/16/2024 16:00:00,497.62,498.44,493.15,496.34,25950622
7/17/2024 16:00:00,488.28,488.8,481.7,481.77,56268768
7/18/2024 16:00:00,485.53,485.71,476.27,479.49,49347361
7/19/2024 16:00:00,479.15,481.69,473.94,475.24,42042856
7/22/2024 16:00:00,481.16,483.35,477.71,482.32,40299999
7/23/2024 16:00:00,481.41,484.43,480.14,480.62,23282454
7/24/2024 16:00:00,473.82,474.19,462.51,463.38,58818629
7/25/2024 16:00:00,463.72,467.94,455.63,458.27,59256759
7/26/2024 16:00:00,462.65,465.93,459.77,462.97,39992132
7/29/2024 16:00:00,465.71,467.91,461.62,463.9,28218476
7/30/2024 16:00:00,465.85,466.56,454.15,457.53,41317210
7/31/2024 16:00:00,467.87,472.79,466.41,471.07,44552134
8/1/2024 16:00:00,471.76,475.55,455.98,459.66,56653900
8/2/2024 16:00:00,450.89,453.57,444.47,448.75,66323244
8/5/2024 16:00:00,424.71,442.29,423.45,435.37,87483452
8/6/2024 16:00:00,437.23,447.07,434.56,439.53,63164429
8/7/2024 16:00:00,446.49,449,434.37,434.77,54929163
8/8/2024 16:00:00,441.06,448.99,437.15,448.07,47890071
8/9/2024 16:00:00,446.74,452.06,445.61,450.41,33573976
8/12/2024 16:00:00,451.39,454.37,448.55,451.38,27795006
8/13/2024 16:00:00,455.82,462.85,455.68,462.58,40084457
8/14/2024 16:00:00,463.51,465.11,458.4,462.73,34733746
8/15/2024 16:00:00,468.76,474.82,468.38,474.42,38280565
8/16/2024 16:00:00,472.62,476.41,471.65,475.03,38383623
8/19/2024 16:00:00,475.17,481.31,473.37,481.27,23737674
8/20/2024 16:00:00,480.35,482.94,478.55,480.26,29209340
8/21/2024 16:00:00,481.05,484.37,479.32,482.5,25658787
8/22/2024 16:00:00,484.84,485.54,473.81,474.85,37739576
8/23/2024 16:00:00,479.24,482.74,475.28,480,36061508
8/26/2024 16:00:00,479.45,480.38,473.24,475.34,27452641
8/27/2024 16:00:00,473.69,477.84,471.71,476.76,27510003
8/28/2024 16:00:00,476.29,477.02,467.89,471.35,37372436
8/29/2024 16:00:00,473.28,477.93,469.37,470.66,41081465
8/30/2024 16:00:00,475.04,476.9,470.51,476.27,33466473
9/3/2024 16:00:00,473.2,473.33,459.41,461.81,44985219
9/4/2024 16:00:00,458.67,464.45,457.73,460.61,32505102
9/5/2024 16:00:00,458.97,465.36,457.94,461.04,34452385
9/6/2024 16:00:00,460.33,461.22,448.19,448.69,50624385
9/9/2024 16:00:00,453.06,455.46,449.82,454.46,32981169
9/10/2024 16:00:00,456.24,459.17,452.23,458.66,29680319
9/11/2024 16:00:00,459.91,469.37,451.28,468.62,57842992
9/12/2024 16:00:00,468.65,474.04,466.85,473.22,40175456
9/13/2024 16:00:00,472.48,476.53,472.25,475.34,29111849
9/16/2024 16:00:00,473.19,473.86,469.89,473.24,22585596
9/17/2024 16:00:00,476.29,477.6,470.97,473.49,30084438
9/18/2024 16:00:00,474.7,478.83,470.83,471.44,39909215
9/19/2024 16:00:00,482.61,486.23,480.49,483.36,52782523
9/20/2024 16:00:00,482.49,483.69,478.3,482.44,34577663
9/23/2024 16:00:00,482.95,484.14,481.6,483.04,24842972
9/24/2024 16:00:00,484.46,486.33,480.17,485.37,25952637
9/25/2024 16:00:00,484.74,487.79,484.56,485.82,26549866
9/26/2024 16:00:00,493.37,493.7,485.8,489.47,32020206
9/27/2024 16:00:00,490.5,490.64,485.56,486.75,22851120
9/30/2024 16:00:00,485.78,488.41,482.92,488.07,30330605
10/1/2024 16:00:00,487.7,488,477.4,481.27,42735424
10/2/2024 16:00:00,480.36,483.88,477.72,481.95,23744049
10/3/2024 16:00:00,479.74,484.55,478.99,481.59,25337220
10/4/2024 16:00:00,487.45,487.88,482.39,487.32,30744909
10/7/2024 16:00:00,485.39,486.57,480.87,482.1,24975119
10/8/2024 16:00:00,484.66,489.99,483.85,489.3,28272017
10/9/2024 16:00:00,489,493.73,487.95,493.15,24994950
10/10/2024 16:00:00,490.85,494.47,489.53,492.59,25750446
10/11/2024 16:00:00,490.74,494.39,490.17,493.36,20644497
10/14/2024 16:00:00,495.77,498.83,495.26,497.5,26060145
10/15/2024 16:00:00,497.83,498.5,488.68,490.85,34784506
10/16/2024 16:00:00,491.18,491.69,487.57,490.91,22996776
10/17/2024 16:00:00,496.44,496.49,491.19,491.25,27210658
10/18/2024 16:00:00,494.06,495.57,493.3,494.47,25335030
10/21/2024 16:00:00,493.25,496.23,491.31,495.42,30336549
10/22/2024 16:00:00,492.73,497.45,491.97,495.96,26685841
10/23/2024 16:00:00,493.59,494.25,485.05,488.36,39346565
10/24/2024 16:00:00,492.11,493,489.44,492.32,22024930
10/25/2024 16:00:00,495.14,500.28,494.43,495.32,38762143
10/28/2024 16:00:00,498.46,498.52,495.1,495.4,20477778
10/29/2024 16:00:00,495.72,501.35,493.85,500.16,28014059
10/30/2024 16:00:00,499.39,500.35,495.89,496.38,29755960
10/31/2024 16:00:00,492.38,492.43,483.75,483.85,41245248
11/1/2024 16:00:00,485.5,490.75,485.2,487.43,33655757
11/4/2024 16:00:00,486.82,489.38,484.25,486.01,23291580
11/5/2024 16:00:00,487.61,492.88,487.52,492.21,24353615
11/6/2024 16:00:00,500.56,506.41,499.6,505.58,43082198
11/7/2024 16:00:00,508.4,514.33,508.34,513.54,32853120
11/8/2024 16:00:00,513.04,514.92,512.41,514.14,22924483
11/11/2024 16:00:00,515.37,515.58,510.92,513.84,24167479
11/12/2024 16:00:00,513.77,514.66,509.83,512.91,25835288
11/13/2024 16:00:00,512.4,514.98,509.95,512.25,24567416
11/14/2024 16:00:00,511.91,512.79,507.77,508.69,28679519
11/15/2024 16:00:00,502.94,503.33,494.49,496.57,51461054
11/18/2024 16:00:00,498.13,502.14,496.73,500.02,27192662
11/19/2024 16:00:00,497.42,503.95,497.08,503.46,24523020
11/20/2024 16:00:00,503.16,503.48,496.56,503.17,29565491
11/21/2024 16:00:00,506.24,506.96,497.56,504.98,34526738
11/22/2024 16:00:00,504.42,506.53,502.78,505.79,23826644
11/25/2024 16:00:00,509.9,511.45,504.26,506.59,26375166
11/26/2024 16:00:00,508.08,510.14,507.23,509.31,26557061
11/27/2024 16:00:00,508.17,508.24,501.93,505.3,24957441
11/29/2024 13:05:00,505.93,510.34,505.31,509.74,15333968
12/2/2024 16:00:00,511.01,516.26,510.62,515.29,25147165
12/3/2024 16:00:00,513.95,517.15,513.37,516.87,18597900
12/4/2024 16:00:00,520.32,523.52,519.6,523.26,26086222
12/5/2024 16:00:00,523.31,524.04,521.42,521.81,18169632
12/6/2024 16:00:00,522.48,526.72,522.35,526.48,23762611
12/9/2024 16:00:00,525.55,526.35,521.22,522.38,20674405
12/10/2024 16:00:00,523.62,525.38,519.16,520.6,24350040
12/11/2024 16:00:00,525,530.61,524.59,529.92,32168579
12/12/2024 16:00:00,527.68,528.96,526.02,526.5,23577504
12/13/2024 16:00:00,530.46,533.17,527.3,530.53,28780405
12/16/2024 16:00:00,533.08,539.15,533,538.17,31979863
12/17/2024 16:00:00,536.36,537.48,534.13,535.8,28579070
12/18/2024 16:00:00,535.15,536.88,515.01,516.47,54703155
12/19/2024 16:00:00,521.19,521.76,513.83,514.17,46441754
12/20/2024 16:00:00,510.44,524.82,509.29,518.66,60529961
12/23/2024 16:00:00,519.55,523.25,516.13,522.87,29672800
12/24/2024 13:05:00,524.83,530.05,524.19,529.96,17558215
12/26/2024 16:00:00,528.32,531.24,526.31,529.6,19141494
12/27/2024 16:00:00,526.01,526.45,517.86,522.56,33839555
12/30/2024 16:00:00,515.51,519.36,511.83,515.61,34584028
12/31/2024 16:00:00,516.9,517.66,510.26,511.23,29117028
1/2/2025 16:00:00,514.3,516.64,505.71,510.23,36389783
1/3/2025 16:00:00,513.35,519.65,512.53,518.58,29059520
1/6/2025 16:00:00,524.02,527.92,522.03,524.54,36109734
1/7/2025 16:00:00,525.59,525.99,513.28,515.18,36690272
1/8/2025 16:00:00,515.08,516.92,510.57,515.27,30777777
1/10/2025 16:00:00,511.48,511.58,503.92,507.19,40532495
1/13/2025 16:00:00,501.2,506.02,499.7,505.56,31694210
1/14/2025 16:00:00,508.74,510.16,501.59,505.08,33737237
1/15/2025 16:00:00,513.03,517.85,511.46,516.7,34957554
1/16/2025 16:00:00,518.98,519.06,512.95,513.08,28229037
1/17/2025 16:00:00,522.85,524.07,513.11,521.74,51837941
1/21/2025 16:00:00,524.48,525.97,520.06,524.8,23627971
1/22/2025 16:00:00,529.57,533.82,529.26,531.51,33592988
1/23/2025 16:00:00,529.04,532.76,528.45,532.64,23096588
1/24/2025 16:00:00,533.02,533.79,528.15,529.63,19878251
1/27/2025 16:00:00,511,517.99,510.15,514.21,60771695
1/28/2025 16:00:00,515.22,523,511.78,521.81,33194214
1/29/2025 16:00:00,522.46,522.59,516.9,520.83,26649011
1/30/2025 16:00:00,523.71,526.1,518.21,523.05,27431302
1/31/2025 16:00:00,526.92,531.52,521.19,522.29,38845467
2/3/2025 16:00:00,513.47,520.85,511.05,518.11,40580835
2/4/2025 16:00:00,518.63,525.11,518.23,524.47,26046753
2/5/2025 16:00:00,521.82,527.01,520.62,526.85,21134070
2/6/2025 16:00:00,527.36,529.81,525.74,529.6,19434454
2/7/2025 16:00:00,530.14,532.1,522.19,522.92,29605470
2/10/2025 16:00:00,527.22,530.36,526.75,529.25,20852784
2/11/2025 16:00:00,525.96,529.92,525.83,527.99,19325500
2/12/2025 16:00:00,522.3,529.19,521.95,528.3,25009362
2/13/2025 16:00:00,529.98,536.22,529.19,535.9,28714799
2/14/2025 16:00:00,536.01,538.84,535.67,538.15,17862572
2/18/2025 16:00:00,539.73,540,536.04,539.37,20565028
2/19/2025 16:00:00,538.57,540.81,536.46,539.52,19666861
2/20/2025 16:00:00,538.73,539.1,532.46,537.23,26550753
2/21/2025 16:00:00,538.38,538.4,525.71,526.08,47093750
2/24/2025 16:00:00,527.88,529.07,519.53,519.87,39268392
2/25/2025 16:00:00,519.24,519.32,509.44,513.32,48940025
2/26/2025 16:00:00,515.53,519.66,511.37,514.56,34457618
2/27/2025 16:00:00,518.13,519.07,500.05,500.27,52447966
2/28/2025 16:00:00,500.13,508.78,496.93,508.17,47654043
3/3/2025 16:00:00,511.52,513.04,493.58,497.05,44587204
3/4/2025 16:00:00,494.18,503.74,487.74,495.55,67875402
3/5/2025 16:00:00,496.2,503.63,491.26,502.01,46323725
3/6/2025 16:00:00,493.69,498.58,486.2,488.2,57574332
3/7/2025 16:00:00,487.16,493.28,480.53,491.79,54714726
3/10/2025 16:00:00,483.45,483.97,468.66,472.73,76668029
3/11/2025 16:00:00,472.35,478.81,467.01,471.6,68760771
3/12/2025 16:00:00,479.16,481.06,471.79,476.92,46971082
3/13/2025 16:00:00,476.25,476.28,466.43,468.34,46563349
3/14/2025 16:00:00,473.73,480.56,473.12,479.66,43563010
3/17/2025 16:00:00,479.61,485.84,477.8,482.77,41744354
3/18/2025 16:00:00,479.41,479.61,472.41,474.54,39072265
3/19/2025 16:00:00,476.81,485.33,474.87,480.89,40430334
3/20/2025 16:00:00,476.88,484.55,476.18,479.26,36780549
3/21/2025 16:00:00,474.08,481.61,472.91,480.84,42234874
3/24/2025 16:00:00,487.74,491.51,484.4,490.66,34567186
3/25/2025 16:00:00,491.39,493.62,490.42,493.46,26035241
3/26/2025 16:00:00,492.3,493.16,482.82,484.38,35043357
3/27/2025 16:00:00,482.41,486.58,480.25,481.62,33469817
3/28/2025 16:00:00,479.81,480.52,468.05,468.94,46363797
3/31/2025 16:00:00,461.92,469.86,457.33,468.92,53000303
4/1/2025 16:00:00,467.3,473.63,464.42,472.7,41156226
4/2/2025 16:00:00,466.12,479.56,465.86,476.15,49894489
4/3/2025 16:00:00,456.44,460.07,450.14,450.66,70456338
4/4/2025 16:00:00,438.14,440.37,422.67,422.67,117088441
4/7/2025 16:00:00,408.66,443.14,402.39,423.69,161556970
4/8/2025 16:00:00,438.16,443.14,409.79,416.06,101248060
4/9/2025 16:00:00,415.57,467.83,415.43,466,142876878
4/10/2025 16:00:00,453.56,455.59,432.63,446.18,108384092
4/11/2025 16:00:00,444.65,455.79,441.33,454.4,52483779
4/14/2025 16:00:00,464.46,465.05,452.63,457.48,43941179
4/15/2025 16:00:00,458.54,462.38,456.15,457.99,35404210
4/16/2025 16:00:00,449.03,452.62,437.76,444.18,48980552
4/17/2025 16:00:00,447.17,447.75,441.36,444.1,44837047
4/21/2025 16:00:00,438.23,439.08,427.93,433.11,44149313
4/22/2025 16:00:00,438.82,447.58,437.62,444.48,52304388
4/23/2025 16:00:00,458.17,463.38,452.88,454.56,55801136
4/24/2025 16:00:00,456.48,467.66,455.83,467.35,45956136
4/25/2025 16:00:00,466.97,473.09,465.39,472.56,38697063
4/28/2025 16:00:00,473.03,474.81,466.03,472.41,33550778
4/29/2025 16:00:00,470.17,476.42,469.59,475.53,30613120
4/30/2025 16:00:00,467.13,477.2,462.43,475.47,46810610
5/1/2025 16:00:00,483.41,487.18,480.74,481.68,43316539
5/2/2025 16:00:00,486.54,490.91,484.83,488.83,39218082
5/5/2025 16:00:00,484.6,489.03,484.1,485.93,28309490
5/6/2025 16:00:00,479.56,485.05,478.19,481.41,32786310
5/7/2025 16:00:00,482.08,485.8,476.78,483.3,38109864
5/8/2025 16:00:00,488.53,492.7,484.17,488.29,39577592
5/9/2025 16:00:00,490.21,491.54,486.2,487.97,27767416
5/12/2025 16:00:00,506.99,507.89,501.48,507.85,45090616
5/13/2025 16:00:00,509.16,517.39,508.42,515.59,53269573
5/14/2025 16:00:00,516.77,519.23,515.75,518.68,47014516
5/15/2025 16:00:00,516.52,521.93,515.17,519.25,50153275
5/16/2025 16:00:00,520.66,521.7,517.1,521.51,48394603
5/19/2025 16:00:00,514.24,522.53,514.24,522.01,52536154
5/20/2025 16:00:00,519.47,520.93,516.66,520.27,42517561
5/21/2025 16:00:00,516.27,523,511.24,513.04,71292831
5/22/2025 16:00:00,513.66,517.71,512.3,514,55607169
5/23/2025 16:00:00,506.18,511.84,505.58,509.24,58368075
5/27/2025 16:00:00,516.15,521.71,514.59,521.22,47226323
5/28/2025 16:00:00,522.18,523.68,518.39,518.91,46637175
5/29/2025 16:00:00,526.33,526.48,517.32,519.93,58724069
5/30/2025 16:00:00,519.44,520.68,511.93,519.11,67662836
6/2/2025 16:00:00,517.24,523.45,515.97,523.21,44762817
6/3/2025 16:00:00,523.56,528.74,522.69,527.3,44070330
6/4/2025 16:00:00,528.01,529.84,525.97,528.77,41359322
6/5/2025 16:00:00,530.18,533.05,522.66,524.79,61286623
6/6/2025 16:00:00,530,531.8,528.21,529.92,42467021
6/9/2025 16:00:00,530.14,532.35,529.01,530.7,33688671
6/10/2025 16:00:00,531.17,534.9,528.89,534.21,40664795
6/11/2025 16:00:00,535.62,536.78,530.11,532.41,53701033
6/12/2025 16:00:00,531.09,534.64,530.84,533.66,34104887
6/13/2025 16:00:00,527.68,531.87,525.73,526.96,55814443
6/16/2025 16:00:00,530.5,535.37,530.45,534.29,37622051
6/17/2025 16:00:00,531.71,533.33,527.91,529.08,42180866
6/18/2025 16:00:00,530.1,532.55,527.4,528.99,43983522
6/20/2025 16:00:00,532.26,533.56,524.88,526.83,61643519
6/23/2025 16:00:00,526.81,532.17,523.65,531.65,50666146
6/24/2025 16:00:00,536.89,540.7,536.27,539.78,45441982
6/25/2025 16:00:00,542.06,543.31,539.38,541.16,44804168
6/26/2025 16:00:00,543.35,546.67,541.52,546.22,43811432
6/27/2025 16:00:00,547.26,549.99,544.54,548.09,57577147
6/30/2025 16:00:00,551.26,552.8,549.01,551.64,45548742
7/1/2025 16:00:00,549.73,550.71,544.66,546.99,56166736
7/2/2025 16:00:00,546.16,551,546.12,550.8,36538281
7/3/2025 13:05:00,553.18,557.2,553.18,556.22,26443524
7/7/2025 16:00:00,553.52,554.34,549.58,552.03,45349323
7/8/2025 16:00:00,553.38,554.01,551.1,552.34,36153258
7/9/2025 16:00:00,554.48,557.63,553.1,556.25,43045534
7/10/2025 16:00:00,556.89,557.3,552.75,555.45,34710913
7/11/2025 16:00:00,553.3,555.79,552.05,554.2,39618635
7/14/2025 16:00:00,553.99,556.95,551.63,556.21,36453314
7/15/2025 16:00:00,560.25,560.8,556.66,556.72,43277661
7/16/2025 16:00:00,557.28,560.21,551.56,557.29,52314711
7/17/2025 16:00:00,558.02,562.31,557.21,561.8,40423778
7/18/2025 16:00:00,563.12,564.73,559.98,561.26,50484704
7/21/2025 16:00:00,562.09,566.06,562.06,564.17,39595214
7/22/2025 16:00:00,564.3,564.35,558.61,561.25,43270647
7/23/2025 16:00:00,562.34,563.85,559.58,563.81,40215259
7/24/2025 16:00:00,565.13,566.24,563.29,565.01,42275541
7/25/2025 16:00:00,564.93,567.7,564.27,566.37,30630813
7/28/2025 16:00:00,567.74,569.04,566.87,568.14,31498739
7/29/2025 16:00:00,570.76,572.11,566.53,567.26,45463317
7/30/2025 16:00:00,568.18,570.62,565.05,568.02,43433777
7/31/2025 16:00:00,574.54,574.63,563.87,565.01,64613590
8/1/2025 16:00:00,558.83,559.02,551.68,553.88,69400789
8/4/2025 16:00:00,559.05,564.32,558.95,564.1,47669751
8/5/2025 16:00:00,565.39,566.56,559.73,560.27,48666640
8/6/2025 16:00:00,561.11,567.76,560.63,567.32,41823677
8/7/2025 16:00:00,571.67,573.32,565.11,569.24,44462972
8/8/2025 16:00:00,570.45,574.77,570.15,574.55,35255472
8/11/2025 16:00:00,574.69,576.8,571.57,572.85,33112917
8/12/2025 16:00:00,575.16,580.35,572.49,580.05,42271441
8/13/2025 16:00:00,582.76,583.32,578.94,580.34,41209294
8/14/2025 16:00:00,578.28,581.88,577.91,579.89,45425043
8/15/2025 16:00:00,579.8,579.84,575.57,577.34,49480161
8/18/2025 16:00:00,576.44,577.77,575.24,577.11,29830957
8/19/2025 16:00:00,576.39,576.56,568.25,569.28,53752635
8/20/2025 16:00:00,568.33,568.45,558.84,565.9,76781087
8/21/2025 16:00:00,564.35,566.49,560.98,563.28,46436899
8/22/2025 16:00:00,564.67,573.99,563.27,571.97,51502129
8/25/2025 16:00:00,570.4,573.29,569.16,570.32,34044749
8/26/2025 16:00:00,569.83,572.92,568.8,572.61,34103014
8/27/2025 16:00:00,571.59,574.41,570.37,573.49,36927144
8/28/2025 16:00:00,574.11,578,572.46,577.08,46787857
8/29/2025 16:00:00,574.66,575.03,568.54,570.4,56030409
9/2/2025 16:00:00,561.31,565.97,559.54,565.62,65876765
9/3/2025 16:00:00,569.23,571.7,566.73,570.07,54230213
9/4/2025 16:00:00,570.74,575.6,569.03,575.23,47526280
9/5/2025 16:00:00,580.49,581.12,571.53,576.06,68342532
9/8/2025 16:00:00,578.37,580.84,577.77,578.87,46371354
9/9/2025 16:00:00,579.67,580.94,577.04,580.51,44007592
9/10/2025 16:00:00,583.74,583.77,578.55,580.7,49307959
9/11/2025 16:00:00,583.24,584.88,581.62,584.08,44745766
9/12/2025 16:00:00,585.04,587.86,584.1,586.66,50745886
9/15/2025 16:00:00,588.44,591.79,588.29,591.68,44360315
9/16/2025 16:00:00,592.61,592.86,590.49,591.18,36942130
9/17/2025 16:00:00,591.1,591.75,584.37,590,69384820
9/18/2025 16:00:00,594.91,598.14,592.96,595.32,61069294
9/19/2025 16:00:00,597.33,600.05,595.85,599.35,58196109
9/22/2025 16:00:00,597.74,602.87,597.72,602.2,57154769
9/23/2025 16:00:00,602.37,602.57,596.98,598.2,64635486
9/24/2025 16:00:00,599.58,599.9,593.36,596.1,49850301
9/25/2025 16:00:00,592.2,595.12,588.5,593.53,70920209
9/26/2025 16:00:00,594.35,596.3,591.06,595.97,54337416
9/29/2025 16:00:00,599.11,602.05,597.41,598.73,48332934
9/30/2025 16:00:00,598.43,600.71,596.1,600.37,46533814
10/1/2025 16:00:00,597.17,603.79,596.34,603.25,46899612
10/2/2025 16:00:00,607.06,607.16,602.93,605.73,43765410
10/3/2025 16:00:00,606.51,607.33,601.39,603.18,46482098
10/6/2025 16:00:00,608.45,609.36,605.97,607.71,41962115
10/7/2025 16:00:00,609.02,609.71,603.03,604.51,58209463
10/8/2025 16:00:00,605.41,611.75,605.26,611.44,50629754
10/9/2025 16:00:00,611.48,611.61,607.48,610.7,45550958
10/10/2025 16:00:00,611.4,613.18,589.05,589.5,97614783
10/13/2025 16:00:00,599.68,602.95,597.23,602.01,65872584
10/14/2025 16:00:00,595.31,602.69,590.13,598,69203187
10/15/2025 16:00:00,604.01,606.7,595.93,602.22,62805456
10/16/2025 16:00:00,605.11,608.31,595.5,599.99,70981963
10/17/2025 16:00:00,597.95,605.51,596.37,603.93,72024872
10/20/2025 16:00:00,607.14,612.8,607.07,611.54,45761697
10/21/2025 16:00:00,611.64,612.72,609.32,611.38,44538161
10/22/2025 16:00:00,610.82,611.41,599.74,605.49,61478802
10/23/2025 16:00:00,604.91,611.37,604.52,610.58,42844298
10/24/2025 16:00:00,615.99,618.42,615.13,617.1,47632473
10/27/2025 16:00:00,624.52,628.55,624.03,628.09,54098611
10/28/2025 16:00:00,630.36,634.68,629.25,632.92,61195733
10/29/2025 16:00:00,635.59,637.01,630.25,635.77,67422806
10/30/2025 16:00:00,632.17,633.5,625.94,626.05,61628621
10/31/2025 16:00:00,634.17,634.2,626.69,629.07,66305147
11/3/2025 16:00:00,635.11,635.82,629.85,632.08,37154307
11/4/2025 16:00:00,623.28,626.95,618.46,619.25,63830768
11/5/2025 16:00:00,618.49,626.6,617.21,623.28,48688484
11/6/2025 16:00:00,621.79,622.04,610.3,611.67,72115128
11/7/2025 16:00:00,608.31,609.95,598.67,609.74,81835388
11/10/2025 16:00:00,618.92,624.31,616.89,623.23,55919931
11/11/2025 16:00:00,620.57,622.72,617.52,621.57,44868841
11/12/2025 16:00:00,624.84,624.86,617.81,621.08,47444384
11/13/2025 16:00:00,617.54,618.12,606.08,608.4,71333634
11/14/2025 16:00:00,599.55,613.35,597.17,608.86,80087291
11/17/2025 16:00:00,606.3,612.48,599.87,603.66,63850367
11/18/2025 16:00:00,599.62,602.31,591.34,596.31,83327279
11/19/2025 16:00:00,597.07,606.16,594.59,599.87,73111487
11/20/2025 16:00:00,611.62,614.03,584.75,585.67,117743195
11/21/2025 16:00:00,587.47,596.98,580.74,590.07,103344155
11/24/2025 16:00:00,595.28,606.68,595.16,605.16,60168149
11/25/2025 16:00:00,603.51,610.26,597.32,608.89,57560867
11/26/2025 16:00:00,612.51,616.19,610.39,614.27,42393598
11/28/2025 13:05:00,616.11,619.32,615.42,619.25,23034394
12/1/2025 16:00:00,613.63,619.44,612.52,617.17,40957588
12/2/2025 16:00:00,619.46,623.75,617.59,622,54541834
12/3/2025 16:00:00,619.62,624.22,618.03,623.52,47841627
12/4/2025 16:00:00,624.93,624.94,619.54,622.94,47067751
12/5/2025 16:00:00,624.38,628.92,623.71,625.48,53614169
12/8/2025 16:00:00,627.21,628.84,621.69,624.28,43462406
12/9/2025 16:00:00,623.01,625.87,621,625.05,37155999
12/10/2025 16:00:00,623.85,629.21,620.99,627.61,55031384
12/11/2025 16:00:00,623.82,625.78,617.72,625.58,58272844
12/12/2025 16:00:00,622.08,623.54,611.36,613.62,75158726
12/15/2025 16:00:00,618.37,618.42,609.32,610.54,49538197
12/16/2025 16:00:00,608.26,613.51,606.91,611.75,55152819
12/17/2025 16:00:00,613.06,613.65,600.28,600.41,70654327
12/18/2025 16:00:00,609.8,612.93,606.92,609.11,78875824
12/19/2025 16:00:00,611.95,617.62,611.87,617.05,60369829
12/22/2025 16:00:00,621.35,621.65,617.77,619.21,43703101
12/23/2025 16:00:00,618.2,622.41,617.78,622.11,41120445
12/24/2025 13:05:00,621.99,624.28,621.72,623.93,18468707
12/26/2025 16:00:00,624.66,625.52,623.14,623.89,28959778
12/29/2025 16:00:00,620.1,622.78,618.73,620.87,32458308
12/30/2025 16:00:00,619.84,622.18,619.22,619.43,31226754
12/31/2025 16:00:00,619.65,619.96,614.05,614.31,40746527
1/2/2026 16:00:00,620.06,622.85,610.15,613.12,61859163
1/5/2026 16:00:00,619.32,620.81,616.72,617.99,46828359
1/6/2026 16:00:00,619.23,624.02,618.54,623.42,43137520
1/7/2026 16:00:00,623.04,627.94,622.56,624.02,44880339
1/8/2026 16:00:00,623.03,623.42,617.8,620.47,50435941
1/9/2026 16:00:00,621.41,627.89,619.06,626.65,49688734
1/12/2026 16:00:00,622.31,628.85,622.26,627.17,37388651
1/13/2026 16:00:00,627.27,629.47,623.7,626.24,44481380
1/14/2026 16:00:00,622.24,623.45,614.56,619.55,72598700
1/15/2026 16:00:00,626.6,630,620.75,621.78,53934892
1/16/2026 16:00:00,625.5,626.08,618.88,621.26,61058094
1/20/2026 16:00:00,610.53,615.05,607.05,608.06,81988898
1/21/2026 16:00:00,609.47,620.42,607.86,616.28,79837881
1/22/2026 16:00:00,622.35,622.46,617.78,620.76,42254757
1/23/2026 16:00:00,619.73,625.4,618.65,622.72,43645825
1/26/2026 16:00:00,623.21,627.61,622.12,625.46,35983008
1/27/2026 16:00:00,628.91,632.04,627.34,631.13,38997212
1/28/2026 16:00:00,635.46,636.6,631.81,633.22,50691691
1/29/2026 16:00:00,632.65,633.67,618.27,629.43,79944047
1/30/2026 16:00:00,625.71,628.26,619.3,621.87,65650714
2/2/2026 16:00:00,618.7,628.49,618.66,626.14,49020292
2/3/2026 16:00:00,628.3,629.98,610.96,616.52,81233969
2/4/2026 16:00:00,615.02,615.1,600.47,605.75,81850748
2/5/2026 16:00:00,600.21,604.81,594.76,597.03,89354492
2/6/2026 16:00:00,600.19,611.41,598.77,609.65,78019338
2/9/2026 16:00:00,607.54,616.46,605.07,614.32,56797557
2/10/2026 16:00:00,615.3,617.02,611.01,611.47,53938859
2/11/2026 16:00:00,616.38,617.52,607.69,613.11,58575101
2/12/2026 16:00:00,614.71,615.81,599.57,600.64,81378903
2/13/2026 16:00:00,600.43,606.48,596.42,601.92,69237547
2/17/2026 16:00:00,598.38,603.95,593.34,601.3,69013763
2/18/2026 16:00:00,602.11,609.77,600.72,605.79,64250668
2/19/2026 16:00:00,602.81,605.82,600.75,603.47,60960839
2/20/2026 16:00:00,600.12,610.35,599.23,608.81,74127323
2/23/2026 16:00:00,606.61,608.01,599.05,601.41,63162819
2/24/2026 16:00:00,602.4,608.99,599.73,607.87,54389752
2/25/2026 16:00:00,611.07,616.83,611,616.68,52558188
2/26/2026 16:00:00,615.59,615.59,603.98,609.24,93807568
2/27/2026 16:00:00,602.98,608.32,602.19,607.29,67203083
3/2/2026 16:00:00,598.86,609.92,597.99,608.09,74678748
3/3/2026 16:00:00,596.33,603.96,591.87,601.58,95546863
3/4/2026 16:00:00,604.16,612.88,603.43,610.75,69826160
3/5/2026 16:00:00,607.4,612.76,602.26,608.91,88215465
3/6/2026 16:00:00,600.31,606,598.33,599.75,85642847
3/9/2026 16:00:00,594.23,609.27,591.33,607.76,91533927
3/10/2026 16:00:00,607.78,613.29,605.42,607.77,63487901
3/11/2026 16:00:00,608.95,612.43,605.03,607.69,60114800
3/12/2026 16:00:00,602.76,604.14,597.05,597.26,71836630
3/13/2026 16:00:00,599.73,603.6,592.57,593.72,63145490
3/16/2026 16:00:00,600.04,603.86,599.11,600.38,49077156
3/17/2026 16:00:00,603.14,605.9,601.87,603.31,47106608
3/18/2026 16:00:00,601.49,603.16,594.56,594.9,56127963
3/19/2026 16:00:00,589.51,595.8,587.08,593.02,75597579
3/20/2026 16:00:00,591.06,591.17,578.54,582.06,91964678
3/23/2026 16:00:00,590.52,595.08,585.96,588,89936119
3/24/2026 16:00:00,584.81,587.93,581.93,583.98,57750895
3/25/2026 16:00:00,589.14,591.37,585.69,587.82,60475491
3/26/2026 16:00:00,582.6,584.63,573.43,573.79,81492124
3/27/2026 16:00:00,570.81,571.02,561.57,562.58,82702241
3/30/2026 16:00:00,567.38,568.05,555.6,558.28,70602622
3/31/2026 16:00:00,564.29,578.64,564.21,577.18,95877997
4/1/2026 16:00:00,581.48,587.74,580.42,584.31,79435132
4/2/2026 16:00:00,573.97,586.05,571.92,584.98,50941709
4/6/2026 16:00:00,586.23,590.61,584.69,588.5,35108496
4/7/2026 16:00:00,585.64,588.98,578.4,588.59,49948196
4/8/2026 16:00:00,608.71,609.9,602.12,606.09,63085996
4/9/2026 16:00:00,605.93,610.5,603.03,610.19,37837539
4/10/2026 16:00:00,611.84,613.67,609.58,611.07,34038534
4/13/2026 16:00:00,609.48,626.74,608.11,617.39,32972110
4/14/2026 16:00:00,620.22,628.6,620.1,628.6,49921082
4/15/2026 16:00:00,629.08,637.83,628.2,637.4,50102387
4/16/2026 16:00:00,639.21,642.18,635.26,640.47,42320582
4/17/2026 16:00:00,645.59,650,644.07,648.85,53488871
4/20/2026 16:00:00,648.04,648.76,642.52,646.79,37138512
4/21/2026 16:00:00,648.41,650.2,642.21,644.33,39580523
4/22/2026 16:00:00,650.15,655.33,648.52,655.11,37368403
4/23/2026 16:00:00,653.55,656.92,645.52,651.42,40099828
4/24/2026 16:00:00,658.51,664.51,656.53,663.88,45563050
4/27/2026 16:00:00,663.4,664.43,660.69,664.23,32717030
4/28/2026 16:00:00,657.41,659.64,653.81,657.55,34147916
4/29/2026 16:00:00,658.63,661.72,656.59,661.57,31724860
4/30/2026 16:00:00,665.35,668.9,657.56,667.74,40622226
5/1/2026 16:00:00,669.16,675.97,668.8,674.15,39172607
5/4/2026 16:00:00,674.66,676.73,668.9,672.88,34541990
5/5/2026 16:00:00,677.96,682.77,677.51,681.61,37101064
5/6/2026 16:00:00,687.78,695.93,686.48,695.77,38778492
5/7/2026 16:00:00,696.58,701.24,691.77,694.94,43779088
5/8/2026 16:00:00,699.92,711.23,699.5,711.23,44320422
5/11/2026 16:00:00,710.36,714.59,708.91,713.29,36019146
5/12/2026 16:00:00,708.22,710.18,696.64,707.24,45873009
5/13/2026 16:00:00,709.96,716.65,704.83,714.71,40012526
5/14/2026 16:00:00,714.62,722.03,714.22,719.79,33327545
5/15/2026 16:00:00,710.14,715.13,705.55,708.93,51792657
5/18/2026 16:00:00,711.54,712.07,698.85,705.88,49834550
5/19/2026 16:00:00,699.81,706.49,695.25,701.53,46827530
5/20/2026 16:00:00,705.29,713.15,703.79,713.15,36779223
5/21/2026 16:00:00,708.99,717.12,706.77,714.51,36415361
5/22/2026 16:00:00,718.07,722.12,715.95,717.54,33118575
5/26/2026 16:00:00,725.96,731.17,724.16,730.28,34254693
5/27/2026 16:00:00,732.96,733.32,725.44,729.45,35148674
5/28/2026 16:00:00,729.73,736.6,726.41,735.6,32839953
5/29/2026 16:00:00,737.84,741.63,735.25,738.31,37541669
6/1/2026 16:00:00,737.04,745.65,735.99,742.74,33890560
6/2/2026 16:00:00,742.4,746.44,739.23,746.16,30085238
6/3/2026 16:00:00,747.31,748.65,741.01,744.21,40270198
6/4/2026 16:00:00,735.48,743.5,732.62,740.61,40782580
6/5/2026 16:00:00,730.06,731.69,704.32,705.06,99606572
6/8/2026 16:00:00,717.81,723.03,713.07,716.07,47401451
6/9/2026 16:00:00,722.98,725.66,686.37,707.83,91932171
6/10/2026 16:00:00,701.66,711.28,692.93,693.69,65334283
6/11/2026 16:00:00,699.29,718.37,695,717.12,71798857
6/12/2026 16:00:00,717.61,724.01,711.28,721.34,51236021
6/15/2026 16:00:00,738.1,744.76,737.38,744,46710216
6/16/2026 16:00:00,742.25,744.22,729.64,729.86,45348676
6/17/2026 16:00:00,735.19,735.68,720.85,722.51,51669322
6/18/2026 16:00:00,737.2,741.82,732.51,740.62,50154596
6/22/2026 16:00:00,742.02,745.45,734.39,737.95,43518596
6/23/2026 16:00:00,715.74,723.61,712.11,713.65,53354151
6/24/2026 16:00:00,715.37,719.93,704.45,710.62,52480438
6/25/2026 16:00:00,725.9,726.83,705.3,716.38,50144090
6/26/2026 16:00:00,707.13,715.56,702.81,706.52,47081821
6/29/2026 16:00:00,713.99,724.58,705.17,724.08,44939091
6/30/2026 16:00:00,724.18,737.62,723.91,736.4,42121829
7/1/2026 16:00:00,729.19,731.92,724.6,725.17,40803791
7/2/2026 16:00:00,725.58,730.83,707.56,712.6,51086080
7/6/2026 16:00:00,719.93,726.08,718.45,722.82,30220428
7/7/2026 16:00:00,714.17,716.35,704.9,709.43,42483080
7/8/2026 16:00:00,704.95,712.26,700.91,711.44,35603179
7/9/2026 16:00:00,718.33,724.23,715.13,723.28,33654712
7/10/2026 16:00:00,720.7,726.39,717,725.51,26415899
7/13/2026 16:00:00,717.72,718.74,710.08,711.74,36552362
7/14/2026 16:00:00,720.22,722.29,714.34,719.69,29448117
7/15/2026 16:00:00,723.85,724.36,710.23,717.74,32627583
7/16/2026 16:00:00,712.01,713.6,702.61,705.94,39402025
7/17/2026 16:00:00,691.65,702.3,686.76,695.33,54109268
7/20/2026 16:00:00,702.16,705.8,695.51,696.06,29687559
7/21/2026 16:00:00,706.57,710.05,702.8,708.97,33728341
7/22/2026 16:00:00,703.62,709.65,703.62,705.35,23692182
7/23/2026 16:00:00,694.67,698.66,687.79,691.96,44028576
7/24/2026 16:00:00,690.41,692.63,682.48,684.23,42876659
7/27/2026 16:00:00,691.68,692.3,675.95,682.12,42681473
7/28/2026 16:00:00,676.23,679.4,667.88,675.49,51398742
7/29/2026 16:00:00,675.51,680.05,661.14,661.73,57233269
7/30/2026 16:00:00,674.76,685.12,673.3,683.55,66753682
7/31/2026 16:00:00,692.11,695.77,680.05,687.99,50540484
8/3/2026 16:00:00,688.3,701.59,685.82,700.07,44965072
8/4/2026 16:00:00,708.16,725.66,707.53,723.85,59778624
8/5/2026 16:00:00,726.25,728.54,716.92,717.3,33540176
8/6/2026 16:00:00,710.82,719.32,708.5,714.65,33035860
8/7/2026 16:00:00,720.15,723.63,716.51,723.03,31070372
8/10/2026 16:00:00,722.39,724.67,720.33,720.87,26243183
8/11/2026 16:00:00,723.29,723.35,715.5,718.45,29286145
8/12/2026 16:00:00,727.08,727.25,722.92,723.7,29065977
8/13/2026 16:00:00,725.15,733.96,724.03,732.07,31599738
8/14/2026 16:00:00,733.41,734.39,728.32,731.07,23790607
8/17/2026 16:00:00,732.95,734.58,729.27,729.87,26452580
8/18/2026 16:00:00,720.21,722.13,715.92,717.51,48997172
8/19/2026 16:00:00,720.39,721.5,712.61,716.08,35801713
8/20/2026 16:00:00,712.09,714.94,708.52,710.93,33396416
8/21/2026 16:00:00,715.23,715.67,709.2,713.44,33399407
8/24/2026 16:00:00,709.66,709.79,702.7,706.32,37443142
8/25/2026 16:00:00,711.22,714.04,707.45,710.72,23869647
8/26/2026 16:00:00,708.41,713.02,707.97,711.37,20392390
8/27/2026 16:00:00,716.93,721.35,714.53,721.11,28723451
8/28/2026 16:00:00,719.74,724.13,715.09,716.43,34105375
8/31/2026 16:00:00,715.17,717.58,713.16,716.76,32237181
9/1/2026 16:00:00,707.39,712.3,704.66,707.64,35236117
9/2/2026 16:00:00,707.1,709.8,705.1,709.24,23476208
9/3/2026 16:00:00,710.85,718.92,709.69,717.67,29449781
9/4/2026 16:00:00,719.35,721.86,716.56,718.96,32871077
9/8/2026 16:00:00,720.91,721.89,715.57,718.36,28341416
9/9/2026 16:00:00,716.4,719.7,714.02,716.31,26763377
9/10/2026 16:00:00,707.55,712.06,706.86,708.69,31414409
9/11/2026 16:00:00,715.68,717.63,713.63,714.88,26649143