SMH,NASDAQ,,,,
Date,Open,High,Low,Close,Volume
11/05/2000,39.19,41.16,38.25,41.09,190800
12/05/2000,42,43.22,41.28,41.59,199000
15/05/2000,41.38,42.38,39.91,42.38,250600
16/05/2000,42.53,44.69,42.53,44.19,196500
17/05/2000,43.81,44.94,43.22,43.81,203400
18/05/2000,44.13,44.22,42.97,43.06,112500
19/05/2000,42.31,42.5,40.34,40.81,82400
22/05/2000,40.81,40.84,38.06,40.59,209900
23/05/2000,40.25,41.13,37.44,37.5,75500
24/05/2000,39.97,39.97,35.72,39.88,275600
25/05/2000,41.81,41.97,39.19,39.78,182300
26/05/2000,39.5,40.38,38.81,39.5,61100
30/05/2000,40.88,43.53,40.88,43.53,78300
31/05/2000,43.53,44.88,43.47,43.53,115100
01/06/2000,45,46.41,44.5,46.22,198100
02/06/2000,49.66,49.66,48.66,49.66,439000
05/06/2000,49.34,50.06,48.16,49.34,130800
06/06/2000,49.25,50.03,47.31,47.53,198300
07/06/2000,47.88,48.5,46.59,48.09,120700
08/06/2000,49.41,49.44,47.91,48.31,169100
09/06/2000,49.41,49.47,48.53,49.25,82300
12/06/2000,49.63,49.63,47.31,47.41,43100
13/06/2000,47.5,49.41,46.66,49.41,163000
14/06/2000,49.41,49.41,47.28,47.28,84000
15/06/2000,47.38,48.34,46.66,47.69,96900
16/06/2000,47.75,48.47,47.28,48,77500
19/06/2000,48.19,51.25,47.81,51.25,153700
20/06/2000,51.75,52.75,51.5,51.88,148700
21/06/2000,51.75,52.5,51.25,52.22,114800
22/06/2000,51.75,51.75,49.56,49.66,332500
23/06/2000,49.69,50.09,48.63,48.75,312100
26/06/2000,49.19,49.69,48.19,48.56,131000
27/06/2000,49.19,49.69,47.19,47.19,198500
28/06/2000,48.53,48.53,47.19,47.44,192700
29/06/2000,46.88,47.19,45.63,46.34,227200
30/06/2000,46.5,47.41,46.16,47,304900
03/07/2000,46.94,48.13,46.88,48.06,36800
05/07/2000,45.25,45.72,44.06,44.31,1300000
06/07/2000,45.25,46.38,44.09,46.13,1294900
07/07/2000,47.13,48.25,46.91,47.88,143600
10/07/2000,47.75,48.25,47.28,47.53,62900
11/07/2000,47.5,48.56,46.28,46.81,203800
12/07/2000,47.5,48.59,47.22,47.97,95200
13/07/2000,48.69,49.97,48.69,49.19,110600
14/07/2000,50.13,50.69,49.38,50.69,106400
17/07/2000,50.13,51.56,50,51.47,140400
18/07/2000,50.5,50.66,49,49.34,173700
19/07/2000,50.5,50.66,46.88,47.47,346500
20/07/2000,47.72,48.66,46.38,46.72,241800
21/07/2000,46.03,46.25,44.38,44.81,590700
24/07/2000,44.5,46.38,44.38,44.63,794700
25/07/2000,45.16,46.47,45.16,46.41,221300
26/07/2000,44.5,44.91,43.38,44.34,382800
28/07/2000,42.41,42.41,40.16,40.81,1005700
31/07/2000,41.41,42.69,40.75,42.25,170600
01/08/2000,42.19,42.19,40.78,40.91,489100
02/08/2000,42.19,42.22,40.19,40.5,220900
03/08/2000,37.63,40.44,37.63,40.44,1037000
04/08/2000,41.44,41.44,38.75,39.34,708600
07/08/2000,39.25,40.81,38.94,40.5,240700
08/08/2000,40.63,41.03,40.25,40.53,158300
09/08/2000,42.13,42.56,41.56,41.75,263500
10/08/2000,41.56,41.84,40.56,40.72,486500
11/08/2000,40.69,41.53,39.41,41.34,297100
14/08/2000,42.19,43.97,41.53,43.97,399800
15/08/2000,44.84,45.72,44.53,45.19,807500
16/08/2000,46.72,47,46.09,46.47,568100
17/08/2000,46.5,47.88,46.16,47.53,267100
18/08/2000,48.75,49.41,48.19,48.72,446100
21/08/2000,49.09,49.38,47.13,48,688400
22/08/2000,48,48.69,47.59,47.97,424500
23/08/2000,47.5,49.66,47.16,49.63,362900
24/08/2000,49.56,49.94,49.03,49.63,735300
25/08/2000,49.5,49.94,48.59,49,267500
28/08/2000,48.88,49.78,48.78,49.25,182400
29/08/2000,49.06,49.28,48.63,49,591200
30/08/2000,48.84,48.84,47.88,48.41,217000
31/08/2000,48.69,49.5,48.31,49.34,528300
01/09/2000,50.19,50.31,48.63,48.94,761100
05/09/2000,48.31,48.5,47.34,47.56,276200
06/09/2000,46.38,46.44,44.53,44.53,386500
07/09/2000,45.13,46.38,44.81,46,255500
08/09/2000,45.75,45.75,43.81,43.81,175800
11/09/2000,43.5,44.69,42.63,43.13,313200
12/09/2000,43.63,44.22,42,42.09,399900
13/09/2000,41.19,42.47,41.19,42.44,836300
14/09/2000,43.5,43.75,42.31,42.41,191000
15/09/2000,41.75,42.34,41,41.38,255600
18/09/2000,41.75,42.69,40.25,40.5,117900
19/09/2000,41.25,43.56,40.59,43.53,701200
20/09/2000,43.38,44.28,42.19,43.78,430000
21/09/2000,43.47,43.59,41.97,42.13,217500
22/09/2000,37.56,39.16,37.56,39.06,765700
25/09/2000,40.13,40.13,36.85,37.01,168600
26/09/2000,37.15,37.88,36.23,36.63,287900
27/09/2000,37.6,37.73,35.78,36.25,724000
28/09/2000,36.63,37.81,36.28,37.45,511900
29/09/2000,36.9,36.9,35.46,35.55,304000
02/10/2000,36.24,36.35,34.51,34.75,321800
03/10/2000,35.25,35.92,33.94,34.23,598600
04/10/2000,34.42,36.1,34.13,36,615100
05/10/2000,35.25,36,34.63,35.1,434500
06/10/2000,35.13,35.62,33.13,33.85,516000
09/10/2000,33.6,33.88,31.65,33.25,552400
10/10/2000,31.8,32,29.66,30.17,1002000
11/10/2000,28.88,31.35,28.88,29.98,1140500
12/10/2000,31.38,31.5,29.15,29.3,949500
13/10/2000,29.45,32.48,29.38,32.38,494200
16/10/2000,32.1,32.1,30.05,30.53,501200
17/10/2000,30.25,30.3,28.01,28.87,869700
18/10/2000,27.53,30.15,26.91,28.3,807600
19/10/2000,32.5,32.99,30.56,32.88,1266100
20/10/2000,32.49,34.25,32.1,33.38,870200
23/10/2000,33.9,35.17,33.33,34.15,264200
24/10/2000,33.63,33.63,31.51,31.88,390900
25/10/2000,29.75,30.75,29.01,29.35,591900
26/10/2000,29.4,31,28.63,30.88,698800
27/10/2000,32,32,30,30.85,687100
30/10/2000,30.88,31.75,30.13,31.2,700200
31/10/2000,32,33.49,31.95,32.9,530100
01/11/2000,31.7,32.5,31.08,31.7,364000
02/11/2000,32.92,33.14,32.1,32.5,352600
03/11/2000,32.46,32.75,31.9,32.24,124000
06/11/2000,32.7,32.8,32.25,32.25,118400
07/11/2000,31.3,31.4,30.38,30.75,127800
08/11/2000,30.55,30.7,28.16,28.33,680200
09/11/2000,27.01,28.6,26.78,28.25,303000
10/11/2000,27.4,27.4,26.31,26.36,453000
13/11/2000,25.6,28.55,25.6,27.65,641500
14/11/2000,29.13,29.47,28,29.23,490600
15/11/2000,29.5,31.2,29.5,30.55,410900
16/11/2000,30.12,30.35,28.88,28.9,554200
17/11/2000,28.9,29.8,27.66,28.84,176500
20/11/2000,27.8,29.43,27.6,28.45,745600
21/11/2000,28.5,28.8,27.56,27.85,437400
22/11/2000,28.25,28.8,27.05,27.25,573900
24/11/2000,28.15,29.25,28.13,29.25,321300
27/11/2000,29.95,29.95,27.5,27.65,996100
28/11/2000,27.51,27.96,25.63,25.75,1071600
29/11/2000,26.05,26.68,25.1,26.05,940900
30/11/2000,24.15,24.58,23.14,24,1621800
01/12/2000,24.38,25.05,23.25,23.75,689100
04/12/2000,24.25,24.79,23.13,24,374400
05/12/2000,25.24,26.5,24.75,26.5,1175700
06/12/2000,26.12,26.98,25.16,25.4,462500
07/12/2000,24.62,25.25,24.3,24.89,355700
08/12/2000,27.25,27.74,26.25,27.63,692900
11/12/2000,27.63,29.94,27.15,29.6,960600
12/12/2000,28.99,29.15,28.33,28.55,641600
13/12/2000,28.3,28.45,26.63,26.68,535700
14/12/2000,27.15,27.47,26.29,26.36,384900
15/12/2000,25.38,26.42,25.02,25.65,716500
18/12/2000,26.38,26.52,25.34,25.63,493700
19/12/2000,26,27.58,25.27,25.3,1200800
20/12/2000,24.5,25.08,23.61,23.61,499700
21/12/2000,24.38,25.21,23.13,23.75,1104800
22/12/2000,24.7,25.5,24.24,25.38,690700
26/12/2000,25.75,25.8,24.5,25.11,386000
27/12/2000,25,26.45,24.75,25.88,365500
28/12/2000,25.75,26.38,25.13,25.64,359900
29/12/2000,25.94,25.94,24.25,24.65,625200
02/01/2001,24.88,25.19,23.63,24.15,1524800
03/01/2001,24.15,28.22,23.15,28.22,1801900
04/01/2001,28,28.65,26.93,27.26,1137600
05/01/2001,27.01,27.35,25.39,25.52,1472500
08/01/2001,25.25,26.13,24.51,26,647000
09/01/2001,26.45,26.45,25.33,25.51,693200
10/01/2001,24.8,26.99,24.78,26.6,1326900
11/01/2001,26.4,28.43,26.06,28.11,1078000
12/01/2001,28.25,28.8,27.03,27.85,853000
16/01/2001,27.26,27.37,26.26,26.75,365900
17/01/2001,28.88,29.45,27.88,28.16,1080400
18/01/2001,27.6,29.93,27.42,29.75,938200
19/01/2001,29.9,30.47,29.3,29.86,647000
22/01/2001,29.2,29.55,28.89,29.13,289100
23/01/2001,28.63,29.5,28.25,29.33,663000
24/01/2001,29.45,30.07,28.95,29.28,464100
25/01/2001,28.8,29.3,27.88,28.2,1256500
26/01/2001,27.26,28.36,27.15,28.33,1322000
29/01/2001,27.98,29.19,27.38,29.08,307800
30/01/2001,29.44,30.06,29.06,29.6,644300
31/01/2001,29.8,30.93,29.5,29.51,1479700
01/02/2001,29.25,30,28.81,29.33,521100
02/02/2001,29.66,30,27.9,28.05,711900
05/02/2001,27.16,27.37,26.27,26.95,798900
06/02/2001,26.81,27.85,26.81,27.01,427400
07/02/2001,26.65,27.18,25.45,26.05,651300
08/02/2001,26.2,26.93,25.77,25.77,397800
09/02/2001,25.9,26.34,25.14,25.45,1019400
12/02/2001,25.31,26.45,25.15,25.97,388800
13/02/2001,26.05,26.65,25.23,25.29,594300
14/02/2001,25.5,27.25,25.14,27.01,842600
15/02/2001,28.13,28.74,27.61,28,1287000
16/02/2001,26.51,27.22,25.88,26.31,742600
20/02/2001,26.43,26.43,24.25,24.25,588400
21/02/2001,24.01,25.5,23.95,24.1,1102400
22/02/2001,24.35,24.95,23.2,23.75,856800
23/02/2001,23.5,23.7,22.17,23.65,999700
26/02/2001,23.65,23.8,22.38,23,698000
27/02/2001,22.75,23.35,22.03,22.04,1011500
28/02/2001,21.95,22.28,20.76,20.93,838800
01/03/2001,20.53,22.34,20.23,22.34,1614800
02/03/2001,21.65,24.15,21.56,22.66,1413000
05/03/2001,23.25,23.95,23.13,23.51,963500
06/03/2001,25.08,25.58,24.78,24.8,1388200
07/03/2001,24.8,24.95,24.28,24.6,1052100
08/03/2001,24.8,24.89,24.25,24.6,639200
09/03/2001,23.38,23.73,22.67,23,1094500
12/03/2001,21.88,23.33,21.78,22.1,1527300
13/03/2001,22.1,23.38,22.03,23.37,1059400
14/03/2001,22.63,23.8,22.13,22.95,1328700
15/03/2001,23.88,23.88,22.21,22.35,1211100
16/03/2001,22.05,22.5,21.38,21.63,1409200
19/03/2001,21.85,22.63,21.26,22.5,1488700
20/03/2001,22.83,23,20.96,21.13,1297600
21/03/2001,21.1,22.57,21.01,21.85,763200
22/03/2001,22.63,24.35,22.3,24.11,1649600
23/03/2001,25,25.25,23.5,24.65,1412000
26/03/2001,24.8,24.8,23,23.77,1287900
27/03/2001,23.25,24.5,23.1,23.9,677500
28/03/2001,23.65,23.85,21.95,22.15,1041100
29/03/2001,21.73,22.75,21.1,21.67,1423000
30/03/2001,21.2,21.25,20.26,20.75,1874300
02/04/2001,20.5,21.2,18.9,19.35,2020200
03/04/2001,19.15,19.62,18.6,18.8,1726600
04/04/2001,18.41,19.04,17.41,17.65,1838500
05/04/2001,18.95,20.3,18.77,20.05,1552800
06/04/2001,19.5,19.58,18.38,18.68,1455300
09/04/2001,18.68,19.05,17.51,18.2,1186200
10/04/2001,18.33,20.25,18.33,19.85,822100
11/04/2001,23.5,23.5,21.65,22,3409200
12/04/2001,21.58,23.43,21.05,23.18,2108600
16/04/2001,21.76,22.55,21.48,22,1124800
17/04/2001,21.38,22.65,21.3,21.98,1286900
18/04/2001,23.5,27,23.5,24.8,2863800
19/04/2001,24.73,26.58,24.45,26.5,1828600
20/04/2001,26.17,26.92,25.44,25.93,2040500
23/04/2001,24.88,25.1,24.03,24.38,1230300
24/04/2001,24.33,25.5,23.55,23.8,1217200
25/04/2001,23.88,24.6,23.35,24.25,1142700
26/04/2001,24.5,24.68,23.4,23.58,1111100
27/04/2001,24.35,24.85,24.1,24.75,1052500
30/04/2001,25.2,26.35,25,25.65,962700
01/05/2001,25.35,25.99,24.93,25.98,947200
02/05/2001,26.45,26.93,26.12,26.4,973900
03/05/2001,25.58,25.6,24.97,25.25,937600
04/05/2001,24.4,25.45,24.23,25.35,1407500
07/05/2001,25.48,25.8,24.9,25.15,714900
08/05/2001,25.6,25.75,25.09,25.51,674700
09/05/2001,24.68,25.05,24.26,24.55,1011100
10/05/2001,25.59,25.59,24.36,24.45,878500
11/05/2001,24.45,24.95,23.92,24.03,277300
14/05/2001,23.93,23.93,23.13,23.53,961400
15/05/2001,23.53,24.43,23.39,23.65,1265300
16/05/2001,23.2,25.05,23.2,24.95,1842900
17/05/2001,25,25.68,24.88,25.41,1077200
18/05/2001,25.19,25.64,24.93,25.48,645500
21/05/2001,25.38,27.2,25.35,27.2,1614000
22/05/2001,27.23,27.45,26.6,26.65,1068700
23/05/2001,26.15,26.21,25.4,25.4,1121000
24/05/2001,25.35,25.6,24.7,25.43,2033600
25/05/2001,25.65,25.75,25.1,25.23,1168400
29/05/2001,24.78,24.87,23.97,24.09,1037400
30/05/2001,23.25,23.4,22.3,22.53,1669900
31/05/2001,22.75,23.5,22.66,23.01,969300
01/06/2001,23.63,24.05,22.98,23.8,2778300
04/06/2001,23.75,23.97,23.25,23.4,603500
05/06/2001,24.03,25.22,24,24.99,835200
06/06/2001,24.75,25.23,24.33,24.78,1376900
07/06/2001,24.7,26.67,24.7,26.67,2212800
08/06/2001,26.35,26.6,25.55,25.81,1210500
11/06/2001,25.45,25.45,24.72,24.97,1247900
12/06/2001,23.85,25.2,23.55,24.92,1471100
13/06/2001,24.98,25.32,24.11,24.18,1191300
14/06/2001,23.53,24,22.73,22.83,763900
15/06/2001,22.48,23.28,22,22.83,1424100
18/06/2001,23.13,23.42,22.45,22.54,449200
19/06/2001,23.43,23.58,21.61,22,1878600
20/06/2001,21.5,22.1,21.1,22.07,1866000
21/06/2001,21.95,22.33,21.48,22,901600
22/06/2001,21.8,22.65,21.54,21.98,943400
25/06/2001,22.55,22.62,22,22.61,460400
26/06/2001,21.95,23,21.95,22.76,546700
27/06/2001,22.63,22.8,22.2,22.48,446400
28/06/2001,23.1,23.88,23.03,23.4,1902500
29/06/2001,23.43,24.69,23.43,24.13,1324000
02/07/2001,23.6,24.34,23.4,23.95,1565900
03/07/2001,23.51,24.13,23.51,24.02,434100
05/07/2001,23.75,23.86,23.18,23.3,914800
06/07/2001,22.5,22.6,21.51,21.51,1157200
09/07/2001,21.51,21.86,21.34,21.67,621000
10/07/2001,22,22,20.71,20.78,1233700
11/07/2001,20.9,21.57,20.7,21.45,1396100
12/07/2001,22.01,23.25,22.01,23.14,2095100
13/07/2001,22.92,23.44,22.4,22.83,1090800
16/07/2001,22.88,22.98,21.46,21.6,1809000
17/07/2001,21.05,22.45,20.9,22.45,2293100
18/07/2001,22.1,22.55,21.39,21.57,1038400
19/07/2001,22.25,23.07,22.25,22.67,890100
20/07/2001,22.13,22.42,21.79,22.3,537000
23/07/2001,22.5,22.53,21.53,21.6,641000
24/07/2001,21.5,22,21.07,21.3,972300
25/07/2001,21.45,21.62,20.61,21.62,869000
26/07/2001,21.38,23,21.38,22.89,1170300
27/07/2001,22.98,23.45,22.83,23.15,751100
30/07/2001,23.5,23.64,23.01,23.19,900300
31/07/2001,23.21,23.95,23.01,23.31,1291600
01/08/2001,24.4,24.93,24.25,24.6,2648200
02/08/2001,24.96,25.45,24.89,25.45,2993800
03/08/2001,25.18,25.18,24.68,24.89,895500
06/08/2001,24.21,24.53,24.15,24.41,792800
07/08/2001,23.85,24.05,23.51,23.89,1146400
08/08/2001,23.86,24.3,22.68,22.79,2000300
09/08/2001,22.58,23.13,22.47,22.88,860100
10/08/2001,23,23.24,22.19,23.1,1609600
13/08/2001,23.55,23.61,23.08,23.54,611900
14/08/2001,23.75,23.8,23.15,23.18,951300
15/08/2001,23.28,23.47,22.43,22.44,494600
16/08/2001,22.13,22.93,21.85,22.88,1520100
17/08/2001,22.2,22.35,21.68,21.78,774000
20/08/2001,21.72,22.25,21.72,22.06,679400
21/08/2001,22.15,22.15,21.01,21.01,1008600
22/08/2001,21.5,22.08,21.14,21.98,1670300
23/08/2001,21.97,22.38,21.85,21.92,972300
24/08/2001,22.35,23.17,22.18,23.11,956000
27/08/2001,23.1,23.84,22.96,23.46,945200
28/08/2001,23.55,23.73,22.83,22.83,1231700
29/08/2001,23.13,23.15,21.92,22.13,1235800
30/08/2001,21.78,22.12,21.31,21.57,1103700
31/08/2001,21.25,22.09,21.25,21.91,766500
04/09/2001,21.55,22.22,21.07,21.08,1081900
05/09/2001,21.07,21.43,20.11,21,2263700
06/09/2001,20.6,20.84,19.88,19.95,2143900
07/09/2001,20,20.75,19.67,19.92,2388600
10/09/2001,19.85,20.33,19.51,19.79,1480400
17/09/2001,18.3,18.75,17.88,17.9,1325900
18/09/2001,18.1,18.35,16.68,16.68,1018300
19/09/2001,16.77,17.1,14.83,16.08,1991300
20/09/2001,15.88,16.25,14.95,15.03,1428400
21/09/2001,14.1,15.05,13.92,14.66,1551900
24/09/2001,15.4,15.95,15.01,15.65,1279700
25/09/2001,15.68,16.23,15.05,15.71,2306800
26/09/2001,15.85,15.85,14.66,14.71,1203500
27/09/2001,14.67,14.67,13.66,14.42,1601300
28/09/2001,14.73,15.09,14.36,14.78,2389300
01/10/2001,14.7,15,14.28,14.48,1120900
02/10/2001,14.3,14.71,13.94,14.09,1047300
03/10/2001,13.85,15.81,13.81,15.45,2976700
04/10/2001,15.88,16.86,15.47,16.18,3516400
05/10/2001,15.85,16.57,15.32,16.32,1760400
08/10/2001,16,17.15,15.95,16.99,1691900
09/10/2001,17,17,16.08,16.1,1807700
10/10/2001,16,17.2,15.93,17.2,1749600
11/10/2001,17.95,18.9,17.86,18.83,2038000
12/10/2001,18.33,18.94,17.8,18.87,1767900
15/10/2001,18.15,18.25,17.66,18.05,1299500
16/10/2001,18,18.56,17.76,18.55,1585300
17/10/2001,19,19.13,17.41,17.41,2602000
18/10/2001,17.25,17.32,16.53,16.75,1609500
19/10/2001,16.65,17.24,16.4,16.98,942900
22/10/2001,17,18,16.7,18,2174900
23/10/2001,18.01,18.52,17.63,17.79,1109000
24/10/2001,17.85,18.65,17.8,18.45,719400
25/10/2001,17.95,19.45,17.73,19.38,1744700
26/10/2001,19.25,19.67,19.1,19.28,1634800
29/10/2001,19,19.1,17.85,17.85,1174500
30/10/2001,17.75,17.77,16.95,17.11,1611800
31/10/2001,17.75,18.53,17.63,17.86,1905400
01/11/2001,18.27,19.05,17.79,19,2056300
02/11/2001,19,19.5,18.77,19.33,2064400
05/11/2001,19.75,20.1,19.7,19.92,1260500
06/11/2001,19.63,20.78,19.63,20.72,1978400
07/11/2001,20.45,21.27,20.36,20.77,1814400
08/11/2001,21.01,21.78,20.23,20.38,2752300
09/11/2001,20.27,20.7,20.1,20.33,1658500
12/11/2001,19.55,21.05,19.55,20.75,1830800
13/11/2001,22,22,21.33,21.79,2519500
14/11/2001,22.26,22.3,21.3,21.86,2080400
15/11/2001,21.7,22,21.21,21.55,1417200
16/11/2001,21.5,21.74,21.13,21.33,1215500
19/11/2001,21.25,21.64,20.83,21.38,1570100
20/11/2001,20.98,21.12,20.14,20.17,1915500
21/11/2001,20.25,20.58,19.88,20.51,1692000
23/11/2001,20.5,20.93,20.15,20.83,500600
26/11/2001,21.09,21.79,21.03,21.62,1851200
27/11/2001,21.5,22.38,20.95,21.83,2480900
28/11/2001,21.65,21.77,20.81,20.82,1517300
29/11/2001,21.13,21.67,20.72,21.67,2116500
30/11/2001,21.26,21.54,20.97,21.32,1133000
03/12/2001,21.15,21.55,20.89,20.94,1443900
04/12/2001,21.3,22.08,21.17,22.07,1446500
05/12/2001,23.1,23.84,22.85,23.62,2412600
06/12/2001,23.53,23.89,23.2,23.54,1867800
07/12/2001,23.48,23.63,22.58,22.97,2379500
10/12/2001,22.72,23.2,22.39,22.41,1100100
11/12/2001,22.72,23.2,22.39,22.5,1831200
12/12/2001,22.75,23.1,22.4,23.07,1239000
13/12/2001,22.35,22.41,21.56,21.56,1951300
14/12/2001,21.55,22.37,21.5,22.05,1791700
17/12/2001,22.3,22.69,22.19,22.46,2011200
18/12/2001,22.7,22.9,22.35,22.57,761500
19/12/2001,21.83,22.17,21.48,21.5,2098600
20/12/2001,21.3,21.38,20.3,20.42,1919500
21/12/2001,20.8,21.08,20.71,21,1485600
24/12/2001,21,21,20.7,20.73,271700
26/12/2001,20.83,21.47,20.83,20.96,495800
27/12/2001,21.32,21.46,21.16,21.32,418900
28/12/2001,21.75,21.9,21.43,21.59,755400
31/12/2001,21.58,21.58,20.85,20.93,1142600
02/01/2002,21.4,21.8,21.13,21.8,1079400
03/01/2002,22.25,23.68,22.18,23.58,1800300
04/01/2002,23.99,24.04,23.13,23.54,1948700
07/01/2002,23.88,23.89,22.93,23.13,2795100
08/01/2002,23.13,23.68,22.88,23.26,1986500
09/01/2002,23.75,24.23,23.07,23.27,1786900
10/01/2002,23.11,23.23,22.73,22.83,1470400
11/01/2002,23,23.32,22.51,22.68,807900
14/01/2002,22.9,22.93,22.22,22.5,1352000
15/01/2002,22.5,22.78,22.13,22.42,1073700
16/01/2002,21.76,22.12,21.58,21.58,1598800
17/01/2002,22,22,21.35,21.98,1476300
18/01/2002,21.13,21.73,21.13,21.41,1342800
22/01/2002,21.5,21.55,20.31,20.36,1829600
23/01/2002,20.7,21.21,20.43,21.01,1231800
24/01/2002,21.32,21.7,21.28,21.33,967300
25/01/2002,21.1,21.78,21.1,21.7,824800
28/01/2002,22,22.2,21.6,22.03,729700
29/01/2002,22.26,22.5,21.41,21.48,1699200
30/01/2002,21.48,22.43,21.31,22.43,1288600
31/01/2002,22.75,22.81,22.26,22.65,1275800
01/02/2002,22.64,22.84,22.18,22.4,974200
04/02/2002,22.65,22.7,21.98,22.08,1080100
05/02/2002,21.8,22.47,21.65,22,1570700
06/02/2002,22.13,22.13,21.46,21.9,1653500
07/02/2002,22.05,22.05,21.01,21.01,1819800
08/02/2002,21.3,21.48,20.81,21.46,2271700
11/02/2002,21.66,22.38,21.56,22.38,1031300
12/02/2002,22.12,22.55,21.82,22.14,1026400
13/02/2002,22.5,22.87,22.24,22.87,1111700
14/02/2002,22.5,22.87,22.24,22.65,1250400
15/02/2002,22.58,22.93,22.13,22.25,2183300
19/02/2002,21.91,22.02,21.31,21.38,1295600
20/02/2002,21.5,21.68,20.68,21.63,2742900
21/02/2002,21.21,21.27,20.2,20.22,2056300
22/02/2002,20.36,20.73,19.95,20.32,1338200
25/02/2002,20.75,21.65,20.6,21.4,1363800
26/02/2002,21.45,21.6,20.75,21.14,1629600
27/02/2002,21.65,21.7,20.64,20.87,2040400
28/02/2002,21,21.13,20.14,20.14,989000
01/03/2002,20.75,22.15,20.65,22.14,2168900
04/03/2002,22.3,23.55,22.18,23.47,2258300
05/03/2002,23.43,24.15,23.42,23.91,2322900
06/03/2002,23.65,23.96,23.2,23.84,2249700
07/03/2002,24.23,24.37,23.55,24,1953700
08/03/2002,24.4,25.05,24.21,24.9,1579600
11/03/2002,24.5,24.74,23.98,24.28,1579900
12/03/2002,23.48,23.73,23.19,23.55,1670900
13/03/2002,22.98,23.16,22.51,22.77,1715700
14/03/2002,22.88,23.14,22.63,22.67,1242100
15/03/2002,22.68,23.37,22.68,23.32,1135900
18/03/2002,23.8,24,23.23,23.47,1282800
19/03/2002,23.58,23.98,23.34,23.72,742400
20/03/2002,23.4,23.4,22.88,22.88,1639800
21/03/2002,22.92,23.58,22.82,23.52,953600
22/03/2002,23.5,23.63,23.12,23.13,1588500
25/03/2002,23.3,23.5,22.48,22.5,1246700
26/03/2002,22.49,23.33,22.41,23.11,1125100
27/03/2002,22.93,23.09,22.63,22.9,568700
28/03/2002,23.2,23.65,23.2,23.27,793900
01/04/2002,23.05,24.1,22.88,23.88,1235500
02/04/2002,23.43,23.59,23.08,23.12,1319000
03/04/2002,23.15,23.34,22.4,22.66,1367200
04/04/2002,22.55,23.19,22.5,22.96,724400
05/04/2002,23.13,23.23,22.58,22.63,822300
08/04/2002,22.01,22.83,21.83,22.7,1132700
09/04/2002,22.85,23.06,21.83,21.91,1539800
10/04/2002,21.97,22.2,21.43,22.19,1770600
11/04/2002,21.95,22.29,21.59,21.69,1177500
12/04/2002,21.88,21.97,21.48,21.85,780000
15/04/2002,21.84,22.27,21.63,22.18,916300
16/04/2002,23.1,23.4,23.04,23.29,2199300
17/04/2002,23.75,24.05,23.39,23.7,1458400
18/04/2002,23.36,23.53,22.7,23.1,1575800
19/04/2002,23.15,23.38,22.63,22.72,798600
22/04/2002,22.63,22.63,22.15,22.47,774800
23/04/2002,22.58,22.71,21.92,22,1211600
24/04/2002,22.1,22.3,21.18,21.31,1654500
25/04/2002,21.15,21.48,20.79,21.34,1853600
26/04/2002,21.57,21.62,20.35,20.39,2396000
29/04/2002,20.52,20.93,20.05,20.43,2108900
30/04/2002,20.43,21.3,20.35,20.74,1289300
01/05/2002,20.76,21.12,20.08,20.85,1548900
02/05/2002,20.83,21.25,19.85,19.95,2320100
03/05/2002,19.93,19.93,18.91,19.04,3424800
06/05/2002,19.13,19.5,18.6,18.65,1714500
07/05/2002,18.9,19.1,18.23,18.68,1678000
08/05/2002,20,21,19.8,20.85,3602800
09/05/2002,20.68,20.93,20.13,20.27,1354300
10/05/2002,20.37,20.45,19.25,19.35,1524600
13/05/2002,19.6,20.53,19.56,20.49,1480700
14/05/2002,21.62,21.88,21.35,21.73,1578300
15/05/2002,21.38,22.4,21.11,21.61,1948300
16/05/2002,21.43,21.93,21.28,21.93,1034300
17/05/2002,22.25,22.27,21.63,22.05,1696000
20/05/2002,21.75,21.9,21.46,21.58,726100
21/05/2002,21.73,21.9,20.84,21.05,977500
22/05/2002,20.95,21.38,20.43,21.08,1672800
23/05/2002,20.91,21.15,20.27,20.9,1217500
24/05/2002,20.5,20.5,20.02,20.18,1351300
28/05/2002,20.32,20.33,19.69,20.1,1233500
29/05/2002,19.66,19.69,19.38,19.41,2577100
30/05/2002,19.23,19.48,18.76,19.42,2288900
31/05/2002,19.58,19.86,19.05,19.23,1354200
03/06/2002,19.02,19.2,18.31,18.38,1860700
04/06/2002,18.26,19.05,18.15,18.9,2222300
05/06/2002,19,19.18,18.51,19.04,1734800
06/06/2002,18.63,18.77,18.18,18.4,3256400
07/06/2002,16.99,17.58,16.7,17.35,3436400
10/06/2002,17.4,17.63,17.01,17.05,895500
11/06/2002,17.32,17.4,16.36,16.4,1435500
12/06/2002,16.3,17.09,16.2,17.05,2148000
13/06/2002,17.01,17.33,16.5,16.75,1786900
14/06/2002,16.13,16.85,15.78,16.72,1534800
17/06/2002,17.08,17.68,16.96,17.6,1391700
18/06/2002,17.43,18.1,17.26,17.27,1567500
19/06/2002,16.7,16.9,16.02,16.13,2110700
20/06/2002,16.33,16.4,15.28,15.39,3432500
21/06/2002,15.39,15.55,14.7,14.85,2599700
24/06/2002,14.65,15.83,14.65,15.51,3749600
25/06/2002,15.98,15.98,14.78,14.88,2271400
26/06/2002,14.23,15.15,14.13,15.01,2146700
27/06/2002,15.55,15.7,14.9,15.47,2925200
28/06/2002,15.47,15.9,15.1,15.16,1494300
01/07/2002,15.05,15.38,14.4,14.49,1307800
02/07/2002,14.35,14.35,13.67,13.74,1110000
03/07/2002,13.55,14.45,13.55,14.45,1584900
05/07/2002,15.05,15.77,14.45,14.45,1105200
08/07/2002,15.65,15.89,14.85,15.03,1636000
09/07/2002,14.78,14.85,14.29,14.44,1224700
10/07/2002,14.63,14.63,13.76,13.78,2002400
11/07/2002,13.73,14.78,13.53,14.76,4438600
12/07/2002,14.95,15.2,14.51,14.86,3149500
15/07/2002,14.75,15.65,14.4,15.59,3658400
16/07/2002,15.58,16.1,15.03,15.19,4202400
17/07/2002,16.12,16.2,14.9,15.26,3131300
18/07/2002,15.26,15.45,14.83,14.83,2340300
19/07/2002,14.58,15.13,14.46,14.58,2417600
22/07/2002,14.58,14.9,13.95,14.15,3243900
23/07/2002,14.36,14.43,13.55,13.55,2459800
24/07/2002,13.2,14.27,13.05,14.2,4506600
25/07/2002,13.66,13.75,12.38,12.85,3795600
26/07/2002,13,13.16,12.37,12.8,1961800
29/07/2002,13.27,13.69,12.93,13.65,2947700
30/07/2002,13.45,14.08,13.45,13.95,2195200
31/07/2002,13.71,13.75,13.16,13.4,1702800
01/08/2002,13.4,13.55,12.51,12.55,2142200
02/08/2002,12.5,12.5,11.81,12.1,3022200
05/08/2002,11.93,12.15,11.27,11.35,1570400
06/08/2002,11.69,12.44,11.65,12,1955200
07/08/2002,12.53,12.7,11.63,12.25,2067100
08/08/2002,12.28,12.9,11.9,12.8,2097800
09/08/2002,12.48,12.9,12.28,12.68,865900
12/08/2002,12.4,12.53,12.17,12.45,2200900
13/08/2002,12.3,12.88,11.9,11.98,7550700
14/08/2002,11.99,12.82,11.75,12.82,4344300
15/08/2002,12.99,13.45,12.6,13.03,4995300
16/08/2002,12.75,13.93,12.7,13.68,9407600
19/08/2002,13.69,14.47,13.55,14.21,4640300
20/08/2002,14.03,14.31,13.61,13.75,12375700
21/08/2002,13.95,14.48,13.75,14.32,5635900
22/08/2002,14.33,14.6,13.98,14.27,6383300
23/08/2002,13.85,14.22,13.14,13.38,5450700
26/08/2002,13.4,13.55,13.02,13.44,4546500
27/08/2002,13.5,13.5,12.63,12.68,4840600
28/08/2002,12.38,12.6,12.27,12.35,3140400
29/08/2002,11.91,12.45,11.81,12.22,5685300
30/08/2002,12.12,12.4,11.98,12.05,5622100
03/09/2002,11.86,11.9,11.46,11.53,4569900
04/09/2002,11.58,11.78,11.15,11.62,9095600
05/09/2002,11.41,11.41,11.01,11.14,6958200
06/09/2002,11.69,11.88,11.59,11.7,4403600
09/09/2002,11.58,11.78,11,11.66,4744200
10/09/2002,11.68,12.25,11.68,12.09,4489800
11/09/2002,11.6,12.63,11.6,12.26,4415700
12/09/2002,12,12,11.43,11.45,2262100
13/09/2002,11.4,11.7,11.26,11.39,2390500
16/09/2002,11.3,11.47,10.95,11.03,3794000
17/09/2002,11.38,11.45,10.78,10.8,4359600
18/09/2002,10.63,10.88,10.47,10.66,6349200
19/09/2002,10.57,10.75,10.31,10.33,5984900
20/09/2002,10.38,10.45,10.04,10.1,8579900
23/09/2002,10.03,10.03,9.5,9.57,5317800
24/09/2002,9.38,10.07,9.3,9.69,8020900
25/09/2002,9.98,10.58,9.82,10.37,7049400
26/09/2002,10.4,10.6,9.94,10.19,9452000
27/09/2002,9.96,10.5,9.85,10,4911100
30/09/2002,9.78,9.88,9.16,9.62,5516500
01/10/2002,9.75,10.38,9.54,10.14,6927500
02/10/2002,10.05,10.72,10.03,10.15,11480100
03/10/2002,10.05,10.16,9.57,9.6,7186400
04/10/2002,9.74,9.74,9.23,9.36,3767600
07/10/2002,9.39,9.47,9.03,9.13,3712300
08/10/2002,9.18,9.3,8.66,8.88,11293300
09/10/2002,8.7,9.22,8.7,8.84,10821200
10/10/2002,8.86,9.53,8.75,9.37,11893600
11/10/2002,9.65,10.37,9.63,10.18,13422900
14/10/2002,10.05,10.25,9.89,10.2,4647400
15/10/2002,10.96,11.18,10.81,11.17,11562500
16/10/2002,10.34,10.37,10.03,10.1,9454900
17/10/2002,10.9,10.98,10.6,10.81,10425700
18/10/2002,10.64,11.03,10.34,10.98,4059700
21/10/2002,10.88,11.6,10.66,11.51,8392000
22/10/2002,10.75,11.12,10.61,10.7,7911200
23/10/2002,10.69,11.56,10.64,11.51,12854900
24/10/2002,11.55,12.04,11.15,11.19,11752000
25/10/2002,11.2,11.84,11.18,11.84,6752900
28/10/2002,12.08,12.25,11.76,11.79,6164700
29/10/2002,11.78,11.88,11.04,11.47,6469000
30/10/2002,11.57,12.24,11.48,12.08,9438800
31/10/2002,12.09,12.35,11.82,11.99,9848600
01/11/2002,11.93,12.7,11.77,12.63,7675100
04/11/2002,13.05,13.59,12.93,13.11,10202000
05/11/2002,12.95,13.1,12.34,12.79,11859300
06/11/2002,12.88,13.25,12.22,13.23,13684300
07/11/2002,12.98,12.98,12.23,12.35,9154600
08/11/2002,12.23,12.6,11.88,12.2,12694900
11/11/2002,12.03,12.05,11.45,11.5,7525000
12/11/2002,11.58,12.25,11.58,11.95,8466800
13/11/2002,11.76,12.2,11.65,11.98,5679200
14/11/2002,12.36,12.84,11.98,12.8,8854800
15/11/2002,12.53,12.83,12.33,12.81,4821700
18/11/2002,12.82,13.23,12.73,12.73,5637600
19/11/2002,12.65,12.87,12.4,12.53,5462000
20/11/2002,12.62,13.4,12.6,13.35,7701700
21/11/2002,13.6,14.38,13.6,14.35,14324800
22/11/2002,14.05,14.48,13.98,14.2,8170400
25/11/2002,14.22,14.79,14.21,14.66,6142900
26/11/2002,14.61,14.61,14.03,14.13,6268600
27/11/2002,14.45,15.04,14.35,14.9,7641800
29/11/2002,14.91,15.15,14.63,14.65,3335000
02/12/2002,14.65,15.5,14.53,14.65,10052500
03/12/2002,14.62,14.62,13.95,14,5371800
04/12/2002,13.37,13.52,13.03,13.3,14969200
05/12/2002,13.62,13.69,12.93,13.1,7062200
06/12/2002,12.73,13.25,12.7,13.05,5368900
09/12/2002,12.8,12.85,12.15,12.19,7543700
10/12/2002,12.28,12.85,12.22,12.69,8879900
11/12/2002,12.41,12.99,12.38,12.7,8232800
12/12/2002,12.88,13,12.51,12.65,4554300
13/12/2002,12.43,12.43,12.13,12.14,7753200
16/12/2002,12.16,12.69,12.06,12.64,5682300
17/12/2002,12.59,12.88,12.43,12.54,13370400
18/12/2002,12.2,12.2,11.61,11.7,8907600
19/12/2002,11.7,11.95,11.35,11.63,12372000
20/12/2002,11.78,11.93,11.53,11.65,5057400
23/12/2002,11.6,12,11.6,11.87,3003700
24/12/2002,11.83,11.94,11.7,11.75,1862800
26/12/2002,11.84,12.07,11.61,11.68,3350500
27/12/2002,11.61,11.75,11.42,11.49,2174100
30/12/2002,11.68,11.68,11.13,11.17,3393600
31/12/2002,11.17,11.37,11.01,11.08,3981700
02/01/2003,11.35,11.91,11.13,11.86,6185500
03/01/2003,11.78,12.15,11.71,12.03,6239500
06/01/2003,12.2,12.83,12.2,12.65,5943300
07/01/2003,12.5,13.05,12.5,12.66,8270900
08/01/2003,12.53,12.6,12.13,12.22,6381100
09/01/2003,12.5,12.79,12.39,12.46,6100900
10/01/2003,12.28,12.95,12.17,12.77,9664100
13/01/2003,13.07,13.22,12.56,12.63,5177200
14/01/2003,12.6,12.97,12.53,12.73,5626800
15/01/2003,12.78,12.78,12.28,12.39,6419800
16/01/2003,12.43,12.44,11.94,12.03,6268200
17/01/2003,11.69,11.7,11.3,11.39,5880800
21/01/2003,11.43,11.54,11.21,11.27,4899600
22/01/2003,11.2,11.48,11.15,11.23,8325500
23/01/2003,11.55,11.7,11.25,11.59,7664400
24/01/2003,11.53,11.53,11.05,11.1,6145700
27/01/2003,10.99,11.24,10.85,10.97,5805800
28/01/2003,11.05,11.24,10.88,11.11,5153100
29/01/2003,11.08,11.52,10.91,11.46,11254800
30/01/2003,11.48,11.5,10.82,10.86,8041600
31/01/2003,10.4,10.87,10.22,10.75,6525700
03/02/2003,10.73,10.93,10.65,10.7,3267800
04/02/2003,10.55,10.74,10.5,10.67,5000000
05/02/2003,10.7,11.1,10.61,10.65,7343000
06/02/2003,10.61,10.75,10.4,10.49,5761200
07/02/2003,10.57,10.64,10.23,10.32,3321000
10/02/2003,10.36,10.57,10.18,10.45,4130800
11/02/2003,10.62,10.73,10.41,10.53,5622200
12/02/2003,10.43,10.7,10.42,10.45,2938600
13/02/2003,10.47,10.52,10.21,10.43,4776000
14/02/2003,10.45,11.01,10.43,11.01,7143200
18/02/2003,11.21,11.5,11.11,11.49,5518400
19/02/2003,11.53,11.62,11.2,11.38,5095200
20/02/2003,11.56,11.63,11.43,11.5,4690300
21/02/2003,11.55,11.62,11.23,11.52,5559000
24/02/2003,11.43,11.65,11.34,11.38,5566900
25/02/2003,11.23,11.47,11,11.42,6061700
26/02/2003,11.3,11.52,11.05,11.11,5291700
27/02/2003,11.26,11.46,11.11,11.38,8327100
28/02/2003,11.44,11.8,11.43,11.77,7996100
03/03/2003,11.8,11.95,11.29,11.37,8209900
04/03/2003,11.41,11.44,11.21,11.24,5870000
05/03/2003,11.24,11.52,11.23,11.41,5442300
06/03/2003,11.33,11.47,11.22,11.35,5217400
07/03/2003,10.95,11.28,10.9,11.21,5711000
10/03/2003,11.11,11.18,10.95,10.99,2783800
11/03/2003,11.03,11.14,10.93,11.02,2637500
12/03/2003,11.07,11.3,10.92,11.29,6478900
13/03/2003,11.5,12.21,11.04,12.18,11631300
14/03/2003,12.28,12.33,11.86,11.99,6841600
17/03/2003,11.96,12.84,11.83,12.38,9104000
18/03/2003,12.61,12.84,12.43,12.81,6795600
19/03/2003,12.75,12.88,12.43,12.78,6572400
20/03/2003,12.73,13.08,12.53,12.88,6368300
21/03/2003,13.05,13.25,12.98,13.18,6679000
24/03/2003,12.58,12.83,12.46,12.5,8332100
25/03/2003,12.51,12.76,12.38,12.61,7926600
26/03/2003,12.6,12.75,12.49,12.55,3966200
27/03/2003,12.41,12.56,12.28,12.45,5531500
28/03/2003,12.33,12.49,12.13,12.2,4568700
31/03/2003,11.96,11.96,11.55,11.55,9410200
01/04/2003,11.64,11.83,11.58,11.66,4263100
02/04/2003,12.38,12.52,12.07,12.46,7252000
03/04/2003,12.58,12.75,12.37,12.51,4113200
04/04/2003,12.54,12.54,12.07,12.2,5133400
07/04/2003,12.87,13.26,12.36,12.39,5090700
08/04/2003,12.35,12.38,11.88,11.95,7994800
09/04/2003,11.96,12.13,11.71,11.75,6084200
10/04/2003,11.81,11.94,11.65,11.86,5389800
11/04/2003,11.98,12.2,11.64,11.73,4476300
14/04/2003,11.74,12.07,11.65,12.05,4493400
15/04/2003,11.95,12.28,11.78,12.15,6163500
16/04/2003,12.48,12.98,12.48,12.76,13955100
17/04/2003,12.74,13.32,12.69,13.22,7152000
21/04/2003,13.26,13.44,13,13.33,4724900
22/04/2003,13.24,13.78,13.13,13.75,5740900
23/04/2003,13.74,13.89,13.59,13.81,5698600
24/04/2003,13.56,13.73,13.46,13.6,6669900
25/04/2003,13.33,13.35,12.84,12.94,7355400
28/04/2003,12.95,13.38,12.88,13.24,6236600
29/04/2003,13.35,13.7,13.32,13.5,8068300
30/04/2003,13.34,13.43,13.17,13.2,6258100
01/05/2003,13.19,13.38,12.96,13.24,6565300
02/05/2003,13.23,13.65,13.23,13.63,5762400
05/05/2003,13.68,14.1,13.64,13.74,7848100
06/05/2003,13.8,14.22,13.65,14.08,11927700
07/05/2003,13.91,14.02,13.61,13.73,5682600
08/05/2003,13.5,13.65,13.4,13.43,6945200
09/05/2003,13.73,14,13.64,13.97,5875200
12/05/2003,13.95,14.47,13.88,14.28,5687500
13/05/2003,14.13,14.29,14,14.14,6955600
14/05/2003,14.15,14.25,13.75,13.98,9365600
15/05/2003,14.1,14.23,13.93,14.16,6457000
16/05/2003,14.02,14.1,13.8,13.91,5465600
19/05/2003,13.73,13.85,13.28,13.31,9895000
20/05/2003,13.3,13.46,13.16,13.32,6688700
21/05/2003,13.33,14.1,13.13,13.35,4694200
22/05/2003,13.38,13.6,13.26,13.48,5975500
23/05/2003,13.46,13.75,13.43,13.56,3338800
27/05/2003,13.5,14.3,13.46,14.28,9490000
28/05/2003,14.35,14.58,14.12,14.38,6286200
29/05/2003,14.44,15.04,14.1,14.77,8786700
30/05/2003,14.8,15.1,14.8,14.98,7973300
02/06/2003,15.13,15.23,14.53,14.59,9945600
03/06/2003,14.55,15,14.3,14.98,7887700
04/06/2003,14.95,15.5,14.86,15.5,12547100
05/06/2003,15.13,15.54,15,15.48,10101900
06/06/2003,15.8,16.24,15.25,15.25,12773700
09/06/2003,15.14,15.17,14.68,14.94,7521700
10/06/2003,14.95,15.12,14.7,15.09,9224000
11/06/2003,14.83,14.97,14.41,14.9,9829900
12/06/2003,14.98,15.03,14.58,14.75,5731000
13/06/2003,14.72,14.88,14.14,14.25,8201700
16/06/2003,14.33,14.64,14.1,14.6,8943700
17/06/2003,14.65,14.7,14.36,14.51,8180900
18/06/2003,14.36,14.92,14.26,14.81,7273200
19/06/2003,14.84,15.02,14.61,14.65,9175300
20/06/2003,14.75,14.76,14.32,14.45,7094600
23/06/2003,14.25,14.45,13.96,14.12,10519400
24/06/2003,13.9,14.1,13.75,13.93,8656100
25/06/2003,13.93,14.24,13.81,13.82,8119000
26/06/2003,13.93,14.3,13.89,14.25,6313700
27/06/2003,14.35,14.45,14.1,14.18,6352800
30/06/2003,14.43,14.73,14.12,14.12,3432200
01/07/2003,14.04,14.49,13.83,14.47,9270900
02/07/2003,14.63,14.82,14.48,14.82,5398200
03/07/2003,14.64,14.9,14.57,14.62,2787000
07/07/2003,15.05,15.59,14.88,15.53,6583000
08/07/2003,15.5,15.82,15.34,15.78,7308100
09/07/2003,15.83,16.15,15.64,15.9,7487400
10/07/2003,15.7,15.7,15.37,15.5,7719000
11/07/2003,15.63,15.68,15.39,15.59,4853200
14/07/2003,16.01,16.25,15.96,16.01,5201700
15/07/2003,16.18,16.36,15.91,16.13,6602000
16/07/2003,16.45,16.45,15.95,16.26,6713500
17/07/2003,16,16.08,15.54,15.68,7538000
18/07/2003,15.75,15.83,15.29,15.73,6795600
21/07/2003,15.78,15.78,15.3,15.4,6338600
22/07/2003,15.82,16,15.68,15.9,6957000
23/07/2003,15.9,16.25,15.83,16.25,4753500
24/07/2003,16.33,16.42,15.83,15.87,5746200
25/07/2003,15.88,16.2,15.55,16.17,7244400
28/07/2003,16.15,16.43,16.05,16.33,6294500
29/07/2003,16.29,16.4,15.96,16.1,6795800
30/07/2003,16.06,16.12,15.9,15.9,3562300
31/07/2003,16.22,16.6,16.15,16.25,7765500
01/08/2003,16.2,16.39,16.05,16.38,5697100
04/08/2003,16.32,16.5,16.01,16.43,3945200
05/08/2003,16.38,16.39,15.87,15.9,6692300
06/08/2003,15.87,16.05,15.58,15.75,7131900
07/08/2003,15.68,15.86,15.59,15.69,3502600
08/08/2003,15.71,15.81,15.09,15.25,13842300
11/08/2003,15.23,15.6,15.22,15.55,9246400
12/08/2003,15.6,15.84,15.46,15.8,5111400
13/08/2003,15.84,16.36,15.79,16.1,12226000
14/08/2003,16.15,16.36,16.02,16.32,4931200
15/08/2003,16.29,16.35,16.08,16.25,1940200
18/08/2003,16.3,17.1,16.3,17.08,10096800
19/08/2003,17.19,17.4,17.06,17.39,10164900
20/08/2003,17.19,17.52,17.13,17.29,5900200
21/08/2003,17.5,17.82,17.37,17.77,10410700
22/08/2003,18.63,18.93,18.12,18.12,14597600
25/08/2003,18.2,18.26,17.9,18.02,7263000
26/08/2003,17.83,18.25,17.52,18.02,6913000
27/08/2003,18,18.52,18,18.48,6889300
28/08/2003,18.54,18.68,18.27,18.6,4846700
29/08/2003,18.35,18.78,18.35,18.7,3930400
02/09/2003,18.98,18.98,18.41,18.75,12435300
03/09/2003,18.81,18.86,18.25,18.35,11169300
04/09/2003,18.45,18.8,18.28,18.7,10126600
05/09/2003,18.63,19.25,18.59,18.91,14498800
08/09/2003,18.95,19.43,18.95,19.4,10060100
09/09/2003,19.26,19.4,18.91,19.12,10346900
10/09/2003,18.82,18.82,18.01,18.09,21898400
11/09/2003,18.13,18.56,17.7,18.36,20666400
12/09/2003,18.24,18.49,18.05,18.48,10803500
15/09/2003,18.58,18.67,18.14,18.24,7285800
16/09/2003,18.3,18.9,18.27,18.86,10828800
17/09/2003,18.83,19.08,18.71,18.73,10880300
18/09/2003,18.56,18.93,18.35,18.85,11097900
19/09/2003,18.89,18.97,18.65,18.78,7039700
22/09/2003,18.38,18.55,18.13,18.25,13764000
23/09/2003,18.35,18.57,18.16,18.55,12252200
24/09/2003,18.53,18.61,17.65,17.67,11382600
25/09/2003,17.83,18.1,17.51,17.51,13081800
26/09/2003,17.47,17.75,17.29,17.3,13693700
29/09/2003,17.52,17.81,17.34,17.7,11033900
30/09/2003,17.55,17.6,17.15,17.2,10826000
01/10/2003,17.39,17.66,17.25,17.55,13273400
02/10/2003,17.49,17.97,17.49,17.68,9162700
03/10/2003,18.2,18.74,18.15,18.46,13065500
06/10/2003,18.5,18.6,18.35,18.46,6049900
07/10/2003,18.31,18.83,18.25,18.83,9705100
08/10/2003,18.88,18.88,18.29,18.68,8779000
09/10/2003,19,19.19,18.65,18.85,16636700
10/10/2003,19,19.18,18.95,19.18,8170600
13/10/2003,19.29,19.48,19.05,19.27,8287500
14/10/2003,19.08,19.63,19,19.44,11373000
15/10/2003,20,20.21,19.46,19.58,16544300
16/10/2003,19.5,19.8,19.43,19.79,10501300
17/10/2003,19.85,19.86,19.2,19.27,8949600
20/10/2003,19.04,19.65,19.04,19.63,10948000
21/10/2003,19.77,20.1,19.77,20.03,10949900
22/10/2003,19.68,19.77,19.45,19.57,7463500
23/10/2003,18.96,19.43,18.88,19.24,10134700
24/10/2003,19.14,19.3,18.83,19.27,11212600
27/10/2003,19.36,19.6,19.23,19.5,6817500
28/10/2003,19.7,20.61,19.7,20.56,13982700
29/10/2003,20.57,20.81,20.43,20.75,8951200
30/10/2003,21.08,21.18,20.77,20.93,9871600
31/10/2003,20.98,21,20.68,20.83,6844700
03/11/2003,21.07,21.65,20.97,21.57,10913644
04/11/2003,21.49,21.8,21.41,21.59,8172567
05/11/2003,21.58,21.98,21.13,21.98,7315700
06/11/2003,22,22.15,21.64,22.11,8110900
07/11/2003,22.33,22.35,21.97,22,9825600
10/11/2003,21.9,22.05,21.23,21.47,12298400
11/11/2003,21.37,21.58,21.26,21.55,9696200
12/11/2003,21.66,22.33,21.65,22.33,10407200
13/11/2003,22.16,22.18,21.58,21.9,13684700
14/11/2003,21.8,21.99,21.05,21.16,16397400
17/11/2003,21,21.15,20.61,20.95,16202200
18/11/2003,21.17,21.32,20.59,20.6,14032500
19/11/2003,20.66,21.02,20.55,20.98,14095500
20/11/2003,20.7,21.2,20.51,20.55,14934000
21/11/2003,20.72,20.96,20.53,20.86,10532900
24/11/2003,21.13,21.6,21.1,21.56,10212700
25/11/2003,21.61,21.91,21.53,21.63,11023700
26/11/2003,21.78,21.92,21.31,21.67,9942700
28/11/2003,21.62,21.95,21.62,21.9,2447500
01/12/2003,22.15,22.2,21.73,22.04,10875500
02/12/2003,22.04,22.15,21.84,21.88,11443200
03/12/2003,22,22.17,21.46,21.48,11037300
04/12/2003,21.65,21.68,20.88,21.35,15417100
05/12/2003,20.95,21.12,20.5,20.6,13284200
08/12/2003,20.65,20.8,20.27,20.57,10232800
09/12/2003,20.74,20.76,19.64,19.7,15803100
10/12/2003,19.85,19.98,19.55,19.95,18398300
11/12/2003,19.93,20.53,19.85,20.48,16312800
12/12/2003,20.52,20.67,20.2,20.45,11418300
15/12/2003,20.93,20.95,19.81,19.82,19304500
16/12/2003,19.89,19.97,19.2,19.67,18561700
17/12/2003,19.68,19.85,19.27,19.52,14913400
18/12/2003,19.93,20.33,19.61,20.25,16377900
19/12/2003,20.23,20.35,19.96,20.11,15163900
22/12/2003,19.98,20.29,19.9,20.12,6422100
23/12/2003,20.15,20.53,20.13,20.51,5938700
24/12/2003,20.5,20.65,20.39,20.46,3208200
26/12/2003,20.54,20.63,20.44,20.46,1592500
29/12/2003,20.65,20.98,20.61,20.9,5757200
30/12/2003,20.97,21.05,20.75,20.87,6405400
31/12/2003,20.9,21,20.62,20.75,8497100
02/01/2004,20.96,21.05,20.67,20.7,9968200
05/01/2004,21.04,21.49,20.96,21.45,9705700
06/01/2004,21.38,21.71,21.27,21.58,8793400
07/01/2004,21.63,21.85,21.48,21.83,10000000
08/01/2004,22,22.49,21.85,22.41,12567500
09/01/2004,22.05,22.72,22.05,22.38,12241600
12/01/2004,22.49,22.88,22.28,22.87,11549700
13/01/2004,22.82,22.89,22.12,22.3,14186700
14/01/2004,22.38,22.47,22.03,22.25,11412400
15/01/2004,22.05,22.7,22.05,22.56,15701300
16/01/2004,22.68,22.73,22.4,22.66,14301800
20/01/2004,22.7,22.76,22.41,22.61,10845500
21/01/2004,22.37,22.38,21.87,22.08,15659100
22/01/2004,22.25,22.42,21.7,21.74,12084400
23/01/2004,21.83,21.85,21.29,21.47,16379500
26/01/2004,21.45,21.98,21.45,21.88,9503500
27/01/2004,21.7,21.78,21.12,21.18,13573700
28/01/2004,21.34,21.64,20.88,21,19563800
29/01/2004,21.18,21.23,20.53,20.91,21069100
30/01/2004,20.95,21.12,20.78,20.98,12859000
02/02/2004,21.15,21.22,20.66,20.71,10944100
04/02/2004,20.64,20.64,20.27,20.29,13717700
05/02/2004,20.45,20.56,20.2,20.35,12646400
06/02/2004,20.49,21.28,20.49,21.25,17051900
09/02/2004,21.43,21.43,21.04,21.05,9053200
10/02/2004,21.1,21.27,20.97,21.12,7805700
12/02/2004,21.43,21.68,21.2,21.21,10248600
13/02/2004,21.4,21.51,20.7,20.92,14829100
17/02/2004,21.13,21.31,20.98,21.26,8200800
18/02/2004,21.35,21.55,21.22,21.36,10107500
19/02/2004,21.85,21.91,20.93,20.94,23721100
20/02/2004,21.01,21.01,20.56,20.78,18760400
23/02/2004,20.89,20.93,19.99,20.23,21824000
24/02/2004,20.05,20.5,20.03,20.34,16324900
26/02/2004,20.65,20.98,20.47,20.77,12332900
27/02/2004,20.89,20.9,20.36,20.45,20906300
01/03/2004,20.43,20.93,20.31,20.93,13791100
02/03/2004,21,21.28,20.85,20.88,16516500
03/03/2004,20.76,20.88,20.36,20.49,17237400
04/03/2004,20.53,20.86,20.53,20.83,9413100
05/03/2004,20.36,20.92,20.34,20.63,12927100
08/03/2004,20.71,20.84,19.77,19.79,18010900
09/03/2004,19.81,19.99,19.52,19.92,26328600
10/03/2004,19.93,20.09,19.4,19.52,24172600
11/03/2004,19.4,19.93,19.34,19.38,24753400
12/03/2004,19.58,19.83,19.55,19.81,21338500
15/03/2004,19.68,19.7,19.29,19.29,17512900
16/03/2004,19.49,19.61,19.17,19.5,19219200
17/03/2004,19.67,19.89,19.65,19.81,12480600
18/03/2004,19.75,19.91,19.4,19.52,19085800
19/03/2004,19.52,19.52,18.82,18.82,13964700
22/03/2004,18.65,18.84,18.43,18.68,24772200
23/03/2004,18.85,18.96,18.43,18.63,23485700
24/03/2004,18.68,19.22,18.62,18.98,22794700
25/03/2004,19.2,19.83,19.18,19.77,24177200
26/03/2004,19.76,19.92,19.55,19.59,13969200
29/03/2004,19.77,20.03,19.69,19.76,14519600
30/03/2004,19.71,19.8,19.42,19.77,17841600
31/03/2004,19.8,19.95,19.55,19.75,17023200
01/04/2004,19.84,20.25,19.57,20.07,18263600
02/04/2004,20.65,20.75,20.43,20.71,20613400
05/04/2004,20.68,20.99,20.6,20.96,13051600
06/04/2004,20.68,20.7,20.27,20.49,14637700
07/04/2004,20.43,20.6,20.14,20.44,15823500
08/04/2004,20.78,20.78,20.36,20.53,9970200
12/04/2004,20.65,20.72,20.36,20.67,9277800
13/04/2004,20.79,20.8,20.27,20.42,12295100
14/04/2004,20.2,20.54,20.11,20.25,14699500
15/04/2004,20.26,20.3,19.43,19.59,31804600
16/04/2004,19.52,19.52,19.02,19.33,30065500
19/04/2004,19.33,19.65,19.24,19.64,15946900
20/04/2004,19.6,19.76,18.9,18.92,23425800
21/04/2004,19.14,19.25,18.71,19.09,27807700
22/04/2004,18.8,19.43,18.63,19.11,27803600
23/04/2004,19.23,19.47,19.13,19.41,13399800
26/04/2004,19.48,19.5,18.84,18.96,11871400
27/04/2004,19,19.13,18.64,18.73,13695600
28/04/2004,18.63,19.81,18.31,18.44,19055000
29/04/2004,18.43,18.55,17.65,17.96,29794600
30/04/2004,18,18.09,17.61,17.65,18333600
03/05/2004,17.77,18.1,17.25,17.58,22889700
04/05/2004,17.69,18.11,17.64,17.89,27765200
06/05/2004,17.75,18.09,17.69,18,18871800
07/05/2004,18.02,18.56,18.01,18.23,30711400
11/05/2004,18.6,18.94,18.57,18.76,24460800
12/05/2004,18.75,18.75,18.09,18.65,40397800
13/05/2004,18.56,18.7,18.34,18.44,24553100
14/05/2004,18.59,18.65,18.16,18.2,19394000
17/05/2004,17.84,18.22,17.75,17.99,20876600
18/05/2004,18.21,18.45,18.2,18.31,16865100
19/05/2004,18.61,18.93,18.38,18.38,23929200
20/05/2004,18.45,18.54,18.15,18.28,14784200
21/05/2004,18.46,18.48,18.16,18.35,15386100
24/05/2004,18.55,18.59,18.35,18.46,15019700
25/05/2004,18.41,19.01,18.2,18.94,23935900
27/05/2004,19.1,19.33,19.02,19.13,23663700
28/05/2004,19.34,19.51,19.22,19.42,11967800
01/06/2004,19.31,19.49,19.11,19.23,12551900
02/06/2004,19.2,19.21,18.75,18.85,25320700
03/06/2004,18.76,18.76,18.34,18.42,24864000
04/06/2004,18.78,18.93,18.67,18.82,13778700
07/06/2004,18.88,19.41,18.88,19.34,13448900
08/06/2004,19.16,19.42,19.11,19.36,9965600
09/06/2004,19.18,19.27,18.77,18.79,17514700
10/06/2004,18.92,19.05,18.67,18.87,14605800
14/06/2004,18.65,18.7,18.37,18.5,11626600
15/06/2004,18.7,18.88,18.63,18.72,11231700
16/06/2004,18.77,18.77,18.5,18.52,10451600
17/06/2004,18.4,18.41,17.95,17.97,20093200
18/06/2004,17.83,18.27,17.82,17.94,20077300
21/06/2004,18.09,18.26,17.84,17.86,13683600
22/06/2004,17.86,18.45,17.86,18.4,25485400
23/06/2004,18.36,18.82,18.34,18.8,20921400
24/06/2004,18.72,18.9,18.48,18.71,18184800
25/06/2004,18.5,18.79,18.5,18.63,17025800
28/06/2004,18.77,18.85,18.36,18.43,14712000
29/06/2004,18.45,18.79,18.35,18.77,13573700
30/06/2004,18.87,19.02,18.7,18.92,17740500
01/07/2004,18.73,18.73,18.06,18.22,24164000
02/07/2004,18.03,18.1,17.77,17.82,15038000
06/07/2004,17.6,17.66,17.11,17.29,25748900
07/07/2004,17.28,17.6,17.27,17.43,18467800
08/07/2004,17.3,17.61,17.3,17.36,22662000
09/07/2004,17.52,17.79,17.52,17.68,15313500
12/07/2004,17.29,17.36,17.05,17.34,19726600
13/07/2004,17.43,17.5,17.17,17.34,20206100
14/07/2004,16.72,16.73,16.27,16.42,29872000
15/07/2004,16.53,16.63,16.27,16.34,16596500
16/07/2004,16.52,16.53,15.98,16,16662600
19/07/2004,16.06,16.23,15.88,16.09,22497600
20/07/2004,16.22,16.5,16.11,16.45,24614500
21/07/2004,16.72,16.81,15.85,15.89,27755800
22/07/2004,15.86,16.5,15.84,16.38,26240400
23/07/2004,16.15,16.32,15.88,15.89,16659800
26/07/2004,15.91,16.02,15.6,15.71,23402200
27/07/2004,15.84,15.97,15.51,15.94,31674000
28/07/2004,15.73,15.85,15.38,15.7,33148900
29/07/2004,15.91,16.36,15.9,16.24,37565400
30/07/2004,16.16,16.53,16.13,16.41,19775900
02/08/2004,16.23,16.61,16.21,16.58,15697800
03/08/2004,16.41,16.5,15.92,16,18905400
05/08/2004,16.11,16.27,15.71,15.86,26975600
06/08/2004,15.55,15.74,15.23,15.3,22250200
09/08/2004,15.43,15.5,15.2,15.27,13601300
10/08/2004,15.38,15.47,15.23,15.43,16775900
11/08/2004,14.95,14.99,14.54,14.8,26529900
13/08/2004,14.43,14.49,14.15,14.38,20088600
17/08/2004,14.76,14.93,14.73,14.74,24964400
18/08/2004,14.67,15.25,14.65,14.78,22272600
19/08/2004,15.16,15.36,15,15.13,25108600
20/08/2004,15.08,15.24,14.98,15.11,15748900
23/08/2004,15.2,15.5,15.17,15.3,18791200
24/08/2004,15.4,15.43,14.86,14.94,26213800
26/08/2004,14.97,15.1,14.88,14.95,12020800
27/08/2004,15.1,15.23,15,15.08,11017200
30/08/2004,15.04,15.11,14.77,14.79,10218600
31/08/2004,14.75,14.78,14.32,14.67,17701000
01/09/2004,14.62,15.02,14.56,14.78,15408000
02/09/2004,14.67,15.01,14.65,15,15356900
03/09/2004,14.45,14.53,14.12,14.15,22089300
07/09/2004,14.29,14.38,13.89,14,23501100
08/09/2004,13.93,14.24,13.93,14.02,24744800
09/09/2004,14.24,14.84,14.17,14.68,39866500
10/09/2004,14.71,15.28,14.64,15.18,33972900
13/09/2004,15.4,15.73,15.24,15.46,38231400
14/09/2004,15.4,15.59,15.32,15.54,28195000
15/09/2004,15.28,15.35,15.05,15.07,21967700
16/09/2004,15.15,15.3,15.02,15.04,21845400
17/09/2004,15.15,15.39,15.04,15.37,20922800
20/09/2004,15.22,16,15.21,15.84,33121100
21/09/2004,15.88,16.09,15.82,15.88,29964800
22/09/2004,15.78,15.82,15.45,15.53,21192600
23/09/2004,15.47,15.67,15.32,15.55,23305500
24/09/2004,15.6,15.7,15.04,15.09,44771700
27/09/2004,14.84,15.16,14.83,14.9,21211700
28/09/2004,14.96,14.96,14.62,14.76,20226400
29/09/2004,14.84,15.15,14.77,15.05,20402300
30/09/2004,15.05,15.38,15.05,15.12,31080600
01/10/2004,15.37,15.85,15.36,15.85,27885200
04/10/2004,16.07,16.26,15.91,15.95,23231300
05/10/2004,15.86,16.09,15.74,15.96,24756700
06/10/2004,15.9,16,15.71,16,21214900
07/10/2004,15.93,16.16,15.88,15.94,21773200
08/10/2004,15.69,15.74,15.21,15.3,28221100
11/10/2004,15.26,15.4,15.04,15.34,23129200
12/10/2004,15.1,15.29,14.91,15.1,31390400
13/10/2004,15.55,15.68,15.3,15.37,32468200
14/10/2004,15.25,15.32,14.84,14.88,24360200
15/10/2004,14.98,15.08,14.81,14.88,20230100
18/10/2004,14.78,14.98,14.63,14.96,21603900
19/10/2004,15.29,15.49,15.17,15.2,29799900
20/10/2004,15.06,15.59,15.05,15.53,42524900
21/10/2004,15.68,16.09,15.53,15.96,40361500
22/10/2004,16.04,16.05,15.44,15.48,26623800
25/10/2004,15.5,15.75,15.49,15.57,37467400
26/10/2004,15.58,15.68,15.4,15.52,20576200
27/10/2004,15.6,16.13,15.53,16.11,30153700
29/10/2004,16.17,16.32,16.06,16.18,19171700
01/11/2004,16.17,16.35,16.12,16.29,14491200
02/11/2004,16.08,16.45,15.74,16.24,22956400
04/11/2004,15.95,16.3,15.9,16.2,21905100
05/11/2004,16.46,16.6,16.32,16.44,30162900
08/11/2004,16.43,16.57,16.36,16.46,13638000
09/11/2004,16.43,16.5,16.26,16.37,17524400
11/11/2004,16.05,16.29,16.03,16.23,18094600
12/11/2004,16.28,16.54,16.09,16.52,15978500
16/11/2004,16.7,16.85,16.55,16.77,18043800
17/11/2004,16.98,17.36,16.91,17.15,25222900
18/11/2004,16.95,17.43,16.91,17.4,25271600
19/11/2004,17.27,17.35,16.86,16.89,21557700
22/11/2004,16.8,16.88,16.64,16.88,16438700
23/11/2004,16.81,16.94,16.53,16.64,15822300
24/11/2004,16.73,16.86,16.66,16.76,12498000
26/11/2004,16.75,16.82,16.62,16.63,4353500
29/11/2004,16.79,16.91,16.46,16.52,15026800
30/11/2004,16.55,16.59,16.23,16.25,17567400
02/12/2004,16.81,17.17,16.73,16.75,32137600
03/12/2004,17.32,17.48,17.13,17.14,33945700
06/12/2004,17.1,17.34,16.95,17.23,22070900
07/12/2004,17.29,17.41,16.85,16.86,30493500
08/12/2004,16.82,16.82,16.45,16.52,31131600
09/12/2004,16.14,16.52,15.95,16.29,53450600
10/12/2004,16.25,16.41,16.16,16.2,26231700
14/12/2004,16.4,16.71,16.4,16.68,26917000
15/12/2004,16.7,16.8,16.54,16.67,20431100
16/12/2004,16.59,16.78,16.31,16.39,25096700
17/12/2004,16.27,16.65,16.17,16.23,25627100
20/12/2004,16.3,16.41,16.03,16.11,21799300
21/12/2004,16.2,16.4,16.15,16.38,16364400
22/12/2004,16.39,16.54,16.3,16.43,11870900
23/12/2004,16.38,16.55,16.36,16.49,8076900
27/12/2004,16.57,16.58,16.3,16.34,10302300
28/12/2004,16.31,16.49,16.25,16.4,11525400
29/12/2004,16.38,16.68,16.38,16.58,16451800
30/12/2004,16.59,16.72,16.59,16.61,13181600
31/12/2004,16.63,16.74,16.6,16.68,10915300
03/01/2005,16.8,16.89,16.33,16.36,28091100
04/01/2005,16.43,16.47,15.69,15.95,41582600
05/01/2005,15.84,16,15.61,15.68,36001500
06/01/2005,15.75,15.86,15.58,15.6,29116600
07/01/2005,15.73,15.96,15.56,15.74,43040000
10/01/2005,15.74,15.91,15.64,15.71,28433400
11/01/2005,15.5,15.58,15.31,15.38,32318900
12/01/2005,15.67,15.78,15.43,15.72,38324400
13/01/2005,15.66,15.67,15.38,15.46,29190900
14/01/2005,15.51,15.78,15.51,15.68,18627400
18/01/2005,15.62,15.76,15.55,15.75,20392400
19/01/2005,15.75,15.77,15.38,15.38,23395300
20/01/2005,15.27,15.57,15.26,15.33,25847700
21/01/2005,15.41,15.46,15.1,15.11,27325800
24/01/2005,15.17,15.24,14.84,14.85,32016000
25/01/2005,15.02,15.2,14.98,15.12,32388300
28/01/2005,15.68,15.78,15.42,15.54,29083300
31/01/2005,15.71,15.79,15.57,15.61,17877500
01/02/2005,15.72,15.92,15.67,15.85,21027300
02/02/2005,15.9,15.92,15.71,15.76,18951300
04/02/2005,15.72,16.36,15.69,16.36,30115500
07/02/2005,16.29,16.47,16.18,16.33,22513900
08/02/2005,16.28,16.73,16.26,16.6,31979800
09/02/2005,16.57,16.58,16.21,16.27,27802800
11/02/2005,16.32,17.08,16.28,16.97,44725100
15/02/2005,17,17.27,16.89,17.05,38467000
16/02/2005,16.97,17.14,16.8,16.88,27927200
17/02/2005,17,17.1,16.63,16.63,29502700
18/02/2005,16.55,16.77,16.55,16.68,19487900
22/02/2005,16.52,17.08,16.5,16.65,39918300
24/02/2005,16.5,16.89,16.43,16.88,35743200
25/02/2005,16.81,17.24,16.81,17.22,28269300
28/02/2005,17.24,17.48,16.91,17,35221300
01/03/2005,17.18,17.43,17.15,17.4,32177300
02/03/2005,17.18,17.43,17.05,17.15,41745800
03/03/2005,17.24,17.25,16.82,16.97,35104000
04/03/2005,17.14,17.23,16.89,17.01,38464100
07/03/2005,17.04,17.45,16.99,17.32,26303800
08/03/2005,17.17,17.41,16.98,16.99,25815400
09/03/2005,17.05,17.25,16.98,17.03,25960300
10/03/2005,17.09,17.25,16.86,17.23,37243500
11/03/2005,17.3,17.33,16.7,16.77,48078400
14/03/2005,16.83,16.88,16.7,16.82,17666700
15/03/2005,16.83,16.91,16.5,16.54,26642900
16/03/2005,16.43,16.69,16.3,16.35,30580000
18/03/2005,16.39,16.45,16.18,16.22,28646900
21/03/2005,16.27,16.39,16.06,16.24,32167800
22/03/2005,16.33,16.43,16.01,16.02,27461700
23/03/2005,16.04,16.37,16.03,16.26,35807700
24/03/2005,16.43,16.45,16.27,16.33,22918100
28/03/2005,16.36,16.55,16.27,16.28,18507200
29/03/2005,16.25,16.36,16.03,16.09,28862300
30/03/2005,16.17,16.45,16.11,16.45,25911400
31/03/2005,16.43,16.43,16.22,16.27,27471500
01/04/2005,16.36,16.43,15.98,16.04,30725900
04/04/2005,16.11,16.13,15.87,16.03,24185700
05/04/2005,16.03,16.21,15.98,16.05,30515500
06/04/2005,16.15,16.27,16.02,16.06,24546000
07/04/2005,15.99,16.35,15.98,16.34,22288400
08/04/2005,16.3,16.43,16.23,16.25,20014100
11/04/2005,16.21,16.31,16.09,16.11,14868200
12/04/2005,16.07,16.08,15.63,16.04,38124300
13/04/2005,15.92,15.96,15.61,15.7,27501500
14/04/2005,15.66,15.7,15.43,15.45,27885500
15/04/2005,15.27,15.29,14.94,14.96,33461300
18/04/2005,14.96,15.29,14.96,15.15,39184100
19/04/2005,15.45,15.55,15.31,15.48,27715800
20/04/2005,15.75,15.75,15.19,15.21,39191800
21/04/2005,15.43,15.67,15.36,15.65,26838700
22/04/2005,15.62,15.62,15.05,15.33,23648600
25/04/2005,15.43,15.52,15.34,15.42,16733600
26/04/2005,15.38,15.78,15.3,15.39,30037000
29/04/2005,15.46,15.53,15.12,15.41,30231500
02/05/2005,15.46,15.57,15.41,15.48,14428900
03/05/2005,15.4,15.64,15.4,15.52,20109800
05/05/2005,15.79,16.03,15.79,15.9,27513700
06/05/2005,16,16.07,15.87,16.01,17591500
10/05/2005,16.06,16.09,15.88,15.95,18780300
11/05/2005,16.02,16.05,15.72,16,23792800
12/05/2005,16,16.21,15.93,16.02,29181600
13/05/2005,16.2,16.54,16.13,16.42,36631700
17/05/2005,16.4,16.65,16.39,16.63,25352500
18/05/2005,16.63,16.81,16.47,16.75,23613400
19/05/2005,16.76,16.95,16.63,16.75,28949900
20/05/2005,16.75,16.94,16.65,16.92,19502100
23/05/2005,16.98,17.02,16.76,16.89,24651800
24/05/2005,16.83,17.16,16.81,17.15,28821900
26/05/2005,17.17,17.4,17.15,17.36,22030200
27/05/2005,17.29,17.32,17.08,17.27,21149000
31/05/2005,17.31,17.35,17.16,17.2,23839300
01/06/2005,17.14,17.43,17.09,17.31,35785100
02/06/2005,17.24,17.57,17.23,17.56,26066800
03/06/2005,17.56,17.61,17.39,17.41,24696000
06/06/2005,17.35,17.39,17.17,17.34,16256700
07/06/2005,17.36,17.57,17.07,17.11,27949500
08/06/2005,17.26,17.39,17.17,17.29,27363800
09/06/2005,17.27,17.66,17.15,17.65,34397600
10/06/2005,17.59,17.6,17.22,17.3,24675100
13/06/2005,17.22,17.45,17.19,17.27,18698600
14/06/2005,17.25,17.35,17.05,17.09,22446800
15/06/2005,17.18,17.23,16.83,17.13,35526900
17/06/2005,17.35,17.36,17.16,17.22,15208500
20/06/2005,17.06,17.26,17.02,17.15,18826600
21/06/2005,17.2,17.3,17.14,17.25,16855600
22/06/2005,17.35,17.4,17.23,17.37,18883200
23/06/2005,17.41,17.81,17.31,17.31,49550400
24/06/2005,17.27,17.34,17.03,17.05,23051300
27/06/2005,17.03,17.05,16.75,16.81,24711300
28/06/2005,16.76,17.08,16.76,17.04,20961300
29/06/2005,17.07,17.13,16.89,16.93,16090300
30/06/2005,16.96,17.04,16.82,16.84,15531400
01/07/2005,16.85,16.97,16.81,16.9,10465900
05/07/2005,16.83,17.23,16.81,17.18,21407000
06/07/2005,17.23,17.47,17.17,17.27,21324800
07/07/2005,17.17,17.48,17.11,17.48,25134200
08/07/2005,17.49,17.81,17.43,17.77,23635400
11/07/2005,17.96,18.2,17.91,18.2,25417100
12/07/2005,18.19,18.35,18.1,18.24,17245800
13/07/2005,18.21,18.3,18.1,18.26,18369200
14/07/2005,18.44,18.6,18.29,18.45,28165300
15/07/2005,18.44,18.52,18.26,18.49,14211600
18/07/2005,18.38,18.48,18.31,18.45,11958700
19/07/2005,18.6,18.78,18.5,18.75,20850200
20/07/2005,18.34,18.88,18.27,18.86,31500700
21/07/2005,18.77,18.83,18.47,18.56,22769000
22/07/2005,18.72,18.84,18.5,18.61,17748100
25/07/2005,18.68,18.75,18.46,18.49,13447100
26/07/2005,18.68,18.86,18.61,18.86,18042600
27/07/2005,18.74,18.74,18.44,18.65,28444000
29/07/2005,18.75,18.78,18.55,18.68,21902900
01/08/2005,18.72,18.79,18.58,18.63,11604600
02/08/2005,18.78,19.16,18.75,19.15,20633800
04/08/2005,18.85,18.88,18.57,18.58,18371700
05/08/2005,18.51,18.62,18.36,18.45,18328200
08/08/2005,18.5,18.59,18.3,18.35,18258900
09/08/2005,18.43,18.7,18.42,18.52,14935200
10/08/2005,18.5,18.77,18.33,18.4,23630500
12/08/2005,18.36,18.36,18.11,18.17,19822000
16/08/2005,18.23,18.23,18.02,18.09,16582300
17/08/2005,18.2,18.39,18.18,18.29,15949200
18/08/2005,18.24,18.27,18.13,18.13,13665500
19/08/2005,18.2,18.28,18.08,18.12,10801500
22/08/2005,18.18,18.43,18.17,18.39,18461500
23/08/2005,18.36,18.47,18.21,18.3,17549700
25/08/2005,18.27,18.39,18.2,18.27,14377200
26/08/2005,18.24,18.27,18.05,18.15,16887900
29/08/2005,18.08,18.45,18.08,18.4,15798000
30/08/2005,18.34,18.37,18.13,18.33,19363700
31/08/2005,18.24,18.52,18.2,18.49,20901800
01/09/2005,18.43,18.48,18.25,18.29,18195300
02/09/2005,18.35,18.41,18.16,18.23,8658400
06/09/2005,18.32,18.56,18.3,18.5,15056400
07/09/2005,18.45,18.55,18.29,18.49,13030200
08/09/2005,18.45,18.83,18.42,18.79,23880500
09/09/2005,18.86,18.86,18.54,18.68,21218300
12/09/2005,18.7,18.74,18.54,18.6,10366700
13/09/2005,18.59,18.86,18.59,18.7,15492500
14/09/2005,18.77,18.84,18.57,18.58,19092000
15/09/2005,18.66,18.68,18.37,18.45,17325300
19/09/2005,18.43,18.46,18.13,18.27,15354500
20/09/2005,18.25,18.49,18.13,18.14,19188800
21/09/2005,18.15,18.18,17.85,17.88,17266600
22/09/2005,17.85,18.2,17.76,17.97,23328400
23/09/2005,17.91,18.16,17.82,18.1,12736400
26/09/2005,18.29,18.29,18.01,18.09,15749200
27/09/2005,18.06,18.13,17.7,17.8,20948600
28/09/2005,17.85,18.06,17.72,17.85,16265600
29/09/2005,17.83,18.22,17.7,18.16,15671100
30/09/2005,18.18,18.54,18.18,18.47,20454400
03/10/2005,18.58,18.8,18.55,18.55,16551200
04/10/2005,18.54,18.63,18.23,18.26,18356500
05/10/2005,18.22,18.31,17.93,17.96,22290200
06/10/2005,17.98,17.98,17.48,17.64,24308000
07/10/2005,17.83,17.85,17.66,17.73,11906400
10/10/2005,17.6,17.64,17.24,17.27,23719500
11/10/2005,17.32,17.38,16.95,17.06,26131900
12/10/2005,16.92,17.16,16.83,17.06,40911100
13/10/2005,17.14,17.43,17,17.36,30452200
14/10/2005,17.39,17.47,17.07,17.23,23666600
17/10/2005,17.18,17.34,17.12,17.24,15233700
18/10/2005,17.18,17.29,17.12,17.19,15453300
19/10/2005,16.95,17.15,16.67,17.15,38098100
20/10/2005,17.24,17.42,17.11,17.18,24946700
21/10/2005,17.47,17.49,17.27,17.36,21944300
24/10/2005,17.41,17.48,17.15,17.48,21841100
25/10/2005,17.15,17.26,17,17.09,13301600
28/10/2005,16.48,16.67,16.29,16.66,26522600
31/10/2005,16.73,16.97,16.71,16.77,16703100
01/11/2005,16.75,16.84,16.56,16.66,15712900
02/11/2005,16.6,17.22,16.6,17.16,21333200
04/11/2005,17.61,17.69,17.44,17.65,12159200
07/11/2005,17.7,17.83,17.51,17.72,14065500
08/11/2005,17.68,17.9,17.57,17.73,16085100
11/11/2005,18.16,18.26,17.98,17.99,16139700
14/11/2005,18.02,18.21,17.99,18.17,11832300
16/11/2005,17.97,18.06,17.85,17.98,12998000
17/11/2005,17.95,18.09,17.83,18.06,15114700
18/11/2005,18.24,18.42,18.08,18.24,20739100
21/11/2005,18.26,18.32,18.1,18.16,14484700
23/11/2005,18.65,18.8,18.52,18.58,14055200
28/11/2005,18.77,18.82,18.55,18.61,11022800
29/11/2005,18.67,18.88,18.52,18.55,14931400
30/11/2005,18.5,18.79,18.5,18.7,15103000
01/12/2005,18.92,19.39,18.86,19.39,23276300
02/12/2005,19.35,19.58,19.31,19.47,16122600
05/12/2005,19.45,19.45,19.02,19.14,12638700
06/12/2005,19.31,19.57,19.22,19.22,16619900
07/12/2005,19.27,19.31,19.04,19.12,15071100
08/12/2005,19.2,19.23,18.5,18.71,31827200
09/12/2005,18.64,18.99,18.54,18.97,20953600
12/12/2005,19.05,19.22,19.04,19.2,11516800
13/12/2005,19.15,19.4,19.01,19.27,15493700
14/12/2005,19.18,19.35,19.09,19.18,11167600
16/12/2005,19.29,19.29,19.02,19.02,8319900
19/12/2005,19.15,19.15,18.56,18.56,14255500
20/12/2005,18.62,18.84,18.45,18.64,16696200
21/12/2005,18.65,18.83,18.58,18.61,9318300
22/12/2005,18.65,18.89,18.65,18.85,9337800
23/12/2005,18.87,19.08,18.84,18.91,6924800
27/12/2005,18.94,19.05,18.61,18.65,8754000
28/12/2005,18.65,18.76,18.53,18.72,9000700
29/12/2005,18.72,18.77,18.45,18.46,7581200
30/12/2005,18.47,18.47,18.26,18.32,8424100
03/01/2006,18.47,18.98,18.23,18.96,22078100
04/01/2006,18.99,19.16,18.95,19.1,12933200
05/01/2006,19.2,19.57,19.16,19.48,18650900
06/01/2006,19.68,19.87,19.48,19.83,19664900
09/01/2006,19.88,19.98,19.74,19.93,12806500
10/01/2006,19.83,19.95,19.76,19.9,11991200
11/01/2006,20,20.18,19.83,20.1,22056100
12/01/2006,20.08,20.32,19.93,20.02,25976100
13/01/2006,19.85,19.93,19.59,19.74,21306500
17/01/2006,19.51,19.54,19.31,19.42,22032900
18/01/2006,18.86,19.11,18.82,18.92,38057800
19/01/2006,19.43,19.51,19.27,19.38,19970800
20/01/2006,19.2,19.27,18.62,18.7,32523300
23/01/2006,18.73,18.8,18.5,18.67,23916400
24/01/2006,18.73,19.07,18.61,18.67,24243800
26/01/2006,18.83,19.1,18.65,19.05,23632300
30/01/2006,19.2,19.35,19.1,19.17,9667300
31/01/2006,19.15,19.17,18.65,18.65,17982500
01/02/2006,18.75,19.13,18.67,19.1,16238300
02/02/2006,19.18,19.24,18.74,18.79,17019100
07/02/2006,18.88,19.02,18.76,19.02,13478300
08/02/2006,19.13,19.3,18.97,19.3,15413800
10/02/2006,19.15,19.2,18.83,19.06,26128900
15/02/2006,19.07,19.2,18.95,19.1,15247700
16/02/2006,19.31,19.38,19.11,19.35,13859600
17/02/2006,19.19,19.25,18.94,18.95,11239800
21/02/2006,19.02,19.02,18.55,18.62,16337600
23/02/2006,18.73,18.8,18.5,18.5,13788800
24/02/2006,18.5,18.66,18.43,18.48,20566900
27/02/2006,18.49,18.68,18.48,18.62,14094700
28/02/2006,18.62,18.74,18.45,18.51,17470800
01/03/2006,18.68,19.31,18.61,19.27,21172000
02/03/2006,19.16,19.45,19.09,19.25,21702400
03/03/2006,19.06,19.31,18.54,18.97,20329000
06/03/2006,19.13,19.18,18.73,18.73,17231500
07/03/2006,18.56,18.61,18.33,18.36,17945900
08/03/2006,18.34,18.41,18.05,18.25,21727600
09/03/2006,18.36,18.45,17.96,17.96,20779200
10/03/2006,18.05,18.24,17.88,17.97,35950200
13/03/2006,18.06,18.2,17.94,17.95,13784300
14/03/2006,17.95,18.3,17.91,18.26,16822300
15/03/2006,18.3,18.49,18.18,18.42,22002000
17/03/2006,17.88,17.94,17.6,17.77,19857100
20/03/2006,17.86,17.98,17.77,17.79,14381200
21/03/2006,17.86,18.31,17.77,17.86,28820900
22/03/2006,17.77,17.97,17.71,17.92,25967100
23/03/2006,17.91,18.13,17.41,17.92,24468200
24/03/2006,17.97,18.13,17.82,18.1,16532000
27/03/2006,18.17,18.3,18.11,18.16,22297000
28/03/2006,18.13,18.24,17.81,17.81,19086900
29/03/2006,17.88,18.38,17.86,18.34,20252100
30/03/2006,18.43,18.65,17.91,18.37,24911400
31/03/2006,18.39,18.5,18.08,18.16,16111200
03/04/2006,18.23,18.54,18.14,18.27,17846400
04/04/2006,18.33,18.4,18.13,18.19,17392000
05/04/2006,18.25,18.75,18.21,18.68,22620100
06/04/2006,18.7,18.95,18.67,18.85,17953100
07/04/2006,18.93,18.97,18.45,18.45,26783700
10/04/2006,18.43,18.48,18.24,18.3,16028800
11/04/2006,18.4,18.55,18.1,18.24,17806100
12/04/2006,18.22,18.42,18.2,18.31,11673300
13/04/2006,18.31,18.55,18.26,18.4,12038400
17/04/2006,18.38,18.54,17.97,18.08,23110400
18/04/2006,18.2,18.75,18.15,18.69,26660700
19/04/2006,18.75,19,18.65,18.93,21510000
20/04/2006,18.85,19.41,18.75,19.13,23454100
21/04/2006,19.04,19.13,18.58,18.71,23042000
24/04/2006,18.59,18.63,18.41,18.58,16359700
25/04/2006,18.6,18.74,18.4,18.74,14613500
28/04/2006,18.85,19.08,18.77,18.83,11484100
01/05/2006,18.82,18.89,18.5,18.58,11328600
02/05/2006,18.68,18.7,18.5,18.63,12631000
04/05/2006,18.79,19.01,18.76,18.88,12314200
05/05/2006,19,19.08,18.88,19.03,13557400
09/05/2006,18.97,18.98,18.77,18.83,9479100
10/05/2006,18.8,18.83,18.33,18.4,15592500
12/05/2006,18.09,18.28,17.95,17.97,15500200
15/05/2006,17.97,18.14,17.64,17.85,17875100
17/05/2006,17.7,17.92,17.48,17.51,23153300
18/05/2006,17.6,17.68,17.34,17.35,14306500
19/05/2006,17.43,17.61,17.3,17.59,20181000
22/05/2006,17.41,17.45,16.96,17.11,23925700
23/05/2006,17.33,17.42,16.77,16.8,22927900
25/05/2006,17.17,17.2,16.88,17,16022700
26/05/2006,17.11,17.26,17.02,17.1,10341500
30/05/2006,17,17.14,16.8,16.82,10350700
31/05/2006,16.93,17.14,16.83,17.02,15724300
01/06/2006,17,17.32,17,17.31,16975600
02/06/2006,17.43,17.45,17.11,17.3,14822500
05/06/2006,17.29,17.33,16.82,16.82,13663100
06/06/2006,16.81,16.93,16.72,16.82,18566300
07/06/2006,16.9,16.91,16.43,16.45,18002700
08/06/2006,16.4,16.56,16.07,16.38,30815600
09/06/2006,16.64,16.73,16.2,16.29,20415900
12/06/2006,16.34,16.38,15.93,15.95,17523100
13/06/2006,15.94,16.18,15.87,15.92,20503900
14/06/2006,16.15,16.24,15.92,16.13,18509400
16/06/2006,16.51,16.75,16.42,16.5,10605300
19/06/2006,16.64,16.71,16.35,16.41,10552600
20/06/2006,16.48,16.55,16.26,16.36,12529300
21/06/2006,16.33,16.83,16.33,16.64,16122600
22/06/2006,16.58,16.67,16.32,16.43,15683800
23/06/2006,16.45,16.45,16.14,16.23,11619600
26/06/2006,16.27,16.41,16.2,16.36,6812800
27/06/2006,16.33,16.45,16.04,16.05,10403200
28/06/2006,16.05,16.1,15.75,16.09,11821200
29/06/2006,16.13,16.65,16.05,16.54,22871100
30/06/2006,16.58,16.65,16.38,16.45,9688700
05/07/2006,16.5,16.52,16.18,16.21,7379200
07/07/2006,16.07,16.09,15.79,15.9,13671400
10/07/2006,15.97,16.05,15.45,15.55,12045000
11/07/2006,15.5,16.06,15.46,16.01,23012800
12/07/2006,15.96,16.02,15.57,15.58,17043800
13/07/2006,15.42,15.77,15.32,15.34,25747500
14/07/2006,15.38,15.52,15.22,15.36,19130200
17/07/2006,15.44,15.58,15.26,15.29,15279700
18/07/2006,15.35,15.42,14.94,15.37,26644900
19/07/2006,15.4,15.76,15.34,15.5,25525700
20/07/2006,15.6,15.63,15,15.04,18384800
21/07/2006,14.86,14.9,14.51,14.59,23486000
24/07/2006,14.7,14.99,14.66,14.88,17585900
25/07/2006,15.04,15.29,14.93,15.14,18123800
26/07/2006,15.03,15.4,14.87,15.2,21871500
28/07/2006,15.38,15.73,15.35,15.71,19196900
31/07/2006,15.69,15.83,15.58,15.76,10894800
01/08/2006,15.62,15.63,15.27,15.33,15080200
04/08/2006,15.89,16.08,15.47,15.64,15623400
07/08/2006,15.44,15.73,15.44,15.55,8819700
08/08/2006,15.69,15.73,15.37,15.52,13412000
09/08/2006,15.83,15.97,15.51,15.53,19640900
10/08/2006,15.45,15.87,15.45,15.87,13928400
11/08/2006,15.65,15.73,15.27,15.32,19077700
14/08/2006,15.46,15.75,15.42,15.6,13887000
15/08/2006,15.84,16.04,15.72,15.98,20854100
16/08/2006,16.15,16.56,15.98,16.48,26847700
17/08/2006,16.45,16.73,16.41,16.49,22880300
18/08/2006,16.45,16.58,16.23,16.58,14731400
21/08/2006,16.4,16.42,16.17,16.3,11957600
22/08/2006,16.3,16.46,16.18,16.24,11540600
23/08/2006,16.32,16.5,16.11,16.2,14810100
24/08/2006,16.23,16.36,16.11,16.36,11992300
25/08/2006,16.35,16.55,16.27,16.39,11506600
28/08/2006,16.45,16.63,16.4,16.62,9651100
29/08/2006,16.63,16.95,16.54,16.95,21751900
30/08/2006,16.95,17.22,16.83,17.17,21991300
31/08/2006,17.2,17.25,16.98,17.05,12295300
01/09/2006,17.08,17.18,16.79,16.92,12698700
05/09/2006,16.93,17.09,16.76,17.07,15578400
06/09/2006,16.85,16.89,16.54,16.54,20507400
07/09/2006,16.49,16.72,16.33,16.41,26754700
08/09/2006,16.46,16.67,16.42,16.66,13314500
11/09/2006,16.55,16.93,16.48,16.82,18901700
12/09/2006,16.95,17.43,16.86,17.29,29188100
13/09/2006,17.29,17.44,17.11,17.22,24507800
14/09/2006,17.17,17.28,17.06,17.2,15092100
15/09/2006,17.34,17.56,17.15,17.18,19734600
18/09/2006,17.14,17.52,17.14,17.33,18561200
19/09/2006,17.23,17.29,16.77,17,30121000
20/09/2006,17.09,17.23,17.02,17.16,17932200
21/09/2006,17.09,17.2,16.72,16.72,38418600
22/09/2006,16.75,16.91,16.59,16.68,19971500
25/09/2006,16.73,17.11,16.53,17.11,26073200
26/09/2006,17.06,17.19,16.86,17.19,30238500
27/09/2006,17.2,17.44,17.07,17.08,25828300
28/09/2006,17.1,17.34,17.1,17.33,13284100
29/09/2006,17.3,17.31,17.07,17.15,10041000
02/10/2006,17.05,17.31,17,17.05,12631800
03/10/2006,16.83,17.02,16.7,16.93,15535600
04/10/2006,16.86,17.29,16.83,17.23,24630300
05/10/2006,17.23,17.24,17.01,17.1,12209500
06/10/2006,16.93,17.05,16.86,16.99,10482300
09/10/2006,16.97,17.29,16.93,17.16,12446900
10/10/2006,17.11,17.22,17.06,17.09,10677600
11/10/2006,17.01,17.5,16.9,17.32,24240200
12/10/2006,17.36,17.63,17.24,17.63,23331400
13/10/2006,17.58,17.86,17.48,17.75,20499100
16/10/2006,17.9,17.98,17.8,17.86,12395200
17/10/2006,17.7,17.7,17.33,17.45,22128000
18/10/2006,17.45,17.48,16.92,17.03,26724000
19/10/2006,16.9,17.1,16.78,16.93,16946100
20/10/2006,16.98,16.98,16.72,16.81,9768700
23/10/2006,16.75,17.04,16.7,16.93,16777100
24/10/2006,16.93,17.03,16.65,16.68,13336100
25/10/2006,16.68,17.09,16.63,17.02,19358500
26/10/2006,17.07,17.22,16.85,17.2,13935000
27/10/2006,17.14,17.14,16.64,16.77,28754400
30/10/2006,16.74,17.02,16.73,16.89,16929100
31/10/2006,16.93,17.05,16.86,17,11460400
01/11/2006,17.04,17.07,16.62,16.64,19658700
02/11/2006,16.55,16.69,16.51,16.52,12692000
03/11/2006,16.58,16.65,16.38,16.48,15479800
06/11/2006,16.52,16.86,16.43,16.8,13979100
07/11/2006,16.8,17.21,16.8,16.98,14530700
08/11/2006,16.86,17.07,16.77,16.93,14875300
09/11/2006,17.1,17.11,16.6,16.6,24181500
10/11/2006,16.64,16.8,16.51,16.8,7785500
13/11/2006,16.78,17.11,16.68,17.11,14388200
14/11/2006,17.14,17.64,16.99,17.64,22175600
15/11/2006,17.58,17.86,17.54,17.74,22413100
16/11/2006,17.73,17.81,17.48,17.73,12206000
17/11/2006,17.61,17.7,17.5,17.64,11625400
20/11/2006,17.6,17.84,17.5,17.81,13272500
21/11/2006,17.59,17.82,17.48,17.52,14279900
22/11/2006,17.61,17.76,17.54,17.74,7235900
27/11/2006,17.61,17.72,17.18,17.32,11391300
28/11/2006,17.15,17.23,17.02,17.23,10925000
29/11/2006,17.38,17.41,17.02,17.13,12281400
30/11/2006,17.13,17.39,17.02,17.27,10884900
01/12/2006,17.23,17.32,16.75,17.01,25802800
04/12/2006,17,17.5,16.98,17.33,18182300
05/12/2006,17.39,17.57,17.32,17.4,10614400
06/12/2006,17.37,17.54,17.26,17.4,10128800
07/12/2006,17.46,17.63,17.18,17.19,13140500
08/12/2006,17.03,17.22,16.94,17.1,18430500
11/12/2006,17.13,17.25,17.02,17.04,5862500
12/12/2006,17.05,17.15,16.84,16.97,14650000
13/12/2006,17.12,17.15,16.77,16.83,11136300
14/12/2006,16.88,17.2,16.82,17.08,20118500
15/12/2006,17.21,17.27,17.06,17.13,10020100
18/12/2006,17.15,17.34,17.02,17.11,10625000
19/12/2006,16.9,17.33,16.74,16.86,12668700
20/12/2006,16.89,17.11,16.86,16.95,8585200
21/12/2006,16.97,17.01,16.67,16.76,9687200
22/12/2006,16.8,16.86,16.63,16.65,8766300
26/12/2006,16.64,16.83,16.61,16.76,3599600
27/12/2006,16.86,16.95,16.8,16.88,5329300
28/12/2006,16.88,17,16.82,16.88,5383700
29/12/2006,16.88,17.01,16.78,16.83,3459000
03/01/2007,16.93,17.11,16.56,16.79,13497000
04/01/2007,16.76,17.18,16.73,17.1,14404200
05/01/2007,16.95,17.02,16.81,16.93,16800000
08/01/2007,17,17.18,16.88,17.03,11552900
09/01/2007,17.08,17.22,16.95,17.17,10979400
10/01/2007,17.11,17.5,17,17.38,17739700
11/01/2007,17.38,17.71,17.35,17.49,25937900
12/01/2007,17.43,17.58,17.33,17.55,11495100
16/01/2007,17.59,17.59,17.3,17.36,10564400
17/01/2007,17.16,17.36,17.06,17.22,14840400
18/01/2007,16.67,16.95,16.55,16.58,24933600
19/01/2007,16.63,16.83,16.52,16.7,14453900
22/01/2007,16.77,16.77,16.47,16.59,14789400
23/01/2007,16.57,16.82,16.55,16.57,12631000
24/01/2007,16.64,16.82,16.61,16.8,9193300
25/01/2007,16.9,17.14,16.73,16.77,15748200
26/01/2007,16.81,17.07,16.68,16.91,17595300
29/01/2007,16.97,17.06,16.84,16.88,12834300
30/01/2007,16.92,16.99,16.81,16.9,6628100
31/01/2007,16.89,16.98,16.66,16.92,17142600
01/02/2007,17.05,17.17,16.87,17.05,11819700
02/02/2007,17.15,17.25,17.07,17.16,9378200
05/02/2007,17.21,17.39,17.08,17.23,11668400
06/02/2007,17.21,17.24,16.95,17.11,11851400
07/02/2007,17.16,17.36,17.09,17.25,13071200
08/02/2007,17.17,17.24,17.04,17.18,8138900
09/02/2007,17.3,17.44,16.92,16.97,20111400
12/02/2007,16.96,16.96,16.74,16.8,11491900
13/02/2007,16.86,16.93,16.73,16.86,10987500
14/02/2007,17,17.3,16.97,17.24,16986400
15/02/2007,17.19,17.36,17.18,17.25,9130100
16/02/2007,17.23,17.3,17.2,17.23,7805400
20/02/2007,17.15,17.27,16.97,17.26,9012000
21/02/2007,17.18,17.24,17.07,17.24,7839700
22/02/2007,17.53,17.81,17.5,17.7,33426800
23/02/2007,17.77,17.93,17.75,17.78,13772800
26/02/2007,17.88,17.91,17.64,17.76,10618800
27/02/2007,17.55,17.65,17.02,17.23,30439300
28/02/2007,17.38,17.4,17.08,17.22,17432300
01/03/2007,16.82,17.23,16.78,17.06,21352400
02/03/2007,16.99,17.07,16.77,16.83,18864400
05/03/2007,16.67,16.99,16.61,16.68,19690400
06/03/2007,16.93,17,16.88,16.95,9202000
07/03/2007,16.95,17.03,16.8,16.89,8120000
08/03/2007,17.08,17.21,16.91,17.02,11743100
09/03/2007,17.36,17.46,17.13,17.31,12849600
12/03/2007,17.25,17.51,17.24,17.37,9219000
13/03/2007,17.27,17.36,17.08,17.17,13824500
14/03/2007,17.17,17.19,16.89,17.14,13677900
15/03/2007,17.11,17.18,17.07,17.17,11118100
16/03/2007,17.17,17.18,16.97,17.05,7431400
19/03/2007,17.11,17.18,16.92,16.97,11562400
20/03/2007,17.01,17.15,16.91,17.08,6728500
21/03/2007,17.11,17.58,17.02,17.3,10417900
22/03/2007,17.31,17.39,17.08,17.18,11095300
23/03/2007,17.16,17.33,17.12,17.18,7192700
26/03/2007,17.24,17.29,16.97,17.13,7904200
27/03/2007,17.2,17.21,17.09,17.12,5578500
28/03/2007,16.98,17.03,16.84,16.88,9107000
29/03/2007,16.98,17.03,16.58,16.79,17722500
30/03/2007,16.81,16.88,16.66,16.7,9174200
02/04/2007,16.7,16.85,16.66,16.71,4849800
03/04/2007,16.8,16.95,16.75,16.79,11264800
04/04/2007,16.84,17.03,16.75,17.02,10157700
05/04/2007,17.02,17.16,17.01,17.12,6947100
09/04/2007,17.21,17.24,17.01,17.15,6673800
10/04/2007,17.11,17.42,17.11,17.42,9122500
11/04/2007,17.38,17.4,17.15,17.24,11394000
12/04/2007,17.16,17.34,17.1,17.32,9917000
13/04/2007,17.25,17.25,17.04,17.24,11956200
16/04/2007,17.27,17.42,17.18,17.35,12673200
17/04/2007,17.39,17.4,17.21,17.31,6829300
18/04/2007,17.56,17.95,17.51,17.79,23605900
19/04/2007,17.73,18.12,17.67,18.01,19583600
20/04/2007,18.14,18.26,17.92,18.11,13454500
23/04/2007,18.07,18.1,17.94,17.99,9151300
24/04/2007,18.42,18.71,18.35,18.57,36318100
25/04/2007,18.7,18.85,18.52,18.85,18461900
26/04/2007,18.88,18.88,18.58,18.76,13435000
27/04/2007,17.08,18.76,17.08,18.54,13644600
30/04/2007,18.54,18.54,18.27,18.31,10114300
01/05/2007,18.31,18.46,18.16,18.43,13512200
02/05/2007,18.45,18.65,18.42,18.56,11040300
03/05/2007,18.63,18.72,18.52,18.54,8267300
04/05/2007,18.66,18.78,18.57,18.76,10871100
07/05/2007,18.74,18.77,18.68,18.74,4785900
08/05/2007,18.74,18.74,18.49,18.65,6392000
09/05/2007,18.55,19.12,18.55,19.05,16408100
10/05/2007,19.01,19.11,18.67,18.76,14491400
11/05/2007,18.86,19.04,18.79,18.99,12688300
14/05/2007,19.11,19.18,18.94,19.03,10931000
15/05/2007,19.04,19.05,18.74,18.78,16051100
16/05/2007,18.73,18.76,18.53,18.73,17052700
17/05/2007,18.68,18.74,18.43,18.55,15161700
18/05/2007,18.68,18.7,18.41,18.58,12765100
21/05/2007,18.58,18.82,18.49,18.55,16611200
22/05/2007,18.61,18.79,18.47,18.65,12739500
23/05/2007,18.48,18.67,18.31,18.31,15678300
24/05/2007,18.26,18.39,17.95,18.04,25338900
25/05/2007,18.09,18.23,18.02,18.13,10678800
29/05/2007,18.18,18.3,18.14,18.21,9556400
30/05/2007,18.1,18.17,17.95,18.09,15240000
31/05/2007,18.16,18.38,18.16,18.36,11259800
01/06/2007,18.36,18.63,18.36,18.49,14927600
04/06/2007,18.43,18.61,18.4,18.45,7406500
05/06/2007,18.41,18.46,18.14,18.32,17136300
06/06/2007,18.25,18.39,18.1,18.1,16133500
07/06/2007,18.03,18.2,17.77,17.85,22784200
08/06/2007,18,18.36,17.92,18.36,20063800
11/06/2007,18.36,18.43,18.25,18.3,10045100
12/06/2007,18.11,18.37,18.06,18.16,11768900
13/06/2007,18.19,18.55,18.19,18.55,10835800
14/06/2007,18.5,18.88,18.47,18.73,11466300
15/06/2007,18.93,19.13,18.93,19.1,11543100
18/06/2007,19.15,19.28,19,19.13,6075800
19/06/2007,18.98,19.06,18.89,19.01,10083800
20/06/2007,19.05,19.16,18.87,18.89,14367200
21/06/2007,18.91,19.43,18.85,19.43,18040100
22/06/2007,19.38,19.38,19.06,19.14,12892800
25/06/2007,19.15,19.2,18.83,18.92,16000400
26/06/2007,18.97,19,18.75,18.88,11097900
27/06/2007,18.77,19.32,18.76,19.3,24452700
28/06/2007,19.23,19.32,19.14,19.17,11386900
29/06/2007,19.23,19.31,18.95,19.02,9342100
02/07/2007,19.1,19.3,19.1,19.3,7653000
03/07/2007,19.33,19.38,19.28,19.38,4743000
05/07/2007,19.42,19.45,19.16,19.45,5943700
06/07/2007,19.43,19.61,19.36,19.61,6453500
09/07/2007,19.63,19.82,19.59,19.7,10038800
10/07/2007,19.61,19.73,19.5,19.56,8710800
11/07/2007,19.58,19.61,19.35,19.52,11741600
12/07/2007,19.57,20.13,19.52,20.11,17710600
13/07/2007,20.1,20.23,20.03,20.1,14888300
16/07/2007,20.11,20.18,20.03,20.15,6655800
17/07/2007,20.16,20.71,20.16,20.5,20649800
18/07/2007,20.14,20.3,19.93,20.15,15514600
19/07/2007,20.25,20.34,20.07,20.21,10132100
20/07/2007,20.17,20.32,19.88,19.94,15501300
23/07/2007,20,20.14,19.88,19.93,10445600
24/07/2007,19.68,19.8,19.43,19.52,16273200
25/07/2007,19.83,19.83,19.49,19.57,13549000
26/07/2007,19.4,19.55,18.9,19.21,17379000
27/07/2007,19.01,19.26,18.84,18.86,16260400
30/07/2007,18.85,19.29,18.85,19.15,12355700
31/07/2007,19.25,19.33,18.83,18.89,14754000
01/08/2007,19.1,19.1,18.56,18.96,21424800
02/08/2007,19.01,19.02,18.75,18.95,11752300
03/08/2007,18.94,19,18.52,18.55,12745600
06/08/2007,18.68,18.88,18.48,18.75,20315000
07/08/2007,18.72,18.98,18.48,18.72,15433900
08/08/2007,18.85,19.23,18.85,19.1,18218600
09/08/2007,18.79,19.2,18.7,18.8,18646100
10/08/2007,18.55,19.08,18.55,18.85,18643400
13/08/2007,19,19.05,18.72,18.73,8932000
14/08/2007,18.78,18.91,18.46,18.49,10477000
15/08/2007,18.25,18.43,17.95,18.05,15438000
16/08/2007,17.79,18.17,17.5,18,23143900
17/08/2007,17.93,18.66,17.93,18.27,18286500
20/08/2007,18.32,18.63,18.29,18.5,11527700
21/08/2007,18.48,18.66,18.47,18.58,9079700
22/08/2007,18.63,18.72,18.52,18.67,10033500
23/08/2007,18.81,18.81,18.42,18.61,13498300
24/08/2007,18.58,18.86,18.51,18.84,7254800
27/08/2007,18.77,18.77,18.59,18.61,7160400
28/08/2007,18.53,18.55,18.13,18.15,12549400
29/08/2007,18.27,18.72,18.27,18.68,9473100
30/08/2007,18.58,18.92,18.55,18.7,13414600
31/08/2007,18.88,19.02,18.8,18.95,10224400
04/09/2007,19.01,19.55,19.01,19.44,11781800
05/09/2007,19.26,19.37,19.06,19.19,9696700
06/09/2007,19.24,19.38,19.1,19.36,7176300
07/09/2007,19.13,19.13,18.69,18.91,12722200
11/09/2007,19.1,19.25,18.92,19.11,10068300
12/09/2007,19.07,19.09,18.74,18.79,9662000
13/09/2007,18.84,18.89,18.66,18.72,9835000
14/09/2007,18.58,18.63,18.48,18.57,6065900
17/09/2007,18.62,18.62,18.4,18.52,5065700
18/09/2007,18.62,18.95,18.54,18.89,8765400
19/09/2007,19.02,19.64,18.94,19.08,9122800
20/09/2007,18.98,19.22,18.95,19.15,7020600
21/09/2007,19.17,19.41,19.17,19.29,4300800
24/09/2007,19.33,19.36,19.05,19.18,6859300
25/09/2007,18.98,19.23,18.98,19.15,6669900
26/09/2007,19.26,19.36,19.05,19.09,7369600
27/09/2007,19.18,19.28,19.16,19.18,6449200
28/09/2007,19.17,19.34,19.13,19.15,8253400
01/10/2007,19.23,19.56,19.23,19.47,9480300
02/10/2007,19.47,19.52,19.33,19.48,5945800
03/10/2007,19.31,19.31,18.9,19.08,13255000
04/10/2007,19.13,19.13,18.9,18.99,6848800
05/10/2007,19.1,19.34,19.02,19.23,8235200
08/10/2007,19.23,19.31,19.13,19.25,3679100
09/10/2007,19.2,19.29,18.93,19.18,7125000
10/10/2007,19.15,19.15,18.89,19.05,9383100
11/10/2007,19.1,19.21,18.55,18.7,15687500
12/10/2007,18.44,18.44,18.04,18.17,6962700
15/10/2007,18.19,18.27,18.02,18.15,7690600
16/10/2007,18.05,18.24,18.01,18.08,11640100
17/10/2007,18.4,18.59,18.25,18.4,13668100
18/10/2007,18.4,18.4,18.14,18.36,8012200
19/10/2007,18.34,18.34,17.76,17.82,8779300
22/10/2007,17.66,18,17.61,18,7645700
23/10/2007,17.88,17.88,17.39,17.72,16821300
24/10/2007,17.45,17.45,16.85,17.23,19764800
25/10/2007,17.27,17.28,16.68,16.93,18278300
26/10/2007,17.05,17.11,16.74,16.9,11969900
29/10/2007,16.95,17.11,16.93,17.08,7536200
30/10/2007,17.02,17.18,16.98,17.11,8321800
31/10/2007,17.13,17.35,17.07,17.31,10340300
01/11/2007,17.01,17.25,16.98,17.04,11455100
02/11/2007,17.07,17.15,16.89,17.13,8264400
05/11/2007,16.95,17.18,16.88,17.02,8288400
06/11/2007,17.16,17.24,16.95,17.2,8141000
07/11/2007,17.1,17.15,16.76,16.83,10056500
08/11/2007,16.7,16.82,16.24,16.52,15049800
09/11/2007,16.56,16.67,16.25,16.47,12645600
12/11/2007,16.5,16.58,16.29,16.31,10595100
13/11/2007,16.4,16.75,16.38,16.6,7639500
14/11/2007,16.75,16.77,16.38,16.45,9510200
15/11/2007,16.3,16.56,16.2,16.35,10825800
16/11/2007,16.35,16.43,16.14,16.4,9810500
19/11/2007,16.34,16.34,16.02,16.11,9194800
20/11/2007,16.18,16.29,15.69,16.02,10610900
21/11/2007,15.8,16.01,15.56,15.72,10188300
27/11/2007,15.7,15.86,15.52,15.79,11349200
28/11/2007,16,16.52,16,16.5,14625200
29/11/2007,16.36,16.48,16.26,16.33,7646400
30/11/2007,16.65,16.65,16.07,16.16,8521200
03/12/2007,16.19,16.33,16.15,16.16,4816500
04/12/2007,16.03,16.24,16.02,16.08,5947000
05/12/2007,16.39,16.62,16.3,16.54,9189800
06/12/2007,16.51,16.77,16.51,16.77,5675700
07/12/2007,16.73,16.8,16.66,16.71,6031900
10/12/2007,16.75,16.86,16.59,16.85,7860800
11/12/2007,16.99,17.05,16.52,16.52,10469800
12/12/2007,16.81,16.99,16.51,16.76,9882400
13/12/2007,16.59,16.82,16.43,16.59,6572700
14/12/2007,16.47,16.49,16.32,16.34,5629300
17/12/2007,16.28,16.29,16.07,16.08,7519300
19/12/2007,16.13,16.25,16.05,16.18,6324700
20/12/2007,16.28,16.41,16.2,16.41,6422400
21/12/2007,16.52,16.61,16.42,16.56,4782800
26/12/2007,16.6,16.7,16.6,16.67,3387600
27/12/2007,16.65,16.69,16.35,16.37,5061100
28/12/2007,16.45,16.49,16.27,16.32,4110000
31/12/2007,16.23,16.37,16.23,16.23,2866900
02/01/2008,16.16,16.21,15.54,15.68,15896600
03/01/2008,15.68,15.7,15.35,15.41,9086100
04/01/2008,15.2,15.22,14.6,14.63,20694400
07/01/2008,14.73,14.88,14.49,14.71,14877800
08/01/2008,14.7,14.94,14.34,14.44,13535900
09/01/2008,14.43,14.6,14.18,14.46,20013700
10/01/2008,14.37,14.52,14.25,14.41,18204500
11/01/2008,14.34,14.34,14.05,14.1,15830500
14/01/2008,14.4,14.58,14.3,14.58,12672700
15/01/2008,14.39,14.54,14.17,14.22,17661800
16/01/2008,13.7,14.25,13.61,13.96,27625700
17/01/2008,14.1,14.22,13.77,13.77,13908600
18/01/2008,13.89,14.14,13.88,13.96,11875200
22/01/2008,13.45,13.92,13.27,13.71,12224900
23/01/2008,13.48,14.22,13.36,14.2,15525000
24/01/2008,14.23,14.47,14.13,14.45,14545300
25/01/2008,14.72,14.72,14,14.01,13218800
28/01/2008,13.98,14.33,13.85,14.33,7321100
29/01/2008,14.43,14.43,14.12,14.28,6212000
30/01/2008,14.2,14.58,14.19,14.41,19885900
31/01/2008,14.27,14.58,14.08,14.08,8933400
01/02/2008,14.54,15.12,14.5,15.12,20809400
04/02/2008,15.05,15.09,14.75,14.75,10541700
05/02/2008,14.4,14.61,14.21,14.21,10209500
06/02/2008,14.35,14.38,13.89,13.95,12990400
07/02/2008,13.68,14.17,13.61,14.01,11319000
08/02/2008,14,14.19,13.93,14.08,10408300
11/02/2008,14.1,14.52,14.1,14.35,11600300
12/02/2008,14.5,14.57,14.28,14.35,8529500
13/02/2008,14.61,14.85,14.56,14.81,8790200
14/02/2008,14.8,14.81,14.42,14.47,8399400
15/02/2008,14.36,14.48,14.19,14.29,7638600
19/02/2008,14.4,14.45,14.05,14.15,7560700
20/02/2008,14.12,14.56,14.07,14.43,8607500
21/02/2008,14.63,14.83,14.33,14.41,13076000
22/02/2008,14.51,14.51,14.14,14.4,7695300
25/02/2008,14.38,14.61,14.21,14.5,11296500
26/02/2008,14.44,14.94,14.44,14.76,16182800
27/02/2008,14.66,15.03,14.66,14.94,11050300
28/02/2008,14.89,14.91,14.56,14.73,12012300
29/02/2008,14.58,14.61,14.21,14.28,15905100
03/03/2008,14.29,14.33,14.06,14.2,10198300
04/03/2008,14.14,14.37,13.92,14.32,12358600
05/03/2008,14.35,14.6,14.33,14.48,10056700
06/03/2008,14.41,14.48,14.14,14.22,7051500
07/03/2008,14.15,14.63,14.13,14.32,13331400
10/03/2008,14.28,14.55,14.28,14.35,11856500
11/03/2008,14.42,14.71,14.25,14.64,11883700
12/03/2008,14.59,14.75,14.5,14.56,8870700
13/03/2008,14.36,14.81,14.31,14.66,13025100
14/03/2008,14.76,14.81,14.18,14.34,13334700
17/03/2008,13.96,14.5,13.96,14.37,16939600
18/03/2008,14.56,14.91,14.5,14.87,11705100
19/03/2008,14.9,14.92,14.31,14.36,19214100
20/03/2008,14.36,14.61,14.28,14.55,11012900
24/03/2008,14.64,15.15,14.64,14.9,18935800
25/03/2008,14.93,15.08,14.8,14.93,7694000
26/03/2008,14.82,14.85,14.53,14.71,6642000
27/03/2008,14.78,14.78,14.43,14.45,6200200
28/03/2008,14.5,14.72,14.21,14.27,6252800
31/03/2008,14.3,14.46,14.21,14.36,4796900
01/04/2008,14.55,14.93,14.47,14.87,12450800
02/04/2008,15.02,15.2,14.9,14.99,8632100
03/04/2008,14.89,15.39,14.88,15.29,12747000
04/04/2008,15.29,15.36,15.05,15.22,8144600
07/04/2008,15.27,15.36,15.06,15.15,9730500
08/04/2008,14.88,14.95,14.67,14.73,12016200
09/04/2008,14.65,14.93,14.63,14.9,11639300
10/04/2008,14.98,15.44,14.98,15.25,16175200
11/04/2008,15.14,15.14,14.67,14.78,16185100
14/04/2008,14.66,14.72,14.41,14.45,11605600
15/04/2008,14.49,14.5,14.17,14.43,11831900
16/04/2008,14.89,15.16,14.85,15.03,13375100
17/04/2008,15.04,15.1,14.77,15.05,9938600
18/04/2008,15.32,15.39,15.06,15.2,17126200
21/04/2008,15.17,15.47,15.16,15.47,12783300
22/04/2008,15.2,15.2,14.81,15.03,14851300
23/04/2008,15.05,15.52,15.01,15.3,20580400
24/04/2008,15.26,15.69,15.14,15.45,9160800
25/04/2008,15.56,15.58,15.2,15.48,7538600
28/04/2008,15.46,15.54,15.36,15.46,4729539
29/04/2008,15.48,15.62,15.44,15.51,5273420
30/04/2008,15.58,15.59,15.15,15.29,12088488
01/05/2008,15.3,15.96,15.25,15.82,14722610
05/05/2008,15.82,15.99,15.64,15.79,6709500
06/05/2008,15.7,16.02,15.61,15.9,5764259
07/05/2008,15.91,16.14,15.75,15.82,7936300
09/05/2008,15.77,15.98,15.65,15.87,4793000
12/05/2008,15.94,16.07,15.78,16.04,4331100
13/05/2008,16.02,16.15,15.99,16.06,5145400
14/05/2008,16.09,16.51,16.09,16.24,17306700
15/05/2008,16.27,16.7,16.22,16.58,12146287
16/05/2008,16.64,16.67,16.35,16.64,9570500
19/05/2008,16.76,17.02,16.63,16.65,10426600
20/05/2008,16.49,16.55,16.19,16.34,12858747
21/05/2008,16.26,16.36,16.04,16.15,10478450
22/05/2008,16.13,16.32,16.08,16.15,6334860
23/05/2008,16.07,16.14,15.79,16.04,8856900
27/05/2008,15.99,16.36,15.99,16.29,8960700
28/05/2008,16.4,16.42,16.15,16.34,7163639
29/05/2008,16.3,16.43,16.24,16.34,9051900
30/05/2008,16.47,16.52,16.33,16.33,6913269
02/06/2008,16.39,16.42,16.05,16.27,7198510
03/06/2008,16.27,16.36,15.94,16.1,16891710
04/06/2008,16.08,16.46,16.04,16.4,12904300
05/06/2008,16.47,16.6,16.27,16.45,14999520
06/06/2008,16.41,16.56,15.9,16.06,13999403
09/06/2008,16.07,16.17,15.64,16.02,19173056
10/06/2008,15.81,15.96,15.64,15.8,16754400
11/06/2008,15.69,15.76,15.26,15.35,27098700
12/06/2008,15.35,15.66,15.28,15.38,17533400
13/06/2008,15.41,15.89,15.41,15.89,11686900
16/06/2008,15.76,16.16,15.73,16,15405950
17/06/2008,16.09,16.12,15.8,15.85,9199100
18/06/2008,15.75,15.77,15.46,15.55,13017300
19/06/2008,15.46,16.05,15.4,15.84,19050220
20/06/2008,15.71,15.78,15.46,15.55,16190160
23/06/2008,15.63,15.71,15.3,15.33,10535660
24/06/2008,15.3,15.69,15.26,15.42,10566075
25/06/2008,15.52,15.88,15.52,15.64,13487900
26/06/2008,15.42,15.47,14.9,15,20719100
27/06/2008,14.94,15.05,14.66,14.95,11258038
30/06/2008,14.8,15.05,14.75,14.83,12421700
01/07/2008,14.6,14.79,14.37,14.7,17168768
02/07/2008,14.75,14.89,14.35,14.44,18420888
07/07/2008,14.47,14.74,14.18,14.33,13084067
08/07/2008,14.31,14.54,14.18,14.45,20520552
09/07/2008,14.4,14.46,13.72,13.88,18477400
10/07/2008,13.93,14.19,13.78,14.13,18398150
11/07/2008,13.92,14.36,13.78,14.1,16285090
14/07/2008,14.29,14.36,13.85,14,8003500
15/07/2008,13.84,14.39,13.81,14.17,17991600
16/07/2008,14.32,14.63,14.08,14.48,12931385
17/07/2008,14.73,15.01,14.44,14.9,16404977
18/07/2008,14.8,14.91,14.53,14.86,9344350
21/07/2008,14.92,14.96,14.62,14.72,8733900
22/07/2008,14.08,14.11,13.75,14.05,15225172
23/07/2008,14.05,14.34,13.98,14.17,11777450
24/07/2008,14.03,14.04,13.67,13.75,10343250
25/07/2008,13.77,13.82,13.6,13.76,10871255
28/07/2008,13.73,13.8,13.55,13.61,8473950
29/07/2008,13.59,13.92,13.59,13.85,10799600
30/07/2008,13.99,14.13,13.82,13.95,10616700
31/07/2008,13.93,14.24,13.83,13.96,10222530
01/08/2008,13.93,14.12,13.7,13.93,9668250
04/08/2008,13.98,14.13,13.89,14.04,6916900
05/08/2008,14.13,14.4,14.06,14.35,8416758
06/08/2008,14.42,14.52,14.09,14.4,8797300
07/08/2008,14.32,14.97,14.28,14.68,16327100
08/08/2008,14.73,15.05,14.61,14.99,8452116
11/08/2008,14.97,15.42,14.96,15.16,10352072
12/08/2008,15.15,15.3,15.12,15.2,7339134
13/08/2008,15.29,15.45,15.09,15.2,10276000
14/08/2008,15.08,15.32,15.03,15.23,10277050
15/08/2008,15.27,15.34,15.08,15.2,7557200
18/08/2008,15.24,15.29,14.84,15.03,12807500
19/08/2008,14.91,14.95,14.65,14.68,10258245
20/08/2008,14.79,14.79,14.46,14.53,10401701
21/08/2008,14.41,14.53,14.35,14.39,5764300
22/08/2008,14.5,14.64,14.47,14.58,4802050
25/08/2008,14.52,14.59,14.35,14.39,8260300
26/08/2008,14.31,14.37,14.19,14.34,4250650
27/08/2008,14.28,14.53,14.27,14.4,4428200
28/08/2008,14.48,14.61,14.45,14.58,5556900
29/08/2008,14.44,14.47,14.15,14.25,9189200
02/09/2008,14.48,14.59,14,14.08,11780600
03/09/2008,14,14.09,13.46,13.52,17066876
04/09/2008,13.37,13.48,13.01,13.08,14471980
05/09/2008,12.96,13.35,12.94,13.25,20672392
08/09/2008,13.61,13.61,13.04,13.28,16952400
09/09/2008,13.21,13.24,12.81,12.87,14641200
10/09/2008,13.12,13.12,12.83,12.88,11647690
11/09/2008,12.73,12.98,12.63,12.93,19668652
12/09/2008,12.83,12.94,12.6,12.88,12360100
15/09/2008,12.5,12.95,12.5,12.63,14186500
16/09/2008,12.37,12.96,12.33,12.83,26781700
17/09/2008,12.66,12.91,12.26,12.26,22091146
18/09/2008,12.52,13.02,12.08,12.93,29191252
19/09/2008,13.49,13.79,12.87,13.25,21223396
22/09/2008,13.08,13.08,12.49,12.49,8820950
23/09/2008,12.53,12.78,12.32,12.43,11769800
24/09/2008,12.5,12.64,12.38,12.38,7216100
25/09/2008,12.56,12.85,12.44,12.7,10121600
26/09/2008,12.37,12.93,12.37,12.93,10882500
29/09/2008,12.67,12.68,11.73,11.73,13060120
30/09/2008,12.1,12.35,11.96,12.35,6542580
01/10/2008,12.23,12.29,11.97,12.13,11492179
02/10/2008,12.04,12.04,11.55,11.55,10990500
03/10/2008,11.71,12.05,11.45,11.45,11989700
06/10/2008,11.25,11.42,10.69,11.22,18072830
07/10/2008,11.33,11.41,10.48,10.48,14427245
08/10/2008,10.22,11.04,10.22,10.54,21733248
09/10/2008,10.77,10.96,10.21,10.26,18184376
10/10/2008,9.85,10.73,9.64,10.15,31366048
13/10/2008,10.67,11.13,10.38,11.13,14493200
14/10/2008,11.39,11.39,10.25,10.25,19099400
15/10/2008,10.31,10.51,9.55,9.55,22737340
16/10/2008,9.65,10.06,9.2,9.99,17939696
17/10/2008,9.81,10.26,9.77,9.82,14350600
20/10/2008,9.94,10.15,9.94,10.1,12717572
21/10/2008,9.78,9.97,9.68,9.68,10640935
22/10/2008,9.62,9.76,9.1,9.23,12290800
23/10/2008,9.23,9.47,8.85,9.18,19996100
24/10/2008,8.51,9.42,8.51,9.18,18681600
27/10/2008,9.02,9.55,8.9,9.14,23098200
28/10/2008,9.43,10.13,9.2,10.11,24892300
29/10/2008,9.98,9.99,9.6,9.65,14952000
30/10/2008,9.95,10.21,9.78,10.19,13014600
31/10/2008,10.07,10.51,9.94,10.38,12044300
03/11/2008,10.37,10.44,10.1,10.1,6807902
04/11/2008,10.39,10.55,10.25,10.53,9927900
05/11/2008,10.4,10.4,9.89,9.89,13337900
06/11/2008,9.71,9.88,8.98,8.98,13753010
07/11/2008,9.27,9.44,9.19,9.43,8504700
10/11/2008,9.57,9.59,9.05,9.05,8162356
11/11/2008,8.96,9.18,8.83,8.95,9611172
12/11/2008,8.81,8.97,8.57,8.57,9308600
13/11/2008,8.49,9.38,8.31,9.38,23923100
14/11/2008,9.07,9.09,8.12,8.55,14199400
17/11/2008,8.47,8.69,8.38,8.38,14773900
18/11/2008,8.48,8.53,7.99,8.23,12532720
19/11/2008,8.24,8.33,7.54,7.64,11402700
20/11/2008,7.6,8.02,7.35,7.35,23737812
21/11/2008,7.5,7.74,7.23,7.63,17172108
24/11/2008,7.84,8.23,7.76,8.23,11655300
25/11/2008,8.2,8.28,7.76,8,10499875
26/11/2008,7.79,8.48,7.78,8.48,10540500
01/12/2008,8.13,8.16,7.7,7.77,7721663
02/12/2008,7.8,7.98,7.59,7.98,8340850
03/12/2008,7.75,8.31,7.65,8.25,9901000
04/12/2008,8.15,8.32,7.78,7.91,9847280
05/12/2008,7.78,8.15,7.54,8.11,12374300
08/12/2008,8.24,8.38,8.12,8.36,7758855
09/12/2008,8.1,8.97,8.07,8.72,31244044
10/12/2008,8.73,9.06,8.53,8.68,16074125
11/12/2008,8.67,8.87,8.48,8.55,9999700
12/12/2008,8.34,9.1,8.3,9.1,9821400
15/12/2008,8.97,9.01,8.61,8.77,7717975
16/12/2008,8.87,9.4,8.82,9.3,15664350
17/12/2008,9.11,9.35,8.96,9.23,10574580
18/12/2008,9.14,9.18,8.55,8.64,16012250
19/12/2008,8.68,8.97,8.68,8.8,10534260
22/12/2008,8.74,8.77,8.41,8.6,5826245
23/12/2008,8.59,8.65,8.3,8.3,5429000
24/12/2008,8.38,8.47,8.35,8.43,1430500
26/12/2008,8.43,8.47,8.34,8.36,1102470
29/12/2008,8.38,8.44,8.27,8.43,3142724
30/12/2008,8.44,8.81,8.44,8.76,8645470
31/12/2008,8.74,8.96,8.73,8.81,7191271
02/01/2009,8.76,9.24,8.75,9.19,7816299
05/01/2009,9.13,9.29,9.05,9.14,7224017
06/01/2009,9.24,9.68,9.24,9.58,11758470
07/01/2009,9.32,9.32,8.98,9.04,14642765
08/01/2009,9.01,9.07,8.84,9.03,7677359
09/01/2009,9.06,9.07,8.74,8.76,8851444
12/01/2009,8.78,8.79,8.46,8.53,6817050
13/01/2009,8.47,8.88,8.46,8.61,18305812
14/01/2009,8.45,8.51,8.19,8.24,9710620
15/01/2009,8.16,8.54,8.11,8.42,15611124
16/01/2009,8.69,8.85,8.4,8.81,20212600
20/01/2009,8.73,8.74,8.2,8.22,14705315
21/01/2009,8.35,8.41,8,8.4,12516800
22/01/2009,8.23,8.36,7.99,8.18,11359000
23/01/2009,8.01,8.7,8.01,8.54,22668848
26/01/2009,8.51,8.79,8.46,8.57,13957500
27/01/2009,8.68,8.96,8.68,8.89,18023788
28/01/2009,9.04,9.16,8.93,9.08,15494631
29/01/2009,8.91,8.98,8.59,8.61,11585283
30/01/2009,8.69,8.77,8.42,8.46,7638865
02/02/2009,8.35,8.77,8.29,8.71,17626350
03/02/2009,8.69,8.84,8.49,8.78,11259000
04/02/2009,8.84,9.28,8.77,8.94,28445250
05/02/2009,8.82,9.38,8.79,9.26,22018160
06/02/2009,9.3,9.58,9.24,9.45,14231800
09/02/2009,9.48,9.57,9.35,9.48,13039500
10/02/2009,9.39,9.61,8.98,9.05,14723400
11/02/2009,9.06,9.07,8.75,8.91,13792900
12/02/2009,8.76,9.02,8.68,8.97,22007580
13/02/2009,8.94,9.24,8.91,9.06,15413200
17/02/2009,8.78,8.81,8.45,8.47,14020150
18/02/2009,8.54,8.72,8.37,8.47,10792400
19/02/2009,8.57,8.59,8.07,8.07,17498550
20/02/2009,8,8.32,7.94,8.15,20220520
23/02/2009,8.27,8.27,7.83,7.83,12439708
24/02/2009,7.92,8.28,7.91,8.21,12900675
25/02/2009,8.2,8.72,8.12,8.49,23291404
26/02/2009,8.57,8.86,8.31,8.36,23952786
27/02/2009,8.19,8.42,8.15,8.24,19543300
02/03/2009,8.08,8.27,7.83,7.87,24220316
03/03/2009,8,8.12,7.82,7.97,19748300
04/03/2009,8,8.44,8,8.31,18702800
05/03/2009,8.22,8.47,8.16,8.21,28736276
06/03/2009,8.3,8.42,7.83,8.06,31552450
09/03/2009,8.04,8.32,7.95,7.96,13529425
10/03/2009,8.1,8.62,8.07,8.62,17620204
11/03/2009,8.69,8.79,8.57,8.76,16826300
12/03/2009,8.76,9.07,8.64,9.05,18112668
13/03/2009,9.04,9.19,8.91,9.19,13047930
16/03/2009,9.21,9.26,8.84,8.89,15558270
17/03/2009,8.93,9.24,8.82,9.24,17169140
18/03/2009,9.23,9.59,9.17,9.51,21922236
19/03/2009,9.62,9.63,9.3,9.4,23332800
20/03/2009,9.41,9.55,8.95,9.07,26126742
23/03/2009,9.24,9.66,9.24,9.64,14122000
24/03/2009,9.53,9.58,9.32,9.39,13608146
25/03/2009,9.4,9.75,9.2,9.41,23652296
26/03/2009,9.57,9.91,9.55,9.91,22104892
27/03/2009,9.8,9.87,9.64,9.69,11070366
30/03/2009,9.53,9.53,9.19,9.26,11715850
31/03/2009,9.4,9.55,9.31,9.35,12177887
01/04/2009,9.19,9.42,9.13,9.37,14740091
02/04/2009,9.59,9.93,9.52,9.75,12798310
03/04/2009,9.79,10,9.6,10,17535210
06/04/2009,9.84,9.86,9.63,9.8,14075100
07/04/2009,9.62,9.74,9.42,9.49,15064900
08/04/2009,9.55,9.7,9.42,9.62,13857850
09/04/2009,9.87,10.09,9.79,10.06,17367344
13/04/2009,9.98,10.07,9.77,10.03,12028865
14/04/2009,9.94,10.25,9.9,10.07,19278750
15/04/2009,9.82,9.89,9.66,9.86,21587900
16/04/2009,10.03,10.26,9.89,10.24,14989950
17/04/2009,10.15,10.27,10.02,10.22,14396760
20/04/2009,10.06,10.06,9.68,9.74,22390484
21/04/2009,9.72,9.97,9.54,9.76,29767380
22/04/2009,9.63,10.36,9.57,10.07,24881936
23/04/2009,10.15,10.15,9.65,9.99,20888000
24/04/2009,10.03,10.18,9.79,10.13,17647544
27/04/2009,9.95,10.18,9.88,9.94,10093900
28/04/2009,9.87,9.97,9.72,9.82,13759035
29/04/2009,9.87,10.11,9.77,9.95,11156400
30/04/2009,10.09,10.51,10.03,10.24,15961811
01/05/2009,10.23,10.31,10.02,10.2,8993700
04/05/2009,10.39,10.7,10.34,10.69,13495770
05/05/2009,10.68,10.69,10.32,10.48,16426700
06/05/2009,10.6,10.66,10.33,10.58,19177600
07/05/2009,10.71,10.72,9.93,10.07,25023324
08/05/2009,10.15,10.18,9.7,9.87,30420800
11/05/2009,9.73,10.06,9.63,9.9,18894664
12/05/2009,9.99,9.99,9.51,9.7,23427000
13/05/2009,9.61,9.72,9.45,9.53,17696200
14/05/2009,9.6,9.86,9.57,9.77,14229620
15/05/2009,9.77,9.82,9.56,9.59,18979000
18/05/2009,9.74,9.88,9.65,9.85,12365771
19/05/2009,9.84,10.16,9.74,10.03,12973350
20/05/2009,10.2,10.47,10.11,10.15,17302624
21/05/2009,10.03,10.11,9.76,9.9,13787502
22/05/2009,9.99,10.06,9.79,9.99,6994430
26/05/2009,9.82,10.29,9.82,10.25,14714352
27/05/2009,10.22,10.57,10.18,10.32,12397450
28/05/2009,10.38,10.57,10.13,10.55,21912150
29/05/2009,10.56,10.57,10.27,10.55,18987450
01/06/2009,10.71,11.15,10.7,11.09,21628152
02/06/2009,10.98,11.04,10.71,10.74,18913330
03/06/2009,10.55,10.68,10.5,10.68,16014150
04/06/2009,10.73,10.89,10.62,10.81,8574100
05/06/2009,10.88,10.9,10.49,10.56,12920800
08/06/2009,10.56,10.69,10.41,10.6,8144642
09/06/2009,10.88,11.14,10.81,11.01,17197362
10/06/2009,11.1,11.11,10.8,11,17378900
11/06/2009,11.03,11.14,10.9,11,16673886
12/06/2009,10.94,10.94,10.65,10.82,13048700
15/06/2009,10.73,10.79,10.5,10.73,16305250
16/06/2009,10.76,10.79,10.49,10.52,10433290
17/06/2009,10.59,10.83,10.45,10.74,19270450
18/06/2009,10.72,10.76,10.52,10.53,12145400
19/06/2009,10.64,10.74,10.59,10.7,11739600
22/06/2009,10.66,10.74,10.34,10.38,14745660
23/06/2009,10.35,10.4,10.16,10.3,13972750
24/06/2009,10.37,10.62,10.37,10.51,8684430
25/06/2009,10.44,10.7,10.4,10.66,8931418
26/06/2009,10.61,10.83,10.59,10.68,10093135
29/06/2009,10.73,10.81,10.63,10.69,6831400
30/06/2009,10.73,10.87,10.57,10.73,6965580
01/07/2009,10.79,11.07,10.75,10.88,11845320
02/07/2009,10.76,10.85,10.69,10.79,7806355
03/07/2009,10.76,10.85,10.69,10.79,7806355
06/07/2009,10.74,10.88,10.54,10.72,11870200
07/07/2009,10.75,10.88,10.4,10.44,12824250
08/07/2009,10.46,10.48,10.14,10.27,16065300
09/07/2009,10.36,10.57,10.36,10.43,9597100
10/07/2009,10.42,10.6,10.34,10.49,10025406
13/07/2009,10.52,10.75,10.35,10.73,13350620
14/07/2009,10.76,10.92,10.73,10.92,13249200
15/07/2009,11.33,11.47,11.28,11.45,18003450
16/07/2009,11.33,11.73,11.32,11.7,13491650
17/07/2009,11.72,11.87,11.52,11.84,10751374
20/07/2009,11.94,11.99,11.78,11.99,11834310
21/07/2009,11.93,11.94,11.67,11.91,15248682
22/07/2009,11.91,12.25,11.89,12.19,15450450
23/07/2009,12.15,12.46,12.06,12.4,12763050
24/07/2009,12.19,12.4,12.08,12.4,9703000
27/07/2009,12.31,12.43,12.18,12.4,12209300
28/07/2009,12.35,12.51,12.22,12.51,11595980
29/07/2009,12.38,12.46,12.26,12.42,12190990
30/07/2009,12.58,12.78,12.41,12.41,21532450
31/07/2009,12.39,12.61,12.39,12.48,9961300
03/08/2009,12.62,12.7,12.46,12.64,8727510
04/08/2009,12.54,12.7,12.49,12.63,8104600
05/08/2009,12.63,12.71,12.41,12.51,9094167
06/08/2009,12.5,12.65,12.27,12.35,15224966
07/08/2009,12.49,12.52,12.21,12.32,14688154
10/08/2009,12.31,12.36,12.12,12.24,13333750
11/08/2009,12.21,12.3,12.06,12.12,8463680
12/08/2009,12.12,12.4,12.12,12.23,17493010
13/08/2009,12.39,12.56,12.25,12.51,8152400
14/08/2009,12.45,12.48,12.16,12.28,16318390
17/08/2009,12.05,12.09,11.92,11.98,10752890
18/08/2009,12,12.23,12,12.16,9152750
19/08/2009,12,12.3,11.99,12.28,8568760
20/08/2009,12.21,12.34,12.18,12.29,6183550
21/08/2009,12.37,12.54,12.21,12.52,12174400
24/08/2009,12.57,12.68,12.34,12.41,11867950
25/08/2009,12.43,12.56,12.33,12.46,11127673
26/08/2009,12.5,12.61,12.45,12.59,9208732
27/08/2009,12.58,12.61,12.37,12.6,9279100
28/08/2009,12.93,13.09,12.74,12.85,15453004
31/08/2009,12.72,12.77,12.6,12.73,6780900
01/09/2009,12.69,12.96,12.39,12.42,15523592
02/09/2009,12.35,12.53,12.3,12.36,6217750
03/09/2009,12.41,12.49,12.3,12.47,8139100
04/09/2009,12.52,12.77,12.5,12.75,7171900
08/09/2009,12.91,12.98,12.74,12.96,9708600
09/09/2009,12.95,13.12,12.84,13.07,10795450
10/09/2009,13.07,13.16,12.98,13.08,12197090
11/09/2009,13.1,13.12,12.8,12.88,13466550
14/09/2009,12.74,12.91,12.74,12.87,8019700
15/09/2009,12.99,13.04,12.87,12.95,9822000
16/09/2009,13.01,13.03,12.81,12.9,13452900
17/09/2009,12.82,12.92,12.58,12.66,19260910
18/09/2009,12.7,12.86,12.64,12.79,10011050
21/09/2009,12.72,12.82,12.65,12.73,8333365
22/09/2009,12.8,12.91,12.68,12.83,11176350
23/09/2009,12.94,13.22,12.94,12.97,16976550
24/09/2009,13.06,13.06,12.62,12.73,16029100
25/09/2009,12.63,12.8,12.57,12.7,10977450
28/09/2009,12.76,13.06,12.75,12.95,6155814
29/09/2009,12.98,13.05,12.73,12.76,10690900
30/09/2009,12.85,12.99,12.63,12.81,17869252
01/10/2009,12.81,12.86,12.28,12.3,26497436
02/10/2009,12.23,12.39,12.16,12.21,21033156
05/10/2009,12.28,12.42,12.18,12.35,9860830
06/10/2009,12.46,12.72,12.46,12.63,14492412
07/10/2009,12.6,12.67,12.5,12.6,11370865
08/10/2009,12.61,12.65,12.37,12.55,20832900
09/10/2009,12.49,12.98,12.49,12.95,27787300
12/10/2009,13,13.32,13,13.14,20326430
13/10/2009,13.16,13.25,13.07,13.1,19508800
14/10/2009,13.45,13.46,13.14,13.29,24587060
15/10/2009,13.24,13.24,13.05,13.09,13144426
16/10/2009,12.94,13.01,12.71,12.83,20007924
19/10/2009,12.91,13.1,12.82,13.05,14480850
20/10/2009,13.18,13.22,12.95,12.98,16311800
21/10/2009,13,13.14,12.67,12.73,18759800
22/10/2009,12.75,12.99,12.59,12.96,16178224
23/10/2009,13.04,13.04,12.61,12.63,18053200
26/10/2009,12.64,12.9,12.55,12.69,18054300
27/10/2009,12.75,12.9,12.49,12.5,17540750
28/10/2009,12.46,12.62,12.17,12.17,19989700
29/10/2009,12.27,12.47,12.27,12.42,11098100
30/10/2009,12.45,12.46,12.03,12.1,16961412
02/11/2009,12.09,12.22,11.94,12.09,14077182
03/11/2009,11.89,11.97,11.77,11.95,20899500
04/11/2009,12.09,12.21,11.98,12,18224194
05/11/2009,12.17,12.39,12.09,12.29,16459500
06/11/2009,12.24,12.46,12.19,12.26,11886550
09/11/2009,12.41,12.68,12.37,12.64,12628500
10/11/2009,12.65,12.82,12.61,12.74,12178998
11/11/2009,12.85,13.04,12.82,12.9,21895700
12/11/2009,12.87,13.09,12.79,12.79,10084200
13/11/2009,12.83,12.96,12.74,12.85,9248790
16/11/2009,12.95,13.19,12.94,13.17,9608100
17/11/2009,13.12,13.18,12.99,13.16,8050100
18/11/2009,13.12,13.15,12.97,13.04,9060600
19/11/2009,12.74,12.75,12.47,12.6,21806450
20/11/2009,12.49,12.58,12.45,12.54,10139500
23/11/2009,12.68,12.79,12.63,12.68,7807693
24/11/2009,12.73,12.84,12.69,12.76,11672280
25/11/2009,12.8,12.87,12.78,12.83,6246300
27/11/2009,12.47,12.77,12.44,12.7,5496469
30/11/2009,12.71,12.75,12.56,12.73,13184358
01/12/2009,12.88,13.13,12.72,13.1,11819376
02/12/2009,13.13,13.31,13.08,13.2,13242758
03/12/2009,13.28,13.49,13.23,13.38,11942300
04/12/2009,13.54,13.7,13.34,13.57,15486649
07/12/2009,13.54,13.7,13.49,13.56,11037000
08/12/2009,13.54,13.58,13.37,13.47,10398800
09/12/2009,13.42,13.54,13.32,13.52,13379528
10/12/2009,13.55,13.63,13.47,13.48,11384131
11/12/2009,13.5,13.56,13.31,13.38,12619400
14/12/2009,13.51,13.56,13.39,13.56,15822381
15/12/2009,13.49,13.61,13.39,13.43,11086725
16/12/2009,13.45,13.67,13.4,13.52,10814200
17/12/2009,13.41,13.49,13.28,13.29,12524200
18/12/2009,13.36,13.55,13.31,13.54,15065000
21/12/2009,13.61,13.84,13.61,13.81,10308300
22/12/2009,13.86,13.93,13.81,13.84,4061063
23/12/2009,13.85,13.91,13.78,13.83,9317430
24/12/2009,13.87,14.04,13.87,14.04,3765237
28/12/2009,14.07,14.07,13.81,13.9,9676400
29/12/2009,13.93,13.93,13.77,13.84,7829098
30/12/2009,13.81,14.08,13.81,14.08,4221553
31/12/2009,14.1,14.17,13.96,13.96,5483500
04/01/2010,14.18,14.33,14.15,14.21,9452624
05/01/2010,14.23,14.27,14.04,14.13,14578891
06/01/2010,14.11,14.23,14.04,14.09,10664500
07/01/2010,14.05,14.08,13.88,13.98,14338895
08/01/2010,13.97,14.28,13.94,14.26,20879700
11/01/2010,14.3,14.36,14.05,14.21,15761665
12/01/2010,14.07,14.09,13.61,13.71,18657400
13/01/2010,13.81,13.93,13.55,13.88,16446800
14/01/2010,13.9,13.91,13.72,13.9,26026800
15/01/2010,13.84,13.86,13.46,13.47,22321900
19/01/2010,13.51,13.7,13.5,13.66,15190200
20/01/2010,13.58,13.6,13.4,13.59,21539396
21/01/2010,13.61,13.79,13.4,13.51,24179408
22/01/2010,13.39,13.41,12.77,12.84,36502172
25/01/2010,12.92,13.1,12.91,13.01,20084500
26/01/2010,12.95,13.12,12.89,12.9,14647400
27/01/2010,12.93,13.14,12.85,13.09,22986500
28/01/2010,13.08,13.11,12.55,12.77,30266178
29/01/2010,12.84,12.93,12.27,12.38,27939000
01/02/2010,12.44,12.7,12.43,12.65,13375360
02/02/2010,12.72,12.86,12.64,12.8,14726289
03/02/2010,12.71,12.81,12.62,12.75,13463175
04/02/2010,12.63,12.64,12.22,12.26,23939956
05/02/2010,12.28,12.58,12.21,12.56,29409038
08/02/2010,12.54,12.75,12.4,12.51,18988900
09/02/2010,12.71,12.81,12.56,12.64,13940150
10/02/2010,12.59,12.75,12.52,12.67,12188450
11/02/2010,12.65,13,12.58,12.9,15788800
12/02/2010,12.82,13.18,12.69,13.03,20579800
16/02/2010,13.2,13.39,13.03,13.32,26924300
17/02/2010,13.4,13.45,13.18,13.33,17873364
18/02/2010,13.28,13.42,13.19,13.41,19747948
19/02/2010,13.34,13.51,13.26,13.42,11216900
22/02/2010,13.49,13.5,13.29,13.38,10737550
23/02/2010,13.3,13.35,12.97,13.06,17941000
24/02/2010,13.13,13.4,13.09,13.29,15411200
25/02/2010,13.06,13.28,12.96,13.27,14255600
26/02/2010,13.32,13.32,13.09,13.19,13504400
01/03/2010,13.32,13.53,13.3,13.51,11303276
02/03/2010,13.57,13.65,13.36,13.44,12153700
03/03/2010,13.45,13.55,13.31,13.35,9888900
04/03/2010,13.34,13.41,13.17,13.37,18609900
05/03/2010,13.44,13.57,13.33,13.52,14971895
08/03/2010,13.53,13.58,13.47,13.47,5706140
09/03/2010,13.38,13.54,13.31,13.4,20419536
10/03/2010,13.45,13.73,13.43,13.68,14252700
11/03/2010,13.61,13.65,13.42,13.55,16786940
12/03/2010,13.6,13.62,13.48,13.51,11859070
15/03/2010,13.47,13.49,13.33,13.42,5920450
16/03/2010,13.46,13.87,13.46,13.83,22498670
17/03/2010,13.85,14.07,13.85,14.03,18109000
18/03/2010,14,14.27,13.83,13.93,12856954
19/03/2010,13.95,13.96,13.65,13.75,14200354
22/03/2010,13.67,14.04,13.65,14,11130900
23/03/2010,14.05,14.32,14.04,14.31,15927959
24/03/2010,14.23,14.23,13.93,13.98,16779114
25/03/2010,14.13,14.19,13.94,13.96,11756100
26/03/2010,13.99,14.09,13.78,13.9,10821157
29/03/2010,14,14.07,13.95,13.98,3894200
30/03/2010,14.02,14.1,13.88,14.02,6438475
31/03/2010,13.99,14.12,13.92,13.94,10825500
01/04/2010,14.06,14.24,13.84,13.96,11695742
05/04/2010,14.03,14.31,14,14.29,7786218
06/04/2010,14.23,14.24,14.1,14.18,6718184
07/04/2010,14.13,14.36,14.06,14.25,15959860
08/04/2010,14.14,14.16,13.97,14.04,12007800
09/04/2010,14.12,14.2,14.03,14.19,6244087
12/04/2010,14.21,14.48,14.21,14.38,12753438
13/04/2010,14.38,14.51,14.31,14.49,14919720
14/04/2010,14.86,15.13,14.47,15.08,22911916
15/04/2010,15.12,15.27,15.06,15.23,14464995
16/04/2010,15.12,15.14,14.87,15.02,17626850
19/04/2010,14.98,15.07,14.65,14.96,24441950
20/04/2010,15.05,15.15,14.93,15.12,9082900
21/04/2010,15.19,15.24,14.74,14.92,15758750
22/04/2010,14.78,15.15,14.56,15.12,25349440
23/04/2010,15.12,15.19,14.92,15.17,8667500
26/04/2010,15.21,15.34,15.13,15.2,11032900
27/04/2010,15.09,15.17,14.72,14.74,14303250
28/04/2010,14.83,14.93,14.56,14.81,11735380
29/04/2010,14.83,15.03,14.77,15.03,15674700
30/04/2010,14.98,14.99,14.46,14.5,19925700
03/05/2010,14.61,14.89,14.56,14.8,11870558
04/05/2010,14.59,14.59,14.1,14.28,20023150
05/05/2010,14.1,14.33,13.89,14.18,18359600
06/05/2010,14.12,14.29,12.78,13.7,23618832
07/05/2010,13.59,13.79,13.01,13.5,29054400
10/05/2010,14.16,14.23,13.96,14.2,18604590
11/05/2010,14,14.39,13.9,14.11,23601700
12/05/2010,14.24,14.52,14.17,14.52,14469098
13/05/2010,14.4,14.5,14.03,14.08,16279053
14/05/2010,13.94,13.95,13.49,13.73,26726044
17/05/2010,13.69,13.99,13.52,13.96,24219234
18/05/2010,14.08,14.11,13.49,13.58,28397600
19/05/2010,13.57,13.8,13.35,13.69,27246600
20/05/2010,13.33,13.59,13.09,13.34,39276776
21/05/2010,13.02,13.67,13,13.47,24219200
24/05/2010,13.47,13.54,13.27,13.27,16653100
25/05/2010,12.95,13.42,12.82,13.42,19885398
26/05/2010,13.53,13.73,13.29,13.33,18159600
27/05/2010,13.6,13.95,13.6,13.94,24252300
28/05/2010,13.94,13.94,13.56,13.71,21015300
01/06/2010,13.64,13.88,13.47,13.48,25597016
02/06/2010,13.59,13.88,13.47,13.88,21005600
03/06/2010,13.97,14.09,13.81,14.06,18320000
04/06/2010,13.75,13.95,13.41,13.49,16943800
07/06/2010,13.57,13.63,13.03,13.06,15816890
08/06/2010,13.1,13.12,12.72,13.1,32178564
09/06/2010,13.25,13.43,12.92,12.97,20826110
10/06/2010,13.21,13.44,13.16,13.41,18757300
11/06/2010,13.26,13.58,13.25,13.54,13086400
14/06/2010,13.7,13.84,13.58,13.6,12994231
15/06/2010,13.73,14.27,13.65,14.23,20635200
16/06/2010,14.14,14.34,14.01,14.27,18636400
17/06/2010,14.36,14.38,14.05,14.28,11558900
18/06/2010,14.27,14.37,14.16,14.23,9793282
21/06/2010,14.43,14.45,14.03,14.1,11601920
22/06/2010,14.19,14.32,13.86,13.91,14581652
23/06/2010,13.91,14.11,13.73,13.94,19879300
24/06/2010,13.87,13.89,13.55,13.62,14838800
25/06/2010,13.67,13.68,13.36,13.59,13882665
28/06/2010,13.6,13.81,13.52,13.69,12291550
29/06/2010,13.43,13.43,13.1,13.18,18770500
30/06/2010,13.17,13.34,12.92,12.96,11466700
01/07/2010,12.94,13.08,12.61,12.91,25703828
02/07/2010,12.94,12.99,12.64,12.84,15993800
06/07/2010,13.09,13.16,12.76,12.89,11303250
07/07/2010,12.91,13.53,12.87,13.51,17552828
08/07/2010,13.63,13.63,13.27,13.48,14764700
09/07/2010,13.48,13.65,13.42,13.65,5440200
12/07/2010,13.64,13.84,13.62,13.8,11977950
13/07/2010,14,14.18,13.91,14.1,13280650
14/07/2010,14.37,14.45,13.97,14.05,16784864
15/07/2010,14.03,14.13,13.81,14.06,12744652
16/07/2010,13.99,14.05,13.7,13.73,11084450
19/07/2010,13.78,14.1,13.78,14.08,14842000
20/07/2010,13.64,14.03,13.55,14,16974576
21/07/2010,14.08,14.08,13.71,13.74,18636500
22/07/2010,13.87,14.26,13.85,14.17,18673150
23/07/2010,14.1,14.25,13.97,14.22,17868600
26/07/2010,14.24,14.35,14.05,14.34,12218400
27/07/2010,14.4,14.42,14.22,14.28,16818108
28/07/2010,14.21,14.35,14.01,14.04,18219400
29/07/2010,14.13,14.18,13.65,13.82,23486100
30/07/2010,13.7,13.78,13.48,13.7,21550850
02/08/2010,13.82,14.02,13.7,13.94,9108962
03/08/2010,13.85,13.87,13.67,13.75,14219420
04/08/2010,13.78,13.88,13.63,13.87,14270238
05/08/2010,13.83,14.01,13.8,13.89,15091481
06/08/2010,13.73,13.97,13.71,13.88,17525800
09/08/2010,13.92,14,13.78,13.94,7172910
10/08/2010,13.71,13.73,13.47,13.6,24227050
11/08/2010,13.37,13.38,13.12,13.26,19063140
12/08/2010,12.94,13.1,12.81,13.02,21050444
13/08/2010,12.99,13.12,12.85,12.85,6862100
16/08/2010,12.84,13.06,12.74,12.98,8052100
17/08/2010,13.12,13.26,13.05,13.13,8640720
18/08/2010,13.13,13.38,13.07,13.27,8508311
19/08/2010,13.16,13.27,12.97,13.01,10016000
20/08/2010,12.98,13.13,12.9,12.99,12573817
23/08/2010,13.06,13.1,12.85,12.87,7660750
24/08/2010,12.72,12.83,12.58,12.67,13587392
25/08/2010,12.56,12.78,12.45,12.73,14392550
26/08/2010,12.77,12.8,12.43,12.48,12041800
27/08/2010,12.55,12.72,12.19,12.66,24743050
30/08/2010,12.58,12.58,12.31,12.32,12131150
31/08/2010,12.26,12.39,12.07,12.14,15581400
01/09/2010,12.31,12.64,12.31,12.51,17066068
02/09/2010,12.55,12.75,12.51,12.73,8404623
03/09/2010,12.88,13.02,12.71,12.93,12106892
07/09/2010,12.87,12.87,12.59,12.66,10032573
08/09/2010,12.66,12.66,12.46,12.63,17468562
09/09/2010,12.78,12.82,12.66,12.71,10755314
10/09/2010,12.63,12.71,12.36,12.55,12951308
13/09/2010,12.68,12.96,12.68,12.95,13114909
14/09/2010,12.9,13.23,12.8,13.14,16548100
15/09/2010,13.1,13.14,12.94,13.11,14005816
16/09/2010,13.08,13.28,13.02,13.28,14125381
17/09/2010,13.36,13.39,13.2,13.32,16970390
20/09/2010,13.34,13.4,13.18,13.38,17108200
21/09/2010,13.39,13.46,13.29,13.36,15294987
22/09/2010,13.25,13.37,13.09,13.15,16080887
23/09/2010,13.04,13.47,12.96,13.27,23292284
24/09/2010,13.43,13.79,13.43,13.77,13937900
27/09/2010,13.75,13.8,13.64,13.67,7379523
28/09/2010,13.69,13.95,13.56,13.93,20232860
29/09/2010,13.87,14.01,13.82,13.88,12881108
30/09/2010,13.98,14.08,13.71,13.86,18908064
01/10/2010,13.96,14.02,13.69,13.86,12678961
04/10/2010,13.79,13.87,13.55,13.69,10354400
05/10/2010,13.8,14.11,13.8,14.05,10772284
06/10/2010,14.01,14.07,13.79,13.89,8191000
07/10/2010,14,14.04,13.84,14.01,11175086
08/10/2010,13.96,14.2,13.8,14.17,20031770
11/10/2010,14.18,14.36,14.15,14.25,10902679
12/10/2010,14.21,14.4,14.11,14.34,15493333
13/10/2010,14.3,14.31,14.11,14.14,17027830
14/10/2010,14.15,14.25,14.04,14.1,11229686
15/10/2010,14.21,14.25,14.03,14.23,13733796
18/10/2010,14.17,14.21,13.97,14.14,9224950
19/10/2010,13.95,14.21,13.78,13.97,16709282
20/10/2010,14,14.17,13.95,14.1,10696970
21/10/2010,14.15,14.15,13.93,14.07,8870300
22/10/2010,14.09,14.28,14.07,14.25,6551900
25/10/2010,14.33,14.47,14.33,14.37,7870481
26/10/2010,14.27,14.38,14.16,14.34,9973211
27/10/2010,14.32,14.68,14.27,14.66,11576380
28/10/2010,14.62,14.72,14.5,14.69,16197100
29/10/2010,14.64,14.89,14.64,14.76,9814945
01/11/2010,14.85,14.92,14.68,14.79,11357800
02/11/2010,14.9,14.94,14.81,14.85,8576010
03/11/2010,14.85,15,14.75,15,12092112
04/11/2010,15.12,15.4,15.09,15.37,9211517
05/11/2010,15.41,15.6,15.37,15.6,8238735
08/11/2010,15.54,15.67,15.52,15.58,7429800
09/11/2010,15.61,15.63,15.38,15.44,9634650
10/11/2010,15.44,15.46,15.25,15.44,11142911
11/11/2010,14.99,15.27,14.87,15.27,16687052
12/11/2010,15.29,15.49,15.13,15.26,18822428
15/11/2010,15.29,15.38,15.15,15.16,5833800
16/11/2010,15.05,15.19,14.91,15,14185965
17/11/2010,14.99,15.17,14.92,15.05,7650100
18/11/2010,15.15,15.31,15.13,15.28,9320820
19/11/2010,15.24,15.44,15.24,15.42,4806530
22/11/2010,15.35,15.64,15.34,15.61,9229800
23/11/2010,15.45,15.57,15.41,15.51,8692136
24/11/2010,15.63,15.9,15.61,15.84,4350016
26/11/2010,15.76,15.85,15.71,15.75,1651800
29/11/2010,15.63,15.77,15.57,15.72,6358608
30/11/2010,15.55,15.61,15.45,15.53,11355930
01/12/2010,15.81,16.04,15.8,15.94,11002415
02/12/2010,16,16.25,15.96,16.22,10276494
03/12/2010,16.16,16.35,16.15,16.33,4462790
06/12/2010,16.33,16.36,16.18,16.31,4636850
07/12/2010,16.44,16.52,16.33,16.33,9068615
08/12/2010,16.33,16.52,16.31,16.49,8603508
09/12/2010,16.63,16.63,16.49,16.5,7789617
10/12/2010,16.5,16.55,16.42,16.43,7034715
13/12/2010,16.52,16.52,16.29,16.29,6016203
14/12/2010,16.29,16.37,16.23,16.3,5645050
15/12/2010,16.24,16.3,16.11,16.17,7425100
16/12/2010,16.2,16.26,16.1,16.26,3488700
17/12/2010,16.26,16.38,16.24,16.33,2706305
20/12/2010,16.35,16.36,16.18,16.19,4791300
21/12/2010,16.28,16.35,16.27,16.33,2749943
22/12/2010,16.16,16.28,16.1,16.26,5001290
23/12/2010,16.25,16.3,16.2,16.25,2499400
27/12/2010,16.17,16.31,16.07,16.31,3093200
28/12/2010,16.29,16.33,16.17,16.22,2425610
29/12/2010,16.27,16.31,16.2,16.29,4220150
30/12/2010,16.27,16.36,16.23,16.3,2851050
31/12/2010,16.29,16.34,16.2,16.27,2334775
03/01/2011,16.33,16.5,16.22,16.34,5409350
04/01/2011,16.41,16.45,16.24,16.36,4831400
05/01/2011,16.28,16.39,16.14,16.33,4875654
06/01/2011,16.31,16.47,16.29,16.45,4260100
07/01/2011,16.5,16.54,16.2,16.41,5429500
10/01/2011,16.36,16.5,16.28,16.46,4429000
11/01/2011,16.52,16.61,16.47,16.59,5470740
12/01/2011,16.68,16.77,16.59,16.76,2826864
13/01/2011,16.75,16.8,16.67,16.77,5035751
14/01/2011,16.86,17.21,16.81,17.2,10068900
18/01/2011,17.19,17.32,17.17,17.3,4532685
19/01/2011,17.17,17.27,17.02,17.07,7424135
20/01/2011,16.97,17.01,16.68,16.93,7591700
21/01/2011,17.08,17.08,16.84,16.87,6205988
24/01/2011,16.95,17.23,16.89,17.22,4636085
25/01/2011,17.16,17.22,16.99,17.13,6521800
26/01/2011,17.2,17.27,17.05,17.23,6385825
27/01/2011,17.29,17.64,17.27,17.57,13342092
28/01/2011,17.65,17.66,17.09,17.2,10711700
31/01/2011,17.24,17.31,16.96,17.2,8340000
01/02/2011,17.33,17.69,17.33,17.64,9291863
02/02/2011,17.57,17.79,17.57,17.68,6985960
03/02/2011,17.65,17.68,17.48,17.62,3351170
04/02/2011,17.66,17.92,17.61,17.91,7554550
07/02/2011,17.97,18.09,17.79,17.84,7101425
08/02/2011,17.9,17.9,17.68,17.83,6616897
09/02/2011,17.82,17.88,17.73,17.79,5702900
10/02/2011,17.65,17.91,17.56,17.88,6197550
11/02/2011,17.84,18.06,17.75,18,4279216
14/02/2011,18.02,18.2,18.01,18.1,4824765
15/02/2011,18.08,18.08,17.87,18.01,7511830
16/02/2011,18.06,18.2,18.03,18.15,9223861
17/02/2011,18.1,18.34,18.08,18.3,4892374
18/02/2011,18.34,18.34,18.21,18.28,4419466
22/02/2011,18.05,18.12,17.71,17.75,7409100
23/02/2011,17.72,17.74,17.23,17.49,12163520
24/02/2011,17.53,17.7,17.36,17.63,9977220
25/02/2011,17.79,18.02,17.75,18.01,5700845
28/02/2011,18.07,18.13,17.68,17.89,16101066
01/03/2011,17.96,18.04,17.58,17.6,13867860
02/03/2011,17.68,18.15,17.65,17.98,15477780
03/03/2011,18.11,18.39,18.11,18.35,8268068
04/03/2011,18.32,18.38,18.08,18.21,6225400
07/03/2011,18.21,18.25,17.5,17.7,19337164
08/03/2011,17.7,17.83,17.51,17.72,9857618
09/03/2011,17.53,17.57,17.11,17.19,20179082
10/03/2011,16.93,17.08,16.77,16.87,26151118
11/03/2011,16.77,17.09,16.76,16.98,17708700
14/03/2011,16.92,17.11,16.82,16.95,17605800
15/03/2011,16.38,16.79,16.25,16.68,18003938
16/03/2011,16.56,16.83,16.16,16.27,23561824
17/03/2011,16.52,16.68,16.42,16.49,14152900
18/03/2011,16.7,16.7,16.44,16.52,11758885
21/03/2011,16.67,16.98,16.65,16.85,6588105
22/03/2011,16.82,16.92,16.71,16.76,8746300
23/03/2011,16.7,17.01,16.65,16.96,10901136
24/03/2011,17.14,17.33,17.04,17.27,11338600
25/03/2011,17.29,17.47,17.25,17.29,9113920
28/03/2011,17.3,17.45,17.21,17.24,8263450
29/03/2011,17.21,17.42,17.04,17.37,7606720
30/03/2011,17.5,17.55,17.25,17.38,9443800
31/03/2011,17.34,17.44,17.18,17.3,10157000
01/04/2011,17.45,17.47,16.96,17.04,13012080
04/04/2011,17.11,17.11,16.77,16.91,12622840
05/04/2011,17.24,17.51,17.2,17.31,19856192
06/04/2011,17.47,17.57,17.39,17.53,10959746
07/04/2011,17.52,17.57,17.3,17.51,11858375
08/04/2011,17.57,17.63,17.34,17.44,6351049
11/04/2011,17.45,17.47,17.24,17.32,9020162
12/04/2011,17.15,17.18,16.88,16.98,10429803
13/04/2011,17.08,17.13,16.92,17.02,11162043
14/04/2011,16.92,17.05,16.82,17.04,8710161
15/04/2011,17.03,17.21,16.91,17.18,8948600
18/04/2011,17.03,17.03,16.83,16.95,8994446
19/04/2011,16.94,17.09,16.9,17.02,9620700
20/04/2011,17.55,17.84,17.55,17.83,21010488
21/04/2011,17.89,17.94,17.75,17.89,7352126
25/04/2011,17.92,17.99,17.84,17.95,5570580
26/04/2011,17.95,18.29,17.93,18.26,8402258
27/04/2011,18.2,18.41,18.18,18.38,13130313
28/04/2011,18.25,18.39,18.16,18.3,10118035
29/04/2011,18.3,18.39,18.24,18.35,3413650
02/05/2011,18.34,18.36,18.09,18.15,8672896
03/05/2011,18.14,18.14,17.91,18.06,7512800
04/05/2011,18.12,18.25,17.84,18.12,13378430
05/05/2011,18.02,18.4,17.99,18.19,14398730
06/05/2011,18.36,18.5,18.18,18.27,14672630
09/05/2011,18.23,18.28,18.07,18.17,6021900
10/05/2011,18.27,18.33,18.2,18.26,7242460
11/05/2011,18.25,18.41,18.05,18.19,9980250
12/05/2011,18.05,18.49,18.02,18.38,11887317
13/05/2011,18.36,18.47,18.22,18.24,8044441
16/05/2011,18.16,18.43,18.04,18.07,10868117
17/05/2011,17.96,17.96,17.62,17.83,13381368
18/05/2011,17.92,18.27,17.91,18.22,9421010
19/05/2011,18.07,18.22,17.86,18.07,12520911
20/05/2011,18.01,18.08,17.86,17.95,7627400
23/05/2011,17.72,17.74,17.57,17.6,10454137
24/05/2011,17.67,17.68,17.45,17.47,8772288
25/05/2011,17.36,17.65,17.34,17.58,9220841
26/05/2011,17.54,17.65,17.44,17.61,5910700
27/05/2011,17.63,17.74,17.61,17.67,5409073
31/05/2011,17.84,17.95,17.8,17.95,5590800
01/06/2011,17.86,17.9,17.36,17.39,10223683
02/06/2011,17.43,17.59,17.34,17.44,8253004
03/06/2011,17.24,17.36,17.05,17.08,8355848
06/06/2011,17.05,17.16,17.01,17.02,8557945
07/06/2011,17.17,17.31,17.11,17.14,6797395
08/06/2011,17.07,17.07,16.74,16.77,8827180
09/06/2011,16.82,16.96,16.71,16.83,5767425
10/06/2011,16.76,16.79,16.42,16.56,9917400
13/06/2011,16.62,16.67,16.35,16.43,6919800
14/06/2011,16.61,16.8,16.58,16.72,8054800
15/06/2011,16.54,16.71,16.4,16.42,10704894
16/06/2011,16.42,16.48,16.15,16.26,10116292
17/06/2011,16.43,16.45,16.08,16.16,16761800
20/06/2011,16.14,16.29,16.09,16.22,7179553
21/06/2011,16.32,16.61,16.18,16.57,9743947
22/06/2011,16.48,16.61,16.43,16.47,6997057
23/06/2011,16.24,16.73,16.18,16.7,19298700
24/06/2011,16.64,16.64,16.3,16.33,7995012
27/06/2011,16.3,16.58,16.19,16.5,7677713
28/06/2011,16.54,16.65,16.44,16.63,12425855
29/06/2011,16.68,16.73,16.52,16.6,15272900
30/06/2011,16.61,17.1,16.61,17.04,13664536
01/07/2011,17.05,17.42,16.9,17.39,10899752
05/07/2011,17.37,17.43,17.14,17.2,10143575
06/07/2011,17.16,17.27,17.03,17.19,9321600
07/07/2011,17.35,17.68,17.32,17.59,11422974
08/07/2011,17.38,17.41,17.14,17.33,11088835
11/07/2011,17.11,17.4,17.01,17.08,8299812
12/07/2011,16.82,16.82,16.43,16.55,20165998
13/07/2011,16.63,16.69,16.36,16.44,10181585
14/07/2011,16.48,16.65,16.18,16.23,16867346
15/07/2011,16.3,16.34,16.1,16.29,10721018
18/07/2011,16.2,16.32,16.02,16.15,7020516
19/07/2011,16.29,16.65,16.29,16.61,11873246
20/07/2011,16.63,16.66,16.4,16.49,9922331
21/07/2011,16.35,16.66,16.19,16.61,10874771
22/07/2011,16.67,16.97,16.63,16.9,10428048
25/07/2011,16.75,16.86,16.63,16.73,8665664
26/07/2011,16.82,17,16.76,16.79,11671000
27/07/2011,16.57,16.57,16.14,16.24,22602136
28/07/2011,16.18,16.45,16.06,16.15,12717100
29/07/2011,15.99,16.25,15.91,16.03,10773383
01/08/2011,16.23,16.29,15.81,16.04,11212763
02/08/2011,15.87,15.96,15.57,15.59,13778409
03/08/2011,15.53,15.79,15.32,15.74,13315873
04/08/2011,15.48,15.59,14.89,14.89,16156455
05/08/2011,15.06,15.18,14.32,14.7,20553396
08/08/2011,14.28,14.59,14.07,14.14,20271270
09/08/2011,14.34,14.59,13.79,14.59,15841500
10/08/2011,14.3,14.66,14.05,14.24,18603300
11/08/2011,14.41,14.97,14.3,14.78,18089440
12/08/2011,14.92,14.97,14.62,14.74,14149670
15/08/2011,14.83,14.99,14.77,14.97,6531750
16/08/2011,14.82,14.96,14.57,14.73,12376800
17/08/2011,14.67,14.99,14.53,14.68,13330735
18/08/2011,14.28,14.28,13.83,13.96,12048200
19/08/2011,13.84,14.18,13.65,13.68,10854930
22/08/2011,13.97,14.02,13.75,13.83,10281100
23/08/2011,13.85,14.38,13.81,14.37,10033245
24/08/2011,14.34,14.38,14.07,14.32,6857800
25/08/2011,14.24,14.36,13.93,13.95,11916300
26/08/2011,13.93,14.32,13.74,14.24,11773470
29/08/2011,14.41,14.69,14.34,14.69,5655974
30/08/2011,14.55,14.75,14.44,14.66,8245439
31/08/2011,14.73,14.83,14.48,14.58,13669200
01/09/2011,14.65,14.71,14.36,14.38,6844300
02/09/2011,14.13,14.2,13.98,14.04,6937600
06/09/2011,13.68,13.99,13.64,13.99,9047000
07/09/2011,14.26,14.44,14.21,14.42,9760100
08/09/2011,14.37,14.7,14.28,14.35,8737000
09/09/2011,14.22,14.57,14.18,14.26,14581570
12/09/2011,14.12,14.57,14.12,14.57,11338700
13/09/2011,14.64,14.88,14.56,14.82,12884272
14/09/2011,14.92,15.35,14.82,15.16,25125348
15/09/2011,15.36,15.43,15.18,15.38,15508525
16/09/2011,15.42,15.62,15.39,15.47,13151415
19/09/2011,15.26,15.43,15.13,15.36,12573034
20/09/2011,15.36,15.55,15.23,15.24,11728303
21/09/2011,15.28,15.4,14.93,14.96,17210140
22/09/2011,14.6,14.7,14.33,14.56,26357294
23/09/2011,14.45,14.95,14.41,14.86,17752424
26/09/2011,14.94,14.97,14.54,14.9,18568200
27/09/2011,15.15,15.45,15.06,15.21,10397400
28/09/2011,15.25,15.27,14.78,14.81,15316453
29/09/2011,14.95,15.05,14.43,14.69,11033700
30/09/2011,14.45,14.63,14.22,14.22,8778650
03/10/2011,14.22,14.38,13.83,13.84,10401297
04/10/2011,12.96,13.62,12.96,13.59,16683800
05/10/2011,13.63,14.07,13.46,14.01,12636935
06/10/2011,14,14.2,13.82,14.19,13509261
07/10/2011,14.19,14.48,14.09,14.3,11781671
10/10/2011,14.48,14.8,14.48,14.71,5965404
11/10/2011,14.62,14.79,14.61,14.71,6043104
12/10/2011,14.8,15.03,14.8,14.84,9281279
13/10/2011,14.74,15.24,14.71,15.16,13065242
14/10/2011,15.32,15.32,15.06,15.31,9548800
17/10/2011,15.21,15.26,14.93,15,7736997
18/10/2011,14.96,15.32,14.81,15.25,10092732
19/10/2011,15.26,15.39,15.08,15.12,9062970
20/10/2011,15.05,15.06,14.64,14.92,8844353
21/10/2011,15.12,15.55,15.12,15.33,11172629
24/10/2011,15.43,15.9,15.41,15.81,8753970
25/10/2011,15.66,15.91,15.56,15.66,7616222
26/10/2011,15.82,15.86,15.4,15.72,7157257
27/10/2011,16.11,16.37,16,16.2,7385458
28/10/2011,16.13,16.29,16.13,16.27,7523900
31/10/2011,16.06,16.13,15.86,15.87,3912400
01/11/2011,15.5,15.59,15.32,15.42,9029595
02/11/2011,15.53,15.59,15.29,15.41,7793900
03/11/2011,15.54,15.87,15.27,15.83,7107589
04/11/2011,15.73,16.03,15.68,15.96,8635000
07/11/2011,15.91,15.99,15.68,15.97,5126285
08/11/2011,16.07,16.17,15.84,16.08,8769298
09/11/2011,15.69,15.73,15.35,15.38,6535200
10/11/2011,15.58,15.63,15.3,15.52,4675942
11/11/2011,15.74,16.09,15.7,16.01,4907814
14/11/2011,15.96,16.11,15.74,15.85,5508707
15/11/2011,15.78,16.18,15.78,16.07,6400400
16/11/2011,15.89,16.31,15.89,15.97,13136503
17/11/2011,15.91,15.91,15.17,15.41,10648187
18/11/2011,15.4,15.44,15.17,15.24,4649200
21/11/2011,15.03,15.08,14.72,14.88,6208000
22/11/2011,14.79,14.91,14.54,14.66,7586070
23/11/2011,14.46,14.5,14.24,14.24,4754240
25/11/2011,14.17,14.41,14.13,14.13,1789150
28/11/2011,14.56,14.69,14.43,14.56,6338619
29/11/2011,14.57,14.77,14.49,14.53,5181900
30/11/2011,14.93,15.36,14.92,15.34,5827517
01/12/2011,15.24,15.43,15.17,15.4,5328403
02/12/2011,15.5,15.59,15.3,15.3,3976507
05/12/2011,15.53,15.66,15.39,15.53,6573150
06/12/2011,15.56,15.67,15.48,15.55,5255800
07/12/2011,15.5,15.74,15.37,15.68,8116409
08/12/2011,15.56,15.73,15.2,15.25,5122000
09/12/2011,14.98,15.46,14.91,15.44,9562400
12/12/2011,15.1,15.14,14.81,14.95,7368600
13/12/2011,15.01,15.1,14.62,14.69,7928100
14/12/2011,14.59,14.74,14.43,14.43,8148600
15/12/2011,14.72,14.78,14.48,14.56,2827300
16/12/2011,14.6,14.88,14.56,14.56,2847406
19/12/2011,14.59,14.8,14.34,14.45,1554750
20/12/2011,14.64,15.34,14.64,15.02,969752
21/12/2011,15.05,15.05,14.61,14.84,652409
22/12/2011,14.92,15.28,14.89,15.22,1265061
23/12/2011,15.28,15.33,15.14,15.33,310679
27/12/2011,15.31,15.44,15.26,15.33,456244
28/12/2011,15.29,15.34,15.12,15.14,537361
29/12/2011,15.19,15.32,15.14,15.28,481647
30/12/2011,15.26,15.36,15.21,15.22,632154
03/01/2012,15.52,15.66,15.37,15.43,721635
04/01/2012,15.34,15.47,15.26,15.44,1189102
05/01/2012,15.42,15.64,15.39,15.63,1412850
06/01/2012,15.57,15.65,15.47,15.61,1397733
12/01/2012,16.03,16.13,15.93,16.1,1288224
13/01/2012,15.97,15.97,15.77,15.8,1603995
17/01/2012,15.93,15.98,15.79,15.82,1458735
18/01/2012,16.09,16.49,16.08,16.45,3545299
19/01/2012,16.57,16.75,16.55,16.72,3282989
20/01/2012,16.77,16.84,16.66,16.84,1628194
23/01/2012,16.85,16.95,16.75,16.84,2091093
24/01/2012,16.79,16.95,16.77,16.9,1176839
25/01/2012,16.9,17,16.72,16.95,1582140
26/01/2012,16.99,17.18,16.79,16.86,1640521
27/01/2012,16.8,16.95,16.77,16.88,1657939
30/01/2012,16.76,16.82,16.59,16.77,1475649
31/01/2012,16.93,16.95,16.68,16.76,1292290
01/02/2012,16.91,17.15,16.9,17.04,1993168
02/02/2012,17.06,17.18,16.99,17.04,672485
03/02/2012,17.22,17.38,17.17,17.31,919572
06/02/2012,17.24,17.24,17.05,17.13,643207
07/02/2012,17.09,17.22,17,17.18,2097381
08/02/2012,17.2,17.47,17.2,17.34,738842
09/02/2012,17.43,17.44,17.27,17.4,969057
10/02/2012,17.25,17.26,17.02,17.09,1225711
13/02/2012,17.25,17.27,16.95,17.15,2299699
14/02/2012,17.08,17.21,17.05,17.2,1523114
15/02/2012,17.27,17.43,17.22,17.25,2680488
16/02/2012,17.21,17.66,17.21,17.6,2355469
17/02/2012,17.74,17.75,17.51,17.57,2675185
21/02/2012,17.58,17.6,17.29,17.36,1384450
22/02/2012,17.32,17.44,17.21,17.26,2613917
23/02/2012,17.2,17.28,17.06,17.22,1749070
24/02/2012,17.29,17.33,17.19,17.2,615562
27/02/2012,17.11,17.37,17,17.27,2271314
28/02/2012,17.28,17.59,17.28,17.52,1106136
29/02/2012,17.54,17.54,17.23,17.25,1989456
01/03/2012,17.3,17.4,17.19,17.25,1866048
02/03/2012,17.27,17.33,17.08,17.11,1587890
05/03/2012,17.04,17.06,16.69,16.75,4262408
06/03/2012,16.6,16.7,16.5,16.69,2462039
07/03/2012,16.73,16.97,16.71,16.92,2416882
08/03/2012,17.07,17.12,16.97,17.08,1493300
09/03/2012,17.07,17.23,17.06,17.21,1164324
12/03/2012,17.17,17.2,17.02,17.06,1163979
13/03/2012,17.17,17.45,17.17,17.45,1235766
14/03/2012,17.45,17.64,17.33,17.36,1650705
15/03/2012,17.44,17.68,17.41,17.65,1684599
16/03/2012,17.72,17.73,17.61,17.64,928984
19/03/2012,17.66,17.87,17.61,17.82,1373407
20/03/2012,17.68,17.78,17.58,17.71,1362196
21/03/2012,17.8,17.88,17.72,17.8,820187
22/03/2012,17.7,17.76,17.6,17.7,1208279
23/03/2012,17.69,17.73,17.57,17.71,1106671
26/03/2012,17.81,17.99,17.78,17.99,1500151
27/03/2012,18.02,18.09,17.97,17.98,905154
28/03/2012,17.96,18.01,17.67,17.77,1353088
29/03/2012,17.65,17.83,17.59,17.8,717197
30/03/2012,17.91,18,17.77,17.9,1006812
02/04/2012,17.84,18.02,17.73,17.95,1114451
03/04/2012,17.92,17.93,17.64,17.7,1531557
04/04/2012,17.52,17.52,17.24,17.39,2359963
05/04/2012,17.36,17.5,17.32,17.48,1027256
09/04/2012,17.24,17.29,17.14,17.22,911079
10/04/2012,17.15,17.31,16.91,16.94,3318264
11/04/2012,17.09,17.31,17.09,17.2,1364423
12/04/2012,17.27,17.57,17.25,17.51,2393811
13/04/2012,17.5,17.52,17.27,17.27,3336764
16/04/2012,17.38,17.49,17.2,17.34,1924591
17/04/2012,17.45,17.62,17.42,17.55,1852719
18/04/2012,17.3,17.51,17.22,17.43,2122200
19/04/2012,17.43,17.67,17.2,17.32,5784005
20/04/2012,17.36,17.36,17,17.02,2919429
23/04/2012,16.76,16.79,16.66,16.78,1664984
24/04/2012,16.82,16.84,16.54,16.59,1348326
25/04/2012,16.85,16.96,16.77,16.93,2250973
26/04/2012,17.01,17.38,17,17.32,2000517
27/04/2012,17.33,17.43,17.26,17.41,1416041
30/04/2012,17.36,17.41,17.3,17.3,580412
01/05/2012,17.26,17.48,17.26,17.37,1433237
02/05/2012,17.28,17.51,17.24,17.47,952437
03/05/2012,17.49,17.51,17.06,17.07,2055773
04/05/2012,16.96,17.02,16.68,16.68,2056180
07/05/2012,16.64,16.76,16.61,16.65,1200904
08/05/2012,16.48,16.52,16.19,16.47,4039837
09/05/2012,16.23,16.48,16.11,16.41,3755707
10/05/2012,16.52,16.53,16.28,16.43,3499380
11/05/2012,16.42,16.74,16.39,16.52,2369474
14/05/2012,16.35,16.4,16.26,16.29,840858
15/05/2012,16.3,16.43,16.14,16.16,1872253
16/05/2012,16.19,16.29,16,16.01,3688909
17/05/2012,15.98,16.05,15.71,15.71,1591281
18/05/2012,15.79,15.82,15.43,15.44,1957254
21/05/2012,15.48,15.77,15.42,15.76,2402658
22/05/2012,15.77,15.77,15.59,15.68,2786761
23/05/2012,15.43,15.63,15.29,15.61,3021825
24/05/2012,15.66,15.66,15.41,15.51,1224111
25/05/2012,15.48,15.68,15.47,15.62,742923
29/05/2012,15.84,15.97,15.74,15.9,1091454
30/05/2012,15.72,15.75,15.61,15.66,1689381
31/05/2012,15.62,15.66,15.38,15.54,680008
01/06/2012,15.2,15.31,14.94,14.96,2296461
04/06/2012,15.01,15.11,14.79,14.95,1701669
05/06/2012,14.95,15.26,14.93,15.24,2178478
06/06/2012,15.35,15.72,15.32,15.7,1513520
07/06/2012,15.92,15.93,15.53,15.57,2733025
08/06/2012,15.46,15.77,15.46,15.73,1847094
11/06/2012,15.95,15.95,15.46,15.47,1715394
12/06/2012,15.54,15.83,15.53,15.83,2644613
13/06/2012,15.82,15.9,15.65,15.71,1185100
14/06/2012,15.71,15.75,15.52,15.66,1328978
15/06/2012,15.68,15.92,15.68,15.91,1002312
18/06/2012,15.85,16.13,15.82,16.06,931210
19/06/2012,16.17,16.29,16.09,16.22,863021
20/06/2012,16.27,16.42,16.2,16.34,1178832
21/06/2012,16.31,16.34,15.74,15.79,3012148
22/06/2012,15.85,15.98,15.82,15.96,1875159
25/06/2012,15.76,15.76,15.38,15.41,2761046
26/06/2012,15.44,15.51,15.23,15.41,4033914
27/06/2012,15.47,15.67,15.45,15.61,1298230
28/06/2012,15.46,15.54,15.3,15.51,1364395
29/06/2012,15.89,16.4,15.8,16.11,3299719
02/07/2012,16.21,16.21,15.99,16.1,1343076
03/07/2012,16.11,16.29,16.11,16.27,1303100
05/07/2012,16.22,16.23,15.98,16.11,1305147
06/07/2012,16.01,16.02,15.6,15.74,2562421
09/07/2012,15.67,15.72,15.47,15.57,1172608
10/07/2012,15.47,15.72,15.29,15.36,2694232
11/07/2012,15.39,15.42,15.19,15.25,1831416
12/07/2012,15.11,15.12,14.9,15.03,2256892
13/07/2012,15.02,15.24,15.02,15.21,1361495
16/07/2012,15.11,15.14,14.97,15.06,880244
17/07/2012,15.14,15.14,14.78,15.03,2237593
18/07/2012,14.97,15.65,14.95,15.56,4491892
19/07/2012,15.75,15.83,15.67,15.69,2464428
20/07/2012,15.63,15.67,15.41,15.43,1780061
23/07/2012,15.07,15.32,14.94,15.27,1871450
24/07/2012,15.23,15.25,15.03,15.16,1348380
25/07/2012,15.32,15.67,15.32,15.48,2966931
26/07/2012,15.78,15.91,15.66,15.8,2943909
27/07/2012,15.92,16.25,15.86,16.18,2026929
30/07/2012,16.2,16.27,15.96,16.03,2737720
31/07/2012,16.1,16.32,16.1,16.12,2387136
01/08/2012,16.24,16.27,16.04,16.12,510049
02/08/2012,16.01,16.29,15.89,16,3596333
03/08/2012,16.31,16.47,16.22,16.42,1851310
06/08/2012,16.52,16.54,16.42,16.42,2492565
07/08/2012,16.59,16.82,16.55,16.64,3211134
08/08/2012,16.66,16.76,16.61,16.7,931015
09/08/2012,16.74,16.89,16.73,16.83,738560
10/08/2012,16.81,16.95,16.78,16.95,1592179
13/08/2012,16.85,16.87,16.66,16.82,2638146
14/08/2012,16.88,16.93,16.67,16.72,703532
15/08/2012,16.7,16.86,16.7,16.75,1882517
16/08/2012,16.81,16.98,16.75,16.95,962634
17/08/2012,16.91,16.91,16.77,16.81,814797
20/08/2012,16.77,16.81,16.65,16.77,1276278
21/08/2012,16.81,16.95,16.74,16.8,1963955
22/08/2012,16.71,16.76,16.57,16.66,1163006
23/08/2012,16.55,16.6,16.41,16.48,2762629
24/08/2012,16.48,16.59,16.36,16.53,1919116
27/08/2012,16.56,16.56,16.39,16.45,2245220
28/08/2012,16.37,16.49,16.32,16.43,1833393
29/08/2012,16.42,16.52,16.33,16.45,483597
30/08/2012,16.35,16.36,16.18,16.22,2260864
31/08/2012,16.35,16.55,16.24,16.49,2894013
04/09/2012,16.47,16.47,16.1,16.23,2901056
05/09/2012,16.2,16.31,16.08,16.11,1866657
06/09/2012,16.2,16.64,16.2,16.63,3040667
07/09/2012,16.43,16.51,16.37,16.47,1682252
10/09/2012,16.38,16.43,16.2,16.2,2079576
11/09/2012,16.27,16.41,16.21,16.29,1457744
12/09/2012,16.34,16.44,16.22,16.29,1029685
13/09/2012,16.25,16.47,16.18,16.41,1838265
14/09/2012,16.52,16.79,16.52,16.66,2176127
17/09/2012,16.59,16.65,16.43,16.5,797343
18/09/2012,16.43,16.5,16.38,16.48,892762
19/09/2012,16.43,16.43,16.3,16.32,1287465
20/09/2012,16.18,16.24,16.04,16.13,2691634
21/09/2012,16.2,16.27,16.13,16.15,1693901
24/09/2012,15.98,16.03,15.86,15.92,1407176
25/09/2012,16.03,16.05,15.65,15.66,2380053
26/09/2012,15.62,15.63,15.43,15.61,1785551
27/09/2012,15.74,15.98,15.65,15.95,3049368
28/09/2012,15.87,15.92,15.78,15.82,2070537
01/10/2012,15.83,16.01,15.76,15.82,2033892
02/10/2012,15.94,15.95,15.79,15.89,3369813
03/10/2012,15.96,15.96,15.8,15.84,2645350
04/10/2012,15.9,15.95,15.77,15.92,2395224
05/10/2012,15.99,16.17,15.95,15.98,2300840
08/10/2012,15.87,15.87,15.73,15.77,1471912
09/10/2012,15.69,15.69,15.45,15.52,2560708
10/10/2012,15.49,15.51,15.28,15.3,1584818
11/10/2012,15.39,15.43,15.28,15.3,2447353
12/10/2012,15.3,15.38,15.23,15.25,2231919
15/10/2012,15.31,15.45,15.28,15.42,2120297
16/10/2012,15.5,15.79,15.5,15.75,3453448
17/10/2012,15.57,15.76,15.51,15.65,1724563
18/10/2012,15.65,15.71,15.52,15.61,1682059
19/10/2012,15.55,15.55,15.21,15.25,3424901
22/10/2012,15.29,15.42,15.24,15.32,1459617
23/10/2012,15.17,15.46,15.17,15.42,1601379
24/10/2012,15.54,15.62,15.25,15.27,1405808
25/10/2012,15.44,15.48,15.32,15.42,1545487
26/10/2012,15.46,15.61,15.41,15.61,1814249
31/10/2012,15.69,15.73,15.49,15.55,1197439
01/11/2012,15.66,16.04,15.59,16.02,3193096
02/11/2012,16,16.08,15.69,15.69,2162909
05/11/2012,15.71,16.01,15.7,15.97,1723618
06/11/2012,15.99,16.22,15.94,16.16,1283391
07/11/2012,15.95,15.97,15.68,15.75,1858574
08/11/2012,15.79,15.85,15.62,15.63,1145627
09/11/2012,15.61,15.87,15.61,15.67,2233478
12/11/2012,15.67,15.76,15.61,15.7,565653
13/11/2012,15.53,15.71,15.5,15.54,1227776
14/11/2012,15.68,15.69,15.31,15.33,2142982
15/11/2012,15.38,15.42,15.19,15.24,1585515
16/11/2012,15.3,15.31,15,15.26,2069481
19/11/2012,15.38,15.53,15.3,15.52,1300970
20/11/2012,15.41,15.44,15.25,15.38,1079872
21/11/2012,15.38,15.57,15.34,15.4,626600
23/11/2012,15.56,15.78,15.56,15.72,866334
26/11/2012,15.71,15.81,15.59,15.75,937824
27/11/2012,15.64,15.93,15.54,15.8,1722203
28/11/2012,15.62,16.01,15.54,16.01,1183349
29/11/2012,15.97,16.12,15.91,15.99,1071896
30/11/2012,15.99,16.1,15.99,16.02,956242
03/12/2012,16.13,16.15,15.92,15.95,1042137
04/12/2012,15.96,16.06,15.89,16.01,1211595
05/12/2012,16.05,16.06,15.91,15.98,809782
06/12/2012,16.02,16.18,16.02,16.16,764507
07/12/2012,16.27,16.34,16.1,16.21,842861
10/12/2012,16.18,16.29,16.16,16.24,1392560
11/12/2012,16.38,16.59,16.33,16.54,1569676
12/12/2012,16.55,16.65,16.46,16.51,1012430
13/12/2012,16.49,16.63,16.3,16.34,1251473
14/12/2012,16.26,16.37,16.19,16.27,705904
17/12/2012,16.23,16.38,16.19,16.34,990258
18/12/2012,16.42,16.6,16.36,16.56,1400829
19/12/2012,16.65,16.77,16.63,16.66,1070053
20/12/2012,16.67,16.69,16.51,16.65,1065904
21/12/2012,16.36,16.49,16.24,16.48,1494011
24/12/2012,16.11,16.11,15.96,16.07,856897
26/12/2012,16.11,16.2,15.99,15.99,514562
27/12/2012,16.01,16.05,15.79,15.97,1162857
28/12/2012,15.88,16.02,15.85,15.86,906310
31/12/2012,15.85,16.17,15.82,16.17,818291
02/01/2013,16.58,16.81,16.5,16.81,3054615
03/01/2013,16.75,16.82,16.66,16.72,1618006
04/01/2013,16.74,16.74,16.58,16.62,1388873
07/01/2013,16.55,16.66,16.5,16.57,1231751
08/01/2013,16.58,16.61,16.41,16.41,1220153
09/01/2013,16.49,16.58,16.22,16.22,2461409
10/01/2013,16.69,16.86,16.69,16.86,2521764
11/01/2013,16.86,16.96,16.82,16.95,1751003
14/01/2013,16.84,16.95,16.76,16.87,1163866
15/01/2013,16.55,16.75,16.55,16.7,836537
16/01/2013,16.72,16.93,16.65,16.88,1262117
17/01/2013,16.97,17.35,16.96,17.29,4786923
18/01/2013,17.16,17.16,16.99,17.09,2218363
22/01/2013,17.02,17.05,16.94,17.05,1490826
23/01/2013,17.2,17.2,17,17.11,2789329
24/01/2013,17,17.11,16.92,16.99,2967328
25/01/2013,17.12,17.2,17.08,17.13,946773
28/01/2013,17.18,17.25,17.16,17.17,1165854
29/01/2013,17.2,17.2,17.09,17.2,572825
30/01/2013,17.15,17.3,17.01,17.23,937722
31/01/2013,17.25,17.31,17.13,17.15,1422720
01/02/2013,17.36,17.52,17.3,17.49,1723484
04/02/2013,17.4,17.51,17.27,17.27,1495748
05/02/2013,17.34,17.59,17.34,17.54,1336691
06/02/2013,17.43,17.54,17.41,17.5,1387993
07/02/2013,17.43,17.47,17.26,17.41,1185053
08/02/2013,17.45,17.68,17.45,17.64,1249118
11/02/2013,17.66,17.68,17.57,17.67,826265
12/02/2013,17.61,17.74,17.61,17.74,1347281
13/02/2013,17.81,17.82,17.65,17.74,2079678
14/02/2013,17.64,17.91,17.64,17.89,895916
15/02/2013,17.94,17.94,17.68,17.74,1343316
19/02/2013,17.77,17.99,17.77,17.99,1008688
20/02/2013,17.96,18,17.6,17.61,2037081
21/02/2013,17.52,17.55,17.16,17.27,1832937
22/02/2013,17.4,17.61,17.35,17.55,2695960
25/02/2013,17.65,17.69,17.19,17.19,1484384
26/02/2013,17.34,17.36,17.2,17.31,2388206
27/02/2013,17.27,17.67,17.27,17.58,1240703
28/02/2013,17.54,17.71,17.54,17.56,1458347
01/03/2013,17.52,17.63,17.3,17.56,1881426
04/03/2013,17.48,17.55,17.4,17.54,886467
05/03/2013,17.63,17.82,17.63,17.82,1682427
06/03/2013,17.77,17.92,17.77,17.82,835729
07/03/2013,17.82,17.95,17.79,17.82,1295542
08/03/2013,17.86,17.92,17.67,17.75,1787413
11/03/2013,17.73,17.83,17.65,17.81,474181
12/03/2013,17.77,17.86,17.71,17.82,1061569
13/03/2013,17.81,17.93,17.75,17.86,2044794
14/03/2013,18,18.09,17.95,18.01,643469
15/03/2013,18.02,18.02,17.6,17.7,1726541
18/03/2013,17.54,17.63,17.43,17.48,1250624
19/03/2013,17.49,17.56,17.26,17.45,2444958
20/03/2013,17.58,17.61,17.49,17.56,1107850
21/03/2013,17.34,17.46,17.27,17.32,2953495
22/03/2013,17.4,17.54,17.35,17.45,1328891
25/03/2013,17.58,17.6,17.34,17.43,1905025
26/03/2013,17.47,17.65,17.47,17.63,1541761
27/03/2013,17.45,17.68,17.43,17.66,1024999
28/03/2013,17.6,17.81,17.6,17.77,677193
01/04/2013,17.8,17.8,17.41,17.49,2480717
02/04/2013,17.5,17.52,17.29,17.35,2187050
03/04/2013,17.41,17.42,16.97,17.02,4400359
04/04/2013,16.97,17.16,16.97,17.13,1779362
05/04/2013,16.91,17.11,16.77,17.11,2950197
08/04/2013,17.02,17.24,16.95,17.21,1100107
09/04/2013,17.27,17.52,17.18,17.38,3625526
10/04/2013,17.42,17.8,17.42,17.75,3176052
11/04/2013,17.64,17.81,17.6,17.74,2312814
12/04/2013,17.59,17.7,17.45,17.68,1449938
15/04/2013,17.5,17.59,17.26,17.29,2976776
16/04/2013,17.36,17.61,17.36,17.59,1854818
17/04/2013,17.45,17.45,17.08,17.22,5683028
18/04/2013,17.44,17.57,17.23,17.26,4205591
19/04/2013,17.36,17.51,17.22,17.45,3337523
22/04/2013,17.45,17.66,17.29,17.6,1847637
23/04/2013,17.74,18.02,17.73,17.98,3681332
24/04/2013,18.04,18.21,17.93,18.16,1859574
25/04/2013,18.25,18.42,18.22,18.31,2237001
26/04/2013,18.26,18.29,18.05,18.14,2035235
29/04/2013,18.18,18.37,18.17,18.35,991913
30/04/2013,18.33,18.53,18.29,18.52,2355218
01/05/2013,18.49,18.61,18.44,18.45,2780021
02/05/2013,18.49,18.72,18.49,18.68,1822325
03/05/2013,18.88,18.95,18.81,18.83,4062218
06/05/2013,18.88,19.02,18.86,18.92,2171064
07/05/2013,18.98,19.02,18.86,18.96,2175136
08/05/2013,19.02,19.21,18.95,19.19,1811885
09/05/2013,19.16,19.35,19.16,19.25,1146285
10/05/2013,19.27,19.39,19.25,19.38,839294
13/05/2013,19.35,19.35,19.14,19.15,1469720
14/05/2013,19.2,19.23,19.11,19.18,1563482
15/05/2013,19.2,19.38,19.14,19.34,1238100
16/05/2013,19.27,19.43,19.17,19.17,1558783
17/05/2013,19.27,19.39,19.24,19.39,763345
20/05/2013,19.38,19.44,19.31,19.33,1502345
21/05/2013,19.33,19.4,19.26,19.28,786954
22/05/2013,19.27,19.43,18.91,19.01,2416701
23/05/2013,18.84,18.99,18.73,18.97,1611455
24/05/2013,18.93,18.97,18.77,18.96,804268
28/05/2013,19.15,19.31,19.09,19.13,970335
29/05/2013,19.04,19.26,19.01,19.2,1151674
30/05/2013,19.24,19.5,19.2,19.39,3370612
31/05/2013,19.28,19.45,18.99,19.15,2353032
03/06/2013,19.25,19.43,19.16,19.3,2003693
04/06/2013,19.43,19.64,19.34,19.39,5153445
05/06/2013,19.29,19.33,19.01,19.03,2448814
06/06/2013,19.05,19.17,18.8,18.98,1908043
07/06/2013,19.08,19.19,18.91,19.16,1429304
10/06/2013,19.19,19.32,19.13,19.26,1573077
11/06/2013,19.04,19.15,18.88,18.91,2511822
12/06/2013,19.12,19.22,18.65,18.68,2156622
13/06/2013,18.68,19.06,18.59,19.01,1944778
14/06/2013,19.02,19.11,18.89,18.94,801424
17/06/2013,19.11,19.24,19.01,19.1,993289
18/06/2013,19.16,19.42,19.16,19.38,1895686
19/06/2013,19.38,19.48,19.11,19.11,1535484
20/06/2013,18.82,18.88,18.47,18.52,2585319
21/06/2013,18.64,18.68,18.36,18.5,2121406
24/06/2013,18.31,18.37,18.04,18.16,2847678
25/06/2013,18.45,18.59,18.29,18.54,1143320
26/06/2013,18.72,18.76,18.54,18.65,1291057
27/06/2013,18.77,18.92,18.74,18.75,1141756
28/06/2013,18.72,18.93,18.61,18.85,833627
01/07/2013,18.86,19.03,18.77,18.8,891987
02/07/2013,18.8,19,18.7,18.79,1104903
03/07/2013,18.79,18.99,18.71,18.91,1464404
05/07/2013,19.07,19.17,18.95,19.17,2883903
08/07/2013,19.13,19.15,18.7,18.76,1724940
09/07/2013,18.88,18.96,18.83,18.91,1564895
10/07/2013,18.9,19.11,18.89,19.05,906500
11/07/2013,19.36,19.57,19.34,19.56,1534790
12/07/2013,19.6,19.68,19.52,19.63,994141
15/07/2013,19.66,19.66,19.58,19.63,516419
16/07/2013,19.64,19.78,19.64,19.75,829745
17/07/2013,19.84,19.86,19.72,19.78,1587696
18/07/2013,19.61,19.61,19.33,19.36,2844475
19/07/2013,19.26,19.29,19.1,19.29,2948455
22/07/2013,19.26,19.39,19.18,19.26,3096380
23/07/2013,19.38,19.48,19.24,19.27,1067042
24/07/2013,19.42,19.42,19,19.04,1911800
25/07/2013,19.04,19.17,18.97,19.17,2687672
26/07/2013,19.05,19.07,18.95,19.06,2677066
29/07/2013,19.09,19.13,18.93,19,688115
30/07/2013,19.1,19.26,19.1,19.19,648990
31/07/2013,19.19,19.4,19.18,19.28,2811457
01/08/2013,19.31,19.58,19.31,19.52,1329881
02/08/2013,19.46,19.46,19.29,19.42,1040794
05/08/2013,19.33,19.41,19.3,19.41,281966
06/08/2013,19.39,19.4,19.22,19.28,459205
07/08/2013,19.2,19.2,19.03,19.11,1053456
08/08/2013,19.24,19.24,19.01,19.11,660822
09/08/2013,19.08,19.12,19,19.06,1793747
12/08/2013,19.01,19.17,18.99,19.1,990720
13/08/2013,19.24,19.31,19.04,19.3,1145835
14/08/2013,19.14,19.25,19.07,19.11,1106749
15/08/2013,18.84,18.86,18.67,18.69,2372451
16/08/2013,18.68,18.88,18.68,18.71,1772666
19/08/2013,18.72,18.89,18.68,18.68,627385
20/08/2013,18.74,18.86,18.7,18.77,1109629
21/08/2013,18.68,18.76,18.54,18.62,1582193
22/08/2013,18.66,18.83,18.66,18.74,402959
23/08/2013,18.8,18.85,18.73,18.8,405249
26/08/2013,18.78,18.9,18.74,18.76,468555
27/08/2013,18.55,18.57,18.34,18.39,1051727
28/08/2013,18.44,18.63,18.41,18.52,1307196
29/08/2013,18.54,18.79,18.54,18.68,1612765
30/08/2013,18.73,18.75,18.5,18.57,832580
03/09/2013,18.83,18.95,18.67,18.75,732044
04/09/2013,18.89,19.19,18.82,19.13,630269
05/09/2013,19.2,19.3,19.18,19.27,1541088
06/09/2013,19.35,19.36,19.06,19.2,545448
09/09/2013,19.25,19.5,19.25,19.44,461943
10/09/2013,19.63,19.79,19.59,19.79,1141888
11/09/2013,19.7,19.79,19.61,19.73,1492811
12/09/2013,19.7,19.83,19.63,19.68,793158
13/09/2013,19.74,19.82,19.65,19.81,811524
16/09/2013,20.06,20.08,19.89,19.91,1271220
17/09/2013,20.05,20.11,20,20.07,1002660
18/09/2013,20.06,20.27,19.98,20.25,1521838
19/09/2013,20.32,20.36,20.16,20.24,876988
20/09/2013,20.29,20.3,20.07,20.11,851133
23/09/2013,20.25,20.26,19.99,20.06,1023475
24/09/2013,20.16,20.27,20.05,20.18,1456440
25/09/2013,20.13,20.25,20.04,20.15,1009042
26/09/2013,20.24,20.24,20.04,20.14,659530
27/09/2013,20.06,20.06,19.91,19.96,1046063
30/09/2013,19.79,20.05,19.68,19.94,1672547
01/10/2013,20.01,20.2,19.98,20.14,1148141
02/10/2013,19.99,20.14,19.95,20.12,752705
03/10/2013,20.17,20.23,19.89,20.07,1443158
04/10/2013,20.04,20.23,20.04,20.18,742025
07/10/2013,20.06,20.26,19.97,20.11,785961
08/10/2013,20.17,20.19,19.76,19.8,2306305
09/10/2013,19.85,19.86,19.55,19.73,1241205
10/10/2013,19.95,20.22,19.95,20.18,1157736
11/10/2013,20.13,20.3,20.06,20.25,722874
14/10/2013,20.11,20.41,20.06,20.38,830342
15/10/2013,20.4,20.44,20.22,20.25,1238039
16/10/2013,20.26,20.45,20.25,20.43,1038197
17/10/2013,20.25,20.56,20.22,20.53,2139414
18/10/2013,20.57,20.64,20.43,20.62,887987
21/10/2013,20.56,20.71,20.56,20.69,406999
22/10/2013,20.63,20.72,20.57,20.67,1353606
23/10/2013,20.31,20.31,19.95,20.03,2054748
24/10/2013,20.1,20.2,20.07,20.13,879856
25/10/2013,20.13,20.24,20.13,20.21,1656650
28/10/2013,20.2,20.35,20.18,20.31,1473694
29/10/2013,20.36,20.63,20.36,20.62,1159365
30/10/2013,20.68,20.69,20.42,20.5,1008323
31/10/2013,20.5,20.72,20.5,20.59,836509
01/11/2013,20.64,20.67,20.42,20.47,662315
04/11/2013,20.57,20.57,20.38,20.43,711443
05/11/2013,20.33,20.45,20.2,20.38,846767
06/11/2013,20.48,20.51,20.35,20.48,546418
07/11/2013,20.49,20.54,20.13,20.16,2150251
08/11/2013,20.18,20.32,20.04,20.3,717286
11/11/2013,20.2,20.31,20.18,20.26,1538835
12/11/2013,20.12,20.4,20.12,20.36,529419
13/11/2013,20.19,20.53,20.19,20.51,1238381
14/11/2013,20.42,20.49,20.35,20.38,1877255
15/11/2013,20.43,20.56,20.29,20.52,1925299
18/11/2013,20.58,20.6,20.36,20.4,1157660
19/11/2013,20.49,20.49,20.2,20.23,1182444
20/11/2013,20.29,20.32,20.1,20.16,1139144
21/11/2013,20.24,20.5,20.18,20.47,1014558
22/11/2013,20.36,20.39,20.29,20.38,977015
25/11/2013,20.48,20.48,20.26,20.38,942991
26/11/2013,20.43,20.53,20.39,20.47,633380
27/11/2013,20.32,20.6,20.32,20.58,844239
29/11/2013,20.64,20.7,20.58,20.59,352582
02/12/2013,20.64,20.64,20.5,20.51,1048519
03/12/2013,20.55,20.7,20.49,20.59,963015
04/12/2013,20.48,20.65,20.36,20.52,2992921
05/12/2013,20.57,20.67,20.52,20.58,1689538
06/12/2013,20.86,20.92,20.79,20.82,1939956
09/12/2013,20.95,21,20.89,20.92,1781517
10/12/2013,20.95,20.95,20.79,20.84,1033156
11/12/2013,20.87,20.92,20.64,20.7,2378632
12/12/2013,20.68,20.74,20.46,20.47,1114285
13/12/2013,20.55,20.58,20.38,20.43,536231
16/12/2013,20.61,20.7,20.55,20.55,706010
17/12/2013,20.62,20.8,20.57,20.72,799891
18/12/2013,20.71,20.97,20.24,20.93,1696373
19/12/2013,20.94,20.94,20.75,20.87,1505326
20/12/2013,20.9,21.1,20.87,21.03,1426065
23/12/2013,20.85,20.9,20.78,20.88,1194879
24/12/2013,20.82,21,20.82,20.93,911588
26/12/2013,21.04,21.06,20.96,21.02,374462
27/12/2013,21.04,21.1,21,21.02,546945
30/12/2013,21.02,21.15,21.02,21.12,506082
31/12/2013,21.19,21.27,21.15,21.22,849246
02/01/2014,21.04,21.06,20.89,21,774237
03/01/2014,20.97,21.01,20.84,20.93,720478
06/01/2014,20.95,20.95,20.76,20.8,585628
07/01/2014,20.79,20.93,20.78,20.87,750127
08/01/2014,20.97,21.12,20.95,21.09,1456727
09/01/2014,21.04,21.09,20.8,20.91,1074893
10/01/2014,20.98,21.05,20.91,20.99,399010
13/01/2014,20.96,21.1,20.74,20.78,798278
14/01/2014,20.92,21.37,20.88,21.34,2542447
15/01/2014,21.4,21.56,21.4,21.48,1081701
16/01/2014,21.51,21.52,21.33,21.41,1141105
17/01/2014,21.16,21.28,21.08,21.15,1337483
21/01/2014,21.24,21.27,21.09,21.24,698357
22/01/2014,21.28,21.5,21.21,21.48,802967
23/01/2014,21.37,21.37,21.08,21.21,1177496
24/01/2014,21.04,21.13,20.77,20.81,1975189
27/01/2014,20.82,20.84,20.51,20.62,1844765
28/01/2014,20.61,20.77,20.51,20.72,2296325
29/01/2014,20.53,20.75,20.53,20.59,1924469
30/01/2014,20.67,20.83,20.63,20.76,828622
31/01/2014,20.49,20.72,20.45,20.59,1067874
03/02/2014,20.51,20.6,20.13,20.23,2485791
04/02/2014,20.14,20.19,20.01,20.16,1698056
05/02/2014,20.05,20.25,19.95,20.15,929438
06/02/2014,20.17,20.49,20.17,20.45,1383267
07/02/2014,20.53,20.76,20.47,20.73,1241727
10/02/2014,20.71,20.86,20.71,20.84,1109186
11/02/2014,20.86,21.16,20.86,21.1,1228458
12/02/2014,21.14,21.29,21.13,21.21,1382282
13/02/2014,21.15,21.46,21.12,21.44,1613797
14/02/2014,21.49,21.63,21.38,21.6,1209044
18/02/2014,21.57,21.66,21.48,21.64,1010963
19/02/2014,21.57,21.7,21.53,21.59,1390041
20/02/2014,21.55,21.75,21.53,21.74,1561213
21/02/2014,21.78,21.84,21.59,21.62,1256232
24/02/2014,21.76,21.9,21.7,21.75,970566
25/02/2014,21.71,21.78,21.52,21.63,2048470
26/02/2014,21.69,21.94,21.69,21.8,699369
27/02/2014,21.8,21.83,21.64,21.81,1252829
28/02/2014,21.82,21.91,21.68,21.83,2224325
03/03/2014,21.65,21.73,21.49,21.69,1596545
04/03/2014,21.92,22.02,21.88,21.97,1606213
05/03/2014,22.04,22.09,21.96,22,1817002
06/03/2014,22.1,22.24,22.06,22.23,1144450
07/03/2014,22.3,22.34,22.16,22.23,1093384
10/03/2014,22.15,22.29,22.1,22.23,1908945
11/03/2014,22.25,22.31,22.01,22.07,1879144
12/03/2014,21.99,22.32,21.94,22.32,677790
13/03/2014,22.32,22.42,21.87,22.01,2356391
14/03/2014,21.88,22.05,21.82,21.83,967288
17/03/2014,21.93,22.13,21.93,22.07,873756
18/03/2014,22.11,22.34,22.02,22.33,712361
19/03/2014,22.24,22.46,22.16,22.31,979306
20/03/2014,22.25,22.68,22.18,22.68,1255901
21/03/2014,22.68,22.75,22.41,22.45,1230648
24/03/2014,22.48,22.58,22.21,22.37,2344166
25/03/2014,22.38,22.7,22.38,22.61,1642270
26/03/2014,22.8,22.85,22.37,22.38,2201165
27/03/2014,22.35,22.5,22.21,22.26,1857543
28/03/2014,22.3,22.61,22.3,22.42,934769
31/03/2014,22.56,22.87,22.54,22.81,1557289
01/04/2014,22.81,23.15,22.81,23.15,2698453
02/04/2014,23.16,23.17,22.92,23.03,2017057
03/04/2014,23.07,23.28,22.99,23.09,1727247
04/04/2014,23.3,23.3,22.49,22.52,4098971
07/04/2014,22.47,22.68,22.27,22.4,3776073
08/04/2014,22.41,22.75,22.41,22.72,2466305
09/04/2014,22.84,22.99,22.73,22.99,1389944
10/04/2014,22.91,23.01,22.28,22.3,3102202
11/04/2014,22.11,22.34,21.93,21.98,2430673
14/04/2014,22.28,22.3,21.97,22.17,1530566
15/04/2014,22.17,22.35,21.91,22.33,2491953
16/04/2014,22.33,22.33,21.93,22.28,3568097
17/04/2014,22.26,22.65,22.26,22.55,2724867
21/04/2014,22.68,22.71,22.4,22.68,1582995
22/04/2014,22.59,22.87,22.59,22.84,1386542
23/04/2014,22.79,22.87,22.71,22.76,1142731
24/04/2014,23,23.01,22.69,22.93,1828268
25/04/2014,22.69,22.69,22.17,22.21,2293228
28/04/2014,22.31,22.39,21.85,22.15,3131787
29/04/2014,22.25,22.34,22.11,22.24,1038648
30/04/2014,22.13,22.35,22.1,22.34,1151864
01/05/2014,22.3,22.46,22.15,22.17,1516814
02/05/2014,22.17,22.33,22.13,22.21,1062723
05/05/2014,21.95,22.26,21.95,22.21,1069538
06/05/2014,22.22,22.38,22.17,22.18,1238686
07/05/2014,22.21,22.29,22.08,22.26,2336855
08/05/2014,22.23,22.68,22.19,22.41,1769491
09/05/2014,22.38,22.4,22.21,22.31,1361507
12/05/2014,22.47,22.69,22.41,22.68,924491
13/05/2014,22.68,22.73,22.5,22.51,690433
14/05/2014,22.46,22.52,22.32,22.33,511491
15/05/2014,22.33,22.34,21.97,22.11,1064093
16/05/2014,22.13,22.32,22.05,22.28,772797
19/05/2014,22.27,22.52,22.27,22.48,776547
20/05/2014,22.44,22.52,22.25,22.37,1762801
21/05/2014,22.48,22.55,22.37,22.5,2059589
22/05/2014,22.57,22.65,22.52,22.58,627089
23/05/2014,22.6,22.76,22.54,22.75,1076962
27/05/2014,22.91,23.08,22.83,23.08,889438
28/05/2014,23.05,23.16,22.99,23.11,1379066
29/05/2014,23.2,23.2,23.07,23.12,660407
30/05/2014,23.12,23.21,23.07,23.17,844511
02/06/2014,23.41,23.41,23.13,23.3,1337988
03/06/2014,23.22,23.61,23.22,23.59,1798416
04/06/2014,23.57,23.71,23.51,23.67,1106340
05/06/2014,23.7,23.79,23.58,23.76,1328820
06/06/2014,23.85,23.92,23.81,23.89,1120543
09/06/2014,23.91,24.1,23.91,23.94,2730288
10/06/2014,23.97,24.1,23.88,24.06,1461436
11/06/2014,24.07,24.18,24.02,24.1,1367633
12/06/2014,23.96,24.19,23.95,24.04,1875959
13/06/2014,24.44,24.49,24.27,24.43,1124251
16/06/2014,24.39,24.59,24.37,24.53,906208
17/06/2014,24.53,24.68,24.49,24.64,1122115
18/06/2014,24.62,24.67,24.41,24.59,2566269
19/06/2014,24.53,24.69,24.52,24.68,1559922
20/06/2014,24.69,24.71,24.59,24.68,1662605
23/06/2014,24.7,24.7,24.55,24.6,618090
24/06/2014,24.61,24.77,24.4,24.44,2631265
25/06/2014,24.4,24.63,24.35,24.61,1482708
26/06/2014,24.55,24.6,24.32,24.49,1176204
27/06/2014,24.52,24.58,24.43,24.57,1053131
30/06/2014,24.55,24.78,24.55,24.75,1058311
01/07/2014,25,25.21,24.83,25.15,2193975
02/07/2014,25.15,25.26,25.11,25.22,2388154
03/07/2014,25.42,25.5,25.35,25.47,758537
07/07/2014,25.45,25.48,25.27,25.28,1316068
08/07/2014,25.22,25.31,24.99,25.15,1892999
09/07/2014,25.2,25.26,25.03,25.23,1115860
10/07/2014,24.83,25.31,24.82,25.25,2218358
11/07/2014,25.3,25.31,25.09,25.19,1024701
14/07/2014,25.34,25.39,25.24,25.34,1969445
15/07/2014,25.35,25.4,25.02,25.28,1986496
16/07/2014,25.51,25.58,25.4,25.56,2067444
17/07/2014,25.4,25.43,24.89,24.93,3512341
18/07/2014,25.01,25.24,24.99,25.23,1906130
21/07/2014,25.2,25.35,25.17,25.33,824268
22/07/2014,25.43,25.59,25.43,25.57,2004822
23/07/2014,25.39,25.45,25.04,25.04,3337914
24/07/2014,25.07,25.16,24.97,25.01,1703503
25/07/2014,24.86,24.86,24.47,24.54,4206464
28/07/2014,24.58,24.58,24.24,24.53,3437159
29/07/2014,24.56,24.74,24.52,24.52,3005379
30/07/2014,24.74,24.93,24.69,24.85,3836648
31/07/2014,24.53,24.63,24.28,24.38,3363726
01/08/2014,24.33,24.59,24.27,24.47,3100939
04/08/2014,24.63,24.64,24.35,24.57,1597756
05/08/2014,24.41,24.43,24.08,24.17,2841638
06/08/2014,24.07,24.46,24.07,24.3,2688595
07/08/2014,24.46,24.49,23.97,24.03,2691765
08/08/2014,24.11,24.24,24.04,24.22,1204328
11/08/2014,24.35,24.58,24.34,24.47,2100450
12/08/2014,24.4,24.51,24.24,24.45,1438016
13/08/2014,24.55,24.77,24.52,24.75,2644894
14/08/2014,24.81,24.85,24.76,24.83,1759634
15/08/2014,24.99,25.1,24.75,25.04,4280262
18/08/2014,25.08,25.15,24.96,25.15,1711032
19/08/2014,25.24,25.35,25.22,25.31,819433
20/08/2014,25.3,25.48,25.3,25.45,1586439
21/08/2014,25.45,25.58,25.4,25.56,1345285
22/08/2014,25.59,25.69,25.53,25.59,947001
25/08/2014,25.79,25.79,25.45,25.5,1029432
26/08/2014,25.52,25.61,25.47,25.5,1814077
27/08/2014,25.57,25.61,25.4,25.55,1306580
28/08/2014,25.46,25.67,25.38,25.64,309231
29/08/2014,25.84,25.89,25.72,25.84,2731525
02/09/2014,25.96,25.98,25.75,25.84,1310335
03/09/2014,25.95,26.04,25.85,25.91,1354128
04/09/2014,25.95,26.13,25.89,25.97,1501150
05/09/2014,25.95,26.09,25.91,26.09,903313
08/09/2014,26.04,26.28,26.03,26.11,1431753
09/09/2014,26.07,26.15,25.87,25.92,1037217
10/09/2014,25.85,25.97,25.74,25.91,1339085
11/09/2014,25.79,25.96,25.69,25.95,959618
12/09/2014,25.89,25.9,25.54,25.6,4339475
15/09/2014,25.65,25.72,25.36,25.38,1801122
16/09/2014,25.31,25.82,25.31,25.76,2217935
17/09/2014,25.84,26.08,25.8,25.93,1635814
18/09/2014,25.99,26.28,25.96,26.28,1617843
19/09/2014,26.33,26.34,25.92,25.97,1864434
22/09/2014,25.9,25.93,25.63,25.68,2229985
23/09/2014,25.57,25.75,25.48,25.56,2294027
24/09/2014,25.71,25.9,25.64,25.86,1600026
25/09/2014,25.83,25.83,25.31,25.42,2175632
26/09/2014,25.59,25.71,25.44,25.65,978190
29/09/2014,25.44,25.77,25.34,25.69,1813751
30/09/2014,25.73,25.73,25.42,25.55,1874897
01/10/2014,25.46,25.5,24.92,24.99,3392163
02/10/2014,24.99,24.99,24.45,24.87,6942879
03/10/2014,25.07,25.2,24.9,25.07,2633140
06/10/2014,25.18,25.24,24.82,24.95,4588923
07/10/2014,24.84,24.91,24.47,24.47,3986282
08/10/2014,24.48,25.02,24.25,24.99,7803545
09/10/2014,24.95,24.98,24.39,24.4,3809181
10/10/2014,23.72,23.78,22.63,22.79,16967572
13/10/2014,22.92,23.18,22.46,22.46,6484101
14/10/2014,22.83,23.34,22.72,22.94,9579340
15/10/2014,22.3,23.1,22.22,22.94,4879236
16/10/2014,22.55,23.45,22.54,23.21,4397260
17/10/2014,23.55,23.74,23.38,23.46,3828470
20/10/2014,23.33,23.73,23.24,23.68,3543911
21/10/2014,23.83,24.43,23.74,24.41,4408152
22/10/2014,24.54,24.69,24.11,24.12,4984583
23/10/2014,24.42,24.56,24.33,24.43,3590316
24/10/2014,24.47,24.71,24.37,24.64,2418628
27/10/2014,24.47,25.05,24.39,25.05,2238022
28/10/2014,24.82,25.12,24.81,25.12,2983181
29/10/2014,25.07,25.2,24.88,25.13,3002911
30/10/2014,24.97,25.03,24.48,24.73,8044475
31/10/2014,25.52,25.77,25.49,25.71,5147278
03/11/2014,25.73,25.96,25.68,25.86,2289867
04/11/2014,25.84,25.98,25.66,25.85,1115825
05/11/2014,25.94,26.07,25.75,26.02,2844555
06/11/2014,26.04,26.13,25.83,25.99,2580808
07/11/2014,26,26.03,25.58,25.79,3178521
10/11/2014,25.84,26.04,25.78,25.99,1620689
11/11/2014,26.13,26.13,25.83,25.91,776752
12/11/2014,25.8,25.89,25.72,25.86,702235
13/11/2014,25.95,26.15,25.84,25.93,1642793
14/11/2014,25.93,26.16,25.76,26.15,1840092
17/11/2014,26.07,26.12,25.82,26.02,1599447
18/11/2014,26.07,26.45,26.01,26.36,2480285
19/11/2014,26.43,26.5,26.2,26.31,1270601
20/11/2014,26.2,26.73,26.12,26.71,1900772
21/11/2014,27,27.02,26.69,26.86,2101761
24/11/2014,26.93,27.11,26.84,27.07,1788956
25/11/2014,27.11,27.18,27.02,27.05,2383007
26/11/2014,27.08,27.61,27.08,27.59,1613371
28/11/2014,27.69,27.88,27.58,27.78,1716027
01/12/2014,27.74,27.81,27.37,27.46,3273454
02/12/2014,27.4,27.53,27.29,27.52,1798556
03/12/2014,27.68,28.09,27.62,27.99,3459087
04/12/2014,28.11,28.13,27.87,28.03,3212616
05/12/2014,28.07,28.27,28.05,28.27,1787869
08/12/2014,28.22,28.32,27.71,27.88,2719905
09/12/2014,27.57,27.93,27.45,27.83,5364921
10/12/2014,27.79,27.85,27.34,27.4,3145572
11/12/2014,27.56,27.83,27.44,27.52,1762794
12/12/2014,27.28,27.48,27.08,27.11,3806756
15/12/2014,27.26,27.51,26.8,26.87,4770239
16/12/2014,26.79,27.22,26.64,26.65,6103034
17/12/2014,26.72,27.22,26.47,27.18,4869925
18/12/2014,27.64,27.66,27.4,27.65,4601605
19/12/2014,27.7,27.84,27.43,27.55,2635482
22/12/2014,27.42,27.74,27.35,27.69,2451245
23/12/2014,27.78,27.88,27.62,27.63,1484327
24/12/2014,27.71,27.8,27.6,27.7,630928
26/12/2014,27.96,27.96,27.65,27.67,646436
29/12/2014,27.72,27.72,27.52,27.6,1060200
30/12/2014,27.55,27.55,27.42,27.42,2484347
31/12/2014,27.49,27.69,27.28,27.31,3260508
02/01/2015,27.33,27.58,27.04,27.25,1806024
05/01/2015,27.16,27.18,26.75,26.76,2797305
06/01/2015,26.72,26.72,26.04,26.13,6067867
07/01/2015,26.26,26.58,26.19,26.47,4022289
08/01/2015,26.81,27.21,26.69,27.13,3081027
09/01/2015,27.2,27.24,26.74,27.05,1673316
12/01/2015,27.01,27.06,26.54,26.71,3120423
13/01/2015,26.76,27.25,26.42,26.56,3519411
14/01/2015,26.35,26.67,26.19,26.46,3732125
15/01/2015,26.8,27.02,26.53,26.6,3886443
16/01/2015,26.44,26.85,26.28,26.82,3653040
20/01/2015,26.9,27.16,26.75,27.08,2546044
21/01/2015,27.05,27.49,26.96,27.43,2692530
22/01/2015,27.39,27.68,26.97,27.68,3054004
23/01/2015,27.57,27.77,27.5,27.56,1871450
26/01/2015,27.51,27.6,27.29,27.56,1801161
27/01/2015,27.17,27.27,26.82,27.01,5010940
28/01/2015,27.35,27.47,26.78,26.78,3510549
29/01/2015,26.86,27.06,26.45,26.93,3022279
30/01/2015,26.73,26.94,26.33,26.37,3591270
02/02/2015,26.37,26.49,25.92,26.42,6878683
03/02/2015,26.62,26.83,26.45,26.79,3033815
04/02/2015,26.78,27.16,26.78,26.98,3827888
05/02/2015,27.16,27.25,26.93,27.25,2523616
06/02/2015,27.25,27.42,26.9,26.96,2552885
09/02/2015,26.87,26.87,26.47,26.61,2907655
10/02/2015,27.08,27.49,26.92,27.48,3678806
11/02/2015,27.5,27.73,27.4,27.64,2870205
12/02/2015,27.75,28.03,27.74,28.03,2968697
13/02/2015,28.07,28.25,27.93,28.2,2956143
17/02/2015,28.15,28.33,28.07,28.32,1781270
18/02/2015,28.3,28.31,28.11,28.22,2606375
19/02/2015,28.15,28.31,28.09,28.24,2366961
20/02/2015,28.25,28.39,28.07,28.37,2095364
23/02/2015,28.32,28.35,28.08,28.16,1350746
24/02/2015,28.18,28.75,28.08,28.74,2604816
25/02/2015,28.67,28.72,28.48,28.55,1808316
26/02/2015,28.57,28.76,28.52,28.65,2014449
27/02/2015,28.64,28.69,28.47,28.49,3519455
02/03/2015,28.73,29.24,28.73,29.24,4886852
03/03/2015,29.08,29.14,28.7,28.76,4939025
04/03/2015,28.76,28.76,28.42,28.71,2030940
05/03/2015,28.86,28.88,28.58,28.7,1257814
06/03/2015,28.56,28.63,28.28,28.34,1795292
09/03/2015,28.31,28.37,28.13,28.24,1885608
10/03/2015,28.01,28.06,27.66,27.67,4778857
11/03/2015,27.86,28.15,27.85,27.87,3636586
12/03/2015,27.4,27.8,27.4,27.72,4599290
13/03/2015,27.69,27.96,27.59,27.95,3171501
16/03/2015,28.01,28.35,28.01,28.32,2940985
17/03/2015,28.1,28.17,27.95,28.13,1337059
18/03/2015,28.08,28.53,27.77,28.39,5012085
19/03/2015,28.36,28.48,28.33,28.42,2366642
20/03/2015,28.58,28.94,28.58,28.87,3100699
23/03/2015,28.81,28.92,28.62,28.62,2753554
24/03/2015,28.58,28.66,28.36,28.36,2612941
25/03/2015,28.37,28.37,26.99,27.03,10435314
26/03/2015,26.48,27.06,26.31,26.84,11836657
27/03/2015,26.8,27.87,26.76,27.7,7801736
30/03/2015,27.69,28.07,27.62,27.93,5048737
31/03/2015,27.81,27.98,27.64,27.65,2735825
01/04/2015,27.68,27.68,27.28,27.38,3184868
02/04/2015,27.52,27.71,27.43,27.46,2868459
06/04/2015,27.12,27.59,27.05,27.53,3275153
07/04/2015,27.51,27.78,27.49,27.54,1879523
08/04/2015,27.45,27.75,27.44,27.68,1924448
09/04/2015,27.44,27.98,27.44,27.95,2610398
10/04/2015,27.92,28.12,27.92,28.12,1512197
13/04/2015,28.13,28.23,27.9,27.92,3002553
14/04/2015,27.94,27.96,27.55,27.67,2922609
15/04/2015,27.84,28.28,27.84,28.18,3187569
16/04/2015,27.87,28.13,27.87,28.06,5408415
17/04/2015,27.8,27.84,27.56,27.7,2820413
20/04/2015,27.85,28.05,27.85,27.93,1778163
21/04/2015,28.2,28.32,28,28.11,2012419
22/04/2015,28.31,28.62,28.14,28.62,2492949
23/04/2015,28.1,28.44,28.09,28.32,2623183
24/04/2015,28.4,28.49,27.92,28.02,4027783
27/04/2015,28.06,28.53,28.02,28.25,13778861
28/04/2015,28.22,28.24,27.83,28.23,3250436
29/04/2015,28.03,28.12,27.77,28.02,4016639
30/04/2015,27.93,28.04,27.59,27.73,3176148
01/05/2015,27.98,28.53,27.98,28.52,4147980
04/05/2015,28.55,28.59,28.32,28.37,2730157
05/05/2015,28.21,28.28,27.81,27.83,6141065
06/05/2015,27.97,28.07,27.63,27.82,4481110
07/05/2015,27.89,28.12,27.87,28.02,3465067
08/05/2015,28.22,28.4,28.2,28.29,4057209
11/05/2015,28.27,28.37,28.17,28.28,3362235
12/05/2015,28.18,28.21,27.91,28.06,3159726
13/05/2015,28.13,28.41,28.12,28.2,2166597
14/05/2015,28.36,28.61,28.28,28.49,4148159
15/05/2015,28.59,28.65,28.4,28.53,3316004
18/05/2015,28.6,28.79,28.47,28.78,1781708
19/05/2015,28.9,28.98,28.62,28.73,2011232
20/05/2015,28.72,29,28.66,28.82,1523700
21/05/2015,28.8,28.92,28.59,28.87,1409704
22/05/2015,28.85,29,28.85,28.9,866196
26/05/2015,28.85,28.85,28.55,28.67,2198397
27/05/2015,28.81,29.82,28.74,29.74,7723159
28/05/2015,29.71,29.89,29.57,29.78,6955292
29/05/2015,29.82,30,29.75,29.91,5910716
01/06/2015,29.99,30.07,29.64,29.8,3652039
02/06/2015,29.66,29.77,29.37,29.38,2851693
03/06/2015,29.57,29.57,29.15,29.17,1754238
04/06/2015,29.08,29.15,28.74,28.83,3285616
05/06/2015,28.76,28.86,28.56,28.74,1666303
08/06/2015,28.75,28.75,28.17,28.23,4329790
09/06/2015,28.25,28.36,28.03,28.26,3765114
10/06/2015,28.42,28.79,28.4,28.69,2919060
11/06/2015,28.84,28.9,28.69,28.72,1725677
12/06/2015,28.59,28.66,28.44,28.48,1500350
15/06/2015,28.2,28.43,28.07,28.4,2524272
16/06/2015,28.29,28.59,28.23,28.52,1629778
17/06/2015,28.52,28.68,28.44,28.55,1407601
18/06/2015,28.64,29.06,28.64,28.95,2179016
19/06/2015,29.03,29.05,28.71,28.85,2850087
22/06/2015,29.06,29.13,28.93,29.1,2407504
23/06/2015,29.15,29.21,28.87,28.96,1541741
24/06/2015,28.96,29.01,28.71,28.73,2256916
25/06/2015,28.94,29,28.73,28.8,1175727
26/06/2015,28.51,28.51,27.78,27.96,10079325
29/06/2015,27.59,27.75,27.12,27.16,7290870
30/06/2015,27.43,27.51,27.15,27.29,4960296
01/07/2015,27.56,27.74,27.31,27.39,3546777
02/07/2015,27.5,27.66,27.37,27.56,3631298
06/07/2015,27.29,27.52,27,27.12,4930798
07/07/2015,26.95,27.05,26.22,26.98,7686091
08/07/2015,26.72,26.72,26.2,26.28,9996336
09/07/2015,26.79,26.82,25.93,25.98,6665305
10/07/2015,26.24,26.54,26.24,26.45,6026791
13/07/2015,26.61,26.74,26.24,26.68,4409509
14/07/2015,26.81,26.96,26.76,26.9,5476788
15/07/2015,26.95,26.98,26.64,26.76,4029920
16/07/2015,26.91,26.91,26.45,26.75,6189832
17/07/2015,26.74,26.77,26.47,26.73,3720944
20/07/2015,26.76,26.82,26.51,26.52,2404896
21/07/2015,26.51,26.73,26.46,26.5,2837050
22/07/2015,25.76,26.24,25.61,25.85,8903052
23/07/2015,26.02,26.51,26,26.21,5055341
24/07/2015,26.28,26.3,25.59,25.61,3677237
27/07/2015,25.44,25.67,25.22,25.51,4647710
28/07/2015,25.6,26.2,25.44,26.04,7106324
29/07/2015,26.09,26.2,25.86,26.14,3960994
30/07/2015,26.15,26.46,26.07,26.38,3802643
31/07/2015,26.37,26.38,26.01,26.08,2163019
03/08/2015,26.03,26.05,25.81,25.95,2847434
04/08/2015,25.89,25.94,25.51,25.68,3848569
05/08/2015,26.12,26.18,25.7,25.99,3119104
06/08/2015,26,26,25.45,25.69,4226878
07/08/2015,25.6,25.78,25.51,25.75,2583114
10/08/2015,25.9,26.48,25.89,26.4,4553779
11/08/2015,26,26.09,25.7,25.8,2836173
12/08/2015,25.47,25.97,25.25,25.87,3235991
13/08/2015,25.79,25.88,25.51,25.51,1616174
14/08/2015,25.4,25.46,25.17,25.33,2289392
17/08/2015,25.21,25.54,25.02,25.52,3162044
18/08/2015,25.47,25.51,25.03,25.07,5433759
19/08/2015,25.11,25.13,24.66,24.82,7766011
20/08/2015,24.61,24.62,24,24.01,5396342
21/08/2015,23.72,24.06,23.35,23.4,10571135
24/08/2015,21.77,23.99,21.77,23.03,9917026
25/08/2015,23.49,24.03,22.83,22.83,6312120
26/08/2015,23.29,23.91,23.08,23.88,4751301
27/08/2015,24.19,24.73,24.19,24.67,5560287
28/08/2015,24.64,24.95,24.57,24.88,4912305
31/08/2015,24.77,25.06,24.57,24.78,2983930
01/09/2015,24.28,24.51,23.85,24.01,6833470
02/09/2015,24.49,24.62,24.22,24.6,4054803
03/09/2015,24.82,25.13,24.75,24.85,2840681
04/09/2015,24.58,24.69,24.32,24.46,3409216
08/09/2015,25.05,25.42,24.99,25.39,5111604
09/09/2015,25.62,25.88,24.93,25,6774594
10/09/2015,24.95,25.33,24.69,25.08,5348107
11/09/2015,24.86,25.16,24.8,25.13,3557830
14/09/2015,25.27,25.33,25.08,25.19,1479129
15/09/2015,25.41,25.66,25.32,25.56,3887829
16/09/2015,25.63,25.7,25.4,25.67,1223074
17/09/2015,25.67,25.94,25.48,25.51,2829788
18/09/2015,25.08,25.41,24.98,25.08,4383951
21/09/2015,25.25,25.29,24.91,25.06,2846081
22/09/2015,24.56,24.73,24.44,24.54,5330313
23/09/2015,24.57,24.66,24.34,24.37,1765204
24/09/2015,24.11,24.48,23.77,24.36,3885066
25/09/2015,24.71,24.82,24.3,24.49,2134246
28/09/2015,24.41,24.52,23.94,23.97,3041731
29/09/2015,23.96,24.3,23.84,24.13,4071762
30/09/2015,24.6,25.01,24.53,24.94,3157593
01/10/2015,25.02,25.02,24.38,24.78,2835039
02/10/2015,24.47,25.18,24.45,25.17,3829774
05/10/2015,25.43,25.77,25.31,25.61,3961164
06/10/2015,25.59,25.81,25.34,25.72,5574548
07/10/2015,25.99,26.25,25.71,26.1,4706073
08/10/2015,26.12,26.44,25.91,26.44,2996153
09/10/2015,26.31,26.39,26.01,26.13,2003090
12/10/2015,26.26,26.26,26.08,26.17,1283339
13/10/2015,25.97,26.12,25.84,25.85,3382158
14/10/2015,25.83,26.84,25.75,26.63,11830118
15/10/2015,26.81,26.97,26.62,26.81,4871655
16/10/2015,26.84,26.94,26.69,26.92,2381230
19/10/2015,26.93,27.06,26.77,26.94,2670446
20/10/2015,26.9,27.01,26.78,26.88,3293398
21/10/2015,27.19,27.36,26.93,26.93,3030322
22/10/2015,27.33,27.83,27.33,27.75,4563725
23/10/2015,28.01,28.18,27.78,28.07,5207522
26/10/2015,28.04,28.04,27.45,27.53,2104497
27/10/2015,27.34,27.56,27.29,27.36,3602460
28/10/2015,27.5,27.71,27.33,27.64,4978452
29/10/2015,27.03,27.16,26.88,26.92,4327149
30/10/2015,27.04,27.23,27.02,27.11,1682808
02/11/2015,27.17,27.41,27.11,27.36,1909354
03/11/2015,27.28,27.72,27.24,27.6,1713844
04/11/2015,27.73,27.82,27.57,27.78,2002467
05/11/2015,27.56,27.6,26.99,27.06,2609729
06/11/2015,27.22,27.63,27.15,27.6,3216485
09/11/2015,27.45,27.56,27.21,27.38,1637181
10/11/2015,27,27.09,26.83,26.94,2437393
11/11/2015,26.95,27.22,26.93,26.95,1035393
12/11/2015,26.85,26.96,26.6,26.61,2491263
13/11/2015,26.55,26.63,26.22,26.33,3322386
16/11/2015,26.33,26.67,26.33,26.67,1922090
17/11/2015,26.64,27.08,26.64,26.94,2716444
18/11/2015,26.94,27.11,26.7,27.08,2840241
19/11/2015,27.26,27.53,27.05,27.29,3793736
20/11/2015,27.37,27.56,27.31,27.4,1333889
23/11/2015,27.4,27.4,27.04,27.09,1227954
24/11/2015,26.94,27.4,26.94,27.37,4007155
25/11/2015,27.34,27.54,27.29,27.41,1006475
27/11/2015,27.44,27.61,27.43,27.55,672271
30/11/2015,27.65,27.9,27.55,27.9,2383365
01/12/2015,27.94,28.23,27.94,28.23,1555672
02/12/2015,28.31,28.45,28.08,28.12,1808080
03/12/2015,28.48,28.49,27.77,27.93,3201272
04/12/2015,27.99,28.46,27.85,28.4,1945756
07/12/2015,28.5,28.5,28.12,28.17,2408872
08/12/2015,27.83,28.03,27.7,27.91,1936013
09/12/2015,27.84,27.98,27.46,27.62,3399366
10/12/2015,27.61,27.93,27.6,27.72,1763869
11/12/2015,27.35,27.51,27.13,27.18,3884796
14/12/2015,27.2,27.25,26.69,26.98,4017503
15/12/2015,27.09,27.54,27.09,27.4,3167312
16/12/2015,27.6,27.66,27.18,27.62,1733870
17/12/2015,27.71,27.81,27.22,27.25,3766409
18/12/2015,27.04,27.17,26.87,26.87,4166648
21/12/2015,26.57,26.76,26.48,26.76,2582172
22/12/2015,26.81,26.9,26.66,26.88,1147515
23/12/2015,26.93,27.05,26.87,27.02,797780
24/12/2015,26.97,27.2,26.94,27.1,463519
28/12/2015,27,27.06,26.76,27.03,1523010
29/12/2015,27.14,27.43,27.12,27.33,1188601
30/12/2015,27.39,27.39,27.04,27.07,2444373
31/12/2015,26.96,26.96,26.64,26.64,1622959
04/01/2016,26.17,26.36,26,26.36,2869636
05/01/2016,26.36,26.43,26.07,26.12,3447370
06/01/2016,25.65,25.7,25.22,25.44,3122612
07/01/2016,24.85,25.21,24.62,24.66,4928072
08/01/2016,24.73,24.9,24.27,24.27,3182254
11/01/2016,24.57,24.68,24.14,24.49,3282177
12/01/2016,24.83,24.89,24.35,24.7,4806971
13/01/2016,24.58,24.89,23.94,23.97,5326680
14/01/2016,24.07,24.73,23.85,24.61,4519914
15/01/2016,23.4,23.68,23.07,23.35,5293537
19/01/2016,23.71,23.89,23.31,23.51,7574270
20/01/2016,23.22,23.8,23.01,23.57,5382537
21/01/2016,23.83,24.17,23.5,23.89,4303558
22/01/2016,24.36,24.49,24.18,24.35,4000611
25/01/2016,24.3,24.38,24.03,24.07,2254823
26/01/2016,24.19,24.44,24.08,24.28,3956784
27/01/2016,24.21,24.43,23.9,24.01,3714311
28/01/2016,24.12,24.18,23.77,23.88,3241124
29/01/2016,24.29,24.9,24.11,24.86,5637638
01/02/2016,24.65,25.12,24.65,24.97,2394057
02/02/2016,24.7,24.81,24.19,24.29,4612869
03/02/2016,24.49,24.55,23.84,24.32,8267981
04/02/2016,24.39,24.9,24.32,24.79,2736590
05/02/2016,24.65,24.68,23.84,23.93,5337016
08/02/2016,23.51,23.57,23.04,23.42,5538997
09/02/2016,23.05,23.65,23.04,23.32,3442542
10/02/2016,23.43,23.57,22.96,22.98,2389815
11/02/2016,22.64,22.93,22.52,22.82,4019492
12/02/2016,23.3,23.3,22.73,23.27,2215441
16/02/2016,24.31,24.31,23.57,24.06,4211937
17/02/2016,24.21,24.66,24.13,24.63,2012161
18/02/2016,24.82,24.83,24.53,24.53,1430576
19/02/2016,24.61,24.78,24.47,24.58,2627319
22/02/2016,24.84,25.08,24.83,24.98,2584696
23/02/2016,24.78,24.9,24.51,24.56,1660221
24/02/2016,24.23,24.92,24.14,24.87,3053028
25/02/2016,24.98,25.16,24.68,25.16,1295823
26/02/2016,25.31,25.41,25.2,25.3,2400691
29/02/2016,25.31,25.62,25.21,25.22,2330651
01/03/2016,25.56,25.99,25.48,25.99,1972334
02/03/2016,25.93,26.13,25.87,26.13,1282895
03/03/2016,26.21,26.25,26.02,26.19,1799822
04/03/2016,26.29,26.58,26.09,26.36,3104945
07/03/2016,26.19,26.56,26.09,26.46,3246467
08/03/2016,26.25,26.36,25.92,25.96,3578772
09/03/2016,26.09,26.22,25.97,26.14,1568533
10/03/2016,26.31,26.53,25.9,26.28,2677935
11/03/2016,26.58,26.81,26.55,26.81,2224039
14/03/2016,26.7,26.79,26.59,26.69,2149288
15/03/2016,26.55,26.62,26.4,26.6,1287640
16/03/2016,26.52,26.94,26.5,26.91,3402410
17/03/2016,26.83,27.14,26.81,27.1,246467
18/03/2016,27.13,27.45,27.13,27.44,1419203
21/03/2016,27.3,27.45,27.2,27.44,2010123
22/03/2016,27.29,27.51,27.22,27.43,820346
23/03/2016,27.44,27.44,27.09,27.1,1836093
24/03/2016,26.91,27.07,26.8,27.06,1733095
28/03/2016,27.1,27.11,26.93,27.05,1478838
29/03/2016,26.95,27.46,26.86,27.42,2581817
30/03/2016,27.59,27.83,27.53,27.7,2990774
31/03/2016,27.59,27.66,27.52,27.54,1499959
01/04/2016,27.33,27.68,27.26,27.67,1559233
04/04/2016,27.69,27.7,27.4,27.46,2714541
05/04/2016,27.26,27.41,27.21,27.25,1575316
06/04/2016,27.12,27.53,27.02,27.51,1361146
07/04/2016,27.34,27.4,27.04,27.14,1989743
08/04/2016,27.43,27.52,27.18,27.27,1175424
11/04/2016,27.45,27.69,27.28,27.3,2539549
12/04/2016,27.36,27.4,26.95,27.26,1746291
13/04/2016,27.48,27.83,27.42,27.81,1967743
14/04/2016,27.51,27.55,27.27,27.51,2385838
15/04/2016,27.55,27.55,27.3,27.31,2921111
18/04/2016,27.2,27.41,27.14,27.34,1736770
19/04/2016,27.4,27.44,27,27.11,2833939
20/04/2016,26.98,27.37,26.96,27.24,2993048
21/04/2016,27.21,27.28,26.97,27.09,2174015
22/04/2016,27.11,27.31,26.89,27.11,1605028
25/04/2016,27.16,27.17,26.9,26.97,1048404
26/04/2016,27.15,27.49,27.15,27.26,2250463
27/04/2016,27.07,27.62,27.05,27.58,3489632
28/04/2016,27.26,27.57,26.85,26.9,3434523
29/04/2016,26.81,26.81,26.06,26.23,9485196
02/05/2016,26.28,26.46,26.15,26.41,3283863
03/05/2016,26.17,26.27,25.99,26.13,4389328
04/05/2016,25.91,26.11,25.77,25.85,3102590
05/05/2016,25.97,26.16,25.84,25.95,3777345
06/05/2016,25.78,25.98,25.65,25.95,3124809
09/05/2016,26,26.14,25.85,25.93,2330132
10/05/2016,25.99,26.22,25.88,26.22,2268431
11/05/2016,26.09,26.31,26.09,26.1,902539
12/05/2016,26.19,26.21,25.44,25.63,6501712
13/05/2016,25.8,25.95,25.67,25.71,2316343
16/05/2016,25.72,26.36,25.72,26.22,1827857
17/05/2016,26.14,26.28,25.93,25.98,2106113
18/05/2016,25.96,26.63,25.96,26.44,3096570
19/05/2016,26.23,26.45,26.03,26.21,1715634
20/05/2016,26.55,27.08,26.55,27.08,4357197
23/05/2016,27.33,27.5,27.22,27.25,3832842
24/05/2016,27.39,27.92,27.39,27.91,3021598
25/05/2016,28.06,28.13,27.87,28.07,3107736
26/05/2016,28.11,28.21,28.03,28.16,2506978
27/05/2016,28.17,28.38,28.17,28.35,1401905
31/05/2016,28.47,28.47,28.26,28.45,3689958
01/06/2016,28.34,28.61,28.31,28.57,1909795
02/06/2016,28.44,28.56,28.39,28.56,2242301
03/06/2016,28.72,28.78,28.44,28.62,2599456
06/06/2016,28.63,28.76,28.47,28.55,2957761
07/06/2016,28.66,28.88,28.63,28.85,3977426
08/06/2016,28.84,28.91,28.75,28.85,2212259
09/06/2016,28.6,28.88,28.53,28.85,3094150
10/06/2016,28.49,28.57,28.27,28.35,2876972
13/06/2016,28.2,28.55,28.19,28.23,1667763
14/06/2016,28.18,28.28,27.94,28.2,3838295
15/06/2016,28.38,28.38,28.13,28.17,1368379
16/06/2016,27.86,28.23,27.7,28.18,3512260
17/06/2016,28.21,28.21,27.81,27.99,5075197
20/06/2016,28.39,28.75,28.39,28.46,2601840
21/06/2016,28.59,28.65,28.45,28.6,3065514
22/06/2016,28.6,28.87,28.53,28.56,3598925
23/06/2016,28.87,29.28,28.83,29.28,3177315
24/06/2016,27.98,28.46,27.57,27.57,7885049
27/06/2016,27.3,27.33,26.55,26.72,7811794
28/06/2016,27.11,27.45,27,27.45,5417975
29/06/2016,27.78,28.07,27.67,28.01,5453662
30/06/2016,28.11,28.73,28,28.51,3508606
01/07/2016,28.33,28.39,28.26,28.3,1605684
05/07/2016,28.06,28.08,27.71,27.85,2551600
06/07/2016,27.64,27.93,27.41,27.89,3446303
07/07/2016,27.95,28.41,27.85,28.2,1596184
08/07/2016,28.48,28.97,28.38,28.97,2842887
11/07/2016,29.14,29.43,29.11,29.36,1479151
12/07/2016,29.58,29.71,29.48,29.68,1453901
13/07/2016,29.71,29.83,29.62,29.69,989512
14/07/2016,29.95,29.99,29.69,29.94,1579787
15/07/2016,29.92,29.92,29.75,29.85,2014741
18/07/2016,30.6,30.74,30.56,30.72,2628867
19/07/2016,30.61,30.66,30.51,30.6,834061
20/07/2016,30.73,31.12,30.68,31.07,2276449
21/07/2016,31.03,31.04,30.66,30.81,3551558
22/07/2016,30.72,30.99,30.59,30.99,2151319
25/07/2016,31.01,31.16,31,31.14,1318145
26/07/2016,31.41,32.15,31.3,32.03,8611579
27/07/2016,32.26,32.26,31.77,31.92,2777760
28/07/2016,31.9,32.05,31.75,31.88,1719857
29/07/2016,31.88,31.95,31.61,31.75,1966041
01/08/2016,31.83,31.95,31.75,31.84,1248318
02/08/2016,31.78,31.9,31.25,31.42,5587965
03/08/2016,31.34,31.5,31.29,31.5,1275305
04/08/2016,31.51,31.74,31.49,31.73,1524953
05/08/2016,31.89,32.14,31.81,32.1,930386
08/08/2016,32.21,32.25,32.04,32.1,772334
09/08/2016,32.26,32.39,32.26,32.31,1975044
10/08/2016,32.38,32.38,32,32.1,642301
11/08/2016,32.2,32.27,32.06,32.23,607296
12/08/2016,32.25,32.43,32.24,32.36,1330709
15/08/2016,32.47,32.8,32.47,32.73,1747597
16/08/2016,32.69,32.69,32.5,32.53,765338
17/08/2016,32.54,32.54,32.29,32.47,2081085
18/08/2016,32.49,32.72,32.49,32.72,1334867
19/08/2016,32.76,32.95,32.65,32.89,990636
22/08/2016,32.83,32.96,32.74,32.9,940284
23/08/2016,33.1,33.23,33.03,33.06,1712457
24/08/2016,33.07,33.1,32.71,32.8,1974141
25/08/2016,32.83,33.05,32.81,32.91,1600447
26/08/2016,32.99,33.31,32.85,33.05,2244067
29/08/2016,33.15,33.27,33.1,33.16,1084526
30/08/2016,33.17,33.33,33.02,33.1,1461649
31/08/2016,33.17,33.19,32.95,33.1,1032506
01/09/2016,33.14,33.41,33.01,33.41,1811203
02/09/2016,33.54,33.54,33.25,33.38,2209380
06/09/2016,33.48,33.54,33.2,33.38,2198540
07/09/2016,33.52,33.57,33.12,33.16,3971042
08/09/2016,33.05,33.17,32.88,33.09,3739985
09/09/2016,32.8,32.81,31.85,31.89,10923831
12/09/2016,31.71,32.56,31.53,32.55,6676906
13/09/2016,32.44,32.63,32.05,32.19,3721308
14/09/2016,32.23,32.56,32.09,32.46,2623639
15/09/2016,32.54,33.33,32.38,33.27,5150263
16/09/2016,33.73,33.73,33.03,33.28,2681845
19/09/2016,33.63,33.84,33.32,33.4,2175914
20/09/2016,33.59,33.63,33.2,33.27,1425152
21/09/2016,33.54,33.79,33.32,33.73,3875884
22/09/2016,34.07,34.19,33.78,33.89,3121603
23/09/2016,33.88,33.89,33.47,33.49,2107715
26/09/2016,33.3,33.38,33.08,33.19,1745634
27/09/2016,33.13,33.74,33.08,33.73,4052831
28/09/2016,33.82,33.92,33.54,33.78,1597201
29/09/2016,33.72,34.4,33.42,34.19,6749458
30/09/2016,34.42,34.88,34.41,34.74,3322364
03/10/2016,34.67,34.91,34.42,34.47,2200006
04/10/2016,34.61,34.74,34.27,34.32,3617239
05/10/2016,34.49,34.86,34.44,34.59,4026485
06/10/2016,34.67,34.85,34.39,34.78,2482899
07/10/2016,34.88,34.88,34.51,34.81,2101493
10/10/2016,35.02,35.1,34.68,34.7,1775119
11/10/2016,34.56,34.64,33.71,33.99,4139655
12/10/2016,33.94,34.03,33.64,33.99,4267424
13/10/2016,33.67,33.74,33.03,33.6,6596899
14/10/2016,33.83,34.19,33.77,33.81,2346062
17/10/2016,33.74,33.95,33.64,33.67,901497
18/10/2016,34.06,34.23,33.96,34.05,2698894
19/10/2016,33.69,33.83,33.53,33.7,6699809
20/10/2016,33.66,34.1,33.52,33.99,3570431
21/10/2016,33.88,33.99,33.63,33.95,2026724
24/10/2016,34.17,34.39,34.1,34.39,1299108
25/10/2016,34.31,34.42,34.24,34.29,1422584
26/10/2016,33.81,34.41,33.81,34.19,1130032
27/10/2016,34.49,34.62,34.06,34.09,2557366
28/10/2016,34.18,34.36,33.89,33.9,2150768
31/10/2016,34.08,34.26,34.07,34.14,1572741
01/11/2016,34.18,34.33,33.48,33.82,2695237
02/11/2016,33.8,33.99,33.53,33.61,1829864
03/11/2016,33.65,33.83,33.43,33.47,2692213
04/11/2016,33.25,33.63,33.13,33.3,3052044
07/11/2016,33.84,34.3,33.79,34.3,2098005
08/11/2016,34.19,34.53,34.08,34.35,939504
09/11/2016,33.52,34.18,33.4,34.08,5224674
10/11/2016,34.35,34.36,33.07,33.45,5862090
11/11/2016,33.53,34.28,33.53,34.28,6584017
14/11/2016,34.24,34.27,33.82,33.91,2930216
15/11/2016,34.03,34.56,34.02,34.48,2952765
16/11/2016,34.41,34.79,34.35,34.74,1833897
17/11/2016,34.84,35.1,34.67,34.97,1521610
18/11/2016,34.98,35.21,34.89,35.17,5353076
21/11/2016,35.5,35.5,35.15,35.4,3672684
22/11/2016,35.67,35.86,35.63,35.81,3414825
23/11/2016,35.78,35.89,35.65,35.75,1821135
25/11/2016,35.83,35.87,35.7,35.85,443465
28/11/2016,35.78,35.92,35.69,35.77,3272516
29/11/2016,35.6,35.83,35.48,35.63,2949017
30/11/2016,35.64,35.72,35.51,35.53,1767321
01/12/2016,35.48,35.48,33.74,33.84,11053315
02/12/2016,33.82,34.42,33.8,34.39,3796473
05/12/2016,34.62,34.83,34.45,34.73,2654097
06/12/2016,34.85,35.11,34.77,35.11,2683105
07/12/2016,35,35.84,34.9,35.81,3463480
08/12/2016,35.82,36.16,35.78,36.03,2530952
09/12/2016,36.3,36.35,35.69,35.84,3411178
12/12/2016,35.71,35.81,35.38,35.69,3848512
13/12/2016,35.76,36.35,35.76,36.33,3810110
14/12/2016,36.11,36.23,35.85,35.94,3156689
15/12/2016,36.04,36.6,36.03,36.51,5983667
16/12/2016,36.58,36.64,35.9,36.04,3491523
19/12/2016,35.85,36.2,35.82,36.2,1723381
20/12/2016,36.24,36.39,36.14,36.25,1174610
21/12/2016,36.49,36.49,36.17,36.22,2030076
22/12/2016,36.56,36.56,36.21,36.4,757620
23/12/2016,36.3,36.57,36.3,36.57,522549
27/12/2016,36.67,36.99,36.67,36.88,1280695
28/12/2016,37.03,37.17,36.27,36.27,1934935
29/12/2016,36.13,36.33,36,36.28,1266903
30/12/2016,36.46,36.6,35.76,35.82,1519271
03/01/2017,36.42,36.42,35.66,35.88,2870740
04/01/2017,36.04,36.15,35.89,35.99,1935225
05/01/2017,36.08,36.21,35.78,35.78,1508335
06/01/2017,35.84,36.11,35.7,35.97,2593994
09/01/2017,36.02,36.49,36.02,36.39,2354399
10/01/2017,36.36,36.6,36.36,36.53,1771042
11/01/2017,36.42,36.69,36.38,36.68,2212901
12/01/2017,36.44,36.44,35.9,36.07,3917954
13/01/2017,36.42,36.67,36.37,36.6,1130673
17/01/2017,36.5,36.53,36.09,36.17,1565652
18/01/2017,36.37,36.82,36.3,36.82,2001051
19/01/2017,36.57,36.82,36.47,36.53,1067148
20/01/2017,36.88,37.13,36.83,36.89,2720985
23/01/2017,36.78,36.84,36.38,36.56,1664337
24/01/2017,36.72,37.28,36.72,37.28,4116704
25/01/2017,37.63,37.76,37.44,37.74,2740210
26/01/2017,37.78,37.78,37.31,37.45,2616556
27/01/2017,37.63,37.92,37.63,37.92,1689866
30/01/2017,37.81,37.81,37.33,37.74,1784671
31/01/2017,37.55,37.68,37.08,37.22,2182845
01/02/2017,37.66,37.76,37.35,37.6,1706646
02/02/2017,37.38,37.72,37.25,37.64,1145116
03/02/2017,37.83,37.9,37.72,37.81,1645287
06/02/2017,37.83,37.91,37.63,37.76,959936
07/02/2017,37.95,38.02,37.75,37.92,1426401
08/02/2017,37.92,38.08,37.78,37.96,1339320
09/02/2017,38.01,38.03,37.63,37.63,1788875
10/02/2017,37.97,37.97,37.38,37.67,2011542
13/02/2017,37.95,38.17,37.86,38.17,1713532
14/02/2017,37.96,37.96,37.67,37.87,1922725
15/02/2017,37.99,38.26,37.83,38.26,1623028
16/02/2017,38.3,38.41,38.16,38.41,1929991
17/02/2017,38.21,38.55,38.12,38.55,1688507
21/02/2017,38.74,38.91,38.62,38.91,1121057
22/02/2017,38.78,38.87,38.63,38.74,1310056
23/02/2017,38.73,38.74,38.17,38.31,2727720
24/02/2017,37.89,38.38,37.75,38.37,1375859
27/02/2017,38.34,38.55,38.26,38.55,1888729
28/02/2017,38.47,38.49,38.1,38.2,2416695
01/03/2017,38.51,38.7,38.21,38.64,1832562
02/03/2017,38.6,38.68,38.28,38.3,1917158
03/03/2017,38.41,38.44,38.17,38.44,1335488
06/03/2017,38.26,38.49,38.11,38.45,2562462
07/03/2017,38.36,38.71,38.31,38.55,1532941
08/03/2017,38.54,38.85,38.49,38.59,1500499
09/03/2017,38.47,38.67,38.35,38.6,1069073
10/03/2017,38.84,39.07,38.77,38.97,1791100
13/03/2017,39.09,39.16,38.91,39.16,2734076
14/03/2017,39.03,39.04,38.76,39.02,1269899
15/03/2017,39.03,39.4,38.92,39.37,2406914
16/03/2017,39.43,39.53,39.31,39.4,1604174
17/03/2017,39.53,39.61,39.4,39.51,2049543
20/03/2017,39.67,39.92,39.51,39.75,1135204
21/03/2017,39.89,39.99,38.9,38.99,5382500
22/03/2017,39.03,39.41,38.93,39.38,3312888
23/03/2017,39.31,39.45,39.16,39.26,1330277
24/03/2017,39.86,39.99,39.44,39.57,1624163
27/03/2017,39.4,39.77,39.17,39.74,1247930
28/03/2017,39.71,39.96,39.58,39.82,2331915
29/03/2017,39.75,39.77,39.58,39.66,1179056
30/03/2017,39.66,39.95,39.65,39.86,588072
31/03/2017,39.82,40.03,39.72,39.85,865657
03/04/2017,39.9,39.98,39.47,39.76,1260512
04/04/2017,39.55,39.78,39.49,39.62,1487700
05/04/2017,39.67,39.97,39.35,39.39,1445710
06/04/2017,39.31,39.51,39.09,39.41,1010129
07/04/2017,39.37,39.66,39.34,39.56,861581
10/04/2017,39.54,39.55,39.13,39.21,1961279
11/04/2017,39.08,39.08,38.41,38.92,6764926
12/04/2017,38.92,38.95,38.28,38.41,7894115
13/04/2017,38.22,38.7,38.13,38.13,2710157
17/04/2017,38.31,38.56,38.3,38.54,2189251
18/04/2017,38.39,38.71,38.32,38.7,2125676
19/04/2017,39.02,39.21,38.81,38.91,3590650
20/04/2017,39.16,39.51,38.99,39.47,2255623
21/04/2017,39.31,39.39,39.04,39.31,2723997
24/04/2017,39.91,40,39.74,39.88,2186893
25/04/2017,40.07,40.3,39.92,40.28,2010854
26/04/2017,40.24,40.27,39.87,39.97,1996493
27/04/2017,40.19,40.54,40.19,40.51,2521904
28/04/2017,40.27,40.34,39.74,39.85,4391671
01/05/2017,39.97,40.27,39.78,40.27,2299323
02/05/2017,40.21,40.21,39.83,40.05,3248670
03/05/2017,39.97,40.3,39.94,40.28,2662384
04/05/2017,40.28,40.35,40.09,40.24,952947
05/05/2017,40.28,40.4,40.06,40.4,1029456
08/05/2017,40.45,40.47,40.25,40.3,927494
09/05/2017,40.37,40.78,40.37,40.71,1630290
10/05/2017,41.12,41.34,40.96,41.22,1665179
11/05/2017,41.15,41.45,40.89,41.31,1694056
12/05/2017,41.35,41.46,41.19,41.43,973792
15/05/2017,41.48,41.89,41.43,41.89,1770814
16/05/2017,41.96,42.39,41.82,42.39,1820828
17/05/2017,41.79,41.99,40.77,40.79,6319682
18/05/2017,40.94,41.58,40.72,41.4,3304910
19/05/2017,41.84,41.99,41.77,41.88,3090238
22/05/2017,42.03,42.29,41.98,42.28,2146071
23/05/2017,42.37,42.37,41.87,42.19,2520057
24/05/2017,42.46,42.49,42.21,42.37,999012
25/05/2017,42.61,42.74,42.34,42.66,3468176
26/05/2017,42.6,42.75,42.33,42.74,794294
30/05/2017,42.81,43.09,42.72,43.05,1747198
31/05/2017,43.28,43.29,42.76,43,1733271
01/06/2017,43.11,43.11,42.81,43.08,2625427
02/06/2017,43.31,43.46,43,43.41,1299929
05/06/2017,43.45,43.73,43.42,43.53,2193271
06/06/2017,43.48,43.89,43.32,43.63,1748440
07/06/2017,43.85,44.09,43.71,43.95,2652901
08/06/2017,44.15,44.57,43.92,44.53,3294662
09/06/2017,44.79,44.86,42.05,42.85,8926230
12/06/2017,42.33,42.74,41.57,42.59,8339280
13/06/2017,43.01,43.2,42.41,42.86,3477405
14/06/2017,42.96,43,42.08,42.49,3173148
15/06/2017,41.78,42.25,41.78,42.1,4198989
16/06/2017,42.28,42.49,41.97,42.08,3706701
19/06/2017,42.52,42.87,42.52,42.82,2689453
20/06/2017,42.88,43.06,42.29,42.29,2642961
21/06/2017,42.49,42.79,42.32,42.77,3205975
22/06/2017,42.77,42.88,42.52,42.66,2245905
23/06/2017,42.68,43.01,42.58,42.84,2066867
26/06/2017,43.24,43.34,42.39,42.67,5378204
27/06/2017,42.35,42.35,41.45,41.45,7597169
28/06/2017,41.76,42.14,41.29,42.05,3936645
29/06/2017,41.78,41.86,40.59,41.11,7695639
30/06/2017,41.29,41.43,40.78,40.93,5227491
03/07/2017,41.19,41.31,40.46,40.46,3249874
05/07/2017,40.62,41.29,40.62,41.23,6452810
06/07/2017,40.97,41.33,40.69,41.06,2720784
07/07/2017,41.33,41.79,41.25,41.61,3415478
10/07/2017,41.69,42.14,41.52,42.04,3392747
11/07/2017,42.1,42.45,41.94,42.37,2924253
12/07/2017,42.87,43.06,42.62,42.98,3151547
13/07/2017,43,43.27,42.76,42.88,3002467
14/07/2017,43.1,43.47,43.04,43.41,2343552
17/07/2017,43.51,43.52,43.11,43.29,1715460
18/07/2017,43.14,43.46,42.96,43.46,3909145
19/07/2017,43.7,43.89,43.62,43.89,3013874
20/07/2017,44.02,44.02,43.55,43.98,2727860
21/07/2017,43.66,43.74,43.43,43.74,3140724
24/07/2017,43.66,43.69,43.47,43.6,2674090
25/07/2017,43.45,43.58,43.13,43.48,3208476
26/07/2017,43.82,44.05,43.68,43.94,2016140
27/07/2017,44.08,44.18,42.94,43.38,6367271
28/07/2017,43.17,43.37,43.01,43.18,3628380
31/07/2017,43.3,43.46,42.78,42.92,3528949
01/08/2017,43.07,43.11,42.84,43.11,2188101
02/08/2017,43.59,43.59,42.61,42.87,3981149
03/08/2017,42.87,42.98,42.55,42.72,2973254
04/08/2017,42.9,43.11,42.68,42.85,3395780
07/08/2017,42.98,43.62,42.98,43.6,3020969
08/08/2017,43.6,43.94,43.35,43.47,5089715
09/08/2017,43.02,43.39,42.97,43.39,3533493
10/08/2017,43.01,43.14,42.19,42.2,5556373
11/08/2017,42.12,42.63,42.04,42.59,3321246
14/08/2017,42.92,43.48,42.92,43.43,3321533
15/08/2017,43.48,43.62,43.29,43.59,4031325
16/08/2017,43.66,43.78,43.45,43.68,3136775
17/08/2017,43.43,43.55,42.63,42.64,5997834
18/08/2017,42.82,43.06,42.53,42.74,8731707
21/08/2017,42.83,42.83,42.24,42.58,3422526
22/08/2017,42.82,43.26,42.79,43.15,2636523
23/08/2017,42.88,43.35,42.78,43.24,2117560
24/08/2017,43.44,43.46,42.99,43.23,1129929
25/08/2017,43.47,43.47,43.01,43.1,2012219
28/08/2017,43.22,43.25,42.99,43.22,2103114
29/08/2017,42.79,43.45,42.78,43.34,2506624
30/08/2017,43.52,44.02,43.39,43.95,2329502
31/08/2017,44.05,44.35,43.98,44.29,2401923
01/09/2017,44.4,44.69,44.4,44.5,1499087
05/09/2017,44.29,44.42,43.59,43.94,4424015
06/09/2017,44.09,44.27,43.87,44.09,1612493
07/09/2017,44.27,44.36,44.02,44.26,1318127
08/09/2017,44.19,44.28,43.67,43.78,2472292
11/09/2017,44.19,44.66,44.07,44.58,2724384
12/09/2017,44.7,44.86,44.5,44.75,2443342
13/09/2017,44.65,44.87,44.48,44.76,2936369
14/09/2017,44.64,45.17,44.6,44.95,4297761
15/09/2017,45.19,45.61,45,45.55,4618838
18/09/2017,45.88,46.36,45.83,46.18,3737479
19/09/2017,46.32,46.45,46.03,46.3,2269554
20/09/2017,46.36,46.42,45.11,45.69,4604414
21/09/2017,45.63,45.72,45.2,45.6,9628354
22/09/2017,45.4,45.84,45.26,45.79,1330212
25/09/2017,45.57,45.61,44.75,44.87,3770428
26/09/2017,45.3,45.32,44.73,44.92,2142017
27/09/2017,45.45,46.08,45.32,45.94,3999845
28/09/2017,45.84,46.25,45.72,46.23,2972514
29/09/2017,46.35,46.7,46.2,46.66,3777643
02/10/2017,46.92,47.15,46.65,46.97,3188047
03/10/2017,47.11,47.25,46.94,47.13,2070587
04/10/2017,47.06,47.22,46.81,47.2,1676242
05/10/2017,47.39,47.4,47,47.25,1846060
06/10/2017,47.17,47.45,47.08,47.44,1334819
09/10/2017,47.62,47.81,47.55,47.78,1203603
10/10/2017,48.23,48.24,47.54,48.03,2657542
11/10/2017,47.95,48.41,47.93,48.37,1629208
12/10/2017,48.42,48.57,48.24,48.27,2900524
13/10/2017,48.56,48.76,48.39,48.6,1685183
16/10/2017,48.79,48.86,48.52,48.86,1636958
17/10/2017,48.83,48.88,48.59,48.85,2924693
18/10/2017,49.03,49.1,48.38,49.03,3046821
19/10/2017,48.64,48.93,48.21,48.93,2432190
20/10/2017,49.33,49.36,49.11,49.19,5067311
23/10/2017,49.43,49.64,49.21,49.38,2625162
24/10/2017,49.5,49.72,49.29,49.68,3149009
25/10/2017,49.31,49.53,48.6,49.05,4306354
26/10/2017,49.15,49.44,49.11,49.31,3449598
27/10/2017,49.71,50.36,49.48,50.3,3232900
30/10/2017,50.34,50.57,50.13,50.32,2447463
31/10/2017,50.52,50.97,50.42,50.81,2860725
01/11/2017,51.16,51.22,50.26,50.67,4918363
02/11/2017,50.66,50.96,50.36,50.91,3931846
03/11/2017,51.19,51.47,50.7,51.47,5116322
06/11/2017,52.02,52.14,51.55,52.14,3617683
07/11/2017,52,52.18,51.73,52.03,2730366
08/11/2017,52.01,52.2,51.78,52.15,2044078
09/11/2017,52.15,52.18,50.56,51.14,7748208
10/11/2017,51.26,51.46,51.11,51.43,2808132
13/11/2017,51.24,51.68,51.16,51.65,1723996
14/11/2017,51.53,51.69,51.23,51.65,1554194
15/11/2017,51.25,51.4,50.81,51.17,2800629
16/11/2017,51.39,52.44,51.39,52.44,3700712
17/11/2017,52.22,52.25,51.56,51.63,4475649
20/11/2017,51.87,52.33,51.8,52.25,1847171
21/11/2017,52.52,52.84,52.46,52.79,2144602
22/11/2017,52.91,52.91,52.38,52.44,1529385
24/11/2017,52.56,52.92,52.56,52.89,603217
27/11/2017,52.34,52.38,52.01,52.07,2982274
28/11/2017,52.22,52.24,51.85,52.02,3988292
29/11/2017,51.97,52.02,49.41,49.82,17239394
30/11/2017,50.35,50.61,49.85,50.13,6691024
01/12/2017,49.75,49.97,48.56,49.69,9937491
04/12/2017,50.12,50.17,48.35,48.64,10075388
05/12/2017,48.44,49.49,48.06,48.64,6500968
06/12/2017,48.21,48.84,47.96,48.75,5242986
07/12/2017,49.16,49.34,48.89,49.23,5424934
08/12/2017,49.7,49.82,48.97,49,4859910
11/12/2017,49.12,49.47,48.99,49.3,3308644
12/12/2017,49.15,49.17,48.76,48.82,5207797
13/12/2017,49.06,49.23,48.82,48.85,3961165
14/12/2017,48.94,49.13,48.7,48.83,4135040
15/12/2017,48.97,49.63,48.78,49.63,21540179
18/12/2017,49.31,49.81,49.13,49.79,5383211
19/12/2017,49.72,49.87,49.47,49.77,3032962
20/12/2017,50.28,50.39,49.69,50.09,5547849
21/12/2017,50.09,50.16,49.51,49.56,3014633
22/12/2017,49.47,49.6,49.22,49.58,2449989
26/12/2017,49.01,49.08,48.67,49.02,2206790
27/12/2017,49,49.38,49,49.18,2749953
28/12/2017,49.46,49.48,49.27,49.36,2712146
29/12/2017,49.36,49.47,48.89,48.91,1688345
02/01/2018,49.25,50.2,49.14,50.19,4454261
03/01/2018,50.39,50.94,50.31,50.9,3808519
04/01/2018,51.19,51.31,50.74,51.16,3350178
05/01/2018,51.35,51.69,51.14,51.49,1792382
08/01/2018,51.49,51.98,51.34,51.84,1384177
09/01/2018,51.89,51.93,51.27,51.36,3900309
10/01/2018,50.91,50.93,50.29,50.68,3979439
11/01/2018,50.87,50.95,50.61,50.92,2581255
12/01/2018,50.91,51.27,50.8,51.18,1904644
16/01/2018,51.67,51.99,51.13,51.41,3811778
17/01/2018,52,53.03,51.91,52.95,6143204
18/01/2018,52.97,53.58,52.91,53.34,3553326
19/01/2018,53.65,53.69,53.08,53.39,3284206
22/01/2018,53.57,53.91,53.33,53.91,2395264
23/01/2018,54.07,54.28,53.92,54.26,3678204
24/01/2018,53.72,53.94,52.84,53.16,7118099
25/01/2018,53.79,53.95,52.29,52.3,6993427
26/01/2018,53.1,53.98,53.08,53.97,3947927
29/01/2018,53.84,54.22,53.25,53.87,4073689
30/01/2018,52.94,53.39,52.73,52.81,5418285
31/01/2018,53.41,53.58,52.98,53.26,3764980
01/02/2018,52.8,53.71,52.75,52.93,4184511
02/02/2018,52.45,52.54,51.46,51.46,13007743
05/02/2018,50.9,51.9,49.14,49.14,11474023
06/02/2018,48.71,50.95,48.53,50.95,13122426
07/02/2018,50.39,50.84,49.59,49.6,10283343
08/02/2018,49.85,49.92,47.61,47.63,14911080
09/02/2018,48.58,49.22,46.94,48.87,17104189
12/02/2018,49.15,50.22,49.15,49.91,9506956
13/02/2018,49.63,49.88,49.31,49.81,3707521
14/02/2018,49.44,50.97,49.33,50.87,5419878
15/02/2018,51.26,51.51,50.32,51.51,4819661
16/02/2018,51.31,52.03,51.26,51.4,6240209
20/02/2018,51.42,52.85,51.41,52.42,14702930
21/02/2018,52.62,52.77,51.82,51.85,4498938
22/02/2018,52,52.18,51.53,51.67,4479654
23/02/2018,52.23,52.85,52.13,52.83,3152449
26/02/2018,53.1,53.9,53.1,53.9,4627123
27/02/2018,53.81,54.57,53.7,53.7,3988303
28/02/2018,53.97,54.15,53.21,53.27,3169834
01/03/2018,53.29,53.45,51.83,52.42,5395282
02/03/2018,51.89,53.32,51.76,53.24,5329844
05/03/2018,53.02,54.11,52.87,53.86,4762375
06/03/2018,54.35,54.84,54.12,54.65,4478691
07/03/2018,54.14,54.96,54.1,54.88,3840970
08/03/2018,55.21,55.27,54.59,54.91,3258983
09/03/2018,55.29,55.97,55.19,55.97,4407627
12/03/2018,56.34,56.82,56.18,56.54,4412800
13/03/2018,56.83,57.28,55.52,55.75,9122881
14/03/2018,55.98,56.04,55.28,55.78,6010472
15/03/2018,55.92,56.12,55.49,55.73,1913130
16/03/2018,55.84,56.04,55.64,55.71,2968496
19/03/2018,55.29,55.42,54.06,54.8,7122675
20/03/2018,54.83,55.33,54.8,55.17,3341979
21/03/2018,55.1,55.91,55,55.29,3218597
22/03/2018,54.48,54.97,53.78,53.8,4349403
23/03/2018,53.73,53.85,52.05,52.05,8409730
26/03/2018,53.18,54.13,52.59,54.12,5586195
27/03/2018,54.54,54.57,51.88,52.26,8633122
28/03/2018,51.94,52.37,50.9,51.1,10903296
29/03/2018,51.54,52.59,51.14,52.14,6601584
02/04/2018,51.71,52.1,49.79,50.23,9222547
03/04/2018,50.9,51.28,50.36,51.16,5386630
04/04/2018,49.9,51.9,49.76,51.78,5827009
05/04/2018,52.12,52.2,50.9,51.21,6113987
06/04/2018,50.46,51.11,49.55,49.73,6967792
09/04/2018,50.24,51.45,50.04,50.07,6507664
10/04/2018,51.28,51.88,50.82,51.6,7725858
11/04/2018,51.33,52.03,51.21,51.58,4297815
12/04/2018,51.92,52.57,51.85,52.43,4618413
13/04/2018,52.85,52.93,51.78,51.94,4536992
16/04/2018,52.15,52.31,51.64,52.05,2633607
17/04/2018,52.38,53.07,52.31,53,4363772
18/04/2018,52.53,52.68,51.92,52.4,4228984
19/04/2018,51.2,51.41,49.88,50.06,16465695
20/04/2018,50,50.36,49.27,49.49,13066360
23/04/2018,49.65,49.77,48.74,48.85,8840541
24/04/2018,49.37,49.82,48.17,48.6,15451047
25/04/2018,48.75,48.78,47.74,48.35,9303163
26/04/2018,49.2,49.47,48.95,49.37,6572351
27/04/2018,50.05,50.05,48.82,49.05,5541586
30/04/2018,49,49.32,48.37,48.58,7963907
01/05/2018,48.46,49.41,48.41,49.36,6555600
02/05/2018,49.26,49.45,48.85,49.01,4518190
03/05/2018,48.45,49.29,48.03,49.13,9850926
04/05/2018,48.76,50.4,48.64,50.4,10723903
07/05/2018,50.55,50.89,50.48,50.67,6900097
08/05/2018,50.57,51.03,50.42,51.03,3803020
09/05/2018,51.15,51.75,51.04,51.75,4032655
10/05/2018,51.95,52.61,51.95,52.61,4675036
11/05/2018,52.35,52.68,52.11,52.21,4433041
14/05/2018,53.15,53.69,53.01,53.12,6649079
15/05/2018,52.89,53.04,52.2,52.52,4785333
16/05/2018,52.67,53.31,52.65,53.27,3467457
17/05/2018,53.07,53.4,52.53,52.92,3619285
18/05/2018,52.38,52.61,51.99,52.28,10247246
21/05/2018,53.04,53.44,52.51,53.03,3836182
22/05/2018,53.5,53.74,53.2,53.41,4348049
23/05/2018,52.86,53.48,52.7,53.47,4221320
24/05/2018,53.46,53.77,52.97,53.62,6672371
25/05/2018,53.64,54.2,53.58,54.16,4293256
29/05/2018,53.9,54.25,53.43,53.72,4553071
30/05/2018,54.13,54.41,53.74,54.05,5393941
31/05/2018,53.82,54.11,53.46,53.6,4331392
01/06/2018,54.02,54.82,53.93,54.77,4869711
04/06/2018,54.85,55.18,54.65,55.14,3884064
05/06/2018,55.31,55.51,55.01,55.45,3754980
06/06/2018,55.51,55.81,55.19,55.81,2739297
07/06/2018,55.91,56,55.02,55.36,9331845
08/06/2018,54.75,55.14,54.45,54.99,4747008
11/06/2018,54.87,55.15,54.7,54.93,3043077
12/06/2018,54.99,55.11,54.63,55.09,2543881
13/06/2018,55.02,55.53,54.88,54.98,7076717
14/06/2018,55.2,55.42,54.84,55.06,3299761
15/06/2018,54.98,55.15,54.65,55.15,6441258
18/06/2018,54.46,54.55,53.96,54.49,5262825
19/06/2018,53.53,53.87,53.07,53.84,11115951
20/06/2018,54.31,54.38,53.86,54.17,5555608
21/06/2018,54.68,54.75,53.49,53.5,7244137
22/06/2018,53.88,53.92,53.09,53.3,4236097
25/06/2018,52.55,52.62,50.98,51.37,11678950
26/06/2018,51.86,52.03,51.49,51.85,8250307
27/06/2018,52.09,52.16,50.58,50.58,8438024
28/06/2018,50.46,51.19,50.46,51.09,6769193
29/06/2018,51.53,51.84,51.25,51.34,5175048
02/07/2018,50.68,51.55,50.45,51.36,4582336
03/07/2018,51.61,51.69,50.46,50.46,4294410
05/07/2018,51.07,51.84,51.06,51.82,5201426
06/07/2018,51.71,52.56,51.58,52.48,7318289
09/07/2018,52.89,52.92,52.22,52.87,4233266
10/07/2018,52.94,53.5,52.89,53.44,6274420
11/07/2018,52.58,52.75,51.97,51.97,7964495
12/07/2018,51.99,52.65,51.9,52.6,5981444
13/07/2018,52.68,52.73,52.35,52.49,2846575
16/07/2018,52.5,52.7,52.3,52.33,2759009
17/07/2018,51.95,53.03,51.86,53.02,8308142
18/07/2018,53.4,53.6,53.15,53.56,4794771
19/07/2018,53.32,53.61,53.04,53.39,4173634
20/07/2018,53.32,53.49,52.89,53.33,3538947
23/07/2018,53.02,53.37,52.3,53.3,5331949
24/07/2018,53.8,53.89,52.59,52.63,10418670
25/07/2018,52.66,52.96,52.04,52.9,11150079
26/07/2018,53.1,53.71,53.1,53.68,16403235
27/07/2018,53.81,54.17,53.05,53.41,8492343
30/07/2018,53.57,53.61,52.72,53.05,9478490
31/07/2018,53.44,53.94,52.95,52.95,4381741
01/08/2018,53.24,53.74,53,53.18,3549107
02/08/2018,52.75,53.79,52.58,53.71,4080325
03/08/2018,53.77,53.88,53.49,53.8,3029093
06/08/2018,53.78,54.08,53.39,54.08,3035361
07/08/2018,54.24,54.45,54.04,54.45,3202971
08/08/2018,54.38,54.68,54.24,54.62,3688870
09/08/2018,54.3,54.42,54.03,54.09,3600027
10/08/2018,52.93,53.24,52.58,52.82,8613697
13/08/2018,52.85,53.34,52.81,52.88,3972244
14/08/2018,53.13,53.27,52.69,52.75,4119826
15/08/2018,52.23,52.43,51.37,51.88,9409596
16/08/2018,52.22,52.26,51.68,51.8,5041154
17/08/2018,51.24,51.56,50.69,51.42,10048038
20/08/2018,51.41,51.7,50.82,51.35,5284849
21/08/2018,51.6,52.56,51.55,52.41,4824724
22/08/2018,52.19,52.65,51.94,52.6,4136406
23/08/2018,52.61,53,52.52,52.67,3709060
24/08/2018,52.97,53.47,52.87,53.47,4139401
27/08/2018,53.81,54.69,53.75,54.31,6209493
28/08/2018,54.65,54.76,54.02,54.51,4336770
29/08/2018,54.58,54.93,54.38,54.82,3411430
30/08/2018,54.66,54.86,54.16,54.24,7072083
31/08/2018,54.15,54.52,54.14,54.47,2339390
04/09/2018,54.24,54.87,54.06,54.87,4846781
05/09/2018,54.84,54.94,54.11,54.57,5249548
06/09/2018,54.28,54.33,53.08,53.15,9048549
07/09/2018,52.95,53.65,52.77,52.92,7153493
10/09/2018,53.3,53.45,52.97,53.43,3183417
11/09/2018,53,53.13,52.51,52.76,5204995
12/09/2018,52.04,52.17,51.08,52.16,9253976
13/09/2018,52.84,53.38,52.53,52.8,6730147
14/09/2018,53.09,53.55,52.93,53.34,5189168
17/09/2018,52.98,53.31,52.57,52.62,5406078
18/09/2018,52.76,53.35,52.76,53.02,2876949
19/09/2018,53.03,53.37,52.87,53.14,3422972
20/09/2018,53.63,54.03,53.56,53.83,6214113
21/09/2018,53.76,54.02,53.48,53.56,4979502
24/09/2018,53.31,53.95,53.17,53.94,3925090
25/09/2018,53.54,53.78,52.98,53.08,4006545
26/09/2018,52.84,53.26,52.6,52.61,4817624
27/09/2018,52.82,53.11,52.66,52.94,2361253
28/09/2018,52.8,53.42,52.63,53.23,3966653
01/10/2018,53.38,53.78,53.25,53.37,3879893
02/10/2018,53.14,54.09,53.12,53.33,5116319
03/10/2018,53.68,53.82,53.04,53.53,4745820
04/10/2018,53.08,53.1,51.88,52.33,9661592
05/10/2018,52.13,52.33,50.66,51.14,9585697
08/10/2018,50.65,51.12,50.05,50.54,8901248
09/10/2018,50.4,50.75,50.12,50.44,8212078
10/10/2018,49.57,49.66,48.15,48.15,21357924
11/10/2018,48.16,49.22,47.34,47.73,20901703
12/10/2018,49.12,49.4,47.91,48.67,9204129
15/10/2018,48.45,48.69,48.02,48.14,6461425
16/10/2018,48.66,49.82,48.62,49.77,7121914
17/10/2018,50.25,50.3,49.22,49.53,5209786
18/10/2018,49.22,49.27,48.07,48.24,8274196
19/10/2018,48.5,48.85,47.34,47.54,9420976
22/10/2018,47.88,48.16,47.38,47.8,6169864
23/10/2018,46.54,47.87,46.15,47.61,13054835
24/10/2018,46.69,46.78,44.37,44.41,14288182
25/10/2018,44.82,46.01,44.76,45.67,9404176
26/10/2018,44.63,45.64,44.09,44.84,7061210
29/10/2018,45.5,45.97,43.48,44.33,11168573
30/10/2018,44.5,46.23,44.38,46.21,11823855
31/10/2018,47.07,47.17,46.44,46.73,8245881
01/11/2018,47.17,49.07,47.11,48.99,11621441
02/11/2018,48.89,49.04,47.64,48.21,9594400
05/11/2018,48.05,48.05,47,47.76,6413196
06/11/2018,47.78,48.42,47.66,48.26,3703546
07/11/2018,48.85,48.96,48.26,48.85,4447743
08/11/2018,48.32,48.99,48.26,48.63,3870265
09/11/2018,47.96,48.11,47.33,47.75,7125019
12/11/2018,46.91,47.04,45.52,45.66,10312504
13/11/2018,46.03,47.24,46.03,46.25,12554913
14/11/2018,46.99,47.24,46.03,46.49,8036337
15/11/2018,46.28,48.12,46.25,47.96,9165744
16/11/2018,46.06,47.4,46.06,47.14,11986929
19/11/2018,46.89,47.03,45.33,45.37,10414609
20/11/2018,44.1,45.98,44,45.33,8632092
21/11/2018,46,46.28,45.53,45.53,6623715
23/11/2018,45.14,45.86,45.11,45.47,1525084
26/11/2018,46.24,46.4,45.72,46.37,5466108
27/11/2018,45.97,46.76,45.83,46.44,7413744
28/11/2018,46.9,47.68,46.15,47.67,5484690
29/11/2018,47.39,47.67,47.13,47.22,4588285
30/11/2018,47.16,48.38,46.71,48.38,8249796
03/12/2018,49.43,49.57,48.71,49.23,7147288
04/12/2018,48.76,48.9,46.75,46.81,8709359
06/12/2018,45.44,46.53,45.25,46.53,8025129
07/12/2018,46.36,46.46,44.54,44.77,9192639
10/12/2018,44.69,45.48,44.45,45.29,7802956
11/12/2018,46.11,46.61,45.25,45.51,8787819
12/12/2018,46.23,46.86,45.9,46.2,6862929
13/12/2018,46.5,46.71,45.88,46.05,4944120
14/12/2018,45.32,46.22,45.32,45.33,6631181
17/12/2018,45.22,46.02,44.51,44.9,7763162
18/12/2018,45.26,46.13,45.2,45.44,8734236
19/12/2018,45.08,45.65,43.25,43.47,9969980
20/12/2018,42.86,43.33,41.79,42.31,14257334
21/12/2018,42.53,43.09,41.46,41.58,10812305
24/12/2018,41.23,41.76,40.44,40.48,4774337
26/12/2018,40.9,42.81,40.35,42.76,8236626
27/12/2018,42.05,43.13,41.65,43.13,8837034
28/12/2018,43.37,44.2,43.07,43.43,6729428
31/12/2018,43.84,44.07,43.25,43.64,5230123
02/01/2019,42.75,44.28,42.63,43.96,7144023
03/01/2019,42.81,43.13,41.28,41.32,9273007
04/01/2019,42.04,43.41,41.95,43.25,9074666
07/01/2019,43.46,44.43,43.22,44.08,5578423
08/01/2019,44.45,44.5,43.25,43.83,6636009
09/01/2019,44.31,45.18,44.31,44.95,8928038
10/01/2019,44.63,45.45,44.48,45.41,5720016
11/01/2019,45.13,46.17,45.03,45.79,6668988
14/01/2019,45.21,45.32,44.83,45,4981796
15/01/2019,45.31,45.67,44.91,45.12,5742165
16/01/2019,45.22,45.48,44.74,44.77,5506732
17/01/2019,44.46,45.56,44.2,45.32,7914989
18/01/2019,45.73,46.66,45.53,46.44,8330853
22/01/2019,46.01,46.02,44.77,45.1,7182667
23/01/2019,45.41,45.59,44.49,44.92,5866071
24/01/2019,46.07,47.74,46.07,47.56,12641985
25/01/2019,47.73,48.62,47.39,48.45,9086931
28/01/2019,46.58,47.87,46.58,47.54,8133173
29/01/2019,47.61,47.74,46.84,46.91,5465049
30/01/2019,47.69,48.5,47.22,48.33,6129423
31/01/2019,48.14,48.65,47.76,48.3,5637116
01/02/2019,48.42,49.12,48.34,48.91,5772968
04/02/2019,48.88,49.16,48.5,49.15,4625688
05/02/2019,49.14,49.61,49.01,49.43,7336167
06/02/2019,50.09,50.99,50.02,50.65,8301510
07/02/2019,49.95,50.23,49.14,49.56,9107545
08/02/2019,48.74,49.52,48.56,49.43,5897758
11/02/2019,49.57,49.77,49.24,49.64,3458581
12/02/2019,50.29,50.88,50.22,50.75,5755913
13/02/2019,50.93,51.25,50.72,50.87,3993578
14/02/2019,50.65,51.36,50.64,51.02,4402454
15/02/2019,51.38,51.48,50.93,51.28,4945305
19/02/2019,51.09,51.54,51.08,51.22,3495841
20/02/2019,51.47,52.02,51.47,51.68,4446235
21/02/2019,51.63,51.79,51.21,51.36,4651802
22/02/2019,51.81,52.16,51.71,52.09,4632956
25/02/2019,52.84,53.14,52.51,52.57,4922826
26/02/2019,52.37,52.57,52.07,52.23,3481613
27/02/2019,51.99,51.99,51.11,51.69,5834332
28/02/2019,51.41,51.81,51.28,51.67,4489031
01/03/2019,52.13,52.4,51.62,52.14,4427431
04/03/2019,52.49,52.65,51.5,52.17,4528178
05/03/2019,52.01,52.22,51.65,51.92,4148861
06/03/2019,51.85,51.85,51.02,51.05,4657175
07/03/2019,50.75,50.85,50.21,50.49,6388224
08/03/2019,49.72,50.52,49.52,50.48,5052399
11/03/2019,50.74,51.8,50.67,51.55,5974645
12/03/2019,51.71,52.05,51.35,51.81,4319418
13/03/2019,52.09,52.41,51.93,52.02,4455730
14/03/2019,51.95,52.25,51.7,51.73,4354248
15/03/2019,52.37,53.56,52.35,53.11,8432138
18/03/2019,53.16,53.45,52.65,52.97,4747740
19/03/2019,53.37,53.75,53.21,53.58,6825214
20/03/2019,53.64,53.84,52.81,53.12,5809327
21/03/2019,53.32,55.3,53.32,54.95,9309698
22/03/2019,54.63,54.76,53.33,53.38,9067682
25/03/2019,53.04,53.48,52.29,52.7,5830234
26/03/2019,53.29,53.61,52.82,53.19,4838870
27/03/2019,53.25,53.4,52.06,52.42,7938890
28/03/2019,52.5,52.91,52,52.32,7071033
29/03/2019,52.94,53.28,52.83,53.17,5591899
01/04/2019,53.97,54.53,53.74,54.48,5937328
02/04/2019,54.5,54.65,54.2,54.52,3442750
03/04/2019,55.4,56.25,55.28,55.79,9059803
04/04/2019,55.55,56.2,55.48,55.85,6617574
05/04/2019,56.18,56.34,55.85,56.27,4645790
08/04/2019,55.98,56.45,55.9,56.39,3914770
09/04/2019,56.08,56.08,55.54,55.77,5261122
10/04/2019,55.65,56.39,55.62,56.22,6242584
11/04/2019,56.23,56.52,56,56.17,4267153
12/04/2019,56.72,56.96,56.48,56.96,3892430
15/04/2019,56.94,56.98,56.21,56.55,4677873
16/04/2019,56.95,57.94,56.92,57.93,6923976
17/04/2019,59.07,59.42,58.44,58.78,8519623
18/04/2019,58.92,59.01,58.55,58.87,5792228
22/04/2019,58.54,58.94,58.4,58.82,5135618
23/04/2019,59.06,59.44,58.9,59.3,4948903
24/04/2019,59.24,60.36,59.24,59.8,6921223
25/04/2019,59.46,59.61,58.22,58.62,9989713
26/04/2019,57.35,57.92,56.75,57.91,11044057
29/04/2019,57.78,57.9,57.41,57.6,3714456
30/04/2019,57.68,58.26,57.61,58.13,5199656
01/05/2019,58.6,58.94,57.64,57.68,7188568
02/05/2019,57.69,58.77,57.58,58.23,6793784
03/05/2019,58.59,58.79,58.2,58.75,6163600
06/05/2019,56.82,57.86,56.6,57.81,6786512
07/05/2019,57.12,57.26,55.88,56.49,11569716
08/05/2019,56.12,56.94,56,56.08,8919016
09/05/2019,55.13,55.55,54.07,55.29,18424498
10/05/2019,54.9,55.62,53.99,55.23,13496184
13/05/2019,53.38,53.76,52.47,52.67,17638415
14/05/2019,53.44,54.27,53.18,54.02,10849308
15/05/2019,53.39,54.88,53.33,54.52,12854055
16/05/2019,53.74,54.32,53.42,53.75,11684703
17/05/2019,52.94,54.03,52.55,52.72,19491603
20/05/2019,51.05,51.41,50.29,50.62,18873159
21/05/2019,51.72,53.35,51.29,51.78,9899590
22/05/2019,50.97,51.37,50.75,50.87,10899306
23/05/2019,49.95,50.18,49.25,50.02,12199357
24/05/2019,50.43,50.67,49.72,49.72,9545995
28/05/2019,50,50.16,49.23,49.28,6066891
29/05/2019,48.87,49.65,48.81,49.44,13450211
30/05/2019,49.6,50.26,49.49,49.82,7623345
31/05/2019,49.3,49.96,48.97,49.12,13959198
03/06/2019,49.66,50.04,48.83,49.06,6731741
04/06/2019,49.84,51.1,49.53,51.07,6961629
05/06/2019,51.52,51.64,50.12,50.68,10559503
06/06/2019,50.77,51.56,50.58,51.38,5021130
07/06/2019,51.67,52.18,51.49,52.05,5674108
10/06/2019,52.7,53.93,52.6,53.35,8609204
11/06/2019,54.18,54.4,53.21,53.54,8103873
12/06/2019,53.03,53.12,52.33,52.38,4029566
13/06/2019,52.73,52.86,52.29,52.64,3578638
14/06/2019,51.3,51.53,50.99,51.33,5933435
17/06/2019,51.31,51.47,50.89,51.02,6177108
18/06/2019,51.47,53.46,51.47,53.09,13863412
19/06/2019,53.38,53.62,52.97,53.22,4718127
20/06/2019,54.39,54.6,53.55,53.83,5575940
21/06/2019,53.57,54.01,53.42,53.58,5239187
24/06/2019,53.71,53.9,53.48,53.68,6124423
25/06/2019,53.66,53.84,52.71,52.75,6157501
26/06/2019,53.9,54.67,53.9,54.31,7319794
27/06/2019,54.67,55.31,54.67,55.04,5222556
28/06/2019,55.75,55.8,55.06,55.09,5927487
01/07/2019,57.55,57.98,56.27,56.65,9121686
02/07/2019,56.49,56.5,55.73,55.98,4253287
03/07/2019,55.91,55.97,55.4,55.78,2011073
05/07/2019,55.13,55.49,54.8,55.37,3988380
08/07/2019,54.84,55.12,54.61,55.01,3857740
09/07/2019,54.64,55.47,54.55,55.39,4010154
10/07/2019,55.99,56.69,55.84,55.94,4611325
11/07/2019,56.26,56.31,55.81,56.1,3842510
12/07/2019,56.31,57.16,56.31,57.13,3549767
15/07/2019,57.46,57.8,57.26,57.59,2645824
16/07/2019,57.28,57.31,56.74,56.99,3706492
17/07/2019,57.39,57.52,57.03,57.2,2689469
18/07/2019,57.33,58.37,57.31,58.23,5235762
19/07/2019,58.44,58.76,58.2,58.23,4386567
22/07/2019,58.63,59.49,58.61,59.4,5038855
23/07/2019,59.8,60.06,59.42,60.06,4144295
24/07/2019,60.46,61.78,60.35,61.66,6885411
25/07/2019,61.29,61.35,60.43,60.54,5589585
26/07/2019,61,61.05,60.39,60.42,3938158
29/07/2019,60.32,60.72,59.8,60.62,4374771
30/07/2019,59.97,60.53,59.84,60.35,2812883
31/07/2019,60.08,60.11,57.89,58.55,5419391
01/08/2019,58.39,59.96,56.89,57.37,13067470
02/08/2019,56.9,57.23,56.11,56.59,8116855
05/08/2019,55.05,55.14,53.71,54.15,8987293
06/08/2019,55.17,55.61,54.42,55.01,9222613
07/08/2019,54.33,55.43,54.2,55.31,7288881
08/08/2019,55.78,56.77,55.53,56.72,5339938
09/08/2019,56.2,56.34,55.35,55.74,8114252
12/08/2019,55.22,55.71,54.78,55.08,3679340
13/08/2019,54.93,57.1,54.64,56.66,9807157
14/08/2019,55.25,55.72,54.51,54.84,8032572
15/08/2019,55.18,55.25,54.3,54.78,4796841
16/08/2019,55.38,56.26,55.01,56.12,5602788
19/08/2019,57.33,57.59,56.78,57.04,4671918
20/08/2019,56.95,57.11,56.49,56.72,5610237
21/08/2019,57.29,57.57,57.03,57.3,2568874
22/08/2019,57.38,57.55,56.64,57.22,3977116
23/08/2019,56.45,57.02,54.65,54.85,12704642
26/08/2019,55.69,55.79,55.22,55.42,3619382
27/08/2019,55.85,56.04,54.96,55.29,4037268
28/08/2019,55.04,55.73,54.64,55.64,3875470
29/08/2019,56.59,57.22,56.55,56.85,5618088
30/08/2019,57.42,57.69,56.96,57.21,3862928
03/09/2019,56.66,56.79,56,56.31,4367841
04/09/2019,57.24,57.98,57.23,57.97,5039928
05/09/2019,59.23,60.39,59.16,59.73,7146522
06/09/2019,59.82,60,59.45,59.78,2821470
09/09/2019,60.02,60.46,59.76,60.01,3359337
10/09/2019,59.68,60.13,59.3,60.13,3950461
11/09/2019,60.37,60.93,60.06,60.89,3394463
12/09/2019,61.34,61.57,60.59,60.99,4492158
13/09/2019,60.9,61.24,60.67,60.96,3541542
16/09/2019,60.45,60.78,60.03,60.55,2349674
17/09/2019,60.3,60.84,60.14,60.79,3294800
18/09/2019,60.78,60.89,60.04,60.86,2236041
19/09/2019,61.03,61.18,60.55,60.61,3191707
20/09/2019,60.75,60.76,59.27,59.48,5107249
23/09/2019,59.41,60.3,59.41,59.99,4729845
24/09/2019,60.43,60.55,58.83,59.1,5562614
25/09/2019,58.81,60.26,58.34,60.11,5218697
26/09/2019,60.15,60.49,59.68,60.32,4892782
27/09/2019,59.85,60.11,58.43,58.89,6874172
30/09/2019,59.3,59.63,58.98,59.57,2604561
01/10/2019,59.98,60.66,58.93,59.16,4784892
02/10/2019,58.61,58.77,57.86,58.2,4985804
03/10/2019,58.19,59.16,57.54,59.09,5586971
04/10/2019,59.46,60.16,59.26,60.13,3599244
07/10/2019,60.05,60.4,59.81,59.83,5741016
08/10/2019,59.2,59.38,58.16,58.26,6124174
09/10/2019,59.09,59.68,58.95,59.29,3242363
10/10/2019,59.45,60.42,59.39,59.85,4694154
11/10/2019,61.05,61.94,60.91,61.22,8584583
14/10/2019,61.22,61.44,61.03,61.31,2207859
15/10/2019,61.59,62.69,61.59,62.53,3830402
16/10/2019,62.13,62.46,61.5,61.62,3480389
17/10/2019,62.3,62.56,61.28,61.66,3346557
18/10/2019,61.56,61.75,60.51,61.05,3599556
21/10/2019,61.5,62.22,61.42,62.2,5126998
22/10/2019,62.41,62.5,61.71,61.73,3597531
23/10/2019,60.64,61.11,60.31,60.65,5810731
24/10/2019,61.56,62.28,61.45,62.26,4818980
25/10/2019,62.53,63.57,62.53,63.52,4571590
28/10/2019,64.05,64.56,63.91,64.48,4853648
29/10/2019,64.59,65.08,63.97,64.04,3571526
30/10/2019,64.38,64.38,63.61,64.11,3385295
31/10/2019,63.93,64,63.07,63.75,3921172
01/11/2019,64.25,65.07,64.11,65.06,4372691
04/11/2019,66.12,66.54,65.91,66.44,3877518
05/11/2019,66.58,67.01,66.3,66.48,2701754
06/11/2019,66.27,66.33,65.49,66.08,4256015
07/11/2019,66.93,67.14,66.17,66.47,3926760
08/11/2019,66.16,66.61,65.71,66.61,3371568
11/11/2019,66.04,66.46,65.8,66.33,2572605
12/11/2019,66.63,66.98,66.22,66.47,2355048
13/11/2019,66.09,66.76,65.9,66.59,2864350
14/11/2019,66.44,66.53,65.99,66.47,2612668
15/11/2019,67.38,67.63,66.86,67.15,4092201
18/11/2019,67.11,67.6,66.81,67.19,1965903
19/11/2019,67.53,67.63,66.67,66.96,3318136
20/11/2019,66.62,67,65.78,66.3,4942920
21/11/2019,66,66.16,65.3,65.58,4083840
22/11/2019,65.83,66.09,65.33,65.46,3200807
25/11/2019,66.03,66.98,66.03,66.97,3301641
26/11/2019,66.82,66.93,66.43,66.76,3547522
27/11/2019,67.03,67.21,66.88,67.21,2296654
29/11/2019,66.83,66.87,66.42,66.46,1639183
02/12/2019,66.6,66.67,65.47,65.59,4549253
03/12/2019,64.33,64.72,63.96,64.67,6834523
04/12/2019,65.5,65.86,65.44,65.62,3237830
05/12/2019,65.93,66.19,65.74,66.02,2439843
06/12/2019,66.67,67.14,66.67,67,3376288
09/12/2019,67.03,67.2,66.54,66.55,1993128
10/12/2019,66.8,67.22,66.62,66.81,2538623
11/12/2019,67.3,68.27,67.04,68.24,4807275
12/12/2019,68.33,70.24,68.27,70.2,6028566
13/12/2019,70.19,70.97,69.71,69.93,5008709
16/12/2019,70.79,71.05,70.47,70.5,3550392
17/12/2019,71,71.05,70.49,70.9,2789748
18/12/2019,71.1,71.1,70.55,70.66,2421507
19/12/2019,70.97,71.12,70.58,71.07,2352132
20/12/2019,71.45,71.99,71.21,71.75,3268727
23/12/2019,71.57,71.71,70.81,71.04,2726281
24/12/2019,71.22,71.22,70.72,71.19,1177557
26/12/2019,71.26,71.49,71.04,71.38,1574874
27/12/2019,71.64,71.7,70.98,71.13,1844258
30/12/2019,71.25,71.25,70.13,70.61,2955049
31/12/2019,70.38,70.84,70.21,70.71,2853301
02/01/2020,71.9,72.47,71.66,72.34,2600149
03/01/2020,71.28,71.72,70.94,71.16,4981815
06/01/2020,70.26,70.57,69.89,70.4,3257431
07/01/2020,71.12,71.83,70.7,71.57,3273912
08/01/2020,71.57,72.06,71.26,71.69,3056807
09/01/2020,72.61,72.61,71.42,72.1,3202520
10/01/2020,72.51,72.51,71.37,71.5,2251938
13/01/2020,72.1,72.53,71.84,72.5,3606403
14/01/2020,72.59,73.14,72.21,72.65,3027002
15/01/2020,72.36,72.46,71.37,71.58,3690242
16/01/2020,72.24,72.73,72.16,72.73,3119316
17/01/2020,73.05,73.05,72.51,73.03,2948228
21/01/2020,72.74,73.42,72.68,73.09,3027290
22/01/2020,73.62,74.31,73.48,73.69,3536839
23/01/2020,73.9,74.15,73.29,74.15,4369963
24/01/2020,75.16,75.37,73.28,73.83,4999617
27/01/2020,71.43,71.75,70.63,70.85,6791323
28/01/2020,71.63,72.79,71.21,72.63,3709734
29/01/2020,72.33,72.57,71.41,71.52,2938907
30/01/2020,70.8,71.47,69.99,71.36,5167125
31/01/2020,70.72,70.78,68.48,68.79,6102390
03/02/2020,69.08,69.82,69,69.72,3843678
04/02/2020,71.6,72.04,71.24,71.97,5407779
05/02/2020,73.25,73.56,72.43,73.4,5396479
06/02/2020,73.5,73.52,72.6,73.45,2710945
07/02/2020,72.72,72.78,71.73,71.77,5236192
10/02/2020,71.29,72.92,71.25,72.9,4099213
11/02/2020,73.56,74.75,73.56,74.44,5417109
12/02/2020,75,75.58,75,75.49,3719161
13/02/2020,74.97,76.17,74.87,75.67,3982815
14/02/2020,76,76.31,74.9,75.35,3734868
18/02/2020,73.83,74.33,73.56,74.22,5909643
19/02/2020,75.37,76.26,75.25,76.13,4066971
20/02/2020,75.8,75.9,73.77,74.93,3877991
21/02/2020,74.43,74.47,72.48,72.72,7082520
24/02/2020,69.39,70.36,68.77,69.43,9864088
25/02/2020,70.25,70.47,67.11,67.43,12829291
26/02/2020,68.01,69.13,67.3,67.83,9546869
27/02/2020,66,67.03,64.55,64.71,12981215
28/02/2020,62.3,66.34,62.16,65.99,9649570
02/03/2020,66.84,68.28,65.01,68.27,7041522
03/03/2020,68.53,69.46,65.56,66.03,7400477
04/03/2020,67.34,69.42,66.62,69.42,5401530
05/03/2020,67.51,68.89,66.65,67.24,5672987
06/03/2020,65.26,66.36,64.33,65.94,7409637
09/03/2020,60.33,63.5,60.24,60.46,7087165
10/03/2020,62.77,64.18,60.62,64.18,6277365
11/03/2020,62.07,63.5,60.1,60.72,7281434
12/03/2020,56.47,58.82,54.3,54.31,6888018
13/03/2020,57.66,60.08,54.55,59.57,5800014
16/03/2020,52.6,56.22,50.64,50.99,6547925
17/03/2020,51.89,55.71,50.25,55.12,9597857
18/03/2020,51,53.19,48,50.54,7260203
19/03/2020,50.15,53.08,48.52,51.43,5146317
20/03/2020,53.58,54.61,50.4,50.53,6866489
23/03/2020,51.23,53.15,49.96,52.41,6576843
24/03/2020,55.75,58.04,55.7,57.82,7814289
25/03/2020,58.37,60.2,56.36,57.38,4900833
26/03/2020,58.4,61,58.1,60.86,4606386
27/03/2020,58.77,59.54,57.48,57.5,6285702
30/03/2020,58.56,59.96,57.92,59.75,4572755
31/03/2020,59.87,60.67,58.18,58.57,5113256
01/04/2020,56.72,58.1,55.09,55.67,6468137
02/04/2020,55.17,57.35,55.12,57.17,4923056
03/04/2020,57,57.73,55.41,56.02,3588799
06/04/2020,58.62,61.91,58.61,61.59,8685475
07/04/2020,63.85,63.94,61.4,61.4,5901428
08/04/2020,62.5,63.75,61.69,63.44,4755785
09/04/2020,64.1,64.82,61.45,61.94,10407505
13/04/2020,61.67,62.85,61.38,62.75,5480835
14/04/2020,64.31,65.55,64.09,65.49,7673223
15/04/2020,64.03,64.07,63,63.73,6013364
16/04/2020,64.83,65.72,64.2,65.42,4654983
17/04/2020,66.68,66.97,65.43,66.06,5097583
20/04/2020,65.01,66.06,64.64,64.66,3120611
21/04/2020,63.56,63.91,61.39,61.76,6383646
22/04/2020,63.58,65.62,63.53,65.25,6015263
23/04/2020,65.23,65.96,64.5,64.65,4272239
24/04/2020,64.65,66.11,64.16,65.96,3993989
27/04/2020,66.61,67.33,66.26,66.77,4451812
28/04/2020,67.9,68.23,66.25,66.33,4556783
29/04/2020,67.52,69.68,67.27,69.44,4885494
30/04/2020,69.05,69.05,66.75,66.86,6868199
01/05/2020,65.43,65.55,63.47,63.72,6015563
04/05/2020,63.45,64.5,63.06,64.42,3807896
05/05/2020,65.33,66.42,64.89,65.26,4834448
06/05/2020,66.06,67.02,65.87,66.03,3326449
07/05/2020,67.25,67.46,66.36,66.63,3123389
08/05/2020,67.36,68.41,67.09,68.33,3016635
11/05/2020,67.67,68.85,67.62,68.36,2720856
12/05/2020,68.8,68.96,66.46,66.48,3576627
13/05/2020,66.97,67.19,64.39,65.3,6864249
14/05/2020,64.81,67.19,63.71,67.13,5694808
15/05/2020,64.88,65.93,64.43,65.6,7479518
18/05/2020,67.28,68.79,67.22,68.43,4240437
19/05/2020,68.4,69.64,68.07,68.17,3994997
20/05/2020,69.68,71.01,69.66,70.64,4524349
21/05/2020,70.47,70.65,68.75,68.85,4433186
22/05/2020,68.89,69.08,68.05,69,2484469
26/05/2020,70.64,71.07,69.49,69.59,4663592
27/05/2020,69.61,70.65,67.83,70.64,6509352
28/05/2020,70.25,71.01,68.78,69.13,5192872
29/05/2020,69.39,70.94,69.14,70.52,6013103
01/06/2020,70.45,70.78,69.89,70.41,3167531
02/06/2020,70.75,71.86,70.33,71.8,3777904
03/06/2020,72.89,74.07,72.88,73.78,4493754
04/06/2020,73.44,75.09,73.35,74.59,3140769
05/06/2020,76.17,77.39,76.08,76.35,4896765
08/06/2020,76.69,76.72,74.73,76.12,2781211
09/06/2020,75.29,76.54,75.04,76.26,2862998
10/06/2020,76.72,77.36,76.33,76.65,3506642
11/06/2020,74.74,75.05,71.9,71.94,4671429
12/06/2020,74,74.38,71.43,72.96,4695914
15/06/2020,71.36,74.01,71.17,73.91,4261772
16/06/2020,75.91,76.31,73.89,75.06,3891833
17/06/2020,75.77,76.51,75.36,75.86,4710962
18/06/2020,75.71,76.18,75.36,75.75,2885009
19/06/2020,76.55,76.97,75.21,75.4,3349053
22/06/2020,75.41,76.15,74.76,76.08,2818007
23/06/2020,76.6,77.05,76.18,76.33,2374642
24/06/2020,75.93,76.35,74.17,74.74,4470926
25/06/2020,74.84,75.39,73.55,75.25,2317742
26/06/2020,75.25,75.41,73.68,73.83,3948929
29/06/2020,74.07,74.58,72.93,74.58,3394859
30/06/2020,75.05,76.68,74.94,76.4,4433332
01/07/2020,76.45,76.48,75.52,75.53,3028759
02/07/2020,76.57,77.26,76.31,76.68,3473685
06/07/2020,78.09,79.05,77.93,78.8,3463172
07/07/2020,78.58,79.04,77.66,77.82,2976265
08/07/2020,78.52,79.01,77.88,78.93,2590901
09/07/2020,79.25,80.62,78.44,80.3,5917029
10/07/2020,80.29,80.52,79.19,79.99,2376181
13/07/2020,81.2,82.03,78.68,78.83,4748336
14/07/2020,78.32,80.35,77.41,80.16,3903324
15/07/2020,80.66,80.69,78.65,79.8,3178639
16/07/2020,79.05,79.97,78.55,79.74,3405615
17/07/2020,80.26,80.39,79.71,80.11,2489415
20/07/2020,80.22,81.92,79.66,81.71,2242787
21/07/2020,82.54,82.59,81.07,81.3,3048147
22/07/2020,81.56,82.47,81.24,81.89,2364473
23/07/2020,81.91,82.53,79.83,80.54,3717998
24/07/2020,79.28,80.94,78.61,79.73,3020447
27/07/2020,81.54,83.01,81.42,82.95,2792365
28/07/2020,81.81,81.91,80.67,80.79,2846681
29/07/2020,81.51,83.14,81.36,82.83,3205981
30/07/2020,82.11,83.7,81.93,83.61,3274945
31/07/2020,83.77,83.77,81.92,83.11,5177491
03/08/2020,83.66,84.73,83.58,84.59,2013929
04/08/2020,84.63,85.9,84.56,85.82,2998496
05/08/2020,85.82,86.55,85.42,85.9,2188609
06/08/2020,85.86,85.88,84.87,85.75,2219510
07/08/2020,85.62,86.02,83.87,84.76,2757608
10/08/2020,85.04,85.22,83.57,84.82,2287635
11/08/2020,84.84,85.26,83.37,83.62,3257338
12/08/2020,84.36,86.5,84.02,86.25,2870157
13/08/2020,86.21,86.3,85.04,85.43,2275071
14/08/2020,85.68,86.43,85.14,85.34,1631550
17/08/2020,86.33,87.06,86.12,86.59,1400881
18/08/2020,86.95,87.17,85.82,86.05,1510910
19/08/2020,86.22,86.3,85.32,85.53,2358381
20/08/2020,84.59,85.11,84.12,84.84,2907399
21/08/2020,84.81,85.48,84.51,85.46,2081547
24/08/2020,86.41,86.7,85.61,86.22,1297661
25/08/2020,86.42,87.23,86.4,87.19,1299440
26/08/2020,87.41,87.97,87.18,87.68,1417962
27/08/2020,87.98,88.2,85.92,86.45,3121628
28/08/2020,86.7,87.9,86.43,87.82,1355801
31/08/2020,87.55,88.32,86.95,87.69,1734457
01/09/2020,88.35,89.45,87.94,89.41,1834089
02/09/2020,90.9,92.31,89.69,91.78,3962461
03/09/2020,90.41,90.41,86.19,86.9,6900159
04/09/2020,86.2,87.36,82.75,85.71,4925677
08/09/2020,82.4,84.31,81.79,81.91,3996697
09/09/2020,83.92,84.89,83,84.25,2336145
10/09/2020,85.24,85.66,82.7,83.19,2919004
11/09/2020,83.9,84.69,82.24,83.03,2389916
14/09/2020,84.98,85.51,84.27,84.9,2274843
15/09/2020,86.09,87.24,85.89,86.69,3848121
16/09/2020,87.24,87.37,85.49,85.62,1935323
17/09/2020,83.26,85.56,83.11,85.43,2186980
18/09/2020,85.92,86.09,83.12,84.14,2754624
21/09/2020,82.72,84.18,82.02,84.18,4005867
22/09/2020,84.68,85.02,83.18,84.87,1607121
23/09/2020,84.95,85.33,82.63,82.93,2426081
24/09/2020,82.15,84.81,82.05,83.65,3193082
25/09/2020,83.43,84.88,82.46,84.62,2538363
28/09/2020,85.93,86.84,85.23,86.77,1959342
29/09/2020,86.57,87.79,86.57,87.23,3215696
30/09/2020,87.07,88.1,86.72,87.1,2891105
01/10/2020,88.77,89.54,88.32,89.25,2362427
02/10/2020,87.27,88.48,86.54,86.58,3139686
05/10/2020,87.4,89.53,87.33,89.53,1916117
06/10/2020,89.31,90.81,88.39,88.74,5250100
07/10/2020,90.08,90.89,90.06,90.64,1733806
08/10/2020,91.62,91.87,91.18,91.75,1886613
09/10/2020,93.14,93.55,92.7,93.33,2655068
12/10/2020,94.62,95.36,94.06,94.97,2303293
13/10/2020,95.04,95.48,94.29,94.69,1591577
14/10/2020,95.09,95.27,93.6,94.19,2147117
15/10/2020,92.46,93.95,92.2,93.82,1328122
16/10/2020,94.51,94.51,93.16,93.24,1733499
19/10/2020,93.93,94.55,92.41,92.78,2319309
20/10/2020,93.43,93.59,92.55,92.85,2497289
21/10/2020,93,93.36,92.16,92.26,2445333
22/10/2020,92.3,92.65,91.17,92.22,1573580
23/10/2020,92.12,92.12,91.13,92,1666040
26/10/2020,91.29,91.63,88.94,90.03,3232627
27/10/2020,90.76,90.97,89.35,89.72,1876054
28/10/2020,88.18,88.3,86.64,86.83,4578174
29/10/2020,86.94,89.76,86.68,88.97,2297111
30/10/2020,87.9,88.5,86.53,87.48,2423720
02/11/2020,88.26,88.93,87.31,88.16,1939263
03/11/2020,88.92,90.63,88.86,89.99,2945087
04/11/2020,91.95,93.62,90.81,93.29,3911259
05/11/2020,95.7,97.14,95.51,97,3022747
11/6/2020 16:00:00,96.85,98.79,96.3,98.5,3151804
11/9/2020 16:00:00,100.91,101.45,97.33,97.43,5390618
11/10/2020 16:00:00,96.85,96.88,94.19,94.41,3451594
11/11/2020 16:00:00,96,97.98,95.92,97.73,2687692
11/12/2020 16:00:00,97.85,98.34,96.24,96.68,3202772
11/13/2020 16:00:00,97.92,98.87,97.44,98.1,2437524
11/16/2020 16:00:00,98.87,101.16,98.71,100.86,2386703
11/17/2020 16:00:00,100.63,100.63,99.25,99.7,1715113
11/18/2020 16:00:00,100.23,100.68,99.16,99.21,3832615
11/19/2020 16:00:00,98.69,100.6,98.34,100.5,2197409
11/20/2020 16:00:00,100.71,101.32,99.88,99.99,1789657
11/23/2020 16:00:00,100.76,101.98,100.4,101.53,2519952
11/24/2020 16:00:00,102.2,102.24,100.39,101.85,1954945
11/25/2020 16:00:00,101.95,102.5,101.43,101.85,1797821
11/27/2020 13:00:00,102.55,103.79,102.55,103.21,1842276
11/30/2020 16:00:00,103.38,105.28,101.99,104.31,4266263
12/1/2020 16:00:00,105.32,107,104.88,106.2,3369053
12/2/2020 16:00:00,106.16,106.98,105.7,106.63,2654494
12/3/2020 16:00:00,107.31,107.83,106.46,106.59,2302559
12/4/2020 16:00:00,107.23,109.7,107.04,109.7,2683489
12/7/2020 16:00:00,110.41,110.45,109.35,110.32,2075330
12/8/2020 16:00:00,110.27,110.9,109.57,110.47,1863013
12/9/2020 16:00:00,109.9,110.32,106.34,107.05,3587582
12/10/2020 16:00:00,106.09,107.85,105.68,107.13,2119703
12/11/2020 16:00:00,106.41,107.1,105.21,106.26,2075821
12/14/2020 16:00:00,107.2,107.97,106.77,107.34,2173256
12/15/2020 16:00:00,108.7,109.31,108.2,109.03,2514697
12/16/2020 16:00:00,109.48,109.48,108.13,108.98,1268149
12/17/2020 16:00:00,109.67,109.7,108.54,108.96,1125420
12/18/2020 16:00:00,109.1,109.28,107.89,108.58,3410560
12/21/2020 16:00:00,106.18,107.35,105.4,107.29,2130379
12/22/2020 16:00:00,107.46,107.46,106.18,107.1,1846954
12/23/2020 16:00:00,107.25,107.62,106.24,106.3,1330034
12/24/2020 13:00:00,106.6,107.46,106.6,107.44,571449
12/28/2020 16:00:00,108.64,108.75,107.12,107.22,1222867
12/29/2020 16:00:00,107.84,107.9,105.96,106.95,2248970
12/30/2020 16:00:00,107.58,109.05,107.58,108.93,1054423
12/31/2020 16:00:00,108.98,109.27,108.14,109.21,1431548
1/4/2021 16:00:00,110.28,112.5,108.28,109.43,4650294
1/5/2021 16:00:00,109.23,111.45,109.23,111.35,2319507
1/6/2021 16:00:00,110.42,113.11,109.97,111.01,3844630
1/7/2021 16:00:00,112.9,115.83,112.9,115.59,2622330
1/8/2021 16:00:00,117.56,117.96,113.93,115.17,3364034
1/11/2021 16:00:00,114.72,117.68,114.49,116.9,3133497
1/12/2021 16:00:00,117.91,118.38,116.27,117.44,3187570
1/13/2021 16:00:00,118.25,118.32,116.25,116.81,2214021
1/14/2021 16:00:00,118.53,121.44,118.39,119.71,3302848
1/15/2021 16:00:00,119.4,119.6,116.36,117.38,3828447
1/19/2021 16:00:00,119.63,121.5,118.99,121.41,3072243
1/20/2021 16:00:00,123.04,123.4,120.65,120.91,3154923
1/21/2021 16:00:00,122.47,123.07,120.94,122.78,3608928
1/22/2021 16:00:00,121.5,122.14,120.4,120.47,2754351
1/25/2021 16:00:00,121.59,121.85,118.49,120.94,3524234
1/26/2021 16:00:00,120.73,120.8,118.82,118.85,2696497
1/27/2021 16:00:00,116.44,116.44,112.47,113.05,5791795
1/28/2021 16:00:00,115.58,117.19,114.39,115.41,3976809
1/29/2021 16:00:00,115.5,115.91,112.79,113.31,4041838
2/1/2021 16:00:00,115.07,117.92,114.75,117.75,2718920
2/2/2021 16:00:00,119.59,119.59,117.9,119.36,4338694
2/3/2021 16:00:00,119.91,119.91,117.01,117.11,3239887
2/4/2021 16:00:00,116.85,118.47,116.17,118.47,2947868
2/5/2021 16:00:00,119.22,119.25,117.44,117.61,2460291
2/8/2021 16:00:00,118.76,121.55,118.6,121.54,4484566
2/9/2021 16:00:00,121.03,122.12,120.62,121.18,1608078
2/10/2021 16:00:00,122.25,122.95,120,121.49,3740581
2/11/2021 16:00:00,122.85,126,122.78,125.99,5169973
2/12/2021 16:00:00,125.54,127.52,124.78,127.28,3400396
2/16/2021 16:00:00,128.99,129.29,127.33,128.06,3473869
2/17/2021 16:00:00,126.74,127.24,124.01,125.58,3668995
2/18/2021 16:00:00,124.12,124.8,122.65,124.25,3032671
2/19/2021 16:00:00,126.15,127.91,125.6,126.93,4329420
2/22/2021 16:00:00,125.27,125.93,121.84,122.29,3376471
2/23/2021 16:00:00,119.98,121.94,116.44,121.12,4746175
2/24/2021 16:00:00,119.99,125.03,119.22,125.01,4645493
2/25/2021 16:00:00,123.52,124.15,117.62,118.04,6155945
2/26/2021 16:00:00,120.07,121.45,117.46,120.48,5156348
3/1/2021 16:00:00,122.35,124.13,121.18,124.1,3559450
3/2/2021 16:00:00,124.34,124.34,120.18,120.29,3848648
3/3/2021 16:00:00,120.43,120.78,116.38,116.5,4517539
3/4/2021 16:00:00,115.89,116.7,109.18,110.84,9027394
3/5/2021 16:00:00,113.7,114.63,108.46,114.4,7383328
3/8/2021 16:00:00,113.77,114.28,108.07,108.11,7807262
3/9/2021 16:00:00,112.1,115.26,111.65,114.52,7103571
3/10/2021 16:00:00,116.27,116.27,112.11,112.19,6313705
3/11/2021 16:00:00,115.63,117.47,115.04,116.91,4478668
3/12/2021 16:00:00,114.75,115.7,113.88,115.45,3724592
3/15/2021 16:00:00,116.11,117.94,115.17,117.94,3438170
3/16/2021 16:00:00,119.12,120.91,118.36,119.23,4623560
3/17/2021 16:00:00,117.36,121.29,116.52,120.35,5146174
3/18/2021 16:00:00,118.6,118.78,115.42,115.53,4467409
3/19/2021 16:00:00,115.7,117.86,114.4,116.84,7075560
3/22/2021 16:00:00,118.42,120.91,118.08,119.63,4913669
3/23/2021 16:00:00,119.77,119.77,116.11,116.63,4519338
3/24/2021 16:00:00,118.42,118.66,114.57,114.63,4462486
3/25/2021 16:00:00,113.11,115.41,112.21,115.05,6763985
3/26/2021 16:00:00,115.39,120.85,115.08,120.82,7631198
3/29/2021 16:00:00,119.68,119.95,117.46,118.89,6272136
3/30/2021 16:00:00,118.33,118.86,117.27,118.38,3338199
3/31/2021 16:00:00,119.39,122.44,119.39,121.78,5066102
4/1/2021 16:00:00,124.02,126.48,124.02,126.47,5655107
4/5/2021 16:00:00,128.53,128.77,126.69,128.57,4892348
4/6/2021 16:00:00,127.73,128.25,125.58,126.82,5902456
4/7/2021 16:00:00,126.84,127.3,125.75,126.53,3962964
4/8/2021 16:00:00,128.21,128.34,127.21,128.34,3399695
4/9/2021 16:00:00,127.49,128.04,126.87,128.04,2695610
4/12/2021 16:00:00,127.42,127.42,125.45,126.56,3411667
4/13/2021 16:00:00,127.57,127.79,125.37,126.31,3692043
4/14/2021 16:00:00,126.38,127.15,124.51,125.1,3612286
4/15/2021 16:00:00,126.47,126.94,125.11,126.7,4069393
4/16/2021 16:00:00,126.78,126.96,125.86,126.21,3607486
4/19/2021 16:00:00,125.26,125.72,121.9,123.08,5118761
4/20/2021 16:00:00,122.65,123.11,120.73,121.36,4818308
4/21/2021 16:00:00,121.62,124.64,121.05,124.56,4940109
4/22/2021 16:00:00,124.5,124.68,121.04,121.8,4126640
4/23/2021 16:00:00,122.39,124.82,122.28,124.6,3207544
4/26/2021 16:00:00,124.74,126.77,124.61,126.73,2770799
4/27/2021 16:00:00,127.05,127.21,125.44,125.99,3459793
4/28/2021 16:00:00,125.6,125.6,123.82,123.98,3391224
4/29/2021 16:00:00,125.6,125.68,123.09,125.12,3960796
4/30/2021 16:00:00,123.03,123.73,121.2,121.5,4555803
5/3/2021 16:00:00,122.29,122.4,119.71,120.09,4538965
5/4/2021 16:00:00,118.76,118.96,116.4,118.6,7312695
5/5/2021 16:00:00,119.89,120.65,118.48,119.13,4935796
5/6/2021 16:00:00,118.88,120.32,117.76,120.11,6425584
5/7/2021 16:00:00,121.79,122.75,120.69,121.8,5385791
5/10/2021 16:00:00,120.55,120.55,116.19,116.4,5316996
5/11/2021 16:00:00,112.99,116.9,112.64,116.63,6746532
5/12/2021 16:00:00,114.06,114.55,111.41,111.82,7631365
5/13/2021 16:00:00,113.69,115,112.01,113.09,8949953
5/14/2021 16:00:00,114.83,117.45,113.7,116.67,4181774
5/17/2021 16:00:00,114.96,115.41,113.42,115.37,5052687
5/18/2021 16:00:00,116.46,116.85,114.59,114.74,3808799
5/19/2021 16:00:00,112.14,116.91,111.97,116.79,8099965
5/20/2021 16:00:00,117.75,120.19,117.57,119.69,5718808
5/21/2021 16:00:00,120.4,120.48,118.75,119.09,5445481
5/24/2021 16:00:00,120.15,122.52,119.94,121.7,3760956
5/25/2021 16:00:00,122.76,123.24,121.66,122.5,4049077
5/26/2021 16:00:00,122.5,123.2,121.67,122.63,3245999
5/27/2021 16:00:00,122.39,123.71,122.1,123.22,2743917
5/28/2021 16:00:00,123.59,125.04,123.37,124.6,3472037
6/1/2021 16:00:00,125.49,126.57,123.66,124.41,3960007
6/2/2021 16:00:00,124.25,125.54,123.84,125.14,3225742
6/3/2021 16:00:00,123.85,124.28,122.4,123,3820498
6/4/2021 16:00:00,124.18,126.19,124.17,125.74,3591146
6/7/2021 16:00:00,125.44,125.46,124.27,125.1,2899937
6/8/2021 16:00:00,125.96,125.97,123.14,124.07,3079669
6/9/2021 16:00:00,124.57,124.8,123.61,123.69,2856054
6/10/2021 16:00:00,123.72,125.56,123.68,125.3,3284977
6/11/2021 16:00:00,125.75,125.75,124.8,125.74,2421589
6/14/2021 16:00:00,126,127.44,125.42,127.44,3140185
6/15/2021 16:00:00,127.05,127.95,126.01,126.34,3493694
6/16/2021 16:00:00,126.74,127.16,124.22,125.28,4798804
6/17/2021 16:00:00,124.81,127.7,124.81,126.69,3924701
6/18/2021 16:00:00,125.61,125.94,123.07,123.47,5068767
6/21/2021 16:00:00,123.46,123.99,122.48,123.79,3951109
6/22/2021 16:00:00,123.89,124.65,123.14,124.6,3047369
6/23/2021 16:00:00,124.97,125.91,124.86,125.23,2098060
6/24/2021 16:00:00,126.47,127.56,126.33,127.28,2021556
6/25/2021 16:00:00,127.54,127.87,126.46,126.78,2585349
6/28/2021 16:00:00,127.77,130.27,127.77,129.85,3477718
6/29/2021 16:00:00,129.85,130.98,129.19,130.98,2558780
6/30/2021 16:00:00,130.79,131.25,130.06,131.12,2714783
7/1/2021 16:00:00,130.79,130.82,128.74,129.19,2443164
7/2/2021 16:00:00,130.23,130.23,129.1,129.9,1757918
7/6/2021 16:00:00,130.48,131.05,128.24,129.86,2781727
7/7/2021 16:00:00,130.62,130.82,127.56,128.06,2509393
7/8/2021 16:00:00,125.5,126.97,124.45,126.35,3430290
7/9/2021 16:00:00,127.03,128.73,126.05,128.5,2760880
7/12/2021 16:00:00,129.1,130.29,128.65,130.19,2228780
7/13/2021 16:00:00,129.81,130.62,129.11,129.91,2453645
7/14/2021 16:00:00,131.32,131.93,129.2,129.62,3352125
7/15/2021 16:00:00,128.76,128.76,125.18,126.07,6251563
7/16/2021 16:00:00,126.83,127.19,123.11,123.43,4497104
7/19/2021 16:00:00,121.6,123.52,121.05,123.4,6190609
7/20/2021 16:00:00,123.86,125.65,122.21,124.91,3795120
7/21/2021 16:00:00,125.5,128.54,125.32,128.5,3175041
7/22/2021 16:00:00,127.71,128.48,126.86,127.73,3107237
7/23/2021 16:00:00,128.31,128.69,127.05,128.66,2228206
7/26/2021 16:00:00,128.05,128.75,127.6,128.51,1271948
7/27/2021 16:00:00,127.66,127.94,123.72,126.24,3353500
7/28/2021 16:00:00,126.65,128.81,126.01,128.5,3365787
7/29/2021 16:00:00,128.62,131.07,128.58,130.91,3410250
7/30/2021 16:00:00,129.57,131.98,129.56,131.57,3229844
8/2/2021 16:00:00,132.7,133.97,132.14,132.5,4259422
8/3/2021 16:00:00,132.76,133.71,131.43,133.7,3218461
8/4/2021 16:00:00,134.1,135.66,133.89,135.16,3546553
8/5/2021 16:00:00,135.59,135.9,134.26,135.01,2813399
8/6/2021 16:00:00,134.01,135.01,133.96,134.29,2059749
8/9/2021 16:00:00,134.54,134.9,133.37,133.88,1999072
8/10/2021 16:00:00,134.31,134.35,131.35,132.17,3327765
8/11/2021 16:00:00,132.71,132.79,130.31,131.82,2129135
8/12/2021 16:00:00,131.14,131.15,129.34,130.38,4534196
8/13/2021 16:00:00,130.47,131.28,129.95,131.23,2828390
8/16/2021 16:00:00,130.69,131.24,129.67,130.66,2258822
8/17/2021 16:00:00,129.45,129.48,127.1,128.19,5088536
8/18/2021 16:00:00,128.07,128.99,126.43,126.53,2815964
8/19/2021 16:00:00,125.52,128.36,124.68,127.64,4483335
8/20/2021 16:00:00,127.94,128.63,126.86,128.19,3223847
8/23/2021 16:00:00,129.67,132.02,129.65,131.88,4575279
8/24/2021 16:00:00,132.19,132.71,131.67,131.97,2406506
8/25/2021 16:00:00,132.42,134.43,132.42,133.4,5361980
8/26/2021 16:00:00,133.32,134.13,132.51,133.6,2610819
8/27/2021 16:00:00,133.76,136.28,133.66,136.02,3181776
8/30/2021 16:00:00,136.85,137.6,136,136.45,2496911
8/31/2021 16:00:00,136.79,136.79,134.37,135.42,2932232
9/1/2021 16:00:00,136.07,136.25,135.04,135.21,2559835
9/2/2021 16:00:00,135.44,136.85,135.01,135.54,1610053
9/3/2021 16:00:00,135.41,137.12,135.16,136.65,1808852
9/7/2021 16:00:00,136.85,136.9,135.56,136.37,1963681
9/8/2021 16:00:00,135.66,135.86,133.51,134.57,2492374
9/9/2021 16:00:00,134.65,135.85,134.49,135.12,2315843
9/10/2021 16:00:00,136.26,138.02,136.04,136.14,3672650
9/13/2021 16:00:00,137.25,137.5,135.42,137.16,2800483
9/14/2021 16:00:00,137.63,138.23,136.56,137.25,2725838
9/15/2021 16:00:00,137.15,137.74,136.06,137.73,2133420
9/16/2021 16:00:00,136.64,138.35,136.07,137.93,2583064
9/17/2021 16:00:00,137.5,137.5,134.98,135.5,3741820
9/20/2021 16:00:00,132.6,133.1,130.22,132.2,3904601
9/21/2021 16:00:00,133.05,133.41,131.43,132.48,2312178
9/22/2021 16:00:00,133.19,135.21,132.74,134.87,2473812
9/23/2021 16:00:00,135.74,136.96,135.04,136.57,2242095
9/24/2021 16:00:00,135.5,136.42,135.21,136.2,1390957
9/27/2021 16:00:00,134.86,136.19,133.85,135.71,2030289
9/28/2021 16:00:00,132.82,133.78,130.08,130.25,5610272
9/29/2021 16:00:00,130.33,130.85,127.89,128.28,4790884
9/30/2021 16:00:00,129.1,130.27,128.11,128.14,3279291
10/1/2021 16:00:00,128.74,128.84,126.18,128.25,3681329
10/4/2021 16:00:00,127.28,127.48,124.39,124.91,4781023
10/5/2021 16:00:00,125.91,127.56,125.31,126.66,3392320
10/6/2021 16:00:00,125.2,127.19,124.84,127.05,3720926
10/7/2021 16:00:00,128.84,130.13,128.51,128.63,2471717
10/8/2021 16:00:00,129.2,129.25,127.17,127.38,2499762
10/11/2021 16:00:00,126.73,128.65,126.58,126.62,2211020
10/12/2021 16:00:00,127.36,127.64,124.81,125.34,4024701
10/13/2021 16:00:00,126.46,127.02,125.83,126.41,2847764
10/14/2021 16:00:00,129.26,130.28,128.51,130.2,3537131
10/15/2021 16:00:00,131.25,131.41,130.49,131.29,2654756
10/18/2021 16:00:00,130.29,132.39,129.81,132.32,2021652
10/19/2021 16:00:00,132.51,133.84,132.02,133.84,2315872
10/20/2021 16:00:00,133.49,133.96,132.78,133.25,2228450
10/21/2021 16:00:00,132.35,134.83,132.24,134.77,1944775
10/22/2021 16:00:00,134.6,135.79,133.35,133.58,2969492
10/25/2021 16:00:00,134.19,135.04,133.69,134.26,1869518
10/26/2021 16:00:00,135.77,136.37,134.53,135.02,2481159
10/27/2021 16:00:00,134.24,135.48,133.65,133.88,3940457
10/28/2021 16:00:00,135.57,136.47,135.01,136.43,2994672
10/29/2021 16:00:00,135.37,136.87,135.21,136.82,2203107
11/1/2021 16:00:00,136.95,138.47,136.42,138.39,2215403
11/2/2021 16:00:00,138.38,140,138.3,139.92,2305946
11/3/2021 16:00:00,140.08,141.39,139.54,141.3,3048361
11/4/2021 16:00:00,142.65,148.05,142.16,147.15,7561164
11/5/2021 16:00:00,148.34,149.87,146.99,148.3,4774272
11/8/2021 16:00:00,149.26,151.93,148.58,150.97,4314997
11/9/2021 16:00:00,152.51,152.98,149.65,151.17,5771430
11/10/2021 16:00:00,148.19,150.16,145.78,146.4,5305451
11/11/2021 16:00:00,148.75,149.45,147.72,149.04,2820139
11/12/2021 16:00:00,149.52,151.16,148.62,150.55,2636091
11/15/2021 16:00:00,151.55,151.55,148.84,150.35,2818458
11/16/2021 16:00:00,149.95,152.53,149.39,152.3,2440171
11/17/2021 16:00:00,152.35,152.73,150.82,151.4,2909599
11/18/2021 16:00:00,154.91,155.82,153.57,155.12,3802220
11/19/2021 16:00:00,154.82,157.04,154.44,156.1,3333091
11/22/2021 16:00:00,156.79,159.41,153.64,153.75,5470545
11/23/2021 16:00:00,152.94,154.32,149.99,152.63,5261177
11/24/2021 16:00:00,151.17,154.25,149.74,154.17,3582602
11/26/2021 13:00:00,151.32,152.72,148.95,149.7,3366340
11/29/2021 16:00:00,152.26,155.87,151.54,155.71,4516372
11/30/2021 16:00:00,155.07,156.39,151.3,152.45,6965704
12/1/2021 16:00:00,155.32,157.79,151.78,151.91,7118632
12/2/2021 16:00:00,150.25,153.59,149.57,152.31,6280035
12/3/2021 16:00:00,153.38,154.72,148.77,150.57,6773774
12/6/2021 16:00:00,149.79,150.7,145.26,150,5105964
12/7/2021 16:00:00,153.5,157.71,153.5,157.28,5644451
12/8/2021 16:00:00,156.42,156.92,155,156.6,3574226
12/9/2021 16:00:00,155.55,157.1,152.67,152.81,3247194
12/10/2021 16:00:00,155.56,155.88,152.2,153.78,3536365
12/13/2021 16:00:00,154.32,154.47,149.54,149.79,3749833
12/14/2021 16:00:00,147.87,149.74,146.82,148.92,4246084
12/15/2021 16:00:00,149.08,155.19,147.8,155.08,5418401
12/16/2021 16:00:00,155.84,156.18,147.56,148.34,7206161
12/17/2021 16:00:00,147.03,150.03,146.66,147.65,5639617
12/20/2021 16:00:00,144.95,146.75,144.07,145.76,5551015
12/21/2021 16:00:00,148.85,151.16,146.82,151.02,4535464
12/22/2021 16:00:00,150.03,152.82,149.72,152.82,2551480
12/23/2021 16:00:00,153.24,155.19,153.07,154.13,2397822
12/27/2021 16:00:00,154.66,158.34,154.54,158.28,3221728
12/28/2021 16:00:00,158.92,158.96,155.95,156.72,2538889
12/29/2021 16:00:00,156.54,157.78,155.74,156.7,3126163
12/30/2021 16:00:00,156.53,157.01,154.64,154.92,2955347
12/31/2021 16:00:00,155.01,156.02,154.35,154.4,1464936
1/3/2022 16:00:00,155.65,157.85,155.22,157.8,3577598
1/4/2022 16:00:00,158.5,159.35,153.59,156.98,5742755
1/5/2022 16:00:00,155.76,156.94,151.51,151.6,8144199
1/6/2022 16:00:00,151.47,153.76,149.89,153.1,6551197
1/7/2022 16:00:00,152.81,153.31,148.1,148.45,6929423
1/10/2022 16:00:00,146.5,148.88,143.87,148.64,7393945
1/11/2022 16:00:00,148.24,151.79,147.09,151.64,4970086
1/12/2022 16:00:00,152.92,154.2,151.32,152.93,5892254
1/13/2022 16:00:00,156,157.41,149.85,150.27,8479277
1/14/2022 16:00:00,149.24,153.7,148.94,153.46,5863636
1/18/2022 16:00:00,150.85,150.9,146.3,146.59,6258250
1/19/2022 16:00:00,147.95,148.85,142.45,142.54,8769474
1/20/2022 16:00:00,143.72,144.79,138.17,138.18,8354376
1/21/2022 16:00:00,137.5,141,135.76,135.88,13260933
1/24/2022 16:00:00,133.1,137.7,128.62,137.62,12572755
1/25/2022 16:00:00,133.72,135.37,131.43,132.17,8467652
1/26/2022 16:00:00,136.23,139.45,131.95,134.07,10263650
1/27/2022 16:00:00,135.42,135.7,127.97,128.35,11047971
1/28/2022 16:00:00,128.21,131.04,124.68,130.85,10955700
1/31/2022 16:00:00,131.73,137.7,130.97,137.7,7234409
2/1/2022 16:00:00,138.65,138.75,135.1,138.29,5842734
2/2/2022 16:00:00,141.33,142.02,139,141.82,5909735
2/3/2022 16:00:00,138.32,140.28,135,135.53,8345338
2/4/2022 16:00:00,134.97,137.43,133.24,136.26,4939596
2/7/2022 16:00:00,136.89,138.47,135.84,136.48,5159874
2/8/2022 16:00:00,135.59,139.7,135.27,139.28,5062365
2/9/2022 16:00:00,141.4,144.15,139.6,144.13,10148649
2/10/2022 16:00:00,140.93,145.18,139.15,139.81,8309764
2/11/2022 16:00:00,140,141.01,131.79,132.63,11684912
2/14/2022 16:00:00,133.07,135.33,130.88,132.54,7788757
2/15/2022 16:00:00,135.51,139.91,135.09,139.74,6405977
2/16/2022 16:00:00,137.99,140.09,136.62,139.72,5010527
2/17/2022 16:00:00,137.98,138.16,134,134.12,7916460
2/18/2022 16:00:00,134.57,134.81,130.85,132.63,8618223
2/22/2022 16:00:00,131.15,134.85,129.77,131.72,8937357
2/23/2022 16:00:00,133.88,134.89,128.6,128.96,7617879
2/24/2022 16:00:00,123.97,133.4,123.38,133.38,10755055
2/25/2022 16:00:00,133.26,135.29,131.41,135.24,8865497
2/28/2022 16:00:00,133.23,135.43,131.49,134.07,8920111
3/1/2022 16:00:00,133.62,134.53,128.56,129.85,8285484
3/2/2022 16:00:00,130.82,134.81,130.49,134.1,8286766
3/3/2022 16:00:00,134.51,134.57,130.4,131.21,8257627
3/4/2022 16:00:00,129.78,130.78,126.15,127.68,8078975
3/7/2022 16:00:00,127.86,128.78,121.26,121.32,8864260
3/8/2022 16:00:00,121.51,127.59,119.83,123.15,12940383
3/9/2022 16:00:00,127.44,129.35,125.83,128.5,6672392
3/10/2022 16:00:00,126.12,126.3,123.35,125.72,7498910
3/11/2022 16:00:00,127.6,127.84,122.78,122.9,7382575
3/14/2022 16:00:00,122.78,123.42,118.66,119.35,11685680
3/15/2022 16:00:00,120.46,124.68,119.57,124.35,10416876
3/16/2022 16:00:00,126.59,130.93,125.43,130.93,11573740
3/17/2022 16:00:00,129.64,131.75,128.56,131.75,6714629
3/18/2022 16:00:00,130.64,135.01,130.14,134.6,8070226
3/21/2022 16:00:00,134.21,135.29,131.92,134.28,6948553
3/22/2022 16:00:00,134.29,136.7,133.97,135.21,5823629
3/23/2022 16:00:00,133.9,135.58,131.75,131.82,7705473
3/24/2022 16:00:00,133.41,138.26,132.6,138.24,8455765
3/25/2022 16:00:00,138.05,138.25,135.45,137.67,5512975
3/28/2022 16:00:00,136.66,138.73,135.04,138.67,6612575
3/29/2022 16:00:00,141.22,142.21,139.16,141.8,7173008
3/30/2022 16:00:00,140.98,141.33,136.91,137.69,7253935
3/31/2022 16:00:00,137.38,138.38,134.57,134.9,7763302
4/1/2022 16:00:00,135.4,135.89,130.79,132.71,7734997
4/4/2022 16:00:00,133.04,135.09,132.62,134.9,5802242
4/5/2022 16:00:00,133.97,134.04,128.71,129.08,11110160
4/6/2022 16:00:00,126.38,128.45,124.98,126.41,11271372
4/7/2022 16:00:00,125.86,127.62,124.06,126.43,7573510
4/8/2022 16:00:00,125.72,125.72,123.21,123.43,6825461
4/11/2022 16:00:00,121.63,122.35,120.47,120.65,7813904
4/12/2022 16:00:00,123.07,124.06,119.61,120,10548405
4/13/2022 16:00:00,121.15,123.86,120.39,122.85,8241445
4/14/2022 16:00:00,123.49,123.61,119.08,119.11,7641037
4/18/2022 16:00:00,118.61,122.17,118.55,121.15,7121487
4/19/2022 16:00:00,120.47,123.89,119.96,123.73,6613936
4/20/2022 16:00:00,125.79,126.64,123.08,123.51,6517259
4/21/2022 16:00:00,125.02,126.38,119.59,120.12,9004483
4/22/2022 16:00:00,119.98,120.72,117.27,117.37,7125455
4/25/2022 16:00:00,116.58,119.4,116.2,119.4,9541565
4/26/2022 16:00:00,118.16,118.3,114.31,114.31,9144521
4/27/2022 16:00:00,112.98,116.48,112.9,113.76,7378200
4/28/2022 16:00:00,116.21,121.34,114.84,120.25,9548458
4/29/2022 16:00:00,117.97,120.6,114.72,114.93,7243929
5/2/2022 16:00:00,114.95,118.36,113.87,118.27,8199635
5/3/2022 16:00:00,117.86,120.01,117.06,119.24,5312670
5/4/2022 16:00:00,120,123.6,116.23,123.33,10449224
5/5/2022 16:00:00,121.27,121.4,115.88,117.54,7782052
5/6/2022 16:00:00,116.55,118.92,114.21,116.34,9904223
5/9/2022 16:00:00,113.82,115.09,109.95,110.45,9125444
5/10/2022 16:00:00,113.81,115.13,110.74,113.3,9798875
5/11/2022 16:00:00,112.2,114.85,109.64,109.83,9100211
5/12/2022 16:00:00,108.63,111.44,107.61,110.35,7988424
5/13/2022 16:00:00,112.61,116.85,111.89,116.13,6765458
5/16/2022 16:00:00,115.02,116.02,113.76,114.26,5073078
5/17/2022 16:00:00,117.38,119.98,116.83,119.72,5278540
5/18/2022 16:00:00,117.75,119.18,113.48,114,5443819
5/19/2022 16:00:00,113.24,116.76,112.94,114.03,6853268
5/20/2022 16:00:00,116.02,116.26,109.38,114.09,9004877
5/23/2022 16:00:00,113.65,115.3,112.82,115,4302091
5/24/2022 16:00:00,113.11,113.5,110.92,111.97,6375787
5/25/2022 16:00:00,111.49,115.12,111.33,114.3,5499731
5/26/2022 16:00:00,113.19,118.57,112.74,118.12,4353763
5/27/2022 16:00:00,120.05,123,119.97,122.8,4644171
5/31/2022 16:00:00,122.56,123.3,120.37,122.29,5061134
6/1/2022 16:00:00,122.86,123.48,118.81,120.28,4889383
6/2/2022 16:00:00,120.16,124.56,119.72,124.53,4366640
6/3/2022 16:00:00,121.82,122.39,120.19,120.86,3901065
6/6/2022 16:00:00,122.86,123.73,120.27,120.96,4215394
6/7/2022 16:00:00,119.44,122.19,118.58,121.93,2887195
6/8/2022 16:00:00,121.37,121.85,118.63,119.39,4091946
6/9/2022 16:00:00,118.58,120.36,116.14,116.21,4938581
6/10/2022 16:00:00,114.05,115.03,111.71,111.91,5572671
6/13/2022 16:00:00,107.87,109.09,105.33,105.69,6655531
6/14/2022 16:00:00,106.91,107.37,105.16,106.47,4547684
6/15/2022 16:00:00,107.76,110.22,105.93,108.42,5513303
6/16/2022 16:00:00,105.08,105.29,100.99,101.99,8435771
6/17/2022 16:00:00,102.5,103.6,100.53,102.83,7144455
6/21/2022 16:00:00,104.88,107.16,104.87,105.74,5003078
6/22/2022 16:00:00,103.7,106,103.54,104.25,3597777
6/23/2022 16:00:00,104.77,104.89,102.21,103.71,4246629
6/24/2022 16:00:00,105.43,108.13,105.03,108.08,6331606
6/27/2022 16:00:00,109.09,109.25,106.97,107.72,2711260
6/28/2022 16:00:00,108.19,109.41,104.99,105.01,4472342
6/29/2022 16:00:00,104.07,104.33,102.02,103.16,3853393
6/30/2022 16:00:00,101.54,103.6,100.11,101.87,4901051
7/1/2022 16:00:00,100.1,100.42,96.81,98,6463151
7/5/2022 16:00:00,95.5,98.53,94.97,98.51,7272451
7/6/2022 16:00:00,98.49,100.25,97.54,99.18,3327384
7/7/2022 16:00:00,101.53,104.2,101.51,103.76,4506712
7/8/2022 16:00:00,102.22,104.95,102,104.32,2735001
7/11/2022 16:00:00,102.72,103.2,101.24,101.82,2728874
7/12/2022 16:00:00,102.83,103.43,101.21,101.78,2735302
7/13/2022 16:00:00,99.85,103.38,99.7,102.59,3517827
7/14/2022 16:00:00,102.28,105.18,100.78,104.75,3401276
7/15/2022 16:00:00,106.26,107.43,104.84,107.4,3869103
7/18/2022 16:00:00,108.96,109.5,106.06,106.6,4212514
7/19/2022 16:00:00,108.41,111.86,108.19,111.47,4502587
7/20/2022 16:00:00,111.11,114.49,110.45,114.1,5091708
7/21/2022 16:00:00,114.58,116.07,113.14,116.01,4179817
7/22/2022 16:00:00,115.62,115.8,112.55,113.39,5604480
7/25/2022 16:00:00,112.67,112.95,111.14,112.69,3002642
7/26/2022 16:00:00,112.36,112.72,110.65,110.99,2130633
7/27/2022 16:00:00,112.75,116.94,112.71,116.18,4988347
7/28/2022 16:00:00,116.42,117.79,114.01,117.6,3213217
7/29/2022 16:00:00,116.37,118.92,115.77,118.58,3207923
8/1/2022 16:00:00,117.5,119.91,116.83,118.82,3285093
8/2/2022 16:00:00,117.47,120.36,116.99,118.58,3407847
8/3/2022 16:00:00,118.46,121.78,118.21,121.41,3712211
8/4/2022 16:00:00,121.29,122.87,120.92,122.65,2829351
8/5/2022 16:00:00,120.7,122.77,120.06,121.81,2639946
8/8/2022 16:00:00,120.28,121.33,118.03,119.71,4215259
8/9/2022 16:00:00,117.13,117.21,113.37,114.7,6862960
8/10/2022 16:00:00,117.73,119.41,116.25,119.34,4217590
8/11/2022 16:00:00,120.18,122.5,119.06,119.32,4394452
8/12/2022 16:00:00,120,122.86,119.6,122.69,2912477
8/15/2022 16:00:00,121.95,123.53,121.4,123.24,2253094
8/16/2022 16:00:00,122.6,122.96,120.53,121.85,2151108
8/17/2022 16:00:00,120.15,120.27,117.7,119.24,3338041
8/18/2022 16:00:00,119.12,121.7,118.7,120.9,2620822
8/19/2022 16:00:00,119.36,119.79,117.1,117.5,3432170
8/22/2022 16:00:00,115.2,115.63,112.98,113.4,3493769
8/23/2022 16:00:00,113.4,115.54,113.37,114.14,2258602
8/24/2022 16:00:00,113.91,114.52,112.86,114.06,2246704
8/25/2022 16:00:00,114.27,117.9,114.25,117.89,2728386
8/26/2022 16:00:00,117.64,117.8,111.32,111.34,4571282
8/29/2022 16:00:00,110.45,111.46,109.16,109.27,4531174
8/30/2022 16:00:00,110.38,110.52,106.88,108.02,4372459
8/31/2022 16:00:00,108.68,108.88,106.37,107.29,3921638
9/1/2022 16:00:00,104.52,105.1,102.08,104.94,6898207
9/2/2022 16:00:00,106.27,107.29,103.47,103.91,3442297
9/6/2022 16:00:00,103.92,104.51,102.09,102.75,3736103
9/7/2022 16:00:00,102.98,105.18,102.25,104.39,3963681
9/8/2022 16:00:00,103.39,106.22,102.65,105.81,3915187
9/9/2022 16:00:00,107.34,108.74,107.14,108.43,4064146
9/12/2022 16:00:00,108.88,109.42,107.66,108.7,3592431
9/13/2022 16:00:00,104.91,105.77,101.95,102.23,4811045
9/14/2022 16:00:00,103.13,104.01,101.99,103.34,5219551
9/15/2022 16:00:00,102.75,103.66,100.79,101.5,4953120
9/16/2022 16:00:00,100.5,102.06,99.71,101.96,4344971
9/19/2022 16:00:00,100.65,102.91,100.56,102.63,3349097
9/20/2022 16:00:00,101.6,102.13,100.58,101.21,2731388
9/21/2022 16:00:00,101.47,104.69,100.34,100.36,5574675
9/22/2022 16:00:00,99.85,100.05,97.25,97.58,5816674
9/23/2022 16:00:00,96.49,96.84,94.74,96.19,4375984
9/26/2022 16:00:00,96.2,97.45,94.9,95.07,2991389
9/27/2022 16:00:00,96.55,97.36,94.45,95.79,4121914
9/28/2022 16:00:00,94.86,97.44,94.51,97.01,4970660
9/29/2022 16:00:00,95.19,95.44,92.7,93.95,5249990
9/30/2022 16:00:00,92.83,95.31,92.56,92.56,3391271
10/3/2022 16:00:00,93.64,96.83,93.06,95.88,4269452
10/4/2022 16:00:00,98.82,100.31,98.5,99.98,5437103
10/5/2022 16:00:00,98.52,101.73,97.66,100.97,3365474
10/6/2022 16:00:00,100.67,102.36,99.98,100.28,4297375
10/7/2022 16:00:00,97.33,97.61,93.91,94.3,6126753
10/10/2022 16:00:00,94.14,94.2,90.05,91.15,6567309
10/11/2022 16:00:00,89.45,90.04,87.09,88.28,8026284
10/12/2022 16:00:00,88.29,88.79,87.35,87.75,3803036
10/13/2022 16:00:00,84.37,92.1,83.49,90.43,10703183
10/14/2022 16:00:00,91.3,91.52,86.4,86.58,4992483
10/17/2022 16:00:00,88.85,89.74,87.91,88.63,4134819
10/18/2022 16:00:00,91.24,91.84,87.28,88.65,4899233
10/19/2022 16:00:00,88.19,90.17,87.78,89.36,4267936
10/20/2022 16:00:00,90.1,92.7,89.53,90.07,5438492
10/21/2022 16:00:00,89.67,93.32,89.28,93.18,6442029
10/24/2022 16:00:00,92.9,93.85,91.12,93.47,4917343
10/25/2022 16:00:00,93.58,95.63,93.54,94.95,6744445
10/26/2022 16:00:00,93.38,96.18,92.78,94.02,4949136
10/27/2022 16:00:00,95.21,95.99,92.73,92.85,5087326
10/28/2022 16:00:00,93.07,96.53,92.91,96.39,4607475
10/31/2022 16:00:00,95.6,95.84,94.1,94.61,2987921
11/1/2022 16:00:00,96.65,96.88,94.85,95.27,2335018
11/2/2022 16:00:00,96,97.71,92.49,92.54,5951923
11/3/2022 16:00:00,91.13,93.05,90.2,91.45,5730629
11/4/2022 16:00:00,94.86,95.78,93.39,95.7,4235546
11/7/2022 16:00:00,96.26,97.86,95.2,97.59,5106919
11/8/2022 16:00:00,99.4,100.84,97.8,99.7,6073500
11/9/2022 16:00:00,98.37,98.7,96.83,96.99,4319965
11/10/2022 16:00:00,102.64,107.09,101.72,106.9,8539022
11/11/2022 16:00:00,107.26,110.91,106.45,110.4,6323232
11/14/2022 16:00:00,109.93,111.3,109.16,109.36,6115960
11/15/2022 16:00:00,114.26,114.64,111.38,112.8,5728274
11/16/2022 16:00:00,110.38,110.64,108.11,108.74,5355479
11/17/2022 16:00:00,106.61,110.08,106.38,109.56,4509881
11/18/2022 16:00:00,111.35,111.35,108.43,109.76,4012735
11/21/2022 16:00:00,108.35,108.67,107.38,107.84,2535818
11/22/2022 16:00:00,108.74,110.98,107.81,110.98,4141851
11/23/2022 16:00:00,110.96,113.04,110.79,111.94,2889966
11/25/2022 13:05:00,111.33,111.76,110.63,110.63,1103675
11/28/2022 16:00:00,109.25,110.58,107.42,108.02,3926843
11/29/2022 16:00:00,108.43,108.92,106.96,107.72,2454445
11/30/2022 16:00:00,108.07,113.87,107.22,113.87,6344124
12/1/2022 16:00:00,114.59,114.93,111.89,113.5,4376162
12/2/2022 16:00:00,110.7,112.33,110.13,111.94,4102138
12/5/2022 16:00:00,111.46,112.17,109.61,110.61,3534489
12/6/2022 16:00:00,110.51,110.61,107.28,108.18,3044960
12/7/2022 16:00:00,107.23,108.77,107.13,108.16,2825881
12/8/2022 16:00:00,108.57,111.17,107.94,110.91,3630007
12/9/2022 16:00:00,110.6,112.02,109.73,110.02,2469184
12/12/2022 16:00:00,109.39,112.05,109.06,111.98,3413836
12/13/2022 16:00:00,117.02,117.29,112.42,113.85,4734990
12/14/2022 16:00:00,113.53,114.86,110.78,111.89,3759482
12/15/2022 16:00:00,109.98,110.29,107.3,107.63,4420997
12/16/2022 16:00:00,107.15,108.1,105.84,106.79,4138124
12/19/2022 16:00:00,105.59,105.77,103.44,104.34,3613451
12/20/2022 16:00:00,103.18,104.67,103,103.83,2255046
12/21/2022 16:00:00,104.48,106.46,104.21,106.15,2837753
12/22/2022 16:00:00,103.99,103.99,99.73,101.75,4776163
12/23/2022 16:00:00,101.04,101.86,99.97,101.74,1938131
12/27/2022 16:00:00,101.04,101.17,99.66,99.92,2318079
12/28/2022 16:00:00,99.48,100.56,98.27,98.65,2532022
12/29/2022 16:00:00,100.22,102.2,99.87,101.87,4151004
12/30/2022 16:00:00,100.35,101.61,99.57,101.47,2205498
1/3/2023 16:00:00,103.29,103.39,100.05,100.69,2236237
1/4/2023 16:00:00,102.55,103.8,101.34,103.25,5019934
1/5/2023 16:00:00,102.01,102.87,101.34,101.4,2968209
1/6/2023 16:00:00,103.08,106.45,101.43,105.84,3502922
1/9/2023 16:00:00,107.79,110.36,107.23,108.14,5711332
1/10/2023 16:00:00,107.76,109.55,107.37,109.55,2731973
1/11/2023 16:00:00,109.42,110.83,108.6,110.83,2868526
1/12/2023 16:00:00,111.74,113.23,109.45,112.49,3852422
1/13/2023 16:00:00,111.29,112.96,110.91,112.9,2132234
1/17/2023 16:00:00,112.62,114.33,112.45,113.57,2529608
1/18/2023 16:00:00,114.58,115.53,112.8,112.86,4687307
1/19/2023 16:00:00,111.79,112.14,109.86,110.1,4641547
1/20/2023 16:00:00,111.13,113.69,110.39,113.68,2854850
1/23/2023 16:00:00,114.5,119.35,114.35,119.04,6394953
1/24/2023 16:00:00,117.45,119.13,117.45,118.19,3664315
1/25/2023 16:00:00,116.16,118.57,115.14,118.31,3427041
1/26/2023 16:00:00,119.85,120.52,117.96,120.43,3598182
1/27/2023 16:00:00,118.45,120.6,117.96,119.64,3627263
1/30/2023 16:00:00,117.89,118.87,116.68,116.78,4024979
1/31/2023 16:00:00,116.45,118.56,116.1,118.55,2742047
2/1/2023 16:00:00,119.18,125.31,118.88,124.14,7759299
2/2/2023 16:00:00,125.54,127.82,124.81,126.79,6492921
2/3/2023 16:00:00,124.13,127.15,123.73,124.47,3744823
2/6/2023 16:00:00,122.48,124.1,121.88,122.4,3905679
2/7/2023 16:00:00,122.78,126.64,122.5,126.07,5154557
2/8/2023 16:00:00,125.51,126.35,123.31,123.6,3922364
2/9/2023 16:00:00,125.84,127.3,123.18,124.09,4383553
2/10/2023 16:00:00,122.69,123.13,120.78,122.01,3764918
2/13/2023 16:00:00,122.53,124.17,121.64,123.84,2015180
2/14/2023 16:00:00,123,126.89,122.29,126.51,4740978
2/15/2023 16:00:00,124.84,126.57,123.78,126.5,3562560
2/16/2023 16:00:00,123.89,125.03,122.9,123.07,2709043
2/17/2023 16:00:00,122.2,122.58,120.3,121.39,3787449
2/21/2023 16:00:00,119.51,120.78,117.57,117.7,3847940
2/22/2023 16:00:00,117.92,118.86,116.55,117.12,3493809
2/23/2023 16:00:00,121.13,121.86,119.16,121.27,5791602
2/24/2023 16:00:00,118.85,119.69,118.22,119.11,3104094
2/27/2023 16:00:00,121,121.17,119.56,119.64,2925988
2/28/2023 16:00:00,119.3,121.3,119.1,119.7,2385271
3/1/2023 16:00:00,120.22,121.28,119.33,119.78,2362892
3/2/2023 16:00:00,118.18,121.37,117.35,120.84,3265221
3/3/2023 16:00:00,120.85,122.59,119.92,122.48,2692584
3/6/2023 16:00:00,122.82,123.92,121.14,121.39,3242687
3/7/2023 16:00:00,121.45,122,119.53,120.04,3308313
3/8/2023 16:00:00,120.66,123.27,120.41,123.18,4056442
3/9/2023 16:00:00,122.96,124.78,120.57,120.82,4111465
3/10/2023 16:00:00,121.24,121.93,118.26,118.86,6584093
3/13/2023 16:00:00,117.36,120.25,116.39,118.78,4915717
3/14/2023 16:00:00,120.7,123,120.49,122.34,5657254
3/15/2023 16:00:00,120.5,121.25,118.54,120.96,6301147
3/16/2023 16:00:00,120.27,125.99,119.89,125.8,7373202
3/17/2023 16:00:00,125.95,127.09,124.63,125.16,4934286
3/20/2023 16:00:00,125.5,126.79,124.35,126.42,3260682
3/21/2023 16:00:00,127.44,128.69,124.8,126.82,5559100
3/22/2023 16:00:00,127.01,130.44,126.01,126.01,4469017
3/23/2023 16:00:00,128.42,130.96,127.31,129.35,5475455
3/24/2023 16:00:00,128.6,128.81,126.01,127.31,5521457
3/27/2023 16:00:00,127.64,128,125.44,125.83,3512830
3/28/2023 16:00:00,125.33,125.56,123.22,124.95,3885702
3/29/2023 16:00:00,126.82,129.57,126.82,128.84,4989601
3/30/2023 16:00:00,130.17,131.52,129.79,130.69,3903534
3/31/2023 16:00:00,129.69,131.79,129.43,131.6,3640814
4/3/2023 16:00:00,130.93,131.42,129.31,130.85,4018246
4/4/2023 16:00:00,131.11,131.26,128.21,128.84,4028816
4/5/2023 16:00:00,127.52,127.72,125.22,126.58,5032988
4/6/2023 16:00:00,125.32,127.02,124.64,126.2,3724040
4/10/2023 16:00:00,125.05,128.18,124.85,128.11,2995648
4/11/2023 16:00:00,128.57,128.76,127.24,127.43,3144480
4/12/2023 16:00:00,128.53,128.76,125.07,125.17,3874452
4/13/2023 16:00:00,125.5,126.89,124.59,126.18,2880387
4/14/2023 16:00:00,126.11,127.48,124.66,126.04,2450642
4/17/2023 16:00:00,124.9,125.99,124.33,125.95,2648539
4/18/2023 16:00:00,127.1,127.91,125.56,126.52,2851821
4/19/2023 16:00:00,124.78,125.53,124.5,125.32,2506511
4/20/2023 16:00:00,124.5,127.28,124.41,125.46,2939850
4/21/2023 16:00:00,124.59,125.32,123.29,124.17,2601179
4/24/2023 16:00:00,123.9,124.68,122.72,123.51,2244549
4/25/2023 16:00:00,122.53,122.55,119.54,119.59,5232288
4/26/2023 16:00:00,120.81,121.62,119.85,120.43,3847656
4/27/2023 16:00:00,120.56,121.76,118.57,121.59,3407111
4/28/2023 16:00:00,122.25,123.63,121.78,123.63,3776733
5/1/2023 16:00:00,123.99,124.96,123.67,124.57,2601044
5/2/2023 16:00:00,124.53,125.18,122.5,123.49,3358843
5/3/2023 16:00:00,122.85,124.3,122.08,122.22,4111516
5/4/2023 16:00:00,121.65,122.82,120.94,121.81,2944618
5/5/2023 16:00:00,122.16,124.97,121.59,124.38,5553204
5/8/2023 16:00:00,123.98,125.15,123.37,125.07,3918938
5/9/2023 16:00:00,123.59,123.77,122.74,123.14,4951653
5/10/2023 16:00:00,124.44,125.04,122.97,124.14,5474872
5/11/2023 16:00:00,123.79,124.03,121.89,123.04,5339534
5/12/2023 16:00:00,123.47,123.89,121.81,122.9,3364892
5/15/2023 16:00:00,123.08,126.12,122.85,126.12,6192761
5/16/2023 16:00:00,125.71,127.42,125.71,126.09,5126398
5/17/2023 16:00:00,127.29,129.94,126.8,129.5,6322773
5/18/2023 16:00:00,130.1,134.31,130.1,134.04,9632610
5/19/2023 16:00:00,133.77,133.93,132.58,133.3,5312965
5/22/2023 16:00:00,132.15,133.61,131.97,133.19,4235142
5/23/2023 16:00:00,132.41,133.04,131.08,131.27,4853834
5/24/2023 16:00:00,128.73,129.65,127.95,129.34,7897087
5/25/2023 16:00:00,137.93,141.14,136.28,140.46,16072916
5/26/2023 16:00:00,141.79,148.33,141.78,147.36,12978761
5/30/2023 16:00:00,150.65,151.71,147.5,148.07,13295426
5/31/2023 16:00:00,145.74,147.34,144.08,144.33,10728721
6/1/2023 16:00:00,144.86,147.79,143.8,146.5,7272666
6/2/2023 16:00:00,147.89,148.18,145.29,146.14,6765033
6/5/2023 16:00:00,145.28,145.75,143.6,144.31,6727936
6/6/2023 16:00:00,143.5,146.17,142.98,145.33,5815057
6/7/2023 16:00:00,146.44,148.17,144.16,144.5,8687507
6/8/2023 16:00:00,144.64,146.57,144.33,146.17,5377204
6/9/2023 16:00:00,147.93,149.14,146.14,146.84,5960253
6/12/2023 16:00:00,148.51,151.45,148.4,151.18,7634040
6/13/2023 16:00:00,153.73,154.35,151.4,153.27,8274603
6/14/2023 16:00:00,152.81,155.74,152.03,155.6,7123411
6/15/2023 16:00:00,154.03,155.75,153.32,154.48,7587956
6/16/2023 16:00:00,155.8,155.94,153.17,153.38,6583153
6/20/2023 16:00:00,152.75,153.94,151.13,152.84,4597998
6/21/2023 16:00:00,152.04,152.47,148.73,149.34,5911651
6/22/2023 16:00:00,148.15,150.67,147.95,150.08,5959109
6/23/2023 16:00:00,147.75,148.45,146.96,147.53,5963465
6/26/2023 16:00:00,148.28,150.36,146.83,146.85,7403860
6/27/2023 16:00:00,147.43,151.8,146.96,151.51,6459360
6/28/2023 16:00:00,148.92,151.54,148.79,150.14,6800173
6/29/2023 16:00:00,150.82,150.96,148.91,149.92,4225874
6/30/2023 16:00:00,151.75,152.96,151.02,152.25,5309236
7/3/2023 13:05:00,153.17,154.07,152.25,153.6,2826855
7/5/2023 16:00:00,152.25,153.16,150.66,150.7,5187452
7/6/2023 16:00:00,148.34,149.08,147.16,148.91,4775622
7/7/2023 16:00:00,149.03,151.24,148.65,149.05,4351861
7/10/2023 16:00:00,149.58,151.41,149.35,151.16,6415512
7/11/2023 16:00:00,152.18,152.19,149.42,151.32,5153489
7/12/2023 16:00:00,153.53,154.68,152.9,154.5,6484145
7/13/2023 16:00:00,156.39,158.47,155.85,158.21,6395932
7/14/2023 16:00:00,158.69,160.7,156.2,156.9,7565581
7/17/2023 16:00:00,157.23,160.45,155.7,159.82,7316071
7/18/2023 16:00:00,159.12,160.79,157.62,160.26,6272862
7/19/2023 16:00:00,160.43,160.51,158.06,158.58,9333684
7/20/2023 16:00:00,155.64,156.41,152.29,152.97,14823249
7/21/2023 16:00:00,154.49,155.27,153.01,153.79,8246283
7/24/2023 16:00:00,153.99,154.54,152.9,153.92,4362531
7/25/2023 16:00:00,154.46,157.35,154.46,156.39,5773695
7/26/2023 16:00:00,155.02,155.88,152.95,154.68,6110042
7/27/2023 16:00:00,158.65,160.92,156.67,157.46,10244017
7/28/2023 16:00:00,160.16,161.04,158.83,160.5,7321149
7/31/2023 16:00:00,160.7,161.17,159.67,160.62,3934305
8/1/2023 16:00:00,159.67,160.89,158.95,160.53,4596966
8/2/2023 16:00:00,158.77,158.79,153.46,154.64,10039844
8/3/2023 16:00:00,152.48,155.19,152.16,154.19,6695690
8/4/2023 16:00:00,154.22,156.54,152.75,154.25,6804363
8/7/2023 16:00:00,155.5,156.14,154.37,155.91,5701417
8/8/2023 16:00:00,153.9,153.9,151.53,153.34,8446539
8/9/2023 16:00:00,153.17,153.32,149.73,150.3,8827135
8/10/2023 16:00:00,151.14,153.16,148.9,149.97,8639308
8/11/2023 16:00:00,148.01,148.12,146.04,146.21,11182270
8/14/2023 16:00:00,145.45,150.73,145.02,150.66,8154245
8/15/2023 16:00:00,150.55,151.09,148.65,148.85,7596608
8/16/2023 16:00:00,148.97,149.14,146.41,146.5,7232226
8/17/2023 16:00:00,147.77,147.8,145.03,145.51,7397207
8/18/2023 16:00:00,143.79,146.66,143.35,146.13,8817884
8/21/2023 16:00:00,147.18,151.24,146.96,151.04,8109155
8/22/2023 16:00:00,153.05,153.24,148.89,149.53,10829385
8/23/2023 16:00:00,149.35,153.22,148.86,152.77,8347747
8/24/2023 16:00:00,156.46,156.59,148.58,148.82,13494374
8/25/2023 16:00:00,148.61,150.75,146.27,149.09,11769072
8/28/2023 16:00:00,150.36,151.09,148.9,150.93,6822854
8/29/2023 16:00:00,150.36,155.3,149.93,154.8,8770007
8/30/2023 16:00:00,154.73,156.22,153.67,155.59,6526073
8/31/2023 16:00:00,154.85,157.16,154.85,156.22,5965377
9/1/2023 16:00:00,157.43,157.63,155.26,156.21,4495608
9/5/2023 16:00:00,155.63,157.62,155.08,156.58,5472909
9/6/2023 16:00:00,156.01,156.8,153.26,154.76,6104023
9/7/2023 16:00:00,151.23,151.73,149.45,151.33,7813267
9/8/2023 16:00:00,150.94,152.17,149.75,150.38,5305601
9/11/2023 16:00:00,152.19,152.19,148.5,150.49,5824090
9/12/2023 16:00:00,149.41,151.65,149.16,149.36,6174909
9/13/2023 16:00:00,149.31,151.83,149.04,150.57,6192028
9/14/2023 16:00:00,152.09,152.16,150.17,151.39,6951519
9/15/2023 16:00:00,150.23,150.54,146.17,146.81,10179601
9/18/2023 16:00:00,145.43,147.82,144.97,147.3,6786028
9/19/2023 16:00:00,146.75,146.99,145.07,146.03,5574192
9/20/2023 16:00:00,146.65,147.24,143.55,143.63,6978687
9/21/2023 16:00:00,141.57,142.57,140.69,140.76,9908709
9/22/2023 16:00:00,142.13,143.4,141.55,141.96,7332573
9/25/2023 16:00:00,141.31,143.11,140.66,142.96,7861256
9/26/2023 16:00:00,141.64,142.39,140.1,140.7,6702163
9/27/2023 16:00:00,141.85,142.92,139.76,141.99,8814511
9/28/2023 16:00:00,141.73,145.65,141.08,144.29,10791684
9/29/2023 16:00:00,146.53,146.93,144.46,144.98,7985312
10/2/2023 16:00:00,145.27,147.27,144.59,146.23,8600185
10/3/2023 16:00:00,145.29,146.86,142.16,142.98,9456637
10/4/2023 16:00:00,143.85,145.48,142.96,145.21,11083025
10/5/2023 16:00:00,145.29,145.9,143.67,145.21,6094048
10/6/2023 16:00:00,144.64,148.95,143.53,148.35,9946009
10/9/2023 16:00:00,146.79,148.46,145.64,147.97,6840462
10/10/2023 16:00:00,148.5,150.98,147.83,149.8,6790629
10/11/2023 16:00:00,150.64,151.44,149.49,151.42,8921736
10/12/2023 16:00:00,151.84,154.06,150.72,152.19,8554914
10/13/2023 16:00:00,152.42,152.63,148.05,148.38,9134436
10/16/2023 16:00:00,148.55,150.69,148.42,150.09,9461813
10/17/2023 16:00:00,146.59,149.47,144.47,148.32,12857937
10/18/2023 16:00:00,145.43,146.71,144.63,145.35,12530917
10/19/2023 16:00:00,147.25,147.67,143.88,144.36,15718224
10/20/2023 16:00:00,144.22,145.39,141.93,142.1,8128776
10/23/2023 16:00:00,141.14,144.54,139.96,142.6,9910711
10/24/2023 16:00:00,143,144.5,142.53,144.27,7822682
10/25/2023 16:00:00,142.8,143.15,138.03,138.68,12447801
10/26/2023 16:00:00,139.1,140.65,136.63,137.46,15094817
10/27/2023 16:00:00,139.04,139.73,137.67,138.31,11346308
10/30/2023 16:00:00,138.41,139.64,136.51,137.96,8836000
10/31/2023 16:00:00,137.96,139.28,136.1,138.95,7900348
11/1/2023 16:00:00,139.2,142.58,139.06,142.41,11750467
11/2/2023 16:00:00,145.62,147.04,144.29,146.1,11736175
11/3/2023 16:00:00,147.59,150.54,147.18,149.51,8177192
11/6/2023 16:00:00,149.75,150.44,148.29,149.95,5423580
11/7/2023 16:00:00,149.66,151.52,149.31,150.89,4600401
11/8/2023 16:00:00,151.37,152.11,150.44,151.43,6164967
11/9/2023 16:00:00,152.96,154.51,151,151.16,10529741
11/10/2023 16:00:00,153.25,157.67,152.69,157.28,11430671
11/13/2023 16:00:00,156.3,157.02,155.19,156.32,7058860
11/14/2023 16:00:00,159.89,161.54,159.52,161.09,9744907
11/15/2023 16:00:00,162.23,162.23,160.09,161.21,9002896
11/16/2023 16:00:00,160.64,162.17,160.24,161.81,7281056
11/17/2023 16:00:00,161.18,162.96,160.88,162.57,5168196
11/20/2023 16:00:00,162.79,165.44,162.52,164.9,7136063
11/21/2023 16:00:00,163.69,163.98,161.7,162.47,9001094
11/22/2023 16:00:00,163.26,164.93,161.33,162.12,9141768
11/24/2023 13:05:00,162.24,162.45,161.34,161.76,2943544
11/27/2023 16:00:00,161.22,162.89,160.73,161.66,6034522
11/28/2023 16:00:00,160.86,161.5,159.62,160.73,6165198
11/29/2023 16:00:00,162.8,164.33,162.01,162.21,7642803
11/30/2023 16:00:00,162.84,162.84,159.25,160.48,9300945
12/1/2023 16:00:00,160,161.72,158.86,161.13,6115385
12/4/2023 16:00:00,159.25,159.5,156.56,158.78,8136978
12/5/2023 16:00:00,157.52,158.95,157.07,158.78,4845947
12/6/2023 16:00:00,160.67,160.97,157.29,157.5,6457403
12/7/2023 16:00:00,158.87,161.44,158.22,161.1,8790734
12/8/2023 16:00:00,160.84,162.94,160.66,162.48,5683682
12/11/2023 16:00:00,163.53,166.99,163.29,166.38,9671558
12/12/2023 16:00:00,165.58,168.2,165.33,168.14,6985375
12/13/2023 16:00:00,168.31,171.1,167.76,170.12,8037599
12/14/2023 16:00:00,171.62,173.86,171.42,173.26,9446785
12/15/2023 16:00:00,173.89,175.86,173.7,174.08,6902023
12/18/2023 16:00:00,173.56,173.87,171.97,173.34,5157326
12/19/2023 16:00:00,173.2,174.05,172.91,173.92,5030981
12/20/2023 16:00:00,172.85,173.69,169.01,169.08,8557352
12/21/2023 16:00:00,172.35,173.55,171.52,173.26,8184454
12/22/2023 16:00:00,174.1,174.41,172.41,173.28,4089165
12/26/2023 16:00:00,173.78,176.31,173.78,175.67,4829214
12/27/2023 16:00:00,176.35,176.75,175.2,175.86,5113420
12/28/2023 16:00:00,176.62,176.73,175.71,175.82,4033519
12/29/2023 16:00:00,176.02,176.38,173.67,174.87,5391625
1/2/2024 16:00:00,172.35,172.35,167.61,168.97,8988980
1/3/2024 16:00:00,166.35,167.48,165.37,165.97,9303597
1/4/2024 16:00:00,164.28,166.65,163.97,164.99,7095771
1/5/2024 16:00:00,165.48,167.57,165.1,166.08,6869797
1/8/2024 16:00:00,167.4,172.08,167.28,171.96,10514819
1/9/2024 16:00:00,170.53,173.73,169.93,172.42,6974268
1/10/2024 16:00:00,173.05,173.1,170.63,172.58,6329968
1/11/2024 16:00:00,173.27,174.53,170.19,173.56,7993737
1/12/2024 16:00:00,173.75,174.17,172.06,172.95,4560988
1/16/2024 16:00:00,173.29,176.86,172.74,175.7,7678031
1/17/2024 16:00:00,174.48,174.93,171.49,174.64,6751357
1/18/2024 16:00:00,179.67,180.55,177.41,180.31,11983783
1/19/2024 16:00:00,182.39,187.31,181.42,187.18,12742362
1/22/2024 16:00:00,188.81,189.98,186.47,188.05,8308947
1/23/2024 16:00:00,188.02,189.17,186.09,189.01,6031187
1/24/2024 16:00:00,191.21,195.3,190.02,192.37,14706600
1/25/2024 16:00:00,195.8,195.9,191.25,192.37,11109397
1/26/2024 16:00:00,189.16,190.47,187.7,188.27,9921891
1/29/2024 16:00:00,188.72,190.51,187.82,190.48,8035540
1/30/2024 16:00:00,190.11,190.9,187.68,188.59,6340052
1/31/2024 16:00:00,185.73,188.71,184.15,185.87,10827142
2/1/2024 16:00:00,186.73,188.1,185.05,187.57,6322515
2/2/2024 16:00:00,188.22,191.73,187.86,191.22,7865373
2/5/2024 16:00:00,193.54,195.72,191.44,194.95,8600545
2/6/2024 16:00:00,195.85,195.89,190.12,192.74,8505107
2/7/2024 16:00:00,193.7,196.79,192.41,196.63,7138780
2/8/2024 16:00:00,197.57,200.86,196.82,199.43,8963823
2/9/2024 16:00:00,201.15,204.2,199.77,203.85,7642219
2/12/2024 16:00:00,204.2,207.12,201.97,203.06,9718898
2/13/2024 16:00:00,197.17,201.56,196.29,199.3,11269582
2/14/2024 16:00:00,202,203.91,200.41,203.3,7932497
2/15/2024 16:00:00,204.6,204.74,202.01,202.62,7103363
2/16/2024 16:00:00,204.33,206.08,201.21,201.75,6273103
2/20/2024 16:00:00,200.27,200.76,194.65,197.78,11318447
2/21/2024 16:00:00,195.64,196.54,193.72,196.51,8648132
2/22/2024 16:00:00,207.18,210.7,206.33,209.93,12445661
2/23/2024 16:00:00,212.03,213.36,206.97,208.62,8526178
2/26/2024 16:00:00,210.6,211.62,208.83,210.35,7552229
2/27/2024 16:00:00,211.01,211.76,208.84,209.74,4969724
2/28/2024 16:00:00,207.61,208.75,206.43,207.41,4505810
2/29/2024 16:00:00,209.8,212.56,208.79,211.95,6450597
3/1/2024 16:00:00,214.12,221.32,213.98,220.54,10273258
3/4/2024 16:00:00,224,227.13,222.67,224.09,10905082
3/5/2024 16:00:00,222.36,223.23,218.29,220.66,10421010
3/6/2024 16:00:00,225.13,228.76,223.68,226.35,11245445
3/7/2024 16:00:00,229.73,234.91,229.46,234.17,13047986
3/8/2024 16:00:00,236.93,239.14,224.44,224.99,22519154
3/11/2024 16:00:00,222.14,223.88,219.02,220.98,12843835
3/12/2024 16:00:00,224.55,228.02,220.56,227.97,10410265
3/13/2024 16:00:00,225.87,225.87,221.15,223.46,9835835
3/14/2024 16:00:00,222.78,223.99,217.41,219.46,11440058
3/15/2024 16:00:00,216.94,220.3,215.93,217.84,11402014
3/18/2024 16:00:00,222.17,223.16,217.82,218.28,8671721
3/19/2024 16:00:00,215.72,218.85,212.82,217.8,10606869
3/20/2024 16:00:00,218.85,221.62,216.83,221.29,9158063
3/21/2024 16:00:00,228.58,230.05,225.81,226.31,11728038
3/22/2024 16:00:00,225.6,229.25,225.22,227.64,5350234
3/25/2024 16:00:00,225.22,229.24,224.86,227.08,4938942
3/26/2024 16:00:00,228.8,229.46,224.76,224.97,6402507
3/27/2024 16:00:00,226.59,226.84,221.49,224.89,7614662
3/28/2024 16:00:00,224.31,225.94,223.74,224.99,3763264
4/1/2024 16:00:00,225.5,230.95,225.5,227.94,7896809
4/2/2024 16:00:00,224.25,225.43,222.38,225.01,5995047
4/3/2024 16:00:00,222.73,227.52,222.68,225.91,5914890
4/4/2024 16:00:00,229.1,229.81,219.64,219.89,9294036
4/5/2024 16:00:00,221.22,224.07,219.61,222.64,8103963
4/8/2024 16:00:00,224.89,225.28,222.17,223.06,4215259
4/9/2024 16:00:00,225.36,225.95,220.04,224.1,5376028
4/10/2024 16:00:00,221,224.38,220.5,222.15,8164904
4/11/2024 16:00:00,223.48,227.57,221.68,227.31,7200625
4/12/2024 16:00:00,223.5,223.82,219.97,220.68,8741486
4/15/2024 16:00:00,223.75,224.98,216.61,217.36,6750355
4/16/2024 16:00:00,217.33,220.36,216.47,219.16,6754863
4/17/2024 16:00:00,219.51,220.12,212.07,212.4,11726419
4/18/2024 16:00:00,210.97,212.25,207.36,208.63,10350628
4/19/2024 16:00:00,206.72,208,198.44,199.21,13584568
4/22/2024 16:00:00,200.97,204.38,199.15,203.02,9801705
4/23/2024 16:00:00,204.49,208.58,203.93,207.8,7300632
4/24/2024 16:00:00,212.64,213.14,206.95,208.04,6564870
4/25/2024 16:00:00,207.09,213.68,205.75,212.2,8682207
4/26/2024 16:00:00,212.53,218.68,211.94,217.64,6365428
4/29/2024 16:00:00,217.48,218.61,214.9,218.38,4817964
4/30/2024 16:00:00,217.34,219.62,214.09,214.09,4944785
5/1/2024 16:00:00,211.14,214.54,206.11,207.85,12945808
5/2/2024 16:00:00,211.37,212.74,207.31,212.03,6382549
5/3/2024 16:00:00,215.92,218.36,215.15,217.73,6379116
5/6/2024 16:00:00,219.37,222.68,218.22,222.67,5343124
5/7/2024 16:00:00,222.55,223.18,220.64,220.73,5067007
5/8/2024 16:00:00,218.95,221.86,218.7,221.4,5404255
5/9/2024 16:00:00,221.49,221.77,218.89,219.98,4023276
5/10/2024 16:00:00,222.96,225.44,222.43,223.3,6126631
5/13/2024 16:00:00,224,224.55,222.32,223.26,3972377
5/14/2024 16:00:00,222.94,227.33,222.24,227.08,5050504
5/15/2024 16:00:00,229.27,234,228.53,233.9,8212767
5/16/2024 16:00:00,233.85,235.11,232.09,232.2,6209568
5/17/2024 16:00:00,233.59,233.82,228.62,230.25,5241271
5/20/2024 16:00:00,231.47,236.04,230.89,235,4986447
5/21/2024 16:00:00,232.96,234.92,231.87,234.67,4396157
5/22/2024 16:00:00,236.91,237.22,233.99,236.59,8112705
5/23/2024 16:00:00,244.15,244.56,237.79,239.82,12401014
5/24/2024 16:00:00,241.53,244.44,240.29,244.26,4644652
5/28/2024 16:00:00,247.69,250.85,245.46,249.83,7702965
5/29/2024 16:00:00,246.1,246.98,244.07,245.65,7581261
5/30/2024 16:00:00,245.49,246.13,241.08,242.27,7093060
5/31/2024 16:00:00,243.37,244.02,234.26,240.48,12722755
6/3/2024 16:00:00,245.1,245.44,239.02,243.48,6312764
6/4/2024 16:00:00,243.3,243.7,240.1,242.6,5796989
6/5/2024 16:00:00,247.53,254.53,246.71,254.41,10950352
6/6/2024 16:00:00,255.52,255.92,250.25,252.41,9828172
6/7/2024 16:00:00,252.24,254.06,250.49,252.21,5470342
6/10/2024 16:00:00,251.1,256.72,250.05,255.86,6430878
6/11/2024 16:00:00,255,255.89,251.85,255.48,6117786
6/12/2024 16:00:00,260.57,264.55,259.76,263.09,8051492
6/13/2024 16:00:00,266.79,268.14,263.96,267.21,7647184
6/14/2024 16:00:00,265.4,268.59,264.62,267.89,6257022
6/17/2024 16:00:00,270.71,273.21,266.92,272.48,7501958
6/18/2024 16:00:00,273.52,278.27,273.02,276.76,8241579
6/20/2024 16:00:00,279.22,279.57,267.08,268.92,14053815
6/21/2024 16:00:00,265.57,268.93,262.02,264.89,11809908
6/24/2024 16:00:00,261.5,263.08,255.73,255.78,10154101
6/25/2024 16:00:00,258.52,261.91,255.81,261.77,6743540
6/26/2024 16:00:00,261.61,263.07,257.75,260.91,5950295
6/27/2024 16:00:00,260.4,262.43,257.64,258.86,5738731
6/28/2024 16:00:00,260.48,266.4,258.98,260.7,7743251
7/1/2024 16:00:00,261,261.35,255.66,261.01,6185982
7/2/2024 16:00:00,258.99,263.66,258.71,263.63,4117110
7/3/2024 13:05:00,264.09,270.4,263.28,269.62,4633045
7/5/2024 16:00:00,271.22,272.05,268.05,269.72,6415237
7/8/2024 16:00:00,272.84,275.7,272.55,274.21,5832663
7/9/2024 16:00:00,276.29,277.61,272.16,274.81,5915764
7/10/2024 16:00:00,278.13,281.73,276.29,281.27,6180973
7/11/2024 16:00:00,283,283.07,270,271.02,12287006
7/12/2024 16:00:00,271.8,278.94,271.06,274.45,8392846
7/15/2024 16:00:00,276.41,277.47,272.02,273.83,7814828
7/16/2024 16:00:00,275.31,275.63,270.54,273.71,5638589
7/17/2024 16:00:00,263.79,264,253.85,254.22,15181903
7/18/2024 16:00:00,259.13,260,250.01,255.54,12807627
7/19/2024 16:00:00,254.86,255.21,247.79,248.14,8589500
7/22/2024 16:00:00,253,257.9,251.61,257.72,10757923
7/23/2024 16:00:00,254.98,257.37,254.34,254.86,5869857
7/24/2024 16:00:00,250.59,251.32,240.34,240.98,11295018
7/25/2024 16:00:00,239,243.64,230.82,236.56,18765116
7/26/2024 16:00:00,242.22,242.32,238.18,240.31,7325633
7/29/2024 16:00:00,242.44,245.23,237.77,238.6,6745307
7/30/2024 16:00:00,240.22,240.71,228.33,229.47,12932120
7/31/2024 16:00:00,242.5,247.69,240.51,246.99,18412093
8/1/2024 16:00:00,244.04,246.8,227.9,231.01,17111645
8/2/2024 16:00:00,219.92,222.34,214.18,218.43,20261333
8/5/2024 16:00:00,200.98,218.5,200.49,213.31,18420837
8/6/2024 16:00:00,216.54,222.8,212.64,217.46,15388764
8/7/2024 16:00:00,224.69,226.1,211.01,211.47,13066499
8/8/2024 16:00:00,217.6,225.27,212.7,224.91,11407866
8/9/2024 16:00:00,224.7,226.49,221.39,224.85,7241675
8/12/2024 16:00:00,225.19,229.55,224.05,226.96,6751158
8/13/2024 16:00:00,230.55,236.3,228.87,236.19,7647449
8/14/2024 16:00:00,238.71,239.18,232.16,236.39,7187132
8/15/2024 16:00:00,240.8,247.34,239.53,246.37,8376779
8/16/2024 16:00:00,244.21,247.4,243,246.71,5194621
8/19/2024 16:00:00,245.79,251.4,243.29,251.34,5564348
8/20/2024 16:00:00,250.15,251.53,245.87,248.06,6578580
8/21/2024 16:00:00,248.6,251.87,247.87,250.63,4813708
8/22/2024 16:00:00,252.52,253.32,241.54,242.42,8007438
8/23/2024 16:00:00,245.85,250.33,244.7,248.39,6933374
8/26/2024 16:00:00,247.49,248.55,241.13,242.57,6925237
8/27/2024 16:00:00,240.67,245.75,238.57,245.01,5534390
8/28/2024 16:00:00,244.5,245.68,237.82,240.89,8114008
8/29/2024 16:00:00,240.47,244.51,236.78,237.91,9256468
8/30/2024 16:00:00,242.45,244.6,239.38,243.46,8623765
9/3/2024 16:00:00,238.87,238.87,223.81,225.19,14466252
9/4/2024 16:00:00,221.83,228.58,221.46,224.65,8646295
9/5/2024 16:00:00,222.06,227.77,221.73,224.26,6535443
9/6/2024 16:00:00,223.35,223.67,213.57,215,12019320
9/9/2024 16:00:00,218.46,220.31,215.79,219.86,7933427
9/10/2024 16:00:00,220.62,222.14,216.46,221.94,7651577
9/11/2024 16:00:00,223.79,233.7,219.4,233.4,11148303
9/12/2024 16:00:00,232.92,235.96,229.96,233.9,8212412
9/13/2024 16:00:00,235,237.55,234.22,236.91,6405793
9/16/2024 16:00:00,233.39,235,230.87,233.8,5505227
9/17/2024 16:00:00,236.61,237.13,231.84,233.72,4722843
9/18/2024 16:00:00,234.89,237.84,230.79,231.06,7299791
9/19/2024 16:00:00,239.97,243.85,238.31,241.09,11254192
9/20/2024 16:00:00,238.8,239.65,234.96,237.9,8183279
9/23/2024 16:00:00,238.81,239.82,237.12,238.95,3781433
9/24/2024 16:00:00,241.08,244.38,238.28,243.4,5435856
9/25/2024 16:00:00,243.23,247.08,242.8,245.54,4978310
9/26/2024 16:00:00,255.5,255.99,247.37,252.62,10082089
9/27/2024 16:00:00,253.19,253.21,246.12,247.74,7128566
9/30/2024 16:00:00,244.15,247.01,241.87,245.45,6256911
10/1/2024 16:00:00,245.63,246.58,237,238.88,7751838
10/2/2024 16:00:00,239.17,244.45,237.59,242.32,5842606
10/3/2024 16:00:00,241.55,247.15,241.34,244.55,5926885
10/4/2024 16:00:00,249.21,249.21,244.33,247.82,5776498
10/7/2024 16:00:00,246.53,250.6,246.31,248.22,4958756
10/8/2024 16:00:00,249.16,253.17,247.88,252.52,4435348
10/9/2024 16:00:00,252.99,255.41,250.21,255.15,4063391
10/10/2024 16:00:00,252.51,255.87,251,254.65,4044564
10/11/2024 16:00:00,253.61,257.3,253.6,256.69,4202875
10/14/2024 16:00:00,258.52,262.26,258.42,261.28,4608583
10/15/2024 16:00:00,261,262.11,245.58,247.16,14128878
10/16/2024 16:00:00,249.83,249.83,245.5,247.32,5692277
10/17/2024 16:00:00,255.18,256.17,251.5,251.58,6744992
10/18/2024 16:00:00,253.5,253.52,250.86,251.51,3720736
10/21/2024 16:00:00,251,253.05,249.49,252.84,3923395
10/22/2024 16:00:00,251.33,252.49,249.67,251.69,3629141
10/23/2024 16:00:00,250.45,251.67,245.84,249.01,4971630
10/24/2024 16:00:00,250.87,251.2,248.2,250.06,2595528
10/25/2024 16:00:00,252.49,256.55,252.3,252.96,6835930
10/28/2024 16:00:00,252.77,253.05,251,251.21,3557268
10/29/2024 16:00:00,251.9,258.33,250.86,256.92,5392840
10/30/2024 16:00:00,251.74,253,249.45,250.68,5348394
10/31/2024 16:00:00,248.27,248.27,240.28,241.68,9464712
11/1/2024 16:00:00,244.19,247.29,243.35,244.75,5520983
11/4/2024 16:00:00,245.31,247.51,243.41,244.27,5199206
11/5/2024 16:00:00,245.25,249.04,245.08,248.31,4344210
11/6/2024 16:00:00,252.29,255.69,250.21,254.81,7284403
11/7/2024 16:00:00,258.39,261.15,258.14,261.02,5370187
11/8/2024 16:00:00,260.76,261.88,257.92,259.34,3915598
11/11/2024 16:00:00,257.92,258.05,250.99,253.53,7667252
11/12/2024 16:00:00,253.1,253.57,248.86,251.86,6574034
11/13/2024 16:00:00,250.65,251.18,247.22,247.63,5537892
11/14/2024 16:00:00,249.56,250.96,247.38,248.18,4607584
11/15/2024 16:00:00,244.17,244.57,238.8,239.95,9499673
11/18/2024 16:00:00,239.03,242.17,237.39,241.54,7707042
11/19/2024 16:00:00,241.1,244.27,240.6,244.18,4505181
11/20/2024 16:00:00,243.33,243.75,238.65,242.54,7585585
11/21/2024 16:00:00,245.52,248.19,239.6,246.1,8825388
11/22/2024 16:00:00,245.97,246.64,243.31,244.62,4746337
11/25/2024 16:00:00,246.35,246.35,242.28,243.66,4562667
11/26/2024 16:00:00,245.82,246.12,239.89,241.42,4996487
11/27/2024 16:00:00,239.66,239.8,234.17,238.25,6911612
11/29/2024 13:05:00,240,244.49,239.59,242.13,5607353
12/2/2024 16:00:00,243.35,249.15,243.35,247.87,8070277
12/3/2024 16:00:00,246.93,248.68,245.93,248.42,3227262
12/4/2024 16:00:00,252.23,253.07,249.32,252.63,5457365
12/5/2024 16:00:00,251.89,252.16,247.58,248.3,3872077
12/6/2024 16:00:00,247.88,249.42,247.21,248.61,3885289
12/9/2024 16:00:00,246.22,248.96,244.93,246.07,4532551
12/10/2024 16:00:00,246.43,247.15,238.37,239.88,6402370
12/11/2024 16:00:00,243.65,247.04,241.73,245.75,5588413
12/12/2024 16:00:00,244.01,244.64,241.93,243.37,3979280
12/13/2024 16:00:00,249.52,251.63,246.05,249.49,8628587
12/16/2024 16:00:00,250.5,254.36,248.92,253.25,4892952
12/17/2024 16:00:00,250.48,251.17,248.03,249.96,4027848
12/18/2024 16:00:00,252.16,254.47,240.45,241.99,8125847
12/19/2024 16:00:00,243,243.25,238.35,238.87,6895880
12/20/2024 16:00:00,237.4,245.26,236.54,242.71,6909310
12/23/2024 16:00:00,243.53,249.59,243.53,249.22,6650078
12/24/2024 13:05:00,250.44,251.37,249.38,251.37,2097390
12/26/2024 16:00:00,250.42,252.39,248.88,250.93,2171444
12/27/2024 16:00:00,249.28,250.07,245.16,248.4,3812328
12/30/2024 16:00:00,244.62,247.35,242.73,244.66,3532095
12/31/2024 16:00:00,245.51,246.05,241.4,242.17,3071840
1/2/2025 16:00:00,244.52,247.75,242.25,244.79,4464000
1/3/2025 16:00:00,247,252.33,246.68,251.88,4997025
1/6/2025 16:00:00,258.67,263.29,258.5,260.23,10533193
1/7/2025 16:00:00,263.42,263.58,253.05,254.04,7661073
1/8/2025 16:00:00,253.56,254.33,249.51,252.23,5189522
1/10/2025 16:00:00,249.41,249.59,244.92,247.18,6901514
1/13/2025 16:00:00,241.07,244.93,240.62,244.64,6007459
1/14/2025 16:00:00,247.73,248.38,242.39,245.44,3791539
1/15/2025 16:00:00,249.25,252.07,247.7,251.21,5316796
1/16/2025 16:00:00,257.11,257.2,252.15,252.29,5696146
1/17/2025 16:00:00,257.98,258.68,255.61,258.25,5387323
1/21/2025 16:00:00,260.8,264.32,258.45,262.39,4922970
1/22/2025 16:00:00,266,269.66,265.14,267.17,6616460
1/23/2025 16:00:00,263.02,266.86,261.9,266.85,4704876
1/24/2025 16:00:00,267.4,267.43,260.62,261.53,5119857
1/27/2025 16:00:00,242.48,245.08,232.24,235.81,21944880
1/28/2025 16:00:00,237.89,241.03,232.26,240.45,11707323
1/29/2025 16:00:00,242.41,242.45,236.64,239.53,8366035
1/30/2025 16:00:00,243.42,245.85,240.67,245.17,7676288
1/31/2025 16:00:00,246.17,251.46,242.92,243.62,8021088
2/3/2025 16:00:00,235.97,241.64,235.12,238.78,7479648
2/4/2025 16:00:00,238.81,242.62,238.58,241.47,4579021
2/5/2025 16:00:00,242.12,247.5,240.4,247.14,4811115
2/6/2025 16:00:00,247.18,248.43,245.61,248.35,4877200
2/7/2025 16:00:00,249.56,250.65,243.48,245,7258908
2/10/2025 16:00:00,247,250.29,247,249.62,4231308
2/11/2025 16:00:00,247.7,251.04,247.41,249.87,3134879
2/12/2025 16:00:00,245.7,248.74,244.54,248.51,4212803
2/13/2025 16:00:00,248,252.09,247.79,251.92,4486146
2/14/2025 16:00:00,252,253.22,250.63,252.58,4279519
2/18/2025 16:00:00,254.72,257.2,253.34,256.22,6361446
2/19/2025 16:00:00,255.98,258.38,253.88,257.34,3025373
2/20/2025 16:00:00,258.07,259.63,254.92,257.8,4401707
2/21/2025 16:00:00,258.35,258.7,249.19,249.99,7578486
2/24/2025 16:00:00,251.3,252.06,243.28,243.42,7518002
2/25/2025 16:00:00,242.71,243.78,237.34,238.25,7658557
2/26/2025 16:00:00,241.6,246.12,240.9,243.82,6675886
2/27/2025 16:00:00,246.07,246.38,228.7,228.79,10520634
2/28/2025 16:00:00,228.37,233.78,225.63,232.77,8654651
3/3/2025 16:00:00,235.37,235.37,220.95,223.01,10001218
3/4/2025 16:00:00,222.46,230.8,218.05,225.23,12563101
3/5/2025 16:00:00,227.82,230.21,223.47,229.4,6799419
3/6/2025 16:00:00,221.98,226.16,219.07,219.78,9155207
3/7/2025 16:00:00,220.6,225.75,217.07,225.09,9426838
3/10/2025 16:00:00,219.57,221.29,211.51,214.53,9616473
3/11/2025 16:00:00,215.21,219.02,210.46,214.22,7381274
3/12/2025 16:00:00,220.32,222.95,218.18,220.52,8710844
3/13/2025 16:00:00,220.78,223.88,217.81,219.55,5126791
3/14/2025 16:00:00,223.35,226.96,223.28,226.57,5100693
3/17/2025 16:00:00,226.23,231.04,226.02,228.96,5192188
3/18/2025 16:00:00,226.63,227.77,223.88,225.42,5196659
3/19/2025 16:00:00,225.42,231.02,223.78,227.41,4932530
3/20/2025 16:00:00,225.14,229.01,224.89,227.05,3654700
3/21/2025 16:00:00,222.77,225.61,221.41,224.77,6319285
3/24/2025 16:00:00,229.2,232.42,229.1,230.63,6503200
3/25/2025 16:00:00,230.45,230.66,228.85,229.65,3451806
3/26/2025 16:00:00,228.4,228.8,220.05,222.01,9685704
3/27/2025 16:00:00,219.05,220.7,216.57,217.75,9072487
3/28/2025 16:00:00,216.8,218.04,211.05,212.17,8722097
3/31/2025 16:00:00,207.33,211.69,204.51,211.47,9477213
4/1/2025 16:00:00,210.96,212.54,207.26,212.49,6151300
4/2/2025 16:00:00,208.96,216.61,208.47,214.09,7096159
4/3/2025 16:00:00,202.69,204.49,195.34,195.57,14298993
4/4/2025 16:00:00,188.7,190.29,178.23,180.8,22160097
4/7/2025 16:00:00,173.49,194.83,170.11,184.9,25600318
4/8/2025 16:00:00,192.99,195.72,176.05,179.95,19097648
4/9/2025 16:00:00,181.76,212.81,180.27,210.83,22178514
4/10/2025 16:00:00,201.38,202.5,189.04,196.21,18282536
4/11/2025 16:00:00,195.7,201.94,193.7,201.31,10156256
4/14/2025 16:00:00,206.62,206.78,198.77,201.61,9843315
4/15/2025 16:00:00,202.67,205.14,201.94,202.92,5097847
4/16/2025 16:00:00,193.16,196.76,188.53,194.35,13067200
4/17/2025 16:00:00,195.82,196,191,192.53,7067351
4/21/2025 16:00:00,188.9,189.39,184.4,187.83,9572732
4/22/2025 16:00:00,190.35,193.3,188.96,191.9,7242693
4/23/2025 16:00:00,201.58,203.08,198.08,198.91,11495848
4/24/2025 16:00:00,203.22,209.28,202.18,208.97,9696207
4/25/2025 16:00:00,207.18,213.29,206.5,211.97,7487437
4/28/2025 16:00:00,210.89,212.21,206.4,210.65,5804925
4/29/2025 16:00:00,209.33,212.25,208.52,210.29,4506180
4/30/2025 16:00:00,205.02,211.74,203.89,211.28,5974393
5/1/2025 16:00:00,214.93,216.53,212.11,212.3,6878154
5/2/2025 16:00:00,217.99,220.92,217.24,219.03,6522174
5/5/2025 16:00:00,217.03,219.6,216.9,217.61,4536036
5/6/2025 16:00:00,213.65,217.44,212.84,215.59,5019386
5/7/2025 16:00:00,215.72,220.92,214.19,220.02,9074353
5/8/2025 16:00:00,222.85,224.84,220.1,221.95,5919181
5/9/2025 16:00:00,224.53,225.36,221.99,223.4,3495475
5/12/2025 16:00:00,236.72,238.67,234.05,237.41,9246912
5/13/2025 16:00:00,239.05,246.69,238.6,245.56,8665579
5/14/2025 16:00:00,247.65,249.44,245.6,247.99,7439569
5/15/2025 16:00:00,245.75,249,244.08,247.13,6446329
5/16/2025 16:00:00,247.54,247.61,244.12,246.42,3800074
5/19/2025 16:00:00,241.4,246.5,241.29,246.01,4196067
5/20/2025 16:00:00,243.87,245.61,242.88,245.54,3115165
5/21/2025 16:00:00,243.33,248.58,240.02,241.47,6392549
5/22/2025 16:00:00,241.03,243.61,240.32,240.81,5185483
5/23/2025 16:00:00,235.23,238.86,234.59,237.44,6577211
5/27/2025 16:00:00,242.49,245.69,240.66,244.97,8858899
5/28/2025 16:00:00,245.29,246.21,241.91,242.36,10739453
5/29/2025 16:00:00,249,249.21,242.7,244.08,9135620
5/30/2025 16:00:00,243.23,243.23,235.37,239.75,11064652
6/2/2025 16:00:00,239.18,244.03,238.96,243.3,4719859
6/3/2025 16:00:00,243.48,249.17,242.35,248.79,7518683
6/4/2025 16:00:00,250.57,252.61,248.36,251.75,7258713
6/5/2025 16:00:00,253.74,256.06,249.76,251.3,8057739
6/6/2025 16:00:00,253.54,255.59,252.64,252.73,5589747
6/9/2025 16:00:00,255,259.87,255,256.96,10841427
6/10/2025 16:00:00,258.36,262.68,257.46,262.07,9762982
6/11/2025 16:00:00,263.6,264.91,259.69,261.88,12285963
6/12/2025 16:00:00,260.06,264,260.06,263.15,6781903
6/13/2025 16:00:00,257.55,260.6,256.05,256.99,11950239
6/16/2025 16:00:00,259.96,265.05,259.78,263.38,7497747
6/17/2025 16:00:00,262.44,265.53,261.36,261.59,7284711
6/18/2025 16:00:00,262.78,264.91,260.99,262.59,7367364
6/20/2025 16:00:00,264.85,265.02,257.22,260.27,11439904
6/23/2025 16:00:00,259.85,262.66,257.12,261.92,10420123
6/24/2025 16:00:00,265.93,271.62,265.74,271.54,9035532
6/25/2025 16:00:00,273.22,275.27,272.45,275.2,8480014
6/26/2025 16:00:00,277.08,277.95,274.95,277.2,6789034
6/27/2025 16:00:00,278.18,280.5,275.64,278.42,8170862
6/30/2025 16:00:00,279.7,279.96,277.1,278.88,6375790
7/1/2025 16:00:00,276.8,278.06,272.16,275.84,8931315
7/2/2025 16:00:00,274.82,281.92,274.66,281.25,8713833
7/3/2025 13:05:00,282.82,285.19,282.31,283.62,4442978
7/7/2025 16:00:00,281.76,282.64,278.55,279.76,8616432
7/8/2025 16:00:00,281.61,284.73,280.7,283.48,8186459
7/9/2025 16:00:00,284.73,287.84,283.57,285.42,6810712
7/10/2025 16:00:00,287.89,288.19,284.56,287.52,5636246
7/11/2025 16:00:00,286.47,288.94,285.55,287.49,5676952
7/14/2025 16:00:00,286.3,286.52,281.74,285.32,7455764
7/15/2025 16:00:00,291.67,293.2,290.08,290.8,9892534
7/16/2025 16:00:00,288.5,289.57,283.13,289.28,10065893
7/17/2025 16:00:00,290.05,292.56,287.98,291.71,6998322
7/18/2025 16:00:00,292.91,293.33,289.33,290.31,5522542
7/21/2025 16:00:00,290.67,293.53,290.4,290.51,5910943
7/22/2025 16:00:00,289.74,289.84,282.12,285.37,11537512
7/23/2025 16:00:00,285.3,286.67,282.99,286.61,8194570
7/24/2025 16:00:00,287.19,288.27,284.92,287.8,5902611
7/25/2025 16:00:00,286.23,288.04,285.06,287.49,4014949
7/28/2025 16:00:00,289.78,291.57,289.29,291.41,5671906
7/29/2025 16:00:00,293.56,296.73,291.48,292.9,6968672
7/30/2025 16:00:00,294.76,297.38,293.59,296.26,7930267
7/31/2025 16:00:00,294.7,294.92,286.05,288.78,9928055
8/1/2025 16:00:00,282.91,286.94,279.19,283.95,14032196
8/4/2025 16:00:00,286.29,290.31,285.21,290.19,5323179
8/5/2025 16:00:00,290.74,291.33,284.21,287.1,6918330
8/6/2025 16:00:00,284.83,287.23,282.77,286.62,6124256
8/7/2025 16:00:00,292.83,294.71,288.62,291.12,8069437
8/8/2025 16:00:00,291.93,293.92,290.65,293.53,5121579
8/11/2025 16:00:00,294.51,297.09,292.73,293.4,5799738
8/12/2025 16:00:00,295.29,300.24,293.15,300.1,7598549
8/13/2025 16:00:00,301.84,302.98,298.57,301.28,8959735
8/14/2025 16:00:00,298,302.8,297.28,301.92,5826969
8/15/2025 16:00:00,299.36,299.36,293.94,295.65,9026333
8/18/2025 16:00:00,294.92,297.19,294.78,296.86,5577455
8/19/2025 16:00:00,296.86,297.12,290.63,290.87,8191866
8/20/2025 16:00:00,290,290,281.15,288.96,10091017
8/21/2025 16:00:00,287.78,289.87,285.88,287.46,6067701
8/22/2025 16:00:00,287.63,296.36,286.54,293.64,5810384
8/25/2025 16:00:00,293.75,295.79,292.12,293.92,4964984
8/26/2025 16:00:00,294.82,297.24,294.67,296.75,4967051
8/27/2025 16:00:00,295.85,298.1,294.38,297.66,5646172
8/28/2025 16:00:00,298.1,300.78,295.98,298.88,7193988
8/29/2025 16:00:00,295.56,295.56,289.1,290.29,13420941
9/2/2025 16:00:00,283.09,286.67,281.74,286.48,11543672
9/3/2025 16:00:00,287.36,287.93,283.78,286.43,7249632
9/4/2025 16:00:00,285.24,290.21,284.3,289.86,8079271
9/5/2025 16:00:00,295.07,295.15,289.25,293.28,9809634
9/8/2025 16:00:00,295.14,297.82,294.8,296.52,7223203
9/9/2025 16:00:00,297.22,297.99,295.11,297.81,6796992
9/10/2025 16:00:00,300.59,302.38,298.77,300.83,10221377
9/11/2025 16:00:00,303.54,305.56,303.17,303.93,7312385
9/12/2025 16:00:00,305.06,305.59,303.1,304.32,5231908
9/15/2025 16:00:00,303.82,307.23,303.01,307.17,5390242
9/16/2025 16:00:00,308.43,308.67,305.57,307.21,4227633
9/17/2025 16:00:00,306.5,307.15,301.37,305.25,9647743
9/18/2025 16:00:00,313.55,318.62,312.6,316.97,16335567
9/19/2025 16:00:00,316.4,316.51,313.43,315.71,8381595
9/22/2025 16:00:00,316.27,323.14,316,322.17,11618134
9/23/2025 16:00:00,323.16,325.36,320.02,321.7,9158952
9/24/2025 16:00:00,323.16,325.36,320.02,321.7,61426
9/25/2025 16:00:00,316.29,322.03,313.6,321.06,9592888
9/26/2025 16:00:00,321.64,322.42,318.14,321.82,6886102
9/29/2025 16:00:00,324.65,326.83,322.47,322.66,5833585
9/30/2025 16:00:00,322.75,326.72,322.43,326.36,7459901
10/1/2025 16:00:00,324.28,334.11,324.11,333.69,9911833
10/2/2025 16:00:00,339.66,340,336.56,338.24,8092564
10/3/2025 16:00:00,339.41,340.78,335.18,336.68,7769988
10/6/2025 16:00:00,345.46,348.53,343.38,343.38,10263178
10/7/2025 16:00:00,346.29,346.67,336.56,337.05,9365713
10/8/2025 16:00:00,336.73,346.46,336.42,346.07,7841482
10/9/2025 16:00:00,346.04,347.1,342.4,345.21,5565527
10/10/2025 16:00:00,345.97,346.49,324.83,325.34,18804465
10/13/2025 16:00:00,337.48,341.09,335,339.75,11760190
10/14/2025 16:00:00,333.06,339.06,330.25,333.5,7296663
10/15/2025 16:00:00,342.1,343.08,335.51,341.78,8283819
10/16/2025 16:00:00,346.17,347.09,339.81,343.3,9047529
10/17/2025 16:00:00,341.22,344.93,338.14,342.83,8396255
10/20/2025 16:00:00,346,350.05,345.66,347.22,6436924
10/21/2025 16:00:00,347.06,347.1,343.16,345.3,4391848
10/22/2025 16:00:00,342.86,344.86,332.4,338.6,8014246
10/23/2025 16:00:00,337.05,345.91,336.73,344.8,6422550
10/24/2025 16:00:00,350.58,352.94,349.82,351.14,5649324
10/27/2025 16:00:00,357.67,360.6,356.21,359.94,6663417
10/28/2025 16:00:00,359.61,364.67,358.46,363.11,5086004
10/29/2025 16:00:00,369.08,372.78,365.82,368.61,8102599
10/30/2025 16:00:00,367.43,369.86,363.55,363.73,6932721
10/31/2025 16:00:00,366.88,368.43,360.5,363.02,4917864
11/3/2025 16:00:00,367.69,369.47,364.69,366.1,4470471
11/4/2025 16:00:00,357.98,361.79,351.8,352.76,8268996
11/5/2025 16:00:00,353.1,364.28,352.72,359.5,8605366
11/6/2025 16:00:00,359.59,360.15,348.71,351.09,9600467
11/7/2025 16:00:00,346.54,348.18,336.68,348.12,14723174
11/10/2025 16:00:00,357.55,360,353.95,358.79,9180650
11/11/2025 16:00:00,355.25,356.04,349.74,351.05,7661156
11/12/2025 16:00:00,356.2,357.48,352.94,355.53,5870743
11/13/2025 16:00:00,351.63,352.88,341.25,344.82,10654836
11/14/2025 16:00:00,335.24,348.91,333.75,344.98,12271174
11/17/2025 16:00:00,341.94,348.34,337.05,340.3,6921299
11/18/2025 16:00:00,335.75,337.79,329.12,333.29,12933067
11/19/2025 16:00:00,334.81,343.06,333.46,339.44,9842253
11/20/2025 16:00:00,348.86,349.78,323.69,325.1,14686653
11/21/2025 16:00:00,325,331.62,315.05,326.13,17298698
11/24/2025 16:00:00,329,340.57,328.83,339.12,10650899
11/25/2025 16:00:00,334.73,340.72,327.35,340.01,12052681
11/26/2025 16:00:00,344.25,350.3,343.43,347.71,5533284
11/28/2025 13:05:00,349.17,352.57,347.71,352.28,3352740
12/1/2025 16:00:00,348.85,355.01,348.06,352.96,3901980
12/2/2025 16:00:00,355.85,360.79,354.15,359.43,6657912
12/3/2025 16:00:00,359.7,364.58,356.23,364.37,4642684
12/4/2025 16:00:00,363.26,364.37,359.6,361.6,3971848
12/5/2025 16:00:00,364.46,368.58,363.54,364.42,3619211
12/8/2025 16:00:00,368.1,370.72,365.74,368.55,4334313
12/9/2025 16:00:00,367.04,369.56,365.35,369,3173307
12/10/2025 16:00:00,368.91,375.59,366.93,374.1,5653318
12/11/2025 16:00:00,369.78,371.22,361.68,370.89,7499886
12/12/2025 16:00:00,366.99,367.56,352.88,354.12,12705929
12/15/2025 16:00:00,358.13,359.2,352.19,352.9,5605782
12/16/2025 16:00:00,351.57,354.39,348.31,351.94,5849243
12/17/2025 16:00:00,352.89,352.89,338.06,339.24,10780364
12/18/2025 16:00:00,350.84,352.09,345.83,347.25,8260179
12/19/2025 16:00:00,350.31,358.53,350.31,356.23,8838677
12/22/2025 16:00:00,362.41,362.48,357.77,359.7,4799521
12/23/2025 16:00:00,358.6,363.3,358.06,363.16,3542056
12/24/2025 13:05:00,362.7,364.54,362.15,364.17,1640529
12/26/2025 16:00:00,366.07,367.35,364.49,365.86,2921277
12/29/2025 16:00:00,362.66,365.82,360.82,364.21,4874419
12/30/2025 16:00:00,365.16,366.24,363.07,363.31,2926998
12/31/2025 16:00:00,364.83,365.57,360.07,360.13,2687316
1/2/2026 16:00:00,368.95,376.34,368.84,373.3,8972358
1/5/2026 16:00:00,381.72,383.99,376.94,377.59,9071296
1/6/2026 16:00:00,382.4,389.37,382.14,387.62,10201168
1/7/2026 16:00:00,385.2,387.81,383.59,385.02,6058880
1/8/2026 16:00:00,384.56,384.74,375.86,378.98,5724015
1/9/2026 16:00:00,382.28,390.88,380.08,389.22,6490839
1/12/2026 16:00:00,385.67,391.98,385.67,390.66,5532026
1/13/2026 16:00:00,392.27,396.1,390.38,391.53,5281595
1/14/2026 16:00:00,388.96,389.34,383.81,388.35,6696503
1/15/2026 16:00:00,401.07,403.62,396.12,396.41,9948083
1/16/2026 16:00:00,402.85,405.31,398.42,400.39,5485939
1/20/2026 16:00:00,393.16,397.16,389.43,390.39,7158534
1/21/2026 16:00:00,394.75,405.88,393.37,401.93,8754595
1/22/2026 16:00:00,408.18,408.73,401.57,402.82,5462581
1/23/2026 16:00:00,400.5,403.09,397.53,400.09,5869514
1/26/2026 16:00:00,398.4,400.74,396.22,398.82,4326866
1/27/2026 16:00:00,403.9,409.39,402.21,407.25,6145564
1/28/2026 16:00:00,415.34,418.49,413.13,416.63,7641913
1/29/2026 16:00:00,417.44,420.6,403.17,417.52,9352480
1/30/2026 16:00:00,411.28,416.64,400.58,403.46,9029033
2/2/2026 16:00:00,398.86,412.04,398.43,407.97,5946327
2/3/2026 16:00:00,411.03,412.58,390.52,397.68,12188626
2/4/2026 16:00:00,394.67,396.71,374.24,382.02,16908468
2/5/2026 16:00:00,379.14,388.08,375.56,381.07,12007770
2/6/2026 16:00:00,389.2,403.08,387.19,401.65,13460264
2/9/2026 16:00:00,398.91,409.69,397,406.65,5915243
2/10/2026 16:00:00,408.18,408.8,401.83,404.76,5645261
2/11/2026 16:00:00,413.84,418.08,406.36,414.78,6211177
2/12/2026 16:00:00,418.33,420.04,405.28,406.11,7379088
2/13/2026 16:00:00,408.15,412.07,402.49,407.72,6481565
2/17/2026 16:00:00,402.71,410.87,397.77,407.51,7312702
2/18/2026 16:00:00,411.44,417.04,408.72,412.55,5839869
2/19/2026 16:00:00,408.71,411,405.56,410.2,4056441
2/20/2026 16:00:00,407.66,416.83,407.18,415.03,5715805
2/23/2026 16:00:00,413.57,417.7,409.28,412.88,5830112
2/24/2026 16:00:00,417.22,421.67,411.67,419.16,7779716
2/25/2026 16:00:00,424.35,427.94,423.68,426.16,7503557
2/26/2026 16:00:00,423.72,423.72,405.56,412.01,14662463
2/27/2026 16:00:00,403.26,409.24,401.88,406.37,9020834
3/2/2026 16:00:00,397.25,407.36,396.92,406.39,11457207
3/3/2026 16:00:00,391.36,394.54,385.93,391.06,13664142
3/4/2026 16:00:00,396.25,401.23,393.1,399.1,8667270
3/5/2026 16:00:00,396.06,401.11,386.75,395.35,11740708
3/6/2026 16:00:00,384.97,392.67,378.53,380.56,12329284
3/9/2026 16:00:00,375.76,395.36,374.16,394.37,16239364
3/10/2026 16:00:00,394,403.88,394,397.33,13524793
3/11/2026 16:00:00,400.01,404.39,398.69,401.03,6024928
3/12/2026 16:00:00,395.46,396.06,386.74,388.13,9845228
3/13/2026 16:00:00,392.32,396.33,386.07,387.33,7636079
3/16/2026 16:00:00,395.14,399.48,392.64,393.92,10317561
3/17/2026 16:00:00,397.16,397.61,393.22,396.88,6646252
3/18/2026 16:00:00,396.96,399.69,393.47,393.67,8372418
3/19/2026 16:00:00,384,397.53,381.44,394.92,12674827
3/20/2026 16:00:00,394.11,395.73,380.87,384.74,12846845
3/23/2026 16:00:00,393.36,399.28,389.44,391.36,12742294
3/24/2026 16:00:00,388.03,396.88,387.62,394.59,6177167
3/25/2026 16:00:00,398.36,402.5,395.74,399.02,7388666
3/26/2026 16:00:00,391.92,392.68,380.3,380.84,14806234
3/27/2026 16:00:00,377.79,381.31,373.01,374.25,11811408
3/30/2026 16:00:00,377.62,379.24,359.86,362.53,12198183
3/31/2026 16:00:00,368.74,383.5,368.1,383.4,13834949
4/1/2026 16:00:00,388.18,396.63,386.38,391.97,10805350
4/2/2026 16:00:00,378.07,393.5,378,392.32,8505833
4/6/2026 16:00:00,393.75,397.1,391.9,395.98,4186121
4/7/2026 16:00:00,394.71,400.09,389.64,399.9,6672539
4/8/2026 16:00:00,423.16,424.99,414.99,422.92,10184264
4/9/2026 16:00:00,423.17,430.65,422.63,430.31,6018202
4/10/2026 16:00:00,434.45,441.54,434.45,436.88,11224187
4/13/2026 16:00:00,434.75,443.64,433.6,443.34,6549795
4/14/2026 16:00:00,448,452.1,444.24,452,6932448
4/15/2026 16:00:00,450.7,453.33,435.15,453,9155668
4/16/2026 16:00:00,450.73,457.09,447.77,454.8,6450665
4/17/2026 16:00:00,462.8,464.58,459.5,464.16,7184644
4/20/2026 16:00:00,464.64,465.74,458.65,463.96,3935098
4/21/2026 16:00:00,466.29,468.43,462.24,464.66,5598577
4/22/2026 16:00:00,471.05,477.42,467.17,476.83,7835174
4/23/2026 16:00:00,480.4,488.08,475.19,481.85,10619720
4/24/2026 16:00:00,499.51,509.59,495.46,506.44,12614318
4/27/2026 16:00:00,509.19,510.1,497.75,506.26,9040153
4/28/2026 16:00:00,488.19,496.66,483.29,491.21,12664811
4/29/2026 16:00:00,496.35,499.58,492.34,499.58,6007910
4/30/2026 16:00:00,504.71,507.79,495.02,506.72,8401642
5/1/2026 16:00:00,504.21,511.99,502.25,509.82,5308292
5/4/2026 16:00:00,512.47,513.15,501.15,506.79,6867462
5/5/2026 16:00:00,515.38,526.2,514.12,522.69,8624609
5/6/2026 16:00:00,537.77,549.88,532.35,549.76,15262913
5/7/2026 16:00:00,545.77,549.7,535.92,540.1,10905154
5/8/2026 16:00:00,551.58,566.79,549,566.54,8553715
5/11/2026 16:00:00,570.26,578.06,566.8,576.31,12680940
5/12/2026 16:00:00,565.01,570.4,542.67,561.25,17720788
5/13/2026 16:00:00,571.79,576.2,560.12,572.46,9586693
5/14/2026 16:00:00,570.84,581.17,567.75,578.34,8458691
5/15/2026 16:00:00,560.3,565.88,552.91,556.34,13009611
5/18/2026 16:00:00,565.48,567.21,536.87,546.16,12317457
5/19/2026 16:00:00,534.94,553.34,527.87,543.96,11905827
5/20/2026 16:00:00,552.75,564.72,551.65,564.66,8892210
5/21/2026 16:00:00,561.02,570.6,557.62,567.88,8293803
5/22/2026 16:00:00,574.27,582.5,572.86,576.32,7535020
5/26/2026 16:00:00,591.58,603.97,589.1,602.14,10008514
5/27/2026 16:00:00,611.94,612.3,584.93,595.5,11208991
5/28/2026 16:00:00,595.81,604.74,587.31,599.83,7624971
5/29/2026 16:00:00,606.03,611.79,597.12,598.93,7603184
6/1/2026 16:00:00,596.1,613.43,593.09,607.81,8648979
6/2/2026 16:00:00,619.6,632.57,614.47,632.21,8083503
6/3/2026 16:00:00,640.8,642.77,623.91,637.9,10179873
6/4/2026 16:00:00,613,634.78,604.61,627.53,10462936
6/5/2026 16:00:00,605.09,607,569.69,569.69,22038002
6/8/2026 16:00:00,597.21,606.2,588.54,598.16,13823902
6/9/2026 16:00:00,609.48,613.69,554.66,591.01,20329716
6/10/2026 16:00:00,580.76,598.73,568.29,570.91,12711369
6/11/2026 16:00:00,582.61,611.62,581.61,609.45,12196802
6/12/2026 16:00:00,607.95,624.62,602.21,619.96,8986716
6/15/2026 16:00:00,643.5,649.24,639.25,647.1,9613891
6/16/2026 16:00:00,643.52,648.31,616,616,10949632
6/17/2026 16:00:00,633.46,643.5,623.13,623.97,10658833
6/18/2026 16:00:00,648.54,663.8,648.15,659.88,11229716
6/22/2026 16:00:00,670.35,671.83,660.02,668.91,8042965
6/23/2026 16:00:00,625.93,636.88,617.27,622.05,19125964
6/24/2026 16:00:00,622.28,625.23,606.23,618.92,11901988
6/25/2026 16:00:00,649.37,650.03,613.93,636.88,14909351
6/26/2026 16:00:00,616.79,621.71,609,611.61,12728345
6/29/2026 16:00:00,615.03,633.26,596.17,631.98,10473943
6/30/2026 16:00:00,636.07,659.74,634.6,655.89,9406891
7/1/2026 16:00:00,634.35,639.89,618.62,620.46,13424666
7/2/2026 16:00:00,622.58,627.7,582.6,592.29,21334058
7/6/2026 16:00:00,607.05,618.21,604.05,604.3,9820715
7/7/2026 16:00:00,580.02,585.97,566.83,581.45,14619227
7/8/2026 16:00:00,575.33,595,575.04,593,9521328
7/9/2026 16:00:00,615.48,618.17,604.7,607.73,9045102
7/10/2026 16:00:00,600.87,615.05,595.84,611.03,6608365
7/13/2026 16:00:00,598.01,599.36,583.09,585.62,8736478
7/14/2026 16:00:00,608.9,608.9,590.38,600.31,7581089
7/15/2026 16:00:00,606.88,606.88,573.72,590.77,11020780
7/16/2026 16:00:00,575.75,581.84,564.45,568.92,12353272
7/17/2026 16:00:00,547.93,567.41,536.81,556.53,22083883
7/20/2026 16:00:00,568.78,572.77,557.24,558.83,6962563
7/21/2026 16:00:00,580.96,586,572.05,584.08,7129768
7/22/2026 16:00:00,571.35,592.01,571.35,586.91,5249662
7/23/2026 16:00:00,577.2,586.89,574,580.17,7963220
7/24/2026 16:00:00,574.43,578.52,556.49,561.19,19156404
7/27/2026 16:00:00,565.94,567.62,535.31,548.55,38682157
7/28/2026 16:00:00,531.65,535.94,518.25,529.6,18429042
7/29/2026 16:00:00,525.99,532.17,503.63,504.22,19440902
7/30/2026 16:00:00,529.86,544.64,524.56,538.9,14175002
7/31/2026 16:00:00,557.5,561.44,535.24,540.53,14673891
8/3/2026 16:00:00,530.43,548.49,524.77,545.46,7283763
8/4/2026 16:00:00,564.29,578.63,562.28,575.71,9566210
8/5/2026 16:00:00,574.41,585,568.38,569.7,6209432
8/6/2026 16:00:00,565.48,580.43,559.56,571.48,6231652
8/7/2026 16:00:00,583.58,586.09,572.32,582.7,6505032
8/10/2026 16:00:00,585.99,586.24,569.2,569.41,6476714
8/11/2026 16:00:00,578.57,578.6,569.17,572.93,5028984
8/12/2026 16:00:00,590.55,590.57,583.79,584.83,7414057
8/13/2026 16:00:00,586.38,597.95,585.01,589.12,6785984
8/14/2026 16:00:00,587.51,590.33,581.87,587.82,5524296
8/17/2026 16:00:00,593.72,600.37,591.5,594.07,7700538
8/18/2026 16:00:00,574.36,577.76,562.63,569.77,11364389
8/19/2026 16:00:00,575.06,576.84,556.32,560.92,8713302
8/20/2026 16:00:00,559.38,566,557.26,562.65,6240638
8/21/2026 16:00:00,569.44,569.44,556.1,560.42,9619330
8/24/2026 16:00:00,554.17,554.17,540.75,546.8,7743315
8/25/2026 16:00:00,555.38,560.38,550.66,555.82,6046223
8/26/2026 16:00:00,554.47,557.78,550.54,555.77,3864963
8/27/2026 16:00:00,569.37,573.21,562.54,573,6566933
8/28/2026 16:00:00,568.72,570.12,552.3,553.11,6468428
8/31/2026 16:00:00,554.38,558.43,552.79,556.63,4325053
9/1/2026 16:00:00,546.48,549.88,540.85,545.22,6195103
9/2/2026 16:00:00,545.23,553.19,541.72,550.48,5129885
9/3/2026 16:00:00,546.77,553.74,540.07,552.6,5623455
9/4/2026 16:00:00,560.5,569.4,557.72,567.01,9456112
9/8/2026 16:00:00,578.7,580.57,572,573.73,8300281
9/9/2026 16:00:00,569.9,577.57,569.9,574.29,3467085
9/10/2026 16:00:00,561.54,565.15,557.09,560.28,6620974
9/11/2026 16:00:00,568.83,572.8,564,568.53,5204920