URA,,,,,
Date,Open,High,Low,Close,Volume
05/11/2010,102.54,103.44,99.48,103.26,289379
08/11/2010,104.7,114.78,103.92,114.78,1533243
09/11/2010,116.16,119.52,109.8,111,2209761
10/11/2010,111.96,113.1,108,112.74,732725
11/11/2010,114,114.12,111.12,113.7,670530
12/11/2010,111.24,111.54,106.14,108.84,354090
15/11/2010,112.68,112.68,106.56,107.1,156886
16/11/2010,105,105,97.74,99.18,745513
17/11/2010,99.72,101.76,98.4,101.76,278979
18/11/2010,105.84,106.84,105.3,106.08,259451
19/11/2010,106.02,106.8,103.56,106.38,146864
22/11/2010,107.4,107.4,105,106.62,138949
23/11/2010,105.36,106.02,103.5,105.96,194946
24/11/2010,107.94,111.84,107.94,111.42,574068
26/11/2010,114.18,116.28,112.98,115.68,546457
29/11/2010,117,117,113.46,116.28,458488
30/11/2010,116.04,116.94,114.66,115.74,479833
01/12/2010,118.2,120.36,117,119.7,406089
02/12/2010,120.48,121.62,119.88,120.24,594914
03/12/2010,121.32,121.32,119.22,120.06,236263
06/12/2010,120.42,121.14,119.35,120.9,383043
07/12/2010,124.44,124.44,120.48,121.14,637618
08/12/2010,121.32,121.32,117.3,117.58,464401
09/12/2010,117.9,120,117.6,118.8,265019
10/12/2010,119.16,119.16,117.54,118.86,128038
13/12/2010,120.84,120.96,118.8,119.1,204370
14/12/2010,120.24,120.24,116.4,117.12,207905
15/12/2010,117.54,118.02,115.26,115.38,165154
16/12/2010,116.4,117.84,116.04,116.97,144852
17/12/2010,118.14,118.14,115.74,117.54,183014
20/12/2010,118.5,119.28,117.9,118.98,167989
21/12/2010,119.28,119.7,118.8,119.4,270732
22/12/2010,120,120.3,119.22,119.28,136728
23/12/2010,119.94,119.94,118.62,119.28,105846
27/12/2010,118.8,118.98,118.14,118.92,57883
28/12/2010,119.28,120.9,119.04,120.54,186128
29/12/2010,119.04,121.44,118.32,120.66,328551
30/12/2010,121.56,122.04,120,121.32,264716
31/12/2010,121.5,123.24,121.2,122.82,133106
03/01/2011,124.98,125.82,123.9,125.17,382808
04/01/2011,125.04,125.46,119.46,121.86,373695
05/01/2011,119.88,120.12,118.68,119.76,155736
06/01/2011,119.82,119.82,116.68,116.88,156385
07/01/2011,117.9,117.9,114.24,116.04,152623
10/01/2011,114.78,116.94,113.64,116.7,114287
11/01/2011,117.06,118.96,117.06,118.02,506605
12/01/2011,123.06,123.3,120.9,123.29,432760
13/01/2011,124.2,125.4,122.52,123.96,228163
14/01/2011,123.3,124.14,122.1,124.02,135293
18/01/2011,124.44,128.04,124.44,127.8,392791
19/01/2011,130.02,131.34,124.99,125.46,346048
20/01/2011,123.6,123.66,120.6,122.34,461541
21/01/2011,123.96,124.08,121.89,121.98,335417
24/01/2011,121.68,123.18,120.9,122.88,211636
25/01/2011,122.04,122.34,120,120.96,293569
26/01/2011,121.56,124.26,121.5,124.14,361609
27/01/2011,125.64,125.64,121.33,122.16,137432
28/01/2011,121.8,121.8,119.93,119.94,171708
31/01/2011,120.66,125.28,120.35,125.22,417137
01/02/2011,127.74,132,127.43,131.58,569771
02/02/2011,132,134.52,131.76,133.68,798343
03/02/2011,133.38,133.38,130.26,132.12,628284
04/02/2011,133.08,133.08,129.24,131.76,297960
07/02/2011,131.22,132.12,130.08,130.56,389829
08/02/2011,130.98,131.34,129.54,130.8,206271
09/02/2011,132.18,132.18,129.18,130.02,199022
10/02/2011,129.12,129.66,127.08,129.18,196106
11/02/2011,129.18,130.2,128.22,129.3,157119
14/02/2011,130.5,133.2,129.78,132.78,440460
15/02/2011,133.74,134.1,129.66,130.56,605441
16/02/2011,131.28,131.28,128.82,129.48,260815
17/02/2011,130.02,130.02,128.1,129.83,153661
18/02/2011,130.32,130.32,126.9,127.44,275567
22/02/2011,124.92,125.82,120,120.42,866515
23/02/2011,120.54,120.96,119.12,120.3,244952
24/02/2011,120.3,122.28,119.7,120.66,211891
25/02/2011,121.44,125.28,121.44,124.92,190580
28/02/2011,126.06,126.84,124.5,125.34,201293
01/03/2011,126.06,126.06,123.78,124.08,195800
02/03/2011,124.5,125.59,123.78,124.41,217306
03/03/2011,124.56,126,124.32,125.79,179992
04/03/2011,125.46,126.29,124.32,125.46,145253
07/03/2011,124.92,125.94,120,121.56,277355
08/03/2011,121.98,122.34,120.12,120.42,318887
09/03/2011,120.96,121.8,118.8,118.8,243424
10/03/2011,117,117,113.4,113.46,510895
11/03/2011,112.2,115.19,111.06,114.24,405898
14/03/2011,93.12,95.94,86.28,94.38,2939967
15/03/2011,81.96,87.24,79.5,87,3861790
16/03/2011,88.38,90.78,79.5,81.3,2588233
17/03/2011,82.56,83.16,80.76,81.6,3810317
18/03/2011,85.59,89.94,84.3,89.1,3873744
21/03/2011,95.7,97.5,93.54,96.24,3221605
22/03/2011,98.4,98.58,94.86,95.7,1706575
23/03/2011,95.52,95.64,93.3,95.04,1051704
24/03/2011,95.88,96,93.42,94.02,663457
25/03/2011,95.58,95.58,93.94,94.14,395385
28/03/2011,92.7,93.6,88.86,89.28,1157806
29/03/2011,88.56,89.28,86.4,87.45,722682
30/03/2011,88.56,89.4,88.14,89.04,462809
31/03/2011,88.44,90,88.44,89.1,395170
01/04/2011,90,90.72,89.4,90.24,415785
04/04/2011,91.2,91.92,90.72,91.92,576464
05/04/2011,92.88,92.88,91.74,92.53,468802
06/04/2011,93.3,93.96,92.4,92.88,655825
07/04/2011,92.7,93.54,90.78,91.8,587249
08/04/2011,92.1,93.42,92.1,92.7,691896
11/04/2011,93.36,93.6,90.18,90.42,404679
12/04/2011,88.44,88.5,85.62,87,870738
13/04/2011,87.36,87.84,86.7,87.06,402349
14/04/2011,86.7,88.74,86.1,88.74,1140482
15/04/2011,89.1,89.64,88.68,89.16,607490
18/04/2011,88.68,88.92,86.64,87.6,724192
19/04/2011,87.6,87.95,86.94,87.54,316476
20/04/2011,89.1,89.58,88.62,89.16,349774
21/04/2011,89.7,90.09,88.98,89.4,193109
25/04/2011,90,90.12,88.28,88.68,315822
26/04/2011,88.44,89.52,88.32,88.62,264679
27/04/2011,88.5,89.1,87.18,88.92,264435
28/04/2011,87.9,87.96,86.22,86.82,707214
29/04/2011,85.98,85.98,85.02,85.8,311334
02/05/2011,85.38,86.58,85.08,86.04,229526
03/05/2011,85.38,87.48,84.84,86.04,344314
04/05/2011,86.82,86.82,84.3,85.37,325428
05/05/2011,84.48,84.86,82.08,82.98,485855
06/05/2011,83.46,84.48,82.26,82.68,366199
09/05/2011,84.24,85.32,82.98,85.2,219358
10/05/2011,86.4,86.4,84.6,84.72,253948
11/05/2011,84.96,85.6,82.38,82.61,455521
12/05/2011,82.08,82.26,78.78,80.7,956529
13/05/2011,80.52,81,79.08,79.74,249050
16/05/2011,78.84,79.52,78.06,78.24,298928
17/05/2011,77.82,78.17,76.92,77.34,571400
18/05/2011,77.46,79.47,77.4,79.26,191835
19/05/2011,79.56,80.58,78.91,79.52,100767
20/05/2011,79.8,79.8,78,79.1,137734
23/05/2011,78,79.08,76.92,77.4,492332
24/05/2011,78.06,79.56,78,78.66,190569
25/05/2011,78.36,79.74,78,79.44,217804
26/05/2011,79.68,81.6,78.96,81.48,228339
27/05/2011,82.08,84.6,82.08,84.24,556212
31/05/2011,82.8,82.98,79.8,80.76,535118
01/06/2011,81.18,81.18,79.26,79.26,250519
02/06/2011,79.26,79.98,78.84,79.02,380077
03/06/2011,78.6,79.32,77.94,78.06,266578
06/06/2011,77.82,78.54,75.66,75.9,408878
07/06/2011,76.38,76.79,75.72,76.38,203535
08/06/2011,75.72,75.72,71.22,72.84,728123
09/06/2011,72.72,73.2,71.76,72.84,681678
10/06/2011,72.36,72.36,70.56,71.22,306950
13/06/2011,71.22,71.4,68.4,69.36,801332
14/06/2011,70.08,71.52,69.72,71.1,313679
15/06/2011,70.5,70.62,68.76,69.24,143294
16/06/2011,68.7,69,67.5,68.76,216676
17/06/2011,69.12,70.07,67.62,68.91,374839
20/06/2011,69.84,69.84,67.26,67.5,229725
21/06/2011,67.8,70.26,67.8,69.96,480451
22/06/2011,70.5,71.7,69.9,70.5,275466
23/06/2011,70.26,71.28,69.24,71.28,197003
24/06/2011,71.22,71.46,69.6,69.72,118939
27/06/2011,69.6,69.6,67.5,68.04,348363
28/06/2011,68.64,68.64,67.74,68.64,106196
29/06/2011,69,70.08,68.82,69.6,88922
30/06/2011,70.14,72.3,70.02,72.24,180641
01/07/2011,72.06,72.84,71.58,72.48,145133
05/07/2011,74.1,74.76,73.36,73.68,236184
06/07/2011,73.92,74.4,73.2,74.22,190213
07/07/2011,75,75.9,74.82,75.9,229083
08/07/2011,75.24,75.48,74.1,75.18,173914
11/07/2011,74.58,74.58,71.76,71.88,206571
12/07/2011,70.98,72.54,70.74,71.7,221323
13/07/2011,71.76,74.28,71.76,73.68,215563
14/07/2011,73.8,74.94,72.54,72.84,214704
15/07/2011,73.2,73.92,72.72,73.68,295474
18/07/2011,73.32,73.62,72.24,72.84,142980
19/07/2011,72.84,74.04,72.84,73.68,198250
20/07/2011,74.1,74.4,73.32,74.16,411694
21/07/2011,74.82,76.32,74.52,76.32,361725
22/07/2011,76.92,80.46,76.5,79.96,441533
25/07/2011,78.48,80.7,78.48,79.27,265464
26/07/2011,80.1,80.82,78.96,80.64,160458
27/07/2011,80.4,81,77.4,77.64,217336
28/07/2011,77.16,78.7,76.56,76.8,199074
29/07/2011,76.14,77.1,75.13,76.62,284469
01/08/2011,78.12,79.14,76.08,76.82,268025
02/08/2011,75.6,77.16,75.6,75.96,630813
03/08/2011,76.38,76.38,72.55,74.4,286533
04/08/2011,72.36,72.6,67.44,67.44,600421
05/08/2011,66.12,66.36,60.78,63.66,797259
08/08/2011,61.14,61.14,57.24,57.24,1104983
09/08/2011,59.7,61.67,57.3,61.38,1305162
10/08/2011,61.32,62.7,60.18,60.72,574883
11/08/2011,61.44,64.8,60.84,64.38,440294
12/08/2011,64.74,65.7,63.9,64.74,352904
15/08/2011,66,67.98,65.82,67.68,345223
16/08/2011,67.02,67.02,64.5,64.92,224053
17/08/2011,65.34,66.36,64.86,64.87,70581
18/08/2011,63.06,63.07,61.2,61.86,415356
19/08/2011,61.14,62.76,60.6,60.78,273961
22/08/2011,61.68,62.7,60.06,60.06,244847
23/08/2011,61.32,62.28,60.96,62.04,402006
24/08/2011,62.04,62.46,61.02,61.98,66887
25/08/2011,62.4,62.58,60.42,60.6,283027
26/08/2011,62.04,63.47,60.64,63.12,138364
29/08/2011,64.32,65.88,64.32,65.64,87246
30/08/2011,65.34,66.3,64.62,66.3,172097
31/08/2011,66.6,66.9,65.1,65.28,133516
01/09/2011,65.1,66,64.14,64.14,116455
02/09/2011,63.06,63.18,61.85,62.16,219680
06/09/2011,60.48,61.2,60,61.2,406944
07/09/2011,61.26,62.88,61.26,62.7,92507
08/09/2011,62.76,63.54,61.74,62.1,79384
09/09/2011,61.2,61.2,59.46,59.82,317152
12/09/2011,58.44,58.86,57.12,58.68,460646
13/09/2011,58.8,59.7,58.44,59.58,177077
14/09/2011,59.4,59.64,58.02,58.68,164911
15/09/2011,58.8,60.24,58.8,60.18,274785
16/09/2011,60.66,60.9,59.7,59.94,181196
19/09/2011,58.8,58.8,57.24,57.54,437462
20/09/2011,57.9,58.02,56.52,56.59,228286
21/09/2011,56.64,56.93,55.44,55.44,180213
22/09/2011,52.44,53.16,50.16,51,878860
23/09/2011,50.52,51.38,50.1,50.46,225476
26/09/2011,50.16,50.16,48,49.8,561532
27/09/2011,51.78,53.4,51.72,52.08,302619
28/09/2011,52.56,52.74,49.14,49.26,342698
29/09/2011,49.62,50.88,47.94,48.66,244289
30/09/2011,47.94,48.42,47.04,47.46,404489
03/10/2011,47.1,47.16,44.1,44.28,426012
04/10/2011,43.32,45.54,42.36,45.48,596997
05/10/2011,45.66,47.64,45.24,47.64,166274
06/10/2011,47.76,49.98,47.76,49.5,281603
07/10/2011,50.58,51.1,49.02,49.32,114577
10/10/2011,51.9,52.74,51.24,52.74,205071
11/10/2011,52.38,53.04,51.96,52.56,167445
12/10/2011,53.64,55.68,53.58,55.11,196272
13/10/2011,54.54,54.96,53.16,54.06,276952
14/10/2011,55.08,56.7,55.08,56.58,170324
17/10/2011,56.34,56.46,54.12,54.18,125066
18/10/2011,53.94,55.98,52.68,55.62,165750
19/10/2011,54.48,56.28,54.24,54.48,159587
20/10/2011,54,55.56,53.82,55.56,115293
21/10/2011,56.16,56.76,55.32,55.68,140117
24/10/2011,56.16,57.9,56.16,57.72,133173
25/10/2011,57.54,58.02,55.56,56.76,278051
26/10/2011,57.18,58.86,56.64,58.8,167942
27/10/2011,60.24,63,60.24,62.58,372941
28/10/2011,61.92,62.87,61.38,62.52,145107
31/10/2011,61.5,61.5,60.42,60.6,304336
01/11/2011,58.38,58.38,55.5,57.18,415629
02/11/2011,57.84,59.2,57.78,58.86,124534
03/11/2011,59.46,59.82,57.84,59.7,212632
04/11/2011,58.68,58.98,57.66,58.74,87022
07/11/2011,58.08,58.65,56.49,57.42,445017
08/11/2011,57.6,58.44,57.3,58.08,46653
09/11/2011,56.76,56.76,54.6,54.73,250819
10/11/2011,55.56,55.79,54.42,54.96,115112
11/11/2011,55.92,56.7,55.8,56.52,132937
14/11/2011,56.58,57,55.5,56.28,91324
15/11/2011,56.1,56.76,55.62,56.64,164336
16/11/2011,55.8,55.92,54.6,54.78,79158
17/11/2011,54.6,54.6,53.04,53.52,213255
18/11/2011,53.82,54.06,53.34,53.94,64358
21/11/2011,52.5,52.62,50.76,51.29,236227
22/11/2011,50.94,51.42,50.46,50.76,70177
23/11/2011,50.22,50.52,48.36,48.6,162199
25/11/2011,48.54,49.02,48.12,48.24,97444
28/11/2011,50.04,50.82,49.44,49.68,147457
29/11/2011,49.62,50.97,49.62,50.34,86202
30/11/2011,52.5,53.64,52.5,53.64,149227
01/12/2011,53.4,54.12,52.8,53.46,178473
02/12/2011,53.88,54.24,52.98,53.28,93000
05/12/2011,54.24,55.02,53.7,54.18,107823
06/12/2011,53.88,53.93,53.28,53.46,41476
07/12/2011,53.58,53.88,52.8,53.58,124172
08/12/2011,53.46,53.58,51.72,51.75,63977
09/12/2011,51.84,52.86,51.84,52.86,126184
12/12/2011,51.84,51.84,50.76,51.36,98021
13/12/2011,51.84,52.02,49.8,50.04,78419
14/12/2011,49.5,49.92,48.78,49.2,204232
15/12/2011,49.56,49.8,48.78,49.26,165109
16/12/2011,49.32,49.74,48.85,49.26,97549
19/12/2011,48.9,48.9,47.94,48.06,144193
20/12/2011,48.9,49.74,48.66,49.68,135060
21/12/2011,49.8,49.8,48.78,49.56,195466
22/12/2011,49.38,49.98,49.02,49.02,140196
23/12/2011,49.38,49.68,49.08,49.38,89728
27/12/2011,49.26,49.5,48.96,49.02,146500
28/12/2011,49.2,49.44,48,48.18,257362
29/12/2011,48.6,48.78,48.18,48.6,308586
30/12/2011,48.42,48.9,48.42,48.9,228945
03/01/2012,49.98,51.12,49.92,50.94,181249
04/01/2012,51.18,52.14,50.4,52.02,104055
05/01/2012,51.72,51.72,50.82,51.48,65786
06/01/2012,51.96,51.96,50.52,50.58,48481
09/01/2012,50.82,51.12,50.46,51.06,78784
10/01/2012,51.96,52.38,51.72,51.96,93429
11/01/2012,52.14,52.98,51.66,52.84,139338
12/01/2012,53.4,54.48,52.62,54.3,235546
13/01/2012,53.94,54.42,53.1,54.24,160822
17/01/2012,59.34,59.52,57.97,58.11,314274
18/01/2012,58.2,61.26,57.78,61.14,537167
19/01/2012,61.26,62.82,60.84,62.7,495364
20/01/2012,62.52,62.52,61.25,61.56,205377
23/01/2012,62.04,63.42,62.04,63.06,574786
24/01/2012,62.34,62.34,61.08,62.04,249755
25/01/2012,61.26,63.42,60.9,63.06,285986
26/01/2012,63.6,64.08,62.28,62.46,174035
27/01/2012,62.16,63.3,61.86,63.12,135294
30/01/2012,62.22,62.58,61.5,62.4,138082
31/01/2012,62.94,63.78,62.05,62.94,222282
01/02/2012,62.28,63.66,61.8,62.04,281421
02/02/2012,62.16,62.58,61.56,62.28,128430
03/02/2012,62.7,63.06,62.4,62.76,214508
06/02/2012,62.76,62.76,61.92,62.1,290598
07/02/2012,62.4,62.64,61.92,62.34,340070
08/02/2012,62.7,63,61.74,61.98,296349
09/02/2012,62.4,62.58,61.26,61.88,862992
10/02/2012,61.14,61.14,56.82,59.52,1339195
13/02/2012,60.3,60.78,59.58,59.82,439616
14/02/2012,59.4,59.64,57.84,58.68,222961
15/02/2012,59.16,59.58,58.14,58.74,384171
16/02/2012,59.1,61.8,58.86,61.64,468270
17/02/2012,61.86,62.82,61.86,62.7,473151
21/02/2012,63.42,64.92,63,64.46,617961
22/02/2012,64.2,65.88,63.96,65.22,464548
23/02/2012,65.58,65.76,64.39,64.92,325724
24/02/2012,65.34,65.82,64.74,65.1,291621
27/02/2012,64.56,64.8,63.78,64.44,352755
28/02/2012,64.56,65.1,64.2,64.5,121713
29/02/2012,65.04,65.76,63.72,63.96,624034
01/03/2012,64.14,64.92,64.08,64.35,208937
02/03/2012,64.5,64.5,62.45,62.81,347521
05/03/2012,62.82,62.88,61.38,61.74,194265
06/03/2012,60.54,60.66,57.96,58.79,315429
07/03/2012,59.28,59.56,58.56,59.52,161514
08/03/2012,60.42,61.08,60.1,60.66,123527
09/03/2012,60.42,61.38,60.25,61.02,161273
12/03/2012,60.66,61.19,60.19,60.42,91496
13/03/2012,61.5,63,61.2,62.97,188878
14/03/2012,62.94,62.94,60.42,60.6,178533
15/03/2012,61.08,61.14,59.82,60.66,128303
16/03/2012,60.66,60.9,60.06,60.42,152583
19/03/2012,60.3,61.56,60.12,61.26,220235
20/03/2012,60.18,60.48,59.04,59.88,160837
21/03/2012,59.94,60.42,59.76,60,100964
22/03/2012,59.4,59.4,57.84,58.26,231864
23/03/2012,58.62,58.68,58.08,58.08,207342
26/03/2012,58.68,59.7,58.68,59.53,137337
27/03/2012,59.7,60,59.34,59.52,106295
28/03/2012,59.34,59.58,58.02,58.74,98435
29/03/2012,57.78,57.78,56.28,57.42,190310
30/03/2012,57.3,57.36,56.28,56.4,293595
02/04/2012,56.16,56.88,56.16,56.52,146824
03/04/2012,55.86,55.98,54.12,54.36,318551
04/04/2012,53.76,53.82,52.74,53.1,507246
05/04/2012,53.4,53.76,52.98,52.98,129363
09/04/2012,52.5,52.62,51.78,51.9,297166
10/04/2012,52.14,52.8,50.94,51.06,215479
11/04/2012,51.48,52.2,51.42,51.43,139237
12/04/2012,52.02,54.12,52.02,54.06,160698
13/04/2012,54,54.24,53.04,53.1,79937
16/04/2012,53.4,53.64,52.02,52.26,77809
17/04/2012,52.68,55.07,52.68,54.84,193706
18/04/2012,54.48,54.9,53.88,54.28,189958
19/04/2012,54.3,54.54,53.46,53.52,53695
20/04/2012,54.42,55.14,54.42,54.54,143939
23/04/2012,53.7,53.7,51.72,52.44,298959
24/04/2012,52.2,52.56,51.84,52.02,85398
25/04/2012,52.26,53.37,52.26,53.34,75023
26/04/2012,53.34,54.24,53.34,54.12,83053
27/04/2012,54.3,54.3,53.7,54.24,43713
30/04/2012,53.94,53.94,52.92,53.58,46090
01/05/2012,53.64,55.32,53.64,54.66,188762
02/05/2012,54.06,54.64,53.34,54.64,48380
03/05/2012,54.54,54.96,53.16,53.34,84365
04/05/2012,52.56,52.98,51.42,51.84,121870
07/05/2012,51.12,51.12,50.12,50.76,121346
08/05/2012,49.8,49.95,48.6,49.32,442725
09/05/2012,47.94,48.24,47.34,48,397760
10/05/2012,48.6,49.19,48.26,48.48,65163
11/05/2012,48.12,49.08,48.06,48.06,52493
14/05/2012,47.1,47.82,45.84,45.84,538572
15/05/2012,45.48,45.96,43.5,43.56,544085
16/05/2012,43.26,43.67,41.46,41.52,502308
17/05/2012,42.3,43.04,41.8,41.94,183872
18/05/2012,42,42.48,40.86,41.16,337936
21/05/2012,41.7,42.42,41.4,42.42,274509
22/05/2012,42.66,42.9,41.58,42,207727
23/05/2012,41.1,42.6,40.63,42.54,216119
24/05/2012,42.84,42.84,41.94,42.42,135179
25/05/2012,42.36,43.32,42.24,43.08,205104
29/05/2012,44.22,45.3,44.22,44.34,325652
30/05/2012,43.98,43.98,43.02,43.2,363018
31/05/2012,42.96,43.65,42.24,42.78,132845
01/06/2012,42,42,41.3,41.58,176473
04/06/2012,41.16,41.64,40.08,40.56,206057
05/06/2012,40.62,41.82,40.62,41.82,91809
06/06/2012,42.48,43.5,42.18,43.2,156665
07/06/2012,43.62,44.22,42.9,42.9,108590
08/06/2012,42.54,42.66,42.06,42.48,79278
11/06/2012,42.72,42.9,41.22,41.28,107641
12/06/2012,41.22,41.82,40.98,41.82,113451
13/06/2012,42.6,42.6,41.58,41.7,94023
14/06/2012,41.64,42.24,41.28,42.24,77732
15/06/2012,42.18,43.32,42.06,43.32,130722
18/06/2012,43.38,44.7,43.32,44.1,316917
19/06/2012,44.34,45.54,44.34,45.33,119342
20/06/2012,45.18,45.58,44.64,45.18,146978
21/06/2012,45.06,45.06,42.96,42.96,75322
22/06/2012,43.5,44.28,43.39,44.04,160656
25/06/2012,43.62,44.04,42.06,42.48,80458
26/06/2012,42.24,42.5,41.88,42.42,67921
27/06/2012,42.54,43.32,42.48,43.14,35467
28/06/2012,42.66,43.32,42.36,43.14,102065
29/06/2012,44.76,45.18,44.52,44.76,89300
02/07/2012,45.9,46.02,44.88,45.36,125532
03/07/2012,45.66,46.62,45.25,46.62,74101
05/07/2012,47.28,47.34,46.62,46.92,118323
06/07/2012,46.5,46.5,45.9,46.26,49086
09/07/2012,45.6,46.26,45.54,45.6,53712
10/07/2012,45.54,46.44,44.04,44.28,106166
11/07/2012,44.52,45,43.62,44.28,67491
12/07/2012,43.5,43.86,42.84,43.74,90617
13/07/2012,43.5,44.76,43.5,44.58,59122
16/07/2012,44.1,44.64,43.98,44.16,34185
17/07/2012,43.8,45.42,43.2,43.8,82679
18/07/2012,43.08,43.86,43.08,43.44,60719
19/07/2012,43.68,45.13,43.68,44.64,116685
20/07/2012,44.28,44.28,43.86,44.22,44892
23/07/2012,42.96,43.32,42.3,42.96,85457
24/07/2012,42.96,43.08,42.12,42.3,147460
25/07/2012,42.36,43.2,42.12,43.02,65415
26/07/2012,43.62,44.04,43.02,43.44,488667
27/07/2012,43.08,43.68,42.84,43.56,238321
30/07/2012,43.14,43.44,42.72,43.02,29281
31/07/2012,43.32,44.1,43.14,44.04,73745
01/08/2012,43.62,43.62,42.12,42.18,114185
02/08/2012,42.18,42.6,41.61,41.76,151909
03/08/2012,42.6,42.9,42.36,42.58,54439
06/08/2012,42.54,43.25,42.24,42.9,55768
07/08/2012,43.14,43.5,42.84,42.96,53222
08/08/2012,43.26,43.32,42.72,42.84,106291
09/08/2012,43.2,43.44,43.02,43.38,76850
10/08/2012,43.38,44.52,43.14,43.38,90559
13/08/2012,43.5,43.86,42.78,42.96,55557
14/08/2012,43.02,43.74,43.02,43.74,96804
15/08/2012,42.3,45.9,42,45.9,164846
16/08/2012,45.96,47.34,45.78,47.04,296615
17/08/2012,46.8,47.82,46.74,47.1,137869
20/08/2012,47.4,47.52,46.62,47.16,126122
21/08/2012,47.4,48.06,47.11,47.28,346570
22/08/2012,46.92,47.82,46.5,47.58,131097
23/08/2012,47.7,48,47.22,47.34,165086
24/08/2012,47.58,47.77,47.22,47.64,62886
27/08/2012,47.04,47.52,46.8,47.04,62560
28/08/2012,46.8,46.8,46.08,46.26,52638
29/08/2012,46.26,46.44,46.02,46.2,49795
30/08/2012,45.66,45.66,44.52,44.82,90942
31/08/2012,45.18,45.54,44.76,45.24,37342
04/09/2012,44.7,45.18,44.48,45.18,66826
05/09/2012,44.52,44.64,43.98,44.46,185008
06/09/2012,44.58,45.6,44.58,45.36,118090
07/09/2012,45.6,46.8,45.54,46.68,131280
10/09/2012,46.8,46.8,46.08,46.26,179622
11/09/2012,46.38,46.92,46.38,46.8,115500
12/09/2012,47.04,47.58,46.26,46.32,80634
13/09/2012,46.32,48.3,46.32,48.12,217545
14/09/2012,48.84,50.03,48.66,49.44,271990
17/09/2012,49.32,49.44,48.6,48.84,110383
18/09/2012,48.24,49.5,48.18,49.2,110633
19/09/2012,49.38,49.44,48.9,49.08,85245
20/09/2012,48.78,48.81,47.94,48.6,158779
21/09/2012,49.02,49.62,48.25,48.54,121597
24/09/2012,47.94,48.48,47.34,47.4,199979
25/09/2012,47.46,47.78,46.08,46.2,150981
26/09/2012,45.9,45.9,44.7,45.12,207493
27/09/2012,45.3,46.44,45.3,46.32,91314
28/09/2012,46.14,46.14,45.36,45.9,63823
01/10/2012,46.55,46.55,45.3,45.36,108855
02/10/2012,45.54,45.72,44.82,45,84016
03/10/2012,45.18,45.36,44.82,45,84432
04/10/2012,45.24,45.48,45.01,45.06,43435
05/10/2012,45.18,46.32,44.77,44.93,52628
08/10/2012,44.82,44.94,44.58,44.7,82748
09/10/2012,44.58,45,43.74,43.8,159468
10/10/2012,43.74,44.15,43.14,43.44,108849
11/10/2012,43.5,43.8,43.32,43.44,50273
12/10/2012,43.32,43.68,42.9,43.08,136988
15/10/2012,43.02,43.14,42.6,42.78,83804
16/10/2012,42.9,43.62,42.9,43.35,76965
17/10/2012,43.2,43.5,43.14,43.32,57441
18/10/2012,43.02,43.26,42.72,42.96,52268
19/10/2012,42.72,42.72,42.06,42.06,161506
22/10/2012,42.18,42.97,42.18,42.78,130664
23/10/2012,42.24,42.24,41.64,42.24,155867
24/10/2012,42.24,42.24,41.52,41.7,90319
25/10/2012,42,42.48,41.94,42.48,170577
26/10/2012,42.12,42.48,41.88,42.21,56665
31/10/2012,42,42.72,41.95,42.48,158076
01/11/2012,42.9,42.9,41.28,41.4,273037
02/11/2012,41.22,41.4,40.74,40.74,110260
05/11/2012,41.94,41.94,40.44,40.5,122570
06/11/2012,40.44,40.92,40.32,40.8,229381
07/11/2012,40.74,41.34,39.78,40.08,207405
08/11/2012,39.78,40.26,39.12,39.3,221754
09/11/2012,39,39.24,38.28,39,143868
12/11/2012,38.94,39.33,38.58,38.94,130494
13/11/2012,38.16,38.4,37.62,37.92,123676
14/11/2012,37.68,37.68,36.12,36.12,373082
15/11/2012,35.82,36.12,34.86,35.16,469419
16/11/2012,34.86,35.34,34.38,35.34,169329
19/11/2012,35.76,36.48,35.7,36.3,229167
20/11/2012,36.6,36.9,36.42,36.72,109171
21/11/2012,36.48,36.82,36.06,36.12,118923
23/11/2012,36.6,36.9,36.06,36.9,48236
26/11/2012,36.72,36.79,36.42,36.6,137368
27/11/2012,36.36,36.6,36.12,36.18,53865
28/11/2012,36,36.6,35.76,36.54,131031
29/11/2012,36.72,37.26,36.66,37.2,279371
30/11/2012,37.02,37.26,36.24,36.54,102026
03/12/2012,36.06,37.2,36.06,36.13,294116
04/12/2012,36,36.3,35.94,36.12,109472
05/12/2012,36,36.54,35.64,36,150309
06/12/2012,36.6,36.6,35.34,35.52,222328
07/12/2012,36.3,36.3,35.34,35.46,260160
10/12/2012,35.52,35.58,34.98,35.28,173038
11/12/2012,35.76,36.3,35.76,36.12,267489
12/12/2012,36.36,36.9,36.36,36.72,155682
13/12/2012,36.48,36.84,36.12,36.47,116542
14/12/2012,36.3,37.38,36.3,37.32,261586
17/12/2012,37.8,39.48,37.74,39.48,480763
18/12/2012,40.14,40.98,39.9,40.86,476300
19/12/2012,40.32,40.68,40.08,40.3,314559
20/12/2012,40.56,41.1,40.56,40.92,229658
21/12/2012,39.96,40.38,39.3,40.02,209459
24/12/2012,39.3,39.75,39,39.42,79707
26/12/2012,39.78,39.9,39.06,39.48,125305
27/12/2012,39.12,39.36,38.64,38.76,201685
28/12/2012,38.4,38.58,38.16,38.22,132583
31/12/2012,37.98,39.24,37.56,39.06,285969
02/01/2013,40.92,40.92,40.14,40.8,279912
03/01/2013,40.5,40.68,40.08,40.14,115721
04/01/2013,40.08,40.2,39.84,40.14,283433
07/01/2013,39.9,40.08,39.78,40.02,125464
08/01/2013,39.84,40.5,39.74,40.44,361493
09/01/2013,40.74,41.16,40.51,41.1,435346
10/01/2013,41.52,42.24,41.34,41.94,350315
11/01/2013,42,42.06,41.1,41.22,250780
14/01/2013,41.7,42.72,41.7,42.54,439847
15/01/2013,42.54,43.14,42.42,43.08,292142
16/01/2013,43.08,43.38,42.9,43.38,366803
17/01/2013,43.5,45.06,43.5,45,666988
18/01/2013,45.9,45.9,44.46,44.64,245055
22/01/2013,45.48,45.48,43.68,44.4,628573
23/01/2013,44.64,44.64,43.5,43.62,321154
24/01/2013,43.5,43.86,42.9,43.44,354242
25/01/2013,43.56,43.56,42.67,42.72,314152
28/01/2013,42.96,43.14,41.94,42,330725
29/01/2013,42.06,42.72,42.06,42.66,164695
30/01/2013,42.36,43.08,42.36,42.6,159647
31/01/2013,42.48,42.6,42.12,42.42,190278
01/02/2013,42.42,42.78,42,42.66,201981
04/02/2013,42.78,42.78,42.48,42.72,217881
05/02/2013,42.66,42.9,42.3,42.6,177550
06/02/2013,42.3,42.48,42.24,42.42,89962
07/02/2013,42.3,42.42,41.76,41.94,245017
08/02/2013,42,42.3,41.7,42.3,131769
11/02/2013,42.54,42.54,41.83,41.94,142853
12/02/2013,41.7,41.88,41.22,41.58,179277
13/02/2013,41.52,41.7,41.4,41.58,96492
14/02/2013,41.64,42,41.64,42,153771
15/02/2013,41.94,42.18,41.76,41.88,157038
19/02/2013,41.64,42.06,41.64,42,201628
20/02/2013,41.7,42.06,40.92,41.04,317548
21/02/2013,40.8,40.85,40.14,40.38,301086
22/02/2013,40.68,40.86,40.5,40.68,59680
25/02/2013,40.98,41.46,39.54,39.54,191295
26/02/2013,39.54,39.9,39.18,39.48,236023
27/02/2013,39.6,39.78,39.06,39.78,125852
28/02/2013,39.66,39.66,39.12,39.12,99644
01/03/2013,39.06,39.24,38.94,39,168536
04/03/2013,38.64,38.82,38.28,38.46,114754
05/03/2013,38.4,38.99,38.34,38.46,155310
06/03/2013,38.28,38.4,38.16,38.28,84608
07/03/2013,37.86,38.7,37.86,38.58,116017
08/03/2013,38.88,39.06,38.68,39,194122
11/03/2013,38.52,38.94,38.33,38.82,83617
12/03/2013,38.58,38.94,38.52,38.88,192091
13/03/2013,38.94,39.12,38.52,38.64,88479
14/03/2013,38.64,38.82,38.4,38.7,140081
15/03/2013,38.76,39.24,38.76,39.24,180212
18/03/2013,38.94,38.94,38.4,38.82,113158
19/03/2013,38.76,38.76,38.1,38.28,186690
20/03/2013,38.7,38.7,38.28,38.46,64347
21/03/2013,38.34,38.91,38.34,38.82,93044
22/03/2013,38.82,39.06,38.82,38.88,106938
25/03/2013,39.18,39.24,38.7,38.82,63523
26/03/2013,38.82,38.88,38.58,38.82,83079
27/03/2013,38.52,38.52,38.1,38.4,242040
28/03/2013,38.82,39.12,38.4,38.58,327887
01/04/2013,38.76,38.82,38.28,38.4,86055
02/04/2013,38.58,38.58,37.68,37.74,183059
03/04/2013,37.5,37.5,36.36,36.6,246435
04/04/2013,36.12,36.48,36,36,393212
05/04/2013,35.82,36.12,35.58,36,149941
08/04/2013,36.18,36.3,35.83,36.12,117093
09/04/2013,36,36.6,36,36.54,120675
10/04/2013,36.78,37.02,36.48,36.54,301235
11/04/2013,36.48,36.63,36.36,36.6,96114
12/04/2013,36.36,36.42,35.7,35.88,237307
15/04/2013,35.16,35.16,33.42,33.42,489996
16/04/2013,33.84,33.84,33.48,33.72,172050
17/04/2013,33.42,33.42,32.34,32.52,294683
18/04/2013,32.46,32.46,31.8,31.98,208121
19/04/2013,32.4,32.52,32.1,32.34,171385
22/04/2013,32.34,32.58,32.04,32.46,154405
23/04/2013,32.4,32.82,32.4,32.58,196271
24/04/2013,32.4,33.12,32.4,33,119515
25/04/2013,33,33.36,33,33.06,130867
26/04/2013,33,33.54,33,33.42,261945
29/04/2013,33.42,33.84,33.36,33.72,150291
30/04/2013,33.54,33.9,33.3,33.78,68236
01/05/2013,32.88,33.3,32.82,32.88,118351
02/05/2013,33.12,33.12,32.82,32.88,115319
03/05/2013,33.03,33.48,33.03,33.36,142404
06/05/2013,33.48,34.2,33.46,34.2,302683
07/05/2013,34.2,34.62,34.14,34.5,206270
08/05/2013,34.62,35.4,34.5,35.22,256653
09/05/2013,35.7,35.7,35.28,35.46,208153
10/05/2013,35.46,35.64,35.34,35.64,326036
13/05/2013,35.7,35.7,35.28,35.34,93822
14/05/2013,35.1,35.28,34.8,35.1,121114
15/05/2013,34.68,35.16,34.56,34.98,138418
16/05/2013,35.46,35.46,34.7,35.36,49415
17/05/2013,35.36,35.5,35.1,35.48,55374
20/05/2013,35.48,36.12,35.37,36.02,84856
21/05/2013,36.76,36.76,35.7,36.22,76000
22/05/2013,36,36.54,35.26,35.38,133776
23/05/2013,34.62,35.22,34.32,35.14,112208
24/05/2013,34.92,35.68,34.92,35.38,82816
28/05/2013,36,36,35.48,35.5,167818
29/05/2013,35.46,36.28,35.46,36.28,80467
30/05/2013,36.68,36.92,36.24,36.88,131498
31/05/2013,36.62,36.78,36.24,36.26,122953
03/06/2013,36.7,36.98,36.55,36.94,78885
04/06/2013,36.76,37.08,36.64,37.08,46946
05/06/2013,36.72,36.99,36.42,36.56,54117
06/06/2013,36.4,36.94,36.4,36.84,49254
07/06/2013,36.9,36.96,36.52,36.78,46394
10/06/2013,36.8,36.88,36.44,36.46,47865
11/06/2013,36.26,36.26,35.6,35.6,87077
12/06/2013,35.92,36.08,35.14,35.22,42178
13/06/2013,35.04,35.92,35.04,35.7,84094
14/06/2013,35.64,35.94,35.6,35.64,53302
17/06/2013,35.76,36.3,35.7,36.18,51350
18/06/2013,35.84,36.3,35.78,36.12,73527
19/06/2013,36,36.02,35.26,35.32,39190
20/06/2013,34.76,34.78,34.02,34.12,113462
21/06/2013,34.14,34.24,33.72,33.96,85259
24/06/2013,33.44,33.44,32.7,33.36,77629
25/06/2013,33.38,33.38,32.72,33.2,24860
26/06/2013,33.38,33.6,32.84,32.9,80458
27/06/2013,33.16,33.3,32.96,33.1,75697
28/06/2013,33.3,33.4,32.84,33.22,31990
01/07/2013,33.4,33.86,33.4,33.76,32743
02/07/2013,33.72,33.88,33.38,33.74,25763
03/07/2013,33.34,33.72,33.04,33.6,10879
05/07/2013,33.7,33.7,33.18,33.4,40481
08/07/2013,33.5,33.94,33.48,33.78,40435
09/07/2013,34.2,34.36,34.03,34.36,37897
10/07/2013,34.5,34.58,34.26,34.34,76255
11/07/2013,35,35.5,35,35.3,48135
12/07/2013,35.26,35.32,34.9,35,27879
15/07/2013,35.08,35.08,34.46,34.5,41358
16/07/2013,34.8,34.8,34.54,34.7,29045
17/07/2013,34.6,34.9,34.6,34.76,36771
18/07/2013,34.7,34.96,34.5,34.9,51796
19/07/2013,34.78,35.16,34.78,35.12,54100
22/07/2013,35.02,36.98,35.02,36.88,108236
23/07/2013,37.32,37.78,37.08,37.3,145875
24/07/2013,37.54,37.78,37,37.06,54135
25/07/2013,37,37.2,36.5,37.04,47355
26/07/2013,36.78,37.74,36.72,37.66,110402
29/07/2013,38.54,39.06,37.66,39.06,117909
30/07/2013,38.72,39.14,37.92,37.98,188004
31/07/2013,37.9,38.2,36.02,36.26,169064
01/08/2013,36.92,37.87,36.44,36.74,102839
02/08/2013,37.08,37.1,35.2,35.28,92486
05/08/2013,35.3,35.64,34.66,34.9,89328
06/08/2013,35.12,35.12,33.9,34.38,86109
07/08/2013,34.64,34.86,33.7,34.06,118478
08/08/2013,34.42,36,34.42,35.22,59490
09/08/2013,34.62,36,34.5,35.4,40000
12/08/2013,35,35.98,35,35.56,55912
13/08/2013,35.58,35.97,35.1,35.42,73783
14/08/2013,35,35.42,34.82,35.26,32242
15/08/2013,35,35,34.12,34.86,53729
16/08/2013,34.6,35.1,34.36,34.46,57433
19/08/2013,34.28,34.4,33.88,33.96,68011
20/08/2013,33.7,34.02,33.42,33.96,57906
21/08/2013,33.62,33.7,33.2,33.46,57145
22/08/2013,33.52,34.16,33.52,34.1,44304
23/08/2013,34.08,34.1,33.66,33.74,58215
26/08/2013,33.4,34.74,33.1,34.48,156634
27/08/2013,34.14,34.14,33,33.06,66166
28/08/2013,32.88,33.92,32.74,33.4,93361
29/08/2013,33.4,33.54,32.82,33.02,22655
30/08/2013,32.82,32.88,32.5,32.6,57743
03/09/2013,33.08,33.08,30.5,31.7,123267
04/09/2013,31.36,31.96,31.3,31.58,66466
05/09/2013,31.56,31.94,31.36,31.41,67465
06/09/2013,31.88,31.88,30.86,30.86,103427
09/09/2013,30.88,31.86,30.86,31.74,63915
10/09/2013,31.96,32.58,31.88,31.96,109158
11/09/2013,31.94,32.38,31.84,32.06,57249
12/09/2013,32.12,32.12,31.46,31.68,55104
13/09/2013,31.76,32.2,31.48,31.62,107286
16/09/2013,32.18,32.18,31.3,31.46,117465
17/09/2013,31.58,31.6,31,31.18,72205
18/09/2013,31.14,31.34,30.62,31.24,63616
19/09/2013,31.42,32,31.18,31.38,142922
20/09/2013,31.38,31.58,31.2,31.24,52290
23/09/2013,31.42,31.5,31.16,31.16,56133
24/09/2013,31.2,31.2,30.7,30.72,42330
25/09/2013,30.96,30.99,30.7,30.84,44801
26/09/2013,30.74,31.16,30.7,30.8,29374
27/09/2013,30.62,30.66,30.38,30.44,44868
30/09/2013,30.52,30.6,30.02,30.5,77765
01/10/2013,30.56,30.66,30.22,30.34,26141
02/10/2013,30.22,30.76,30.22,30.62,81135
03/10/2013,30.32,30.58,30.04,30.16,86778
04/10/2013,30.02,30.2,30.02,30.08,61753
07/10/2013,29.76,29.82,29.4,29.46,79481
08/10/2013,29.36,29.46,28.84,28.88,97113
09/10/2013,28.86,28.86,28.5,28.6,35018
10/10/2013,28.7,29,28.6,28.72,66807
11/10/2013,28.78,28.78,28.6,28.66,51991
14/10/2013,28.64,28.96,28.52,28.9,42923
15/10/2013,28.7,28.86,28.26,28.38,45801
16/10/2013,28.14,28.18,27.64,27.7,138377
17/10/2013,27.8,28.76,27.8,28.62,94317
18/10/2013,28.88,29.2,28.88,28.96,121891
21/10/2013,29.1,29.36,28.88,29.1,73934
22/10/2013,29.12,29.38,29,29.1,55558
23/10/2013,29.04,29.1,28.74,28.74,108494
24/10/2013,29,29.28,28.8,29,68586
25/10/2013,29.12,30.78,29.12,30.76,451332
28/10/2013,29.64,30.12,29.5,29.88,278507
29/10/2013,29.56,29.98,29.42,29.46,69540
30/10/2013,29.52,29.82,29.08,29.1,162271
31/10/2013,29.12,29.44,29,29.28,62178
01/11/2013,29.16,29.16,28.6,28.76,48509
04/11/2013,28.56,28.88,28.56,28.78,44615
05/11/2013,28.8,29.16,28.42,28.58,62759
06/11/2013,28.94,28.94,28.44,28.63,29054
07/11/2013,28.86,28.86,28.1,28.16,81226
08/11/2013,28.28,28.55,28.2,28.38,56384
11/11/2013,28.44,28.48,28.32,28.36,69313
12/11/2013,28.34,28.34,28.22,28.25,16762
13/11/2013,28.04,28.2,27.9,28.08,61225
14/11/2013,28.26,28.26,28,28.14,58280
15/11/2013,28.16,28.52,28.16,28.5,29214
18/11/2013,28.6,28.76,28.26,28.38,48802
19/11/2013,28.6,28.84,28.4,28.4,52048
20/11/2013,28.74,29.28,28.3,28.7,110818
21/11/2013,28.42,28.82,28.37,28.68,98553
22/11/2013,28.82,29.58,28.74,29.52,181415
25/11/2013,29.38,29.92,29.3,29.6,269270
26/11/2013,29.58,29.72,29.12,29.12,94387
27/11/2013,28.98,29.42,28.8,29.42,160546
29/11/2013,29.58,30.08,29.58,30,84892
02/12/2013,30.6,30.6,29.48,29.98,68486
03/12/2013,29.74,29.76,29.18,29.6,77609
04/12/2013,29.32,29.42,29,29.36,57310
05/12/2013,29.16,29.66,29.16,29.38,41495
06/12/2013,29.72,30.04,29.6,29.86,73295
09/12/2013,29.58,29.8,29.42,29.5,52846
10/12/2013,29.3,29.5,29.29,29.36,28605
11/12/2013,29.58,29.9,29.3,29.3,40165
12/12/2013,29.16,29.18,28.8,29,85186
13/12/2013,29,29.21,28.96,29,55084
16/12/2013,29.02,29.34,29.02,29.15,49387
17/12/2013,29.1,29.1,28.9,28.96,30810
18/12/2013,29.12,29.27,28.88,29.26,29957
19/12/2013,29,29.1,28.7,28.72,56728
20/12/2013,28.94,29.01,28.6,28.72,84113
23/12/2013,29.22,29.4,29,29.04,119221
24/12/2013,29.08,29.4,29.08,29.28,18960
26/12/2013,29.14,29.9,29.14,29.84,72116
27/12/2013,29.6,29.94,29.6,29.76,70144
30/12/2013,29.9,30.64,29.9,30.64,83607
31/12/2013,30.6,30.77,30.4,30.54,180911
02/01/2014,30.68,30.72,29.9,29.92,114686
03/01/2014,30.24,30.48,30.12,30.16,73370
06/01/2014,30.3,30.64,30.24,30.32,55592
07/01/2014,30.42,30.66,30.4,30.56,26268
08/01/2014,30.4,30.71,30.18,30.42,80675
09/01/2014,30.32,30.32,29.7,29.74,62811
10/01/2014,29.96,30.04,29.8,29.98,39946
13/01/2014,30.14,30.4,30.02,30.08,89488
14/01/2014,30.42,30.58,30.08,30.36,65142
15/01/2014,30.42,31.56,30.3,31.36,198167
16/01/2014,31.32,31.78,31.3,31.4,203304
17/01/2014,31.52,31.9,31.52,31.8,278226
21/01/2014,32.22,33.72,32.22,33.12,756838
22/01/2014,33.3,34.08,33.3,33.52,858729
23/01/2014,33.42,33.76,32.89,33.08,169855
24/01/2014,32.56,32.62,31.7,32.2,290152
27/01/2014,32,32.62,31.8,32.38,228124
28/01/2014,32.44,32.6,32.2,32.28,141689
29/01/2014,32.16,32.25,31.8,32,95896
30/01/2014,32.28,32.56,31.8,32,64709
31/01/2014,31.52,31.98,31.5,31.6,112306
03/02/2014,31.48,31.7,30.16,30.2,300499
04/02/2014,30.46,30.7,30.08,30.54,248577
05/02/2014,30.5,30.78,30.12,30.34,118189
06/02/2014,30.52,30.9,30.5,30.88,192957
07/02/2014,30.88,31.66,30.86,31.54,213483
10/02/2014,31.54,31.54,30.98,31.4,111463
11/02/2014,31.36,31.46,31.18,31.38,113150
12/02/2014,31.5,31.98,31.44,31.76,454111
13/02/2014,31.76,32.1,31.32,32.04,218833
14/02/2014,32.22,32.4,32.16,32.2,164989
18/02/2014,32.48,32.56,32.28,32.54,172734
19/02/2014,32.62,32.66,31.72,32.04,164182
20/02/2014,31.58,31.7,31.02,31.4,179342
21/02/2014,31.44,31.74,31.32,31.62,110080
24/02/2014,31.82,32.56,31.82,32.24,261122
25/02/2014,32.34,34.6,32.34,34.56,1020895
26/02/2014,35.18,36.74,35.14,35.9,763884
27/02/2014,35.88,35.88,35.32,35.66,317802
28/02/2014,35.42,36.18,35.36,36.06,298471
03/03/2014,35.7,36.44,35.2,36,437708
04/03/2014,36.3,37.54,36.24,37.48,996864
05/03/2014,37.86,38.24,37.4,37.4,551274
06/03/2014,38,38.2,37.04,37.26,543473
07/03/2014,37.52,37.7,37.02,37.44,164716
10/03/2014,37.38,37.38,36.58,36.64,357023
11/03/2014,36.84,37.2,35.22,35.3,525933
12/03/2014,35.22,35.9,34.74,35.74,276290
13/03/2014,36.4,37.44,36.22,36.3,334312
14/03/2014,36.22,36.24,35.5,35.68,129448
17/03/2014,35.62,36.32,35.53,36.1,109472
18/03/2014,36.26,36.58,36.02,36.52,284025
19/03/2014,36.36,36.46,35.52,35.72,324485
20/03/2014,35.72,36.04,35.22,36.04,143605
21/03/2014,35.94,36.06,34.84,34.86,176379
24/03/2014,35.32,35.4,34.2,34.54,197895
25/03/2014,34.66,34.74,34.2,34.52,141735
26/03/2014,34.68,34.88,33.7,33.9,240365
27/03/2014,33.74,34.28,33.62,34.2,267339
28/03/2014,34.3,34.7,34.12,34.12,104090
31/03/2014,34.32,34.68,33.98,34.4,408568
01/04/2014,34.24,35.75,34.24,35.72,402415
02/04/2014,35.64,35.64,35.1,35.26,161045
03/04/2014,35.42,35.42,35,35.28,281880
04/04/2014,35.42,35.76,34.76,34.86,518195
07/04/2014,34.74,34.78,33.02,33.02,583783
08/04/2014,33.16,34.06,33.16,33.76,336043
09/04/2014,33.82,34.34,33.48,34.32,257642
10/04/2014,34.1,34.47,33.22,33.26,189388
11/04/2014,33.14,33.38,32.82,33,193039
14/04/2014,33,33.38,32.62,32.88,245970
15/04/2014,33.2,33.2,32.02,32.4,313593
16/04/2014,32.28,32.76,32.2,32.5,243296
17/04/2014,32.62,33.08,32.4,32.84,273078
21/04/2014,32.88,33.48,32.88,33.46,305915
22/04/2014,33.58,33.74,33.14,33.3,276137
23/04/2014,33.32,33.36,32.56,32.66,303965
24/04/2014,32.74,33.02,32.26,32.4,258822
25/04/2014,32.46,32.7,32.12,32.22,130926
28/04/2014,32.02,32.2,30.94,31.04,746426
29/04/2014,31.12,31.2,30.04,30.6,580736
30/04/2014,30.62,30.76,29.86,30.69,373952
01/05/2014,30.7,31.02,30.36,30.36,283103
02/05/2014,30.4,30.8,30.2,30.7,495080
05/05/2014,30.04,30.88,29.98,30.26,178634
06/05/2014,30.24,30.28,29.52,29.6,297256
07/05/2014,29.58,29.68,28.88,28.94,304294
08/05/2014,28.9,29.12,28.56,28.62,219060
09/05/2014,28.6,28.72,28.06,28.5,416577
12/05/2014,28.84,29.38,28.3,29.26,386764
13/05/2014,29.44,29.8,29.24,29.5,245026
14/05/2014,29.64,30.02,29.5,29.54,315905
15/05/2014,29.46,29.7,28.84,29.52,251092
16/05/2014,29.2,29.44,29.02,29.18,146557
19/05/2014,28.9,29.44,28.5,29.08,326139
20/05/2014,29.04,29.08,28.2,28.24,210811
21/05/2014,28.3,28.38,28.14,28.18,154307
22/05/2014,28.24,28.28,27.92,28.08,302392
23/05/2014,28.18,28.62,27.8,28.42,184323
27/05/2014,28.9,29.62,28.76,29.62,457338
28/05/2014,29.68,29.78,29.34,29.64,207483
29/05/2014,29.68,30.34,29.62,30.34,259008
30/05/2014,30.22,30.24,29.58,30.04,202508
02/06/2014,30,30.14,29.64,29.92,160096
03/06/2014,29.86,29.92,28.92,29.06,233143
04/06/2014,29.02,29.29,28.7,29.18,210356
05/06/2014,29.2,29.2,28.32,28.5,179050
06/06/2014,28.58,28.66,28.16,28.48,172670
09/06/2014,28.44,29.14,28.44,28.84,185895
10/06/2014,28.86,29,28.48,28.68,166297
11/06/2014,28.58,28.66,28.22,28.54,135884
12/06/2014,28.66,29.3,28.4,28.9,78328
13/06/2014,28.9,29.38,28.8,29.38,376429
16/06/2014,29.2,29.38,28.92,29.2,160990
17/06/2014,29.02,29.3,28.98,29.22,216117
18/06/2014,29,29.26,28.96,29.26,117478
19/06/2014,29.1,29.32,28.6,28.8,225779
20/06/2014,28.86,29.14,28.62,28.76,75903
23/06/2014,28.96,28.96,28.58,28.62,150259
24/06/2014,28.56,28.6,28.16,28.28,197127
25/06/2014,28.22,28.32,28.12,28.16,160808
26/06/2014,28.2,28.46,28.2,28.46,142249
27/06/2014,28.52,28.62,28.4,28.58,114352
30/06/2014,28.54,29,28.46,28.94,183794
01/07/2014,28.98,29.3,28.94,29.14,172409
02/07/2014,29.32,29.86,29.16,29.78,243917
03/07/2014,29.88,29.9,29.6,29.78,142849
07/07/2014,29.82,29.84,29.6,29.62,109860
08/07/2014,29.5,29.56,29.12,29.26,120602
09/07/2014,29.2,29.2,28.42,28.44,529162
10/07/2014,28.92,28.92,28.54,28.88,269765
11/07/2014,28.86,29.22,28.74,29,149960
14/07/2014,28.78,29.34,28.66,29.08,440451
15/07/2014,29.12,29.36,29,29.02,211250
16/07/2014,28.86,29.84,28.82,29.74,287437
17/07/2014,29.66,30.02,29.5,29.6,282550
18/07/2014,29.6,29.78,29.54,29.64,63452
21/07/2014,29.84,30.8,29.54,30.74,656813
22/07/2014,31.1,31.52,30.76,30.96,513124
23/07/2014,31.08,31.36,30.84,30.92,198889
24/07/2014,30.74,30.78,30.32,30.48,222319
25/07/2014,30.52,30.68,30.22,30.68,532773
28/07/2014,30.72,31.12,30.64,31.1,404948
29/07/2014,31,31.24,30.86,30.96,196998
30/07/2014,30.98,31.14,30.56,30.6,138800
31/07/2014,30.4,30.4,29.54,29.68,616295
01/08/2014,29.52,30,29.04,29.1,288129
04/08/2014,29.32,29.5,29.18,29.32,231382
05/08/2014,29.3,29.3,28.9,29.02,274602
06/08/2014,28.94,29.24,28.88,29.24,150129
07/08/2014,29.3,29.3,28.7,28.84,198657
08/08/2014,28.9,29.28,28.66,29.22,126725
11/08/2014,29.4,29.5,29.24,29.32,187262
12/08/2014,29.4,29.5,29.36,29.42,73987
13/08/2014,29.56,30,29.47,29.92,244895
14/08/2014,30.02,30.46,29.9,30.44,488862
15/08/2014,30.58,30.58,30.02,30.16,211206
18/08/2014,30.3,30.56,30.1,30.42,322467
19/08/2014,30.56,30.66,30.2,30.26,228250
20/08/2014,30.08,30.28,29.9,30.06,179111
21/08/2014,30.24,30.24,29.42,29.64,303488
22/08/2014,29.7,29.98,29.48,29.86,114064
25/08/2014,29.84,30.24,29.78,29.96,77014
26/08/2014,29.86,30.12,29.86,30.02,112903
27/08/2014,30.16,30.3,29.78,29.88,185513
28/08/2014,29.84,30,29.74,29.9,251597
29/08/2014,30.08,30.3,29.86,30.3,258035
02/09/2014,30.16,30.2,29.82,29.88,150339
03/09/2014,29.98,30.14,29.9,29.92,211926
04/09/2014,30.02,30.36,29.74,29.82,232261
05/09/2014,29.82,29.86,29.44,29.56,170651
08/09/2014,29.48,29.48,29,29,295296
09/09/2014,28.92,28.98,28.3,28.46,786019
10/09/2014,28.48,28.69,28.26,28.66,192557
11/09/2014,28.62,28.8,28.3,28.36,129760
12/09/2014,28.3,28.62,28.26,28.38,264253
15/09/2014,28.38,28.38,27.88,27.9,356335
16/09/2014,27.9,28.18,27.84,28.02,253591
17/09/2014,28.16,28.52,28.04,28.38,220195
18/09/2014,28.52,28.88,28.46,28.76,159123
19/09/2014,29.06,29.1,28.22,28.46,272089
22/09/2014,28.38,28.38,27.48,27.82,279397
23/09/2014,27.54,27.8,27.28,27.4,490892
24/09/2014,27.54,27.57,27.26,27.54,244955
25/09/2014,27.5,27.5,26.6,26.64,507935
26/09/2014,26.72,26.84,26.34,26.58,361467
29/09/2014,26.4,26.54,26,26.28,327137
30/09/2014,26.26,26.28,25.82,25.94,189964
01/10/2014,25.92,26,25.1,25.28,381111
02/10/2014,25.28,25.28,24.44,24.78,354124
03/10/2014,24.8,25,24.63,24.7,126654
06/10/2014,24.72,25,24.58,24.76,68043
07/10/2014,24.72,24.82,24.2,24.28,154721
08/10/2014,24.26,24.56,23.74,24.18,295791
09/10/2014,24.24,24.29,23.58,23.62,246365
10/10/2014,23.5,23.56,22.92,23.02,358373
13/10/2014,23.16,23.47,23.02,23.04,270796
14/10/2014,23.2,23.32,22.64,22.72,337246
15/10/2014,22.5,22.92,22.14,22.68,688606
16/10/2014,22.26,23.4,22.18,23.04,174399
17/10/2014,23.42,23.8,23.2,23.36,291312
20/10/2014,23.32,23.8,23.32,23.6,84563
21/10/2014,23.8,24.26,23.66,24.1,115042
22/10/2014,24.12,24.24,23.56,23.64,173908
23/10/2014,23.82,23.95,23.7,23.78,110803
24/10/2014,23.74,23.86,23.5,23.52,83507
27/10/2014,23.38,23.44,23.05,23.16,90312
28/10/2014,23.26,23.76,23.08,23.72,123781
29/10/2014,23.9,23.9,23.2,23.36,167317
30/10/2014,23.24,23.37,23,23.06,101841
31/10/2014,23.18,23.2,22.9,23,151228
03/11/2014,23.02,23.12,22.6,22.82,192712
04/11/2014,22.6,22.72,22.32,22.36,133784
05/11/2014,22.3,23.06,22.16,22.98,226364
06/11/2014,22.98,23.18,22.86,23.1,232784
07/11/2014,23.32,26.18,23.32,26.18,948380
10/11/2014,26.92,28.4,26.8,28.3,993438
11/11/2014,28.24,28.24,27.77,27.88,257149
12/11/2014,27.82,28.08,27.42,27.7,275908
13/11/2014,27.92,27.92,26.4,26.52,415763
14/11/2014,26.74,28,26.52,27.92,387452
17/11/2014,27.96,28.32,27.82,28.2,442381
18/11/2014,28.24,28.3,27.82,27.86,307098
19/11/2014,27.84,27.9,27.34,27.54,276441
20/11/2014,27.44,27.6,27.23,27.46,226805
21/11/2014,27.84,28.2,27.34,27.46,484874
24/11/2014,27.3,27.38,26.56,26.64,352126
25/11/2014,26.74,26.74,26.3,26.62,372749
26/11/2014,26.8,27.51,26.62,26.86,298067
28/11/2014,26.88,27.06,25.54,25.74,269419
01/12/2014,25.56,25.74,25.04,25.33,384841
02/12/2014,25.18,25.31,24.7,24.76,337824
03/12/2014,24.72,25.18,24.63,25.12,252708
04/12/2014,25.14,25.28,24.72,24.84,219347
05/12/2014,24.72,25.04,24.5,24.98,344765
08/12/2014,24.96,25,24.12,24.26,267836
09/12/2014,24.04,24.49,24.02,24.48,208050
10/12/2014,24.18,24.22,23.59,23.84,360843
11/12/2014,23.7,23.94,23.52,23.68,249714
12/12/2014,23.4,23.5,23.22,23.34,253268
15/12/2014,23.5,23.58,22.7,22.82,244863
16/12/2014,22.6,23.3,22.58,22.82,357444
17/12/2014,22.84,23.48,22.7,23.36,170991
18/12/2014,23.68,23.96,23.5,23.7,129504
19/12/2014,23.7,23.96,23.52,23.56,460082
22/12/2014,23.76,23.96,23.52,23.82,287206
23/12/2014,23.62,23.8,23.52,23.8,109901
24/12/2014,23.7,23.9,23.46,23.57,265895
26/12/2014,23.76,23.9,23.61,23.8,91735
29/12/2014,22.84,23.4,22.7,22.7,251935
30/12/2014,22.78,22.94,22.3,22.36,315443
31/12/2014,22.18,22.7,22.12,22.7,202964
02/01/2015,22.64,22.86,22.42,22.86,71534
05/01/2015,22.72,22.88,22.02,22.14,191622
06/01/2015,22.18,22.38,21.95,22.28,282558
07/01/2015,22.5,22.8,22.12,22.46,223941
08/01/2015,22.62,22.76,22.5,22.58,144481
09/01/2015,22.6,22.6,22.26,22.34,163010
12/01/2015,22.36,22.46,22.02,22.12,171037
13/01/2015,22.2,22.2,21.22,21.47,254684
14/01/2015,21.3,21.4,20.41,20.62,780826
15/01/2015,20.82,21.06,20.54,20.8,155057
16/01/2015,20.8,21.34,20.72,21.24,211550
20/01/2015,21.14,21.2,20.7,20.7,161061
21/01/2015,20.78,20.98,20.62,20.74,136067
22/01/2015,20.68,20.8,20.52,20.52,108047
23/01/2015,20.5,20.52,20.2,20.22,166034
26/01/2015,20.32,20.52,20.22,20.4,172440
27/01/2015,20.4,21,20.39,20.92,210991
28/01/2015,20.98,21,20.3,20.4,85508
29/01/2015,20.34,20.43,20,20.14,109458
30/01/2015,20.26,20.46,20.04,20.22,68451
02/02/2015,20.42,20.74,20.36,20.7,87284
03/02/2015,20.96,21.52,20.7,21.06,150174
04/02/2015,20.88,20.98,20.7,20.94,94899
05/02/2015,20.92,21.59,20.92,21.56,89759
06/02/2015,21.6,22.02,21.58,21.86,281088
09/02/2015,21.98,22.08,21.58,21.7,138215
10/02/2015,21.7,21.7,21.4,21.68,46810
11/02/2015,21.46,21.76,21.17,21.22,87469
12/02/2015,21.48,21.6,21.26,21.48,108381
13/02/2015,21.58,21.6,21.38,21.56,134594
17/02/2015,21.74,22.78,21.7,22.76,334344
18/02/2015,22.72,22.9,22.49,22.64,210250
19/02/2015,22.54,22.6,22.24,22.52,87486
20/02/2015,22.34,22.61,22.1,22.28,101122
23/02/2015,22.18,22.24,22,22.2,104450
24/02/2015,22.1,22.4,22.02,22.38,181430
25/02/2015,22.48,22.78,22.14,22.24,234837
26/02/2015,22.24,22.36,21.74,21.88,166009
27/02/2015,21.84,22.1,21.72,22.04,62318
02/03/2015,21.94,22.14,21.58,21.84,237747
03/03/2015,21.84,22,21.54,21.62,164068
04/03/2015,21.54,21.9,21.52,21.9,94207
05/03/2015,21.74,22.26,21.68,22.06,170560
06/03/2015,21.9,21.96,21.41,21.58,145162
09/03/2015,21.52,21.68,21.22,21.28,136161
10/03/2015,21.14,21.18,20.54,20.58,242380
11/03/2015,20.68,20.86,20.32,20.44,109547
12/03/2015,20.72,20.92,20.44,20.76,195885
13/03/2015,20.64,20.98,20.28,20.46,230383
16/03/2015,20.46,20.86,20.4,20.6,227321
17/03/2015,20.44,20.8,20.44,20.8,201491
18/03/2015,20.6,21.44,20.56,21.44,253363
19/03/2015,21.02,21.28,20.62,20.76,289972
20/03/2015,20.78,21.12,20.78,21.04,52856
23/03/2015,21.14,21.44,21.06,21.3,76408
24/03/2015,21.36,21.48,21.1,21.36,119758
25/03/2015,21.46,21.84,21.38,21.38,88513
26/03/2015,21.5,21.8,20.88,21.1,110288
27/03/2015,21.1,21.22,20.62,20.72,89103
30/03/2015,20.6,20.72,20.5,20.62,56680
31/03/2015,20.5,20.62,20.42,20.58,68642
01/04/2015,20.5,20.6,20.42,20.54,46855
02/04/2015,20.54,20.76,20.54,20.6,78578
06/04/2015,20.58,20.78,20.58,20.6,88049
07/04/2015,20.62,20.74,20.6,20.62,87930
08/04/2015,20.7,20.74,20.34,20.42,117118
09/04/2015,20.54,20.6,20.4,20.5,84291
10/04/2015,20.46,20.62,20.4,20.62,123051
13/04/2015,20.52,20.9,20.52,20.66,344101
14/04/2015,20.8,20.86,20.52,20.54,98708
15/04/2015,20.62,21.66,20.62,21.41,255369
16/04/2015,21.54,21.78,21.29,21.4,87672
17/04/2015,21.14,21.5,21.06,21.18,86649
20/04/2015,21.6,21.76,21.42,21.68,232905
21/04/2015,21.62,21.8,21.42,21.58,164384
22/04/2015,21.96,22.92,21.62,22.9,597624
23/04/2015,23.08,24.04,23.04,23.9,1203564
24/04/2015,24.12,24.28,23.6,23.64,529527
27/04/2015,23.94,24,23.6,23.68,369949
28/04/2015,23.78,24.26,23.66,24.2,582100
29/04/2015,24.14,24.32,23.96,24.04,196313
30/04/2015,23.88,23.95,22.9,23.48,422781
01/05/2015,23.74,23.74,23.1,23.24,135710
04/05/2015,23.3,23.5,23.24,23.3,146476
05/05/2015,23.38,23.64,23.06,23.16,145377
06/05/2015,23.18,23.2,22.62,22.7,186612
07/05/2015,22.66,22.66,22.16,22.56,167822
08/05/2015,22.64,23,22.52,23,176057
11/05/2015,22.92,23,22.59,22.72,177778
12/05/2015,22.6,23.19,22.6,22.98,514516
13/05/2015,23.06,23.86,23.06,23.78,253359
14/05/2015,23.98,24.42,23.92,24.16,245540
15/05/2015,24.2,24.22,23.58,23.82,161910
18/05/2015,23.66,23.66,23.32,23.38,321766
19/05/2015,23.3,23.32,22.6,22.82,480203
20/05/2015,22.78,22.8,22.44,22.52,70852
21/05/2015,22.6,22.64,22.34,22.34,180088
22/05/2015,22.28,22.32,22.04,22.18,148149
26/05/2015,22.06,22.5,21.42,21.5,340206
27/05/2015,21.52,21.8,21.52,21.76,72590
28/05/2015,21.64,21.86,21.56,21.8,122291
29/05/2015,21.82,22,21.74,21.92,118624
01/06/2015,21.94,21.96,21.56,21.7,142106
02/06/2015,21.7,22.3,21.6,22.14,137356
03/06/2015,22.1,22.18,21.9,21.92,55086
04/06/2015,21.84,22.04,21.82,21.92,80516
05/06/2015,21.82,22,21.6,21.8,60870
08/06/2015,21.88,22.18,21.56,21.58,80305
09/06/2015,21.58,21.76,21.52,21.52,49651
10/06/2015,21.92,22,21.62,21.82,141414
11/06/2015,22,22,21.8,21.86,93533
12/06/2015,21.4,21.74,21.14,21.34,217434
15/06/2015,21.12,21.16,20.6,20.8,252117
16/06/2015,20.66,20.88,20.46,20.6,168893
17/06/2015,20.52,20.58,20.15,20.54,313926
18/06/2015,20.46,20.6,20.18,20.26,263490
19/06/2015,20.02,20.1,18.4,19.8,846324
22/06/2015,19.86,20.22,19.7,19.7,639992
23/06/2015,19.72,19.92,19.44,19.76,165001
24/06/2015,19.76,19.84,19.36,19.48,175309
25/06/2015,19.46,19.46,19.18,19.3,128144
26/06/2015,19.22,19.4,19.12,19.22,112472
29/06/2015,19.02,19.04,18.5,18.56,279410
30/06/2015,18.72,18.76,18.3,18.44,338775
01/07/2015,18.32,18.74,18.3,18.32,230519
02/07/2015,18.3,18.38,18.06,18.36,170594
06/07/2015,18,18,17.54,17.68,327737
07/07/2015,17.7,17.74,17.18,17.64,289255
08/07/2015,17.48,17.5,16.86,17,541257
09/07/2015,17.16,17.41,17,17,182626
10/07/2015,17.14,17.3,17.04,17.12,120239
13/07/2015,17.18,17.5,17.1,17.32,196469
14/07/2015,17.32,17.58,17.3,17.52,171784
15/07/2015,17.76,17.76,17.2,17.22,165608
16/07/2015,17.28,17.48,17.1,17.3,122097
17/07/2015,17.24,17.26,16.84,16.9,211501
20/07/2015,16.9,16.96,16.42,16.48,307150
21/07/2015,16.32,16.7,16.32,16.5,258608
22/07/2015,16.38,16.82,16.24,16.82,173401
23/07/2015,16.72,16.86,16.5,16.5,183374
24/07/2015,16.5,16.5,16.14,16.24,261418
27/07/2015,16.2,16.2,15.64,15.66,163306
28/07/2015,15.74,15.9,15.48,15.86,164309
29/07/2015,15.86,16.26,15.86,16.04,139684
30/07/2015,16.1,16.25,16.08,16.2,67995
31/07/2015,16.24,16.48,16.22,16.32,215459
03/08/2015,16.32,16.42,16,16.04,131496
04/08/2015,16.12,16.32,16.02,16.04,190354
05/08/2015,16.12,16.5,16.1,16.26,88955
06/08/2015,16.26,16.38,16.06,16.38,74365
07/08/2015,16.38,16.48,16.16,16.16,64305
10/08/2015,16.34,17.06,16.3,17.02,199540
11/08/2015,17.02,17.08,16.74,16.92,160123
12/08/2015,16.98,17.06,16.72,17,246545
13/08/2015,17.02,17.02,16.6,16.64,164709
14/08/2015,16.74,16.94,16.66,16.68,120981
17/08/2015,16.7,16.79,16.6,16.66,114397
18/08/2015,16.66,16.68,16.54,16.54,78760
19/08/2015,16.48,16.5,16,16.16,151330
20/08/2015,16.06,16.18,15.8,15.84,86548
21/08/2015,15.82,15.92,15.5,15.54,123439
24/08/2015,15,15.2,12.72,14.42,392882
25/08/2015,15.08,15.1,14.34,14.48,130969
26/08/2015,14.66,14.77,14.24,14.46,99998
27/08/2015,14.76,15.37,14.76,15.16,114336
28/08/2015,15.18,15.57,15.18,15.46,75003
31/08/2015,15.32,15.98,15.2,15.9,117183
01/09/2015,15.66,15.7,15.42,15.44,72103
02/09/2015,15.52,15.76,15.4,15.45,116812
03/09/2015,15.54,15.77,15.44,15.54,35988
04/09/2015,15.34,15.42,15.06,15.2,179205
08/09/2015,15.6,15.78,15.42,15.74,114195
09/09/2015,15.86,15.96,15.5,15.54,90394
10/09/2015,15.52,15.62,15.4,15.4,56950
11/09/2015,15.32,15.38,15.12,15.24,52646
14/09/2015,15.24,15.24,14.92,14.94,59554
15/09/2015,15.08,15.16,14.98,15.08,95018
16/09/2015,15.2,15.48,15.2,15.4,48093
17/09/2015,15.32,15.58,15.26,15.38,82164
18/09/2015,15.26,15.36,14.94,15.06,106127
21/09/2015,15.16,15.16,14.8,14.8,63413
22/09/2015,14.66,14.7,14.42,14.56,100166
23/09/2015,14.66,14.86,14.32,14.34,50393
24/09/2015,14.28,14.4,14.14,14.34,105478
25/09/2015,14.44,14.44,14.14,14.16,32500
28/09/2015,14.26,14.36,13.6,13.68,242725
29/09/2015,13.66,13.74,13.5,13.54,100129
30/09/2015,13.74,13.9,13.6,13.9,332737
01/10/2015,13.92,14.08,13.72,13.86,225266
02/10/2015,13.88,14.18,13.78,14.18,65581
05/10/2015,14.4,14.96,14.32,14.8,257219
06/10/2015,14.88,15.12,14.88,15.06,95759
07/10/2015,15.28,15.62,15.24,15.62,425905
08/10/2015,15.52,16.1,15.46,16.06,210063
09/10/2015,15.94,16.18,15.76,16.12,288817
12/10/2015,16.1,16.16,15.66,15.76,204769
13/10/2015,15.78,16.01,15.6,15.76,71714
14/10/2015,15.9,16.04,15.72,15.82,122372
15/10/2015,15.84,16.14,15.84,16.08,71843
16/10/2015,16.02,16.17,15.92,16.02,66154
19/10/2015,15.96,16.04,15.66,15.72,98309
20/10/2015,15.66,15.7,15.34,15.64,149436
21/10/2015,15.66,15.7,15.24,15.24,61426
22/10/2015,15.38,15.48,15.22,15.34,45764
23/10/2015,15.26,15.38,15.22,15.38,64768
26/10/2015,15.42,15.48,15.3,15.38,96658
27/10/2015,15.3,15.34,14.92,15,81093
28/10/2015,15,15.37,15,15.1,44674
29/10/2015,15.08,15.2,14.92,14.98,59839
30/10/2015,15.06,15.06,14.76,14.82,79056
02/11/2015,14.76,14.84,14.54,14.78,220169
03/11/2015,14.68,14.88,14.68,14.76,130182
04/11/2015,14.86,14.94,14.66,14.82,80204
05/11/2015,14.8,14.98,14.72,14.78,91130
06/11/2015,14.72,14.76,14.44,14.68,59796
09/11/2015,14.5,14.62,14.34,14.34,87922
10/11/2015,14.3,14.44,14.24,14.34,92971
11/11/2015,14.46,14.66,14.26,14.32,67492
12/11/2015,14.3,14.32,14.08,14.12,70866
13/11/2015,14.02,14.22,13.9,13.9,91255
16/11/2015,13.92,14.02,13.74,13.82,116599
17/11/2015,13.76,13.88,13.56,13.56,87694
18/11/2015,13.62,13.79,13.51,13.68,31069
19/11/2015,13.82,13.94,13.7,13.79,32428
20/11/2015,13.89,13.89,13.5,13.51,53148
23/11/2015,13.5,13.53,13.26,13.37,191071
24/11/2015,13.37,13.57,13.37,13.57,43096
25/11/2015,13.51,13.59,13.44,13.53,40033
27/11/2015,13.52,13.56,13.47,13.56,12015
30/11/2015,13.53,13.7,13.52,13.7,72473
01/12/2015,13.79,14.04,13.67,14.02,136553
02/12/2015,13.94,14.03,13.67,13.76,295434
03/12/2015,13.8,13.84,13.52,13.56,168012
04/12/2015,13.54,13.72,13.45,13.72,186369
07/12/2015,13.5,13.53,13.16,13.22,142499
08/12/2015,13.1,13.24,12.95,13.24,237108
09/12/2015,13.17,13.38,13.03,13.16,139192
10/12/2015,13.17,13.42,13.13,13.37,57483
11/12/2015,13.24,13.24,12.98,13.03,131225
14/12/2015,13.05,13.05,12.8,12.95,145945
15/12/2015,13.03,13.19,13.03,13.1,69075
16/12/2015,13.16,13.39,13.16,13.33,64283
17/12/2015,13.4,13.4,13.2,13.24,42872
18/12/2015,13.27,13.42,13.22,13.37,124673
21/12/2015,12.87,13.65,12.87,13.46,147160
22/12/2015,13.61,14.04,13.54,13.82,590447
23/12/2015,13.86,13.97,13.8,13.87,95507
24/12/2015,13.87,14,13.75,13.91,59492
28/12/2015,13.85,14,13.68,13.89,158471
29/12/2015,13.79,13.9,13.6,13.8,66721
30/12/2015,13.67,13.83,13.65,13.7,95635
31/12/2015,13.75,14,13.7,13.99,40546
04/01/2016,13.83,13.98,13.62,13.9,238176
05/01/2016,13.93,13.96,13.7,13.82,68582
06/01/2016,13.58,13.73,13.06,13.5,178733
07/01/2016,13.14,13.27,12.95,12.98,226735
08/01/2016,13.1,13.64,12.96,13.15,91980
11/01/2016,13.29,13.31,12.88,12.93,77069
12/01/2016,12.99,13.11,12.64,12.85,108568
13/01/2016,12.99,12.99,12.4,12.47,158983
14/01/2016,12.54,12.57,12.27,12.34,83594
15/01/2016,12.04,12.12,11.77,11.89,70355
19/01/2016,12.05,12.09,11.77,11.87,70734
20/01/2016,11.64,11.77,11.31,11.72,171681
21/01/2016,11.61,11.99,11.59,11.93,20488
22/01/2016,12.21,12.42,12,12.27,89555
25/01/2016,12.15,12.18,11.99,12.04,68679
26/01/2016,12.11,12.33,12,12.31,36515
27/01/2016,12.28,12.45,12.2,12.24,47466
28/01/2016,12.52,12.6,12.37,12.58,61028
29/01/2016,12.65,12.8,12.62,12.76,44898
01/02/2016,12.64,12.85,12.58,12.83,53309
02/02/2016,12.63,12.63,12.51,12.57,33974
03/02/2016,12.74,12.89,12.56,12.86,151984
04/02/2016,12.91,13.09,12.87,12.89,90729
05/02/2016,12.82,12.85,12.54,12.77,34585
08/02/2016,12.52,12.52,12.07,12.27,134104
09/02/2016,12.12,12.12,11.8,11.85,63657
10/02/2016,11.97,11.99,11.72,11.86,20695
11/02/2016,11.63,11.79,11.5,11.63,66218
12/02/2016,11.8,12.05,11.74,12.03,34891
16/02/2016,12.3,12.54,12.12,12.27,23503
17/02/2016,12.35,12.65,12.34,12.65,40778
18/02/2016,12.73,12.8,12.55,12.61,12357
19/02/2016,12.55,12.62,12.49,12.6,18102
22/02/2016,12.81,12.99,12.81,12.92,40303
23/02/2016,12.82,12.87,12.56,12.6,64740
24/02/2016,12.46,12.59,12.22,12.58,47705
25/02/2016,12.52,12.59,12.31,12.43,48713
26/02/2016,12.61,12.68,12.44,12.5,27939
29/02/2016,12.54,12.71,12.5,12.59,64713
01/03/2016,12.72,12.95,12.65,12.81,70388
02/03/2016,12.69,12.9,12.58,12.9,25093
03/03/2016,12.85,13.35,12.85,13.31,59812
04/03/2016,13.37,13.5,13.3,13.36,83601
07/03/2016,13.3,13.73,13.3,13.67,76986
08/03/2016,13.52,13.73,13.41,13.41,43827
09/03/2016,13.61,13.61,13.35,13.36,48373
10/03/2016,13.36,13.43,13.13,13.26,92242
11/03/2016,13.4,13.58,13.4,13.51,57119
14/03/2016,13.45,13.45,13.28,13.32,17131
15/03/2016,13.31,13.49,13.12,13.32,82958
16/03/2016,13.33,13.76,13.32,13.72,104836
17/03/2016,13.96,14.4,13.9,14.34,40132
18/03/2016,14.39,14.63,14.21,14.44,91908
21/03/2016,14.65,14.78,14.38,14.42,94546
22/03/2016,14.45,14.46,14.19,14.24,52833
23/03/2016,14.24,14.24,13.9,13.91,53810
24/03/2016,13.87,13.97,13.61,13.87,46271
28/03/2016,13.95,14.09,13.73,14,33524
29/03/2016,13.91,14.23,13.85,14.12,29892
30/03/2016,14.18,14.53,14.12,14.52,66411
31/03/2016,14.62,14.8,14.51,14.54,34579
01/04/2016,14.4,14.72,14.27,14.67,277544
04/04/2016,14.68,14.83,14.4,14.45,60404
05/04/2016,14.29,14.29,14.05,14.12,125102
06/04/2016,14.17,14.44,14.06,14.4,39637
07/04/2016,14.3,14.35,14.11,14.18,36599
08/04/2016,14.41,14.55,14.38,14.49,57742
11/04/2016,14.74,14.97,14.72,14.92,112650
12/04/2016,15.01,15.73,15,15.67,159775
13/04/2016,15.66,15.99,15.61,15.83,131700
14/04/2016,15.78,16,15.78,15.93,67997
15/04/2016,16,16.03,15.75,15.83,93359
18/04/2016,15.51,15.76,15.38,15.61,136737
19/04/2016,15.8,16.01,15.4,15.85,63273
20/04/2016,15.74,16.04,15.7,15.71,127674
21/04/2016,15.68,15.68,15.46,15.49,93844
22/04/2016,15.5,15.7,15.36,15.58,66128
25/04/2016,15.54,15.58,15.12,15.33,152951
26/04/2016,15.33,15.33,15.01,15.27,158457
27/04/2016,15.22,15.47,15.07,15.43,203751
28/04/2016,15.52,15.67,15.4,15.46,39880
29/04/2016,15.52,15.57,15.1,15.14,79626
02/05/2016,15.14,15.31,15.01,15.01,124881
03/05/2016,14.88,15,14.45,14.55,201838
04/05/2016,14.69,14.69,14.14,14.26,305119
05/05/2016,14.47,14.47,14.19,14.27,133399
06/05/2016,14.27,14.46,14.23,14.42,121161
09/05/2016,14.36,14.36,14.08,14.17,53015
10/05/2016,14.32,14.32,14,14.2,63518
11/05/2016,14.2,14.3,13.99,14.08,67900
12/05/2016,14.21,14.34,14,14.03,209943
13/05/2016,13.94,14.13,13.77,14.03,89724
16/05/2016,14.14,14.39,14.09,14.33,41532
17/05/2016,14.22,14.41,14.17,14.27,33672
18/05/2016,14.15,14.21,13.89,13.9,53607
19/05/2016,13.73,13.86,13.6,13.71,150927
20/05/2016,13.83,13.83,13.74,13.77,18631
23/05/2016,13.71,13.86,13.71,13.84,68207
24/05/2016,13.81,13.9,13.7,13.7,59536
25/05/2016,13.8,13.93,13.7,13.71,28915
26/05/2016,13.81,13.92,13.74,13.8,20315
27/05/2016,13.71,13.88,13.7,13.74,20652
31/05/2016,13.74,13.86,13.71,13.77,50239
01/06/2016,13.74,13.85,13.66,13.79,49487
02/06/2016,13.69,14.21,13.69,14.15,114801
03/06/2016,14.26,14.56,14.25,14.44,137139
06/06/2016,14.61,15,14.61,14.99,258474
07/06/2016,15.19,15.61,15.1,15.32,202847
08/06/2016,15.44,15.63,15.33,15.35,196489
09/06/2016,15.36,15.5,15.13,15.42,117625
10/06/2016,15.31,15.39,14.95,15.04,94449
13/06/2016,14.98,15.15,14.84,14.87,115695
14/06/2016,14.88,14.98,14.41,14.49,152355
15/06/2016,14.52,14.69,14.43,14.51,72499
16/06/2016,14.32,14.46,14.11,14.33,137704
17/06/2016,14.47,14.62,14.44,14.52,163371
20/06/2016,14.83,14.89,14.63,14.63,86327
21/06/2016,14.72,14.74,14.5,14.54,89391
22/06/2016,14.61,14.7,14.3,14.33,102443
23/06/2016,14.52,14.58,14.4,14.52,19463
24/06/2016,13.87,14,13.65,13.87,147502
27/06/2016,13.64,13.86,13.33,13.39,209372
28/06/2016,13.7,13.76,13.48,13.72,128850
29/06/2016,13.83,13.98,13.83,13.91,51316
30/06/2016,14,14.25,13.92,14.22,65677
01/07/2016,14.15,14.43,14.09,14.29,118790
05/07/2016,14.3,14.31,13.99,14.02,149755
06/07/2016,13.87,13.99,13.77,13.98,52415
07/07/2016,14.09,14.09,13.87,13.88,55831
08/07/2016,14.03,14.15,14,14.05,50938
11/07/2016,14.1,14.22,13.95,13.96,92761
12/07/2016,14.18,14.52,13.9,14.49,326342
13/07/2016,14.67,14.74,14.46,14.5,275676
14/07/2016,14.69,14.7,14.57,14.65,69000
15/07/2016,14.68,14.68,14.46,14.51,162018
18/07/2016,14.49,14.56,14.4,14.49,31495
19/07/2016,14.49,14.59,14.33,14.36,54015
20/07/2016,14.32,14.5,14.31,14.37,83430
21/07/2016,14.35,14.41,14.28,14.29,71712
22/07/2016,14.31,14.35,14.17,14.24,54458
25/07/2016,14.23,14.24,13.95,13.98,94628
26/07/2016,14.03,14.12,13.94,14.09,134132
27/07/2016,14.19,14.24,14.11,14.18,98589
28/07/2016,14.17,14.3,13.75,13.8,73157
29/07/2016,13.82,14,13.8,13.86,70575
01/08/2016,13.84,13.86,13.7,13.7,122442
02/08/2016,13.74,13.83,13.58,13.62,100861
03/08/2016,13.68,13.75,13.52,13.75,97565
04/08/2016,13.73,13.88,13.7,13.75,192790
05/08/2016,13.65,13.83,13.62,13.79,63883
08/08/2016,13.76,13.94,13.76,13.94,76236
09/08/2016,13.86,14,13.85,13.88,137182
10/08/2016,13.93,14,13.72,13.94,85171
11/08/2016,14.03,14.49,14.03,14.45,205637
12/08/2016,14.51,14.65,14.33,14.38,139598
15/08/2016,14.41,14.5,14.28,14.31,158632
16/08/2016,14.38,14.42,14.27,14.4,135611
17/08/2016,14.39,14.39,14.24,14.3,68477
18/08/2016,14.36,14.48,14.35,14.44,72462
19/08/2016,14.36,14.36,14.19,14.27,39160
22/08/2016,14.22,14.24,14.04,14.1,105990
23/08/2016,14.14,14.23,14.11,14.14,59141
24/08/2016,14.14,14.2,14.04,14.04,178316
25/08/2016,14.1,14.11,13.9,13.95,177123
26/08/2016,14.04,14.16,13.83,13.89,184501
29/08/2016,13.9,14,13.85,13.96,113324
30/08/2016,14.05,14.09,13.89,13.93,218983
31/08/2016,13.93,13.93,13.67,13.73,78695
01/09/2016,13.67,13.8,13.64,13.78,57229
02/09/2016,13.86,13.98,13.8,13.96,64085
06/09/2016,13.96,14.17,13.95,14.06,112005
07/09/2016,14.06,14.15,13.92,13.96,186384
08/09/2016,14.01,14.01,13.85,13.87,142738
09/09/2016,13.9,13.92,13.63,13.66,123721
12/09/2016,13.58,13.79,13.55,13.71,66843
13/09/2016,13.52,13.57,13.26,13.33,141261
14/09/2016,13.31,13.49,13.2,13.29,130374
15/09/2016,13.27,13.34,13.17,13.25,78806
16/09/2016,13.14,13.2,12.99,13.13,127125
19/09/2016,13.34,13.43,13.25,13.27,56448
20/09/2016,13.27,13.44,13.27,13.35,77931
21/09/2016,13.45,13.6,13.33,13.56,51100
22/09/2016,13.73,13.79,13.49,13.54,75667
23/09/2016,13.44,13.58,13.3,13.37,31582
26/09/2016,13.3,13.49,13.14,13.14,48068
27/09/2016,13.05,13.17,12.92,13.02,100325
28/09/2016,12.98,13.06,12.72,13,84771
29/09/2016,13.06,13.14,12.93,13,92289
30/09/2016,13.13,13.13,13.04,13.04,22317
03/10/2016,13.07,13.14,12.79,12.83,53230
04/10/2016,12.86,12.9,12.62,12.63,113779
05/10/2016,12.65,12.72,12.59,12.64,88402
06/10/2016,12.65,12.66,12.45,12.51,65023
07/10/2016,12.55,12.72,12.51,12.72,65077
10/10/2016,12.78,12.9,12.72,12.72,52572
11/10/2016,12.71,12.8,12.44,12.58,160451
12/10/2016,12.54,12.65,12.5,12.59,87797
13/10/2016,12.52,12.62,12.41,12.61,76877
14/10/2016,12.65,12.69,12.56,12.61,46434
17/10/2016,12.7,12.73,12.53,12.61,48084
18/10/2016,12.69,12.71,12.6,12.63,16390
19/10/2016,12.61,12.69,12.56,12.65,26490
20/10/2016,12.53,12.63,12.47,12.54,55667
21/10/2016,12.5,12.58,12.4,12.43,21375
24/10/2016,12.45,12.45,12.22,12.26,59970
25/10/2016,12.33,12.37,12.23,12.23,32851
26/10/2016,12.32,12.44,12.28,12.3,32375
27/10/2016,12.32,12.37,12.28,12.34,49837
28/10/2016,12.32,12.36,12.25,12.3,45921
31/10/2016,12.26,12.28,12.12,12.12,41882
01/11/2016,12.14,12.17,11.8,11.8,181012
02/11/2016,11.84,11.97,11.83,11.97,113718
03/11/2016,12,12.03,11.8,11.8,74587
04/11/2016,11.8,11.91,11.74,11.81,109049
07/11/2016,11.9,11.97,11.8,11.81,41919
08/11/2016,11.76,12.02,11.75,11.95,66738
09/11/2016,11.74,11.92,11.68,11.88,69246
10/11/2016,11.86,12.35,11.85,12.27,142893
11/11/2016,12.39,12.5,12.12,12.28,216475
14/11/2016,12.1,12.24,12.05,12.09,172533
15/11/2016,12.23,12.42,12.16,12.42,195059
16/11/2016,12.26,12.49,12.17,12.35,205695
17/11/2016,12.38,12.58,12.35,12.55,175418
18/11/2016,12.55,12.63,12.35,12.37,86443
21/11/2016,12.44,12.57,12.39,12.45,156313
22/11/2016,12.56,12.61,12.38,12.49,157192
23/11/2016,12.43,12.46,12.35,12.37,110194
25/11/2016,12.36,12.44,12.34,12.36,31163
28/11/2016,12.41,12.63,12.4,12.57,206725
29/11/2016,12.52,12.56,12.45,12.53,51139
30/11/2016,12.51,12.6,12.45,12.45,91729
01/12/2016,12.49,12.65,12.45,12.49,173638
02/12/2016,12.63,12.68,12.51,12.67,138911
05/12/2016,12.66,12.79,12.57,12.71,99031
06/12/2016,12.7,12.9,12.7,12.87,551467
07/12/2016,12.96,13.24,12.96,13.24,221944
08/12/2016,13.3,13.48,13.3,13.42,251015
09/12/2016,13.77,13.95,13.65,13.94,400843
12/12/2016,14.1,14.35,13.77,13.78,393087
13/12/2016,14.01,14.08,13.72,13.97,231444
14/12/2016,14.1,14.1,13.6,13.67,214147
15/12/2016,13.59,13.85,13.3,13.78,228448
16/12/2016,13.84,14.09,13.81,14.05,315156
19/12/2016,14.15,14.15,13.8,13.8,170962
20/12/2016,13.8,14,13.8,13.9,150893
21/12/2016,13.86,13.91,13.7,13.74,137822
22/12/2016,13.58,13.79,13.46,13.67,294480
23/12/2016,13.78,13.86,13.4,13.59,269661
27/12/2016,13.7,13.76,13.6,13.7,126245
28/12/2016,12.85,12.96,12.57,12.67,467314
29/12/2016,12.67,12.97,12.65,12.81,483843
30/12/2016,12.84,12.96,12.75,12.87,233556
03/01/2017,12.99,13.35,12.93,13.27,403265
04/01/2017,13.43,13.7,13.39,13.69,483082
05/01/2017,13.99,14.35,13.87,14.16,781768
06/01/2017,14.5,14.57,14.17,14.33,408903
09/01/2017,14.4,14.54,14.3,14.37,517113
10/01/2017,14.67,15.6,14.5,15.6,873270
11/01/2017,15.94,16.6,15.75,16.23,1231055
12/01/2017,16.6,17.11,16.3,16.42,974503
13/01/2017,16.36,16.94,16.15,16.94,829560
17/01/2017,16.94,17.02,16.5,16.63,726456
18/01/2017,16.13,16.18,15.25,15.37,1104334
19/01/2017,15.44,15.96,15.29,15.94,570568
20/01/2017,16.24,16.52,15.91,16.01,564063
23/01/2017,16.26,16.83,16.25,16.79,1635575
24/01/2017,17.14,18,17.09,18,1791682
25/01/2017,18.3,18.6,17.6,17.72,1830226
26/01/2017,17.84,17.92,17.25,17.48,616811
27/01/2017,17.7,17.8,17.48,17.67,496880
30/01/2017,17.7,17.73,17.1,17.21,521891
31/01/2017,17.15,17.44,17.05,17.39,478664
01/02/2017,16.95,16.95,16.5,16.61,758916
02/02/2017,16.6,16.6,16.15,16.22,646842
03/02/2017,16.32,16.39,16.17,16.38,505779
06/02/2017,16.4,16.5,16.27,16.28,664797
07/02/2017,16.48,16.88,16.31,16.75,831490
08/02/2017,16.97,17.35,16.97,17.24,877353
09/02/2017,17.49,17.58,17.32,17.39,984505
10/02/2017,17.6,17.85,17.52,17.84,989372
13/02/2017,18.08,18.64,17.86,18.63,1329711
14/02/2017,18.95,19.29,18.81,19.16,1251126
15/02/2017,19.3,19.33,18.42,18.43,1190305
16/02/2017,18.51,18.51,18.05,18.19,1169969
17/02/2017,18.11,18.11,17.8,18.01,711882
21/02/2017,18.17,18.18,17.54,17.63,708650
22/02/2017,17.58,17.58,17.13,17.2,785383
23/02/2017,17.23,17.28,16.86,16.92,719966
24/02/2017,16.71,16.8,16.15,16.73,2229790
27/02/2017,16.74,17.01,16.41,16.99,1297160
28/02/2017,17.15,17.25,16.7,16.7,826526
01/03/2017,16.75,16.81,16.57,16.79,1662936
02/03/2017,16.86,16.92,16.37,16.41,764993
03/03/2017,16.43,16.44,15.9,15.98,1229241
06/03/2017,15.95,15.98,15.31,15.48,1044571
07/03/2017,15.38,15.94,15.38,15.92,621481
08/03/2017,15.97,16.3,15.9,16.02,855549
09/03/2017,16,16.02,15.6,15.62,456414
10/03/2017,15.6,15.78,15.51,15.67,338525
13/03/2017,15.85,15.88,15.71,15.74,618327
14/03/2017,15.85,15.89,15.67,15.79,348106
15/03/2017,15.9,16.33,15.78,16.23,704742
16/03/2017,16.35,16.59,16.26,16.56,723409
17/03/2017,16.64,16.77,16.42,16.43,471093
20/03/2017,16.45,16.48,16.06,16.2,440042
21/03/2017,16.21,16.22,15.41,15.44,772873
22/03/2017,15.35,15.4,15.06,15.14,587379
23/03/2017,15.1,15.42,15.1,15.22,349936
24/03/2017,15.25,15.27,15.1,15.14,148389
27/03/2017,15.01,15.27,15,15.27,398504
28/03/2017,15.27,15.5,15.2,15.5,614580
29/03/2017,15.6,15.94,15.58,15.65,510770
30/03/2017,15.6,15.74,15.47,15.56,263249
31/03/2017,15.57,15.65,15.32,15.35,197144
03/04/2017,15.3,15.35,15.02,15.06,328610
04/04/2017,15.06,15.2,14.93,15.17,442129
05/04/2017,15.32,15.32,14.91,14.92,463785
06/04/2017,14.95,15.1,14.91,15.1,435147
07/04/2017,15.21,15.26,15.03,15.2,536834
10/04/2017,15.28,15.95,15.26,15.82,935835
11/04/2017,15.96,16.12,15.88,16.1,588487
12/04/2017,16.11,16.17,15.64,15.68,552072
13/04/2017,15.7,15.7,15.36,15.38,526274
17/04/2017,15.35,15.4,15.24,15.4,326893
18/04/2017,15.26,15.33,15.14,15.17,397122
19/04/2017,15.08,15.15,14.69,14.73,667474
20/04/2017,14.76,14.84,14.7,14.79,281045
21/04/2017,14.79,14.83,14.61,14.66,374836
24/04/2017,14.64,14.68,14.6,14.6,542461
25/04/2017,14.64,14.7,14.55,14.65,463350
26/04/2017,14.58,14.6,14.3,14.33,534957
27/04/2017,14.25,14.33,13.81,13.81,1288018
28/04/2017,13.73,13.8,13.15,13.16,1204535
01/05/2017,13.15,13.32,13.11,13.19,638628
02/05/2017,13.18,13.35,13.14,13.3,517820
03/05/2017,13.2,13.26,13.11,13.16,333070
04/05/2017,13.16,13.16,12.49,12.6,1191674
05/05/2017,12.51,12.77,12.47,12.74,735581
08/05/2017,12.72,13.11,12.69,13.04,404522
09/05/2017,13.11,13.29,13.09,13.17,460705
10/05/2017,13.25,13.35,13.19,13.34,176753
11/05/2017,13.38,13.55,13.36,13.55,501491
12/05/2017,13.72,13.82,13.59,13.7,299229
15/05/2017,13.8,13.89,13.66,13.72,282329
16/05/2017,13.72,13.83,13.61,13.75,248682
17/05/2017,13.66,13.66,13.18,13.22,602774
18/05/2017,13.1,13.28,13.05,13.15,153087
19/05/2017,13.28,13.49,13.23,13.49,168126
22/05/2017,13.45,13.64,13.4,13.53,539009
23/05/2017,13.57,13.72,13.52,13.56,313989
24/05/2017,13.5,13.5,13.13,13.2,531797
25/05/2017,13.15,13.32,13,13.02,334038
26/05/2017,13.02,13.18,13.02,13.16,99117
30/05/2017,13.07,13.14,12.94,13,337973
31/05/2017,13.01,13.05,12.77,12.88,326301
01/06/2017,12.82,12.97,12.77,12.83,199127
02/06/2017,12.76,12.83,12.7,12.72,216025
05/06/2017,12.7,12.7,12.61,12.61,179210
06/06/2017,12.59,12.6,12.49,12.51,343792
07/06/2017,12.51,12.65,12.42,12.64,237374
08/06/2017,12.7,12.93,12.66,12.92,211175
09/06/2017,12.97,13,12.8,12.98,184632
12/06/2017,13,13.06,12.86,12.9,182204
13/06/2017,12.93,13.06,12.93,13.06,173477
14/06/2017,13.1,13.21,12.9,12.95,187322
15/06/2017,12.9,12.91,12.64,12.76,192026
16/06/2017,12.83,12.83,12.67,12.69,125318
19/06/2017,12.65,12.77,12.6,12.6,177359
20/06/2017,12.6,12.64,12.26,12.44,433328
21/06/2017,12.43,12.47,12.3,12.36,188228
22/06/2017,12.34,12.58,12.34,12.48,145186
23/06/2017,12.49,13.04,12.49,13.04,418912
26/06/2017,13.13,13.34,13.11,13.3,315131
27/06/2017,13.29,13.3,13.02,13.07,411765
28/06/2017,13.11,13.21,13.05,13.17,173899
29/06/2017,13.15,13.2,13,13.1,236267
30/06/2017,13.05,13.25,13.05,13.18,225478
03/07/2017,13.28,13.45,13.21,13.44,254805
05/07/2017,13.48,13.59,13.4,13.58,343721
06/07/2017,13.54,13.55,13.39,13.44,217005
07/07/2017,13.39,13.39,13.21,13.36,157133
10/07/2017,13.2,13.56,13.2,13.53,189646
11/07/2017,13.5,13.58,13.4,13.56,134124
12/07/2017,13.6,13.67,13.5,13.54,205165
13/07/2017,13.53,13.68,13.51,13.65,81121
14/07/2017,13.69,13.8,13.67,13.8,237570
17/07/2017,13.8,14.37,13.76,14.33,596664
18/07/2017,14.51,14.55,14.12,14.28,478751
19/07/2017,14.33,14.7,14.3,14.66,673481
20/07/2017,14.68,14.68,14.44,14.55,284242
21/07/2017,14.51,14.51,14.29,14.3,261094
24/07/2017,14.36,14.43,14.12,14.21,308128
25/07/2017,14.29,14.43,14.29,14.38,269258
26/07/2017,14.4,14.42,14.23,14.33,259416
27/07/2017,14.37,14.58,14.2,14.27,396048
28/07/2017,14.31,14.44,14.3,14.43,187275
31/07/2017,14.45,14.52,14.4,14.47,365978
01/08/2017,14.5,14.59,14.33,14.54,344051
02/08/2017,14.51,14.51,14.31,14.31,292329
03/08/2017,14.34,14.35,14.1,14.17,314427
04/08/2017,14.15,14.21,14.02,14.15,235842
07/08/2017,14.1,14.11,13.93,13.99,262040
08/08/2017,13.97,14.05,13.89,13.89,278276
09/08/2017,13.83,13.9,13.72,13.76,213150
10/08/2017,13.71,13.72,13.26,13.26,482171
11/08/2017,13.22,13.4,13.2,13.33,278686
14/08/2017,13.37,13.49,13.27,13.31,219141
15/08/2017,13.3,13.31,13.12,13.17,133281
16/08/2017,13.2,13.39,13.2,13.37,95168
17/08/2017,13.4,13.55,13.39,13.4,380705
18/08/2017,13.34,13.5,13.29,13.46,141011
21/08/2017,13.47,13.51,13.35,13.39,135377
22/08/2017,13.41,13.45,13.27,13.27,95161
23/08/2017,13.23,13.31,13.19,13.27,193676
24/08/2017,13.26,13.45,13.26,13.39,111938
25/08/2017,13.43,13.53,13.39,13.43,99108
28/08/2017,13.45,13.52,13.38,13.4,134174
29/08/2017,13.37,13.57,13.31,13.57,125250
30/08/2017,13.56,13.64,13.49,13.53,126520
31/08/2017,13.61,14.45,13.61,13.87,289277
01/09/2017,13.93,14.06,13.93,13.99,156058
05/09/2017,13.95,13.96,13.68,13.78,205879
06/09/2017,13.76,13.91,13.71,13.85,113159
07/09/2017,13.98,14,13.9,13.95,123815
08/09/2017,13.99,13.99,13.67,13.79,138365
11/09/2017,13.8,13.85,13.65,13.85,100349
12/09/2017,13.9,14.02,13.89,13.98,73512
13/09/2017,14.02,14.08,13.98,14.05,134449
14/09/2017,14.04,14.08,13.9,13.97,85589
15/09/2017,13.95,14.03,13.93,14.03,152088
18/09/2017,14.06,14.06,13.87,13.92,113977
19/09/2017,13.93,13.93,13.75,13.81,101202
20/09/2017,13.81,13.9,13.69,13.74,90941
21/09/2017,13.69,13.75,13.63,13.7,106633
22/09/2017,13.61,13.75,13.57,13.73,122797
25/09/2017,13.77,13.79,13.57,13.59,88813
26/09/2017,13.54,13.56,13.47,13.5,141434
27/09/2017,13.45,13.5,13.35,13.35,106335
28/09/2017,13.31,13.44,13.25,13.4,205911
29/09/2017,13.42,13.45,13.22,13.3,140396
02/10/2017,13.24,13.36,13.2,13.28,264225
03/10/2017,13.25,13.25,12.7,12.78,413631
04/10/2017,12.78,12.98,12.78,12.95,194623
05/10/2017,12.94,13.03,12.91,12.93,210785
06/10/2017,12.93,12.95,12.81,12.9,141795
09/10/2017,12.83,12.89,12.77,12.79,159992
10/10/2017,12.87,12.92,12.79,12.82,119576
11/10/2017,12.85,12.85,12.7,12.76,82022
12/10/2017,12.71,12.75,12.67,12.73,80321
13/10/2017,12.7,12.8,12.65,12.75,182958
16/10/2017,12.77,12.78,12.59,12.63,125713
17/10/2017,12.6,12.65,12.55,12.64,153318
18/10/2017,12.68,12.8,12.64,12.71,120697
19/10/2017,12.72,12.73,12.64,12.64,85577
20/10/2017,12.64,12.74,12.55,12.63,221927
23/10/2017,12.65,12.67,12.56,12.59,107934
24/10/2017,12.56,12.58,12.46,12.5,193200
25/10/2017,12.5,12.57,12.32,12.38,227162
26/10/2017,12.36,12.45,12.33,12.38,132451
27/10/2017,12.22,12.22,11.87,12.07,339090
30/10/2017,12.07,12.09,11.83,11.87,264514
31/10/2017,11.91,11.98,11.84,11.94,175331
01/11/2017,11.95,12.1,11.92,12.08,154503
02/11/2017,12.12,12.25,12.1,12.19,216381
03/11/2017,12.2,12.2,12.06,12.12,202308
06/11/2017,12.14,12.3,12.12,12.3,388662
07/11/2017,12.29,12.46,12.23,12.43,378146
08/11/2017,12.46,12.65,12.45,12.64,212725
09/11/2017,12.88,14.15,12.88,14.11,1291246
10/11/2017,14.01,14.42,13.95,14.05,1024927
13/11/2017,14.1,14.19,13.68,13.73,586163
14/11/2017,13.75,13.78,13.4,13.42,258082
15/11/2017,13.24,13.25,13,13.2,359679
16/11/2017,13.22,13.63,13.22,13.6,396468
17/11/2017,13.61,14.15,13.6,14.12,495836
20/11/2017,14.23,14.4,14.07,14.12,592508
21/11/2017,14.16,14.73,14.16,14.67,659585
22/11/2017,14.82,15.47,14.8,15.43,1150475
24/11/2017,15.32,15.5,15.1,15.2,532918
27/11/2017,15.05,15.07,14.28,14.33,915138
28/11/2017,14.36,14.52,14.17,14.48,742922
29/11/2017,14.5,14.65,14.06,14.35,497437
30/11/2017,14.36,14.49,14.19,14.28,318571
01/12/2017,14.36,14.49,14.25,14.26,224876
04/12/2017,14.64,16.25,14.6,16.04,1772579
05/12/2017,16,16.12,15.69,15.8,781427
06/12/2017,15.75,15.75,15.18,15.24,666186
07/12/2017,15.18,15.41,15.14,15.4,548293
08/12/2017,15.46,15.67,15.31,15.64,618461
11/12/2017,15.77,16.36,15.75,16.25,1095748
12/12/2017,16.28,16.3,15.86,15.97,524963
13/12/2017,16,16.02,15.8,15.93,803916
14/12/2017,16.07,16.36,15.99,16.18,467243
15/12/2017,16.22,16.29,16.02,16.02,519093
18/12/2017,16,16.17,15.95,15.96,500097
19/12/2017,16.11,16.15,15.91,15.96,222470
20/12/2017,16.07,16.08,15.72,15.83,375841
21/12/2017,15.88,15.96,15.71,15.71,426425
22/12/2017,15.73,15.78,15.25,15.34,753544
26/12/2017,15.27,15.42,15.25,15.27,199304
27/12/2017,15.29,15.35,15.06,15.08,372139
28/12/2017,14.91,14.99,14.75,14.94,432390
29/12/2017,15.13,15.15,14.89,15.05,417979
02/01/2018,15.14,15.74,15.12,15.68,608348
03/01/2018,15.8,15.91,15.49,15.71,655209
04/01/2018,15.6,15.88,15.42,15.83,276964
05/01/2018,15.87,15.89,15.75,15.83,215872
08/01/2018,15.82,15.87,15.62,15.64,292572
09/01/2018,15.59,15.64,15.01,15.08,762243
10/01/2018,15.08,15.25,15.06,15.21,557410
11/01/2018,15.3,15.3,15.11,15.22,210302
12/01/2018,15.3,15.38,15.25,15.28,342080
16/01/2018,15.19,15.27,14.4,14.54,913333
17/01/2018,14.58,14.97,14.51,14.93,405952
18/01/2018,14.88,14.94,14.56,14.63,313253
19/01/2018,14.63,14.63,14.4,14.57,239203
22/01/2018,14.66,14.68,14.47,14.64,273401
23/01/2018,14.61,14.68,14.41,14.64,346968
24/01/2018,14.82,14.99,14.72,14.85,271068
25/01/2018,14.92,14.95,14.44,14.47,348712
26/01/2018,14.57,14.57,14.27,14.29,427330
29/01/2018,14.21,14.25,14.02,14.03,335110
30/01/2018,14.04,14.1,13.73,13.83,541823
31/01/2018,13.88,14.15,13.88,14.1,360990
01/02/2018,14.15,14.27,14.02,14.09,362825
02/02/2018,13.99,13.99,13.53,13.55,470003
05/02/2018,13.4,13.59,13.22,13.22,385146
06/02/2018,13,13.45,12.8,13.39,578773
07/02/2018,13.3,13.44,13.2,13.31,165887
08/02/2018,13.35,13.44,12.95,12.98,239556
09/02/2018,13.06,13.22,12.5,12.74,702256
12/02/2018,12.89,13,12.81,12.92,341666
13/02/2018,12.95,13.37,12.92,13.36,340387
14/02/2018,13.26,13.74,13.15,13.72,425928
15/02/2018,13.87,13.9,13.51,13.75,178385
16/02/2018,13.63,13.71,13.41,13.46,128055
20/02/2018,13.47,13.56,13.29,13.36,250677
21/02/2018,13.42,13.47,13.24,13.24,277921
22/02/2018,13.34,13.55,13.3,13.31,274763
23/02/2018,13.34,13.47,13.28,13.45,134387
26/02/2018,13.49,13.49,13.25,13.27,269305
27/02/2018,13.27,13.38,12.91,12.93,489115
28/02/2018,12.95,12.98,12.65,12.73,375023
01/03/2018,12.75,13.04,12.66,12.96,327890
02/03/2018,12.91,13.24,12.8,13.2,652016
05/03/2018,13.17,13.28,13.07,13.22,180376
06/03/2018,13.2,13.4,13.17,13.37,170076
07/03/2018,13.25,13.4,13.17,13.37,146143
08/03/2018,13.41,13.42,12.99,13.04,253735
09/03/2018,13.12,13.2,13.07,13.16,90885
12/03/2018,13.19,13.19,13.02,13.06,369041
13/03/2018,13.1,13.14,12.94,12.98,140141
14/03/2018,13,13.08,12.92,12.99,84710
15/03/2018,12.98,12.98,12.89,12.92,164801
16/03/2018,12.92,12.95,12.85,12.85,309063
19/03/2018,12.82,12.83,12.41,12.43,798813
20/03/2018,12.44,12.46,12.33,12.35,370167
21/03/2018,12.37,12.76,12.37,12.66,346348
22/03/2018,12.54,12.69,12.38,12.45,292483
23/03/2018,12.34,12.43,12.01,12.09,1126561
26/03/2018,12.15,12.23,12.11,12.17,224820
27/03/2018,12.28,12.36,12.09,12.09,409324
28/03/2018,12.09,12.1,11.81,11.84,425348
29/03/2018,11.98,12.13,11.88,12.07,443659
02/04/2018,12.04,12.16,11.9,12.1,292653
03/04/2018,12.14,12.64,12.12,12.64,462398
04/04/2018,12.53,12.64,12.36,12.63,231531
05/04/2018,12.65,13.09,12.65,13,428771
06/04/2018,13,13.04,12.71,12.74,385601
09/04/2018,12.84,13.48,12.73,13.08,1053847
10/04/2018,13.25,13.49,13.19,13.34,795150
11/04/2018,13.32,13.49,13.3,13.34,200599
12/04/2018,13.3,13.4,13.18,13.25,248111
13/04/2018,13.3,13.3,13.09,13.18,269371
16/04/2018,13.19,13.9,13.12,13.8,612904
17/04/2018,13.74,13.99,13.66,13.98,760901
18/04/2018,13.98,14.09,13.81,13.97,384995
19/04/2018,13.96,14.07,13.84,13.87,274748
20/04/2018,13.87,13.87,13.55,13.73,316299
23/04/2018,13.7,13.71,13.28,13.29,354579
24/04/2018,13.3,13.42,13.08,13.09,197664
25/04/2018,13.05,13.18,13.01,13.06,126389
26/04/2018,13.17,13.17,12.95,13.02,135331
27/04/2018,13.07,13.33,13.03,13.26,218299
30/04/2018,13.35,13.51,13.28,13.34,223902
01/05/2018,13.22,13.73,13.22,13.65,401083
02/05/2018,13.65,14.25,13.65,14.05,664313
03/05/2018,14.2,14.23,13.76,13.94,278491
04/05/2018,13.72,13.93,13.72,13.81,129708
07/05/2018,13.83,14,13.73,13.79,277186
08/05/2018,13.64,13.7,13.32,13.37,544035
09/05/2018,13.36,13.72,13.33,13.66,196817
10/05/2018,13.79,13.86,13.68,13.79,151814
11/05/2018,13.8,13.94,13.69,13.77,101361
14/05/2018,13.87,14.09,13.87,14.06,355753
15/05/2018,13.9,13.95,13.72,13.8,124276
16/05/2018,13.71,13.86,13.7,13.82,87362
17/05/2018,13.81,13.84,13.73,13.82,62419
18/05/2018,13.8,13.93,13.76,13.87,257127
21/05/2018,13.9,14.02,13.9,13.98,203916
22/05/2018,13.99,13.99,13.41,13.47,599902
23/05/2018,13.41,13.47,13.27,13.44,255220
24/05/2018,13.36,13.42,13.26,13.31,147046
25/05/2018,13.23,13.26,13.17,13.19,116799
29/05/2018,13.12,13.25,13.03,13.07,198494
30/05/2018,13.1,13.56,13.1,13.51,357632
31/05/2018,13.1,13.56,13.1,13.51,357632
01/06/2018,13.26,13.42,13.18,13.36,238565
04/06/2018,13.47,13.82,13.43,13.8,236932
05/06/2018,13.82,14.35,13.82,14.28,950215
06/06/2018,14.39,14.75,14.38,14.71,863212
07/06/2018,14.6,14.7,14.11,14.25,760359
08/06/2018,14.2,14.35,14.13,14.27,201381
11/06/2018,14.27,14.43,14.24,14.33,303379
12/06/2018,14.29,14.39,14.17,14.22,215230
13/06/2018,14.27,14.32,14.08,14.1,181742
14/06/2018,14.12,14.22,13.95,14.01,250409
15/06/2018,13.96,13.96,13.53,13.66,501327
18/06/2018,13.52,13.59,13.4,13.59,273694
19/06/2018,13.32,13.37,13.18,13.3,449045
20/06/2018,13.27,13.44,13.2,13.34,143922
21/06/2018,13.26,13.35,13.04,13.12,241925
22/06/2018,13.17,13.32,13.13,13.2,401498
25/06/2018,13.25,13.25,12.85,12.87,514859
26/06/2018,12.81,12.98,12.73,12.81,800024
27/06/2018,12.65,12.85,12.57,12.64,338031
28/06/2018,12.51,12.67,12.51,12.63,377039
29/06/2018,12.77,12.92,12.77,12.87,186111
02/07/2018,12.73,12.78,12.65,12.77,274535
03/07/2018,12.87,13.01,12.87,12.88,160569
05/07/2018,12.95,12.97,12.86,12.93,120131
06/07/2018,12.96,13.14,12.96,13.12,129510
09/07/2018,13.1,13.19,13.05,13.08,277756
10/07/2018,13.06,13.12,13,13.04,124632
11/07/2018,12.95,13.03,12.82,12.85,139194
12/07/2018,12.84,12.97,12.8,12.82,236077
13/07/2018,12.75,12.92,12.75,12.91,182954
16/07/2018,12.87,12.89,12.68,12.74,104136
17/07/2018,12.66,12.84,12.66,12.79,157836
18/07/2018,12.85,12.9,12.67,12.77,344818
19/07/2018,12.55,12.66,12.25,12.37,916153
20/07/2018,12.38,12.86,12.38,12.8,697983
23/07/2018,12.79,12.79,12.56,12.62,118188
24/07/2018,12.75,12.86,12.61,12.67,560762
25/07/2018,12.61,12.82,12.61,12.81,293088
26/07/2018,12.85,13.44,12.82,13.37,922841
27/07/2018,13.42,13.43,12.93,13.09,371207
30/07/2018,13.23,13.23,13,13.09,253252
31/07/2018,13.13,13.25,13.02,13.17,220741
01/08/2018,13.17,13.22,13.12,13.16,115789
02/08/2018,13.03,13.2,12.91,13.05,356198
03/08/2018,13.11,13.34,13.07,13.26,193015
06/08/2018,13.3,13.35,13.04,13.14,184171
07/08/2018,13.1,13.29,13,13.05,207072
08/08/2018,12.96,13.01,12.87,12.97,189909
09/08/2018,12.93,12.98,12.9,12.92,110507
10/08/2018,12.9,12.95,12.75,12.76,167927
13/08/2018,12.67,12.69,12.4,12.46,282978
14/08/2018,12.45,12.73,12.45,12.7,132114
15/08/2018,12.57,12.58,12.24,12.33,262826
16/08/2018,12.4,12.55,12.4,12.47,287928
17/08/2018,12.5,12.6,12.43,12.51,111149
20/08/2018,12.54,12.64,12.54,12.57,104940
21/08/2018,12.61,12.66,12.42,12.48,449038
22/08/2018,12.51,12.68,12.41,12.63,160333
23/08/2018,12.63,12.66,12.53,12.54,131129
24/08/2018,12.61,12.72,12.61,12.64,113855
27/08/2018,12.64,12.74,12.61,12.7,125276
28/08/2018,12.7,12.82,12.63,12.67,125091
29/08/2018,12.66,12.86,12.66,12.82,221536
30/08/2018,12.68,12.79,12.64,12.76,122979
31/08/2018,12.7,12.8,12.66,12.72,118287
04/09/2018,12.66,12.68,12.42,12.51,185471
05/09/2018,12.47,12.47,12.22,12.34,168408
06/09/2018,12.33,12.38,12.07,12.17,394215
07/09/2018,12.08,12.19,12.01,12.18,181609
10/09/2018,12.31,12.45,12.18,12.24,194523
11/09/2018,12.18,12.29,12.14,12.25,124338
12/09/2018,12.25,12.59,12.25,12.56,202394
13/09/2018,12.65,12.66,12.55,12.61,172308
14/09/2018,12.67,12.75,12.58,12.58,135998
17/09/2018,12.62,12.7,12.57,12.59,148960
18/09/2018,12.6,12.77,12.57,12.76,254331
19/09/2018,12.77,12.8,12.71,12.73,175299
20/09/2018,12.8,13,12.8,12.91,394812
21/09/2018,12.98,13.05,12.91,12.95,300607
24/09/2018,12.98,13.03,12.85,12.87,175898
25/09/2018,13.01,13.04,12.95,12.98,51694
26/09/2018,12.92,13,12.8,12.83,325247
27/09/2018,13.24,13.48,13.24,13.31,386968
28/09/2018,13.31,13.44,13.3,13.31,156709
01/10/2018,13.36,13.47,13.34,13.4,225498
02/10/2018,13.33,13.49,13.33,13.44,147473
03/10/2018,13.4,13.67,13.4,13.54,242823
04/10/2018,13.58,13.65,13.43,13.58,250913
05/10/2018,13.53,13.64,13.46,13.5,155387
08/10/2018,13.46,13.49,13.27,13.42,217482
09/10/2018,13.29,13.51,13.28,13.4,472347
10/10/2018,13.31,13.34,12.93,13.06,1413709
11/10/2018,12.87,12.92,12.66,12.77,542280
12/10/2018,12.81,12.86,12.66,12.79,415592
15/10/2018,12.76,12.85,12.71,12.85,214109
16/10/2018,12.85,13.18,12.84,13.09,584395
17/10/2018,13.08,13.08,12.9,12.95,122514
18/10/2018,12.84,12.84,12.54,12.55,240220
19/10/2018,12.59,12.75,12.51,12.6,120451
22/10/2018,12.6,12.65,12.5,12.5,220549
23/10/2018,12.47,12.47,12.19,12.33,341218
24/10/2018,12.25,12.27,11.88,11.88,345919
25/10/2018,11.9,12.07,11.9,12,371781
26/10/2018,11.77,11.84,11.57,11.76,257987
29/10/2018,11.83,11.99,11.53,11.6,185565
30/10/2018,11.61,11.83,11.61,11.83,186553
31/10/2018,11.88,12.1,11.71,12.01,358602
01/11/2018,12.1,12.38,12.08,12.22,586639
02/11/2018,12.39,12.48,12.24,12.46,372095
05/11/2018,12.5,12.89,12.49,12.87,640882
06/11/2018,13,13.14,12.92,12.98,611848
07/11/2018,13,13.33,13,13.21,869074
08/11/2018,13.2,13.23,12.9,12.97,223674
09/11/2018,12.91,12.92,12.57,12.63,569913
12/11/2018,12.61,12.73,12.41,12.44,226570
13/11/2018,12.46,12.59,12.37,12.44,169385
14/11/2018,12.49,12.5,12.14,12.18,330692
15/11/2018,12.17,12.64,12.17,12.56,217808
16/11/2018,12.62,12.72,12.53,12.68,159973
19/11/2018,12.71,12.88,12.65,12.68,213779
20/11/2018,12.52,12.58,12.33,12.35,188379
21/11/2018,12.35,12.61,12.35,12.55,107841
23/11/2018,12.3,12.34,12.13,12.16,188528
26/11/2018,12.29,12.43,12.25,12.26,123444
27/11/2018,12.22,12.35,12.12,12.23,221711
28/11/2018,12.24,12.7,12.24,12.65,133748
29/11/2018,12.6,12.65,12.47,12.55,203773
30/11/2018,12.42,12.55,12.37,12.54,219551
03/12/2018,12.77,12.88,12.67,12.78,286816
04/12/2018,12.78,12.86,12.49,12.49,168946
06/12/2018,12.17,12.37,12.11,12.36,273256
07/12/2018,12.37,12.57,12.15,12.22,575967
10/12/2018,12.22,12.26,12.01,12.22,513609
11/12/2018,12.3,12.36,12.05,12.14,353645
12/12/2018,12.25,12.5,12.24,12.42,171032
13/12/2018,12.45,12.6,12.42,12.47,127104
14/12/2018,12.32,12.49,12.31,12.37,131139
17/12/2018,12.3,12.35,11.96,11.99,264164
18/12/2018,12.03,12.16,11.95,11.99,208070
19/12/2018,12.04,12.14,11.66,11.68,203912
20/12/2018,11.68,11.87,11.57,11.69,409187
21/12/2018,11.5,11.76,11.35,11.42,495554
24/12/2018,11.38,11.49,11.23,11.3,284125
26/12/2018,11.32,11.6,11,11.56,741500
27/12/2018,11.38,11.53,11.24,11.53,464140
28/12/2018,11.43,11.7,11.43,11.59,240710
31/12/2018,11.58,11.78,11.45,11.67,255735
02/01/2019,11.51,11.8,11.5,11.65,256817
03/01/2019,11.52,11.7,11.52,11.58,106385
04/01/2019,11.67,12.03,11.67,11.98,182693
07/01/2019,12,12.17,11.96,12.09,212460
08/01/2019,12.2,12.25,12.09,12.18,197061
09/01/2019,12.24,12.48,12.22,12.4,259656
10/01/2019,12.32,12.46,12.21,12.46,120943
11/01/2019,12.4,12.4,12.25,12.28,93580
14/01/2019,12.15,12.35,12.02,12.3,103832
15/01/2019,12.32,12.42,12.3,12.33,160937
16/01/2019,12.35,12.46,12.35,12.43,158796
17/01/2019,12.35,12.39,12.23,12.29,163967
18/01/2019,12.32,12.42,12.3,12.38,344531
22/01/2019,12.25,12.27,12.12,12.15,213002
23/01/2019,12.08,12.33,12.08,12.19,137613
24/01/2019,12.15,12.32,12.14,12.28,134147
25/01/2019,12.33,12.67,12.28,12.66,205393
28/01/2019,12.58,12.67,12.54,12.56,141138
29/01/2019,12.69,12.79,12.6,12.72,125503
30/01/2019,12.8,12.82,12.52,12.6,276767
31/01/2019,12.6,12.78,12.6,12.7,170438
01/02/2019,12.69,12.73,12.33,12.61,379498
04/02/2019,12.53,12.95,12.53,12.94,256080
05/02/2019,12.82,13.29,12.82,13.24,442223
06/02/2019,13.25,13.25,12.97,12.98,151471
07/02/2019,12.97,12.99,12.84,12.88,172850
08/02/2019,12.9,12.9,12.73,12.79,75292
11/02/2019,12.92,12.94,12.76,12.8,88616
12/02/2019,12.85,12.87,12.7,12.7,101607
13/02/2019,12.7,12.75,12.59,12.62,131371
14/02/2019,12.55,12.69,12.54,12.62,76769
15/02/2019,12.66,12.8,12.64,12.78,137284
19/02/2019,12.71,12.74,12.62,12.68,239532
20/02/2019,12.68,12.85,12.65,12.81,93473
21/02/2019,12.78,12.79,12.62,12.75,94715
22/02/2019,12.7,12.84,12.6,12.75,122333
25/02/2019,12.75,12.85,12.66,12.69,106953
26/02/2019,12.6,12.74,12.58,12.61,321373
27/02/2019,12.53,12.66,12.5,12.58,120677
28/02/2019,12.55,12.58,12.31,12.37,255909
01/03/2019,12.4,12.47,12.26,12.29,101792
04/03/2019,12.22,12.29,12.09,12.16,144323
05/03/2019,12.11,12.2,12.11,12.18,87748
06/03/2019,12.19,12.28,12.17,12.18,62428
07/03/2019,12.13,12.14,12.03,12.09,67759
08/03/2019,11.98,12.09,11.87,12.08,112775
11/03/2019,12.01,12.23,12.01,12.21,73455
12/03/2019,12.19,12.29,12.19,12.23,80573
13/03/2019,12.32,12.38,12.22,12.35,59945
14/03/2019,12.32,12.45,12.31,12.45,106998
15/03/2019,12.54,12.61,12.5,12.61,57060
18/03/2019,12.53,12.69,12.51,12.6,109580
19/03/2019,12.65,12.8,12.61,12.64,64348
20/03/2019,12.58,12.76,12.52,12.71,122806
21/03/2019,12.71,12.77,12.57,12.63,217286
22/03/2019,12.5,12.52,12.34,12.36,271997
25/03/2019,12.4,12.55,12.34,12.49,104390
26/03/2019,12.5,12.69,12.5,12.64,68816
27/03/2019,12.65,12.71,12.47,12.51,160751
28/03/2019,12.51,12.51,12.36,12.4,75699
29/03/2019,12.41,12.54,12.41,12.49,121148
01/04/2019,12.64,12.86,12.58,12.83,354784
02/04/2019,12.86,12.89,12.74,12.76,104790
03/04/2019,12.89,12.94,12.8,12.86,143977
04/04/2019,12.86,12.89,12.78,12.87,63058
05/04/2019,12.85,12.94,12.84,12.88,124270
08/04/2019,12.9,12.99,12.88,12.92,145911
09/04/2019,12.97,12.97,12.84,12.87,148579
10/04/2019,12.89,12.95,12.85,12.86,120214
11/04/2019,12.84,12.86,12.73,12.8,118043
12/04/2019,12.8,12.87,12.71,12.73,101724
15/04/2019,12.73,12.73,12.55,12.55,145237
16/04/2019,12.59,12.63,12.47,12.47,99959
17/04/2019,12.5,12.56,12.46,12.51,51291
18/04/2019,12.51,12.51,12.36,12.43,64833
22/04/2019,12.4,12.5,12.4,12.43,54745
23/04/2019,12.43,12.5,12.38,12.5,225656
24/04/2019,12.41,12.49,12.17,12.19,139224
25/04/2019,12.15,12.2,12.06,12.09,106858
26/04/2019,12.07,12.22,12.07,12.17,80063
29/04/2019,12.2,12.23,12.11,12.13,74973
30/04/2019,12.08,12.17,12.04,12.12,93503
01/05/2019,12.12,12.2,12.04,12.05,59662
02/05/2019,12.06,12.07,11.88,11.9,137989
03/05/2019,11.96,12.15,11.96,12.15,122519
06/05/2019,12,12.05,11.87,11.93,127075
07/05/2019,11.9,11.95,11.7,11.71,164447
08/05/2019,11.7,11.8,11.64,11.69,77969
09/05/2019,11.55,11.59,11.45,11.54,121890
10/05/2019,11.57,11.63,11.44,11.62,109980
13/05/2019,11.39,11.44,11.25,11.31,144242
14/05/2019,11.49,11.56,11.43,11.48,72142
15/05/2019,11.44,11.61,11.44,11.61,132188
16/05/2019,11.68,11.68,11.56,11.64,109623
17/05/2019,11.51,11.66,11.5,11.61,47856
20/05/2019,11.56,11.65,11.51,11.6,59258
21/05/2019,11.57,11.68,11.57,11.65,59225
22/05/2019,11.65,11.69,11.54,11.6,83216
23/05/2019,11.42,11.48,11.37,11.45,106796
24/05/2019,11.46,11.54,11.41,11.46,63359
28/05/2019,11.47,11.58,11.47,11.5,88112
29/05/2019,11.5,11.5,11.27,11.37,149729
30/05/2019,11.37,11.47,11.35,11.41,98874
31/05/2019,11.35,11.56,11.31,11.56,64074
03/06/2019,11.53,11.71,11.53,11.71,155214
04/06/2019,11.79,11.85,11.75,11.8,231288
05/06/2019,11.83,11.83,11.65,11.68,51304
06/06/2019,11.59,11.74,11.58,11.69,83269
07/06/2019,11.69,11.87,11.69,11.86,54507
10/06/2019,11.88,11.9,11.78,11.83,59915
11/06/2019,11.84,11.94,11.84,11.92,40943
12/06/2019,11.9,11.99,11.87,11.91,46367
13/06/2019,11.92,11.99,11.88,11.97,94980
14/06/2019,11.93,11.93,11.78,11.87,48113
17/06/2019,11.86,11.9,11.79,11.8,42092
18/06/2019,11.82,11.99,11.72,11.95,156323
19/06/2019,11.99,12.03,11.91,11.98,176931
20/06/2019,12.07,12.27,12.07,12.25,148286
21/06/2019,12.2,12.23,12.16,12.2,117112
24/06/2019,12.26,12.32,12.16,12.17,228435
25/06/2019,12.19,12.24,12.06,12.07,119280
26/06/2019,12.09,12.14,12.06,12.09,77288
27/06/2019,11.98,12.02,11.9,11.97,89195
28/06/2019,11.97,12.15,11.97,12.15,74272
01/07/2019,12.12,12.18,12,12.01,118819
02/07/2019,12.03,12.15,12.01,12.09,76006
03/07/2019,12.09,12.16,12.03,12.12,47735
05/07/2019,12.02,12.03,11.88,12.02,81836
08/07/2019,11.93,11.99,11.88,11.92,99003
09/07/2019,11.88,11.94,11.77,11.91,145943
10/07/2019,11.98,12.09,11.93,11.97,102477
11/07/2019,11.97,12.13,11.89,11.96,186908
12/07/2019,11.94,11.98,11.81,11.91,135885
15/07/2019,11.92,11.95,11.61,11.69,149967
16/07/2019,11.62,11.78,11.62,11.65,83715
17/07/2019,11.65,11.7,11.6,11.64,57887
18/07/2019,11.55,11.67,11.51,11.64,152166
19/07/2019,11.67,11.7,11.6,11.6,132806
22/07/2019,11.69,11.7,11.56,11.6,90876
23/07/2019,11.57,11.59,11.53,11.54,100931
24/07/2019,11.44,11.46,11.35,11.36,91731
25/07/2019,11.29,11.31,10.98,11,320180
26/07/2019,11,11.1,11,11.06,77499
29/07/2019,11.1,11.15,10.98,10.99,186373
30/07/2019,10.9,11.03,10.9,11.01,64337
31/07/2019,10.99,11.13,10.9,11.03,119886
01/08/2019,11.06,11.06,10.77,10.82,227450
02/08/2019,10.7,10.78,10.65,10.68,128324
05/08/2019,10.51,10.56,10.36,10.41,154115
06/08/2019,10.41,10.5,10.32,10.4,156178
07/08/2019,10.3,10.35,10.19,10.27,320782
08/08/2019,10.27,10.47,10.27,10.45,176179
09/08/2019,10.5,10.52,10.3,10.33,74203
12/08/2019,10.3,10.38,10.25,10.26,72028
13/08/2019,10.25,10.39,10.22,10.33,113276
14/08/2019,10.3,10.3,10,10.01,170906
15/08/2019,10.05,10.08,9.96,10.01,117894
16/08/2019,10.05,10.22,10.05,10.17,137224
19/08/2019,10.29,10.37,10.23,10.37,123287
20/08/2019,10.34,10.45,10.34,10.4,40398
21/08/2019,10.5,10.58,10.47,10.58,71831
22/08/2019,10.58,10.6,10.49,10.53,44472
23/08/2019,10.47,10.49,10.23,10.25,106656
26/08/2019,10.27,10.33,10.23,10.27,75971
27/08/2019,10.35,10.35,10.18,10.27,67930
28/08/2019,10.17,10.41,10.17,10.38,58743
29/08/2019,10.38,10.46,10.38,10.43,47008
30/08/2019,10.46,10.6,10.46,10.6,79771
03/09/2019,10.6,10.6,10.51,10.56,84180
04/09/2019,10.58,10.71,10.58,10.7,130310
05/09/2019,10.79,10.88,10.77,10.82,260267
06/09/2019,10.85,10.94,10.77,10.91,112816
09/09/2019,10.96,10.99,10.89,10.9,95528
10/09/2019,10.9,11.05,10.9,11.03,136722
11/09/2019,11.08,11.2,11.08,11.18,106042
12/09/2019,11.08,11.2,11.03,11.11,183545
13/09/2019,11.14,11.25,11.13,11.2,92345
16/09/2019,11.21,11.27,11.19,11.25,135941
17/09/2019,11.14,11.29,11.1,11.28,123602
18/09/2019,11.2,11.24,11.01,11.09,110549
19/09/2019,11.03,11.16,11.03,11.1,50010
20/09/2019,11.06,11.22,11.06,11.21,79054
23/09/2019,11.11,11.24,11.1,11.24,48344
24/09/2019,11.22,11.22,11.12,11.16,115704
25/09/2019,11.05,11.17,11,11.14,113697
26/09/2019,11.2,11.23,11.08,11.14,96371
27/09/2019,11.11,11.12,10.95,10.96,94145
30/09/2019,10.94,11.05,10.89,11,137884
01/10/2019,10.93,11.03,10.81,10.84,79956
02/10/2019,10.78,10.83,10.72,10.78,122330
03/10/2019,10.78,10.85,10.74,10.82,50837
04/10/2019,10.79,10.98,10.79,10.94,274212
07/10/2019,10.93,10.94,10.86,10.88,98480
08/10/2019,10.83,10.89,10.77,10.8,60466
09/10/2019,10.87,10.9,10.82,10.86,59361
10/10/2019,10.81,11.1,10.81,11.09,84277
11/10/2019,11.19,11.24,11.11,11.11,116672
14/10/2019,11,11.08,10.99,11,28280
15/10/2019,11.01,11.11,11.01,11.05,41939
16/10/2019,10.99,11.06,10.98,11.02,31619
17/10/2019,11,11.1,10.9,10.99,92845
18/10/2019,10.96,11.05,10.96,11.02,62487
21/10/2019,10.98,11.1,10.98,10.99,43986
22/10/2019,11.08,11.1,10.95,10.97,35382
23/10/2019,10.9,11.09,10.9,11.06,66187
24/10/2019,11.06,11.07,10.93,10.94,121687
25/10/2019,10.98,11.02,10.94,11.01,69403
28/10/2019,11.06,11.07,10.99,11.01,54143
29/10/2019,10.97,10.99,10.94,10.97,54553
30/10/2019,10.93,11.02,10.85,10.93,139001
31/10/2019,10.87,10.93,10.78,10.87,80470
01/11/2019,10.89,11.01,10.83,10.97,56083
04/11/2019,11.04,11.32,11.04,11.32,113378
05/11/2019,11.39,11.42,11.31,11.32,76634
06/11/2019,11.39,11.39,11.28,11.31,39947
07/11/2019,11.39,11.39,11.3,11.31,35681
08/11/2019,11.36,11.36,11.23,11.23,52098
11/11/2019,11.12,11.21,11.07,11.18,20035
12/11/2019,11.16,11.23,11.14,11.18,47312
13/11/2019,11.07,11.12,11.04,11.07,46160
14/11/2019,10.97,11.11,10.89,11.1,57887
15/11/2019,11.14,11.2,11.13,11.2,46535
18/11/2019,11.1,11.17,11.05,11.05,46955
19/11/2019,11,11.11,11,11.1,42113
20/11/2019,11.01,11.15,11.01,11.04,471236
21/11/2019,11,11.06,10.96,10.99,35383
22/11/2019,11.02,11.09,10.96,11,48496
25/11/2019,10.97,11.07,10.97,11.05,90449
26/11/2019,11.01,11.01,10.92,11,38713
27/11/2019,10.88,10.95,10.88,10.94,31694
29/11/2019,10.9,10.91,10.78,10.82,73570
02/12/2019,10.78,10.82,10.69,10.71,90720
03/12/2019,10.67,10.78,10.64,10.78,173518
04/12/2019,10.71,10.86,10.71,10.83,84207
05/12/2019,10.84,10.92,10.81,10.86,114508
06/12/2019,10.87,11.08,10.87,11.07,120100
09/12/2019,10.99,11.06,10.83,10.83,80501
10/12/2019,10.85,10.87,10.79,10.82,62807
11/12/2019,10.84,11,10.83,10.96,117794
12/12/2019,10.96,11.17,10.96,11.13,89077
13/12/2019,11.11,11.13,11,11.04,58224
16/12/2019,11.07,11.15,11,11.01,81884
17/12/2019,10.95,11,10.89,10.92,77497
18/12/2019,10.87,10.98,10.84,10.96,66880
19/12/2019,11,11.04,10.94,11.02,69878
20/12/2019,11,11.08,10.98,10.99,87689
23/12/2019,10.99,11.04,10.97,10.99,135183
24/12/2019,10.98,11,10.96,10.99,73460
26/12/2019,11.01,11.17,10.95,11.08,82489
27/12/2019,11.03,11.2,11.01,11.16,139183
30/12/2019,11.07,11.12,11,11.01,94537
31/12/2019,11.05,11.1,11.04,11.08,125831
02/01/2020,11.14,11.16,11.04,11.06,54088
03/01/2020,10.95,11.06,10.95,11.01,51976
06/01/2020,11,11.06,10.96,11,69725
07/01/2020,11.01,11.01,10.92,10.93,85449
08/01/2020,10.9,10.92,10.79,10.79,510055
09/01/2020,10.75,10.85,10.7,10.72,191053
10/01/2020,10.7,10.89,10.7,10.82,176256
13/01/2020,10.9,10.98,10.84,10.95,78088
14/01/2020,10.86,10.94,10.86,10.94,61092
15/01/2020,10.9,10.97,10.86,10.88,46399
16/01/2020,10.96,10.99,10.94,10.99,71270
17/01/2020,11.07,11.1,10.99,11,112748
21/01/2020,10.96,11,10.92,10.98,206554
22/01/2020,11.07,11.07,10.9,10.93,45736
23/01/2020,10.87,10.9,10.8,10.9,80677
24/01/2020,10.95,11,10.76,10.81,99381
27/01/2020,10.5,10.59,10.38,10.5,218742
28/01/2020,10.45,10.53,10.43,10.44,65825
29/01/2020,10.4,10.5,10.4,10.45,58556
30/01/2020,10.32,10.36,10.24,10.34,127057
31/01/2020,10.34,10.34,10.11,10.11,100882
03/02/2020,10.35,10.4,10.24,10.4,87747
04/02/2020,10.47,10.62,10.47,10.61,196483
05/02/2020,10.66,10.72,10.6,10.68,61037
06/02/2020,10.69,10.76,10.66,10.73,60645
07/02/2020,10.79,10.85,10.62,10.65,41147
10/02/2020,10.6,10.66,10.54,10.63,99844
11/02/2020,10.62,10.86,10.62,10.84,95701
12/02/2020,10.89,11.02,10.87,11.01,90118
13/02/2020,11,11,10.88,10.91,59135
14/02/2020,10.94,10.95,10.89,10.92,46684
18/02/2020,10.89,10.89,10.82,10.85,48534
19/02/2020,10.85,10.88,10.82,10.84,65128
20/02/2020,10.75,10.83,10.7,10.73,96933
21/02/2020,10.75,10.75,10.62,10.66,37203
24/02/2020,10.4,10.46,10.28,10.28,104437
25/02/2020,10.32,10.34,10.11,10.13,117819
26/02/2020,10.1,10.23,10.06,10.08,130880
27/02/2020,9.92,9.98,9.73,9.76,176498
28/02/2020,9.49,9.71,9.46,9.7,237625
02/03/2020,9.75,9.95,9.72,9.92,104942
03/03/2020,9.95,10.13,9.92,9.96,125209
04/03/2020,10.15,10.15,10.01,10.13,73650
05/03/2020,9.99,10.15,9.95,10.06,67656
06/03/2020,9.87,10,9.82,9.95,99214
09/03/2020,9.6,9.62,8.74,8.98,230532
10/03/2020,9.18,9.39,9.02,9.37,230996
11/03/2020,9.04,9.35,8.9,8.99,140263
12/03/2020,8.14,8.27,8,8.04,216289
13/03/2020,8.29,8.46,8,8.24,336684
16/03/2020,7.5,7.7,7.11,7.4,399637
17/03/2020,7.45,7.97,7.45,7.82,157325
18/03/2020,7.34,7.65,6.95,7.09,250173
19/03/2020,7.11,7.43,7.1,7.31,125126
20/03/2020,7.33,7.73,7.33,7.4,150568
23/03/2020,7.28,7.39,7.13,7.18,414878
24/03/2020,7.52,8.1,7.52,8,176677
25/03/2020,8.03,8.32,7.92,8.16,197051
26/03/2020,8.22,8.31,7.89,8.3,156167
27/03/2020,8.08,8.21,8.01,8.18,165481
30/03/2020,8.2,8.55,8.2,8.5,72209
31/03/2020,8.65,8.8,8.46,8.71,120969
01/04/2020,8.44,8.54,8.35,8.4,124559
02/04/2020,8.3,8.72,8.3,8.6,107185
03/04/2020,8.64,8.88,8.53,8.8,36284
06/04/2020,9.09,9.15,8.88,9.13,96642
07/04/2020,9.3,9.5,9.24,9.29,110071
08/04/2020,9.39,9.4,9.18,9.37,132213
09/04/2020,9.5,9.69,9.4,9.49,73906
13/04/2020,9.49,9.67,9.33,9.66,104043
14/04/2020,9.83,9.97,9.7,9.85,133893
15/04/2020,9.9,9.96,9.65,9.93,240274
16/04/2020,9.8,10.08,9.75,9.96,115511
17/04/2020,10.05,10.24,9.91,10.11,289532
20/04/2020,10.18,10.45,10.06,10.25,122336
21/04/2020,10.16,10.28,10.07,10.18,76771
22/04/2020,10.39,10.45,10.26,10.35,102790
23/04/2020,10.36,10.68,10.29,10.48,182952
24/04/2020,10.62,10.7,10.53,10.7,93464
27/04/2020,10.79,10.83,10.67,10.79,125129
28/04/2020,10.79,10.85,10.65,10.77,132694
29/04/2020,10.86,10.98,10.81,10.91,130082
30/04/2020,10.86,10.97,10.7,10.83,86163
01/05/2020,10.8,10.8,10.4,10.64,75282
04/05/2020,10.59,11,10.5,10.98,268568
05/05/2020,10.98,11.19,10.92,11.08,186131
06/05/2020,11.03,11.18,10.81,10.82,71595
07/05/2020,11.06,11.09,10.87,10.88,46583
08/05/2020,11.06,11.15,10.93,11.07,145287
11/05/2020,11,11.09,10.85,10.89,182018
12/05/2020,10.8,11.02,10.75,10.76,49132
13/05/2020,10.78,10.92,10.46,10.53,133237
14/05/2020,10.33,10.39,10.1,10.29,364508
15/05/2020,10.2,10.4,10.2,10.37,57114
18/05/2020,10.5,10.7,10.5,10.64,74555
19/05/2020,10.58,10.7,10.54,10.54,68392
20/05/2020,10.65,10.7,10.54,10.68,21029
21/05/2020,10.63,10.66,10.47,10.53,51614
22/05/2020,10.48,10.62,10.48,10.61,38278
26/05/2020,10.7,10.88,10.67,10.82,201848
27/05/2020,11.01,11.05,10.79,11.04,66047
28/05/2020,11.12,11.15,11,11.05,61474
29/05/2020,11.13,11.2,10.94,11.2,150759
01/06/2020,11.18,11.23,11.1,11.21,128680
02/06/2020,11.3,11.35,11.23,11.28,140381
03/06/2020,11.3,11.39,11.26,11.29,111223
04/06/2020,11.22,11.28,11.03,11.16,62919
05/06/2020,11.16,11.35,11.16,11.3,167492
08/06/2020,11.3,11.47,11.26,11.47,200942
09/06/2020,11.31,11.39,11.02,11.39,66138
10/06/2020,11.31,11.4,11.21,11.36,51097
11/06/2020,11,11.1,10.64,10.71,177768
12/06/2020,10.93,11,10.74,10.93,194589
15/06/2020,10.65,10.95,10.62,10.88,44613
16/06/2020,11.04,11.2,10.93,11,64844
17/06/2020,11,11.07,10.9,10.94,29874
18/06/2020,10.78,10.94,10.71,10.86,48881
19/06/2020,11,11.03,10.76,10.79,71972
22/06/2020,11.06,11.06,10.86,10.98,289783
23/06/2020,11.07,11.08,10.95,10.96,78868
24/06/2020,10.89,10.95,10.75,10.85,29461
25/06/2020,10.78,10.94,10.73,10.94,24490
26/06/2020,10.84,10.84,10.75,10.79,49407
29/06/2020,10.7,10.75,10.64,10.7,49092
30/06/2020,10.7,10.85,10.69,10.85,64682
01/07/2020,10.93,10.93,10.8,10.9,49674
02/07/2020,10.91,11.05,10.91,10.95,65037
06/07/2020,11.09,11.18,11.05,11.07,133904
07/07/2020,10.99,11.18,10.91,11.14,73231
08/07/2020,11.17,11.27,11.14,11.25,102849
09/07/2020,11.23,11.27,11.05,11.11,53366
10/07/2020,11.05,11.12,11,11.12,116857
13/07/2020,11.22,11.29,11.02,11.02,46611
14/07/2020,11.06,11.21,11.02,11.2,89849
15/07/2020,11.33,11.53,11.28,11.51,165210
16/07/2020,11.5,11.6,11.41,11.44,80041
17/07/2020,11.51,11.74,11.46,11.74,120690
20/07/2020,11.8,11.99,11.8,11.96,476355
21/07/2020,12.03,12.07,11.88,11.93,326556
22/07/2020,12,12.19,12,12.19,285396
23/07/2020,12.24,12.25,12.02,12.1,243522
24/07/2020,12.01,12.1,11.97,12.08,141628
27/07/2020,12.15,12.31,12.15,12.29,223174
28/07/2020,12.25,12.25,12.12,12.13,52024
29/07/2020,12.25,12.29,11.62,11.76,257414
30/07/2020,11.6,11.66,11.4,11.54,222669
31/07/2020,11.43,11.52,11.38,11.51,74792
03/08/2020,11.52,11.56,11.49,11.53,124085
04/08/2020,11.5,11.74,11.5,11.73,360187
05/08/2020,11.86,11.92,11.75,11.79,206993
06/08/2020,11.75,11.79,11.65,11.71,78846
07/08/2020,11.65,11.68,11.54,11.67,124392
10/08/2020,11.73,11.76,11.62,11.67,146175
11/08/2020,11.8,11.84,11.56,11.59,48059
12/08/2020,11.81,11.88,11.78,11.85,228990
13/08/2020,11.89,11.91,11.7,11.79,151729
14/08/2020,11.73,11.85,11.71,11.77,44992
17/08/2020,11.95,12.03,11.88,11.94,171018
18/08/2020,11.97,11.97,11.82,11.87,72265
19/08/2020,11.86,12,11.86,11.94,194176
20/08/2020,11.77,12.02,11.76,11.99,124415
21/08/2020,11.82,11.94,11.74,11.76,109711
24/08/2020,11.84,11.99,11.82,11.86,126409
25/08/2020,11.93,12.05,11.88,12.05,121889
26/08/2020,11.99,12.14,11.95,12.14,161659
27/08/2020,12.14,12.15,12.06,12.12,124459
28/08/2020,12.23,12.44,12.23,12.43,290521
31/08/2020,12.53,12.53,12.4,12.5,195130
01/09/2020,12.56,12.57,12.45,12.53,255122
02/09/2020,12.59,12.59,12.42,12.46,116193
03/09/2020,12.38,12.48,12.04,12.06,134687
04/09/2020,12.12,12.23,11.8,12.01,206092
08/09/2020,11.81,11.9,11.6,11.64,256272
09/09/2020,11.82,11.95,11.82,11.91,121572
10/09/2020,11.92,12,11.71,11.76,108201
11/09/2020,11.9,11.9,11.77,11.81,62140
14/09/2020,11.9,12.01,11.88,12.01,100030
15/09/2020,12.12,12.22,12.01,12.06,146535
16/09/2020,12.15,12.15,12,12.02,111491
17/09/2020,11.92,11.96,11.82,11.86,70469
18/09/2020,11.9,11.9,11.7,11.71,164306
21/09/2020,11.53,11.6,11.28,11.45,219935
22/09/2020,11.39,11.5,11.3,11.49,256233
23/09/2020,11.42,11.43,11.02,11.06,196242
24/09/2020,11,11.2,10.92,11.11,249841
25/09/2020,11.04,11.11,10.93,11.08,45026
28/09/2020,11.2,11.35,11.05,11.14,105496
29/09/2020,11.19,11.26,11.1,11.19,93478
30/09/2020,11.17,11.24,11.1,11.13,154378
01/10/2020,11.06,11.14,10.7,10.79,868925
02/10/2020,10.85,10.9,10.76,10.86,55090
05/10/2020,10.92,11.08,10.92,11,170158
06/10/2020,11.05,11.1,10.83,10.83,125547
07/10/2020,10.95,11.06,10.86,11,116762
08/10/2020,11.05,11.05,10.94,10.97,109186
09/10/2020,11,11.06,10.93,11.03,30572
12/10/2020,11.01,11.05,10.94,11.03,76378
13/10/2020,10.95,10.95,10.81,10.87,51901
14/10/2020,10.85,10.86,10.75,10.82,168883
15/10/2020,10.7,10.79,10.55,10.74,176407
16/10/2020,10.77,10.85,10.67,10.7,116311
19/10/2020,10.82,11.06,10.82,10.88,135730
20/10/2020,10.93,11.13,10.9,11.12,33257
21/10/2020,11.15,11.35,11.12,11.2,121648
22/10/2020,11.19,11.22,11.09,11.2,70422
23/10/2020,11.24,11.25,11.1,11.15,61428
26/10/2020,11.13,11.13,10.94,11,98948
27/10/2020,10.97,10.97,10.83,10.84,232641
28/10/2020,10.65,10.65,10.56,10.56,135792
29/10/2020,10.55,10.72,10.51,10.69,61497
30/10/2020,10.71,10.85,10.68,10.81,32867
02/11/2020,10.95,11,10.77,10.86,85651
03/11/2020,11,11.14,10.95,11.03,123236
04/11/2020,10.96,10.96,10.72,10.75,50349
05/11/2020,10.84,11.06,10.84,11.06,66708
06/11/2020,11.07,11.22,11.04,11.15,45339
09/11/2020,11.43,11.61,11.26,11.33,276877
10/11/2020,11.34,11.48,11.21,11.45,76669
11/11/2020,11.5,11.74,11.46,11.7,220966
12/11/2020,11.69,11.73,11.38,11.41,121510
13/11/2020,11.49,11.57,11.45,11.47,84964
16/11/2020,11.61,11.63,11.4,11.46,139157
17/11/2020,11.46,11.49,11.34,11.46,43207
18/11/2020,11.45,11.54,11.37,11.44,46604
19/11/2020,11.34,11.41,11.27,11.41,89992
20/11/2020,11.41,11.45,11.29,11.43,133299
23/11/2020,11.49,11.6,11.46,11.5,81619
24/11/2020,11.57,11.86,11.54,11.85,245596
25/11/2020,11.84,11.96,11.76,11.96,176809
27/11/2020,11.99,12.02,11.92,11.93,82650
30/11/2020,11.85,11.91,11.73,11.83,145856
01/12/2020,11.91,11.99,11.84,11.86,84788
02/12/2020,11.9,12.18,11.85,12.18,135071
03/12/2020,12.2,12.47,12.2,12.36,250152
04/12/2020,12.42,13.3,12.41,13.24,686940
07/12/2020,13.59,14.36,13.51,14.01,1404812
08/12/2020,14.09,14.09,13.61,13.75,479917
09/12/2020,13.85,13.91,13.22,13.33,510561
10/12/2020,13.41,14,13.41,13.98,522115
11/12/2020,13.99,14.4,13.87,14.35,566653
14/12/2020,15,15.19,14.66,14.7,1079917
15/12/2020,14.75,15.1,14.5,15.05,585816
16/12/2020,15.05,15.1,14.77,14.93,319921
17/12/2020,15,15.02,14.75,14.81,347366
18/12/2020,14.8,15.02,14.8,14.97,215918
21/12/2020,14.68,14.78,14.4,14.76,368319
22/12/2020,14.7,14.84,14.6,14.7,288314
23/12/2020,14.78,15.27,14.6,15.16,384683
24/12/2020,15.24,15.31,15.09,15.18,152236
28/12/2020,15.45,15.69,15.25,15.49,534214
29/12/2020,15.57,15.77,15.22,15.41,283587
30/12/2020,15.46,15.56,15.31,15.39,275966
31/12/2020,15.4,15.45,15.23,15.33,210549
04/01/2021,15.71,15.73,15.33,15.49,347314
05/01/2021,15.47,16.44,15.45,16.43,890955
06/01/2021,16.5,16.6,16.3,16.32,739578
07/01/2021,16.5,16.95,16.38,16.91,521076
08/01/2021,16.95,17.04,16.18,16.4,798059
11/01/2021,16.2,16.32,15.89,16.15,371478
12/01/2021,16.2,16.23,15.58,15.65,769333
13/01/2021,15.76,15.99,15.6,15.95,978375
14/01/2021,16.2,16.44,16.03,16.28,438637
15/01/2021,16.23,16.28,15.55,15.6,458916
19/01/2021,15.63,15.84,15.35,15.47,320309
20/01/2021,15.52,15.77,15.36,15.66,411539
21/01/2021,15.66,15.73,15.22,15.4,459451
22/01/2021,15.16,15.3,15.02,15.11,349804
25/01/2021,15.21,15.35,14.95,15.27,298787
26/01/2021,15.27,15.62,15.25,15.61,448319
27/01/2021,15.12,15.21,14.71,14.83,719329
28/01/2021,14.75,15,14.61,14.84,349963
29/01/2021,14.9,14.9,14.44,14.52,299939
01/02/2021,14.89,16.07,14.75,16,1489141
02/02/2021,16.15,16.15,15.6,15.79,622249
03/02/2021,15.95,16,15.63,15.88,381672
04/02/2021,15.97,15.97,15.68,15.73,284858
05/02/2021,15.84,16.34,15.77,16.3,422015
08/02/2021,16.74,17.19,16.74,17.06,1112605
09/02/2021,17.16,17.39,17,17.18,559857
10/02/2021,17.55,17.78,17.24,17.61,1128341
11/02/2021,18.09,18.15,17.43,17.72,1003977
12/02/2021,17.9,17.96,17.66,17.82,528469
16/02/2021,18.78,19.38,18.71,19.16,2059500
17/02/2021,19.83,19.85,18.68,19.14,1469994
18/02/2021,18.7,18.81,17.77,17.93,1746373
19/02/2021,18.33,18.6,18.04,18.52,1043343
22/02/2021,18.6,18.84,18.48,18.49,1376486
23/02/2021,18.13,18.38,17.49,18.25,1173400
24/02/2021,18.2,18.39,17.84,18.38,985735
25/02/2021,18.65,18.75,18.07,18.35,882957
26/02/2021,17.88,18,17.21,17.5,1133224
01/03/2021,18.14,18.2,17.8,17.98,1034996
02/03/2021,17.93,18.99,17.9,18.92,1851941
03/03/2021,19.08,19.39,18.8,18.91,1080800
04/03/2021,18.93,18.97,17.6,17.69,1081488
05/03/2021,17.85,18.16,16.76,17.87,1060415
08/03/2021,18.01,18.07,17.34,17.41,514726
09/03/2021,17.58,18,17.55,17.77,521040
10/03/2021,18.01,18.14,17.5,17.75,746043
11/03/2021,18.05,18.43,17.98,18.39,567914
12/03/2021,18.35,18.95,18.27,18.93,497801
15/03/2021,19.29,19.8,19.02,19.8,1585304
16/03/2021,20.11,20.71,19.84,20.17,2691526
17/03/2021,20,20.33,19.55,20.33,1280893
18/03/2021,20.55,20.69,19.62,19.68,1084856
19/03/2021,19.8,19.99,19.03,19.44,1386539
22/03/2021,19.79,19.88,19.35,19.44,533274
23/03/2021,19.44,19.46,18.5,18.61,1203286
24/03/2021,18.84,18.96,18.42,18.53,420946
25/03/2021,18.03,18.48,17.89,18.41,757300
26/03/2021,18.75,18.98,18.55,18.95,632399
29/03/2021,19.06,19.13,18.33,18.81,564481
30/03/2021,18.56,18.77,18.38,18.61,437336
31/03/2021,18.51,19.17,18.51,18.83,994413
01/04/2021,19.22,19.61,19.02,19.61,1095363
05/04/2021,20,20.7,19.67,20.55,2742606
06/04/2021,20.9,20.95,20.22,20.39,2037472
07/04/2021,20.45,20.5,19.9,20.03,569027
08/04/2021,20.19,20.44,20.01,20.39,849809
09/04/2021,20.53,20.56,20.02,20.13,598566
12/04/2021,19.91,20,19.26,19.38,1059833
13/04/2021,19.32,19.5,19.07,19.22,678229
14/04/2021,19.22,19.57,19.1,19.15,565189
15/04/2021,19.49,19.55,19.16,19.32,376598
16/04/2021,19.57,19.59,19.07,19.36,318746
19/04/2021,19.42,19.5,19.02,19.15,513803
20/04/2021,19.22,19.33,18.51,18.88,684001
21/04/2021,18.8,19.25,18.65,19.14,505584
22/04/2021,19.18,19.24,18.6,18.77,523800
23/04/2021,18.72,19.1,18.66,19.05,529421
26/04/2021,19.32,19.58,19.05,19.2,780034
27/04/2021,19.33,19.35,19.14,19.35,428458
28/04/2021,19.41,19.85,19.21,19.81,829587
29/04/2021,20.06,20.16,19.54,19.74,854374
30/04/2021,19.74,19.78,19.46,19.61,334353
03/05/2021,19.85,20.74,19.7,20.67,1494384
04/05/2021,20.82,20.82,20.3,20.46,1026824
05/05/2021,20.68,21.48,20.65,21.27,1222094
06/05/2021,21.63,21.66,21.07,21.32,1004074
07/05/2021,21.58,22.39,21.33,22.21,1270861
10/05/2021,22.75,22.89,22.02,22.09,1687383
11/05/2021,21.31,22.07,20.5,21.76,1199594
12/05/2021,21.77,21.81,20.88,20.98,884762
13/05/2021,20.7,21.03,20.21,20.56,900557
14/05/2021,20.85,21.3,20.7,21.22,970002
17/05/2021,21.42,21.75,21.33,21.62,1608873
18/05/2021,22,22.15,21.81,21.95,867719
19/05/2021,21.51,21.59,21.02,21.42,837257
20/05/2021,21.54,21.7,21.3,21.68,421319
21/05/2021,21.79,21.9,21.29,21.35,325237
24/05/2021,21.5,21.5,21.1,21.23,390320
25/05/2021,21.36,21.36,20.98,21.02,348299
26/05/2021,21.11,21.48,21.11,21.37,575505
27/05/2021,21.31,22,21.29,22,1003261
28/05/2021,22.2,22.3,21.66,21.88,745018
01/06/2021,22.31,22.89,22.28,22.79,1074281
02/06/2021,23.08,23.24,22.83,23.02,712819
03/06/2021,22.86,22.93,22.4,22.63,1086464
04/06/2021,22.97,23.34,22.78,23.3,1183756
07/06/2021,23.51,23.84,23.41,23.63,1293197
08/06/2021,23.75,23.75,23.08,23.38,1098836
09/06/2021,23.5,23.52,23.18,23.22,852708
10/06/2021,23.34,23.54,23.07,23.46,534736
11/06/2021,23.64,23.7,23.4,23.47,861299
14/06/2021,23.37,23.4,21.74,21.94,3393195
15/06/2021,22,22.57,21.98,22.53,1686481
16/06/2021,22.64,22.74,22.28,22.4,950655
17/06/2021,22.13,22.38,21.16,21.5,1416079
18/06/2021,21.14,21.41,20.79,20.88,742203
21/06/2021,21.07,21.23,20.6,21.12,1089189
22/06/2021,21.31,21.57,21,21.52,748545
23/06/2021,21.51,21.8,21.36,21.4,981958
24/06/2021,21.68,22.02,21.55,21.95,627389
25/06/2021,22.18,22.38,21.97,22.09,831371
28/06/2021,22.09,22.15,21.65,21.7,937788
29/06/2021,21.6,21.6,21.07,21.08,700752
30/06/2021,21,21.23,20.89,21.2,516571
01/07/2021,21.32,21.5,20.99,21.33,855544
02/07/2021,21.54,21.67,21.1,21.34,576842
06/07/2021,21.32,21.35,20.81,20.82,1295033
07/07/2021,20.83,20.95,20.4,20.68,1513882
08/07/2021,20.18,20.36,19.62,20.14,1169890
09/07/2021,20.14,20.47,20.11,20.42,476962
12/07/2021,20.31,20.45,20.25,20.31,456868
13/07/2021,20.3,20.31,20.02,20.05,724994
14/07/2021,20.24,20.36,19.93,20.04,397817
15/07/2021,19.97,20.26,19.82,20.08,630121
16/07/2021,20.13,20.24,19.42,19.42,1040917
19/07/2021,19,19.04,18.54,18.71,1150338
20/07/2021,18.64,19,18.39,18.93,481698
21/07/2021,19.14,19.74,19.14,19.65,601880
22/07/2021,19.8,19.82,19.36,19.61,609559
23/07/2021,19.6,19.6,19.2,19.38,559402
26/07/2021,19.25,19.59,19.23,19.56,485014
27/07/2021,19.57,19.72,19.13,19.36,367678
28/07/2021,19.3,20.28,19.3,20.21,764217
29/07/2021,20.51,20.61,20.31,20.39,518291
30/07/2021,20.12,20.25,19.89,20.01,591561
02/08/2021,20.21,20.35,19.75,19.79,415684
03/08/2021,19.76,19.79,19.5,19.71,417169
04/08/2021,19.59,19.7,19.18,19.21,389771
05/08/2021,19.21,19.62,19.2,19.4,249431
06/08/2021,19.46,19.49,19.2,19.4,140900
09/08/2021,19.34,19.34,18.96,19.05,430232
10/08/2021,19.06,19.55,19,19.5,372695
11/08/2021,19.7,19.73,19.28,19.51,206137
12/08/2021,19.49,19.61,19.27,19.4,276439
13/08/2021,19.24,19.37,18.97,18.97,237592
16/08/2021,18.81,18.84,18.34,18.5,1024642
17/08/2021,18.21,18.42,18,18.11,775566
18/08/2021,18.21,18.47,18.1,18.21,512581
19/08/2021,17.98,17.98,17.41,17.54,1504835
20/08/2021,17.38,17.84,17.23,17.81,472663
23/08/2021,18.21,18.8,18.12,18.76,575221
24/08/2021,19.07,19.27,19.04,19.12,499980
25/08/2021,19.33,19.42,19.1,19.3,391142
26/08/2021,19.22,19.35,19.02,19.04,251822
27/08/2021,19.24,19.94,19.13,19.82,722610
30/08/2021,20.01,20.26,19.92,20.24,653049
31/08/2021,20.36,21,20.36,20.95,667796
01/09/2021,21.11,21.56,21.01,21.56,836616
02/09/2021,21.98,23,21.98,22.94,2638130
03/09/2021,23.91,24.53,23.51,23.93,3550471
07/09/2021,24.59,25.07,24.49,24.93,2426949
08/09/2021,25.03,25.1,23.96,24.66,1852077
09/09/2021,24.51,24.59,24.05,24.34,896277
10/09/2021,24.69,26.77,24.65,26.34,4317540
13/09/2021,27.71,28.44,27.14,27.17,4639334
14/09/2021,27.41,27.87,25.9,26.93,3836580
15/09/2021,27.7,28.72,27.44,28.68,3751398
16/09/2021,28.27,28.38,27.3,27.73,2637142
17/09/2021,27.6,27.65,24.82,25.56,3521987
20/09/2021,24.13,24.35,23.5,23.88,2786179
21/09/2021,24.8,25.08,24.35,24.39,1950335
22/09/2021,25.1,25.44,24.45,24.46,1294016
23/09/2021,24.7,24.86,23.95,24.59,1358296
24/09/2021,24.22,24.22,22.85,23.1,2991727
27/09/2021,23.57,24.45,23.2,24.36,1972779
28/09/2021,24.14,24.33,23.17,23.68,2275304
29/09/2021,23.8,23.83,23.08,23.33,933072
30/09/2021,23.27,24.25,22.95,23.79,1823940
01/10/2021,23.99,24.36,23.41,24.28,1504341
04/10/2021,24.72,25.54,24.01,24.1,4004450
05/10/2021,24.5,24.8,24,24.37,1815986
06/10/2021,23.77,23.79,23.01,23.53,2181526
07/10/2021,23.73,24.57,23.6,24.44,1518735
08/10/2021,24.42,24.63,23.49,23.61,1408430
11/10/2021,24,24.38,23.88,24.11,913381
12/10/2021,24.24,27.03,24,26.92,6138293
13/10/2021,27.79,29.39,26.72,28.76,6272948
14/10/2021,28.49,28.55,27.44,27.93,3286792
15/10/2021,27.93,28,27,27.52,2170392
18/10/2021,28.31,29.47,28.3,28.82,3609040
19/10/2021,29.64,29.77,28.53,29,2602956
20/10/2021,29.07,29.67,28.3,29.61,1980802
21/10/2021,29.2,29.5,28.3,28.6,1437425
22/10/2021,28.77,28.84,27.61,28.32,1480139
25/10/2021,28.89,29.63,28.85,28.94,1817409
26/10/2021,29.15,29.25,28.4,28.95,1501782
27/10/2021,28.5,28.84,27.31,27.39,2496354
28/10/2021,27.79,27.79,27.18,27.44,2449137
29/10/2021,27.15,27.39,25.94,26.86,2695056
01/11/2021,27.11,27.85,27.05,27.67,1432538
02/11/2021,27.46,27.69,27.01,27.58,1796036
03/11/2021,27.75,29.6,27.7,29.53,4090439
04/11/2021,30.09,30.25,29.01,29.57,2319763
05/11/2021,29.7,29.8,28.73,29.06,2000613
08/11/2021,29.51,31.09,29.45,30.83,3553899
09/11/2021,31.41,31.6,29.7,30.88,2777984
10/11/2021,30.5,30.8,28.84,29.17,2959910
11/11/2021,29.78,30.73,29.24,30.2,2422818
12/11/2021,30.7,30.92,29.87,30.14,1232725
15/11/2021,30.85,30.85,29.34,29.5,1692986
16/11/2021,29.62,29.62,28.2,28.4,2525039
17/11/2021,28.36,29.03,28,28.19,1491546
18/11/2021,28.4,28.62,27.76,28.56,1617911
19/11/2021,28.27,28.28,27.1,27.24,1833706
22/11/2021,27.3,27.35,26.05,26.12,2570667
23/11/2021,26.95,27.99,26.59,27.35,2008933
24/11/2021,27.32,27.51,26.83,27.24,925282
26/11/2021,25.87,26,24.97,25.9,1823246
29/11/2021,26.36,26.62,25.95,26.4,1428458
30/11/2021,25.87,26.28,24.26,25.04,3313990
01/12/2021,25.69,25.86,24.3,24.35,3036783
02/12/2021,24.63,25.36,24.37,25.1,2060827
03/12/2021,25.16,25.48,23.62,23.99,2013486
06/12/2021,23.55,24.23,22.77,23.79,1606696
07/12/2021,24.89,25.63,24.61,25.57,2090067
08/12/2021,25.58,25.85,25.13,25.48,1343897
09/12/2021,25.67,25.84,24.59,24.71,1140228
10/12/2021,24.83,24.96,23.95,24.18,1364806
13/12/2021,24.18,24.37,23.29,23.44,1164054
14/12/2021,22.72,23.39,22.68,23.02,1436685
15/12/2021,22.72,24.34,22.43,24.3,2640522
16/12/2021,25,25.04,23.67,23.85,1137138
17/12/2021,23.39,23.95,23.07,23.46,1278504
20/12/2021,22.85,23.03,22.29,23,1425283
21/12/2021,23.5,24.49,23.39,24.41,1036514
22/12/2021,24.47,24.47,23.84,24.13,1128586
23/12/2021,24.3,24.76,24.15,24.51,969886
27/12/2021,24.68,25.54,24.43,25.49,1606323
28/12/2021,25.64,25.65,24.32,24.48,1674366
29/12/2021,24.27,24.66,23.91,24.14,1035647
30/12/2021,22.95,23.21,22.42,22.46,1858326
31/12/2021,22.53,22.93,22.53,22.82,778239
03/01/2022,23.7,24.57,23.57,24.17,1745489
04/01/2022,24.65,24.78,24,24.6,1704456
05/01/2022,25.17,26.37,24.54,24.75,7939838
06/01/2022,25.28,25.31,23.27,23.39,3862960
07/01/2022,23.59,24.26,23.17,24.21,1962306
10/01/2022,24.2,24.22,23.25,23.78,1561027
11/01/2022,24.05,24.21,23.26,24.08,1072585
12/01/2022,24.37,25.03,24.02,24.18,2015033
13/01/2022,24.5,24.52,23.12,23.2,1843920
14/01/2022,23.2,23.4,22.5,23.04,1981860
18/01/2022,22.75,22.79,21.97,22.03,2330335
19/01/2022,22.42,22.95,22.18,22.56,2079645
20/01/2022,22.59,23.26,22.1,22.13,1734273
21/01/2022,21.84,21.85,20.68,20.75,5642805
24/01/2022,19.59,20.93,18.71,20.77,4279178
25/01/2022,20.45,20.93,19.94,20.81,3249851
26/01/2022,21.3,21.49,19.91,19.97,2704031
27/01/2022,20.12,20.45,19.17,19.23,2187105
28/01/2022,19.18,19.99,19.06,19.97,1881874
31/01/2022,20.07,20.68,19.78,20.66,1812986
01/02/2022,20.69,21.44,20.33,21.23,2308924
02/02/2022,21.66,21.72,20.65,20.89,1111511
03/02/2022,20.25,20.52,19.87,19.92,2289635
04/02/2022,19.91,20.58,19.87,20.51,2750354
07/02/2022,20.53,21.1,20.53,20.98,1666210
08/02/2022,21,21.13,20.68,21.05,1645406
09/02/2022,21.46,22.62,21.46,22.56,2595850
10/02/2022,22.21,22.94,21.93,22.1,2235559
11/02/2022,22,22.29,21.61,21.84,1529361
14/02/2022,21.62,21.9,21.2,21.33,1400122
15/02/2022,21.6,21.8,21.37,21.77,646980
16/02/2022,21.77,21.93,21.51,21.62,743080
17/02/2022,21.62,21.85,21.06,21.19,1050623
18/02/2022,21.28,21.48,20.79,20.84,1011446
22/02/2022,20.75,21.17,20.63,20.91,1200138
23/02/2022,21.37,21.53,20.97,21.03,1315041
24/02/2022,20.57,21.87,20.27,21.83,2716798
25/02/2022,22.27,22.8,21.58,22.71,2507345
28/02/2022,23.25,24.12,23.2,24.11,4890255
01/03/2022,25.06,25.24,23.55,24.07,4739365
02/03/2022,24.51,24.85,24.02,24.68,4416895
03/03/2022,24.93,24.96,23.87,24.23,3069715
04/03/2022,22.44,23.38,22.16,23.27,5668958
07/03/2022,23.92,24.53,23.55,23.76,5069627
08/03/2022,24.32,25.01,23.4,24.66,6016553
09/03/2022,24.68,26.47,24.04,26.04,8487077
10/03/2022,26.5,26.66,25.65,26.39,8119426
11/03/2022,26.18,26.62,25.5,25.64,3251169
14/03/2022,25.3,25.3,23.59,23.94,4297590
15/03/2022,23.27,23.89,22.75,23.67,3054295
16/03/2022,24.2,24.5,23.05,23.95,2252093
17/03/2022,24.42,25.72,24.27,25.61,4339522
18/03/2022,25.76,25.84,25.2,25.65,2217742
21/03/2022,25.95,26.98,25.95,26.49,4151879
22/03/2022,26.84,27.05,26.17,26.77,4713590
23/03/2022,26.89,27.19,26.35,26.38,3759538
24/03/2022,26.74,26.75,26.07,26.72,1879264
25/03/2022,26.52,26.83,26.03,26.25,2293826
28/03/2022,25.89,25.89,25.21,25.52,2599544
29/03/2022,25.2,25.66,24.44,25.59,2742681
30/03/2022,25.89,26.52,25.46,25.69,2124302
31/03/2022,25.93,26.52,25.9,26.16,2235420
01/04/2022,26.4,26.8,25.87,26.07,2135737
04/04/2022,26.28,26.5,25.71,25.84,1454732
05/04/2022,26.09,27.25,25.58,25.68,3394669
06/04/2022,25.47,25.79,25.13,25.75,2823209
07/04/2022,26.1,27.46,26.03,27.26,5959273
08/04/2022,27.75,27.83,27.01,27.5,4218542
11/04/2022,27.39,27.57,26.76,27.29,2398872
12/04/2022,27.7,27.97,27.22,27.39,2612701
13/04/2022,27.99,28.49,27.77,28.34,3637704
14/04/2022,28.34,28.48,27.81,28.05,2838265
18/04/2022,28.18,28.25,27.03,27.17,3596352
19/04/2022,27.3,27.3,26.72,26.86,2370320
20/04/2022,27,27.9,26.32,27.77,4362199
21/04/2022,27.72,27.75,25.26,25.44,6503515
22/04/2022,25.33,25.73,24.04,24.45,5505961
25/04/2022,23.57,24.09,22.93,23.81,5287508
26/04/2022,24,24.09,23.3,23.39,2680187
27/04/2022,23.63,24.16,23.42,23.55,2408663
28/04/2022,23.72,23.87,22.76,23.71,2681773
29/04/2022,23.7,24.4,23.05,23.19,3063709
02/05/2022,22.85,22.94,22.26,22.9,2737669
03/05/2022,22.84,23.58,22.84,23.32,1863619
04/05/2022,23.33,23.99,22.66,23.94,1989314
05/05/2022,24.01,24.28,22.01,22.38,3158474
06/05/2022,22.18,22.33,21.29,21.97,3081239
09/05/2022,21.26,21.26,20,20.13,4207412
10/05/2022,20.56,20.86,19.69,20.11,4257926
11/05/2022,20.16,20.66,19.45,19.47,3163780
12/05/2022,19.18,19.7,18.6,18.97,4659495
13/05/2022,19.6,20.76,19.6,20.27,4083613
16/05/2022,20.39,20.78,20.04,20.48,2480486
17/05/2022,20.9,21.4,20.64,21.38,4227518
18/05/2022,21.14,21.31,20.16,20.39,2054065
19/05/2022,20.19,21.02,20.15,20.74,2418381
20/05/2022,21,21.14,20.32,20.87,1738346
23/05/2022,21,21.52,20.7,21.47,1720156
24/05/2022,20.97,21.16,20.62,21.05,1762227
25/05/2022,20.78,21.29,20.72,21.21,1342800
26/05/2022,21.33,21.86,21.21,21.77,1996080
27/05/2022,22,22.21,21.85,22.19,1414759
31/05/2022,22.5,22.75,21.78,21.94,1557261
01/06/2022,21.94,22.25,21.32,21.54,1588691
02/06/2022,21.5,22.9,21.5,22.69,2590150
03/06/2022,22.41,22.48,22.03,22.14,1436665
06/06/2022,22.5,22.51,22.09,22.23,825819
07/06/2022,22,23.87,21.79,23.56,5410250
08/06/2022,23.95,24.21,23.26,23.5,3662331
09/06/2022,23.37,23.37,22.37,22.39,1473872
10/06/2022,21.85,22.08,21.55,21.95,1791795
13/06/2022,21,21.2,20.04,20.22,3325719
14/06/2022,20.28,20.4,19.25,19.47,3940677
15/06/2022,19.8,20.11,19.24,19.9,1762017
16/06/2022,19.36,19.54,18.78,18.99,2242718
17/06/2022,19,19.31,18.66,18.86,2087833
21/06/2022,19.28,19.76,19.02,19.37,1068303
22/06/2022,18.66,18.8,18.31,18.58,1677836
23/06/2022,18.55,18.58,17.78,18.25,2082120
24/06/2022,18.52,19.76,18.52,19.53,3425309
27/06/2022,19.8,20.2,19.68,19.84,1232973
28/06/2022,20.04,20.21,19.36,19.5,1191928
29/06/2022,19.46,19.51,18.75,18.84,1609403
30/06/2022,18.57,18.7,18.02,18.56,1805237
01/07/2022,18.35,19.11,18.26,19.02,908104
05/07/2022,18.36,18.62,17.95,18.21,2662867
06/07/2022,18.55,18.55,17.65,18.04,3405960
07/07/2022,18.45,19.18,18.45,19.12,2424215
08/07/2022,19.18,19.49,18.97,19.31,823151
11/07/2022,18.95,19.01,18.56,18.64,1445478
12/07/2022,18.42,18.62,18.2,18.29,1624942
13/07/2022,18.05,18.57,17.92,18.36,1040583
14/07/2022,18.2,18.61,17.71,18.56,2654125
15/07/2022,18.76,18.92,18.27,18.8,1508346
18/07/2022,19.21,19.52,19.07,19.14,1075627
19/07/2022,19.32,20.04,19.21,19.94,2235376
20/07/2022,20.16,20.41,19.91,20.27,2946324
21/07/2022,20.14,20.15,19.61,19.93,665267
22/07/2022,20.06,20.13,19.25,19.31,1330036
25/07/2022,19.4,19.74,19.11,19.72,1805829
26/07/2022,19.76,19.94,19.5,19.72,1645801
27/07/2022,20.03,21.14,19.98,21.09,4607902
28/07/2022,21.31,21.47,20.66,21.43,2022808
29/07/2022,21.35,21.67,21.11,21.58,1624575
01/08/2022,21.43,21.43,20.92,21.06,1571199
02/08/2022,20.84,21.33,20.81,21.06,966819
03/08/2022,21.3,21.37,20.73,21.05,954200
04/08/2022,21.04,21.21,20.76,21.05,1159223
05/08/2022,20.71,21.52,20.56,21.33,1563608
08/08/2022,21.6,22.03,21.52,21.62,2015992
09/08/2022,21.68,21.7,20.86,21.06,1004068
10/08/2022,21.47,21.65,21.19,21.6,1231808
11/08/2022,21.61,22.13,21.5,21.53,1898863
12/08/2022,21.63,21.69,21.25,21.6,832853
15/08/2022,21.27,21.27,20.86,21.11,1013996
16/08/2022,21.04,21.32,20.8,21.19,1666584
17/08/2022,20.95,21.11,20.25,20.38,2103263
18/08/2022,20.5,20.59,20.21,20.51,1283599
19/08/2022,20.15,20.22,19.52,19.63,2433301
22/08/2022,19.43,19.61,19.17,19.53,1616416
23/08/2022,19.6,20.34,19.59,20.15,1366647
24/08/2022,21.26,22.55,20.83,22.5,5299588
25/08/2022,22.8,22.94,22.14,22.61,3365995
26/08/2022,22.52,22.53,21.6,21.78,2583623
29/08/2022,21.65,23.69,21.65,23.39,5832400
30/08/2022,23.65,23.76,22.56,23.42,6245415
31/08/2022,22.9,23.57,22.78,23.34,2955478
01/09/2022,22.97,23.01,21.97,22.27,3111588
02/09/2022,22.6,22.72,22.05,22.18,2061522
06/09/2022,23.09,23.46,22.55,22.66,4282798
07/09/2022,22.78,23.06,22.26,22.95,3372865
08/09/2022,22.98,23.88,22.85,23.77,3632880
09/09/2022,24.14,24.34,23.52,23.86,2722188
12/09/2022,24.13,24.15,23.54,23.69,2366711
13/09/2022,22.88,23.45,22.7,22.85,3133888
14/09/2022,22.83,23.57,22.72,23.27,2142351
15/09/2022,23.23,23.27,22.09,22.33,2239349
16/09/2022,21.74,21.98,21.48,21.84,3082491
19/09/2022,21.25,22.07,21.22,21.97,1791922
20/09/2022,21.8,22.08,21.3,21.62,2001190
21/09/2022,21.79,21.79,20.82,21.02,2448272
22/09/2022,21.06,21.29,20.51,20.66,1894830
23/09/2022,20.16,20.16,18.95,19.28,4922717
26/09/2022,19.01,19.56,18.84,19.02,1906804
27/09/2022,19.55,20.05,19.32,19.82,2180606
28/09/2022,19.82,20.72,19.37,20.58,3067119
29/09/2022,20.49,20.49,19.73,19.97,2700858
30/09/2022,19.99,20.32,19.63,19.82,1592801
03/10/2022,20.14,20.74,20.14,20.61,3472354
04/10/2022,21.05,21.53,20.99,21.45,5112235
05/10/2022,21.17,21.45,20.59,21.32,1750657
06/10/2022,21.03,21.41,20.66,20.67,1148283
07/10/2022,20.54,20.79,20.24,20.37,1393680
10/10/2022,20.46,20.47,19.24,19.39,2209476
11/10/2022,19.56,20.09,19.2,19.55,2372249
12/10/2022,19.12,19.47,18.54,19.22,5287853
13/10/2022,18.6,19.74,18.47,19.6,2907097
14/10/2022,19.75,19.8,18.7,18.78,3038557
17/10/2022,19.09,19.89,19.09,19.72,2314152
18/10/2022,20.1,20.28,19.63,19.92,1482525
19/10/2022,19.8,19.87,19.44,19.59,1441547
20/10/2022,19.65,20.33,19.62,19.73,2067794
21/10/2022,19.57,20.45,19.53,20.35,1747226
24/10/2022,20.34,20.36,19.7,20.07,1781309
25/10/2022,20.1,20.59,20.04,20.53,1068232
26/10/2022,20.56,21.24,20.54,21,1516442
27/10/2022,21.32,21.33,20.53,20.57,1805551
28/10/2022,20.59,20.74,20.2,20.67,1092923
31/10/2022,20.33,20.53,19.97,20.2,1806042
01/11/2022,20.69,20.94,20.29,20.3,825965
02/11/2022,20.29,20.54,19.64,19.65,1211627
03/11/2022,19.66,20.11,19.4,19.72,1006293
04/11/2022,20.4,20.49,19.76,20.24,1471096
07/11/2022,20.45,20.91,20.14,20.8,1657153
08/11/2022,20.85,21.5,20.63,21.2,2692663
09/11/2022,21,21.05,20.09,20.13,2409049
10/11/2022,21,21.22,20.7,21.22,1799328
11/11/2022,21.41,21.98,21.27,21.76,1948740
14/11/2022,21.73,21.8,21.31,21.47,726702
15/11/2022,21.84,21.91,21.51,21.65,1105284
16/11/2022,21.4,21.52,20.76,20.77,1819678
17/11/2022,20.35,20.61,20.16,20.48,2462145
18/11/2022,20.49,20.63,20.28,20.54,1488402
21/11/2022,20.26,20.4,19.81,20.06,1849857
22/11/2022,20.48,20.67,20.25,20.65,881033
23/11/2022,20.59,20.98,20.51,20.96,727221
25/11/2022,21,21.1,20.73,20.92,399518
28/11/2022,20.6,20.73,20.11,20.17,1249290
29/11/2022,20.29,20.57,20.28,20.44,809616
30/11/2022,20.62,21.57,20.62,21.49,3206568
01/12/2022,21.56,21.68,20.94,20.94,1444628
02/12/2022,20.87,21.03,20.61,21.01,1486793
05/12/2022,20.84,21.01,19.97,20,2346090
06/12/2022,20.1,20.11,19.37,19.49,2231427
07/12/2022,19.41,19.66,19.21,19.43,1516230
08/12/2022,19.74,19.99,19.59,19.85,1780742
09/12/2022,19.85,20.12,19.58,19.6,1582778
12/12/2022,19.69,19.87,19.64,19.84,1690278
13/12/2022,20.26,20.38,19.77,19.85,1408768
14/12/2022,19.88,19.97,19.54,19.76,1566832
15/12/2022,19.5,19.5,19.22,19.36,1774564
16/12/2022,19.32,19.54,19.26,19.49,3603262
19/12/2022,19.5,19.51,19.01,19.07,1992075
20/12/2022,19.09,19.42,19,19.28,2425519
21/12/2022,19.44,19.88,19.44,19.86,1688409
22/12/2022,19.81,19.83,19.14,19.46,2661122
23/12/2022,19.51,19.89,19.39,19.81,1209769
27/12/2022,19.96,20.34,19.84,20.19,1847118
28/12/2022,20.12,20.12,19.6,19.61,1731426
29/12/2022,19.82,19.96,19.7,19.92,553054
30/12/2022,19.78,20.14,19.5,20.08,1099481
03/01/2023,20.19,20.32,19.92,20.02,1580148
04/01/2023,20.11,20.23,19.85,20.08,1576714
05/01/2023,19.99,20.17,19.68,20.11,1053119
06/01/2023,20.42,21.22,20.23,21.17,2652266
09/01/2023,21.51,21.96,21.49,21.54,2398511
10/01/2023,21.62,21.89,21.43,21.85,1095649
11/01/2023,22.02,22.22,21.62,21.87,1247868
12/01/2023,22.04,22.07,21.57,22.02,1198648
13/01/2023,21.92,22.18,21.78,22.14,1042819
17/01/2023,22.14,22.16,21.76,21.83,1457198
18/01/2023,22,22.21,21.33,21.34,2184500
19/01/2023,21.14,21.72,21.04,21.68,1554322
20/01/2023,21.83,22.33,21.53,22.3,2980798
23/01/2023,22.4,22.67,22.21,22.56,2300137
24/01/2023,22.48,22.71,22.31,22.65,1511279
25/01/2023,22.41,22.85,22.16,22.79,1973526
26/01/2023,23,23.07,22.49,22.73,1989713
27/01/2023,22.68,23.32,22.56,23.14,1961128
30/01/2023,23.08,23.64,23,23.21,2661520
31/01/2023,23.15,23.25,22.88,23.03,1703303
01/02/2023,23,23.76,22.77,23.52,1961829
02/02/2023,23.75,23.86,22.93,23.15,4831777
03/02/2023,22.95,22.95,22.11,22.16,4794856
06/02/2023,22.14,22.14,21.59,21.73,2210478
07/02/2023,21.73,22.27,21.67,22.22,2013787
08/02/2023,22.14,22.3,21.9,21.92,2570973
09/02/2023,22.66,22.95,22.3,22.39,2333596
10/02/2023,22.56,22.72,22.31,22.64,2087902
13/02/2023,22.63,22.63,22.27,22.42,1317720
14/02/2023,22.35,22.79,22.14,22.7,1251991
15/02/2023,22.31,22.66,22.29,22.63,1017928
16/02/2023,22.4,22.65,22.14,22.25,1836348
17/02/2023,22.05,22.16,21.74,22.1,2496497
21/02/2023,21.95,21.95,21.23,21.23,2774172
22/02/2023,21.2,21.33,20.86,21.03,1628929
23/02/2023,21.23,21.34,20.94,21.22,830801
24/02/2023,20.97,21.09,20.72,20.96,2333600
27/02/2023,20.96,21.18,20.78,21.09,1146526
28/02/2023,21.19,21.21,20.81,20.93,992243
01/03/2023,21.08,21.43,21.08,21.41,1057852
02/03/2023,21.31,21.31,21.05,21.26,737580
03/03/2023,21.29,21.82,21.2,21.67,1247806
06/03/2023,21.56,21.56,20.89,20.93,1328312
07/03/2023,20.85,20.96,20.09,20.21,2416925
08/03/2023,20.25,20.38,20.05,20.16,1310836
09/03/2023,20.26,20.47,19.94,20.09,1959573
10/03/2023,20,20.15,19.61,19.63,2970275
13/03/2023,19.6,20.09,19.18,19.66,2429708
14/03/2023,19.72,19.77,19.32,19.47,1563429
15/03/2023,19.2,19.2,18.31,18.79,5652577
16/03/2023,18.79,19.14,18.49,19,1922158
17/03/2023,19,19.27,18.79,19.14,2939587
20/03/2023,19.29,19.4,19.11,19.22,904791
21/03/2023,19.35,19.52,19.2,19.41,1250626
22/03/2023,19.38,19.6,19.05,19.11,1007564
23/03/2023,19.05,19.38,18.73,18.84,1129735
24/03/2023,18.58,18.69,18.41,18.67,890196
27/03/2023,18.76,18.96,18.65,18.88,1031271
28/03/2023,18.92,19.33,18.89,19.29,1210687
29/03/2023,19.52,19.69,19.36,19.58,854521
30/03/2023,19.81,20.03,19.8,19.94,937104
31/03/2023,20,20,19.82,19.93,545361
03/04/2023,20.23,20.33,19.87,19.99,1092774
04/04/2023,19.94,19.96,19.37,19.55,974676
05/04/2023,19.25,19.38,18.95,19.05,1440620
06/04/2023,19.05,19.14,18.79,19.07,1052491
10/04/2023,19.01,19.2,18.81,19.14,886214
11/04/2023,19.26,19.59,19.26,19.47,1235984
12/04/2023,19.61,19.73,19.39,19.5,1777111
13/04/2023,19.61,20.24,19.61,20.08,1867985
14/04/2023,20.14,20.14,19.65,19.86,1218265
17/04/2023,19.88,19.93,19.6,19.72,769132
18/04/2023,19.75,19.83,19.48,19.66,946094
19/04/2023,19.57,19.57,19.3,19.45,1499461
20/04/2023,19.3,19.4,19.23,19.31,652743
21/04/2023,19.3,19.3,19.05,19.18,944781
24/04/2023,19.13,19.26,19.1,19.16,741346
25/04/2023,18.98,19.3,18.92,19.23,1152398
26/04/2023,19.18,19.7,19.15,19.23,1322217
27/04/2023,19.29,19.63,19.26,19.59,1136485
28/04/2023,19.65,20.08,19.38,20,2053797
01/05/2023,19.97,20.1,19.68,19.72,1203426
02/05/2023,19.51,19.59,19.15,19.27,1658825
03/05/2023,19.25,19.52,19.17,19.29,1319794
04/05/2023,19.3,19.5,19.3,19.41,579796
05/05/2023,19.57,20.23,19.57,20.13,1518978
08/05/2023,20.21,20.39,20.21,20.27,1186695
09/05/2023,20.12,20.8,20.01,20.72,2566889
10/05/2023,20.99,21.12,20.68,20.97,2332823
11/05/2023,20.62,20.81,20.17,20.28,1155089
12/05/2023,20.29,20.46,20.12,20.32,926813
15/05/2023,20.39,20.5,20.29,20.34,561392
16/05/2023,20.3,20.3,19.8,19.83,1014171
17/05/2023,19.87,20.09,19.78,20.02,1010121
18/05/2023,20,20.08,19.83,20.06,479895
19/05/2023,20.02,20.34,20.02,20.11,903076
22/05/2023,20.06,21,20.06,20.7,1904596
23/05/2023,20.58,20.7,20.31,20.44,951422
24/05/2023,20.2,20.31,19.94,20.08,926968
25/05/2023,19.96,20.02,19.67,19.76,1024330
26/05/2023,19.84,19.95,19.56,19.75,1336746
30/05/2023,19.61,19.72,19.04,19.28,1958486
31/05/2023,19.25,20.04,18.97,19.89,2106890
01/06/2023,20.04,21.44,19.9,21.1,4169348
02/06/2023,21.45,21.59,21.21,21.31,1552456
05/06/2023,21.35,21.85,21.35,21.62,1379741
06/06/2023,21.49,21.64,21.11,21.62,1839245
07/06/2023,21.6,21.81,21.35,21.37,1381471
08/06/2023,21.38,21.98,21.32,21.9,1152028
09/06/2023,21.92,21.93,21.52,21.9,805093
12/06/2023,21.92,22.6,21.83,22.58,2214236
13/06/2023,22.95,23.25,22.31,22.52,3467650
14/06/2023,22.5,22.58,21.96,22.23,2303641
15/06/2023,22.08,22.53,22.02,22.43,1270801
16/06/2023,22.42,22.62,22.35,22.55,897119
20/06/2023,22.5,22.57,22.12,22.41,977974
21/06/2023,22.41,22.45,22.14,22.31,539181
22/06/2023,22.15,22.19,21.75,21.86,1368846
23/06/2023,21.51,21.62,21.25,21.31,1061089
26/06/2023,21.26,21.54,21.26,21.33,1082269
27/06/2023,21.34,21.42,21.11,21.21,653804
28/06/2023,21.13,21.54,21.08,21.36,723926
29/06/2023,21.18,21.64,21.13,21.49,948124
30/06/2023,21.68,21.8,21.55,21.7,545306
03/07/2023,21.63,21.8,21.5,21.6,474736
05/07/2023,21.59,21.6,21.21,21.38,961780
06/07/2023,21,21.08,20.32,20.39,3491880
07/07/2023,20.45,21,20.39,20.86,730299
10/07/2023,20.75,21.19,20.72,21.14,1117631
11/07/2023,21.3,21.62,21.18,21.58,1126788
12/07/2023,21.76,22.01,21.73,21.78,1026566
13/07/2023,22.02,22.48,21.93,22.4,1290087
14/07/2023,22.41,22.41,21.68,21.71,1018383
17/07/2023,21.58,21.95,21.47,21.88,1166805
18/07/2023,21.71,22.31,21.71,22.22,977526
19/07/2023,22.37,22.44,22.06,22.2,942635
20/07/2023,22.18,22.18,21.81,21.99,822280
21/07/2023,22.1,22.1,21.65,21.69,955139
24/07/2023,21.67,22.07,21.63,21.84,794231
25/07/2023,22.1,22.54,21.9,22.35,1873525
26/07/2023,22.29,22.35,21.78,22.09,1714544
27/07/2023,22.25,22.25,21.49,21.55,1017537
28/07/2023,21.79,22.07,21.69,21.98,1469556
31/07/2023,22.22,22.8,22.17,22.7,2217744
01/08/2023,22.65,22.66,22.26,22.54,1440809
02/08/2023,22.33,22.33,21.41,22.02,1487682
03/08/2023,21.79,22.18,21.77,22.04,827299
04/08/2023,22.2,22.53,22.06,22.3,728735
07/08/2023,22.53,22.75,22.35,22.47,956869
08/08/2023,22.21,22.43,21.84,22.43,835682
09/08/2023,22.43,22.58,22.21,22.47,1675505
10/08/2023,22.73,23.09,22.37,22.47,1395470
11/08/2023,22.45,22.9,22.3,22.87,1076632
14/08/2023,22.76,22.81,22.32,22.65,870964
15/08/2023,22.57,22.57,22,22.05,1184418
16/08/2023,22,22.27,21.92,21.99,1047397
17/08/2023,22.05,22.19,21.87,21.93,1190246
18/08/2023,21.78,22.45,21.69,22.38,2427350
21/08/2023,22.6,23.2,22.57,23.13,2876324
22/08/2023,23.25,23.35,22.95,23.25,1390087
23/08/2023,23.1,23.6,23.1,23.5,1453077
24/08/2023,23.46,23.46,23.05,23.1,1505797
25/08/2023,23.28,23.57,22.86,23.52,1453225
28/08/2023,23.68,23.82,23.62,23.78,1812106
29/08/2023,23.7,23.82,23.54,23.77,1775733
30/08/2023,23.65,24.28,23.65,24.05,1658408
31/08/2023,24.14,24.2,23.64,24.01,1689222
01/09/2023,24.33,24.5,24.14,24.31,2529173
05/09/2023,24.5,24.92,24.4,24.86,3551656
06/09/2023,24.69,24.87,24.24,24.49,2227483
07/09/2023,24.14,24.47,24.09,24.4,1522336
08/09/2023,24.55,24.61,24.18,24.5,1092470
11/09/2023,24.73,25,24.72,24.91,2311773
12/09/2023,24.72,25.11,24.7,24.9,1943137
13/09/2023,25.03,25.7,24.96,25.66,2218584
14/09/2023,26.15,26.8,26.01,26.45,6504782
15/09/2023,26.62,27.27,26.58,26.7,4474546
18/09/2023,26.78,26.86,26.26,26.78,2815987
19/09/2023,27.03,27.14,26.25,26.35,2117755
20/09/2023,26.49,27.04,26.31,26.36,1883319
21/09/2023,25.92,26.23,25.71,25.87,1613996
22/09/2023,26.11,27.13,26.11,26.79,3662572
25/09/2023,27.08,28.06,26.85,28.01,4806582
26/09/2023,27.75,27.85,27.1,27.2,2997584
27/09/2023,27.53,27.77,26.43,27.15,3405321
28/09/2023,27.53,28.42,27.48,28.04,4554119
29/09/2023,28.25,28.29,27,27.04,3419844
02/10/2023,26.9,26.99,25.8,26.07,4104325
03/10/2023,25.66,26.26,25.34,25.39,4348688
04/10/2023,25.37,25.39,24.45,25.18,4433781
05/10/2023,25.03,25.88,25.03,25.8,2594706
06/10/2023,25.73,26.48,25.48,26.16,1579421
09/10/2023,26.04,26.15,25.07,25.73,2180428
10/10/2023,26.04,26.45,25.84,26.2,2672938
11/10/2023,26.27,26.27,25.44,25.68,1764174
12/10/2023,25.8,25.8,24.87,25.21,1498096
13/10/2023,25.16,25.45,24.97,25.3,1331472
16/10/2023,25.4,25.59,24.72,24.87,2106974
17/10/2023,24.77,25.66,24.71,25.38,2063913
18/10/2023,25.39,25.75,25.08,25.41,1631652
19/10/2023,25.39,26.17,25.01,25.85,5918866
20/10/2023,26,26.07,25.28,25.69,3671932
23/10/2023,25.23,25.98,24.88,25.66,2017390
24/10/2023,25.71,26.4,25.71,26.27,1956588
25/10/2023,26.35,26.88,26.31,26.45,2377563
26/10/2023,26.2,26.4,25.41,25.82,2117560
27/10/2023,26,26,25.21,25.28,1832957
30/10/2023,25.58,25.9,25.26,25.76,1996528
31/10/2023,26,26.92,25.94,26.84,3141447
01/11/2023,27.13,27.35,26.67,27.08,3329793
02/11/2023,27.33,27.65,27.05,27.41,1658461
03/11/2023,27.58,27.63,26.77,27,2196110
06/11/2023,27.17,27.23,26.18,26.26,1798336
07/11/2023,26.18,26.89,25.73,26.67,2632397
08/11/2023,26.8,26.8,25.85,26.06,1762157
09/11/2023,26.2,27.09,26.15,26.69,2485826
10/11/2023,26.69,27,26.15,26.86,2385095
13/11/2023,26.86,27.93,26.86,27.67,3045897
14/11/2023,27.96,28.17,27.5,28.08,1891149
15/11/2023,28.2,28.2,27.34,27.65,2245871
16/11/2023,27.63,28.16,27.42,28.05,2545077
17/11/2023,28.34,28.77,28.27,28.65,2097927
20/11/2023,28.89,29.12,28.6,29.12,1668934
21/11/2023,29.15,29.27,28.31,28.71,2500301
22/11/2023,28.51,28.88,28.24,28.81,1568393
24/11/2023,28.99,29.46,28.88,29.07,1057170
27/11/2023,29,29.18,28.65,29.03,1306779
28/11/2023,29.13,29.16,28.62,28.83,2326485
29/11/2023,28.89,28.9,27.83,27.86,2987941
30/11/2023,27.81,29.04,27.66,28.96,3286224
01/12/2023,28.99,29.49,28.85,28.94,1826025
04/12/2023,29.15,29.52,29.02,29.39,2222062
05/12/2023,29.29,29.29,28.64,28.76,1792451
06/12/2023,28.8,29.18,28.41,28.48,2392882
07/12/2023,28.44,28.64,27.98,28.49,2630474
08/12/2023,28.4,28.95,28.36,28.78,1359588
11/12/2023,28.98,28.98,28.41,28.73,1460271
12/12/2023,28.76,29.13,28.39,29.09,1863062
13/12/2023,29.17,29.18,27.96,28.78,3072942
14/12/2023,29.09,29.86,28.32,29.76,3663375
15/12/2023,29.79,29.85,28.91,29.01,1885314
18/12/2023,29.45,30.28,29.3,29.65,3018872
19/12/2023,29.39,29.54,28.51,28.6,3175361
20/12/2023,28.63,28.98,28.22,28.25,2178163
21/12/2023,28.68,29.32,28.58,29.28,1791539
22/12/2023,29.52,30.1,29.38,29.52,1591845
26/12/2023,29.56,29.95,29.42,29.92,1713109
27/12/2023,29.89,29.94,29.44,29.46,1383231
28/12/2023,27.51,27.94,27.23,27.46,3485909
29/12/2023,27.57,27.79,27.44,27.69,1082361
02/01/2024,27.43,27.61,27,27.13,2953532
03/01/2024,26.93,27.24,26.61,26.83,1615484
04/01/2024,26.79,27.35,26.77,27.2,1424000
05/01/2024,27.09,27.42,26.94,26.96,1378560
08/01/2024,27.27,27.5,26.91,27.36,2471242
09/01/2024,27.39,28.65,27.04,28.47,6103430
10/01/2024,29.05,29.29,28.66,28.79,4372232
11/01/2024,28.93,29.39,28.37,29.39,3379724
12/01/2024,30.7,31.69,30.64,31.48,6849601
16/01/2024,31.84,32,30.95,31.23,5300811
17/01/2024,30.63,30.89,30.05,30.61,3702289
18/01/2024,30.99,31.04,30.16,30.78,2032270
19/01/2024,30.83,30.84,29.83,30.43,2639619
22/01/2024,30.27,30.32,29.51,29.52,2633418
23/01/2024,29.72,30.5,29.59,30.33,2327718
24/01/2024,30.7,30.92,29.99,30.01,1814468
25/01/2024,30.19,30.19,29.27,29.47,2383158
26/01/2024,29.55,29.73,29.12,29.59,1836047
29/01/2024,29.57,30.1,28.91,30.03,2834044
30/01/2024,29.96,30.65,29.76,30.55,2226709
31/01/2024,30.74,31.02,30.2,30.32,3313623
01/02/2024,31.62,32.6,31.5,32.21,5170911
02/02/2024,32.09,32.16,31.36,31.52,2586656
05/02/2024,31.55,31.55,30.59,31.01,2100384
06/02/2024,31.23,31.37,30.87,30.95,1557538
07/02/2024,31.25,31.42,30.83,31.3,2526548
08/02/2024,31.36,31.37,29.72,30,5395625
09/02/2024,29.85,30.25,29.61,29.77,2683783
12/02/2024,29.77,29.98,29.43,29.76,2600716
13/02/2024,29.5,29.5,28.69,28.8,3232290
14/02/2024,29.28,29.39,28.81,29.25,2052183
15/02/2024,29.29,29.49,28.93,29.2,3160146
16/02/2024,29.13,29.33,28.94,28.96,1988112
20/02/2024,28.96,29.14,27.94,28.06,3980598
21/02/2024,27.88,28.57,27.58,28.35,4452875
22/02/2024,28.3,28.49,27.67,27.73,2277235
23/02/2024,27.57,27.73,26.94,26.98,5198393
26/02/2024,27,27.65,26.83,27.54,4976874
27/02/2024,27.55,28.39,27.51,28.01,3076356
28/02/2024,28.21,28.21,27.38,27.52,2601497
29/02/2024,27.93,28.18,27.09,27.46,4401041
01/03/2024,27.37,28.62,27.37,28.29,4285421
04/03/2024,28.64,28.76,27.66,27.7,3070857
05/03/2024,27.9,28.12,27.44,27.55,2847854
06/03/2024,27.75,28.27,27.75,28.01,2648570
07/03/2024,28.22,29.36,28.01,29.35,4663594
08/03/2024,29.46,29.46,27.84,28.06,4624233
11/03/2024,28.06,28.1,27.8,28.04,3238729
12/03/2024,27.99,28.42,27.65,28.15,2501179
13/03/2024,28.33,28.65,27.16,27.33,4394307
14/03/2024,27.35,27.55,26.77,27.43,4213723
15/03/2024,27.69,28.3,27.43,27.89,3542456
18/03/2024,28.16,28.34,27.74,28.19,2646177
19/03/2024,28,28,27.31,27.79,3554473
20/03/2024,27.91,28.83,27.55,28.7,3408877
21/03/2024,29.01,29.13,28.69,28.94,2138430
22/03/2024,28.97,29.22,28.62,28.85,1703763
25/03/2024,28.93,29.32,28.36,28.38,2043284
26/03/2024,28.44,28.72,28.01,28.38,1594599
27/03/2024,28.38,28.59,28.08,28.56,2032819
28/03/2024,28.72,29.06,28.51,28.83,2091983
01/04/2024,29.35,30.13,28.96,30.12,4167074
02/04/2024,30,30.52,29.43,30.39,3680760
03/04/2024,30.42,31.51,30.4,31.38,4498963
04/04/2024,31.48,31.48,30.11,30.21,3765336
05/04/2024,30.44,31.02,30.06,30.54,2573559
08/04/2024,30.85,30.85,29.83,30.35,2061097
09/04/2024,30.6,30.7,29.76,30.04,2974676
10/04/2024,29.76,30.37,29.22,30.34,2928687
11/04/2024,30.4,31.04,29.78,30.91,3570205
12/04/2024,30.95,31.49,29.93,30.22,3661776
15/04/2024,30.43,30.9,29.35,29.45,5752509
16/04/2024,28.97,29.24,28,28.89,4359424
17/04/2024,29.2,29.73,28.81,29,3020432
18/04/2024,29.2,29.33,28.77,28.88,1865909
19/04/2024,28.72,29.16,28.59,28.83,1534395
22/04/2024,28.88,29.29,28.48,28.99,2325939
23/04/2024,28.8,29.42,28.52,29.23,1440869
24/04/2024,29.2,29.42,28.85,29.05,1528019
25/04/2024,28.6,29.39,28.54,29.18,1745590
26/04/2024,29.2,29.72,28.88,29.5,2688789
29/04/2024,29.91,30.56,29.68,30.38,3749746
30/04/2024,30.12,30.12,28.73,28.77,4081398
01/05/2024,29.9,30.32,29.4,29.67,3264702
02/05/2024,30.09,30.79,29.83,30.55,4319835
03/05/2024,30.97,31,30.26,30.83,1974042
06/05/2024,31,31.9,31,31.72,3047038
07/05/2024,31.95,32.5,31.66,31.74,3677139
08/05/2024,31.5,31.52,30.57,30.97,3409640
09/05/2024,31.05,31.86,31.05,31.82,2210074
10/05/2024,32,32.08,31.01,31.22,3054098
13/05/2024,31.49,31.53,30.81,30.85,2683847
14/05/2024,31.01,31.27,30.96,31.14,2623310
15/05/2024,31.4,31.69,30.96,31.46,2253750
16/05/2024,31.58,31.68,31.22,31.52,1969569
17/05/2024,31.55,32.99,31.42,32.65,8717319
20/05/2024,33.08,33.66,32.75,33.21,5473561
21/05/2024,33.29,33.53,33.02,33.12,4002328
22/05/2024,32.98,32.98,31.78,32,4749859
23/05/2024,32.29,32.31,31.28,31.44,2600376
24/05/2024,31.72,32.41,31.46,32,3017387
28/05/2024,32.4,32.81,32.02,32.48,7128334
29/05/2024,32.11,32.23,31.38,32.17,4304344
30/05/2024,31.81,32.57,31.81,32.07,2079097
31/05/2024,32.39,32.96,31.87,32.24,2731144
03/06/2024,32.25,32.28,31.26,31.56,2444591
04/06/2024,31.2,31.24,30.26,30.68,5224224
05/06/2024,31.01,31.27,30.42,30.55,3140496
06/06/2024,30.77,31.43,30.72,31.15,2451522
07/06/2024,30.95,30.95,29.91,29.96,2287391
10/06/2024,30.02,30.59,30.02,30.31,1592639
11/06/2024,29.85,29.94,28.78,28.98,3806940
12/06/2024,29.62,30.1,29.36,29.89,3294499
13/06/2024,29.8,30.3,29.77,29.94,3138149
14/06/2024,29.84,30,29.46,29.56,1741478
17/06/2024,29.48,29.74,29.15,29.36,1827332
18/06/2024,29.5,30.26,29.39,30.09,2711243
20/06/2024,30.25,30.29,29.83,30.13,2587095
21/06/2024,29.84,29.97,29.33,29.63,2073206
24/06/2024,29.68,29.8,29.08,29.16,2045791
25/06/2024,29.04,29.13,28.56,28.86,2706379
26/06/2024,28.75,29.25,28.75,29.1,3588384
27/06/2024,29.27,29.7,29.13,29.58,2322283
28/06/2024,29.85,29.95,28.74,28.95,2459265
01/07/2024,29.02,29.23,28.86,29.14,1174964
02/07/2024,29.2,29.24,28.58,28.9,1532415
03/07/2024,29.47,30,29.45,29.83,2185358
05/07/2024,29.93,29.98,29.21,29.69,1494580
08/07/2024,29.65,29.79,29.28,29.43,1586101
09/07/2024,29.34,29.9,29.31,29.72,1757034
10/07/2024,29.68,31.15,29.66,31.04,5605396
11/07/2024,31.34,31.44,31.04,31.26,2108738
12/07/2024,31.28,31.52,30.97,31.18,1657204
15/07/2024,31.29,31.29,30.65,30.84,1748321
16/07/2024,30.88,30.88,30.22,30.45,4036477
17/07/2024,30.33,30.35,28.94,29.1,4566458
18/07/2024,29.26,29.28,28.31,28.4,3144064
19/07/2024,28.18,28.57,28,28.2,3311404
22/07/2024,28.35,28.66,28,28.45,2004116
23/07/2024,28.39,28.41,27.92,28.26,1526564
24/07/2024,28.1,28.24,27.45,27.47,2462608
25/07/2024,27.04,27.28,26.41,26.95,3840807
26/07/2024,27.28,27.68,27.26,27.54,2735480
29/07/2024,27.5,27.6,26.88,27.05,1703577
30/07/2024,27.17,27.41,26.85,27.28,4621246
31/07/2024,27.79,28.56,27.47,28.34,4811290
01/08/2024,27.76,27.93,25.9,26.15,4538031
02/08/2024,25.54,25.55,24.35,24.52,6292672
05/08/2024,22.9,24.04,22.79,23.94,6976718
06/08/2024,24.14,24.55,23.65,24.11,5135691
07/08/2024,24.78,25.14,24.21,24.24,4442093
08/08/2024,24.36,24.77,24.27,24.69,1787358
09/08/2024,24.8,25,24.52,24.72,1450454
12/08/2024,24.81,25.42,24.59,24.81,1589828
13/08/2024,24.86,25.05,24.71,25.03,1396736
14/08/2024,25.15,25.49,25.07,25.15,1081424
15/08/2024,25.47,25.82,25.3,25.51,2744393
16/08/2024,25.6,25.63,25.1,25.32,2467842
19/08/2024,25.29,25.92,25.26,25.44,2671212
20/08/2024,25.51,25.83,25.4,25.64,1595855
21/08/2024,25.66,25.97,25.59,25.73,2017567
22/08/2024,25.59,25.83,25,25.09,2549763
23/08/2024,26,27.24,25.99,26.81,7801902
26/08/2024,27.22,27.55,26.65,26.75,4215912
27/08/2024,26.66,27.02,26.1,26.83,3160165
28/08/2024,26.47,26.58,25.66,25.9,2824647
29/08/2024,26,26.02,25.48,25.64,2806845
30/08/2024,25.59,25.92,25.51,25.9,1717222
03/09/2024,25.37,25.46,24.05,24.23,5101308
04/09/2024,24.01,24.75,24.01,24.55,3343775
05/09/2024,24.43,24.5,24.06,24.06,1604346
06/09/2024,24,24.05,22.89,23.18,3087347
09/09/2024,23.55,23.73,23.42,23.59,1881482
10/09/2024,23.61,24.12,23.59,24.1,1638652
11/09/2024,24.1,25.47,23.98,25.34,5577505
12/09/2024,25.6,26.02,25.51,25.81,2466655
13/09/2024,25.91,25.99,25.21,25.43,3049194
16/09/2024,25.48,25.65,25.18,25.61,2229596
17/09/2024,25.72,25.74,25.18,25.27,2246096
18/09/2024,25.16,25.89,25.03,25.18,1511649
19/09/2024,25.98,26.25,25.6,26.1,2648646
20/09/2024,27.19,27.52,26.79,27.18,5392780
23/09/2024,27.4,28.26,27.26,28,5204297
24/09/2024,28.77,28.93,28.41,28.83,3722883
25/09/2024,28.66,29.07,28.42,28.88,2270031
26/09/2024,29.34,29.72,28.98,29.14,3259416
27/09/2024,29.16,29.52,28.89,29.1,2408707
30/09/2024,29.07,29.27,28.36,28.61,3000943
01/10/2024,28.78,29.63,28.78,29.25,2194613
02/10/2024,29.53,29.9,29.32,29.87,2205265
03/10/2024,30.2,30.25,29.42,29.66,3183306
04/10/2024,29.87,30.37,29.57,30.32,2689363
07/10/2024,30.3,30.34,29.48,29.85,2156364
08/10/2024,29.55,30.01,29.26,30,1967507
09/10/2024,29.9,29.9,29.29,29.46,2056128
10/10/2024,29.28,29.65,29.11,29.57,1171205
11/10/2024,29.36,30.03,29.26,30,1788043
14/10/2024,30.01,30.21,29.65,30.17,2337835
15/10/2024,30.31,30.42,29.61,30.23,1970446
16/10/2024,30.76,32.51,30.62,32.35,9074855
17/10/2024,32.95,33.32,32.38,32.76,5217363
18/10/2024,33,33.75,32.5,33.46,4181829
21/10/2024,33.91,33.99,33.03,33.25,3322288
22/10/2024,33.24,33.27,32.04,32.75,3975983
23/10/2024,32.37,32.48,31.11,31.57,3394395
24/10/2024,31.79,32.17,31.35,31.77,2275575
25/10/2024,31.89,32.14,31.41,31.56,2030319
28/10/2024,31.4,32.35,31.02,32.18,2973666
29/10/2024,32.21,32.24,31.61,31.82,2117744
30/10/2024,31.82,31.99,31.29,31.3,2106500
31/10/2024,31.05,31.2,30.24,30.73,3621189
01/11/2024,31.07,31.52,30.43,30.56,2025752
04/11/2024,30.16,30.2,29.28,29.87,3871070
05/11/2024,30.18,30.32,29.78,30.01,2074613
06/11/2024,30.61,30.82,29.77,30.32,4696920
07/11/2024,30.76,31.78,30.62,31.52,3747144
08/11/2024,31.46,31.52,30.65,31,2908530
11/11/2024,31.01,31.02,29.98,30.52,3004911
12/11/2024,29.89,30.95,29.53,30.72,3971442
13/11/2024,31.25,31.3,29.97,30.16,2371944
14/11/2024,30.2,30.66,30.06,30.4,1891794
15/11/2024,30.24,31.59,29.66,30.3,7659604
18/11/2024,31,32.47,30.92,31.89,5308890
19/11/2024,32.28,32.61,31.6,32.51,3981894
20/11/2024,32.5,32.52,31.62,31.97,3231306
21/11/2024,32.18,33.16,31.8,33.1,3154863
22/11/2024,33.44,33.56,32.48,33.12,2811078
25/11/2024,33.3,33.32,31.84,32.07,4078046
26/11/2024,32,32.28,31.7,31.76,2743864
27/11/2024,31.81,32.2,31.65,31.79,961067
29/11/2024,31.79,33.06,31.79,32.35,1920751
02/12/2024,32.93,32.93,31.64,31.91,2389165
03/12/2024,32.09,32.09,31.26,31.89,2317075
04/12/2024,31.97,32.39,31.35,31.68,2046913
05/12/2024,31.5,32.16,31.3,31.95,2361249
06/12/2024,31.77,32.22,31.62,31.8,1337171
09/12/2024,32.1,32.15,30.32,30.37,3094046
10/12/2024,30.73,30.73,30.12,30.36,1820751
11/12/2024,30.44,30.88,30.01,30.85,1509908
12/12/2024,30.68,30.75,30,30.1,2198142
13/12/2024,30.1,30.29,29.36,29.39,2366638
16/12/2024,29.06,29.18,28.61,28.91,2844938
17/12/2024,28.6,28.78,28.18,28.71,2991467
18/12/2024,28.8,29.19,27.64,27.8,2985118
19/12/2024,28,28.28,27.71,28.05,2563616
20/12/2024,27.6,28.39,27.35,27.97,2158534
23/12/2024,27.9,28.37,27.81,28.26,1588851
24/12/2024,28.15,28.25,27.57,28.08,825761
26/12/2024,27.9,28.28,27.73,28.09,1642109
27/12/2024,27.96,28.26,27.6,28.1,3352851
30/12/2024,27.17,27.17,26.67,26.83,3008989
31/12/2024,26.88,27.15,26.6,26.78,2119358
02/01/2025,27.06,28.28,26.98,28.11,5680896
03/01/2025,28.48,28.9,28.11,28.84,3252512
06/01/2025,29.12,30.05,29.12,29.28,2744651
07/01/2025,29.61,29.67,28.08,28.21,2928098
08/01/2025,28,28.04,27.18,27.84,2618710
10/01/2025,27.75,27.75,27.08,27.17,1816448
13/01/2025,26.86,27.48,26.67,27.1,2225863
14/01/2025,27.2,27.58,27.05,27.2,1117638
15/01/2025,27.6,27.94,27.38,27.65,2094938
16/01/2025,27.65,27.89,27.22,27.36,2861036
17/01/2025,27.68,28.32,27.36,28.03,3719960
21/01/2025,28.24,29.19,28.21,29.18,4452598
22/01/2025,29.75,30.9,29.52,30.35,6595937
23/01/2025,30.35,31.22,30.1,30.98,3086177
24/01/2025,31.1,31.6,30.45,30.53,4003174
27/01/2025,28.74,28.76,26.93,27.1,7226151
28/01/2025,27.46,27.59,26.96,27.58,3878448
29/01/2025,27.72,28.45,27.69,28.36,2219215
30/01/2025,28.61,29.13,28.58,28.92,1819861
31/01/2025,29.08,29.35,28.21,28.31,2571681
03/02/2025,27.6,28.42,27.21,27.99,2936488
04/02/2025,28.45,29.05,28.34,28.91,1974806
05/02/2025,28.84,29.27,28.61,28.98,1889838
06/02/2025,28.98,29.16,28.11,28.36,1874300
07/02/2025,28.7,29.7,28.56,29.1,1896378
10/02/2025,29.42,29.67,29.01,29.1,1744062
11/02/2025,28.9,29.27,28.6,28.6,1594172
12/02/2025,28.18,29.42,28.14,28.94,1942421
13/02/2025,28.95,29.04,28.46,28.96,1418873
14/02/2025,28.96,28.99,27.96,28.03,2282551
18/02/2025,28.28,28.33,27.82,28.2,1797077
19/02/2025,27.94,27.95,27.13,27.38,2459387
20/02/2025,27.54,27.73,27.02,27.25,2253866
21/02/2025,27.2,27.22,25.9,26.06,4395347
24/02/2025,25.92,26.08,25.26,25.66,3076712
25/02/2025,25.58,25.58,24.66,25.18,8187485
26/02/2025,25.41,26.08,25.38,25.71,3042355
27/02/2025,26.09,26.3,24.69,24.72,7609665
28/02/2025,24.45,24.93,24.07,24.8,2930063
03/03/2025,25.26,25.28,23.3,23.49,4114370
04/03/2025,23.25,24.55,22.91,24.05,4286595
05/03/2025,24.44,24.71,24.05,24.67,2403254
06/03/2025,24.37,24.78,23.99,24.22,3049141
07/03/2025,24.04,24.16,23.44,23.94,4209866
10/03/2025,23.47,23.56,22.78,23.11,3798656
11/03/2025,23,23.93,22.84,23.66,3916465
12/03/2025,24.26,24.38,23.67,23.84,3293687
13/03/2025,23.82,23.92,23.29,23.51,2312202
14/03/2025,23.88,24.18,23.67,23.9,2995589
17/03/2025,24.04,24.78,24.04,24.64,2917722
18/03/2025,24.45,24.58,24.11,24.45,2464117
19/03/2025,24.57,25.32,24.54,25.19,2547245
20/03/2025,24.84,25.78,24.76,25.38,2547584
21/03/2025,25.05,25.23,24.72,25,3243441
24/03/2025,25.38,25.58,25.13,25.39,2250823
25/03/2025,25.43,25.44,24.58,24.87,2563607
26/03/2025,24.66,24.83,24.21,24.29,1655638
27/03/2025,24.24,24.24,23.53,23.64,3892963
28/03/2025,23.48,23.67,23.02,23.1,2297688
31/03/2025,22.73,22.95,22.47,22.92,3496935
01/04/2025,22.98,23.31,22.51,23.08,2931893
02/04/2025,22.77,23.3,22.61,23.17,1569746
03/04/2025,22.15,22.84,22.05,22.46,3278702
04/04/2025,21.51,21.69,20,20.82,6023719
07/04/2025,20.2,21.88,19.5,20.51,4747768
08/04/2025,21.47,21.73,19.98,20.26,3350564
09/04/2025,20.21,22.33,20.11,22.12,5249354
10/04/2025,21.91,22.08,21.17,21.59,2572320
11/04/2025,21.87,22.84,21.85,22.65,2235972
14/04/2025,23,23.22,22.48,22.84,1803171
15/04/2025,22.93,23.26,22.65,22.73,1402248
16/04/2025,22.49,23.31,22.49,22.71,6430372
17/04/2025,22.83,23.28,22.78,22.87,2482818
21/04/2025,22.95,23.14,22.12,22.45,2314355
22/04/2025,22.5,22.95,22.5,22.66,2046841
23/04/2025,23.38,24,23.38,23.66,3488399
24/04/2025,23.98,24.62,23.94,24.59,2102228
25/04/2025,24.39,24.51,24.2,24.45,1632545
28/04/2025,24.58,25.13,24.46,25.05,2483084
29/04/2025,25.19,25.49,25.02,25.13,1404469
30/04/2025,24.55,25.1,24.47,25,1766624
01/05/2025,25.38,25.6,25.07,25.31,2573422
02/05/2025,25.74,26.09,25.74,25.84,3360007
05/05/2025,25.75,25.79,25.38,25.65,1670062
06/05/2025,25.23,26.46,25.2,26.39,4911499
07/05/2025,26.44,26.94,26.32,26.77,2640826
08/05/2025,27.17,27.29,26.63,26.68,2266870
09/05/2025,26.71,27.22,26.46,27.16,2465134
12/05/2025,27.71,27.82,27.17,27.29,2211863
13/05/2025,27.34,28,27.3,27.84,3082168
14/05/2025,27.96,28.31,27.86,28.15,2212220
15/05/2025,27.92,28.09,27.57,28.01,2131299
16/05/2025,28.05,28.16,27.57,27.71,2220237
19/05/2025,27.28,27.89,27.26,27.81,2081668
20/05/2025,28,28.18,27.71,28.01,2324410
21/05/2025,28.15,28.92,28.15,28.23,3499995
22/05/2025,28.15,28.92,28.15,28.23,38236
23/05/2025,30.5,32.05,30.16,31.83,13822380
27/05/2025,32.8,33.25,32.58,32.97,7235994
28/05/2025,32.54,33.4,32.54,32.9,5179455
29/05/2025,33.02,33.26,32.11,32.26,4304689
30/05/2025,31.71,32.14,31.52,32.01,3531731
02/06/2025,31.89,32.24,31.73,31.87,2105294
03/06/2025,33.22,33.22,32.3,32.74,4902351
04/06/2025,33.16,33.27,32.45,33.08,2625705
05/06/2025,33.33,33.62,32.94,33.17,2464335
06/06/2025,33.41,33.65,32.93,33.64,2570961
09/06/2025,34.3,35.69,34.28,35.18,7088611
10/06/2025,35.28,35.4,33.68,34.05,5384110
11/06/2025,34.46,36.14,34.33,35.87,5887424
12/06/2025,35.8,36.73,35.65,36.01,4325918
13/06/2025,35.21,36.46,35.17,36.13,3657224
16/06/2025,38.27,39.3,37.83,38.07,9045524
17/06/2025,38.12,38.25,37.17,37.56,3762849
18/06/2025,37.7,38.05,37.36,37.77,3171346
20/06/2025,37.69,37.74,36.7,36.77,4081148
23/06/2025,37,37.99,36.81,37.54,3654409
24/06/2025,37.78,38.77,37.74,38.67,3207896
25/06/2025,38.9,38.9,37.77,37.84,3454161
26/06/2025,38.27,38.96,37.72,38.71,2983608
27/06/2025,39.2,39.28,37.72,38.07,2987942
30/06/2025,38.75,38.99,37.93,38.81,2683161
01/07/2025,38.35,38.42,37.27,37.42,3018218
02/07/2025,37.5,37.78,37.02,37.71,2594294
03/07/2025,37.86,38.21,37.23,37.9,1409941
07/07/2025,37.49,38,36.76,37.98,3165784
08/07/2025,38.17,38.17,36.57,37.02,3388591
09/07/2025,36.66,36.87,36.33,36.73,3749128
10/07/2025,36.58,37.17,36.2,37.03,2489132
11/07/2025,36.56,37.71,36.53,37.51,2577134
14/07/2025,37.6,38.99,37.41,38.97,4108689
15/07/2025,39.26,39.42,38.36,39.18,4448445
16/07/2025,39.24,40.05,38.73,39.99,4524054
17/07/2025,39.95,40.66,39.65,40.42,3561575
18/07/2025,40.66,41.21,40.22,40.93,2955033
21/07/2025,41.6,41.6,39.87,40.14,4686678
22/07/2025,40.19,40.42,39.22,40.22,3275334
23/07/2025,40.4,41.21,40.19,41.21,3189708
24/07/2025,41,42.22,40.91,42.16,3031841
25/07/2025,41.72,42.03,41.07,41.83,3086281
28/07/2025,41.57,41.57,40.47,40.99,4676172
29/07/2025,41,41.35,40.13,40.25,3149550
30/07/2025,40.12,40.78,39.64,40.09,2748590
31/07/2025,40.4,40.4,39.07,39.36,3994218
01/08/2025,38,38.47,37.04,38.22,6222041
04/08/2025,38.64,39.52,38.48,39.49,2243782
05/08/2025,39.87,40.56,39.43,40.43,4026151
06/08/2025,40.89,41.69,40.59,41.19,3584217
07/08/2025,41.22,41.43,39.84,40.59,3201358
08/08/2025,40.62,41.4,39.83,39.95,2146627
11/08/2025,39.97,40.37,39.01,39.63,2524948
12/08/2025,39.53,40.51,39.38,40.41,1838835
13/08/2025,40.56,40.68,38.84,39.45,4508665
14/08/2025,38.98,39.56,38.75,39.03,2343569
15/08/2025,39.05,39.12,38.03,39.01,2198756
18/08/2025,38.78,39.2,38.46,39.2,2086229
19/08/2025,39.02,39.02,36.85,36.96,4624607
20/08/2025,36.38,36.8,35.64,36.45,4876002
21/08/2025,36.69,37.29,36.66,37.18,2553943
22/08/2025,37.85,39.59,37.73,39.44,4819866
25/08/2025,39.67,39.89,39.1,39.49,2983282
26/08/2025,39.68,41.26,39.58,40.45,4208765
27/08/2025,40.48,40.48,39.67,39.68,3385595
28/08/2025,40.01,41.33,39.91,40.98,4539525
29/08/2025,41.95,42.58,40.33,40.67,4206668
02/09/2025,39.44,40.65,39.03,40.62,3257452
03/09/2025,41.09,41.77,40.75,41.34,2811390
04/09/2025,41.16,41.37,40.2,40.4,2857339
05/09/2025,41.16,41.16,39.67,40.73,3998943
08/09/2025,41.4,41.68,40.78,41.53,2551019
09/09/2025,41.5,42.41,41.3,41.97,3623093
10/09/2025,42.2,42.87,41.99,42.22,3368425
11/09/2025,42.25,43.09,41.82,42.65,2897979
12/09/2025,42.45,42.48,41.67,42.05,2440241
15/09/2025,42.5,45.99,42.1,45.98,7549774
16/09/2025,46.03,46.04,43.95,44.36,4728374
17/09/2025,44.33,44.78,43.68,44.55,5087471
18/09/2025,45.2,46.18,44.24,45.72,5184105
19/09/2025,45.97,49.5,45.61,49.43,7652712
22/09/2025,49.22,50.76,47.96,50.4,7490932
23/09/2025,50.48,50.89,49.42,50.36,6716783
24/09/2025,50.85,51.39,48.48,48.59,6725780
25/09/2025,46.9,49.43,46.35,49.17,5596907
26/09/2025,48.7,49.98,48.02,48.41,3468423
29/09/2025,49.49,49.71,48.41,48.71,3110092
30/09/2025,48.68,48.87,47.67,47.67,4393241
01/10/2025,48.26,48.73,47.66,48.26,5739888
02/10/2025,49.38,50.25,48.14,50.2,5412355
03/10/2025,50.3,50.53,48.7,49.6,4383206
06/10/2025,50.73,52.65,50.65,51.21,6453150
07/10/2025,51.96,53.28,50.26,51.21,6827881
08/10/2025,51.75,52.17,50.39,51.02,3598850
09/10/2025,51.94,52.37,50.45,51.49,4826299
10/10/2025,51.9,55.44,51.51,51.87,10393318
13/10/2025,54.95,57.15,54.73,55.49,10167232
14/10/2025,55.15,58.53,53.03,56.96,10409474
15/10/2025,59.6,60.51,55.59,58.11,10108711
16/10/2025,59.51,59.76,55.51,55.74,10342486
17/10/2025,53.12,54.9,51.86,53.31,10826912
20/10/2025,54.25,54.4,51.96,53.42,5710601
21/10/2025,51.8,52.27,49.53,49.9,8926014
22/10/2025,48.42,49.61,47.15,48.94,10410731
23/10/2025,49.31,50.25,48.4,49.94,5705908
24/10/2025,51.04,51.93,50.43,51.5,7204651
27/10/2025,52.21,52.31,49.47,50.76,6155889
28/10/2025,53.65,56.11,52.93,55.02,11733050
29/10/2025,55.43,58.04,54.78,56.47,6867796
30/10/2025,55.52,56.8,54.56,56.19,4906534
31/10/2025,56.5,56.61,54.27,55.12,3744302
03/11/2025,54.72,54.86,52.45,52.58,5524590
04/11/2025,50.5,51.44,49.7,49.73,6739095
05/11/2025,50.03,50.79,49.37,50.04,6458726
06/11/2025,49.36,49.8,46.88,47.14,8395048
07/11/2025,45,47.85,44.44,47.82,9282973
10/11/2025,49.84,50.14,47.9,48.9,5641438
11/11/2025,48.11,48.11,46.82,47.44,4048852
12/11/2025,47.82,48.62,46.97,47.64,3571274
13/11/2025,47.19,47.61,45.02,45.34,5815226
14/11/2025,43.27,45.67,42.95,44.75,6922748
17/11/2025,44,44.87,43.14,43.72,4260136
18/11/2025,42.88,44.36,42.62,43.73,7124057
19/11/2025,44.4,45.83,43.93,45.14,4452114
20/11/2025,46.48,46.61,42.04,42.11,4707067
21/11/2025,42.01,42.01,39.95,41.59,6643496
24/11/2025,41.55,43.43,41.48,43.29,4847688
25/11/2025,43.1,44.03,41.91,43.91,4350310
26/11/2025,44.36,44.97,44.01,44.79,2837543
28/11/2025,45.07,45.56,44.85,45.28,2063110
01/12/2025,44.4,45,43.93,44.2,2553427
02/12/2025,44.34,45.79,44.28,45.26,3006750
03/12/2025,45.42,46.66,44.85,46.62,3066554
04/12/2025,46.59,49.55,46.17,49.2,6317340
05/12/2025,49.4,49.5,47.65,47.92,4778687
08/12/2025,48.18,48.38,47.32,47.81,2518420
09/12/2025,47.25,48.58,47.07,48.13,2836715
10/12/2025,48.01,48.01,46.18,47.69,4162091
11/12/2025,47.43,49.16,47,49,3713442
12/12/2025,49.12,49.12,45.55,46.05,7071473
15/12/2025,46.45,47.02,44.61,44.63,4716343
16/12/2025,44.17,44.89,43.66,44.27,3511242
17/12/2025,44.38,44.71,42.63,42.71,3870145
18/12/2025,43.41,44.24,43.27,43.96,4395910
19/12/2025,44.15,46.39,44.15,45.89,6181996
22/12/2025,46.64,47.3,46.13,46.18,3972184
23/12/2025,46.12,47.3,45.9,46.56,3752011
24/12/2025,46.56,46.68,45.93,46.56,1392910
26/12/2025,46.54,46.55,45.48,45.88,2218390
29/12/2025,45.42,46.95,45.32,45.74,2761925
30/12/2025,43.7,43.8,42.75,42.81,4670622
31/12/2025,42.85,43.23,42.54,42.73,2986583
02/01/2026,43.48,46.21,43.43,46.06,6890558
05/01/2026,47.45,48.77,46.66,48.63,9591770
06/01/2026,48.99,49.6,48.16,49.37,6424368
07/01/2026,48.96,49.9,48.65,49.83,5041194
08/01/2026,49.44,49.73,48.76,49.51,3394638
09/01/2026,51.81,52.79,49.89,50.31,8560480
12/01/2026,51.13,52.05,50.42,51.76,4596141
13/01/2026,52.2,52.25,50.62,50.77,4358496
14/01/2026,51.15,52.98,50.24,52.59,6224008
15/01/2026,52.65,53.93,52.11,52.78,7281961
16/01/2026,53.34,54.91,53,54.4,6690079
20/01/2026,54.51,55.87,53.56,54.12,11129396
21/01/2026,56.29,56.79,54.29,56.15,8429023
22/01/2026,56.71,57.2,55.8,56.56,5864091
23/01/2026,57.25,57.44,56.15,57,4069121
26/01/2026,58.14,58.95,54.65,54.93,10895608
27/01/2026,55.62,57.99,54.88,57.85,7436999
28/01/2026,59.18,61.82,58.47,61.81,12582863
29/01/2026,62.13,62.28,56.36,59.33,14166757
30/01/2026,57.4,58.71,53.7,54.99,10691219
02/02/2026,54.6,55.63,52.65,53.27,7607500
03/02/2026,55.55,56.92,54.55,56.28,7165198
04/02/2026,56.54,56.86,50.28,52.39,9087566
05/02/2026,50,51.6,49.11,49.11,6526634
06/02/2026,50.65,52.25,50.12,52.16,5906693
09/02/2026,51.95,54.94,51.76,54.9,7144367
10/02/2026,54.84,55.05,53.35,53.5,3805026
11/02/2026,54.6,55.06,51.91,53.71,3242481
12/02/2026,54.24,54.24,51.33,51.75,5248376
13/02/2026,51.65,52.64,50.38,51.91,4035523
17/02/2026,51,51.77,49.59,51.32,5207578
18/02/2026,51.66,53.65,51.6,52.99,3093142
19/02/2026,52.26,54.17,51.82,53.92,4572785
20/02/2026,53.99,55.37,53.09,54.36,3340178
23/02/2026,53.55,54.23,52.7,53.44,5925510
24/02/2026,53.1,54.99,51.97,54.95,7835472
25/02/2026,56,56.4,55.02,55.19,4269532
26/02/2026,54.77,54.94,52.95,54.87,3656859
27/02/2026,54.35,54.78,53.51,54.34,2363698
02/03/2026,53.55,56.67,53.4,56.45,5623041
03/03/2026,52.64,52.75,49.73,52,7294413
04/03/2026,52.02,53.23,50.93,52.77,4186667
05/03/2026,51.89,52.04,48.88,50.06,6012402
06/03/2026,48.79,50.58,48.34,48.78,3848217
09/03/2026,47.67,51.11,47.45,51.07,4285677
10/03/2026,51.26,53.7,51.26,52.31,4411741
11/03/2026,51.99,52.57,50.79,51.36,2801491
12/03/2026,50.99,51.41,49.65,50.77,2712814
13/03/2026,51.59,52.18,49.23,49.29,4582511
16/03/2026,49.98,50.32,48.84,49.95,3393322
17/03/2026,50.25,51.28,49.75,50.52,2299935
18/03/2026,50.04,50.33,49.04,49.07,2963720
19/03/2026,47.59,48.72,46.31,48.27,5074977
20/03/2026,48.61,48.88,45.77,46.44,5130126
23/03/2026,47.28,48.83,46.94,48.15,5262858
24/03/2026,46.94,48.31,46.6,48.19,2331606
25/03/2026,49.64,50.14,48.73,48.95,3502915
26/03/2026,47.92,48.44,46.65,46.7,2465894
27/03/2026,46.42,47.42,45.97,46.63,3240364
30/03/2026,47.06,47.25,44.76,45.29,3172005
31/03/2026,46.01,48.44,46,48.43,4734354
01/04/2026,49.53,50.83,49.06,49.26,4066317
02/04/2026,47.01,49.16,46.54,48.9,2833212
06/04/2026,49.09,49.43,47.99,48.61,2208722
07/04/2026,48.3,48.46,46.84,47.95,2171854
08/04/2026,52,52.8,50.57,51.4,3685899
09/04/2026,50.73,51.62,50.06,50.93,1695930
10/04/2026,51.13,52.11,50.85,50.96,2040708
13/04/2026,50.37,52.18,49.77,52.18,2693717
14/04/2026,53.03,53.27,52.29,52.84,3001508
15/04/2026,53.72,55.47,53.32,54.84,5080724
16/04/2026,55.47,55.99,54.68,55.27,3913857
17/04/2026,56.44,57.29,55.08,55.86,7875841
20/04/2026,55.02,56.12,54.16,56.05,3979151
21/04/2026,56.4,56.42,53.66,53.74,3641102
22/04/2026,54.87,57.77,54.78,57.73,6090197
23/04/2026,58.17,58.97,55.28,56.47,5694660
24/04/2026,57.36,57.44,55.26,55.31,3112892
27/04/2026,55.75,57.02,55.4,56.7,4047291
28/04/2026,55.62,56.03,53.78,54.23,3027401
29/04/2026,54.6,54.62,52.65,52.89,2320215
30/04/2026,53.7,56.48,53.52,56.42,3614705
01/05/2026,55.99,55.99,54.79,55.84,2872088
04/05/2026,55.18,55.97,54.17,54.77,3218080
05/05/2026,55.56,56.2,53.78,54.2,3090725
06/05/2026,55.34,58.31,54.75,58.26,5834712
07/05/2026,58.16,58.63,55.78,56.26,5426233
08/05/2026,56.54,56.82,54.91,55.18,5210324
11/05/2026,55.61,58.12,55.33,57.23,4701413
12/05/2026,55.71,55.71,52.61,54.35,6031596
13/05/2026,54.06,54.2,52.49,53.31,3610230
14/05/2026,53.49,53.5,51.55,52.5,3336830
15/05/2026,50.85,50.88,49.78,49.93,4557819
18/05/2026,50.05,50.37,48.04,48.68,3970384
19/05/2026,47.96,48.11,46.56,47.2,3571021
20/05/2026,47.53,48.48,47.01,48.04,3032405
21/05/2026,47.94,49.43,47.68,48.86,3413031
22/05/2026,49.47,49.92,48.76,48.96,2796143
26/05/2026,50.48,51.08,50.11,50.86,4315201
27/05/2026,50.27,50.51,49.28,50.16,3502305
28/05/2026,49.38,50.96,48.97,50.75,3688038
29/05/2026,50.7,51.16,49.46,50.76,3911803
01/06/2026,49.98,51.21,49.1,50.54,3283167
02/06/2026,49.99,53.51,49.77,53.42,7165155
03/06/2026,52.68,52.68,49.88,50.39,5017557
04/06/2026,50.14,50.64,49.52,50.28,2538771
05/06/2026,49.3,49.45,44.97,45.31,7618001
08/06/2026,46.66,46.83,45.76,45.92,2910649
09/06/2026,46.29,46.4,42.42,44.12,6646715
10/06/2026,43.91,44.48,42.23,42.35,5642157
11/06/2026,42.79,44.93,42.6,44.83,4815679
12/06/2026,45.21,45.99,44.84,45.52,3103363
15/06/2026,47.51,48.63,47.46,48.06,5194529
16/06/2026,48.24,49.42,47.47,47.87,2806806
17/06/2026,47.8,48.71,47.02,47.1,2865048
18/06/2026,47.91,48.43,47.21,47.78,3972693
22/06/2026,47.08,47.32,46.31,46.8,2763358
23/06/2026,44.91,47.17,44.25,45.58,3436164
24/06/2026,45.41,45.46,43.94,44.72,2689396
25/06/2026,45.28,45.66,43.71,43.92,2830956
26/06/2026,43.14,44.26,42.79,43.59,2175241
29/06/2026,44.06,44.18,42.88,43.93,2519891
30/06/2026,43.8,43.81,42.87,43.7,2448155
01/07/2026,43.88,44.87,43.03,43.18,3576349
02/07/2026,43.58,44.95,42.55,43.23,3998000
06/07/2026,43.76,44.58,43.76,43.88,1597298
07/07/2026,42.84,42.9,41.19,41.75,3863664
08/07/2026,41.03,41.76,40.52,41.66,2300371
09/07/2026,41.93,42.55,41.74,42.35,2417582
10/07/2026,42.92,43.38,42.47,42.97,2105101
13/07/2026,42,42.21,40.45,40.72,2801275
14/07/2026,41.18,41.83,41.13,41.55,1860126
15/07/2026,41.47,41.79,40.04,40.9,2944919
16/07/2026,40.34,40.34,38.8,39.11,3980615
17/07/2026,38.23,39.31,37.73,38.73,2592396
20/07/2026,38.8,39.04,38.41,38.67,2187158
21/07/2026,39.18,40.27,39.11,40.25,4177890
22/07/2026,40.75,41.53,40.69,40.97,3014070
23/07/2026,40.88,41.46,40.48,41.13,2968490
24/07/2026,40.92,41.1,39.56,39.89,2717334
27/07/2026,40.42,41.17,39.59,40.32,2923369
28/07/2026,39.38,39.4,37.88,38.95,3197576
29/07/2026,38.49,38.85,37.18,37.52,3327300
30/07/2026,38.38,39.83,38.25,39.72,2823537
31/07/2026,40.4,40.45,38.48,39.07,3556026
03/08/2026,39.29,40.98,38.97,40.81,2782719
04/08/2026,41.66,43.03,41.55,42.49,5838885
05/08/2026,43.22,43.32,42.56,42.89,6029243
06/08/2026,42.83,43.84,42.29,43.2,2337229
07/08/2026,44.24,45.12,43.73,44.91,3680584
10/08/2026,44.93,45.04,44.22,44.38,3099129
11/08/2026,44.81,45.49,44.68,45.17,2851050
12/08/2026,45.9,45.98,45.06,45.2,1671468
13/08/2026,45.4,45.75,44.82,45.25,3225397
14/08/2026,45.3,45.94,44.79,44.93,1693083
17/08/2026,45.03,46,44.59,45.25,2008881
18/08/2026,44.24,44.8,43.16,43.62,2962246
19/08/2026,44.33,45.03,43.97,45.01,2319257
20/08/2026,44.31,44.62,43.29,43.84,3012843
21/08/2026,44.65,46.19,44.6,46.07,4157955
24/08/2026,46.1,46.39,45.2,45.69,2655367
25/08/2026,46.61,48.48,46.34,48.14,4240902
26/08/2026,48.5,50.09,47.85,48.05,5982345
27/08/2026,48.26,48.6,47.66,48.37,3482960
28/08/2026,48.35,48.55,45.48,45.57,6306927
31/08/2026,45.61,45.85,45.27,45.51,2039021
01/09/2026,44.27,44.63,43.55,43.94,2895061
02/09/2026,44,44.84,43.57,44.32,5299769
03/09/2026,45.31,45.98,45.19,45.7,2526117
04/09/2026,45.32,46.12,45.13,46.06,2655584
08/09/2026,46.9,48.32,46.65,47.5,4669368
09/09/2026,47.18,47.76,46.6,46.86,2162286
10/09/2026,45.59,46,44.85,45,2822912
11/09/2026,45.13,45.27,43.53,43.53,2865294