VHT,,,,,
Date,Open,High,Low,Close,Volume
30/01/2004,49.95,50.05,49.75,50.05,28700
02/02/2004,50.1,50.8,49.98,50.57,8700
03/02/2004,50.55,50.89,50.5,50.89,7300
04/02/2004,50.78,51.12,50.76,50.93,8600
05/02/2004,50.93,50.93,50.45,50.66,16300
06/02/2004,50.67,51.01,50.5,50.98,6800
09/02/2004,50.9,50.92,50.7,50.74,44500
10/02/2004,50.6,51.01,50.6,50.93,8300
11/02/2004,50.98,51.46,50.8,51.43,11000
12/02/2004,51.42,51.5,51.15,51.15,16000
13/02/2004,51.26,51.26,50.92,51.05,3400
17/02/2004,51.34,51.35,51.2,51.27,11100
18/02/2004,51.37,51.39,50.95,51.05,12700
19/02/2004,51.28,51.33,50.75,50.79,5100
20/02/2004,50.85,50.85,50.39,50.57,4100
23/02/2004,50.6,50.6,50.13,50.31,5200
24/02/2004,50.25,50.6,50.11,50.47,3400
25/02/2004,50.4,50.63,50.4,50.61,5400
26/02/2004,50.54,50.71,50.35,50.65,4300
27/02/2004,50.65,50.79,50.62,50.68,5600
01/03/2004,50.66,50.85,50.43,50.82,7900
02/03/2004,50.76,50.88,50.5,50.71,5600
03/03/2004,50.42,50.87,50.29,50.86,4000
04/03/2004,50.88,51.11,50.81,51.11,5500
05/03/2004,50.96,51.43,50.96,51.35,8700
08/03/2004,51.47,51.62,51.33,51.33,13300
09/03/2004,51.25,51.25,50.58,50.7,6600
10/03/2004,50.7,50.7,49.87,49.88,13400
11/03/2004,49.5,49.71,49.03,49.03,9700
12/03/2004,49.17,49.38,49.06,49.38,4600
15/03/2004,49.33,49.33,48.74,48.75,14100
16/03/2004,49.15,49.15,48.75,48.76,5100
17/03/2004,49.14,49.15,48.95,49.12,4700
18/03/2004,48.95,49.14,48.62,49.08,2500
19/03/2004,48.85,48.85,48.26,48.43,6700
22/03/2004,48.1,48.1,47.62,47.74,7000
23/03/2004,47.94,47.94,47.7,47.76,3600
24/03/2004,47.87,47.87,47.47,47.47,3800
25/03/2004,47.65,48.1,47.61,48.08,4700
26/03/2004,47.97,48.15,47.97,48.05,5400
29/03/2004,48.28,48.77,48.28,48.74,4600
30/03/2004,48.79,48.83,48.5,48.69,5500
31/03/2004,48.78,48.96,48.74,48.96,7200
01/04/2004,49.4,49.4,49.27,49.27,2400
02/04/2004,50.05,50.06,49.86,49.86,4400
05/04/2004,50.14,50.59,50.14,50.59,7900
06/04/2004,50.45,50.45,50.18,50.38,5100
07/04/2004,50.35,50.38,50.18,50.24,1500
08/04/2004,50.55,50.57,49.85,49.85,4900
12/04/2004,50.1,50.23,49.85,50.23,3800
13/04/2004,50.41,50.51,49.75,49.81,6900
14/04/2004,49.56,50.21,49.56,50.04,6800
15/04/2004,50.21,50.96,50.21,50.9,7700
16/04/2004,50.92,51.31,50.88,51.15,5700
19/04/2004,51.25,51.25,51.09,51.2,2500
20/04/2004,51.28,51.28,50.61,50.61,8500
21/04/2004,51.13,51.26,50.91,51.26,2500
22/04/2004,51.11,51.58,51.03,51.58,5100
23/04/2004,51.51,51.51,51.2,51.36,2100
26/04/2004,51.58,51.8,51.3,51.42,8500
27/04/2004,51.6,51.81,51.4,51.4,6400
28/04/2004,51.45,51.45,50.8,50.87,7000
29/04/2004,50.9,50.96,50.47,50.49,2500
30/04/2004,50.62,50.65,50.6,50.65,1700
03/05/2004,50.67,51.54,50.67,51.22,36100
04/05/2004,51.1,51.37,50.85,51,2100
05/05/2004,51,51.52,51,51.52,2000
06/05/2004,51.34,51.34,50.84,51.13,2300
07/05/2004,51.2,51.24,50.71,50.8,11100
10/05/2004,50.21,50.38,49.63,49.84,4400
11/05/2004,50,50.1,49.79,49.95,30800
12/05/2004,49.9,50.09,49.34,50.09,7400
13/05/2004,50.22,50.33,50.06,50.06,4100
14/05/2004,50.15,50.4,49.54,50.18,23300
17/05/2004,49.5,50,49.45,49.85,3400
18/05/2004,50.05,50.1,49.86,49.97,3000
19/05/2004,50.15,50.23,49.57,49.57,2300
20/05/2004,49.51,49.51,49.15,49.26,2800
21/05/2004,49.3,49.3,49.23,49.23,1100
24/05/2004,49.47,49.47,48.85,48.85,10600
25/05/2004,49.03,49.75,49.03,49.75,1300
26/05/2004,49.97,49.98,49.85,49.91,4300
27/05/2004,50.1,50.27,50.07,50.27,1400
28/05/2004,50.35,50.39,50.07,50.26,3900
01/06/2004,50.17,50.45,50.17,50.26,1300
02/06/2004,50.78,50.96,50.65,50.9,6200
03/06/2004,50.87,50.94,50.76,50.76,2100
04/06/2004,50.79,51,50.75,50.75,5000
07/06/2004,50.98,51.07,50.83,51.07,5700
08/06/2004,51.13,51.16,51.05,51.12,3800
09/06/2004,51.1,51.1,50.56,50.56,5200
10/06/2004,50.47,50.47,50.39,50.42,4000
14/06/2004,50.25,50.37,50.1,50.17,5200
15/06/2004,50.28,50.43,50.23,50.27,5700
16/06/2004,50.26,50.44,50.24,50.32,8900
17/06/2004,50.14,50.35,50.14,50.34,1100
18/06/2004,50.34,50.6,50.34,50.45,5500
21/06/2004,50.28,50.38,50.08,50.08,6700
22/06/2004,50,50,49.58,49.9,4700
23/06/2004,50.03,50.24,49.8,50.24,4000
24/06/2004,50.24,50.38,50.18,50.24,3100
25/06/2004,50.17,50.23,49.78,49.78,4900
28/06/2004,50.05,50.05,49.54,49.54,5700
29/06/2004,49.62,50.1,49.62,49.98,18500
30/06/2004,49.88,50.33,49.88,50.28,17400
01/07/2004,50.07,50.07,49.3,49.62,20600
02/07/2004,49.62,49.63,49.37,49.49,13300
06/07/2004,49.43,49.43,49.01,49.01,12600
07/07/2004,49.01,49.03,48.85,48.98,7300
08/07/2004,48.95,49.28,48.7,48.7,9000
09/07/2004,48.94,48.95,48.54,48.6,4700
12/07/2004,48.65,48.65,48.2,48.4,7000
13/07/2004,48.6,48.77,48.6,48.71,5400
14/07/2004,49.16,49.18,48.78,48.78,9500
15/07/2004,48.97,49.08,48.66,48.66,3200
16/07/2004,48.6,48.6,48.02,48.02,8000
19/07/2004,48.24,48.24,47.51,47.86,10300
20/07/2004,47.87,48.02,47.71,48.02,10200
21/07/2004,48.2,48.22,47.56,47.56,47900
22/07/2004,47.11,47.58,47,47.51,5700
23/07/2004,47.28,47.28,46.94,47.1,3800
26/07/2004,46.53,46.54,46.28,46.54,3900
27/07/2004,46.5,46.99,46.37,46.99,15200
28/07/2004,46.81,46.81,46.02,46.55,17100
29/07/2004,46.57,46.96,46.52,46.9,21100
30/07/2004,47.08,47.23,46.96,46.96,18900
02/08/2004,47.14,47.2,47.01,47.06,6300
03/08/2004,47.24,47.33,47.02,47.06,4500
04/08/2004,46.92,46.93,46.71,46.91,2000
05/08/2004,46.85,46.85,46,46.01,4800
06/08/2004,45.7,45.7,45.28,45.33,25100
09/08/2004,45.24,45.37,45.23,45.23,2600
10/08/2004,45.33,45.69,45.24,45.69,3500
11/08/2004,45.83,46.51,45.83,46.51,11800
12/08/2004,46.43,46.6,46.33,46.33,32200
13/08/2004,46.43,46.43,45.81,45.88,26900
16/08/2004,45.83,46.56,45.83,46.51,5400
17/08/2004,46.61,46.8,46.53,46.67,4900
18/08/2004,46.54,47.35,46.54,47.35,4700
19/08/2004,47.25,47.26,47,47.1,2400
20/08/2004,47.2,47.54,47.2,47.54,900
23/08/2004,47.47,47.77,47.39,47.42,39000
24/08/2004,47.61,47.7,47.4,47.45,4600
25/08/2004,47.56,47.97,47.5,47.92,6700
26/08/2004,47.92,47.94,47.78,47.83,2800
27/08/2004,48.08,48.2,48.08,48.19,3900
30/08/2004,48.04,48.04,47.6,47.6,23600
31/08/2004,47.79,47.79,47.54,47.71,32600
01/09/2004,48.07,48.16,48.03,48.09,21300
02/09/2004,48.08,48.38,48.08,48.3,3100
03/09/2004,48.87,48.87,48.56,48.59,3100
07/09/2004,48.93,48.93,48.58,48.64,4500
08/09/2004,48.85,48.85,48.61,48.75,1300
09/09/2004,48.82,48.82,48.53,48.56,2200
10/09/2004,48.2,48.46,48.2,48.46,2900
13/09/2004,48.55,48.78,48.55,48.6,4000
14/09/2004,48.89,49.13,48.89,49.01,5800
15/09/2004,48.9,48.97,48.82,48.82,4400
16/09/2004,48.82,48.94,48.82,48.82,2600
17/09/2004,48.85,49.02,48.85,48.97,4200
20/09/2004,48.86,48.87,48.39,48.54,6200
21/09/2004,48.64,48.73,48.44,48.73,16800
22/09/2004,48.46,48.46,48.11,48.11,4500
23/09/2004,48.14,48.17,47.88,47.88,3800
24/09/2004,47.97,48.12,47.88,47.88,4100
27/09/2004,47.81,47.88,47.59,47.59,5900
28/09/2004,47.79,48.15,47.56,48.15,23700
29/09/2004,48.08,48.15,47.97,48.11,4500
30/09/2004,47.7,47.7,47.14,47.39,8400
01/10/2004,47.55,47.9,47.55,47.89,5300
04/10/2004,48.2,48.33,48.11,48.22,6500
05/10/2004,48.22,48.25,47.87,47.9,4200
06/10/2004,47.86,47.88,47.56,47.87,5100
07/10/2004,47.04,47.04,46.68,46.8,48000
08/10/2004,46.6,46.85,46.22,46.23,7500
11/10/2004,46.48,46.58,46.4,46.53,2600
12/10/2004,46.4,46.58,46.16,46.5,3600
13/10/2004,46.48,46.52,45.95,45.96,5500
14/10/2004,46.22,46.22,45.71,45.78,4500
15/10/2004,45.8,45.8,45.28,45.68,11300
18/10/2004,45.8,46.24,45.8,46.2,5900
19/10/2004,46.1,46.11,45.37,45.43,13400
20/10/2004,45.3,45.56,45.16,45.48,13600
21/10/2004,45.45,45.45,44.95,45.12,9400
22/10/2004,45.03,45.14,44.73,44.74,17100
25/10/2004,44.66,44.66,44.15,44.48,11700
26/10/2004,44.4,45.12,44.4,45.09,8300
27/10/2004,45.57,46.58,45.55,46.51,14900
28/10/2004,46.5,46.56,46.36,46.41,9600
29/10/2004,46.54,46.54,46.08,46.51,13100
01/11/2004,46.36,46.36,45.96,46.09,10300
02/11/2004,46.22,46.51,45.55,45.62,6600
03/11/2004,47.38,47.5,47,47.09,30600
04/11/2004,47.25,47.28,46.5,47.26,21300
05/11/2004,47.47,47.77,47.33,47.42,14700
08/11/2004,47.5,47.5,47.32,47.48,8800
09/11/2004,47.6,47.81,47.44,47.61,12100
10/11/2004,47.43,47.86,47.43,47.65,8600
11/11/2004,47.68,47.92,47.68,47.88,4900
12/11/2004,47.75,47.92,47.5,47.92,9600
15/11/2004,47.98,48.25,47.86,48.02,15900
16/11/2004,48.11,48.15,47.88,47.92,11500
17/11/2004,47.95,48.17,47.8,47.8,10200
18/11/2004,47.8,47.88,47.64,47.68,5500
19/11/2004,47.56,47.56,47.07,47.15,14500
22/11/2004,47.06,47.32,46.87,47.18,5800
23/11/2004,47.17,47.17,46.94,47.13,14300
24/11/2004,47.25,47.36,47.08,47.21,9000
26/11/2004,47.1,47.65,47.1,47.6,4400
29/11/2004,47.62,47.7,47.37,47.52,9400
30/11/2004,47.52,47.7,47.47,47.67,9800
01/12/2004,47.77,48.43,47.77,48.41,9700
02/12/2004,48.45,48.95,48.45,48.92,7400
03/12/2004,48.71,49.01,48.56,48.67,12600
06/12/2004,48.51,48.56,48.2,48.55,10800
07/12/2004,48.51,48.6,47.9,47.9,17000
08/12/2004,48.05,48.76,48.05,48.76,14000
09/12/2004,48.6,49.11,48.27,48.99,6700
10/12/2004,48.98,49.02,48.79,49.01,4800
13/12/2004,49.1,49.28,48.89,49.26,12100
14/12/2004,49.26,49.69,49.26,49.57,11000
15/12/2004,49.73,49.81,49.32,49.75,8700
16/12/2004,49.96,50.47,49.96,50.43,18500
17/12/2004,49.46,49.76,49.02,49.69,20300
20/12/2004,49.75,49.75,48.99,49.11,10700
21/12/2004,49.3,49.46,49.2,49.4,20100
23/12/2004,49.85,50.08,49.79,49.79,10100
27/12/2004,50.08,50.13,49.72,49.88,15200
28/12/2004,49.89,50.34,49.89,50.34,11500
29/12/2004,50.37,50.47,50.3,50.44,18700
30/12/2004,50.5,50.57,50.37,50.54,14800
31/12/2004,50.51,50.51,50.28,50.28,16800
03/01/2005,50.43,50.48,49.59,49.59,14700
04/01/2005,49.83,49.83,49.11,49.2,7400
05/01/2005,49.11,49.37,49.1,49.12,16600
06/01/2005,49.19,49.58,49.18,49.48,7800
07/01/2005,49.52,49.57,49.32,49.45,9900
10/01/2005,49.45,49.95,49.45,49.71,27800
11/01/2005,49.66,49.66,49.36,49.52,20600
12/01/2005,49.56,49.75,49.36,49.69,4800
13/01/2005,49.68,49.68,49.03,49.06,10900
14/01/2005,49.24,49.34,49,49.34,26800
18/01/2005,49.25,49.66,49.1,49.55,7600
19/01/2005,49.8,49.8,49.33,49.41,7000
20/01/2005,49.41,49.45,49.09,49.18,19700
21/01/2005,49.18,49.27,48.78,48.82,20300
24/01/2005,48.93,48.93,48.38,48.38,24400
25/01/2005,48.65,48.92,48.61,48.61,12600
26/01/2005,49,49.16,48.92,49.02,11900
27/01/2005,48.83,49.13,48.81,48.96,8000
28/01/2005,49,49.04,48.41,48.51,9500
31/01/2005,48.68,48.77,48.48,48.63,7700
01/02/2005,48.74,49.13,48.74,49.13,24500
02/02/2005,49.14,49.34,49.13,49.31,10400
03/02/2005,49.31,49.31,49.01,49.1,6500
04/02/2005,49.09,49.64,49.09,49.59,17600
07/02/2005,49.64,49.87,49.64,49.67,13100
08/02/2005,49.75,49.9,49.65,49.75,3900
09/02/2005,49.88,49.97,49.22,49.25,8000
10/02/2005,49.45,49.45,48.97,49.33,19400
11/02/2005,49.5,49.95,49.35,49.85,29000
14/02/2005,49.85,49.89,49.59,49.85,25000
15/02/2005,49.68,50.04,49.68,49.9,15400
16/02/2005,49.83,49.83,49.5,49.68,17300
17/02/2005,49.83,49.86,49.54,49.66,6300
18/02/2005,49.7,50.24,49.5,50.21,38800
22/02/2005,50.21,50.35,49.55,49.59,27200
23/02/2005,49.82,50.01,49.74,49.96,16400
24/02/2005,49.92,50.32,49.5,50.25,6900
25/02/2005,50.38,50.72,50.27,50.72,113200
28/02/2005,50.48,50.48,49.84,50.13,12400
01/03/2005,50.29,50.47,50.29,50.43,43200
02/03/2005,50.25,50.75,50.25,50.47,148600
03/03/2005,50.57,50.6,50.31,50.4,27300
04/03/2005,50.65,50.75,50.49,50.74,7100
07/03/2005,50.75,51.03,50.75,50.81,20200
08/03/2005,50.86,50.9,50.49,50.53,45700
09/03/2005,50.41,50.5,50.16,50.27,10200
10/03/2005,50.4,50.41,50.2,50.3,6700
11/03/2005,50.24,50.29,49.77,49.85,5400
14/03/2005,50.03,50.2,49.75,50.2,4700
15/03/2005,50.58,50.58,49.69,49.69,21000
16/03/2005,49.57,49.63,49.22,49.22,11800
17/03/2005,49.24,49.47,49.08,49.36,11100
18/03/2005,49.43,49.43,49.05,49.16,5300
21/03/2005,49.35,49.36,49.07,49.2,12300
22/03/2005,49.43,49.59,49.15,49.15,6100
23/03/2005,49.18,49.75,49.18,49.7,6100
24/03/2005,49.75,50.06,49.72,49.83,13700
28/03/2005,49.91,49.93,49.7,49.74,40900
29/03/2005,49.74,49.85,49.41,49.44,38200
30/03/2005,49.6,50.11,49.6,50.11,35100
31/03/2005,50.06,50.06,49.74,49.87,10700
01/04/2005,50.04,50.05,49.26,49.49,18000
04/04/2005,49.49,49.73,49.39,49.73,7600
05/04/2005,49.9,50.51,49.9,50.51,7600
06/04/2005,50.62,50.96,50.62,50.67,52400
07/04/2005,50.42,51.14,50.41,51.08,7900
08/04/2005,51.11,51.14,50.7,50.78,80300
11/04/2005,50.9,50.9,50.61,50.61,17700
12/04/2005,50.65,51.03,50.25,51.03,23800
13/04/2005,51.03,51.39,50.84,51.15,18200
14/04/2005,51.2,51.21,50.89,51,47800
15/04/2005,51.42,51.69,51.24,51.35,79500
18/04/2005,51.17,51.17,50.49,50.87,118200
19/04/2005,51.05,51.05,50.6,50.98,15800
20/04/2005,50.89,51.02,50.28,50.28,73700
21/04/2005,50.64,51.1,50.62,51.03,14500
22/04/2005,50.8,51.2,50.65,50.96,18900
25/04/2005,51.02,51.09,50.82,50.88,17500
26/04/2005,51,51.25,50.75,50.78,10500
27/04/2005,50.73,51.1,50.42,51.1,9200
28/04/2005,51,51,50.62,50.68,11800
29/04/2005,50.79,51.48,50.62,51.48,55200
02/05/2005,51.5,51.63,51.37,51.61,11800
03/05/2005,51.69,51.89,51.4,51.59,11300
04/05/2005,51.76,52.2,51.76,52.19,164100
05/05/2005,52.15,52.31,51.94,52.19,34000
06/05/2005,52.32,52.43,52.1,52.14,14400
09/05/2005,52,52.34,51.89,52.34,20000
10/05/2005,52.17,52.33,51.96,52.1,17700
11/05/2005,52.18,52.37,51.85,52.32,111400
12/05/2005,52.38,52.57,52.1,52.16,27300
13/05/2005,52.2,52.2,51.5,51.92,69700
16/05/2005,52,52.43,51.92,52.43,106800
17/05/2005,52.32,52.38,51.95,52.37,37100
18/05/2005,52.75,52.79,52.46,52.57,26600
19/05/2005,52.64,52.65,52.39,52.65,77600
20/05/2005,52.65,52.65,52.44,52.61,14900
23/05/2005,52.6,52.9,52.47,52.69,40600
24/05/2005,52.81,52.89,52.66,52.86,14000
25/05/2005,52.75,52.75,52.28,52.49,14500
26/05/2005,52.63,52.72,52.54,52.7,50300
27/05/2005,52.7,52.7,52.42,52.6,24700
31/05/2005,52.6,52.64,52.25,52.35,77700
01/06/2005,52.21,52.74,52.21,52.53,15100
02/06/2005,52.4,52.65,52.28,52.65,17700
03/06/2005,52.63,52.63,52.25,52.33,23200
06/06/2005,52.4,52.44,52.19,52.43,23100
07/06/2005,52.58,52.84,52.42,52.45,26100
08/06/2005,52.58,52.58,51.97,51.97,20000
09/06/2005,51.96,52.45,51.96,52.36,26200
10/06/2005,52.41,52.41,51.99,52.11,40600
13/06/2005,51.96,52.53,51.96,52.4,9100
14/06/2005,52.4,52.8,52.4,52.78,22300
15/06/2005,52.82,52.82,52.38,52.66,31300
16/06/2005,52.66,52.99,52.66,52.93,41000
17/06/2005,53.02,53.33,53.02,53.33,23000
20/06/2005,53.2,53.37,53.03,53.37,24000
21/06/2005,53.35,53.39,53.07,53.16,28300
22/06/2005,53.34,53.36,52.9,52.98,22900
23/06/2005,53.09,53.14,52.67,52.7,19800
24/06/2005,52.6,52.66,52.41,52.43,33100
27/06/2005,52.39,52.39,52.16,52.22,29200
28/06/2005,52.22,52.81,52.22,52.81,17400
29/06/2005,52.85,52.86,52.68,52.75,18800
30/06/2005,52.82,52.82,52.38,52.38,26400
01/07/2005,52.48,52.48,52.22,52.26,19000
05/07/2005,52.36,52.74,52.21,52.74,19900
06/07/2005,52.78,52.78,52.29,52.35,28400
07/07/2005,52,52.41,51.84,52.41,20300
08/07/2005,52.55,53.19,52.4,53.13,23000
11/07/2005,53.08,53.32,53.08,53.2,15800
12/07/2005,53.3,53.36,53.01,53.27,22200
13/07/2005,53.22,53.22,52.77,52.94,17500
14/07/2005,53.27,53.36,53.06,53.21,27500
15/07/2005,53.29,53.58,53.2,53.5,21900
18/07/2005,53.5,53.5,53.2,53.26,24600
19/07/2005,53.34,53.35,53.06,53.26,13800
20/07/2005,53.82,53.98,53.65,53.91,36100
21/07/2005,53.77,53.77,53.27,53.37,25700
22/07/2005,53.28,53.39,53.05,53.28,14700
25/07/2005,53.43,53.43,52.9,52.96,29600
26/07/2005,53.2,53.38,53.13,53.25,19500
27/07/2005,53.4,53.71,53.25,53.64,16500
28/07/2005,53.8,54.2,53.79,54.14,23000
29/07/2005,54.1,54.15,53.8,53.88,16800
01/08/2005,54.15,54.35,54.08,54.12,13000
02/08/2005,54.37,54.45,54.22,54.45,30400
03/08/2005,54.36,54.49,54.22,54.49,16300
04/08/2005,54.45,54.46,54.03,54.05,21600
05/08/2005,53.88,53.96,53.5,53.57,19100
08/08/2005,53.7,53.73,53.17,53.27,19100
09/08/2005,53.38,53.77,53.38,53.77,15800
10/08/2005,54.12,54.25,53.69,53.79,21900
11/08/2005,54,54.2,53.87,54.17,20600
12/08/2005,54.13,54.13,53.62,53.98,27200
15/08/2005,53.9,54.05,53.66,53.93,22000
16/08/2005,53.9,53.97,53.48,53.56,42100
17/08/2005,53.58,53.86,53.43,53.67,15800
18/08/2005,53.52,53.76,53.52,53.63,12900
19/08/2005,53.85,53.85,53.26,53.26,28400
22/08/2005,53.36,53.63,53.05,53.35,25800
23/08/2005,53.41,53.41,53.01,53.13,17800
24/08/2005,53.11,53.48,52.87,53,17600
25/08/2005,52.96,53.16,52.96,53.05,13500
26/08/2005,53.05,53.05,52.75,52.85,11800
29/08/2005,52.46,53.36,52.4,53.35,93100
30/08/2005,53.15,53.28,52.97,53.2,18500
31/08/2005,53.31,53.75,53.14,53.75,17300
01/09/2005,53.95,54.12,53.82,53.97,11200
02/09/2005,54.02,54.05,53.85,53.86,7200
06/09/2005,54,54.64,54,54.63,17600
07/09/2005,54.62,55.01,54.62,54.99,39200
08/09/2005,55,55.04,54.62,54.83,105700
09/09/2005,54.98,55.18,54.85,55.12,13700
12/09/2005,55.08,55.17,54.86,54.98,37000
13/09/2005,54.98,54.98,54.3,54.4,20300
14/09/2005,54.58,54.58,54.18,54.21,9700
15/09/2005,54.38,54.44,54.12,54.25,10000
16/09/2005,54.46,54.6,54.18,54.59,15300
19/09/2005,54.55,54.55,54.01,54.18,36200
20/09/2005,54.3,54.35,53.69,53.84,20900
21/09/2005,53.69,53.78,53.5,53.51,19100
22/09/2005,53.36,53.69,53.17,53.56,26700
23/09/2005,53.6,53.86,53.41,53.61,20400
26/09/2005,53.94,53.94,53.21,53.53,22900
27/09/2005,53.54,53.6,53.18,53.18,29000
28/09/2005,53.38,53.56,53.15,53.32,79600
29/09/2005,53.34,53.48,52.92,53.42,30500
30/09/2005,53.48,53.56,53.3,53.46,11800
03/10/2005,53.5,53.76,53.42,53.67,25500
04/10/2005,53.88,54.34,53.77,53.89,23800
05/10/2005,53.85,53.85,52.89,52.9,91300
06/10/2005,53.04,53.04,51.91,52.3,90500
07/10/2005,52.48,52.6,52.29,52.36,17600
10/10/2005,52.45,52.55,52.08,52.26,18900
11/10/2005,52.26,52.44,51.76,51.83,16600
12/10/2005,52,52.24,51.56,51.79,31400
13/10/2005,51.79,52.15,51.61,52.09,47800
14/10/2005,52.09,52.52,51.98,52.46,39900
17/10/2005,52.38,52.4,52.08,52.4,34100
18/10/2005,52.6,52.6,52.33,52.39,21100
19/10/2005,52.2,52.89,52,52.84,22000
20/10/2005,52.2,52.37,51.8,51.82,27600
21/10/2005,51.93,52.1,51.45,51.54,132800
24/10/2005,51.75,52.1,51.65,52.1,19600
25/10/2005,52.1,52.1,51.5,51.86,17600
26/10/2005,51.75,51.92,51.26,51.34,20000
27/10/2005,51.26,51.37,50.93,50.93,24400
28/10/2005,50.99,51.6,50.99,51.5,38100
31/10/2005,51.75,52.17,51.75,51.95,22300
01/11/2005,51.86,52,51.62,51.76,25000
02/11/2005,51.84,52.06,51.84,51.97,25800
03/11/2005,52.15,52.61,52.15,52.31,36200
04/11/2005,52.55,52.6,52.32,52.49,48700
07/11/2005,52.6,52.72,52.35,52.61,19400
08/11/2005,52.68,52.68,52.42,52.45,37200
09/11/2005,52.65,52.74,52.34,52.58,24800
10/11/2005,52.75,53.28,52.59,53.23,24600
11/11/2005,53.29,53.39,53.09,53.35,17400
14/11/2005,53.35,53.35,52.94,52.95,32100
15/11/2005,53.19,53.53,53.11,53.26,17300
16/11/2005,53.41,53.41,52.97,53.12,17700
17/11/2005,53.3,53.51,53.02,53.5,24100
18/11/2005,53.5,53.74,53.49,53.73,55700
21/11/2005,53.75,53.88,53.51,53.88,29200
22/11/2005,53.77,53.9,53.44,53.66,27300
23/11/2005,53.68,53.83,53.51,53.71,27600
28/11/2005,53.85,53.85,53.03,53.13,41200
29/11/2005,53.21,53.46,53.18,53.27,17300
30/11/2005,53.32,53.35,53,53,22000
01/12/2005,53.25,53.54,53.19,53.47,22500
02/12/2005,53.25,53.67,53.25,53.58,32200
05/12/2005,53.77,53.77,53.5,53.7,29800
06/12/2005,53.9,53.99,53.5,53.5,33400
07/12/2005,53.54,53.59,53.17,53.37,30800
08/12/2005,53.34,53.83,53.34,53.62,16800
09/12/2005,53.79,53.82,53.48,53.71,18500
12/12/2005,53.67,53.69,53.25,53.63,25700
13/12/2005,53.73,54.22,53.73,54.12,44400
14/12/2005,54.35,54.5,54.1,54.23,56700
15/12/2005,54.43,54.5,54.09,54.33,384800
16/12/2005,54.45,54.62,54.38,54.4,39800
19/12/2005,54.81,54.99,54.55,54.57,35500
20/12/2005,54.65,54.81,54.41,54.61,36100
21/12/2005,54.86,55.1,54.79,54.92,36200
23/12/2005,54.99,55.05,54.83,54.95,25600
27/12/2005,55.15,55.15,54.4,54.48,63000
28/12/2005,54.55,54.65,54.41,54.57,62000
29/12/2005,54.55,54.65,54.3,54.3,47600
30/12/2005,54.35,54.35,53.95,54.02,38000
03/01/2006,54.2,54.75,53.91,54.56,39100
04/01/2006,54.81,55.22,54.81,55.13,98000
05/01/2006,55.28,55.28,55.07,55.13,63900
06/01/2006,55.26,55.56,55.21,55.5,44300
09/01/2006,55.61,55.86,55.5,55.86,54600
10/01/2006,55.73,55.73,55.43,55.59,41700
11/01/2006,55.72,55.72,55.41,55.43,46600
12/01/2006,55.55,55.55,55.25,55.38,38100
13/01/2006,55.5,55.5,55.12,55.35,89500
17/01/2006,55.26,55.26,54.93,55.2,59700
18/01/2006,55.13,55.4,55.1,55.34,34300
19/01/2006,55.4,55.79,55.13,55.66,36700
20/01/2006,55.75,55.75,54.62,54.66,46700
23/01/2006,54.7,54.75,54.3,54.48,36800
24/01/2006,54.53,54.58,54.21,54.35,44900
25/01/2006,54.53,54.6,54.02,54.22,37500
26/01/2006,54.47,54.79,54.46,54.59,65100
27/01/2006,54.73,55.36,54.73,55.3,43600
30/01/2006,55.16,55.19,54.89,54.92,20100
31/01/2006,55.04,55.14,54.8,55.03,101200
01/02/2006,55.27,55.57,55.13,55.38,28800
02/02/2006,55.46,55.46,54.79,54.82,42400
03/02/2006,54.8,55.06,54.52,54.77,33800
06/02/2006,54.75,54.75,54.11,54.31,40800
07/02/2006,54.39,54.61,54.06,54.27,43000
08/02/2006,54.16,54.8,54.16,54.78,39500
09/02/2006,54.8,55.22,54.73,54.83,29800
10/02/2006,54.83,54.83,54.2,54.62,33100
13/02/2006,54.59,54.6,54.29,54.6,40500
14/02/2006,54.7,55.24,54.7,55.13,22600
15/02/2006,55.15,55.54,55.1,55.46,27400
16/02/2006,55.59,55.92,55.38,55.92,24000
17/02/2006,55.98,55.98,55.69,55.89,19800
21/02/2006,56.01,56.01,55.42,55.53,28500
22/02/2006,55.63,56,55.63,55.98,27500
23/02/2006,56,56.03,55.58,55.81,18100
24/02/2006,55.84,55.96,55.66,55.92,18500
27/02/2006,55.99,56.5,55.99,56.4,27000
28/02/2006,56.32,56.32,55.5,55.62,54600
01/03/2006,55.67,55.82,55.31,55.82,15800
02/03/2006,55.75,55.78,55.48,55.58,27900
03/03/2006,55.54,55.95,55.43,55.51,20000
06/03/2006,55.55,55.55,55.01,55.2,30200
07/03/2006,55.15,55.31,55,55.15,21300
08/03/2006,55.12,55.59,54.96,55.46,15900
09/03/2006,55.58,55.58,55.12,55.12,23300
10/03/2006,55.26,55.51,55.21,55.43,17800
13/03/2006,55.63,55.63,55.36,55.39,16600
14/03/2006,55.44,55.81,55.37,55.79,22300
15/03/2006,55.85,56.07,55.64,56,33300
16/03/2006,56.1,56.15,55.91,56.06,25600
17/03/2006,56.12,56.28,56.02,56.22,24100
20/03/2006,56.35,56.4,56.1,56.37,24800
21/03/2006,56.42,56.42,55.77,55.88,32700
22/03/2006,55.8,56.47,55.8,56.44,18200
23/03/2006,56.44,56.44,55.9,56.22,31500
24/03/2006,56.22,56.3,56,56.14,21700
27/03/2006,56.1,56.1,55.62,55.67,30300
28/03/2006,55.7,55.7,55.11,55.15,36300
29/03/2006,55.37,55.59,55.2,55.47,21600
30/03/2006,55.45,55.76,55.22,55.41,26800
31/03/2006,55.37,55.49,55.06,55.21,25400
03/04/2006,55.22,55.42,55,55.03,25900
04/04/2006,54.93,55.1,54.72,55.05,42000
05/04/2006,55,55.05,54.77,54.84,36700
06/04/2006,54.8,54.8,54.11,54.31,69700
07/04/2006,54.35,54.63,53.71,53.78,30900
10/04/2006,53.86,53.86,53.31,53.61,37000
11/04/2006,53.75,53.75,52.8,53,83000
12/04/2006,52.95,53.38,52.95,53.35,26200
13/04/2006,53.35,53.38,53.05,53.28,99000
17/04/2006,53.38,53.38,52.79,53.01,71900
18/04/2006,53.2,53.61,53.14,53.55,26700
19/04/2006,53.6,53.65,53.2,53.43,43400
20/04/2006,53.32,53.89,53.32,53.83,31600
21/04/2006,54.07,54.07,53.5,53.58,26900
24/04/2006,53.5,53.52,53.31,53.49,20600
25/04/2006,53.4,53.53,52.95,53.11,27200
26/04/2006,53.22,53.3,52.92,53.05,53200
27/04/2006,52.97,53.2,52.76,52.96,36600
28/04/2006,52.8,53.46,52.8,53.4,44500
01/05/2006,53.45,53.64,52.99,53.03,33200
02/05/2006,53,53.07,52.76,52.85,27700
03/05/2006,52.76,52.83,52.4,52.44,66700
04/05/2006,52.5,52.73,52.5,52.52,17800
05/05/2006,52.55,53.28,52.55,53.19,25800
08/05/2006,53.21,53.28,53.05,53.12,27700
09/05/2006,53.1,53.11,52.7,52.77,38700
10/05/2006,52.79,52.93,52.64,52.69,23000
11/05/2006,52.65,52.73,52.38,52.45,35800
12/05/2006,52.35,52.58,52.19,52.2,41100
15/05/2006,52.3,52.9,52.3,52.89,41100
16/05/2006,52.93,53.19,52.93,53.07,34800
17/05/2006,52.83,53.13,52.4,52.45,53800
18/05/2006,52.58,52.58,52.1,52.17,26400
19/05/2006,52.23,52.23,51.7,51.96,53400
22/05/2006,51.96,52.11,51.68,51.79,33600
23/05/2006,51.9,51.97,51.43,51.44,22300
24/05/2006,51.47,51.74,50.95,51.69,32800
25/05/2006,51.87,52.13,51.79,52.13,25900
26/05/2006,52.23,52.55,52.23,52.44,20100
30/05/2006,52.21,52.22,51.71,51.78,34700
31/05/2006,51.7,52.18,51.7,52.09,61200
01/06/2006,52.4,52.9,52.39,52.82,30200
02/06/2006,53.05,53.2,52.85,53.1,28200
05/06/2006,53.07,53.07,52.21,52.25,47200
06/06/2006,52.48,52.48,51.9,52.24,61500
07/06/2006,52.3,52.92,52.3,52.51,23400
08/06/2006,52.46,52.59,51.85,52.5,24000
09/06/2006,52.62,52.62,52.17,52.26,20600
12/06/2006,52.13,52.28,51.61,51.67,24300
13/06/2006,51.5,52.02,51.36,51.36,42800
14/06/2006,51.3,51.51,51.08,51.48,12700
15/06/2006,51.55,52.34,51.51,52.19,41700
16/06/2006,52.27,52.33,51.95,52.11,29600
19/06/2006,52.2,52.2,51.47,51.6,17900
20/06/2006,51.73,51.73,51.32,51.44,10900
21/06/2006,51.37,51.96,51.37,51.8,20200
22/06/2006,51.56,51.67,51.35,51.57,14200
23/06/2006,51.32,51.86,51.29,51.63,12700
26/06/2006,51.65,51.65,51.36,51.6,16800
27/06/2006,51.5,51.56,50.9,50.99,23400
28/06/2006,51,51.19,50.68,50.97,22700
29/06/2006,51.22,52.01,51.22,52.01,30900
30/06/2006,52.11,52.58,52.08,52.35,26400
05/07/2006,52.35,52.35,52.13,52.25,14800
06/07/2006,52.25,52.73,52.25,52.57,54400
07/07/2006,52.57,52.83,52.45,52.57,30200
10/07/2006,52.8,52.93,52.49,52.7,14500
11/07/2006,52.5,52.83,52.48,52.83,30900
12/07/2006,52.83,52.88,52.4,52.45,14400
13/07/2006,52.2,52.26,51.79,51.95,18500
14/07/2006,51.95,51.98,51.32,51.48,115700
17/07/2006,51.48,51.82,51.45,51.61,43700
18/07/2006,51.71,51.85,51.28,51.66,29500
19/07/2006,51.9,53.12,51.9,52.92,31300
20/07/2006,53.04,53.2,52.84,52.84,19100
21/07/2006,52.85,53.01,52.8,52.94,13300
24/07/2006,53.16,53.98,53.16,53.91,47400
25/07/2006,53.93,54.6,53.88,54.48,31300
26/07/2006,54.44,54.79,54.28,54.61,33000
27/07/2006,54.46,54.46,54.08,54.34,44800
28/07/2006,54.49,54.72,54.3,54.62,30800
31/07/2006,54.6,54.62,54.33,54.45,12800
01/08/2006,54.22,54.5,54.19,54.33,12200
02/08/2006,54.85,54.97,54.66,54.7,59200
03/08/2006,54.42,54.57,54.21,54.37,15900
04/08/2006,54.55,54.7,54.2,54.3,19900
07/08/2006,54.26,54.26,54.02,54.07,17800
08/08/2006,54.26,54.41,53.95,54.02,34200
09/08/2006,54.42,54.56,54.04,54.09,23900
10/08/2006,53.83,54.14,53.75,54.09,364500
11/08/2006,53.92,53.92,53.56,53.81,11600
14/08/2006,54.13,54.33,53.91,53.91,16800
15/08/2006,54.34,54.48,54.19,54.45,34200
16/08/2006,54.54,54.97,54.54,54.94,29200
17/08/2006,54.92,55.27,54.9,55.06,24100
18/08/2006,55.03,55.18,54.82,55.17,11500
21/08/2006,55.05,55.09,54.89,54.98,12700
22/08/2006,54.95,55.16,54.88,55.02,19100
23/08/2006,55.04,55.16,54.85,55.02,20800
24/08/2006,55.17,55.41,55.17,55.36,15400
25/08/2006,55.22,55.47,55.17,55.36,21600
28/08/2006,55.34,55.96,55.34,55.8,17900
29/08/2006,55.82,56.08,55.7,56.03,11800
30/08/2006,56.21,56.22,56.09,56.1,29800
31/08/2006,56.18,56.18,55.92,55.97,18800
01/09/2006,56.21,56.34,56.15,56.29,17300
05/09/2006,56.28,56.28,56.09,56.09,50900
06/09/2006,55.85,55.85,55.63,55.67,11200
07/09/2006,55.67,55.67,55.24,55.32,23600
08/09/2006,55.34,55.8,55.34,55.73,16400
11/09/2006,55.6,55.98,55.48,55.98,22800
12/09/2006,56.21,56.7,56.12,56.67,50700
13/09/2006,56.58,56.68,56.46,56.62,52500
14/09/2006,56.37,56.56,56.35,56.53,37900
15/09/2006,56.77,56.83,56.58,56.61,248700
18/09/2006,56.57,56.68,56.44,56.55,22200
19/09/2006,56.46,56.61,56.29,56.61,27800
20/09/2006,56.85,57,56.76,56.99,64600
21/09/2006,56.83,56.97,56.4,56.54,234400
22/09/2006,56.54,56.54,56,56.09,20100
25/09/2006,56.33,56.45,56,56.4,29300
26/09/2006,56.29,56.45,56.2,56.42,38200
27/09/2006,56.44,56.62,56.28,56.62,19900
28/09/2006,56.7,56.73,56.33,56.6,25100
29/09/2006,56.35,56.78,56.35,56.63,53700
02/10/2006,56.7,56.93,56.3,56.33,29500
03/10/2006,56.34,56.62,56.2,56.44,22900
04/10/2006,56.46,56.93,56.28,56.93,34900
05/10/2006,56.88,57.16,56.8,57.1,40500
06/10/2006,57.02,57.02,56.75,56.98,257100
09/10/2006,57,57,56.75,56.88,44700
10/10/2006,56.95,56.95,56.42,56.7,62700
11/10/2006,56.65,56.75,56.43,56.61,30800
12/10/2006,56.77,57.04,56.66,57.04,25500
13/10/2006,56.9,56.9,56.65,56.82,25300
16/10/2006,56.77,56.97,56.77,56.9,31900
17/10/2006,56.83,57.13,56.75,57.02,30700
18/10/2006,57.45,57.67,57.27,57.59,36100
19/10/2006,57.75,57.87,57.59,57.59,21800
20/10/2006,57.78,57.95,57.51,57.93,30500
23/10/2006,57.68,58.05,57.6,57.97,28900
24/10/2006,57.86,57.89,57.55,57.78,25100
25/10/2006,57.86,57.86,57.32,57.57,28200
26/10/2006,57.63,57.87,57.4,57.86,83000
27/10/2006,57.54,57.83,57.5,57.6,31300
30/10/2006,57.45,57.56,57.28,57.37,50900
31/10/2006,57.52,57.52,56.92,57.14,27500
01/11/2006,57.22,57.42,56.56,56.64,310600
02/11/2006,56.71,56.92,56.56,56.85,143800
03/11/2006,56.95,57.05,56.57,56.61,19400
06/11/2006,56.86,57.46,56.78,57.35,109000
07/11/2006,57.44,58.02,57.44,57.81,123900
08/11/2006,56.86,57.17,56.81,57.11,103200
09/11/2006,56.92,57,55.55,55.72,271600
10/11/2006,55.6,55.89,55.5,55.89,178600
13/11/2006,55.81,56.25,55.81,56.02,42600
14/11/2006,56.16,56.46,55.73,56.4,99700
15/11/2006,56.44,56.95,56.44,56.77,63100
16/11/2006,56.94,57.06,56.81,56.99,124800
17/11/2006,56.98,57.15,56.89,57.14,193300
20/11/2006,57.2,57.25,56.88,56.99,27600
21/11/2006,56.97,57.07,56.83,56.91,22200
22/11/2006,56.95,57.07,56.82,57.01,32000
27/11/2006,56.55,56.68,56.2,56.29,45700
28/11/2006,56.08,56.54,56.08,56.47,26100
29/11/2006,56.72,56.93,56.55,56.87,55400
30/11/2006,57.12,57.32,56.88,57.12,39000
01/12/2006,57.25,57.25,56.75,57.12,34100
04/12/2006,56.79,57.11,56.73,57.02,47700
05/12/2006,57.15,57.29,57.07,57.28,28500
06/12/2006,57.34,57.36,57.04,57.32,10900
07/12/2006,57.52,57.53,57.14,57.2,24900
08/12/2006,57.12,57.4,56.97,57.3,12200
11/12/2006,57.39,57.39,57.15,57.36,17700
12/12/2006,57.37,57.37,57.02,57.29,10300
13/12/2006,57.5,57.5,57.12,57.23,324300
14/12/2006,57.18,57.7,57.18,57.41,22700
15/12/2006,57.66,57.68,57.46,57.56,19000
18/12/2006,57.01,57.18,56.86,56.97,16100
19/12/2006,56.91,57.27,56.82,57.22,13800
20/12/2006,57.16,57.42,57.16,57.27,28100
21/12/2006,57.4,57.4,57.04,57.13,13000
22/12/2006,57.07,57.07,56.75,56.77,15400
26/12/2006,56.86,56.93,56.74,56.93,16900
27/12/2006,57.03,57.23,57.03,57.13,30000
28/12/2006,57.13,57.28,57,57.16,13000
29/12/2006,57.07,57.2,56.89,56.94,23000
03/01/2007,57.4,57.52,56.65,56.95,49200
04/01/2007,57,57.74,57,57.58,58200
05/01/2007,57.55,57.55,57.09,57.31,33900
08/01/2007,57.4,57.45,57.03,57.38,21300
09/01/2007,57.51,57.62,57.15,57.26,32600
10/01/2007,57.28,57.5,57.03,57.41,48100
11/01/2007,57.64,58.08,57.61,58.01,30200
12/01/2007,58.13,58.45,58.1,58.38,21800
16/01/2007,58.47,58.58,58.38,58.51,68900
17/01/2007,58.54,58.99,58.5,58.78,57200
18/01/2007,58.72,59.06,58.72,58.92,54900
19/01/2007,59.1,59.15,58.87,59.04,37900
22/01/2007,59.18,59.18,58.6,58.66,91700
23/01/2007,58.49,58.49,58.26,58.44,31500
24/01/2007,58.44,58.9,58.42,58.9,33400
25/01/2007,58.81,58.81,58.43,58.55,31000
26/01/2007,58.4,58.4,58.05,58.25,50900
29/01/2007,58.3,58.43,58.16,58.28,43100
30/01/2007,58.38,58.56,58.38,58.55,33100
31/01/2007,58.59,58.92,58.45,58.83,43600
01/02/2007,59,59.32,58.97,59.32,41400
02/02/2007,59.38,59.46,59.12,59.23,27200
05/02/2007,59.1,59.28,58.96,59.22,48500
06/02/2007,59.25,59.25,58.87,59.04,29300
07/02/2007,59.14,59.22,59,59.17,47800
08/02/2007,59.24,59.28,59.08,59.25,29600
09/02/2007,59.34,59.34,58.78,58.92,26000
12/02/2007,59,59,58.63,58.79,31100
13/02/2007,58.79,58.96,58.77,58.96,19512
14/02/2007,59.08,59.37,59.07,59.21,169600
15/02/2007,59.28,59.54,59.2,59.45,79100
16/02/2007,59.38,59.38,59.14,59.35,39100
20/02/2007,59.46,59.46,59.23,59.41,36900
21/02/2007,59.31,59.31,59.09,59.25,20300
22/02/2007,59.22,59.27,58.94,59.07,24600
23/02/2007,58.93,58.99,58.72,58.91,15700
26/02/2007,59,59.12,58.92,59.03,18206
27/02/2007,58.45,58.66,56.94,57.38,77400
28/02/2007,57.55,58.03,57.38,57.64,36800
01/03/2007,56.89,57.53,56.49,57.32,39179
02/03/2007,57.05,57.34,56.75,56.77,20200
05/03/2007,56.38,56.99,56.37,56.37,31500
06/03/2007,56.8,57.15,56.6,57.07,29500
07/03/2007,56.9,57.2,56.9,56.95,17500
08/03/2007,57.32,57.44,57.13,57.14,35500
09/03/2007,57.38,57.45,57.12,57.41,29100
12/03/2007,57.35,57.4,57.09,57.3,31600
13/03/2007,57.1,57.34,56.5,56.54,12700
14/03/2007,56.65,56.66,56.08,56.58,20800
15/03/2007,56.62,56.83,56.45,56.83,26200
16/03/2007,56.75,56.92,56.57,56.6,33600
19/03/2007,56.89,57.21,56.77,57.19,30100
20/03/2007,57.21,57.58,57.12,57.55,30100
21/03/2007,57.5,58.17,57.31,58.17,17300
22/03/2007,58.2,58.36,58.12,58.29,11800
23/03/2007,58.26,58.32,58.06,58.12,19100
26/03/2007,58.2,58.26,57.85,58.26,25400
27/03/2007,58.04,58.05,57.72,57.86,39600
28/03/2007,57.7,57.82,57.46,57.55,30000
29/03/2007,57.78,57.78,57.33,57.62,10000
30/03/2007,57.77,57.81,57.44,57.81,8800
02/04/2007,57.98,58.12,57.84,58.01,14900
03/04/2007,58.42,58.76,58.25,58.67,15200
04/04/2007,58.52,58.99,58.52,58.95,21600
05/04/2007,58.92,59.45,58.92,59.4,12400
09/04/2007,59.4,59.44,59.19,59.37,27300
10/04/2007,59.39,59.5,59.36,59.41,14300
11/04/2007,59.42,59.42,59.04,59.33,26200
12/04/2007,59.2,59.86,59.2,59.83,13300
13/04/2007,60.34,60.6,60.2,60.57,14100
16/04/2007,60.82,61.12,60.82,61.11,34000
17/04/2007,61.36,61.43,61.27,61.28,37700
18/04/2007,61.14,61.21,60.81,61.11,26000
19/04/2007,60.97,61.5,60.97,61.35,35100
20/04/2007,61.73,61.76,61.51,61.71,41200
23/04/2007,61.6,61.83,61.6,61.7,34100
24/04/2007,61.77,61.77,61.4,61.63,19300
25/04/2007,61.73,61.97,61.45,61.85,24300
26/04/2007,62.07,62.17,61.86,61.97,25500
27/04/2007,61.85,61.85,61.64,61.72,31400
30/04/2007,61.82,61.82,61.35,61.37,27700
01/05/2007,61.44,61.63,61.2,61.53,14700
02/05/2007,61.76,62.08,61.66,62.02,23000
03/05/2007,62.1,62.14,61.93,62.08,17400
04/05/2007,62.21,62.37,62.18,62.33,18200
07/05/2007,62.52,62.58,62.46,62.58,64500
08/05/2007,62.38,62.4,62.1,62.4,22300
09/05/2007,62.38,62.54,62.22,62.49,22200
10/05/2007,62.24,62.24,61.36,61.36,51700
11/05/2007,61.33,61.67,61.22,61.65,26800
14/05/2007,61.9,62.06,61.59,61.74,29400
15/05/2007,61.7,61.95,61.49,61.52,29400
16/05/2007,61.72,62.13,61.72,62.1,29100
17/05/2007,61.98,61.98,61.76,61.88,15900
18/05/2007,61.99,62.21,61.86,62.15,18600
21/05/2007,62.2,62.43,62.18,62.32,42500
22/05/2007,62.31,62.64,62.19,62.43,24700
23/05/2007,62.75,62.86,62.48,62.5,38700
24/05/2007,62.55,62.7,62.2,62.26,14200
25/05/2007,62.26,62.4,62.18,62.35,15300
29/05/2007,62.42,62.45,62.19,62.45,19700
30/05/2007,62.22,62.3,61.9,62.3,13700
31/05/2007,62.29,62.61,62.29,62.43,18800
01/06/2007,62.61,62.71,62.43,62.63,35900
04/06/2007,62.5,62.59,62.39,62.57,33200
05/06/2007,62.31,62.37,62.05,62.25,23300
06/06/2007,61.92,62,61.65,61.71,36200
07/06/2007,61.57,61.58,60.72,60.78,32300
08/06/2007,60.61,61.12,60.54,61.11,20200
11/06/2007,61.1,61.34,61.04,61.14,23300
12/06/2007,61,61.06,60.59,60.59,18200
13/06/2007,60.61,61.15,60.46,61.14,25300
14/06/2007,61.2,61.37,61.15,61.21,10100
15/06/2007,61.7,61.88,61.59,61.65,14700
18/06/2007,61.57,61.6,61.35,61.44,14900
19/06/2007,61.55,61.55,61.37,61.47,14500
20/06/2007,61.46,61.46,60.63,60.63,16100
21/06/2007,60.51,60.83,60.29,60.83,24200
22/06/2007,60.57,60.57,59.8,59.96,28700
25/06/2007,59.95,60.42,59.62,59.73,31300
26/06/2007,60,60.48,60,60.11,22300
27/06/2007,59.78,60.58,59.78,60.58,30900
28/06/2007,60.76,60.88,60.59,60.64,40500
29/06/2007,60.65,60.8,60.01,60.33,22500
02/07/2007,60.55,60.97,60.55,60.97,13500
03/07/2007,61.12,61.17,61.06,61.08,15800
05/07/2007,61.02,61.16,60.87,61.14,15300
06/07/2007,60.88,61.2,60.83,61.12,31300
09/07/2007,61.19,61.19,60.9,61.07,25700
10/07/2007,60.8,61.04,60.46,60.46,30500
11/07/2007,60.62,60.86,60.47,60.86,15100
12/07/2007,60.97,61.79,60.86,61.79,27200
13/07/2007,61.68,61.82,61.5,61.71,22200
16/07/2007,61.64,61.76,61.59,61.68,14500
17/07/2007,61.55,61.67,61.44,61.44,48100
18/07/2007,61.1,61.26,60.95,61.2,34200
19/07/2007,61.3,61.35,60.9,61.02,18200
20/07/2007,61.07,61.07,60.42,60.61,17500
23/07/2007,61.1,61.37,60.96,61.02,15600
24/07/2007,60.9,61.02,60.2,60.36,33400
25/07/2007,60.63,60.63,60.21,60.47,24200
26/07/2007,59.9,60.18,59.1,59.3,44800
27/07/2007,59.19,59.36,57.9,57.9,50500
30/07/2007,58.31,58.69,58.1,58.65,31000
31/07/2007,58.7,58.93,57.9,57.9,726100
01/08/2007,58.21,58.57,57.65,58.37,38600
02/08/2007,58.76,59.08,58.54,58.97,22000
03/08/2007,58.99,59.16,58.03,58.33,22100
06/08/2007,58.51,59.39,58.31,59.38,83700
07/08/2007,59.19,59.88,59.09,59.48,26300
08/08/2007,59.73,60.17,59.51,60.17,40700
09/08/2007,59.75,59.85,58.77,58.77,31200
10/08/2007,58.12,58.93,58.12,58.78,18700
13/08/2007,58.9,59.22,58.81,58.81,55500
14/08/2007,59,59.01,58.25,58.25,15400
15/08/2007,58.18,58.93,58,58,56500
16/08/2007,57.71,57.93,56.86,57.89,53200
17/08/2007,58.84,59.08,57.68,58.5,43600
20/08/2007,58.69,58.79,58.27,58.66,48800
21/08/2007,58.51,58.82,58.44,58.63,13000
22/08/2007,58.98,59.15,58.73,59.08,20700
23/08/2007,59.4,59.42,59.04,59.23,9900
24/08/2007,59.2,59.72,59.15,59.72,18000
27/08/2007,59.69,59.69,59.32,59.42,8400
28/08/2007,59.28,59.28,58.6,58.71,24000
29/08/2007,58.76,59.33,58.55,59.29,15400
30/08/2007,59.04,59.52,59.04,59.19,13700
31/08/2007,59.56,59.82,59.44,59.6,10600
04/09/2007,59.68,60.25,59.68,60.2,28400
05/09/2007,60.03,60.04,59.68,59.79,17900
06/09/2007,59.97,60.38,59.89,60.25,106800
07/09/2007,59.7,60,59.35,59.46,16000
11/09/2007,59.61,60.12,59.57,60.12,13000
12/09/2007,60.33,60.49,59.97,60.31,14800
13/09/2007,60.56,60.74,60.41,60.45,18300
14/09/2007,60.16,60.44,60.03,60.35,19100
17/09/2007,60.2,60.2,59.64,59.95,28900
18/09/2007,60.04,61.08,60.01,60.95,27200
19/09/2007,61.34,61.69,61.21,61.46,30300
20/09/2007,61.52,61.62,61.13,61.15,18900
21/09/2007,61.63,61.65,61.43,61.48,20800
24/09/2007,61.3,61.51,61.23,61.23,27400
25/09/2007,61.12,61.43,61.12,61.27,24500
26/09/2007,61.47,61.84,61.36,61.68,74900
27/09/2007,61.78,61.8,61.61,61.8,27300
28/09/2007,61.63,61.69,61.3,61.43,16000
01/10/2007,61.66,62.21,61.66,62.08,70800
02/10/2007,62.25,62.27,61.79,62.02,26300
03/10/2007,61.89,62.23,61.89,62.11,16200
04/10/2007,62.34,62.61,62.29,62.35,14800
05/10/2007,62.53,62.97,62.5,62.97,27200
08/10/2007,62.91,62.91,62.57,62.68,13200
09/10/2007,62.87,62.98,62.7,62.95,13400
10/10/2007,63.05,63.09,62.93,63.04,20400
11/10/2007,63.16,63.17,62.44,62.63,21100
12/10/2007,62.66,63,62.59,62.87,13600
15/10/2007,62.99,62.99,62.1,62.33,18400
16/10/2007,62.18,62.18,61.75,61.84,36300
17/10/2007,62.25,62.38,61.5,61.81,47000
18/10/2007,61.89,62.32,61.82,62.04,13900
19/10/2007,61.88,61.93,61.17,61.17,28300
22/10/2007,60.67,61.16,60.59,61.16,28000
23/10/2007,61.4,61.88,61.29,61.88,47000
24/10/2007,61.7,61.7,60.87,61.69,34200
25/10/2007,61.57,61.84,61.41,61.84,50100
26/10/2007,61.92,61.98,61.71,61.96,13600
29/10/2007,62.12,62.22,61.94,62.15,36500
30/10/2007,62.1,62.24,62,62.08,20300
31/10/2007,62.25,62.69,61.74,62.69,37200
01/11/2007,62.14,62.34,61.58,61.61,17200
02/11/2007,61.63,61.75,61.23,61.53,16600
05/11/2007,61.08,61.65,61.08,61.43,21461
06/11/2007,61.33,61.63,60.97,61.63,26400
07/11/2007,60.7,61.41,60.45,60.5,32915
08/11/2007,60.64,60.88,60.21,60.88,46445
09/11/2007,60.85,61.19,60.28,60.52,22020
12/11/2007,60.68,61.31,60.55,60.55,26113
13/11/2007,60.74,61.53,60.51,61.46,17929
14/11/2007,61.52,61.85,61.38,61.38,21018
15/11/2007,60.83,62.36,60.83,61.24,251741
16/11/2007,61.64,61.64,61.06,61.53,14500
19/11/2007,61.66,61.66,60.91,61.01,34162
20/11/2007,61.22,61.54,60.6,61.32,15600
21/11/2007,60.81,60.81,60.07,60.18,22000
27/11/2007,60.15,61.54,60.15,61.53,20650
28/11/2007,62.08,62.67,61.5,62.67,45732
29/11/2007,61.51,62.92,61.51,62.78,16575
30/11/2007,63.53,63.53,62.79,62.92,16100
03/12/2007,63.26,63.26,62.4,62.58,24385
04/12/2007,62.32,62.75,62,62.27,25382
05/12/2007,62.71,63.04,62.71,63.03,29900
06/12/2007,62.95,63.47,62.88,63.38,25732
07/12/2007,63.59,63.59,63.26,63.42,51000
10/12/2007,63.91,63.91,63.3,63.6,36300
11/12/2007,63.75,63.75,62.64,62.73,42258
12/12/2007,63.99,63.99,62.28,62.77,47545
13/12/2007,61.84,62.68,61.84,62.68,33159
14/12/2007,61.35,61.65,61.21,61.24,46900
17/12/2007,61.12,61.12,60.39,60.47,22633
19/12/2007,61.55,61.55,60.41,60.73,79500
20/12/2007,60.51,61.08,60.51,61.08,14963
21/12/2007,61.62,61.84,61.48,61.84,28200
26/12/2007,61.73,61.97,61.55,61.88,38300
27/12/2007,61.67,61.67,61.11,61.13,30300
28/12/2007,61.44,61.7,60.89,61.04,57502
31/12/2007,61.32,61.32,60.57,60.62,23185
02/01/2008,60.04,60.9,59.88,60.14,251700
03/01/2008,60.6,60.63,60.22,60.4,40120
04/01/2008,60.35,60.35,59.76,59.76,31600
07/01/2008,60.24,60.95,60.24,60.87,121100
08/01/2008,60.95,62.2,60.95,61.21,144300
09/01/2008,61.41,62.19,61.41,62.1,94035
10/01/2008,61.95,62.55,61.8,62.41,195600
11/01/2008,62.07,62.56,62.07,62.39,83200
14/01/2008,62.44,62.44,61.84,62.14,114872
15/01/2008,61.61,61.71,61.05,61.2,135642
16/01/2008,60.99,62.17,60.99,61.56,126700
17/01/2008,61.68,61.68,60.45,60.54,124751
18/01/2008,60.57,60.57,59.26,59.5,119540
22/01/2008,56.29,58.32,28.78,57.68,178201
23/01/2008,56.85,58.74,55.74,57.6,274116
24/01/2008,57.87,57.87,57.2,57.49,66410
25/01/2008,57.89,57.89,56.14,56.52,70588
28/01/2008,56.92,57.37,56.52,57.35,92100
29/01/2008,57.76,57.76,57.48,57.58,45478
30/01/2008,57.46,57.76,56.73,56.73,60025
31/01/2008,56.74,57.68,56.38,57.44,55900
01/02/2008,57.56,58.22,57.56,58.2,50500
04/02/2008,58.21,58.61,58.15,58.37,42900
05/02/2008,57.98,58.02,57.23,57.34,67400
06/02/2008,57.7,57.86,57.19,57.24,67800
07/02/2008,57,57.54,56.9,57.38,59200
08/02/2008,57.2,57.2,56.59,56.73,51100
11/02/2008,56.86,56.86,56.33,56.76,31400
12/02/2008,57,57.54,56.99,57.42,53579
13/02/2008,58.25,58.25,57.3,57.65,51900
14/02/2008,57.84,57.84,56.95,57.01,31900
15/02/2008,56.68,57.17,56.68,57.16,75600
19/02/2008,57.99,57.99,57.34,57.37,31700
20/02/2008,57.12,57.28,56.7,57.23,60300
21/02/2008,57.47,57.5,56.58,56.63,67100
22/02/2008,56.95,56.99,55.95,56.72,126700
25/02/2008,57,57.75,57,57.67,64600
26/02/2008,57.65,58.11,56.71,57.89,55400
27/02/2008,57.77,57.8,57.41,57.51,23700
28/02/2008,57.24,57.26,56.89,57.07,34500
29/02/2008,56.52,56.67,55.95,56.2,26900
03/03/2008,56,56.28,55.83,56.21,36105
04/03/2008,56.02,56.3,55.77,56.19,49737
05/03/2008,56.35,56.41,55.66,56.15,65400
06/03/2008,56.05,56.05,54.93,54.93,61709
07/03/2008,54.41,54.9,54.06,54.34,59582
10/03/2008,54.24,54.33,53,53.1,412350
11/03/2008,53.36,54.87,52.61,53.44,97561
12/03/2008,53.36,53.89,53.32,53.39,69400
13/03/2008,53.02,53.92,52.6,53.54,46139
14/03/2008,53.68,53.75,52.2,52.69,49500
17/03/2008,50.92,52.81,50.5,52.37,177418
18/03/2008,52.97,53.9,52.65,53.58,74450
19/03/2008,54,54.38,53.34,53.34,38800
20/03/2008,54.35,54.35,53.19,53.79,55600
24/03/2008,53.99,54.45,53.88,54.4,28435
25/03/2008,54.55,54.64,54.12,54.41,81044
26/03/2008,54.23,54.3,53.96,54.1,38600
27/03/2008,54.4,54.51,54.15,54.21,54300
28/03/2008,54.39,54.55,53.76,53.89,26500
31/03/2008,53.6,53.73,53.04,53.61,26900
01/04/2008,54.01,54.95,54.01,54.95,111700
02/04/2008,55.05,55.05,54.48,54.61,34200
03/04/2008,54.54,54.68,54.34,54.61,40200
04/04/2008,54.66,55.3,54.58,55.03,39708
07/04/2008,55.3,55.49,55.09,55.21,159712
08/04/2008,54.93,55.25,54.93,55.21,48015
09/04/2008,55.1,55.16,54.6,54.76,35700
10/04/2008,55.07,55.56,55.07,55.31,29387
11/04/2008,55,55.05,54.4,54.41,37800
14/04/2008,54.43,54.43,54.08,54.28,36247
15/04/2008,54.25,54.52,53.96,54.09,23099
16/04/2008,54.43,54.57,54.15,54.57,37799
17/04/2008,54.47,54.47,53.94,54.03,26848
18/04/2008,54.44,54.65,54.44,54.57,42280
21/04/2008,54.33,54.51,54.22,54.44,38026
22/04/2008,54,54.03,53.46,53.72,53116
23/04/2008,53.96,54.41,53.85,54.41,38617
24/04/2008,54.55,54.69,53.91,54.42,37825
25/04/2008,54.78,54.97,54.53,54.9,49077
28/04/2008,54.94,55.3,54.94,55.14,54591
29/04/2008,54.92,54.92,54.49,54.71,32034
30/04/2008,54.6,55.02,54.35,54.39,62364
01/05/2008,54.33,55.32,54.33,55.32,65109
05/05/2008,55.04,55.21,54.96,55.14,32395
06/05/2008,55.11,55.15,54.65,55.1,26053
07/05/2008,55.26,55.26,54.29,54.29,42914
09/05/2008,53.96,54.4,53.89,54.29,18775
12/05/2008,54.58,54.76,54.35,54.76,12535
13/05/2008,54.66,54.82,54.34,54.51,49135
14/05/2008,54.77,54.98,54.65,54.73,26561
15/05/2008,54.77,54.77,54.33,54.71,50938
16/05/2008,54.8,54.87,54.51,54.82,22121
19/05/2008,54.71,55.19,54.68,54.96,53918
20/05/2008,54.84,55.26,54.76,54.93,37757
21/05/2008,55.16,55.37,54.5,54.67,101698
22/05/2008,54.67,55.15,54.56,54.97,38059
23/05/2008,54.81,54.81,54.41,54.44,38078
27/05/2008,54.39,54.77,54.36,54.77,25175
28/05/2008,54.75,54.9,54.42,54.73,13674
29/05/2008,54.74,55.71,54.74,55.57,50355
30/05/2008,55.63,55.73,55.46,55.62,28650
02/06/2008,55.7,55.7,54.8,55.12,63419
03/06/2008,55.16,55.5,54.91,55.29,32680
04/06/2008,55.22,55.63,55.1,55.45,19577
05/06/2008,55.6,56,55.4,56,33231
06/06/2008,55.37,55.6,54.61,54.61,31470
09/06/2008,54.65,54.65,54,54.25,20189
10/06/2008,54.03,54.26,53.77,54.01,25278
11/06/2008,53.87,53.87,53.22,53.23,46823
12/06/2008,53.64,53.77,53.3,53.42,28049
13/06/2008,53.74,54.11,53.61,54.11,37167
16/06/2008,53.89,54.04,53.47,53.96,20153
17/06/2008,54.17,54.19,53.67,53.69,21942
18/06/2008,53.8,53.8,53.23,53.23,28810
19/06/2008,52.85,53.73,52.81,53.52,33964
20/06/2008,53.1,53.2,52.69,52.85,20509
23/06/2008,52.95,53.1,52.9,52.95,36443
24/06/2008,52.66,53.19,52.61,52.99,41216
25/06/2008,53.14,53.81,53,53.46,94019
26/06/2008,53.01,53.15,52.45,52.51,46461
27/06/2008,52.45,53.02,52.45,52.68,57928
30/06/2008,52.68,53.44,52.61,53.09,75030
01/07/2008,52.66,53.4,52.66,53.4,430902
02/07/2008,53.67,53.78,53.19,53.19,39319
07/07/2008,53.43,53.43,52.5,52.89,63176
08/07/2008,52.95,54.47,52.95,54.47,140298
09/07/2008,54.54,55.22,54.27,54.27,110549
10/07/2008,54.48,54.73,53.95,54.55,185843
11/07/2008,54.15,54.33,53.67,54.06,30815
14/07/2008,53.54,54.56,53.5,53.6,51680
15/07/2008,54.07,54.76,53.71,54.49,60295
16/07/2008,54.5,55.16,54.5,55,152395
17/07/2008,55.22,55.5,54.67,55.36,191491
18/07/2008,55.39,55.39,54.91,55.12,42640
21/07/2008,55.61,55.61,54.66,54.82,69204
22/07/2008,54.67,55.5,54.51,55.37,83818
23/07/2008,55.96,55.98,55.63,55.84,92913
24/07/2008,56,56.21,55.75,55.82,49505
25/07/2008,55.82,56.19,55.82,56.1,65345
28/07/2008,56.24,56.34,55.57,55.57,30261
29/07/2008,55.82,56.06,55.73,55.9,63274
30/07/2008,55.8,56.25,55.35,55.87,151614
31/07/2008,55.96,56.73,55.91,56.31,106291
01/08/2008,56.19,56.19,55.59,55.8,245271
04/08/2008,55.91,56.64,55.78,56.33,77605
05/08/2008,56.78,57.71,56.7,57.71,236640
06/08/2008,57.7,58.1,57.44,58.02,333585
07/08/2008,57.79,58.02,57.11,57.3,300056
08/08/2008,57.3,58.53,57.28,58.53,136231
11/08/2008,58.58,58.86,58.19,58.67,292073
12/08/2008,58.83,58.83,58.36,58.49,156054
13/08/2008,58.45,58.58,58,58.33,205760
14/08/2008,57.89,59,57.89,58.59,243524
15/08/2008,58.79,59.15,58.79,59.06,64802
18/08/2008,59.17,59.17,58.21,58.62,103754
19/08/2008,58.14,58.4,57.75,57.97,92673
20/08/2008,58.13,58.13,57.36,57.64,59266
21/08/2008,57.23,57.81,57.19,57.7,115291
22/08/2008,58.14,58.49,57.91,58.35,214933
25/08/2008,58.16,58.16,57.25,57.72,143371
26/08/2008,57.51,57.79,57.21,57.46,118325
27/08/2008,57.35,57.68,57.12,57.68,96097
28/08/2008,57.72,57.99,57.51,57.99,127294
29/08/2008,57.91,58.08,57.37,57.37,266982
02/09/2008,58.02,58.51,57.26,57.47,174017
03/09/2008,57.31,57.58,57.09,57.5,244655
04/09/2008,57.23,57.23,56.12,56.16,61201
05/09/2008,55.71,55.94,55.36,55.83,83828
08/09/2008,57.51,57.51,55.69,56.89,94617
09/09/2008,57.12,57.32,56,56,154603
10/09/2008,56.12,56.4,56.05,56.08,54253
11/09/2008,55.64,57.05,55.64,57.05,61188
12/09/2008,56.66,56.72,56.28,56.67,38182
15/09/2008,55.65,56.4,55.5,55.5,80425
16/09/2008,55,55.82,54.67,55.63,82531
17/09/2008,55.25,55.36,53.83,53.84,62960
18/09/2008,53.51,55.19,53.35,55,133176
19/09/2008,55,57.99,54.48,55.5,62700
22/09/2008,54.41,55.47,54.04,54.9,222868
23/09/2008,54.3,54.76,53.86,53.88,82035
24/09/2008,53,54.32,53,54.07,183243
25/09/2008,53.07,55.33,53.07,54.92,298396
26/09/2008,54.55,55.41,54.4,55.21,139455
29/09/2008,55.96,55.96,52.5,52.93,93277
30/09/2008,52.1,54.06,52.1,53.9,66034
01/10/2008,52.8,53.69,52.8,53.58,151507
02/10/2008,53.78,53.83,52.65,52.82,67565
03/10/2008,53.12,53.66,52.2,52.22,59904
06/10/2008,51.22,51.84,48.07,49.8,206906
07/10/2008,49.81,50.5,48.14,48.14,173482
08/10/2008,45.43,48.72,45.41,47.45,167034
09/10/2008,47.45,47.91,44,44.39,105315
10/10/2008,40.9,44.96,40.25,42.94,249805
13/10/2008,42.9,48,42.9,48,132894
14/10/2008,52.02,52.77,46.97,47.85,285956
15/10/2008,47.44,47.57,44.55,44.55,199548
16/10/2008,45.27,46.33,43,46.33,78745
17/10/2008,46.11,48.11,45.42,46.52,166788
20/10/2008,46.97,48.09,46.15,48.09,154167
21/10/2008,48.22,48.5,47.33,47.47,118537
22/10/2008,46.43,46.7,44.45,44.95,109307
23/10/2008,45.09,46.28,43.5,45.46,160905
24/10/2008,42,45.08,42,44.25,122287
27/10/2008,43.16,44.39,42.59,42.59,104951
28/10/2008,43.5,45.76,42.45,45.76,86710
29/10/2008,45,46.28,44.76,44.76,90660
30/10/2008,46.08,46.28,45.21,45.98,101854
31/10/2008,46.3,47.25,46,46.86,123133
03/11/2008,46.72,47.32,46.72,47.16,160176
04/11/2008,47.91,48.06,47.17,47.72,329269
05/11/2008,47.41,47.76,46.17,46.27,275915
06/11/2008,46.01,46.36,44.68,44.94,126328
07/11/2008,45.26,46.3,45.07,46.03,203381
10/11/2008,47.02,47.02,45.32,45.82,110971
11/11/2008,45.37,45.62,44.58,44.98,95630
12/11/2008,44.48,44.65,43.45,43.51,132128
13/11/2008,43.59,46,42.56,46,203283
14/11/2008,45.22,46.15,44.29,44.29,43431
17/11/2008,43.91,44.79,43.5,43.5,87720
18/11/2008,43.13,44.2,42.38,43.44,148140
19/11/2008,43.99,44.32,41.75,41.75,89732
20/11/2008,41.63,42,38.7,39.04,80643
21/11/2008,39.58,40.59,37.93,40.52,131447
24/11/2008,40.96,42.44,40.75,41.85,202709
25/11/2008,42.79,42.79,41.49,42.27,269490
26/11/2008,41.4,42.74,41.3,42.71,94110
01/12/2008,42.46,42.46,40.5,40.5,62702
02/12/2008,41.15,41.95,40.76,41.95,104680
03/12/2008,41.46,43.2,41.19,43.13,126532
04/12/2008,42.5,43.13,41.65,42.06,89017
05/12/2008,41.56,43.63,41.01,43.56,124688
08/12/2008,44.23,44.58,43.56,43.95,130913
09/12/2008,43.8,44.43,42.86,43.08,246812
10/12/2008,43.61,43.8,42.98,43.44,392223
11/12/2008,43.19,44.36,43,43.45,92581
12/12/2008,42.57,43.55,42.5,43.52,64538
15/12/2008,43.84,43.94,42.93,43.33,77709
16/12/2008,43.81,45.13,43.66,45.13,56755
17/12/2008,44.77,45.31,44.45,44.79,82319
18/12/2008,45.17,45.9,44.74,45.21,106456
19/12/2008,45.59,46.16,45.3,45.57,126736
22/12/2008,44.83,44.91,43.66,44.32,152462
23/12/2008,44.56,45.11,44.14,44.27,120328
24/12/2008,44.36,44.46,44.06,44.23,72704
26/12/2008,44.53,44.53,44.16,44.36,80755
29/12/2008,44.55,44.55,43.63,44.01,83904
30/12/2008,44.49,45.19,44.45,45.19,103629
31/12/2008,45.27,45.84,45.26,45.7,109272
02/01/2009,45.7,46.62,45.25,46.46,35171
05/01/2009,46.5,46.5,45.75,46.04,80175
06/01/2009,46.37,46.37,45.24,45.47,96313
07/01/2009,44.82,45.5,44.81,45.1,214118
08/01/2009,44.99,45.29,44.64,45.22,95349
09/01/2009,45.37,45.4,44.63,44.8,73418
12/01/2009,44.89,44.97,44.16,44.41,36096
13/01/2009,44.25,44.99,44.24,44.81,93545
14/01/2009,44.19,44.44,43.8,44.19,83112
15/01/2009,44.1,44.59,43.29,44.46,306253
16/01/2009,44.96,45.04,44.27,44.91,91422
20/01/2009,44.71,45.19,43.58,43.59,150560
21/01/2009,44.08,44.72,43.48,44.72,231842
22/01/2009,44.13,44.91,44.09,44.74,439440
23/01/2009,44.2,44.8,43.89,44.77,118003
26/01/2009,44.73,45.09,44.25,44.64,114357
27/01/2009,44.91,45.76,44.91,45.41,142217
28/01/2009,46.01,46.18,45.72,46.09,86775
29/01/2009,46.21,46.21,45.32,45.57,99991
30/01/2009,45.62,45.62,44.85,44.92,50512
02/02/2009,44.65,45.73,44.65,45.37,65094
03/02/2009,45.82,46.75,45.4,46.43,355818
04/02/2009,46.69,47.09,46.05,46.12,79683
05/02/2009,45.93,46.73,45.84,46.64,83758
06/02/2009,46.59,47.33,46.55,47.07,310831
09/02/2009,47.09,47.1,46.49,46.89,100204
10/02/2009,46.61,46.85,45.39,45.53,95648
11/02/2009,45.63,46.01,45.57,45.99,127782
12/02/2009,45.46,46.46,45.23,46.42,122186
13/02/2009,46.45,46.54,46.03,46.21,111604
17/02/2009,44.92,45.72,44.86,45.22,120094
18/02/2009,45.34,45.36,44.75,45.11,89088
19/02/2009,45.48,45.6,44.92,44.92,123086
20/02/2009,44.47,44.89,44.13,44.48,169345
23/02/2009,44.6,44.7,43.36,43.43,168060
24/02/2009,43.63,44.35,43.54,44.26,125596
25/02/2009,43.96,44.06,43.22,43.48,181261
26/02/2009,43.64,43.64,41.31,41.31,158047
27/02/2009,40.69,40.77,39.61,39.62,163152
02/03/2009,38.9,38.96,37.83,37.83,193470
03/03/2009,38.11,38.61,37.51,37.88,174502
04/03/2009,38.11,39.3,37.97,38.81,88187
05/03/2009,37.93,38.27,37.37,37.58,116604
06/03/2009,37.54,38.17,37.38,38.09,165144
09/03/2009,37.75,38.43,37.47,37.73,97304
10/03/2009,38.04,39.12,38.04,39.08,101969
11/03/2009,39.39,39.66,38.4,38.47,254582
12/03/2009,38.5,40.46,38.35,40.34,113125
13/03/2009,40.76,41.82,40.58,41.55,107212
16/03/2009,41.97,42.1,41.08,41.1,91361
17/03/2009,41,41.82,40.87,41.82,58032
18/03/2009,41.76,42.67,41.55,41.9,81198
19/03/2009,42.16,42.16,40.63,40.97,146361
20/03/2009,41.23,41.47,40.75,41,40588
23/03/2009,41.78,42.51,41.3,42.48,89277
24/03/2009,42.17,42.48,41.87,41.89,58200
25/03/2009,42.01,42.62,41.43,42.22,604318
26/03/2009,42.42,42.9,42.1,42.81,57174
27/03/2009,42.6,42.84,42.32,42.32,120028
30/03/2009,42.29,42.6,41.54,42.01,57462
31/03/2009,42.12,42.95,41.95,41.95,52734
01/04/2009,41.96,42.2,41.1,42.16,105404
02/04/2009,42.88,42.88,42.22,42.22,89512
03/04/2009,42.41,42.5,41.39,41.62,67591
06/04/2009,41.5,42.21,41.45,41.84,59642
07/04/2009,41.42,41.95,41.1,41.41,63146
08/04/2009,41.5,41.92,41.45,41.81,99115
09/04/2009,42.29,42.51,41.99,42.2,71785
13/04/2009,42.09,42.61,42.04,42.32,68953
14/04/2009,42.24,42.53,42.11,42.33,81984
15/04/2009,42.06,42.56,41.9,42.49,130478
16/04/2009,42.65,42.81,42.09,42.7,81212
17/04/2009,42.51,43.28,42.51,43.11,136416
20/04/2009,42.39,42.98,42.18,42.21,81403
21/04/2009,41.96,42.31,41.59,41.89,128122
22/04/2009,41.49,41.93,41.41,41.41,163251
23/04/2009,41.26,41.45,40.65,41.39,87407
24/04/2009,41.56,41.81,41.25,41.51,88443
27/04/2009,41.58,42.29,41.58,42.01,121498
28/04/2009,41.88,42.4,41.82,42.1,104456
29/04/2009,42.13,42.79,42,42.48,106469
30/04/2009,42.6,43.02,42.11,42.31,94726
01/05/2009,42.26,42.38,41.93,42.21,169615
04/05/2009,42.2,43.05,42.2,43.04,96515
05/05/2009,42.95,43.4,42.79,43.33,372277
06/05/2009,43.59,43.74,42.77,43.09,159820
07/05/2009,43.44,44.32,43.09,44.07,123887
08/05/2009,44.37,44.81,44.29,44.52,85005
11/05/2009,43.9,44.43,43.9,44.12,82827
12/05/2009,43.94,44.79,43.94,44.64,104342
13/05/2009,44.23,44.93,44.13,44.39,77471
14/05/2009,44.32,44.77,44.27,44.49,88451
15/05/2009,44.37,44.45,43.84,43.98,55781
18/05/2009,44.21,44.5,43.73,44.48,92631
19/05/2009,44.17,44.54,44.17,44.29,62471
20/05/2009,44.51,44.95,44.39,44.42,84673
21/05/2009,44.04,44.37,43.54,43.96,57562
22/05/2009,44,44.21,43.72,43.83,57930
26/05/2009,43.55,44.65,43.45,44.56,48107
27/05/2009,44.54,44.67,44.08,44.1,78264
28/05/2009,44.42,44.64,43.99,44.31,53006
29/05/2009,44.49,45,44.09,44.99,142028
01/06/2009,45.21,45.5,45.13,45.29,70046
02/06/2009,45.32,46.1,45.24,45.87,47669
03/06/2009,45.44,45.79,45.36,45.71,42841
04/06/2009,45.86,45.86,44.96,45.21,66888
05/06/2009,45.73,45.73,44.67,45.17,45438
08/06/2009,44.83,45.06,44.34,44.88,58777
09/06/2009,44.82,44.91,44.54,44.63,64397
10/06/2009,44.99,44.99,44.15,44.44,40693
11/06/2009,44.6,45.32,44.49,44.89,36660
12/06/2009,44.74,45.42,44.74,45.09,86788
15/06/2009,44.78,44.86,43.7,43.87,63402
16/06/2009,44.08,44.46,43.83,43.88,60949
17/06/2009,43.95,45.06,43.9,44.78,69526
18/06/2009,44.94,45.93,44.79,45.79,338935
19/06/2009,46.18,46.55,45.86,46.16,67847
22/06/2009,45.69,45.76,45.08,45.1,64740
23/06/2009,45.22,45.33,44.89,44.94,59358
24/06/2009,45.13,45.52,44.98,45.26,53128
25/06/2009,45.19,46.73,45.12,46.54,77561
26/06/2009,46.45,46.73,46.1,46.63,29615
29/06/2009,46.58,46.87,46.1,46.87,56906
30/06/2009,46.78,46.94,46.17,46.54,29823
01/07/2009,46.7,46.71,46.36,46.54,84232
02/07/2009,46.04,46.04,45.4,45.4,67020
06/07/2009,45.15,45.7,45.05,45.7,42171
07/07/2009,45.57,46.03,45.45,45.5,63199
08/07/2009,45.94,46.1,45.5,45.78,100140
09/07/2009,45.83,45.84,45,45.27,43397
10/07/2009,45.07,45.46,44.9,45.09,32823
13/07/2009,45.22,45.84,44.91,45.72,40446
14/07/2009,45.94,46.01,45.68,45.96,58590
15/07/2009,46.21,46.46,45.73,46.43,75349
16/07/2009,46.3,46.92,46.3,46.8,43298
17/07/2009,46.88,46.88,46.41,46.55,41052
20/07/2009,46.81,46.9,46.42,46.8,174601
21/07/2009,47,47.48,47,47.47,57664
22/07/2009,47.37,47.63,47.09,47.21,52636
23/07/2009,47.44,48.46,47.44,48.3,61892
24/07/2009,48.27,49.13,48.14,49.13,31405
27/07/2009,49.15,49.33,48.75,49.1,53535
28/07/2009,48.96,49.52,48.96,49.26,33975
29/07/2009,49.1,49.64,49.1,49.44,47846
30/07/2009,50.09,50.22,49.46,49.46,85180
31/07/2009,49.58,49.87,49.22,49.28,36560
03/08/2009,49.49,49.65,49,49.57,52428
04/08/2009,49.41,49.62,49.35,49.57,54833
05/08/2009,49.58,49.75,48.91,49.02,38596
06/08/2009,49.07,49.19,48.34,48.45,44411
07/08/2009,48.85,49.23,48.75,48.88,63533
10/08/2009,48.67,49.2,48.67,49.19,41209
11/08/2009,49.19,49.33,48.93,49.16,52095
12/08/2009,49.04,49.68,48.8,49.33,219719
13/08/2009,49.39,49.46,48.79,49.31,50566
14/08/2009,49.38,49.52,48.72,49.14,33404
17/08/2009,48.64,49.27,48.6,49.14,31635
18/08/2009,49.2,49.2,48.74,49.02,27979
19/08/2009,48.73,49.73,48.73,49.67,97286
20/08/2009,49.59,50.1,49.56,49.97,65119
21/08/2009,50.29,50.8,50.24,50.56,47782
24/08/2009,50.69,50.87,50.51,50.77,74209
25/08/2009,50.96,51.22,50.83,50.92,54193
26/08/2009,50.79,51.18,50.75,50.89,27576
27/08/2009,50.81,51.09,50.42,50.92,45373
28/08/2009,51.2,51.2,50.18,50.49,218928
31/08/2009,50.17,50.65,50,50.33,50468
01/09/2009,50.21,50.71,49.54,49.72,58423
02/09/2009,49.62,49.94,49.45,49.66,42765
03/09/2009,49.71,49.83,49.33,49.67,26752
04/09/2009,49.65,50.36,49.65,50.34,53541
08/09/2009,50.68,50.68,49.83,50.18,96774
09/09/2009,50.23,50.89,50.19,50.74,72204
10/09/2009,50.83,51.14,50.61,51.11,29013
11/09/2009,51.24,51.38,51.07,51.19,106867
14/09/2009,51.03,51.59,51,51.56,59878
15/09/2009,51.61,51.62,51.07,51.28,42214
16/09/2009,51.31,51.57,51.09,51.54,68269
17/09/2009,51.5,51.73,51.44,51.61,43448
18/09/2009,51.63,51.88,51.49,51.52,64240
21/09/2009,51.85,51.98,51.2,51.82,39577
22/09/2009,52.05,52.05,51.5,51.67,114356
23/09/2009,51.74,51.74,51.09,51.17,37340
24/09/2009,51.21,51.27,50.66,50.85,46409
25/09/2009,50.71,51.11,50.7,50.76,24899
28/09/2009,51.01,51.9,51.01,51.52,28965
29/09/2009,51.68,51.78,51.36,51.52,46117
30/09/2009,51.66,51.66,50.8,51.35,34832
01/10/2009,51.17,51.17,50.35,50.35,46226
02/10/2009,50.05,50.38,50.05,50.19,60848
05/10/2009,50.29,50.63,49.93,50.46,69587
06/10/2009,50.56,51.1,50.29,50.96,50069
07/10/2009,50.83,51.05,50.76,51.04,77441
08/10/2009,51.28,51.4,51.04,51.04,42348
09/10/2009,51.11,51.66,51.11,51.59,46544
12/10/2009,51.68,51.97,51.67,51.82,242513
13/10/2009,51.54,51.63,51.24,51.34,60131
14/10/2009,51.69,52.17,51.45,52.05,88415
15/10/2009,51.94,52.4,51.94,52.36,42634
16/10/2009,52.15,52.34,52,52.2,37130
19/10/2009,52.21,52.8,52.09,52.71,72977
20/10/2009,52.66,52.77,52,52.12,45508
21/10/2009,52.01,52.28,51.39,51.41,57165
22/10/2009,51.32,52.02,51.05,51.78,41624
23/10/2009,51.82,51.86,51.11,51.25,61845
26/10/2009,51.36,51.7,50.61,50.74,55488
27/10/2009,50.9,51.13,50.58,50.86,61216
28/10/2009,50.79,50.86,50.04,50.06,86101
29/10/2009,50.27,50.63,50.1,50.55,90872
30/10/2009,50.44,50.73,49.76,49.81,71368
02/11/2009,50.04,50.47,49.73,50.13,58955
03/11/2009,50.04,50.51,49.92,50.21,46041
04/11/2009,50.65,51.37,50.61,50.7,90678
05/11/2009,51.07,51.7,51.07,51.65,26830
06/11/2009,51.44,51.85,51.36,51.83,29786
09/11/2009,52.03,52.63,52,52.62,87533
10/11/2009,52.74,53,52.55,52.9,35012
11/11/2009,53.15,53.18,52.73,53.03,64908
12/11/2009,53.66,53.66,52.63,52.69,47524
13/11/2009,52.81,53.09,52.62,52.82,33800
16/11/2009,53.26,53.71,53.18,53.54,64501
17/11/2009,53.39,53.65,53.27,53.6,39304
18/11/2009,53.52,53.78,53.27,53.74,115839
19/11/2009,53.5,53.5,52.88,53.34,40048
20/11/2009,53.22,53.71,53.22,53.62,51270
23/11/2009,53.88,54.51,53.88,54.15,36005
24/11/2009,54.32,54.7,54.01,54.58,79143
25/11/2009,54.7,54.91,54.26,54.9,40760
27/11/2009,54.04,54.55,52.75,54.32,28438
30/11/2009,54.44,54.44,53.9,54.17,82470
01/12/2009,54.48,54.9,54.48,54.77,26819
02/12/2009,54.9,55.21,54.75,54.94,49627
03/12/2009,55.02,55.32,54.6,54.6,35847
04/12/2009,55.1,55.4,54.5,54.77,158655
07/12/2009,54.8,55.2,54.56,54.66,37565
08/12/2009,54.5,54.51,54.16,54.25,23592
09/12/2009,54.36,54.56,54.1,54.51,43220
10/12/2009,54.71,55.26,54.71,55.11,33112
11/12/2009,55.22,55.34,55.01,55.14,32144
14/12/2009,55.26,55.73,55.26,55.71,54778
15/12/2009,55.8,55.8,55.45,55.73,57994
16/12/2009,55.82,56,55.52,55.56,50356
17/12/2009,55.41,55.93,54.74,55.02,74970
18/12/2009,55.09,55.22,54.83,55.21,96853
21/12/2009,55.48,56.15,55.48,55.85,69801
22/12/2009,54.94,54.94,54.48,54.68,113507
23/12/2009,54.78,54.89,54.59,54.72,62808
24/12/2009,54.61,54.72,54.53,54.72,30571
28/12/2009,54.7,54.89,54.51,54.87,52847
29/12/2009,55.22,55.22,54.8,54.84,130939
30/12/2009,54.76,54.79,54.43,54.77,71808
31/12/2009,54.71,55.1,54.17,54.19,61197
04/01/2010,54.89,54.94,54.38,54.94,76218
05/01/2010,54.93,54.93,54.46,54.6,124035
06/01/2010,54.61,54.94,54.6,54.91,33795
07/01/2010,54.83,55.16,54.74,55.1,30382
08/01/2010,55.07,55.3,54.95,55.3,35622
11/01/2010,55.58,55.68,55.35,55.58,37329
12/01/2010,55.48,55.48,55,55.2,31129
13/01/2010,55.39,56.09,55.39,56.02,34985
14/01/2010,55.93,56.42,55.87,56.39,50157
15/01/2010,56.38,56.44,55.68,56.06,50691
19/01/2010,56.26,57.22,56.26,57.2,85420
20/01/2010,57.27,57.49,56.35,56.83,77271
21/01/2010,56.79,56.95,55.59,55.6,59694
22/01/2010,55.37,55.92,54.89,54.9,64869
25/01/2010,55.5,55.61,54.92,54.98,85007
26/01/2010,55.17,55.17,54.43,54.79,68564
27/01/2010,54.92,55.08,54.38,55.05,60965
28/01/2010,55.11,55.23,54.51,54.6,31616
29/01/2010,54.79,55.01,54.33,54.42,44072
01/02/2010,54.68,54.68,54.12,54.61,139260
02/02/2010,54.63,55.71,54.5,55.67,97995
03/02/2010,55.36,56.06,54.88,55.13,55432
04/02/2010,54.41,54.75,53.58,53.58,82234
05/02/2010,53.57,53.62,52.46,53.45,134542
08/02/2010,53.35,53.85,53.09,53.23,79382
09/02/2010,53.74,54.07,53.25,53.6,49263
10/02/2010,53.66,53.67,53,53.42,41433
11/02/2010,53.38,53.93,53.06,53.8,34076
12/02/2010,53.63,53.84,53.15,53.84,36009
16/02/2010,54.15,54.31,53.73,54.31,46707
17/02/2010,54.35,54.94,54.35,54.71,69749
18/02/2010,54.77,54.95,54.66,54.89,45057
19/02/2010,54.71,55,54.62,54.88,40557
22/02/2010,55.04,55.04,54.54,54.89,95805
23/02/2010,54.73,54.74,54.19,54.26,31146
24/02/2010,54.52,54.73,54.24,54.62,16585
25/02/2010,54.28,54.62,53.96,54.62,40552
26/02/2010,54.68,54.92,54.48,54.71,20922
01/03/2010,54.87,55.43,54.87,55.3,166905
02/03/2010,55.53,55.79,55.4,55.66,36419
03/03/2010,55.74,55.8,55.37,55.48,56470
04/03/2010,55.58,55.58,55.12,55.37,54386
05/03/2010,55.55,56.04,55.39,56.04,26096
08/03/2010,56.07,56.09,55.75,55.86,28117
09/03/2010,55.74,55.94,55.5,55.76,27228
10/03/2010,55.82,56.1,55.82,55.98,34610
11/03/2010,55.84,56.3,55.67,56.3,39552
12/03/2010,56.4,56.4,55.76,56.03,22965
15/03/2010,56.01,56.29,55.84,56.27,27148
16/03/2010,56.3,56.46,56.13,56.46,49756
17/03/2010,56.71,56.71,56.35,56.5,33839
18/03/2010,56.54,56.86,56.39,56.8,44558
19/03/2010,56.94,57.04,56.66,56.8,63500
22/03/2010,57.05,57.52,56.8,57.31,99769
23/03/2010,57.41,57.57,57.12,57.55,84497
24/03/2010,57.45,57.49,57.01,57.03,62532
25/03/2010,57.4,57.51,56.71,56.72,43395
26/03/2010,56.7,56.79,56.2,56.37,61483
29/03/2010,56.62,56.85,56.52,56.83,54074
30/03/2010,56.94,56.96,56.65,56.91,48101
31/03/2010,56.77,56.97,56.5,56.69,75446
01/04/2010,57.25,57.25,56.73,57,52360
05/04/2010,57.28,57.28,56.9,56.99,53481
06/04/2010,56.75,57.08,56.75,56.91,60940
07/04/2010,57.07,57.07,56.45,56.63,72890
08/04/2010,56.47,56.59,56.25,56.52,33065
09/04/2010,56.64,56.75,56.5,56.74,45147
12/04/2010,56.93,57.06,56.56,56.65,43819
13/04/2010,56.62,56.73,56.32,56.7,50115
14/04/2010,56.79,56.92,56.38,56.63,62642
15/04/2010,56.44,56.67,56.39,56.53,68270
16/04/2010,56.5,56.56,55.92,56.21,59947
19/04/2010,56.09,56.59,56,56.59,31388
20/04/2010,56.97,56.97,56.58,56.8,62843
21/04/2010,56.87,56.87,55.65,55.86,58389
22/04/2010,55.65,55.65,54.9,55.26,88422
23/04/2010,55.29,55.85,54.98,55.79,65665
26/04/2010,55.68,55.94,55.17,55.17,67329
27/04/2010,55.03,55.51,54.51,54.6,75626
28/04/2010,54.85,55.12,54.56,54.92,33129
29/04/2010,55.6,55.99,55.42,55.85,65662
30/04/2010,56.04,56.1,55.15,55.15,46839
03/05/2010,55.31,55.63,55.13,55.52,48861
04/05/2010,55.22,55.41,54.76,54.98,55395
05/05/2010,54.54,55,53.83,54.95,161406
06/05/2010,54.68,54.88,34,53.41,172829
07/05/2010,52.49,53.84,51.86,52.51,252385
10/05/2010,53.51,56,53.51,54.02,73261
11/05/2010,53.56,54.52,53.05,54.03,36723
12/05/2010,54.49,54.65,54.03,54.58,49139
13/05/2010,54.51,54.58,54.1,54.14,23556
14/05/2010,53.94,54,52.9,53.21,45427
17/05/2010,53.42,53.53,52.62,53.29,82830
18/05/2010,53.79,53.85,52.83,52.93,41145
19/05/2010,52.6,53.1,52.34,52.76,47031
20/05/2010,51.11,52.04,50.86,50.86,92427
21/05/2010,50.2,51.19,49.89,51.02,73031
24/05/2010,50.59,51.48,50.59,50.91,33054
25/05/2010,49.91,50.66,49.51,50.64,65729
26/05/2010,50.95,51.33,50.48,50.51,318839
27/05/2010,51.39,51.48,51.08,51.48,32048
28/05/2010,51.69,51.84,51.26,51.33,26340
01/06/2010,50.49,51.55,50.28,50.7,43874
02/06/2010,50.96,51.95,50.81,51.95,56189
03/06/2010,51.94,52.36,51.9,52.26,15551
04/06/2010,51.8,51.8,50.47,50.58,26746
07/06/2010,50.78,51.06,50.45,50.45,45292
08/06/2010,50.64,50.78,49.77,50.4,30722
09/06/2010,50.88,50.88,50.07,50.2,84067
10/06/2010,50.9,51.29,50.78,51.27,48839
11/06/2010,51.34,51.82,51.34,51.79,21753
14/06/2010,52.3,52.33,51.86,51.86,37557
15/06/2010,52.29,52.76,52.15,52.72,43008
16/06/2010,52.39,52.94,52.39,52.87,34519
17/06/2010,52.98,52.98,52.43,52.91,35563
18/06/2010,53.2,53.2,52.63,52.79,29288
21/06/2010,53.38,53.47,52.33,52.53,50318
22/06/2010,52.59,53.02,52.01,52.01,36601
23/06/2010,52.05,52.05,51.49,51.85,24250
24/06/2010,51.75,51.75,51.35,51.39,27991
25/06/2010,51.52,52,51.23,51.72,31621
28/06/2010,51.84,52.07,51.42,51.65,23015
29/06/2010,50.97,51.04,50.36,50.57,86659
30/06/2010,50.57,50.86,50.15,50.24,49307
01/07/2010,50.32,50.32,48.82,49.61,101105
02/07/2010,49.69,50.04,49.5,49.78,89710
06/07/2010,50.15,50.38,49.51,49.82,60756
07/07/2010,49.95,50.89,49.76,50.86,26271
08/07/2010,50.9,51.38,50.9,51.33,33631
09/07/2010,51.42,51.5,51.22,51.48,44134
12/07/2010,51.34,51.41,51.17,51.31,22201
13/07/2010,51.91,52,51.73,51.82,21962
14/07/2010,51.72,51.91,51.41,51.84,43101
15/07/2010,51.94,52.04,51.46,51.98,59566
16/07/2010,51.74,51.94,50.74,50.78,38429
19/07/2010,50.81,51.11,50.71,50.94,20270
20/07/2010,50.29,50.84,50.1,50.84,24190
21/07/2010,51.1,51.24,49.96,50.02,33175
22/07/2010,50.72,50.91,50.33,50.44,21652
23/07/2010,50.28,50.58,50.04,50.53,64881
26/07/2010,50.59,51.39,50.59,51.38,38381
27/07/2010,51.57,51.57,51.18,51.31,51127
28/07/2010,51.16,51.31,50.5,50.52,36208
29/07/2010,50.83,51.02,50.16,50.43,131254
30/07/2010,50.06,50.92,49.81,50.73,39663
02/08/2010,51.37,51.65,51.14,51.59,118925
03/08/2010,51.46,52.24,51.46,51.94,96309
04/08/2010,52.1,52.66,52.01,52.62,69679
05/08/2010,52.36,52.58,52.23,52.47,58356
06/08/2010,52.31,52.68,51.88,52.68,36726
09/08/2010,52.86,52.9,52.6,52.86,46667
10/08/2010,52.32,53.06,52.24,52.83,121619
11/08/2010,52.04,52.04,51.41,51.46,53804
12/08/2010,50.71,51.81,50.58,51.64,44667
13/08/2010,51.45,51.66,51.31,51.43,51895
16/08/2010,51.12,51.4,50.83,51.26,95834
17/08/2010,51.73,52.16,51.43,51.93,36781
18/08/2010,51.88,52.24,51.6,51.91,33769
19/08/2010,51.71,51.71,50.81,51,62545
20/08/2010,50.8,50.87,50.5,50.85,28344
23/08/2010,51.02,51.45,50.91,50.91,45117
24/08/2010,50.37,50.41,49.72,49.88,107251
25/08/2010,49.62,50.48,49.45,50.42,47358
26/08/2010,50.59,50.59,49.88,50,28159
27/08/2010,50.33,50.6,49.57,50.56,40527
30/08/2010,50.6,50.6,49.96,49.96,86020
31/08/2010,49.61,50.12,49.57,49.69,46300
01/09/2010,50.35,50.97,50.17,50.9,39797
02/09/2010,51.06,51.28,50.88,51.26,35825
03/09/2010,51.76,51.8,51.47,51.76,31052
07/09/2010,51.5,51.63,51.35,51.39,18372
08/09/2010,51.49,51.86,51.48,51.68,44098
09/09/2010,52.17,52.34,52.03,52.23,23422
10/09/2010,52.34,52.73,52.34,52.66,19635
13/09/2010,53.15,53.15,52.67,52.85,31048
14/09/2010,52.78,53.26,52.7,53.07,46859
15/09/2010,52.9,53.57,52.9,53.49,42034
16/09/2010,53.36,54,53.1,53.38,31784
17/09/2010,53.62,53.71,53.31,53.41,31389
20/09/2010,53.55,54.22,53.45,54.12,29038
21/09/2010,54.19,54.35,54.02,54.15,49836
22/09/2010,54.05,54.38,53.93,54.14,40218
23/09/2010,53.8,54.29,53.8,53.93,30710
24/09/2010,54.37,54.68,54.3,54.65,30334
27/09/2010,54.65,54.65,54.28,54.31,27377
28/09/2010,54.5,54.83,54.05,54.76,42806
29/09/2010,54.54,54.79,54.4,54.62,54397
30/09/2010,54.9,55,54.33,54.53,61379
01/10/2010,54.85,54.85,54.24,54.55,38849
04/10/2010,54.47,54.59,53.83,54.02,34167
05/10/2010,54.48,55.07,54.48,54.95,46252
06/10/2010,54.89,55.02,54.62,54.69,48868
07/10/2010,55.01,55.1,54.72,54.81,15428
08/10/2010,54.85,55.15,54.75,55.02,18921
11/10/2010,55.29,55.29,54.95,55.07,22826
12/10/2010,54.87,55.32,54.74,55.21,29247
13/10/2010,55.28,55.76,55.28,55.62,56517
14/10/2010,55.49,55.72,55.22,55.47,42212
15/10/2010,55.9,56.03,55.36,55.64,26064
18/10/2010,55.97,56.16,55.68,56.11,59987
19/10/2010,55.44,55.61,54.85,55.13,37072
20/10/2010,55.21,55.74,55.21,55.47,156126
21/10/2010,55.88,55.95,55.21,55.62,52871
22/10/2010,55.75,55.75,55.55,55.68,35644
25/10/2010,55.89,56.33,55.82,55.97,52640
26/10/2010,55.75,55.84,55.57,55.81,36906
27/10/2010,55.54,55.67,55.21,55.63,47930
28/10/2010,55.86,56.03,55.6,55.83,18989
29/10/2010,55.8,55.8,55.45,55.58,37346
01/11/2010,55.87,56.04,55.24,55.53,48364
02/11/2010,56,56.1,55.9,55.98,89362
03/11/2010,56.06,56.19,55.67,56.08,33835
04/11/2010,56.5,56.55,56.27,56.38,73819
05/11/2010,56.63,56.63,55.94,56.19,96928
08/11/2010,56.11,56.12,55.84,55.98,126209
09/11/2010,56.04,56.17,55.67,55.73,136633
10/11/2010,55.69,55.89,55.29,55.89,72494
11/11/2010,55.39,56,55.39,55.99,55818
12/11/2010,55.73,55.78,55.24,55.34,30608
15/11/2010,55.48,55.62,55.31,55.33,44258
16/11/2010,55.1,55.16,54.39,54.53,48617
17/11/2010,54.55,54.81,54.55,54.64,27513
18/11/2010,55.12,55.5,54.85,55.34,22324
19/11/2010,55.34,55.48,55.15,55.33,59314
22/11/2010,55.3,55.51,54.98,55.45,40716
23/11/2010,54.86,54.98,54.72,54.77,19827
24/11/2010,55.12,55.3,55.11,55.27,15100
26/11/2010,54.93,55.05,54.78,54.83,8276
29/11/2010,54.57,54.84,54.1,54.75,71720
30/11/2010,54.19,54.6,54.16,54.3,33913
01/12/2010,55.03,55.4,55.03,55.32,34805
02/12/2010,55.44,55.74,55.28,55.74,107878
03/12/2010,55.51,55.83,55.51,55.81,35008
06/12/2010,55.78,55.78,55.5,55.5,21723
07/12/2010,55.9,55.9,55.51,55.54,23493
08/12/2010,55.59,55.76,55.42,55.61,34309
09/12/2010,55.67,55.77,55.55,55.74,49990
10/12/2010,55.9,56.38,55.89,56.36,34957
13/12/2010,56.48,56.55,56.36,56.41,51160
14/12/2010,56.51,57.13,56.51,57.05,87306
15/12/2010,56.98,57.29,56.93,56.98,55070
16/12/2010,57.12,57.43,56.82,57.43,35918
17/12/2010,57.46,57.57,57.15,57.56,33150
20/12/2010,57.67,57.8,57.38,57.58,267650
21/12/2010,57.7,57.7,57.52,57.52,46497
22/12/2010,56.64,56.75,56.54,56.68,135089
23/12/2010,56.64,56.73,56.62,56.68,71576
27/12/2010,56.5,56.63,56.38,56.54,15561
28/12/2010,56.7,56.7,56.45,56.55,44946
29/12/2010,56.8,56.8,56.6,56.6,62083
30/12/2010,56.63,56.63,56.39,56.42,43642
31/12/2010,56.37,56.48,56.25,56.25,239476
03/01/2011,56.86,57.19,56.7,56.85,72680
04/01/2011,57.08,57.08,56.73,56.98,51257
05/01/2011,57.01,57.19,56.78,57.14,54621
06/01/2011,57.11,57.33,57.11,57.31,84826
07/01/2011,57.45,57.45,56.9,57.25,78735
10/01/2011,57.19,57.23,56.98,57.16,56363
11/01/2011,57.33,57.57,57.26,57.48,36182
12/01/2011,57.96,57.96,57.53,57.79,54185
13/01/2011,57.93,57.93,57.42,57.55,38729
14/01/2011,57.44,57.64,57.35,57.6,77364
18/01/2011,57.49,57.93,57.49,57.93,67534
19/01/2011,57.94,57.94,57.15,57.38,91074
20/01/2011,57.2,57.48,57.09,57.37,30241
21/01/2011,57.77,57.77,57.35,57.37,27955
24/01/2011,57.48,57.59,57.37,57.42,64098
25/01/2011,57.31,57.53,57.19,57.44,47245
26/01/2011,57.64,57.64,57.44,57.48,33868
27/01/2011,57.6,57.74,57.42,57.67,64381
28/01/2011,57.51,57.65,56.51,56.57,59524
31/01/2011,56.87,56.87,56.45,56.7,57198
01/02/2011,57.07,57.72,57.07,57.62,63027
02/02/2011,57.4,57.54,57.36,57.47,53184
03/02/2011,57.44,57.66,56.88,57.6,40951
04/02/2011,57.63,57.82,57.37,57.82,28302
07/02/2011,57.99,57.99,57.75,57.82,43610
08/02/2011,57.96,58.03,57.85,58.02,44705
09/02/2011,58,58,57.71,57.84,37614
10/02/2011,57.61,57.99,57.61,57.92,40305
11/02/2011,57.85,58.18,57.72,58.11,40352
14/02/2011,58.18,58.35,58.06,58.31,87757
15/02/2011,58.19,58.31,58.08,58.29,31857
16/02/2011,58.41,58.68,58.39,58.6,80560
17/02/2011,58.35,58.87,58.32,58.82,159616
18/02/2011,58.75,59,58.72,58.94,91217
22/02/2011,58.51,58.63,57.89,58.01,55141
23/02/2011,57.99,58,57.4,57.43,52903
24/02/2011,57.25,57.73,57.18,57.61,35133
25/02/2011,57.84,58.19,57.68,58.17,38556
28/02/2011,58.41,58.73,58.37,58.67,29014
01/03/2011,58.9,58.93,58.22,58.25,35145
02/03/2011,58.12,58.55,58.11,58.45,75234
03/03/2011,58.93,59.67,58.92,59.59,46875
04/03/2011,59.63,59.66,59.17,59.59,222466
07/03/2011,59.73,59.73,58.72,59.03,48181
08/03/2011,59.1,59.67,58.95,59.53,80316
09/03/2011,59.4,59.71,59.38,59.6,45351
10/03/2011,59.19,59.19,58.64,58.68,39970
11/03/2011,58.46,58.99,58.4,58.84,30584
14/03/2011,58.65,58.9,58.3,58.52,71610
15/03/2011,57.36,58.11,57.19,57.91,61946
16/03/2011,57.64,57.73,56.66,56.91,60249
17/03/2011,57.73,57.73,57.3,57.51,48676
18/03/2011,58.23,58.23,57.65,57.89,122506
21/03/2011,58.53,58.69,58.21,58.32,37850
22/03/2011,58.41,58.59,58.25,58.28,21030
23/03/2011,58.12,58.32,57.76,58.22,32772
24/03/2011,58.48,58.96,58.24,58.87,26865
25/03/2011,59,59.31,58.91,59.06,54758
28/03/2011,59.26,59.26,59.05,59.07,76565
29/03/2011,59.14,59.48,59,59.45,41854
30/03/2011,59.69,60.14,59.69,59.99,40662
31/03/2011,59.83,60.19,59.83,60.04,45425
01/04/2011,60.34,60.47,60.16,60.4,49854
04/04/2011,60.7,60.79,60.6,60.71,41251
05/04/2011,60.65,60.75,60.39,60.58,78953
06/04/2011,60.87,60.93,60.64,60.7,86291
07/04/2011,60.74,60.87,60.47,60.61,42418
08/04/2011,60.81,60.86,60.38,60.58,39910
11/04/2011,60.63,60.91,60.59,60.75,30810
12/04/2011,60.45,60.83,60.45,60.67,84279
13/04/2011,60.97,60.97,60.54,60.73,37474
14/04/2011,60.49,61.1,60.39,61.03,91548
15/04/2011,61.28,61.66,61.22,61.58,80418
18/04/2011,61.24,61.24,60.49,60.8,64533
19/04/2011,61.05,61.28,60.79,61.27,29130
20/04/2011,61.85,62.04,61.76,61.9,111468
21/04/2011,62.23,62.37,62,62.12,78034
25/04/2011,61.96,62.15,61.82,62.15,41247
26/04/2011,62.32,62.97,62.32,62.86,121460
27/04/2011,62.93,63.73,62.85,63.63,181954
28/04/2011,63.6,64.05,63.6,64.04,145711
29/04/2011,64.14,64.14,63.86,63.89,106866
02/05/2011,64.45,64.66,64.22,64.47,191231
03/05/2011,64.5,64.5,63.89,64.2,85290
04/05/2011,64.31,64.31,63.76,64.04,110922
05/05/2011,64.04,64.17,63.44,63.63,103691
06/05/2011,64.14,64.42,63.87,64.06,81853
09/05/2011,64.16,64.59,64,64.53,248545
10/05/2011,64.87,64.99,64.45,64.95,172918
11/05/2011,65.09,65.13,64.45,64.77,168758
12/05/2011,64.65,65.38,64.31,65.29,397787
13/05/2011,65.54,65.6,64.86,65.13,127082
16/05/2011,64.91,65.39,64.8,65.06,99112
17/05/2011,64.92,65.05,64.59,65.01,81039
18/05/2011,65.02,65.61,64.94,65.59,83998
19/05/2011,65.87,65.87,65.11,65.45,86333
20/05/2011,65.39,65.39,64.74,64.97,55920
23/05/2011,64.52,64.52,63.93,64.27,82808
24/05/2011,64.39,64.39,63.97,64.01,60454
25/05/2011,63.8,64.32,63.76,64.19,50404
26/05/2011,64,64.39,63.74,64.34,53892
27/05/2011,64.45,64.45,64.16,64.38,68650
31/05/2011,64.85,65.15,64.59,65.13,69999
01/06/2011,64.99,65.12,64.2,64.2,171670
02/06/2011,64.21,64.25,63.81,64.07,117247
03/06/2011,63.58,63.79,63.35,63.39,79746
06/06/2011,63.28,63.34,62.81,62.86,137932
07/06/2011,63.16,63.46,62.96,63.05,49558
08/06/2011,62.97,63.16,62.8,63.02,93114
09/06/2011,63.11,63.9,63.03,63.6,64820
10/06/2011,63.36,63.36,62.4,62.47,50071
13/06/2011,62.5,62.95,62.5,62.65,70891
14/06/2011,63.17,63.43,63,63.21,63128
15/06/2011,62.93,63.23,62.29,62.41,100099
16/06/2011,62.37,62.7,62.1,62.47,99535
17/06/2011,63.03,63.11,62.44,62.56,61764
20/06/2011,62.48,63.21,62.46,63.14,51606
21/06/2011,63.49,63.8,63.28,63.67,91875
22/06/2011,63.48,63.76,63.28,63.3,63585
23/06/2011,63.03,63.28,62.35,63.24,75598
24/06/2011,63.24,63.24,62.4,62.54,67172
27/06/2011,62.63,63.01,62.34,62.83,92399
28/06/2011,63.06,63.91,63,63.81,38782
29/06/2011,64.12,64.12,63.72,63.92,166999
30/06/2011,64.11,64.34,64.07,64.15,61934
01/07/2011,64.16,65.01,64.14,64.97,129895
05/07/2011,64.93,64.94,64.61,64.83,302453
06/07/2011,64.84,65.21,64.8,65.12,54815
07/07/2011,65.5,65.5,64.9,65.14,95793
08/07/2011,64.87,64.94,64.52,64.93,71903
11/07/2011,64.37,64.45,63.8,63.93,50952
12/07/2011,63.68,64.56,63.68,63.95,35544
13/07/2011,64.31,64.87,64.14,64.26,35072
14/07/2011,64.35,64.67,63.99,64.1,30260
15/07/2011,64.34,64.34,63.5,63.81,60508
18/07/2011,63.62,63.62,62.83,63.28,79312
19/07/2011,63.5,64.02,63.39,63.89,100232
20/07/2011,64.01,64.01,63.47,63.68,43017
21/07/2011,64.15,64.87,64.07,64.65,61928
22/07/2011,64.69,64.71,64.3,64.61,59815
25/07/2011,63.94,64.24,63.74,63.75,71115
26/07/2011,63.75,63.75,63.16,63.18,161442
27/07/2011,62.84,62.87,61.88,61.95,96321
28/07/2011,61.89,62.58,61.75,61.85,194727
29/07/2011,61.26,62,60.88,61.65,152473
01/08/2011,62.33,62.33,59.91,60.47,261542
02/08/2011,60.03,60.37,59.05,59.05,187151
03/08/2011,59.09,59.21,57.76,59.18,607447
04/08/2011,58.38,58.38,56.52,56.52,237719
05/08/2011,56.96,57.52,55.38,56.79,302044
08/08/2011,55.23,56.07,53.57,53.58,202299
09/08/2011,54.05,55.74,52.7,55.74,289755
10/08/2011,55.06,55.38,53.37,53.58,210496
11/08/2011,53.81,56.5,53.61,55.8,130960
12/08/2011,56.33,56.82,55.79,56.48,65508
15/08/2011,56.94,57.62,56.66,57.62,112662
16/08/2011,57.14,57.79,56.82,57.45,75344
17/08/2011,57.7,58.13,56.93,57.37,75458
18/08/2011,56.07,56.19,54.92,55.34,76781
19/08/2011,54.5,55.94,54.5,55.05,120172
22/08/2011,56.05,56.17,54.98,55.1,75055
23/08/2011,55.29,56.98,55.15,56.93,77152
24/08/2011,56.78,57.62,56.71,57.6,39310
25/08/2011,57.72,57.77,56.44,56.62,64161
26/08/2011,56.19,57.55,55.26,57.39,42291
29/08/2011,58.06,59.02,58.06,59.02,64246
30/08/2011,58.72,59.59,58.36,59.24,57778
31/08/2011,59.54,60.06,59.1,59.59,376217
01/09/2011,59.57,60.14,58.98,58.98,106706
02/09/2011,58.08,58.65,57.61,57.71,35316
06/09/2011,56.71,57.91,56.29,57.8,71418
07/09/2011,58.61,59.37,58.37,59.37,53309
08/09/2011,58.86,59.52,58.58,58.68,54165
09/09/2011,58.2,58.2,56.71,56.94,54155
12/09/2011,56.13,57.15,56.05,57.08,61630
13/09/2011,57.24,57.86,57.05,57.69,43017
14/09/2011,57.97,59,57.14,58.36,49434
15/09/2011,58.85,58.95,58,58.95,26981
16/09/2011,59.05,59.35,58.8,59.16,24190
19/09/2011,58.3,58.9,58.17,58.66,70578
20/09/2011,58.97,59.72,58.59,59.05,62290
21/09/2011,59.04,59.16,57.53,57.53,62830
22/09/2011,56.03,56.59,55.62,56.26,73621
23/09/2011,56,56.59,55.79,56.47,95481
26/09/2011,57.18,57.35,56.23,57.32,42334
27/09/2011,58.24,58.96,57.93,58.23,67665
28/09/2011,58.29,58.43,57.07,57.08,50994
29/09/2011,57.79,58.17,56.55,57.45,98631
30/09/2011,56.64,57.77,56.64,56.69,74713
03/10/2011,56.28,57.07,54.75,54.75,131810
04/10/2011,54.1,55.44,53.72,55.44,84629
05/10/2011,55.52,56.46,55.3,56.41,64026
06/10/2011,56.41,57.14,56.18,57.11,67389
07/10/2011,57.24,57.41,56.77,56.92,114388
10/10/2011,57.75,58.33,57.75,58.31,45087
11/10/2011,58.05,58.32,57.99,58.1,38209
12/10/2011,58.52,58.86,58.28,58.29,61197
13/10/2011,58.03,58.47,57.8,58.33,37422
14/10/2011,58.97,58.97,58.52,58.88,147053
17/10/2011,58.68,58.68,57.66,57.66,38100
18/10/2011,57.64,58.7,57.22,58.27,68892
19/10/2011,58.41,58.84,57.8,57.97,56409
20/10/2011,58.15,58.25,57.33,58.13,61632
21/10/2011,58.77,59.3,58.72,59.21,43720
24/10/2011,59.3,60.28,59.3,60.19,68205
25/10/2011,59.91,59.99,58.88,58.89,53542
26/10/2011,59.54,59.94,58.9,59.71,70829
27/10/2011,61,61.34,60.32,61.08,146675
28/10/2011,60.97,61.44,60.83,61.34,64147
31/10/2011,60.69,60.96,60.1,60.1,133928
01/11/2011,58.72,59.5,58.62,58.8,88692
02/11/2011,59.54,59.54,58.89,59.22,26535
03/11/2011,59.73,60.02,59.3,59.89,44866
04/11/2011,59.41,59.68,59.07,59.43,47091
07/11/2011,59.35,60.06,59.09,60.02,23298
08/11/2011,60.35,60.74,59.78,60.73,47547
09/11/2011,59.68,59.84,58.74,58.94,323455
10/11/2011,59.49,59.97,59.3,59.67,56569
11/11/2011,60.29,60.88,60.29,60.7,47753
14/11/2011,60.22,60.56,60.13,60.29,51839
15/11/2011,60.08,60.63,59.93,60.45,34046
16/11/2011,59.86,60.29,59.31,59.31,58797
17/11/2011,59.19,59.31,58.22,58.67,55228
18/11/2011,58.91,58.91,58.47,58.48,61070
21/11/2011,57.68,57.95,57.41,57.59,100617
22/11/2011,57.49,58.02,57.44,57.74,151668
23/11/2011,57.33,57.33,56.86,56.92,80426
25/11/2011,56.74,57.06,56.52,56.65,52382
28/11/2011,57.67,58.28,57.67,58.2,61098
29/11/2011,58.54,58.79,58.31,58.48,38188
30/11/2011,59.77,60.68,59.77,60.66,50872
01/12/2011,60.6,61.04,60.55,60.67,62244
02/12/2011,61.19,61.19,59.91,60.01,73967
05/12/2011,60.79,60.79,59.89,60.16,93172
06/12/2011,60.24,60.71,60.2,60.41,35906
07/12/2011,60.28,60.96,59.88,60.71,202584
08/12/2011,60.33,60.5,59.39,59.49,42768
09/12/2011,59.57,60.58,59.57,60.41,39350
12/12/2011,59.88,60.03,59.47,59.7,35278
13/12/2011,59.99,60.4,59.31,59.52,38126
14/12/2011,59.43,59.57,59.25,59.33,45315
15/12/2011,59.85,60.22,59.66,59.91,27362
16/12/2011,60.34,60.46,59.88,60.03,54198
19/12/2011,60.28,60.63,59.71,59.86,47488
20/12/2011,60.63,61.27,60.62,61.17,63039
21/12/2011,60.07,60.59,60.02,60.54,69303
22/12/2011,60.75,61,60.54,60.95,46932
23/12/2011,61.19,61.35,61,61.35,161904
27/12/2011,61.3,61.62,61.29,61.51,50558
28/12/2011,61.6,61.6,60.67,60.71,135684
29/12/2011,60.95,61.37,60.85,61.32,90985
30/12/2011,61.29,61.52,61.2,61.21,45516
03/01/2012,61.99,62.11,61.81,61.93,105840
04/01/2012,61.86,61.86,61.4,61.59,56323
05/01/2012,61.4,61.9,61.19,61.85,47995
06/01/2012,61.96,62.17,61.68,61.99,109124
09/01/2012,62.13,62.18,61.71,62.13,80425
10/01/2012,62.67,62.75,62.53,62.67,74462
11/01/2012,62.57,62.89,62.43,62.82,62263
12/01/2012,62.78,63,62.48,62.95,58004
13/01/2012,62.71,62.75,62.19,62.7,53114
17/01/2012,63.25,63.43,62.99,63.06,111057
18/01/2012,63.09,63.5,62.95,63.49,56039
19/01/2012,63.51,63.62,63.22,63.51,85911
20/01/2012,63.52,63.62,63.27,63.48,34627
23/01/2012,63.3,63.63,63.02,63.23,30072
24/01/2012,63.03,63.41,63.03,63.29,65364
25/01/2012,63.18,63.98,63.02,63.91,130315
26/01/2012,64.17,64.17,63.38,63.63,52976
27/01/2012,63.57,63.99,63.57,63.79,47408
30/01/2012,63.5,63.68,63.17,63.68,122071
31/01/2012,64,64.34,63.62,63.76,98382
01/02/2012,64.25,64.73,63.78,64.52,91818
02/02/2012,64.51,64.51,64.03,64.39,94029
03/02/2012,64.81,64.84,64.59,64.79,57263
06/02/2012,64.66,64.78,64.37,64.56,75818
07/02/2012,64.5,64.69,64.2,64.63,111468
08/02/2012,64.63,64.69,64.3,64.61,46226
09/02/2012,64.72,64.72,64.19,64.38,62253
10/02/2012,64.06,64.11,63.69,64.09,40552
13/02/2012,64.55,64.79,64.46,64.63,83763
14/02/2012,64.52,64.85,64.48,64.77,44254
15/02/2012,65.02,65.07,64.53,64.63,26203
16/02/2012,64.76,65.23,64.66,65.2,48311
17/02/2012,65,65.19,64.79,64.88,72341
21/02/2012,65.12,65.12,64.24,64.4,57800
22/02/2012,64.41,64.54,64,64.35,48473
23/02/2012,64.48,64.66,64.39,64.63,35627
24/02/2012,64.72,64.95,64.63,64.9,26864
27/02/2012,64.55,65.15,64.49,64.97,67731
28/02/2012,64.92,65.35,64.92,65.21,45284
29/02/2012,65.31,65.36,64.81,64.83,121380
01/03/2012,64.87,65.21,64.76,65.16,60833
02/03/2012,65.14,65.14,64.73,64.95,38063
05/03/2012,64.93,65.08,64.64,64.73,55176
06/03/2012,64.34,64.44,63.66,63.79,305875
07/03/2012,63.94,64.2,63.75,64.14,44250
08/03/2012,64.55,65.04,64.55,64.92,47642
09/03/2012,64.99,65.44,64.99,65.23,28321
12/03/2012,65.31,65.36,65.05,65.12,26646
13/03/2012,65.48,66.08,65.44,66.07,30753
14/03/2012,65.89,66.21,65.85,65.99,33110
15/03/2012,66.06,66.31,65.89,66.25,41832
16/03/2012,66.29,66.43,66.13,66.2,39509
19/03/2012,66.17,66.46,66.04,66.31,37596
20/03/2012,65.82,66.07,65.82,65.88,71456
21/03/2012,66.01,66.08,65.78,65.92,52707
22/03/2012,65.7,65.8,65.48,65.72,35090
23/03/2012,65.65,65.98,65.58,65.95,101200
26/03/2012,66.33,67.11,66.33,67.11,60356
27/03/2012,67.24,67.43,67.13,67.18,51448
28/03/2012,67.22,67.44,66.63,66.97,54262
29/03/2012,66.74,67.16,66.54,67.08,49600
30/03/2012,67.25,67.67,67.25,67.57,64735
02/04/2012,67.66,67.92,67.51,67.79,98503
03/04/2012,67.63,68,67.53,67.93,66881
04/04/2012,67.57,67.59,67.24,67.4,66987
05/04/2012,67.11,67.46,66.92,67.42,76743
09/04/2012,66.87,66.87,66.41,66.44,55980
10/04/2012,66.36,66.5,65.45,65.46,69610
11/04/2012,65.96,66.07,65.73,65.76,96949
12/04/2012,65.91,66.29,65.86,66.17,37926
13/04/2012,66.04,66.08,65.49,65.52,57036
16/04/2012,65.38,65.72,65.15,65.46,67624
17/04/2012,65.47,66.48,65.45,66.37,138633
18/04/2012,66.4,66.46,66.22,66.28,27065
19/04/2012,66.68,66.98,66.22,66.49,32604
20/04/2012,66.8,67.18,66.64,66.85,44458
23/04/2012,66.42,66.42,66.05,66.33,54025
24/04/2012,66.35,66.63,66.24,66.54,41300
25/04/2012,67.04,67.43,66.8,67.34,44912
26/04/2012,67.17,67.47,66.91,67.32,38774
27/04/2012,67.61,67.69,67.21,67.53,36699
30/04/2012,67.53,67.62,67.18,67.3,330429
01/05/2012,67.3,67.81,67,67.52,51976
02/05/2012,67.17,67.58,67.17,67.57,249675
03/05/2012,67.6,67.6,67.03,67.19,15646
04/05/2012,66.95,66.95,66.2,66.29,47449
07/05/2012,66,66.76,65.9,66.59,50733
08/05/2012,66.26,66.72,65.84,66.68,54634
09/05/2012,66.15,66.45,65.72,66.06,144539
10/05/2012,66.44,66.83,66.42,66.57,92254
11/05/2012,66.4,66.97,66.4,66.56,90817
14/05/2012,66.1,66.59,65.86,66.3,81565
15/05/2012,66.21,66.46,65.79,65.97,154863
16/05/2012,66.12,66.35,65.97,66.05,91841
17/05/2012,66.1,66.1,65.23,65.23,73023
18/05/2012,65.53,65.53,64.43,64.63,114177
21/05/2012,64.65,65.47,64.65,65.45,67963
22/05/2012,65.55,65.9,65.09,65.29,63284
23/05/2012,64.99,65.06,64.3,64.93,60120
24/05/2012,65.06,65.57,65.04,65.54,56429
25/05/2012,65.54,65.82,65.37,65.58,39962
29/05/2012,65.84,66.07,65.46,65.76,63541
30/05/2012,65.33,65.48,65.15,65.3,46744
31/05/2012,65.35,65.4,64.59,65.05,69488
01/06/2012,64.23,64.33,63.62,63.73,160687
04/06/2012,63.64,64,63.38,63.87,94180
05/06/2012,63.79,64.42,63.61,64.31,84704
06/06/2012,64.74,65.24,64.49,65.24,148402
07/06/2012,65.75,65.75,65.18,65.23,92653
08/06/2012,65.05,65.84,65.05,65.78,47396
11/06/2012,66.03,66.05,65.05,65.12,80370
12/06/2012,65.28,65.73,64.85,65.7,101183
13/06/2012,65.59,66.15,65.4,65.57,87315
14/06/2012,65.77,66.68,65.66,66.46,80654
15/06/2012,66.64,66.99,66.6,66.94,240205
18/06/2012,66.79,67.39,66.62,67.31,98073
19/06/2012,67.61,68.19,67.61,67.95,68405
20/06/2012,67.96,68.07,67.4,67.9,125647
21/06/2012,67.88,68,66.82,66.9,71240
22/06/2012,67.11,67.74,67.11,67.71,27453
25/06/2012,67.05,67.05,66.71,66.78,93614
26/06/2012,66.69,67.22,66.69,67.01,72390
27/06/2012,67.16,67.99,67.16,67.82,145584
28/06/2012,67.66,67.66,66.82,67.57,91873
29/06/2012,68.6,68.89,68.42,68.89,78360
02/07/2012,69.11,69.33,68.8,69.32,278880
03/07/2012,69.38,69.5,69.06,69.35,66029
05/07/2012,69.3,69.3,68.84,69,72340
06/07/2012,68.63,68.72,68.19,68.48,54549
09/07/2012,68.46,68.99,68.46,68.97,84037
10/07/2012,69.22,69.28,68.3,68.46,102485
11/07/2012,68.58,68.58,68,68.35,61132
12/07/2012,68.11,68.72,67.83,68.54,32259
13/07/2012,68.77,69.32,68.67,69.28,76969
16/07/2012,69.26,69.4,69.02,69.34,61843
17/07/2012,69.43,70.29,69.16,70.2,88141
18/07/2012,70.08,70.51,69.82,70.36,173711
19/07/2012,70.45,70.45,69.98,70.3,65792
20/07/2012,69.96,69.96,69.28,69.34,57544
23/07/2012,68.69,68.69,68.08,68.51,54290
24/07/2012,68.59,68.59,67.4,67.76,124832
25/07/2012,68.09,68.11,67.48,67.99,129509
26/07/2012,68.84,68.92,68.37,68.64,53656
27/07/2012,69.17,70.29,69.04,70.1,38578
30/07/2012,70.15,70.15,69.7,69.81,44834
31/07/2012,69.55,70,69.32,69.32,39427
01/08/2012,69.69,69.8,69.09,69.09,223813
02/08/2012,68.73,69,68.16,68.58,34646
03/08/2012,69.48,69.86,69.32,69.44,34837
06/08/2012,69.63,69.66,69.37,69.49,115948
07/08/2012,69.66,69.66,69.36,69.5,48342
08/08/2012,69.53,69.67,69.37,69.57,83327
09/08/2012,69.68,69.81,69.42,69.56,67863
10/08/2012,69.58,69.89,69.41,69.89,41483
13/08/2012,69.85,69.85,69.35,69.69,38697
14/08/2012,70.01,70.04,69.76,69.94,41457
15/08/2012,70.08,70.27,69.94,70.2,36756
16/08/2012,70.18,70.18,69.66,69.99,38002
17/08/2012,70.2,70.2,69.5,69.77,39830
20/08/2012,69.74,69.89,69.62,69.83,56754
21/08/2012,70.05,70.23,69.59,69.72,45779
22/08/2012,69.52,69.84,69.41,69.72,33974
23/08/2012,69.82,69.82,69.42,69.6,38155
24/08/2012,69.73,70.31,69.31,70.17,29532
27/08/2012,70.28,70.54,70.04,70.25,68394
28/08/2012,70.21,70.41,69.98,70.21,49449
29/08/2012,70.17,70.71,70.17,70.45,44475
30/08/2012,70.25,70.35,69.94,70.2,30959
31/08/2012,70.54,70.73,70.03,70.48,71903
04/09/2012,70.36,70.94,70.09,70.74,249741
05/09/2012,70.98,71.05,70.55,70.76,66536
06/09/2012,70.89,71.95,70.87,71.88,62000
07/09/2012,71.99,72.09,71.7,71.87,131644
10/09/2012,71.87,71.92,71.61,71.62,49330
11/09/2012,71.7,71.86,71.5,71.62,68962
12/09/2012,71.81,71.83,71.52,71.63,43823
13/09/2012,71.71,72.57,71.46,72.42,169162
14/09/2012,72.46,72.56,72.02,72.2,118271
17/09/2012,72.2,72.53,72.1,72.53,71471
18/09/2012,72.57,72.95,72.46,72.87,42107
19/09/2012,73.04,73.15,72.8,72.91,41169
20/09/2012,72.87,73.19,72.48,73.19,61609
21/09/2012,73.46,73.7,73.35,73.56,101822
24/09/2012,73.4,73.69,73.25,73.55,102400
25/09/2012,73.87,74.35,73.41,73.43,87548
26/09/2012,73.23,73.52,72.92,73.01,86117
27/09/2012,73.29,73.66,73.08,73.53,95215
28/09/2012,73.12,73.42,72.89,73.21,58331
01/10/2012,73.51,74.1,73.5,73.67,159309
02/10/2012,74.2,74.22,73.67,74.05,165626
03/10/2012,74.21,74.63,74,74.56,113657
04/10/2012,74.98,75.2,74.68,75.04,66258
05/10/2012,75.54,75.54,74.83,75.06,125522
08/10/2012,74.99,75,74.58,74.9,143577
09/10/2012,74.8,74.8,73.87,73.91,113732
10/10/2012,73.95,73.95,73.19,73.27,133576
11/10/2012,73.7,74,73.54,73.55,53634
12/10/2012,73.85,73.89,73.3,73.38,37819
15/10/2012,73.82,74.31,73.6,74.27,64070
16/10/2012,74.84,75.03,74.49,75.01,70330
17/10/2012,75.38,75.38,74.83,75.06,84786
18/10/2012,74.74,74.91,74.46,74.89,82497
19/10/2012,74.9,74.91,73.32,73.54,75743
22/10/2012,73.9,73.9,73.05,73.49,49906
23/10/2012,72.83,72.83,72.03,72.55,70162
24/10/2012,72.75,72.97,72.47,72.52,59717
25/10/2012,72.8,73.34,72.8,73.1,38641
26/10/2012,73.09,73.2,72.43,72.8,51486
31/10/2012,73.18,73.18,71.91,72.23,125650
01/11/2012,72.44,73.09,72.39,72.83,275982
02/11/2012,73.18,73.25,72.33,72.33,66509
05/11/2012,72.4,72.73,72.1,72.59,69085
06/11/2012,72.56,73.1,72.3,72.75,67206
07/11/2012,72.35,72.35,70.86,71.51,138195
08/11/2012,71.69,71.69,70.62,70.66,83099
09/11/2012,70.22,71.33,70.22,70.89,70409
12/11/2012,71.44,71.53,71.05,71.15,118959
13/11/2012,70.8,71.66,70.74,70.95,115211
14/11/2012,70.89,71.11,69.8,69.99,100494
15/11/2012,69.85,70,69.39,69.76,100512
16/11/2012,69.69,70.52,69.67,70.39,89689
19/11/2012,71.05,71.23,70.85,71.23,173369
20/11/2012,71.28,71.64,71.03,71.62,118777
21/11/2012,71.79,71.82,71.53,71.75,45353
23/11/2012,72.24,72.53,71.98,72.53,29958
26/11/2012,72.3,72.3,71.85,72.19,75068
27/11/2012,72.24,72.31,71.77,71.82,52687
28/11/2012,71.71,72.31,71.14,72.3,78734
29/11/2012,72.94,73.02,72.54,72.91,138526
30/11/2012,73.23,73.23,72.66,72.93,80695
03/12/2012,73.37,73.39,72.63,72.76,106268
04/12/2012,72.74,73.09,72.7,72.81,395007
05/12/2012,73.31,73.32,72.56,73.08,68191
06/12/2012,73.1,73.21,72.9,73.12,104478
07/12/2012,73.39,73.39,72.79,73.24,53104
10/12/2012,73.11,73.72,73.06,73.62,78414
11/12/2012,73.88,74.53,73.88,74.41,113895
12/12/2012,74.78,74.8,74.15,74.26,123418
13/12/2012,74.19,74.34,73.51,73.63,54995
14/12/2012,73.46,73.69,73.22,73.33,58458
17/12/2012,73.55,73.91,73.49,73.86,79075
18/12/2012,74.1,74.63,73.83,74.51,211515
19/12/2012,74.78,74.78,73.8,73.82,99094
20/12/2012,72.56,72.8,72.38,72.71,88693
21/12/2012,72,72.36,71.8,72.21,87248
24/12/2012,72.1,72.1,71.84,71.95,57651
26/12/2012,72.21,72.21,71.42,71.62,56054
27/12/2012,71.69,71.87,70.85,71.52,157952
28/12/2012,71.28,71.47,70.75,70.79,131182
31/12/2012,70.6,71.72,70.42,71.67,168823
02/01/2013,73.2,73.2,72.6,73.17,232237
03/01/2013,73.25,73.3,72.88,73.19,125672
04/01/2013,73.48,73.74,73.4,73.6,141952
07/01/2013,73.53,73.93,73.41,73.89,125174
08/01/2013,73.85,74.16,73.83,73.9,299875
09/01/2013,74.07,74.74,74.07,74.74,193584
10/01/2013,74.99,75.26,74.62,75.19,181954
11/01/2013,75.32,75.38,74.95,75.1,197047
14/01/2013,75.22,75.36,74.97,75.3,223322
15/01/2013,74.97,75.34,74.91,75.24,126568
16/01/2013,75.3,75.3,74.98,74.99,194990
17/01/2013,75.29,75.89,75.2,75.7,115903
18/01/2013,75.81,75.98,75.49,75.95,139010
22/01/2013,76.03,76.26,75.58,76.25,182647
23/01/2013,76.42,76.42,75.95,76.1,133559
24/01/2013,76.48,76.82,76.25,76.6,130004
25/01/2013,76.78,77.22,76.57,77.22,162971
28/01/2013,77.42,77.42,76.89,76.91,127944
29/01/2013,76.92,77.66,76.92,77.63,141901
30/01/2013,77.83,77.83,77.19,77.32,85539
31/01/2013,77.32,77.4,77.08,77.12,84635
01/02/2013,77.46,77.89,77.3,77.76,115693
04/02/2013,77.4,77.5,76.84,76.89,166537
05/02/2013,77.45,77.86,77.27,77.72,139785
06/02/2013,77.83,77.95,77.49,77.73,132538
07/02/2013,78,78.11,77.03,77.44,102735
08/02/2013,77.6,77.98,77.52,77.95,134761
11/02/2013,78.06,78.11,77.64,77.79,72929
12/02/2013,77.95,77.95,77.64,77.68,58370
13/02/2013,77.83,77.89,77.46,77.72,87389
14/02/2013,77.72,77.97,77.5,77.85,89106
15/02/2013,77.92,78.05,77.72,77.93,49607
19/02/2013,77.87,78.45,77.86,78.43,174929
20/02/2013,78.45,78.54,77.87,77.87,130331
21/02/2013,77.68,77.78,77.21,77.5,108022
22/02/2013,77.8,77.96,77.55,77.96,81295
25/02/2013,78.37,78.45,76.94,76.94,91192
26/02/2013,77.1,77.32,76.61,77.22,81717
27/02/2013,77.16,78.31,77.11,78.07,71760
28/02/2013,78.02,78.61,78.02,78.1,205605
01/03/2013,77.96,78.64,77.63,78.64,80777
04/03/2013,78.51,79.1,78.37,79.1,103406
05/03/2013,79.48,79.94,79.42,79.84,136908
06/03/2013,80.09,80.19,79.84,79.95,156239
07/03/2013,80.06,80.23,79.85,79.96,80011
08/03/2013,80.28,80.36,79.8,80.2,78759
11/03/2013,80.2,80.59,80.06,80.59,188655
12/03/2013,80.76,80.92,80.67,80.83,69528
13/03/2013,80.87,80.98,80.59,80.91,79403
14/03/2013,81.04,81.1,80.81,81.03,96431
15/03/2013,81.01,81.01,80.53,80.75,88071
18/03/2013,80.36,80.65,79.9,80.33,108188
19/03/2013,80.49,80.64,79.89,80.32,59811
20/03/2013,80.78,81.13,80.77,81.02,151836
21/03/2013,80.86,80.96,80.35,80.55,132937
22/03/2013,80.91,81.06,80.75,81.03,67455
25/03/2013,81.37,81.38,80.52,80.85,141146
26/03/2013,81.18,81.76,81.18,81.76,111140
27/03/2013,81.57,82.19,81.27,82.14,136027
28/03/2013,82.21,82.95,82.21,82.92,172659
01/04/2013,82.99,83.11,82.51,82.94,284809
02/04/2013,83.43,84.15,83.43,84.03,451201
03/04/2013,84.15,84.22,83.16,83.37,299007
04/04/2013,83.62,84.07,83.33,83.7,130400
05/04/2013,83.05,83.25,82.74,83.21,134591
08/04/2013,83.32,83.36,82.61,83.36,138849
09/04/2013,83.61,83.97,83.44,83.6,163141
10/04/2013,83.85,85.04,83.77,84.98,198039
11/04/2013,85.14,86.05,85.14,85.78,203163
12/04/2013,85.56,85.98,85.42,85.91,179364
15/04/2013,85.87,85.92,84.16,84.19,204007
16/04/2013,84.91,85.52,84.5,85.46,203123
17/04/2013,85.03,85.26,84.46,85.09,142288
18/04/2013,85.07,85.17,83.76,84.02,280535
19/04/2013,84.48,85.64,84.43,85.59,107049
22/04/2013,85.94,86.12,85.39,85.99,136683
23/04/2013,86.19,86.93,85.72,86.59,221335
24/04/2013,86.58,86.58,85.13,85.21,162754
25/04/2013,85.62,85.77,85.14,85.58,125757
26/04/2013,85.33,85.69,85.16,85.54,146891
29/04/2013,85.81,86.14,85.73,85.86,170328
30/04/2013,85.73,85.76,84.85,85.28,258252
01/05/2013,84.84,85.1,84.29,84.3,142419
02/05/2013,84.9,85.43,84.75,85.33,86759
03/05/2013,86,86.25,85.62,85.76,126696
06/05/2013,85.94,85.94,85.34,85.37,211012
07/05/2013,85.59,85.64,85.24,85.52,209058
08/05/2013,85.63,86.05,85.52,85.84,108733
09/05/2013,85.89,86.31,85.7,85.99,419738
10/05/2013,86.08,86.94,86.07,86.94,165877
13/05/2013,86.99,87.66,86.78,87.59,283572
14/05/2013,87.78,88.59,87.75,88.55,266794
15/05/2013,88.46,89.32,88.4,88.84,230499
16/05/2013,88.72,88.72,87.84,87.93,135389
17/05/2013,88.16,88.47,87.75,88.43,119231
20/05/2013,88.49,88.58,87.76,87.87,162320
21/05/2013,88.05,88.85,87.88,88.69,104121
22/05/2013,89.16,90.54,88.14,88.45,255820
23/05/2013,87.66,88.9,87.47,88.67,193713
24/05/2013,88.49,88.51,87.65,88.42,91510
28/05/2013,89.3,90.09,88.94,89.31,169496
29/05/2013,89,89,87.54,88.04,192455
30/05/2013,88.22,89,88.08,88.72,257210
31/05/2013,88.8,88.8,86.92,86.93,195319
03/06/2013,87.32,87.33,86.44,87.33,194168
04/06/2013,87.23,87.74,86.23,86.7,112042
05/06/2013,86.5,87.07,85.26,85.44,293066
06/06/2013,85.47,86.62,85.07,86.62,162756
07/06/2013,87.17,87.91,87.17,87.61,118805
10/06/2013,88.04,88.04,87.4,87.81,136204
11/06/2013,87.2,87.99,86.75,87.42,125898
12/06/2013,87.95,88.19,86.57,86.57,102177
13/06/2013,86.47,87.9,85.93,87.85,92351
14/06/2013,87.79,88.15,87.42,87.65,86803
17/06/2013,88.32,88.48,87.42,87.82,118112
18/06/2013,87.95,88.59,87.82,88.53,126929
19/06/2013,88.66,88.66,87.12,87.18,124669
20/06/2013,86.51,86.51,84.65,84.94,269684
21/06/2013,85.64,86.16,84.9,85.71,154679
24/06/2013,85.11,85.74,84.28,85.04,559893
25/06/2013,85.92,85.92,84.91,85.41,156567
26/06/2013,86.03,86.98,86.02,86.66,180443
27/06/2013,87.2,87.5,86.9,87.01,144599
28/06/2013,86.94,87.28,86.39,86.39,286087
01/07/2013,86.9,87.87,86.84,87.06,152490
02/07/2013,86.82,87.33,86.5,86.79,575589
03/07/2013,86.45,86.88,86.03,86.59,113677
05/07/2013,87.33,87.87,87,87.87,164789
08/07/2013,88.33,88.5,88.1,88.32,194099
09/07/2013,88.73,88.76,88.2,88.58,133262
10/07/2013,88.64,89.38,88.58,89.15,137775
11/07/2013,90.07,90.41,89.91,90.33,296030
12/07/2013,90.35,91.02,90.21,90.98,156532
15/07/2013,91.25,91.26,90.73,91.14,196239
16/07/2013,91.33,91.35,90.39,90.61,149166
17/07/2013,90.95,91.2,90.7,90.81,148384
18/07/2013,91.13,91.35,91,91.06,118160
19/07/2013,90.95,92.17,90.52,92.13,128653
22/07/2013,92.26,92.74,91.95,92.56,272744
23/07/2013,92.78,92.78,92.07,92.22,165640
24/07/2013,92.59,92.59,91.78,92.01,141183
25/07/2013,92,92.57,91.39,92.52,106527
26/07/2013,92.58,93.05,91.94,93.01,105033
29/07/2013,92.97,93.17,92.49,92.76,134864
30/07/2013,93.1,93.2,92.43,92.84,106902
31/07/2013,92.86,93.65,92.86,92.99,139435
01/08/2013,93.6,93.75,93.43,93.67,172697
02/08/2013,93.61,93.69,93.36,93.69,132783
05/08/2013,93.69,93.88,93.46,93.63,211378
06/08/2013,93.55,93.61,92.79,93.11,111627
07/08/2013,92.85,93.22,92.5,93.02,136178
08/08/2013,93.49,93.62,92.81,93.07,112486
09/08/2013,93.12,93.39,92.53,92.81,126805
12/08/2013,92.62,92.74,92.25,92.57,137463
13/08/2013,92.87,92.98,92.08,92.72,144971
14/08/2013,92.6,93.06,92.1,92.1,96455
15/08/2013,91.53,91.53,90.52,90.53,202158
16/08/2013,90.53,90.55,90.01,90.08,108047
19/08/2013,90,90.62,89.89,90.18,93095
20/08/2013,90.2,90.9,90.2,90.63,98482
21/08/2013,90.48,91.03,89.94,90.24,74164
22/08/2013,90.49,91.05,90.36,90.85,84135
23/08/2013,91.05,91.13,90.5,91.05,85726
26/08/2013,91.22,91.78,91.08,91.23,521936
27/08/2013,90.51,90.6,89.49,89.67,145363
28/08/2013,89.61,90.32,89.24,89.97,78466
29/08/2013,89.84,90.94,89.75,90.36,77274
30/08/2013,90.56,90.56,89.65,89.85,68075
03/09/2013,90.64,91.07,90.04,90.45,121647
04/09/2013,90.52,91.63,90.46,91.55,100549
05/09/2013,91.8,91.87,91.46,91.79,114487
06/09/2013,92.14,92.33,90.66,91.85,161894
09/09/2013,92.03,92.52,91.83,92.51,75704
10/09/2013,92.98,93.21,92.66,93.07,177724
11/09/2013,93.14,93.68,93.03,93.55,102089
12/09/2013,93.59,93.77,93.3,93.42,116899
13/09/2013,93.5,93.69,93.2,93.65,174223
16/09/2013,94.68,94.74,94.18,94.4,147248
17/09/2013,94.48,94.56,94.15,94.56,148885
18/09/2013,94.67,95.3,93.96,95.12,113899
19/09/2013,95.47,95.47,94.67,94.85,125460
20/09/2013,94.94,95.24,94.58,94.63,203221
23/09/2013,94.25,94.3,93.55,93.97,144446
24/09/2013,93.99,94.14,93.51,93.58,83588
25/09/2013,93.51,93.73,92.9,92.9,127639
26/09/2013,93.08,93.63,93.06,93.42,98015
27/09/2013,93.18,93.56,92.75,93.39,263600
30/09/2013,92.69,93.43,92.5,93.14,351656
01/10/2013,93.18,94.4,93.18,94.38,276763
02/10/2013,94.02,94.27,93.66,94.2,165448
03/10/2013,94.08,94.08,93.04,93.44,146242
04/10/2013,93.51,94.52,93.42,94.35,151021
07/10/2013,93.66,93.97,93.37,93.37,112172
08/10/2013,93.33,93.42,91.73,91.79,232914
09/10/2013,91.87,91.87,90.92,91.43,160196
10/10/2013,92.5,93.55,92.5,93.55,165251
11/10/2013,93.64,94.12,93.42,93.97,162770
14/10/2013,93.52,94.59,93.23,94.57,149848
15/10/2013,94.45,94.79,93.93,94.03,144591
16/10/2013,94.36,95.9,94.36,95.88,164477
17/10/2013,95.55,96.79,95.54,96.76,233776
18/10/2013,97.1,97.1,95.96,96.51,214042
21/10/2013,96.62,96.62,95.7,95.9,119085
22/10/2013,96.11,96.98,96.11,96.75,126078
23/10/2013,96.7,96.8,96.17,96.74,117244
24/10/2013,97.04,97.23,96.69,96.8,109159
25/10/2013,96.83,96.87,96.39,96.84,82312
28/10/2013,97,97.26,96.73,97.1,112382
29/10/2013,97.46,97.66,97.13,97.64,131558
30/10/2013,98,98,96.7,96.97,133750
31/10/2013,96.86,97.29,96.4,96.54,64270
01/11/2013,96.77,97.26,96.5,97.17,90194
04/11/2013,97.5,97.52,97,97.37,86171
05/11/2013,97.24,97.24,96.59,97.05,123416
06/11/2013,97.8,97.8,96.53,96.66,68436
07/11/2013,97.01,97.29,95.68,95.73,121411
08/11/2013,95.97,97.41,95.73,97.41,463286
11/11/2013,97.49,97.75,97.28,97.67,86434
12/11/2013,97.38,97.64,97.09,97.64,71823
13/11/2013,97.43,98.18,97.1,98.18,73575
14/11/2013,98.44,99.04,98.37,98.94,114337
15/11/2013,99.02,99.52,98.86,99.52,112338
18/11/2013,99.89,99.89,98.8,98.98,135455
19/11/2013,98.8,99.2,98.4,99.01,106402
20/11/2013,99.23,99.84,98.95,99.37,109479
21/11/2013,99.79,100.19,99.68,100.02,143875
22/11/2013,100.45,101.22,100.45,101.2,174898
25/11/2013,101.8,102.03,101.42,101.57,247951
26/11/2013,101.81,101.81,101.35,101.35,130985
27/11/2013,101.71,101.71,101.25,101.42,143970
29/11/2013,101.6,101.81,101.39,101.42,67190
02/12/2013,101.25,101.71,101.15,101.44,156569
03/12/2013,101.15,101.15,100.42,100.71,248449
04/12/2013,100.34,100.91,99.48,100.33,181095
05/12/2013,100.04,100.67,100,100.1,75283
06/12/2013,101.01,101.37,100.69,101.34,81130
09/12/2013,101.94,101.94,101.35,101.42,189463
10/12/2013,101.48,101.48,100.63,100.99,91966
11/12/2013,101.4,101.4,99.06,99.16,148312
12/12/2013,99.08,99.23,98.56,98.65,136009
13/12/2013,98.88,99.15,98.36,98.74,116070
16/12/2013,99.29,99.83,98.81,98.98,122292
17/12/2013,99.05,99.05,98.01,98.51,231063
18/12/2013,98.67,100.77,98.3,100.69,185021
19/12/2013,100.65,100.65,99.97,100.43,135262
20/12/2013,99.68,100.22,99.45,99.99,158638
23/12/2013,100.48,100.56,100.24,100.46,145915
24/12/2013,100.57,100.69,100.26,100.45,109945
26/12/2013,100.65,101.04,100.58,100.98,147078
27/12/2013,101.38,101.38,100.76,100.93,151729
30/12/2013,100.95,101.1,100.42,101.09,317544
31/12/2013,101.22,101.32,100.79,101.1,165688
02/01/2014,100.96,101.02,100.3,100.58,254958
03/01/2014,100.86,101.23,100.71,100.81,149515
06/01/2014,101.3,101.42,100.18,100.4,252408
07/01/2014,100.88,101.83,100.88,101.57,263827
08/01/2014,101.74,102.67,101.55,102.56,303721
09/01/2014,103.12,103.52,102.62,103.48,263645
10/01/2014,103.79,104.14,103.05,104.14,287724
13/01/2014,104.36,104.82,103.03,103.32,533503
14/01/2014,103.76,104.77,103.32,104.71,198564
15/01/2014,104.81,105.03,104.36,104.72,275079
16/01/2014,104.68,105.12,104.54,105.03,214977
17/01/2014,105.16,105.42,104.73,104.99,379680
21/01/2014,105.76,105.8,104.77,105.64,261971
22/01/2014,105.94,105.94,105.35,105.68,289317
23/01/2014,105.6,105.61,104.36,105.03,289139
24/01/2014,104.3,104.47,102.52,102.52,364499
27/01/2014,102.54,102.59,100.97,101.49,438326
28/01/2014,102.1,103.25,102.1,102.9,249611
29/01/2014,102.16,102.98,101.63,102.04,239886
30/01/2014,102.95,104.07,102.95,103.85,329932
31/01/2014,102.7,103.58,102.5,102.99,255519
03/02/2014,103.05,103.39,100.51,100.63,448568
04/02/2014,101.14,101.77,100.96,101.63,578185
05/02/2014,101.63,101.66,100.11,101.04,446482
06/02/2014,101.34,101.72,101.13,101.45,361231
07/02/2014,101.77,103.4,101.53,103.35,305955
10/02/2014,103.69,104.43,103.34,104.43,607513
11/02/2014,104.74,105.78,104.3,105.7,892448
12/02/2014,105.97,106.38,105.5,105.75,275305
13/02/2014,105.31,106.71,105.18,106.68,520172
14/02/2014,106.88,107.08,106.37,106.9,268759
18/02/2014,107.57,108.27,107.36,108.06,315275
19/02/2014,108,108.41,107.21,107.31,380202
20/02/2014,107.55,108.59,107.07,108.44,829149
21/02/2014,108.77,109.19,108.27,108.46,263104
24/02/2014,108.93,109.89,108.71,109.23,796334
25/02/2014,109.56,109.65,108.71,109.09,247827
26/02/2014,109.33,109.69,108.8,109.09,301529
27/02/2014,108.98,109.67,108.71,109.63,208916
28/02/2014,109.78,110.44,108.3,109.11,405038
03/03/2014,108,108.79,107.63,108.45,424338
04/03/2014,110.03,110.75,109.77,110.59,259198
05/03/2014,110.81,110.82,110.08,110.35,203207
06/03/2014,110.88,111.15,109.22,109.46,280326
07/03/2014,110,110.04,108.38,109.16,243318
10/03/2014,109.22,109.51,108.49,109.46,275431
11/03/2014,109.68,110.12,108.95,109.18,170235
12/03/2014,108.55,109.33,108.27,109.24,160712
13/03/2014,109.84,109.84,107.37,107.71,279123
14/03/2014,107.54,108.03,107.07,107.22,261191
17/03/2014,107.76,108.69,107.76,108.1,173614
18/03/2014,108.49,109.67,108.27,109.58,248784
19/03/2014,109.88,110.13,108.46,109.19,310086
20/03/2014,109.19,109.3,108.53,109.09,181908
21/03/2014,109.7,109.95,106.84,107.04,361290
24/03/2014,107.37,107.43,104.6,105.42,972206
25/03/2014,106,107.19,105.18,106.14,774558
26/03/2014,106.65,107.57,106.02,106.02,861614
27/03/2014,106,106.41,104.88,105.9,164413
28/03/2014,106.01,107.16,104.96,105.3,238805
31/03/2014,106.11,107,105.89,106.92,160413
01/04/2014,107.33,108.3,107.01,107.76,173651
02/04/2014,108.04,108.27,107.66,108.2,338841
03/04/2014,108.38,108.43,106.94,107.56,706469
04/04/2014,108.27,108.58,105.44,105.68,389177
07/04/2014,105.1,106.26,103.88,104.45,402108
08/04/2014,104.67,104.67,103,103.89,385852
09/04/2014,104.26,106.18,103.89,106.17,189926
10/04/2014,106.25,106.25,102.17,102.54,396806
11/04/2014,101.79,103.24,101.19,101.26,627789
14/04/2014,101.85,102.48,100.52,101.63,361810
15/04/2014,102.09,102.99,100.31,102.61,389332
16/04/2014,103.4,103.72,102.64,103.29,287043
17/04/2014,103.21,103.9,102.75,103.3,160431
21/04/2014,103.48,104.59,103.42,104.59,265292
22/04/2014,105.35,106.31,105.18,105.76,210023
23/04/2014,105.92,106,104.84,105.2,175112
24/04/2014,105.61,105.67,103.99,105,224670
25/04/2014,104.73,105.06,103.9,104.1,175865
28/04/2014,104.71,105.43,103.15,104.54,211348
29/04/2014,104.88,105.42,104.5,105.27,181116
30/04/2014,105.15,105.51,104.6,105.49,140422
01/05/2014,105.42,106.33,104.77,105.69,201089
02/05/2014,105.95,105.95,104.68,104.95,115291
05/05/2014,104.3,105.6,103.85,105.6,136879
06/05/2014,105.48,105.48,104.58,104.58,136359
07/05/2014,104.74,104.85,103.31,104.73,245572
08/05/2014,104.48,105.45,103.79,104.04,150526
09/05/2014,104,104.87,103.39,104.75,112600
12/05/2014,105.15,106.15,105.15,106.11,127257
13/05/2014,106.17,106.65,106.09,106.11,91860
14/05/2014,106.35,106.53,105.77,106.17,114756
15/05/2014,105.86,105.91,104.51,105.14,174076
16/05/2014,105.25,105.54,104.64,105.46,100600
19/05/2014,105.43,106.3,105.16,106.25,193912
20/05/2014,106.25,106.25,105.1,105.47,303929
21/05/2014,105.74,106.37,105.74,106.25,135545
22/05/2014,106.26,107.37,106,106.92,192501
23/05/2014,107.05,107.28,106.71,107.14,75552
27/05/2014,107.68,107.93,107.24,107.91,152527
28/05/2014,108.04,108.11,107.52,107.66,84213
29/05/2014,107.81,108.36,107.81,108.34,148233
30/05/2014,108.51,108.57,108.03,108.5,128091
02/06/2014,108.74,108.74,107.74,108.61,135920
03/06/2014,108.33,108.91,108.14,108.88,157840
04/06/2014,108.85,109.24,108.44,109.23,122994
05/06/2014,109.5,109.98,108.75,109.63,138133
06/06/2014,109.72,109.8,109.41,109.66,127710
09/06/2014,109.71,109.71,109.13,109.39,323667
10/06/2014,109.34,109.64,108.64,109.62,85361
11/06/2014,109.36,109.73,109.2,109.57,78060
12/06/2014,109.5,109.52,108.73,109,84390
13/06/2014,109.06,109.11,108.51,108.92,182443
16/06/2014,109.32,110,108.82,109.22,383964
17/06/2014,109.2,109.54,108.89,109.3,562511
18/06/2014,109.21,110.13,109.04,110.13,121981
19/06/2014,110.29,110.48,109.99,110.46,121228
20/06/2014,111,111.49,110.72,111.49,106341
23/06/2014,111.47,111.68,110.97,111.05,103854
24/06/2014,111.21,111.92,110.8,110.95,103984
25/06/2014,110.9,112.08,110.79,112.04,139962
26/06/2014,112.23,112.31,111.2,112.01,125455
27/06/2014,111.87,112.01,111.5,111.91,101043
30/06/2014,111.92,112.23,111.46,111.63,136070
01/07/2014,111.88,113.29,111.88,113.13,142929
02/07/2014,113.23,113.85,112.94,113.81,106195
03/07/2014,114.22,114.22,113.57,114.15,101005
07/07/2014,114.01,114.17,113.07,113.12,245329
08/07/2014,112.94,112.98,111.41,111.84,236964
09/07/2014,112.1,112.41,111.46,112.29,134567
10/07/2014,111.4,112.5,110.84,112.22,108997
11/07/2014,112.18,112.54,111.71,112.42,77019
14/07/2014,112.88,113.07,112.56,112.83,84786
15/07/2014,112.96,113,111.44,111.7,136007
16/07/2014,112.16,112.22,110.95,111.4,140535
17/07/2014,110.98,111.83,109.89,110.09,149496
18/07/2014,110.37,112.08,110.27,111.94,97153
21/07/2014,111.74,111.74,111,111.52,199520
22/07/2014,112.03,112.87,112.03,112.5,104605
23/07/2014,113.46,113.67,113.16,113.62,109769
24/07/2014,113.83,113.93,113.2,113.32,121609
25/07/2014,113.08,113.13,112.36,112.9,129184
28/07/2014,112.94,113.11,112.21,112.84,367219
29/07/2014,113.15,113.53,112.86,113.16,99052
30/07/2014,113.67,114.18,113.15,113.72,148816
31/07/2014,113.09,113.09,111.27,111.33,168846
01/08/2014,111.02,112,110.45,111.28,159486
04/08/2014,111.51,112.05,110.71,111.86,157429
05/08/2014,111.51,111.91,110.54,110.97,146424
06/08/2014,110.47,111.42,110.09,110.86,124230
07/08/2014,111.2,111.2,109.4,109.64,134581
08/08/2014,109.75,110.92,109.4,110.86,147592
11/08/2014,111.49,111.66,110.81,110.96,349350
12/08/2014,110.88,111.12,110.5,110.79,108093
13/08/2014,111.4,112.24,111.27,112.15,109438
14/08/2014,112.59,113.42,112.36,113.42,235965
15/08/2014,113.91,114.08,112.45,113.46,237178
18/08/2014,114.18,114.59,113.96,114.4,304289
19/08/2014,114.88,115.25,114.26,115.18,152233
20/08/2014,115.14,115.28,114.69,115.12,130484
21/08/2014,115.32,115.52,114.97,115.11,168627
22/08/2014,115.34,115.58,114.91,115.26,113641
25/08/2014,115.93,116.56,115.92,116.27,190938
26/08/2014,116.43,117,116.32,116.91,181254
27/08/2014,117.3,117.3,116.65,116.86,124454
28/08/2014,116.68,117.02,116.35,116.63,167491
29/08/2014,116.94,117.31,116.63,117.17,136498
02/09/2014,117.53,117.54,116.78,117.17,172202
03/09/2014,118.07,118.07,117.26,117.53,210115
04/09/2014,118.1,118.1,116.58,116.81,207878
05/09/2014,116.85,117.38,115.64,117.38,132650
08/09/2014,117.25,117.71,117.1,117.67,196594
09/09/2014,117.61,117.76,116.98,117.17,238620
10/09/2014,117.17,118.17,117.13,118.12,144729
11/09/2014,117.69,117.92,117.18,117.91,458474
12/09/2014,117.9,117.9,116.6,117.02,175712
15/09/2014,116.89,116.95,116.07,116.44,191384
16/09/2014,116.2,118.02,116.12,117.93,109073
17/09/2014,117.9,118.6,117.35,118.13,197921
18/09/2014,118.8,119.04,118.31,119.02,192625
19/09/2014,119.63,119.78,118.8,119.04,174154
22/09/2014,118.87,118.87,117.77,118.24,258112
23/09/2014,117.2,118.11,117.18,117.53,137845
24/09/2014,117.81,119.55,117.77,119.55,152037
25/09/2014,119.35,119.44,117.6,117.62,309540
26/09/2014,117.99,118.1,117.05,117.96,211812
29/09/2014,117,118.14,116.9,117.88,307410
30/09/2014,118.06,118.11,116.93,116.99,200647
01/10/2014,116.86,116.93,115.32,115.79,350573
02/10/2014,115.75,116.11,114.41,115.65,288796
03/10/2014,116.75,118.02,116.53,117.83,335837
06/10/2014,118.93,118.93,116.88,117.29,430508
07/10/2014,116.96,116.98,115.45,115.45,285918
08/10/2014,115.59,118.32,115.21,118.26,311054
09/10/2014,118.06,118.18,115.72,115.9,446644
10/10/2014,115.65,117.06,114.93,114.93,470446
13/10/2014,114.85,115.02,112.35,112.43,437212
14/10/2014,113.03,113.57,110.87,111.81,929019
15/10/2014,110.18,111.54,108.28,111.12,752123
16/10/2014,109.13,112.14,109.13,110.92,478494
17/10/2014,112.82,113.24,111.74,112.56,366775
20/10/2014,112.6,113.96,112.6,113.93,1462089
21/10/2014,114.91,116.9,114.91,116.9,552826
22/10/2014,117.07,117.1,116.02,116.24,375181
23/10/2014,117,118.87,117,118.27,292034
24/10/2014,118.57,119.94,118.42,119.89,266077
27/10/2014,120,120.15,119.3,120.03,354581
28/10/2014,120.92,121.1,120.1,121.09,375798
29/10/2014,121.03,121.39,120.25,121.01,300761
30/10/2014,120.76,123.26,120.76,123.15,293498
31/10/2014,124.88,124.88,123.35,123.73,362048
03/11/2014,123.89,124.19,123.16,123.84,371994
04/11/2014,123.75,124.13,123,123.78,292481
05/11/2014,124.75,124.8,123.18,123.42,352527
06/11/2014,123.65,124.41,123.65,124.24,367041
07/11/2014,124.27,124.29,122.46,122.89,296547
10/11/2014,123.13,124.15,122.73,124.15,294983
11/11/2014,124.29,125.03,124.08,124.59,393734
12/11/2014,124.18,124.69,123.93,124.54,228153
13/11/2014,124.66,125.18,123.86,124.39,246346
14/11/2014,124.31,124.31,122.86,123.26,265824
17/11/2014,123.05,124.22,123.05,123.82,376777
18/11/2014,124.02,125.91,123.87,125.83,306390
19/11/2014,125.78,125.78,124.89,125.12,268546
20/11/2014,124.56,125.19,124.23,124.82,191618
21/11/2014,126.21,126.25,125.08,125.33,385033
24/11/2014,125.73,126.24,125.66,126.22,455528
25/11/2014,126.75,126.75,125.81,126.31,382416
26/11/2014,126.39,127.21,126.39,127.19,222530
28/11/2014,127.64,128.62,127.56,127.78,214671
01/12/2014,127.31,128.22,127.02,127.26,350135
02/12/2014,127.63,128.86,127.63,128.65,351908
03/12/2014,128.88,129.03,128.34,128.96,316299
04/12/2014,128.91,129.44,128.31,128.78,292871
05/12/2014,128.95,129.88,128.84,129.77,313929
08/12/2014,129.73,131.1,128.8,130.24,352293
09/12/2014,129.1,130.13,128.13,130.03,314256
10/12/2014,129.86,129.92,127.81,127.89,279794
11/12/2014,128.17,129.79,128.06,128.36,397235
12/12/2014,127.6,128.3,126.43,126.47,415479
15/12/2014,127.24,127.24,124.61,125.15,607759
16/12/2014,124.55,126.69,123.69,123.8,547944
17/12/2014,124.15,126.61,123.8,126.42,314655
18/12/2014,127.5,128.46,126.4,128.43,594329
19/12/2014,128.78,129.71,128.15,129.15,398360
22/12/2014,128.39,128.5,127.21,127.9,329178
23/12/2014,128.55,128.55,124.29,125,613198
24/12/2014,124.92,126.57,124.92,125.88,174078
26/12/2014,126.32,127.12,126.32,126.88,235281
29/12/2014,126.94,127.35,126.56,127.25,204368
30/12/2014,127.2,127.29,126.61,126.66,245799
31/12/2014,127,127.79,125.49,125.59,190791
02/01/2015,126.08,127.29,125.36,125.88,284582
05/01/2015,125.85,126.31,125.09,125.26,364531
06/01/2015,125.7,126.57,123.85,124.66,529791
07/01/2015,125.74,127.65,125.74,127.65,358619
08/01/2015,129.23,130,128.8,129.87,466315
09/01/2015,130.37,130.37,128.42,128.98,335978
12/01/2015,129.88,130.3,128.6,128.92,338795
13/01/2015,129.88,130.83,127.41,128.52,304473
14/01/2015,127.19,128.6,126.74,128.43,407916
15/01/2015,128.77,129.02,126.73,126.81,295305
16/01/2015,126.72,129.35,126.69,129.21,247559
20/01/2015,129.44,129.7,127.68,129.24,378821
21/01/2015,129.12,129.92,128.48,129.21,249035
22/01/2015,129.89,130.9,127.95,130.89,283579
23/01/2015,130.72,130.91,130.16,130.39,327917
26/01/2015,130.5,131.27,129.71,131.23,322077
27/01/2015,130.04,131.32,129.76,130.45,350233
28/01/2015,130.99,131.12,128.35,128.51,331327
29/01/2015,128.74,129.74,127.56,129.62,272332
30/01/2015,129.27,129.99,127.5,127.71,232348
02/02/2015,128.13,128.36,126.04,128.22,330584
03/02/2015,128.95,128.95,126.91,128.92,413528
04/02/2015,127.65,128.06,126.58,127.32,270361
05/02/2015,128.37,129.65,128.24,129.5,351091
06/02/2015,130,130.16,128.17,128.54,296458
09/02/2015,128.05,128.33,126.78,127.03,229586
10/02/2015,127.75,129.24,127.75,129.12,226660
11/02/2015,129,130.04,128.59,129.31,220968
12/02/2015,129.92,130.13,128.82,129.9,212770
13/02/2015,129.97,130.58,129.39,130.56,317570
17/02/2015,130.48,131.45,130.43,131.39,309258
18/02/2015,131.45,131.71,130.71,131.71,262326
19/02/2015,131.5,132.11,131.47,131.9,230437
20/02/2015,131.86,133.32,131.51,133.31,252796
23/02/2015,133.63,134.41,133.31,133.86,339262
24/02/2015,134.15,134.37,133.12,133.63,240922
25/02/2015,133.59,134.2,133.07,133.87,215607
26/02/2015,134.07,134.31,133.15,134.31,197215
27/02/2015,134.14,134.35,133.54,133.62,175623
02/03/2015,133.68,134.76,133.68,134.73,245454
03/03/2015,134.41,134.49,132.89,133.71,500507
04/03/2015,133.52,134.51,132.51,134.28,486674
05/03/2015,134.63,135.63,134.53,135.07,241440
06/03/2015,134.49,134.49,132.39,132.66,357497
09/03/2015,132.93,133.37,132.06,133.26,217630
10/03/2015,132.85,132.85,131.58,132.04,256995
11/03/2015,132.39,132.76,131.87,132.12,188961
12/03/2015,132.6,133.71,132.4,133.71,235926
13/03/2015,133.56,134.44,132.66,133.53,270913
16/03/2015,134.6,136.4,134.57,136.36,286933
17/03/2015,136.16,136.3,135.16,136.08,283812
18/03/2015,135.86,138.18,135.18,137.59,281427
19/03/2015,137.63,138.82,137.5,138.68,297331
20/03/2015,139.88,140.35,138.65,139.38,349125
23/03/2015,139.16,139.48,138.31,138.86,279773
24/03/2015,138.98,139.45,137.72,137.74,267864
25/03/2015,137.96,138.7,134.82,134.9,367976
26/03/2015,134.08,135.62,133.28,134.52,292951
27/03/2015,134.74,136.15,134.69,135.76,241241
30/03/2015,137.24,137.35,136.58,137.25,329927
31/03/2015,136.98,137.53,135.42,135.52,325138
01/04/2015,135.31,135.31,132.72,133.83,392275
02/04/2015,133.9,134.55,133.54,134.12,213582
06/04/2015,133.67,134.99,133.06,134.33,195288
07/04/2015,134.41,135.62,134.41,134.54,257056
08/04/2015,134.99,136.35,134.87,135.9,247818
09/04/2015,135.99,136.94,135.6,136.79,290433
10/04/2015,136.79,138.17,136.43,137.97,219417
13/04/2015,137.93,138.75,137.4,137.47,291478
14/04/2015,137.75,137.85,136.5,137.57,197170
15/04/2015,138.2,138.5,137.63,137.88,240439
16/04/2015,138.09,138.39,137.67,137.92,269770
17/04/2015,137.43,137.57,135.78,136.69,305256
20/04/2015,137.57,137.83,137.01,137.47,169219
21/04/2015,138.44,138.77,138.18,138.47,181421
22/04/2015,138.87,138.97,137.87,138.58,204040
23/04/2015,138.46,139.57,137.88,139.29,235172
24/04/2015,139.59,139.59,138.27,138.79,179592
27/04/2015,139.6,139.6,135.75,136,333819
28/04/2015,136.46,136.65,134.05,136.29,286261
29/04/2015,135.88,136.4,134.2,135.19,294531
30/04/2015,134.57,135.17,132.16,132.83,422329
01/05/2015,133.74,134.84,133.56,134.64,192549
04/05/2015,135,136.31,135,135.59,247303
05/05/2015,135.54,135.71,133.63,133.83,248307
06/05/2015,134.54,134.54,132.61,133.64,228436
07/05/2015,133.5,134.7,133.08,134.34,184557
08/05/2015,135.75,136.85,135.53,136.5,210832
11/05/2015,136.8,137.18,136.47,136.54,171400
12/05/2015,135.88,136.25,135.08,135.96,192581
13/05/2015,136.35,136.89,135.62,135.87,138643
14/05/2015,136.58,137.71,135.94,137.65,154765
15/05/2015,137.95,138.08,137.5,137.96,181877
18/05/2015,137.92,139.16,137.83,138.95,219555
19/05/2015,139.2,139.9,138.78,139.58,167173
20/05/2015,139.77,140.48,139.28,139.92,221099
21/05/2015,139.79,140.02,139.49,139.84,195939
22/05/2015,139.62,140.35,139.52,139.62,159279
26/05/2015,139.91,139.91,138.08,138.41,249289
27/05/2015,138.88,140.11,138.47,140.01,181109
28/05/2015,139.93,140.35,139.37,140.04,195662
29/05/2015,139.9,140.96,139.27,139.82,229900
01/06/2015,140.66,140.73,139.25,140.18,267041
02/06/2015,139.92,140,138.78,139.44,228156
03/06/2015,139.94,139.94,139.3,139.77,149859
04/06/2015,139.48,139.72,138.2,138.75,242729
05/06/2015,138.54,138.97,137.56,138.88,232407
08/06/2015,139.49,139.49,138.26,138.27,259761
09/06/2015,138.54,138.54,137.35,138.06,241477
10/06/2015,138.5,139.79,137.97,139.67,265506
11/06/2015,140.01,140.84,139.92,140.63,189883
12/06/2015,140.42,140.42,138.8,139.05,275262
15/06/2015,138.3,139.37,137.31,139.1,215510
16/06/2015,139.04,139.9,138.88,139.77,229016
17/06/2015,140.08,140.37,139.28,140.02,226940
18/06/2015,140.49,142.62,140.39,142.22,425230
19/06/2015,143.55,143.55,142,142.14,257848
22/06/2015,143.26,143.87,143.09,143.35,271993
23/06/2015,143.7,143.94,143.01,143.54,357047
24/06/2015,143.43,143.43,141.96,141.99,343444
25/06/2015,142.5,143.3,142.07,142.72,405350
26/06/2015,143.42,143.42,141.87,142.43,210436
29/06/2015,141.01,141.99,138.98,139.12,1655695
30/06/2015,140.34,140.7,139.3,139.96,311537
01/07/2015,141.35,142.36,140.22,140.87,380194
02/07/2015,141.33,141.5,140.03,140.4,268770
06/07/2015,139.2,141.26,139.05,140.48,273771
07/07/2015,140.71,141.03,138.61,141.02,429343
08/07/2015,139.99,140.33,138.38,138.57,265606
09/07/2015,139.95,141.54,139.24,139.39,272089
10/07/2015,141.03,141.47,140.3,141.28,296206
13/07/2015,142.4,142.97,142.1,142.68,350406
14/07/2015,142.85,144.44,142.45,144.25,311060
15/07/2015,144.98,145.41,143.96,144.26,304001
16/07/2015,145.49,145.49,144.52,145.18,390750
17/07/2015,145.25,145.29,144.4,145.09,250277
20/07/2015,145.65,145.68,144.94,145.36,374799
21/07/2015,146,146,143.84,144.72,313482
22/07/2015,144.37,145.15,143.95,145.03,192162
23/07/2015,145.61,145.78,144.24,144.52,262833
24/07/2015,144,144.02,140.78,141.06,395745
27/07/2015,140.49,140.95,139.85,140.6,304179
28/07/2015,141.87,143.08,140.58,143.08,285182
29/07/2015,143.83,143.84,142.5,143.15,1649707
30/07/2015,142.97,143.33,141.72,143.02,200489
31/07/2015,143.65,144.67,143.49,143.98,215548
03/08/2015,144.14,144.6,142.87,143.88,241544
04/08/2015,144.01,144.56,143.34,143.78,362544
05/08/2015,144.68,145.25,144.39,144.86,240444
06/08/2015,145.09,145.18,141.29,141.59,371764
07/08/2015,141.44,141.61,139.5,141.1,346140
10/08/2015,142.19,142.95,141.9,142.11,275865
11/08/2015,141,141.83,140.25,141.08,255813
12/08/2015,140.01,141.31,138.28,141.19,443862
13/08/2015,141.21,141.81,140.47,140.79,180709
14/08/2015,140.68,141.11,139.84,140.99,145349
17/08/2015,140.48,142.75,140,142.72,182134
18/08/2015,142.61,143.23,142.2,142.39,235581
19/08/2015,142.32,142.61,140.65,141.65,350751
20/08/2015,140.36,141.07,137.97,138.1,417270
21/08/2015,136.4,137.88,134.13,134.13,994205
24/08/2015,126.24,132.87,91.31,129.03,1937508
25/08/2015,134,134,127.18,127.21,1671812
26/08/2015,128.48,132.62,127.5,132.54,615163
27/08/2015,134.96,135.46,132.45,135.11,817074
28/08/2015,134.86,135.4,133.7,134.95,483633
31/08/2015,134.72,135.34,132.03,132.38,321476
01/09/2015,131.06,131.06,128.22,128.86,777035
02/09/2015,130.87,131.58,129.36,131.58,356807
03/09/2015,132.37,132.99,130.2,130.5,374145
04/09/2015,128.87,130.2,128.15,129.05,293673
08/09/2015,131.44,132.88,130.62,132.83,243179
09/09/2015,134.38,134.38,130.45,130.77,294708
10/09/2015,130.52,132.95,130.39,132.07,199157
11/09/2015,131.76,133.13,131.23,133.13,136956
14/09/2015,133.02,133.23,131.98,132.7,146595
15/09/2015,133.31,134.75,132.74,134.43,169768
16/09/2015,134.25,134.94,133.46,134.76,184902
17/09/2015,134.8,137.97,134.8,136.25,284039
18/09/2015,134.86,135.68,134.06,134.42,226528
21/09/2015,135.19,135.43,131.26,132.18,276654
22/09/2015,130.38,131.26,129.63,131.08,268045
23/09/2015,130.16,131,129.07,129.71,161023
24/09/2015,128.75,129.11,126.75,128.33,363896
25/09/2015,129.7,129.7,123.37,124.38,627467
28/09/2015,123.55,123.75,117.9,119.19,1285725
29/09/2015,119.59,122.16,118.51,119.81,740182
30/09/2015,121.37,122.83,120.83,122.56,319190
01/10/2015,122.92,123.54,121.47,123.49,351300
02/10/2015,122.05,126.23,121.44,126.23,326543
05/10/2015,127.45,127.72,125.34,126.58,338089
06/10/2015,126.3,126.3,121.36,123.27,745433
07/10/2015,124.06,125.78,122.4,125.04,379437
08/10/2015,124.86,125.68,122.99,125.25,397060
09/10/2015,125.28,126.48,124.9,125.98,330367
12/10/2015,125.83,126.69,125.26,126.21,218039
13/10/2015,125.74,127.43,124.4,124.5,324493
14/10/2015,124.81,126.33,123.99,124.24,251108
15/10/2015,124,127.39,123.55,127.35,194330
16/10/2015,127.67,128.69,127.22,128.4,223009
19/10/2015,128.19,129.46,127.24,128.79,253315
20/10/2015,128.84,128.84,126.32,126.81,271666
21/10/2015,127.56,127.97,123.43,125.55,426726
22/10/2015,126.15,126.15,122.83,124.52,468811
23/10/2015,125.34,127.88,125.26,127.26,371702
26/10/2015,127.09,128.69,126.56,127.74,209300
27/10/2015,128.16,129.95,128.16,129.91,215099
28/10/2015,129.99,131.43,128.57,131.42,317869
29/10/2015,131.98,133,131.14,131.66,272848
30/10/2015,131.79,132.33,130.93,130.93,198324
02/11/2015,131.76,134.04,131.58,133.84,301231
03/11/2015,133.67,134.1,132.58,133.72,327570
04/11/2015,134.19,134.2,132.42,133.4,296030
05/11/2015,133.29,133.29,131.52,132.9,211675
06/11/2015,132,132.61,130.87,132.6,195770
09/11/2015,131.9,132.2,130.95,131.69,295526
10/11/2015,131.5,132.75,131.36,132.54,159665
11/11/2015,133.08,133.08,131.01,131.01,174810
12/11/2015,130.38,130.78,128.7,128.75,223206
13/11/2015,128.58,129.8,128.21,128.64,191808
16/11/2015,128.68,130,128,129.97,232037
17/11/2015,130.83,131.57,129.64,130.66,219846
18/11/2015,131.07,133.33,130.81,133.2,182268
19/11/2015,132.71,132.71,130.76,130.96,260505
20/11/2015,131.67,132.63,131.64,131.98,231497
23/11/2015,131.74,132.7,131.59,132,161983
24/11/2015,131.29,132.5,131.01,132.42,132349
25/11/2015,132.47,133.34,132.44,133.18,125424
27/11/2015,133.25,133.75,133.18,133.48,80833
30/11/2015,133.63,133.66,131.72,131.81,162823
01/12/2015,132.43,133.82,131.99,133.72,340562
02/12/2015,133.71,134.32,132.45,132.63,278484
03/12/2015,133.12,133.12,129.04,129.62,264057
04/12/2015,130.5,132.65,130.21,132.53,211987
07/12/2015,132.36,132.67,130.89,131.46,186823
08/12/2015,130.57,132.28,130.3,131.91,151957
09/12/2015,131.33,132.44,130,130.52,195954
10/12/2015,130.86,132.28,130.42,131.55,144397
11/12/2015,130.12,130.5,129.2,129.37,316516
14/12/2015,129.39,130.1,128,129.97,256411
15/12/2015,131.02,132.33,131.02,131.81,242219
16/12/2015,132.75,133.95,131.81,133.75,370656
17/12/2015,133.98,133.98,132.27,132.27,224009
18/12/2015,131.86,131.89,130.64,130.64,200209
21/12/2015,131.71,131.81,130.7,131.81,223732
22/12/2015,132.26,132.78,131.41,132.57,183499
23/12/2015,133.21,133.83,132.7,133.54,386911
24/12/2015,133.48,134.12,133.38,133.71,74580
28/12/2015,133.12,133.39,132.6,133.1,309849
29/12/2015,133.84,135,133.75,134.76,212040
30/12/2015,134.66,134.86,134.06,134.14,242464
31/12/2015,133.65,134.17,132.88,132.88,167758
04/01/2016,131.04,131.16,129.13,130.27,513318
05/01/2016,130.65,131.5,130.35,130.87,227658
06/01/2016,129.24,130.57,128.63,129.53,269108
07/01/2016,127.27,128.49,121.09,126.67,379402
08/01/2016,127.43,127.84,124.58,124.83,401286
11/01/2016,125.22,125.4,121.21,123.02,359872
12/01/2016,124.17,125.52,122.33,124.44,379476
13/01/2016,124.94,125.44,120.28,120.5,291530
14/01/2016,120.89,124.4,119.68,123.58,506923
15/01/2016,119.88,122.13,119.76,121.9,380871
19/01/2016,123.23,123.59,120.09,121.38,421778
20/01/2016,119.78,123.19,117.72,121.96,698625
21/01/2016,122.28,122.78,120.36,121.33,367820
22/01/2016,123.65,123.75,122.56,123.37,192611
25/01/2016,123.11,123.98,122.16,122.31,409396
26/01/2016,122.56,123.4,121.25,123.12,251698
27/01/2016,123.14,124.08,120.72,121.52,167629
28/01/2016,122.14,122.14,117.81,118.49,283017
29/01/2016,118.76,120.56,118.33,120.51,488263
01/02/2016,119.88,121.5,119.2,120.85,243548
02/02/2016,119.75,120.26,118.65,119,276230
03/02/2016,119.6,119.9,116.86,119.57,489348
04/02/2016,119.09,120.56,118.22,119.21,316446
05/02/2016,118.73,119.06,115.92,116.64,282875
08/02/2016,115.11,115.4,113.13,114.54,493818
09/02/2016,113.19,116.53,113.02,115.31,385425
10/02/2016,116.16,118.32,116.16,116.33,332272
11/02/2016,114.26,115.26,113.59,114.49,540555
12/02/2016,115.11,116.12,114.15,116.06,372586
16/02/2016,117.31,118.43,117.02,118.43,256310
17/02/2016,119.28,120.33,118.6,120.29,271018
18/02/2016,120.49,120.75,118.97,119.22,241270
19/02/2016,118.73,119.6,118.27,119.39,140321
22/02/2016,120.31,120.99,120.15,120.95,166803
23/02/2016,120.55,121.19,119.83,119.87,156718
24/02/2016,118.89,120.5,117.8,120.38,191202
25/02/2016,120.79,121.82,120.43,121.82,156849
26/02/2016,122.14,122.78,121.63,121.79,171311
29/02/2016,121.53,121.7,119.88,119.88,218865
01/03/2016,120.42,122.5,119.76,122.47,178208
02/03/2016,122.19,122.91,122.12,122.89,153077
03/03/2016,122.58,122.87,121.58,122.63,165574
04/03/2016,122.57,123.32,121.91,122.45,251646
07/03/2016,121.74,124.09,121.67,123.58,227537
08/03/2016,123.17,123.44,121.65,121.81,263337
09/03/2016,122.46,122.47,121.16,121.85,186508
10/03/2016,122.4,123.39,120.87,121.79,241627
11/03/2016,122.72,124.44,122.63,124.43,208051
14/03/2016,123.95,124.36,123.59,123.99,120590
15/03/2016,123.07,123.11,121.27,121.62,239796
16/03/2016,121.5,122.09,120.35,121.28,268444
17/03/2016,121.21,121.21,118.63,119.95,51350
18/03/2016,120.19,121.91,119.91,121.61,265975
21/03/2016,121.15,122.11,121,121.89,239913
22/03/2016,121.4,123.56,121.4,123.27,306603
23/03/2016,123.14,123.43,122.04,122.16,188630
24/03/2016,121.51,122.58,121.09,122.03,163738
28/03/2016,122.39,122.62,121.43,121.74,255165
29/03/2016,121.55,123.39,121,123.3,301959
30/03/2016,123.78,124.4,123.09,123.37,233497
31/03/2016,123.21,124.24,123.18,123.3,327714
01/04/2016,122.88,125.2,122.5,124.95,230684
04/04/2016,125.15,126.72,125,126.14,180223
05/04/2016,124.87,125.72,124.45,124.66,260092
06/04/2016,124.79,128.25,124.6,128.16,261036
07/04/2016,127.57,128.16,126.18,126.86,279837
08/04/2016,127.61,127.65,125.71,126.25,326109
11/04/2016,126.46,126.7,125.06,125.37,215068
12/04/2016,125.39,126.6,125.19,126.35,154101
13/04/2016,127.09,127.88,126.39,127.65,164927
14/04/2016,127.69,128.3,127.38,127.93,153810
15/04/2016,128.14,128.14,126.91,127.81,139193
18/04/2016,127.47,129.2,127.24,129.05,187096
19/04/2016,129.14,130.11,128.61,129.21,286174
20/04/2016,129.47,130.62,129.32,130,197591
21/04/2016,130.02,131.06,129.83,130.81,193841
22/04/2016,130.92,131.5,130.31,131.31,137382
25/04/2016,130.81,131.09,130.3,130.69,155162
26/04/2016,130.89,130.96,129.6,130.01,189147
27/04/2016,130.2,130.47,129.37,129.94,105402
28/04/2016,129.18,130.58,128.65,129.02,171283
29/04/2016,128.07,128.14,126.3,127.06,200947
02/05/2016,127.19,127.88,126.75,127.85,177746
03/05/2016,127.17,128.02,126.75,127.25,125157
04/05/2016,126.64,126.67,125.39,125.81,160288
05/05/2016,125.94,126.4,125.4,126.21,153159
06/05/2016,125.7,126.12,124.46,125.57,163773
09/05/2016,125.69,127.5,125.69,127.04,316952
10/05/2016,127.73,128.07,127.05,128.05,127056
11/05/2016,127.95,128.17,126.45,126.48,162278
12/05/2016,126.72,126.72,124.75,125.62,222629
13/05/2016,125.38,126.31,125.2,125.48,121202
16/05/2016,125.51,127.52,125.5,127.38,125300
17/05/2016,127.05,127.38,125.5,125.96,121773
18/05/2016,125.77,127.17,125.62,126.55,126105
19/05/2016,125.8,126.5,124.65,125.57,168801
20/05/2016,125.93,127.16,125.76,126.79,177823
23/05/2016,126.49,126.98,126.32,126.36,112117
24/05/2016,127.01,128.54,126.78,128.34,146884
25/05/2016,128.76,129.42,128.62,129.21,119629
26/05/2016,129.09,129.23,128.67,128.96,135038
27/05/2016,129.17,129.89,129.1,129.7,112182
31/05/2016,130.01,130.45,129.61,130.08,143117
01/06/2016,129.66,130.9,129.5,130.63,122458
02/06/2016,130.71,132.39,130.71,132.39,150185
03/06/2016,132.18,132.24,130.78,131.71,152784
06/06/2016,131.71,132.82,131.41,132.57,146354
07/06/2016,132.14,132.25,131.38,131.88,131906
08/06/2016,131.7,132.57,131.5,132.53,113875
09/06/2016,131.93,132.89,131.65,132.01,177032
10/06/2016,131.11,131.26,130.16,130.62,142373
13/06/2016,130.26,131.3,129.6,129.63,160882
14/06/2016,129.19,129.78,128.64,129.67,134323
15/06/2016,130.01,130.34,128.85,128.97,115423
16/06/2016,128.51,129.43,127.77,129.4,121206
17/06/2016,129.46,129.46,127.47,127.8,94315
20/06/2016,128.95,129.65,128.7,128.8,117626
21/06/2016,128.71,128.9,127.49,127.89,109617
22/06/2016,127.95,129.75,127.86,128.25,129005
23/06/2016,129.39,129.99,128.88,129.96,111142
24/06/2016,125.65,128.02,125.57,126.15,349118
27/06/2016,125.09,125.73,123.56,124.11,346733
28/06/2016,125.3,126.8,124.97,126.8,209171
29/06/2016,127.77,129.51,127.74,129.18,152939
30/06/2016,129.5,130.49,128.83,130.49,213730
01/07/2016,130.42,131.57,130.25,131.31,164247
05/07/2016,130.76,131.55,130.62,131.12,165133
06/07/2016,130.75,132.82,130.56,132.64,231657
07/07/2016,132.65,133.13,131.94,132.64,392149
08/07/2016,132.95,134.36,132.63,134.06,206069
11/07/2016,134.35,134.76,133.96,133.97,165328
12/07/2016,134.41,134.96,134.31,134.66,254449
13/07/2016,134.8,135.37,134.41,134.55,1102139
14/07/2016,135.16,135.26,134.47,134.94,222440
15/07/2016,135.27,135.83,134.79,135,313980
18/07/2016,135.02,135.33,134.58,135.04,260175
19/07/2016,135.04,135.5,134.25,134.66,184109
20/07/2016,135.11,136.3,135.11,136.02,228598
21/07/2016,136.15,136.83,135.85,136.42,165392
22/07/2016,136.58,136.84,135.98,136.7,123029
25/07/2016,136.71,136.83,135.66,136.48,115470
26/07/2016,136.09,136.53,135.79,136.44,113369
27/07/2016,136.53,137.36,135.99,137.05,144449
28/07/2016,136.89,137.3,136.3,137,123359
29/07/2016,136.74,137.71,136.68,137.56,348923
01/08/2016,137.72,138.99,137.26,138.38,269689
02/08/2016,138.35,138.35,136.83,137.72,366985
03/08/2016,137.55,137.7,137.22,137.55,108505
04/08/2016,137.83,137.89,137.32,137.36,99008
05/08/2016,137.55,137.82,137.03,137.73,155234
08/08/2016,137.75,137.8,136.16,136.59,177220
09/08/2016,136.76,137.36,136.71,136.92,140744
10/08/2016,136.7,136.78,135.83,136.2,130072
11/08/2016,136.45,137.11,136.2,136.89,150192
12/08/2016,136.79,136.79,136.15,136.77,102252
15/08/2016,136.97,137.37,136.85,137.14,96114
16/08/2016,136.75,136.97,135.74,135.83,118085
17/08/2016,135.89,136.11,135.05,135.93,113507
18/08/2016,135.75,136.24,135.42,136.07,137657
19/08/2016,135.65,135.95,135.29,135.87,120072
22/08/2016,135.99,136.87,135.99,136.44,115115
23/08/2016,136.68,137.3,136.51,136.62,126568
24/08/2016,136.5,136.85,133.95,134.21,140210
25/08/2016,134.12,134.52,132.54,133.16,201543
26/08/2016,133.32,134.43,132.9,133.79,170289
29/08/2016,133.89,134.48,133.52,134.12,156635
30/08/2016,134.08,134.25,133.37,133.7,120988
31/08/2016,133.15,133.72,132.78,133.18,149472
01/09/2016,133.27,133.61,132.31,132.97,349479
02/09/2016,133.34,133.46,132.8,133.16,190758
06/09/2016,133.37,134.09,133.29,133.91,175303
07/09/2016,133.81,134.43,133.56,133.95,131964
08/09/2016,133.67,134.28,133.54,134.14,126148
09/09/2016,133.28,133.28,131.29,131.29,263174
12/09/2016,130.76,133.7,130.57,133.4,200418
13/09/2016,132.52,132.57,130.84,131.58,262760
14/09/2016,131.7,132.54,131.21,131.58,154569
15/09/2016,131.59,133.48,131.2,133.08,167784
16/09/2016,132.84,133.49,132.64,133.34,114667
19/09/2016,133.62,134.05,132.84,132.92,94290
20/09/2016,132.9,133.37,132.89,132.89,84986
21/09/2016,133.31,134.47,132.43,134.2,173341
22/09/2016,134.85,135.47,134.71,135.22,129295
23/09/2016,135.07,135.39,134.71,134.76,127884
26/09/2016,134.37,134.5,132.93,133.21,151911
27/09/2016,133.08,134.24,132.84,134.24,118232
28/09/2016,134.33,134.43,133.29,133.97,120174
29/09/2016,133.8,133.95,131.1,131.44,178199
30/09/2016,131.81,133.26,131.6,132.89,299954
03/10/2016,132.47,132.69,131.67,132.57,128268
04/10/2016,132.64,133.12,131.78,132.35,139808
05/10/2016,132.76,133.33,132.59,133.04,115898
06/10/2016,132.45,132.58,131.68,132.22,181294
07/10/2016,132.5,132.74,131.4,132.27,150586
10/10/2016,132.63,133.5,132.63,133.08,99647
11/10/2016,132.2,132.27,129.08,129.71,330443
12/10/2016,129.71,130.13,128.72,128.83,192383
13/10/2016,128,129.36,127.63,128.93,200578
14/10/2016,129.26,129.44,127.77,127.77,249463
17/10/2016,127.66,127.92,127.07,127.49,279777
18/10/2016,128.44,129.19,128.35,128.88,285829
19/10/2016,128.96,129.09,128.3,128.36,131966
20/10/2016,128.33,129.37,128.09,128.99,134179
21/10/2016,128.16,128.36,127.72,128.05,160630
24/10/2016,128.54,128.59,127.81,127.81,363894
25/10/2016,127.51,128.02,127.23,127.32,163155
26/10/2016,127.11,127.11,125.73,126.11,216267
27/10/2016,126.96,127.32,126.31,126.42,221836
28/10/2016,125.61,125.61,123.61,123.95,333874
31/10/2016,123.87,123.91,123.26,123.35,220193
01/11/2016,123.36,123.71,121.66,122.78,321659
02/11/2016,122.46,123.24,121.95,121.98,261460
03/11/2016,122.14,122.76,120.38,120.56,377505
04/11/2016,120.5,122.39,120.5,121.53,240678
07/11/2016,123.12,124.99,123.05,124.67,421088
08/11/2016,124.5,125.96,123.71,125.07,288440
09/11/2016,128.39,130.88,126.67,129.47,1915613
10/11/2016,132.23,132.23,129.99,131.11,877687
11/11/2016,130.85,130.85,128.81,129.59,389085
14/11/2016,130,130.91,129.21,129.45,260161
15/11/2016,129.99,130,128.57,129.86,288206
16/11/2016,129.75,130.14,129.07,129.19,340322
17/11/2016,129.35,129.94,129,129.87,216733
18/11/2016,130.01,130.1,128.55,128.61,217478
21/11/2016,128.89,129.23,128.71,129.03,229618
22/11/2016,129.12,129.12,126.38,127.19,321081
23/11/2016,125.7,127.95,125.3,127.9,239832
25/11/2016,128.04,128.56,127.9,128.49,158783
28/11/2016,128.16,128.25,127.11,127.17,195911
29/11/2016,127.54,128.38,127.54,127.9,122975
30/11/2016,128.18,128.18,126.56,126.65,342401
01/12/2016,126.7,126.89,125.12,125.39,293350
02/12/2016,125.44,126.38,125.11,125.84,284884
05/12/2016,126.36,126.57,125.46,125.88,272402
06/12/2016,126.2,126.54,125.56,126.54,207094
07/12/2016,125.76,125.76,123.53,125.27,492055
08/12/2016,124.86,125.7,124.09,125.59,508952
09/12/2016,125.93,127.29,125.93,126.97,350086
12/12/2016,126.81,127.59,126.73,127.5,377206
13/12/2016,127.88,128.5,127.88,128.26,629077
14/12/2016,127.66,128.38,126.67,127.18,330036
15/12/2016,127.35,128.15,127.17,128.09,354201
16/12/2016,128.36,128.72,127.8,128.09,211421
19/12/2016,128.41,128.79,127.4,127.59,359929
20/12/2016,127.94,128,127.25,127.62,290844
21/12/2016,127.62,127.72,126.62,126.79,231961
22/12/2016,126.66,126.83,126.14,126.78,397741
23/12/2016,126.69,127.98,126.69,127.9,166328
27/12/2016,128.11,128.93,128,128.03,352902
28/12/2016,128.02,128.23,126.98,127.01,187755
29/12/2016,127.01,127.63,126.92,127.12,175116
30/12/2016,127.23,127.35,126.31,126.77,350709
03/01/2017,127.29,128.34,127,128.34,393005
04/01/2017,128.58,129.9,128.56,129.59,334355
05/01/2017,129.59,130.2,129.32,130.15,231737
06/01/2017,130.33,130.96,129.87,130.55,264421
09/01/2017,130.6,131.71,130.51,131.54,301333
10/01/2017,131.74,132.62,131.26,132.01,270851
11/01/2017,132.18,132.62,129.38,130.47,397256
12/01/2017,130.15,130.81,129.58,130.67,343362
13/01/2017,130.95,131.62,130.6,131.01,182018
17/01/2017,130.61,130.61,129.3,130.19,271887
18/01/2017,130.49,130.73,129.82,130.15,183108
19/01/2017,130.11,130.11,129.08,129.31,167082
20/01/2017,129.47,129.87,128.84,129.02,204788
23/01/2017,128.76,129.19,127.96,128.31,286167
24/01/2017,128.19,128.75,126.91,127.66,278117
25/01/2017,127.95,128.93,127.76,128.81,209973
26/01/2017,128.48,128.82,127.88,127.88,233272
27/01/2017,128.2,128.91,128.11,128.83,205611
30/01/2017,128.49,128.86,127.5,128.07,244421
31/01/2017,127.91,130.2,127.62,130.14,321202
01/02/2017,130.45,131.17,130.08,131.06,215438
02/02/2017,130.95,131.45,130.45,131.31,300096
03/02/2017,131.77,132.13,131.13,132.07,171476
06/02/2017,131.89,132.07,131.46,132.07,131492
07/02/2017,132.18,132.64,131.7,131.98,177315
08/02/2017,131.29,132.18,131.09,131.9,167727
09/02/2017,131.95,133.06,131.85,132.76,144983
10/02/2017,132.88,133.3,132.6,132.86,163361
13/02/2017,133.3,133.77,133.09,133.68,219551
14/02/2017,133.61,134.85,133.38,134.85,416573
15/02/2017,134.53,136.51,134.53,136.3,239638
16/02/2017,136.38,136.5,135.07,136.04,195154
17/02/2017,135.65,136.31,135.6,136.31,322492
21/02/2017,136.58,137.29,136.42,136.86,468781
22/02/2017,136.82,137.13,136.5,136.56,197987
23/02/2017,136.75,137.53,136.31,137.29,248716
24/02/2017,137.04,138.15,137.04,138.1,238831
27/02/2017,138.03,139.13,137.9,139.05,376881
28/02/2017,138.74,139.15,138.34,138.49,253176
01/03/2017,139.08,140.42,138.92,140.11,541539
02/03/2017,139.82,140.47,139.58,139.65,458175
03/03/2017,139.54,140.3,139.39,140.3,169136
06/03/2017,139.76,139.94,139.01,139.56,161350
07/03/2017,138.49,139.14,138.06,138.48,341412
08/03/2017,138.47,139.56,138.47,139,167431
09/03/2017,139.02,139.9,139.01,139.85,134681
10/03/2017,140.37,140.43,139.67,140.24,147283
13/03/2017,140.26,140.4,139.59,140.29,307950
14/03/2017,139.69,140.19,139.42,139.66,356688
15/03/2017,139.71,141.68,139.7,141.36,131274
16/03/2017,141.53,141.53,139.64,140.21,447269
17/03/2017,140.07,140.07,139.37,139.43,153853
20/03/2017,139.69,139.8,139.01,139.33,109367
21/03/2017,139.76,139.99,137.59,137.78,255826
22/03/2017,137.84,138.16,137.16,138.03,132568
23/03/2017,137.79,138.52,137.33,137.5,144480
24/03/2017,137.2,137.87,136.8,137.38,162384
27/03/2017,136.44,138.1,136.01,137.86,237796
28/03/2017,137.9,138.14,137.23,137.92,288374
29/03/2017,138.19,138.45,137.83,138.02,204605
30/03/2017,138.19,138.44,137.63,138.11,133550
31/03/2017,137.84,138.14,137.63,137.82,115243
03/04/2017,137.93,138.47,137.32,137.67,270951
04/04/2017,137.59,137.78,137.15,137.5,259307
05/04/2017,137.84,138.46,136.81,136.98,204804
06/04/2017,137,137.41,136.7,137.29,223257
07/04/2017,137.14,137.83,136.83,137.52,185395
10/04/2017,137.58,138.05,137.22,137.34,103272
11/04/2017,137.07,137.38,136.39,137.08,109819
12/04/2017,137.05,137.47,136.56,137.08,91082
13/04/2017,136.96,137.44,136.83,136.95,83499
17/04/2017,136.84,137.41,136.46,137.3,89985
18/04/2017,136.8,136.8,135.4,135.97,172770
19/04/2017,136.53,136.88,136.31,136.45,109941
20/04/2017,136.74,137.5,136.1,137.27,98468
21/04/2017,137,137.17,136.23,136.51,124337
24/04/2017,137.92,138.18,137.7,137.82,119830
25/04/2017,138.28,138.97,138.01,138.6,129694
26/04/2017,138.93,139.75,138.93,139.28,175809
27/04/2017,139.38,140.33,139.29,139.76,144351
28/04/2017,140.04,140.18,139.49,140.13,171356
01/05/2017,140.37,140.76,140.19,140.47,305596
02/05/2017,140.71,140.89,139.89,140.68,216006
03/05/2017,140.51,140.51,139.72,140.05,114517
04/05/2017,140.29,140.87,140.23,140.85,109965
05/05/2017,141,141.06,140.21,140.83,111126
08/05/2017,140.7,140.7,139.54,139.7,122712
09/05/2017,139.84,140.23,139.76,139.96,205636
10/05/2017,139.8,139.8,139.04,139.74,104662
11/05/2017,139.55,139.82,139.11,139.8,107173
12/05/2017,139.74,139.93,139.52,139.66,85745
15/05/2017,139.74,140.59,139.71,140.49,106232
16/05/2017,140.54,140.54,139.65,140.07,134535
17/05/2017,138.99,139.15,138.06,138.07,133659
18/05/2017,137.84,139.48,137.77,138.74,111761
19/05/2017,139,139.57,138.97,139.06,114568
22/05/2017,139.07,139.63,139,139.44,92159
23/05/2017,139.74,140.15,139.71,139.96,413918
24/05/2017,140.06,140.44,139.62,140.36,205273
25/05/2017,140.61,141.19,140.47,140.95,85671
26/05/2017,140.99,141.23,140.55,140.65,104772
30/05/2017,140.4,140.77,140.11,140.3,91278
31/05/2017,140.41,141.06,140.36,140.82,158440
01/06/2017,141.03,142.71,141,142.71,196657
02/06/2017,143.05,143.85,143,143.69,177621
05/06/2017,143.63,143.63,142.76,143.16,114957
06/06/2017,142.89,143.33,142.46,142.79,103823
07/06/2017,143.11,143.4,142.85,143.26,73892
08/06/2017,143.25,143.62,142.74,143.19,176715
09/06/2017,143.32,144.4,143.19,143.82,119144
12/06/2017,143.69,144.09,142.82,143.48,83679
13/06/2017,143.8,144.2,143.48,143.94,449136
14/06/2017,144.22,145.04,144.14,144.57,117525
15/06/2017,144.08,144.51,143.62,144.41,280285
16/06/2017,144.54,144.79,143.85,144.63,121764
19/06/2017,145,146.48,144.98,146.37,128161
20/06/2017,146.4,147.76,146.38,146.79,220939
21/06/2017,147.23,148.87,147.09,148.83,365099
22/06/2017,149.48,151.23,149.28,150.35,354186
23/06/2017,150.56,150.56,149.54,150.41,284481
26/06/2017,150.85,150.85,149.78,150,251213
27/06/2017,149.81,150.16,148.35,148.35,285817
28/06/2017,148.35,149.13,148.28,148.9,163045
29/06/2017,149,149,146.67,147.54,184564
30/06/2017,148,148,147.37,147.37,175398
03/07/2017,148.3,148.35,147.66,147.73,381449
05/07/2017,148,148.81,147.46,148.67,280721
06/07/2017,148.13,148.2,146.4,146.6,288531
07/07/2017,146.91,147.6,146.8,147.51,153842
10/07/2017,147.84,147.84,146.7,147,182969
11/07/2017,147,147.26,146.26,147.03,116718
12/07/2017,147.73,148.43,147.51,148.06,106160
13/07/2017,148.25,148.56,146.97,148.14,176646
14/07/2017,148.29,149.39,148.15,149.02,247492
17/07/2017,149.24,149.34,148.46,148.6,112306
18/07/2017,148.54,148.62,147.65,148.61,152989
19/07/2017,149.21,149.75,149.19,149.64,175258
20/07/2017,149.89,150.94,149.89,150.63,160101
21/07/2017,150.82,151.2,150.29,150.56,143510
24/07/2017,150.56,150.82,150.02,150.75,141844
25/07/2017,151.23,151.29,149.42,149.66,152393
26/07/2017,149.47,149.47,148.77,149.13,132364
27/07/2017,149.38,149.38,147.2,147.8,194913
28/07/2017,147.85,148.7,147.23,148.56,123633
31/07/2017,148.67,148.94,148.2,148.25,381627
01/08/2017,148.46,148.46,147.56,147.68,219178
02/08/2017,147.81,147.81,146.85,147.38,241719
03/08/2017,147.39,147.88,147.09,147.59,115086
04/08/2017,147.94,147.94,147.21,147.41,94328
07/08/2017,147.51,147.81,147.21,147.76,105355
08/08/2017,147.61,147.97,146.75,147.04,124109
09/08/2017,146.64,147.21,146.34,147.06,215553
10/08/2017,146.54,146.62,144.89,144.89,238196
11/08/2017,144.9,146.12,144.9,145.61,123138
14/08/2017,146.37,146.77,146.22,146.47,130670
15/08/2017,146.98,147.02,146.57,146.65,109092
16/08/2017,146.98,147.3,146.71,147.02,82288
17/08/2017,146.93,147.18,145.1,145.1,216061
18/08/2017,144.83,145.42,144.38,144.6,103950
21/08/2017,144.59,145.32,144.43,145.19,119319
22/08/2017,145.33,147.15,145.25,147.02,72849
23/08/2017,146.64,146.64,145.88,145.91,127600
24/08/2017,146.16,146.68,145.96,146.45,148571
25/08/2017,146.99,147.24,146.33,146.33,96344
28/08/2017,146.67,147.52,146.67,147.39,110346
29/08/2017,146.73,147.8,146.61,147.65,130283
30/08/2017,147.62,148.82,147.51,148.46,125619
31/08/2017,149,151.25,149,151.06,244659
01/09/2017,151.37,151.67,150.52,151.14,268834
05/09/2017,150.71,151.33,149.66,150.45,537188
06/09/2017,150.97,151.23,150.23,151.14,184272
07/09/2017,151.08,152.78,151,152.47,210410
08/09/2017,152.53,153.34,152.2,153.11,179599
11/09/2017,154,154.29,153.48,154.25,117464
12/09/2017,154.38,154.65,153.98,154.65,114198
13/09/2017,154.57,154.66,153.8,154.04,280960
14/09/2017,153.78,154.47,153.4,154.23,166666
15/09/2017,154.18,154.58,153.6,153.82,117193
18/09/2017,154.26,154.43,153.55,153.87,193134
19/09/2017,154.07,154.07,152.41,152.6,199625
20/09/2017,152.58,153.07,151.85,152.95,146727
21/09/2017,152.96,153.04,152.15,152.2,104651
22/09/2017,152.07,152.5,151.42,152.21,110088
25/09/2017,152.17,152.63,151.58,151.84,518244
26/09/2017,152,152.64,151.37,151.45,210114
27/09/2017,151.34,151.43,150.46,151.16,168607
28/09/2017,151.13,151.86,150.82,151.45,103821
29/09/2017,151.72,152.37,151.14,152.28,200084
02/10/2017,152.91,153.92,152.3,153.92,299955
03/10/2017,154.27,154.32,153.21,153.9,165574
04/10/2017,153.93,154.62,153.87,154.5,212234
05/10/2017,154.7,154.73,154.12,154.73,173752
06/10/2017,154.62,155.15,154.31,154.6,138141
09/10/2017,153.54,154.73,153.25,153.48,116940
10/10/2017,154.2,154.2,152.95,153.71,201295
11/10/2017,153.84,154.16,153.62,154.03,86564
12/10/2017,154,154.15,153.68,153.87,258557
13/10/2017,153.55,153.69,153.04,153.37,159797
16/10/2017,153.36,154.02,152.59,152.87,276187
17/10/2017,153.05,154.95,153.05,154.61,321639
18/10/2017,154.99,155.61,154.62,154.82,147713
19/10/2017,154.61,155.61,154.43,155.58,98815
20/10/2017,155.8,156.06,155.19,155.91,438846
23/10/2017,156.5,156.54,155.34,155.43,176235
24/10/2017,155.47,155.47,153.54,154.32,161257
25/10/2017,154.11,154.45,153.32,153.99,134823
26/10/2017,153.24,153.39,151.65,152.51,219402
27/10/2017,152.32,152.8,152,152.65,212316
30/10/2017,152.26,152.61,150.78,151.07,189673
31/10/2017,151.14,151.7,150.76,151.14,240115
01/11/2017,151.44,151.93,151.08,151.08,319351
02/11/2017,151.24,151.42,150.4,150.73,231910
03/11/2017,150.81,152.21,150.71,152.13,119369
06/11/2017,152.01,152.17,151.56,151.56,136795
07/11/2017,151.81,152.02,151.2,151.71,173511
08/11/2017,151.66,152.23,151.5,152.02,99595
09/11/2017,151.51,152.06,150.98,151.99,256950
10/11/2017,151.52,151.52,150.15,151.09,215923
13/11/2017,150.67,151.48,150.15,151.2,136892
14/11/2017,150.62,150.77,149.92,150.45,231373
15/11/2017,149.8,150.56,149.4,150.07,125832
16/11/2017,150.33,151.99,150.07,151.81,157474
17/11/2017,151.29,151.71,151,151.36,108713
20/11/2017,151.35,151.36,150.51,150.79,107375
21/11/2017,151.44,152.39,151.35,152.13,100489
22/11/2017,152.14,152.55,151.98,152.14,103543
24/11/2017,152.35,152.59,152.03,152.52,28519
27/11/2017,152.62,152.95,152.27,152.47,131242
28/11/2017,152.81,153.67,152.39,153.6,172695
29/11/2017,153.68,154.88,153.68,154.21,271011
30/11/2017,154.73,155.9,154.4,155.49,266809
01/12/2017,155.46,155.93,152.92,155.29,151865
04/12/2017,156.2,156.25,153.1,153.1,169261
05/12/2017,153.26,154.09,152.7,152.72,133132
06/12/2017,152.84,153.1,151.8,152.5,91027
07/12/2017,152.77,153.2,152.17,152.9,122361
08/12/2017,153.35,154.62,153.35,154.62,90081
11/12/2017,154.91,155.35,154.54,154.99,467997
12/12/2017,155.33,155.72,155.15,155.54,129722
13/12/2017,155.66,156.62,155.6,156.07,221071
14/12/2017,155.89,156.01,153.73,153.95,188927
15/12/2017,154.57,155.69,154.55,155.57,135510
18/12/2017,156.35,156.4,155.62,155.76,155894
19/12/2017,156.2,156.25,155.51,155.56,137007
20/12/2017,155.97,156.21,155.19,155.25,224483
21/12/2017,155.58,155.79,154.87,155.01,204213
22/12/2017,154.85,154.91,154.2,154.58,136961
26/12/2017,154.5,154.95,154.5,154.65,311161
27/12/2017,154.88,155.42,154.79,155.04,113168
28/12/2017,155.46,155.5,154.7,155.25,133427
29/12/2017,155.65,155.77,154.11,154.14,155947
02/01/2018,154.92,156.1,154.57,156.06,329556
03/01/2018,156.23,157.64,155.75,157.61,208259
04/01/2018,158.17,158.21,157.27,157.65,251973
05/01/2018,158.14,158.93,157.85,158.89,157514
08/01/2018,158.74,158.89,157.3,158.13,280000
09/01/2018,158.49,160.41,158.49,160.09,288977
10/01/2018,159.69,159.93,158.59,159.9,216754
11/01/2018,160.21,160.73,159.75,160.72,399554
12/01/2018,161.12,162.07,160.91,161.84,189498
16/01/2018,163,163.78,161.9,162.09,549223
17/01/2018,163.08,164,162.63,163.72,394135
18/01/2018,163.68,163.88,162.86,163.76,152873
19/01/2018,163.94,164.53,163.71,164.52,159953
22/01/2018,164.59,166.18,164.52,166.18,201073
23/01/2018,166.32,166.89,165.64,165.8,342794
24/01/2018,166.44,166.78,165.43,166.1,286984
25/01/2018,166.86,167.6,166.29,167.48,191174
26/01/2018,168.16,170.79,168,170.69,239386
29/01/2018,170.33,171.3,170.1,170.47,283276
30/01/2018,167.45,168.16,166.51,167.05,517361
31/01/2018,167.77,168.36,164.1,164.6,459001
01/02/2018,164.04,165.65,163.56,164.82,461052
02/02/2018,163.76,164.81,162.4,162.4,403352
05/02/2018,161.59,162.32,154.26,155.3,1069352
06/02/2018,152.5,157.7,152,157.03,583070
07/02/2018,156.68,159.04,156.5,157,256185
08/02/2018,157.04,157.42,151.42,151.52,348354
09/02/2018,152.79,154.61,148.66,153.32,494968
12/02/2018,154.36,156.17,153.07,155.01,222780
13/02/2018,154.15,155.46,153.25,155.07,179322
14/02/2018,154.27,157.46,154.2,157.16,168254
15/02/2018,158.29,159.09,156.75,159.09,219241
16/02/2018,158.73,161.16,158.53,160.01,281225
20/02/2018,159.25,159.86,157.95,158.33,195266
21/02/2018,158.42,160.6,157.84,157.88,124952
22/02/2018,158.35,159.31,157.15,157.4,112919
23/02/2018,158.3,159.89,157.5,159.89,116001
26/02/2018,160.29,161.97,160.1,161.84,161011
27/02/2018,161.86,162.22,160.12,160.12,105001
28/02/2018,160.59,160.72,157.7,157.7,113310
01/03/2018,157.64,158.06,153.96,155.27,437800
02/03/2018,154.28,157.5,154.28,157.13,239827
05/03/2018,156.4,159.11,156.34,158.62,162121
06/03/2018,159.24,159.24,157.76,158.74,134094
07/03/2018,157.44,159.71,157.15,159.54,104725
08/03/2018,160.05,160.78,159.78,160.65,104725
09/03/2018,161.58,163.07,161.24,163,124293
12/03/2018,163.18,163.71,162.39,162.65,123514
13/03/2018,163.34,163.76,162.29,162.66,213690
14/03/2018,163.21,163.48,161.3,161.87,125231
15/03/2018,162.31,162.65,161.14,161.4,165031
16/03/2018,161.14,161.7,161.05,161.05,73883
19/03/2018,160.78,160.96,157.2,158.52,201223
20/03/2018,158.93,159.25,157.87,158.66,106658
21/03/2018,158.8,159.75,158.09,158.28,173133
22/03/2018,156.69,157.05,153.73,153.8,207493
23/03/2018,154.12,154.33,150.61,150.75,235098
26/03/2018,152.52,154.03,150.79,153.87,155828
27/03/2018,154.43,154.58,150.94,151.73,209433
28/03/2018,152.03,153.68,151.85,152.3,129923
29/03/2018,152.97,154.63,152.2,153.53,100898
02/04/2018,153,153.44,148.31,149.72,251111
03/04/2018,150.45,152.11,149.49,151.78,164012
04/04/2018,150.07,154.49,150,154.12,188712
05/04/2018,154.71,154.8,153.41,153.97,179872
06/04/2018,152.71,153.47,148.92,150.21,218284
09/04/2018,151.41,153.92,151,151.8,120913
10/04/2018,153.32,155.02,152.99,154.63,132442
11/04/2018,153.55,154.48,153.32,153.56,84808
12/04/2018,154.32,155.41,154.16,154.69,126663
13/04/2018,155.36,155.36,153.75,154.52,117904
16/04/2018,155.54,156.11,155.22,155.55,130195
17/04/2018,156.85,157.33,156.05,157.05,125536
18/04/2018,157.5,157.84,156.54,157.23,133816
19/04/2018,156.87,157.53,155.38,155.87,103792
20/04/2018,155.96,156.18,154.63,155.13,80077
23/04/2018,155.47,156,154.86,155.52,122561
24/04/2018,155.96,156.12,153.01,154.16,125394
25/04/2018,154.07,154.7,152.82,154.68,104041
26/04/2018,155.45,157.21,155.25,156.61,123755
27/04/2018,156.64,157.5,156.31,157.23,94028
30/04/2018,157.69,157.69,154.92,154.93,110256
01/05/2018,154.89,155.25,153.83,155.09,135245
02/05/2018,154.26,154.53,152.99,153.28,128974
03/05/2018,152.53,152.64,150.1,152.02,114533
04/05/2018,151.47,153.86,151.01,153.28,109575
07/05/2018,153.78,154.44,153,153.44,82665
08/05/2018,152.5,152.93,151.45,152.3,412412
09/05/2018,152.63,153.91,151.88,153.37,226883
10/05/2018,153.98,156,153.98,155.28,108724
11/05/2018,155.29,157.84,155.21,157.64,134552
14/05/2018,157.89,159.3,157.71,158.62,248432
15/05/2018,157.68,157.68,156.27,156.77,264692
16/05/2018,156.82,158.26,156.75,157.78,81877
17/05/2018,157.57,158.07,156.94,157.87,97418
18/05/2018,157.92,158.56,157.46,158.28,104100
21/05/2018,158.76,159.22,158.03,158.34,93680
22/05/2018,158.65,158.72,157.72,157.89,70737
23/05/2018,157.44,158.67,157.44,158.48,92608
24/05/2018,158.23,158.73,157.32,158.02,77087
25/05/2018,158.02,158.71,157.61,158.02,70309
29/05/2018,157.12,157.21,155.39,156.55,121404
30/05/2018,157.37,159.2,157.37,158.78,108652
31/05/2018,158.45,158.73,157.23,157.31,109807
01/06/2018,158.05,159.17,158.05,159,84206
04/06/2018,159.07,159.77,158.44,159.69,164179
05/06/2018,159.59,160.14,158.78,159.65,98370
06/06/2018,160.01,161.35,159.55,161.35,143464
07/06/2018,161.71,161.89,160.28,161.03,112869
08/06/2018,160.9,162.18,160.9,162.16,77930
11/06/2018,162.25,163.06,161.74,162.35,161568
12/06/2018,162.59,162.85,161.83,162.6,129460
13/06/2018,163.02,163.63,162.47,162.6,148287
14/06/2018,163.16,163.54,162.7,163.48,147967
15/06/2018,163.13,163.96,162.7,163.96,164330
18/06/2018,162.91,162.91,161.94,162.53,138053
19/06/2018,161.63,163.16,161.63,163.07,148878
20/06/2018,163.34,164.03,163.2,163.79,101842
21/06/2018,163.68,163.69,162.32,162.64,96488
22/06/2018,163.21,163.75,162.77,163.09,74313
25/06/2018,162.68,162.99,160.18,161.33,212389
26/06/2018,161.5,161.6,160.56,160.97,92671
27/06/2018,161.04,161.6,159.1,159.1,126888
28/06/2018,158.01,159.26,156.81,158.93,136317
29/06/2018,159.38,160.58,159.14,159.14,144937
02/07/2018,158.3,159.97,157.8,159.83,184488
03/07/2018,160.42,161.04,159.91,160.35,162958
05/07/2018,161.08,162.02,160.62,162.02,129268
06/07/2018,162.8,164.5,162.8,164.28,178717
09/07/2018,164.98,165.66,164.86,165.36,180063
10/07/2018,165.76,166.06,165.29,165.89,196193
11/07/2018,165.01,165.32,164.59,164.77,108666
12/07/2018,165.65,166.7,165.47,166.66,98327
13/07/2018,166.37,167.15,166.27,166.89,94547
16/07/2018,166.97,166.97,165.52,165.73,123519
17/07/2018,165.6,167,165.6,166.8,147420
18/07/2018,166.79,166.83,166.26,166.83,126653
19/07/2018,166.57,166.81,165.42,166.19,108486
20/07/2018,165.6,166.14,165.56,165.79,73026
23/07/2018,165.71,166.47,165.7,166.24,68575
24/07/2018,167.1,167.8,166.41,167.06,100846
25/07/2018,166.9,169.11,166.45,168.89,102482
26/07/2018,169.04,169.35,168.29,168.78,131407
27/07/2018,168.52,168.52,166.45,167.13,162440
30/07/2018,167.1,167.22,166.34,166.85,99168
31/07/2018,167.41,168.95,167.33,168.61,190998
01/08/2018,168.56,169.44,168.56,169,202207
02/08/2018,168.35,170.09,168.28,169.87,152495
03/08/2018,169.91,170.57,169.63,170.53,127505
06/08/2018,170.39,171.16,169.78,170.83,282236
07/08/2018,171.06,171.47,170.78,170.87,449909
08/08/2018,171.07,171.34,170.61,171.08,198200
09/08/2018,171.17,171.81,170.8,170.98,99440
10/08/2018,170.34,171.26,169.63,170.29,164861
13/08/2018,170.4,171.12,169.84,170.29,104396
14/08/2018,170.52,171.45,170.24,171.23,122827
15/08/2018,170.52,170.83,169.65,170.71,209234
16/08/2018,171.14,172.5,170.93,172.29,212367
17/08/2018,172.14,173.35,171.77,172.94,174006
20/08/2018,173.48,173.68,173.1,173.67,1567815
21/08/2018,173.83,174.08,173.12,173.68,327042
22/08/2018,173.26,174.38,173.03,174.17,142544
23/08/2018,174.06,174.51,173.6,173.96,130824
24/08/2018,174.18,174.76,174.18,174.73,97906
27/08/2018,175.38,175.67,175,175.63,142709
28/08/2018,175.87,176,175.39,175.88,153718
29/08/2018,175.96,177.21,175.78,177.06,492735
30/08/2018,176.8,177.5,176.63,176.97,122417
31/08/2018,176.7,177.16,176.32,177.06,181425
04/09/2018,177.05,177.05,175.23,175.88,162191
05/09/2018,175.73,176.21,175.05,176.09,124880
06/09/2018,176.2,176.29,175.15,175.9,105808
07/09/2018,175.62,176.41,175.38,176.14,171226
10/09/2018,176.68,176.75,175.55,175.56,96089
11/09/2018,175.36,176.04,174.73,175.72,417234
12/09/2018,176.06,176.7,175.51,176.44,172498
13/09/2018,176.95,178.28,176.95,178.25,152055
14/09/2018,178.54,178.54,177.51,177.82,205612
17/09/2018,177.83,178,176.48,176.76,197021
18/09/2018,176.62,178.3,176.52,177.83,102549
19/09/2018,177.74,178.08,177.29,177.6,164765
20/09/2018,178.06,179.36,178.06,179.2,249594
21/09/2018,179.53,179.81,179.14,179.14,148198
24/09/2018,178.6,179.42,178.42,179.17,203306
25/09/2018,179.44,179.77,178.69,178.83,159327
26/09/2018,179.3,180.42,178.8,179.03,220083
27/09/2018,179.26,180.32,179.04,179.82,150464
28/09/2018,179.65,180.58,179.45,180.41,158297
01/10/2018,181.08,181.92,180.47,180.89,445233
02/10/2018,180.96,180.96,180.07,180.38,239845
03/10/2018,180.91,181.12,179.94,180.13,427453
04/10/2018,180,180.13,177.14,177.97,261364
05/10/2018,177.93,179.06,176.26,177.72,445253
08/10/2018,177.5,177.97,175.75,177.25,227827
09/10/2018,176.98,178.12,176.44,177.41,185677
10/10/2018,177.45,177.49,172.94,173.21,307192
11/10/2018,172.5,173.08,167.59,168.8,575836
12/10/2018,170.83,171.92,169.4,171.38,442181
15/10/2018,171.15,171.77,170.03,170.03,207972
16/10/2018,171.43,175.47,171.17,175.32,297698
17/10/2018,175.11,176.32,174.04,176.04,396180
18/10/2018,175.93,175.93,172.55,174,342013
19/10/2018,174.15,174.74,171.71,171.97,214867
22/10/2018,171.97,172.35,169.91,170.68,249166
23/10/2018,168.51,170.7,166.94,169.85,305593
24/10/2018,169.74,170.69,163.58,163.81,251607
25/10/2018,163.91,167.34,162.12,166.08,294847
26/10/2018,164.29,165.87,162.07,164.35,342372
29/10/2018,166.26,167.35,161.93,164.25,253120
30/10/2018,164.32,166.34,163.36,166.19,304697
31/10/2018,167.63,168.21,166.48,166.53,305495
01/11/2018,167.25,169.43,167.01,169.43,327230
02/11/2018,170.85,171.24,167.24,168.38,267729
05/11/2018,168.67,170.25,168.67,169.63,203811
06/11/2018,169.41,170.57,168.6,170.3,148991
07/11/2018,171.75,175.34,171.59,175.22,365143
08/11/2018,175.21,175.9,174.61,175.25,280247
09/11/2018,174.64,175.04,173.33,174.15,225964
12/11/2018,174.04,174.04,171.08,171.36,188430
13/11/2018,171.91,172.68,169.79,170.22,239934
14/11/2018,171.39,171.39,167.77,168.57,263609
15/11/2018,167.47,170.56,165.97,170.49,340030
16/11/2018,169.88,172.77,169.09,172.12,300013
19/11/2018,172.05,172.58,168.74,169.49,225991
20/11/2018,168,169.62,167.45,167.75,240051
21/11/2018,168.4,168.49,167.17,167.34,209619
23/11/2018,166.36,168.79,166.32,167.62,74368
26/11/2018,169.25,169.87,168.48,169.48,224926
27/11/2018,168.86,170.75,168.09,170.72,229209
28/11/2018,171.79,175.09,171.5,175.08,330438
29/11/2018,174.57,176.7,174.47,175.62,377390
30/11/2018,175.71,177.51,175.36,177.4,303694
03/12/2018,179.11,179.15,177.5,178.6,417984
04/12/2018,178.55,179.42,173.81,174.06,361604
06/12/2018,171.95,173.42,168.31,173.42,416697
07/12/2018,172.96,173.28,168.15,169.03,261231
10/12/2018,168.86,170.15,165.55,169.65,292880
11/12/2018,171.46,172.14,168.86,170.15,382661
12/12/2018,172.08,173.88,171.63,171.67,509971
13/12/2018,171.55,172.34,169.66,170.67,218900
14/12/2018,168.92,169.56,164.74,165.25,388695
17/12/2018,163.7,164.91,160.66,161.61,1815802
18/12/2018,163.23,163.4,158.79,160.29,568205
19/12/2018,160.75,162.14,156.53,157.9,459370
20/12/2018,157.16,157.8,154.25,155.65,865210
21/12/2018,155.62,157.71,152.75,152.99,646478
24/12/2018,151.67,152.61,149.55,149.65,351475
26/12/2018,149.99,156.59,149.6,156.58,528936
27/12/2018,154.8,158.04,152.35,158.04,804955
28/12/2018,158.98,160.5,157.5,158.25,476347
31/12/2018,159.19,160.74,159.05,160.6,484283
02/01/2019,158.19,159.46,156.58,158.46,345180
03/01/2019,158.4,158.67,154.64,154.88,366937
04/01/2019,156.9,160.78,156.9,159.81,328166
07/01/2019,160.39,162.64,160.09,161.23,366618
08/01/2019,162.77,163.25,160.79,162.96,540913
09/01/2019,163.55,164.56,163.13,163.6,706997
10/01/2019,162.76,164.32,162.15,164.24,300367
11/01/2019,163.63,164.69,163.24,164.64,266928
14/01/2019,163.58,164.95,162.74,162.76,209740
15/01/2019,163.07,165.77,163,165.77,244524
16/01/2019,165.92,166.93,165.44,165.44,286821
17/01/2019,165.09,167.69,165.09,166.98,207682
18/01/2019,168.2,168.9,166.89,168.86,312923
22/01/2019,167.67,168,166.39,167.54,376247
23/01/2019,168.16,168.74,165.81,167.53,199623
24/01/2019,167.33,167.51,165.71,166.34,151199
25/01/2019,167.15,167.5,166.34,167.03,284319
28/01/2019,165.99,166.25,164.25,164.94,303625
29/01/2019,164.76,165.76,164.4,165.53,435119
30/01/2019,166.28,168.43,165.87,167.97,484776
31/01/2019,167.64,170.5,167.64,170.13,395805
01/02/2019,170.26,170.74,169.2,170.38,330459
04/02/2019,170.38,170.38,168.68,170.12,223080
05/02/2019,170.41,171.5,169.89,169.95,235004
06/02/2019,169.56,170.74,168.88,170.58,280615
07/02/2019,169.55,169.75,167.67,168.56,219698
08/02/2019,167.82,168.83,167.65,168.83,250628
11/02/2019,169.27,169.67,168.44,168.85,174623
12/02/2019,169.68,171.26,169.37,171.15,236184
13/02/2019,171.61,172.13,170.87,171.64,337536
14/02/2019,171.39,172.64,171,172.05,145191
15/02/2019,173.03,174.67,173.03,174.6,146011
19/02/2019,174.36,174.85,174.04,174.1,383409
20/02/2019,173.78,174.02,172.9,173.89,942939
21/02/2019,173.38,173.48,171.57,172.35,181948
22/02/2019,172.69,174.1,172.51,173.98,165148
25/02/2019,175,175.56,174.5,174.62,591234
26/02/2019,174.29,174.58,173.79,173.89,172436
27/02/2019,173.4,174.09,172.75,173.46,166193
28/02/2019,173.22,173.88,172.8,172.92,192479
01/03/2019,174.02,175.78,174,175.58,128894
04/03/2019,176.23,176.3,171.81,173.13,320315
05/03/2019,173.18,173.66,172.09,172.9,206501
06/03/2019,172.91,173,169.52,169.87,469032
07/03/2019,169.69,169.87,168.14,168.7,268492
08/03/2019,167.72,168.45,166.99,168.35,211284
11/03/2019,168.89,170.72,168.5,170.61,492886
12/03/2019,170.96,172.31,170.89,171.9,254543
13/03/2019,172.47,174.25,172.43,173.74,140739
14/03/2019,173.86,173.87,172.93,173.35,105912
15/03/2019,173.78,174.6,173.35,174.3,145881
18/03/2019,174.41,174.6,173.34,174.11,186506
19/03/2019,174.86,175.87,174.31,175.37,288371
20/03/2019,175.23,175.5,173.49,174.26,259728
21/03/2019,171.82,174.29,171.59,174.07,214674
22/03/2019,173.42,173.81,170.37,170.46,152060
25/03/2019,170.39,170.86,168.93,170.33,455235
26/03/2019,171.49,172.51,170.76,171.44,242565
27/03/2019,171.39,171.55,168.58,169.83,194566
28/03/2019,170.15,170.9,169.43,170.45,236957
29/03/2019,171.51,172.67,171.11,172.48,153011
01/04/2019,173.58,173.97,172.34,172.72,194093
02/04/2019,172.78,172.93,172.15,172.52,152876
03/04/2019,173.39,173.39,171.96,172.52,337479
04/04/2019,172.68,172.89,171,172.08,364577
05/04/2019,172.5,173.72,172.5,173.38,118537
08/04/2019,173.2,173.3,171.98,173.28,313004
09/04/2019,172.71,173.1,172.09,172.47,136001
10/04/2019,172.76,173.28,172.61,172.85,168893
11/04/2019,173.16,173.25,170.08,170.75,215139
12/04/2019,171.48,171.51,169.04,169.27,399058
15/04/2019,169.5,170.02,168.95,169.7,203946
16/04/2019,171.1,171.32,166.12,166.49,315553
17/04/2019,167.02,167.27,160.33,161.14,971618
18/04/2019,161.69,162.52,159,161.47,461041
22/04/2019,161.19,162.61,160.82,161.67,407307
23/04/2019,161.63,165.28,161.5,164.43,594030
24/04/2019,164.43,164.87,163.46,164.27,396560
25/04/2019,164.05,166.24,163.16,165.93,495906
26/04/2019,166.14,167.64,165.59,167.63,333880
29/04/2019,167.67,167.96,166.61,167.27,243741
30/04/2019,167.68,167.99,166.33,167.83,185049
01/05/2019,167.94,168.42,166.45,167.08,207446
02/05/2019,166.98,168.08,166.07,168.07,293620
03/05/2019,168.52,169.65,168.43,169.61,226855
06/05/2019,166.9,170.94,166.47,170.76,351594
07/05/2019,169.1,169.86,166.13,167.16,422663
08/05/2019,166.94,168.17,166.1,167.44,333205
09/05/2019,166.02,167.69,165.16,167.27,448863
10/05/2019,166.74,167.57,163.66,167.06,168380
13/05/2019,164.21,164.83,162.97,163.64,266800
14/05/2019,164.38,165.67,164.3,164.6,249008
15/05/2019,163.69,165.68,163,165.18,251153
16/05/2019,165.65,168.01,165.65,166.55,346332
17/05/2019,165.38,167.44,165.33,166.03,122823
20/05/2019,165.16,166.23,164.63,165.71,145716
21/05/2019,166.6,168.02,166.53,167.37,148614
22/05/2019,166.9,168.54,166.87,168.18,101257
23/05/2019,167.3,167.31,166,167.16,158751
24/05/2019,167.91,168.66,166.94,167.8,213525
28/05/2019,168,168.87,165.48,165.48,141787
29/05/2019,164.63,164.85,162.74,163.88,207015
30/05/2019,164.27,165.14,163.97,164.8,115046
31/05/2019,163.45,164.26,162.46,163.34,231678
03/06/2019,163.69,165.16,163.44,163.89,268047
04/06/2019,165.34,167.09,164.58,167,109350
05/06/2019,168.12,168.49,167.25,168.02,111052
06/06/2019,168.05,169.14,167.83,168.21,144945
07/06/2019,168.98,170.7,168.98,170.42,163367
10/06/2019,171.05,171.56,170.52,170.9,178606
11/06/2019,171.66,172.12,169.99,170.42,142636
12/06/2019,170.37,171.39,170.37,171.32,101756
13/06/2019,171.82,171.86,170.77,171.42,149522
14/06/2019,171.52,172.33,170.64,170.78,140303
17/06/2019,171.11,172.21,171.06,172.05,131785
18/06/2019,173,174.16,172.56,173.68,216595
19/06/2019,173.68,175.5,173.68,175.26,158468
20/06/2019,176.46,177.11,174.92,175.88,344562
21/06/2019,174.39,175.6,173.35,175.33,169653
24/06/2019,175.11,175.14,173.81,174.2,493828
25/06/2019,174.36,175.1,173.35,173.53,210512
26/06/2019,173.96,174,171.1,171.46,260966
27/06/2019,172.03,173.27,171.51,172.84,200788
28/06/2019,173.07,174.07,172.44,173.94,153794
01/07/2019,175.5,175.5,174.14,174.77,166328
02/07/2019,174.87,175.28,173.9,175.28,164025
03/07/2019,175.74,176.97,175.74,176.97,76997
05/07/2019,176.16,176.53,175.37,175.8,113597
08/07/2019,175.18,175.18,173.43,174.29,117773
09/07/2019,173.57,174.77,173.41,174.62,117088
10/07/2019,175.17,175.76,174.46,175.3,133052
11/07/2019,176.3,176.33,173.97,175.16,221620
12/07/2019,174.7,174.7,172.29,173.47,157101
15/07/2019,173.65,174.12,173,173.84,141835
16/07/2019,173.83,173.93,172.84,172.96,115033
17/07/2019,173.25,173.75,172.99,173.02,249468
18/07/2019,172.9,174.45,172.31,174.13,108991
19/07/2019,174.44,174.57,172.17,172.32,95877
22/07/2019,172.53,172.67,171.95,172.09,87275
23/07/2019,172.25,173.16,171.48,172.85,140380
24/07/2019,172.45,173.24,171.14,173.2,130452
25/07/2019,172.94,173.32,171.99,172.28,164612
26/07/2019,172.7,173.16,172.36,173.01,134185
29/07/2019,173.16,173.75,172.72,173.66,194580
30/07/2019,172.56,173.38,171.72,173.38,104553
31/07/2019,173.31,173.92,170.78,171.67,102585
01/08/2019,171.76,173.75,170.79,171.79,215925
02/08/2019,171.5,171.91,169.95,171.1,212404
05/08/2019,168.99,169.66,165.45,166.8,237576
06/08/2019,167.59,169.24,166.97,169.22,344007
07/08/2019,167.97,169.77,165.82,169.34,129821
08/08/2019,169.88,171.84,169.88,171.76,178678
09/08/2019,171.36,172.7,170.35,171.68,151431
12/08/2019,170.95,171.51,169.21,169.81,117897
13/08/2019,169.61,172.81,169.01,171.94,163061
14/08/2019,170.09,170.39,167.21,167.31,231200
15/08/2019,167.88,168.31,166.81,167.69,197260
16/08/2019,168.7,170.24,168.7,169.94,93185
19/08/2019,171.32,171.97,171.07,171.6,109925
20/08/2019,171.6,171.7,170.04,170.1,78579
21/08/2019,171.14,171.78,170.61,171.45,116321
22/08/2019,171.71,171.95,169.8,170.44,183182
23/08/2019,170,170.76,165.69,166.44,185540
26/08/2019,167.68,168.22,166.93,168.16,317367
27/08/2019,169.14,169.66,166.88,167.04,168676
28/08/2019,166.44,168.51,166.27,168.27,111649
29/08/2019,169.58,169.95,168.49,169.66,161772
30/08/2019,170.26,170.5,168.93,169.65,123362
03/09/2019,168.63,169.36,167.79,168.37,139187
04/09/2019,169.34,169.49,167.72,168.46,131777
05/09/2019,169.81,170.5,168.95,170.06,132275
06/09/2019,170.43,171.02,170.28,170.44,98856
09/09/2019,170.61,170.61,168.16,168.75,172092
10/09/2019,167.84,169.35,166.1,169.35,213812
11/09/2019,169.52,171.38,169.35,171.38,102283
12/09/2019,172.08,172.7,171.1,171.1,153080
13/09/2019,171.6,172.41,170.76,171.09,111924
16/09/2019,170.06,171.3,169.89,170.98,118180
17/09/2019,170.77,171.59,170.77,171.19,109225
18/09/2019,171.19,171.29,169.88,171.18,230992
19/09/2019,171.16,172.53,171,171.7,310622
20/09/2019,172.25,173.36,171.98,172.8,344051
23/09/2019,172.23,172.56,171.74,171.82,243499
24/09/2019,172.34,172.65,169.36,170.06,139874
25/09/2019,169.94,170.05,168.96,169.24,115715
26/09/2019,168.99,168.99,166.14,167.2,160005
27/09/2019,167.72,168.04,165.68,166.25,130583
30/09/2019,166.48,168.67,166.37,167.68,116963
01/10/2019,168.24,168.6,165.44,165.7,192559
02/10/2019,165.12,165.32,162.73,163.53,262283
03/10/2019,163.35,165.26,162.09,165.26,455913
04/10/2019,165.64,167.66,165.64,167.55,154745
07/10/2019,167.09,168.13,166.72,166.87,141232
08/10/2019,165.65,165.7,163.74,163.77,192696
09/10/2019,164.66,165.28,164.26,164.85,161934
10/10/2019,164.43,166.2,164.37,165.62,146672
11/10/2019,167.35,169.04,167.13,167.21,235705
14/10/2019,167.06,167.89,166.85,167.06,80776
15/10/2019,168.76,170.6,168.76,170.11,172451
16/10/2019,169.99,170.81,169.8,170.05,79114
17/10/2019,170.5,171.82,170.29,171.35,117115
18/10/2019,170.78,171.35,169.74,170.64,107663
21/10/2019,171.37,171.41,170.39,170.63,183690
22/10/2019,171.76,172.87,170.78,170.79,146344
23/10/2019,170.93,172.33,170.9,171.71,107805
24/10/2019,172.06,172.06,170.38,170.79,121864
25/10/2019,170.57,171.78,170.22,171.36,78052
28/10/2019,171.79,173.54,171.79,173.18,489550
29/10/2019,173.5,175.7,173.18,175.28,267282
30/10/2019,175.48,176.17,174.63,176.13,458760
31/10/2019,175.85,176.02,174.7,175.7,251267
01/11/2019,176.74,177.75,176.29,176.58,462452
04/11/2019,177.34,177.75,176.07,176.14,185274
05/11/2019,176.24,176.32,174.65,174.65,134088
06/11/2019,174.9,175.62,174.6,175.2,246924
07/11/2019,176.16,176.44,175.33,175.86,97698
08/11/2019,175.75,177.3,175.56,177.29,131386
11/11/2019,176.66,177.05,176,176.69,83800
12/11/2019,176.83,178.3,176.83,177.6,95577
13/11/2019,177.08,178.29,176.75,177.77,131992
14/11/2019,177.72,178,176.81,177.82,117655
15/11/2019,178.46,181.64,178.42,181.49,225025
18/11/2019,181.4,182.33,180.81,180.92,191063
19/11/2019,181.58,182.83,181.38,182.51,460794
20/11/2019,182.24,183.08,181.32,182.54,208055
21/11/2019,182.63,182.95,181.38,182.84,188813
22/11/2019,183.22,183.77,182.74,183.62,240079
25/11/2019,184.43,186.17,184.43,186.11,448979
26/11/2019,186.19,186.44,185.45,186,789017
27/11/2019,186.35,187.28,186.16,186.96,393688
29/11/2019,186.7,187,186.24,186.47,85433
02/12/2019,186.77,186.77,184.78,185.35,169694
03/12/2019,183.91,185.38,183.59,185.23,295502
04/12/2019,186,187.15,185.83,186.89,95219
05/12/2019,186.98,187.17,185.22,186.64,142898
06/12/2019,187.61,188.5,187.02,187.93,116438
09/12/2019,188.06,188.49,186.6,186.65,423669
10/12/2019,186.49,187.22,185.85,186.94,183622
11/12/2019,187.19,187.68,186.7,187.02,223731
12/12/2019,187.13,189.32,187.01,188.53,126194
13/12/2019,188.75,189.73,187.85,188.62,110371
16/12/2019,189.01,190.67,189.01,189.97,165928
17/12/2019,190.52,190.72,189.47,189.74,132419
18/12/2019,190.08,190.42,189.54,190.04,173635
19/12/2019,190.75,190.92,190.16,190.71,198579
20/12/2019,191.47,192.45,191.41,191.98,217544
23/12/2019,192.63,193.28,192.14,192.92,195992
24/12/2019,193.13,193.13,192.37,193.07,61332
26/12/2019,193.27,193.35,192.22,192.59,129227
27/12/2019,193.18,193.18,192.1,192.6,81676
30/12/2019,192.55,192.88,190.98,191.2,190193
31/12/2019,191,191.85,190.5,191.74,131928
02/01/2020,192.57,192.91,190.62,192.07,505130
03/01/2020,190,191.43,189,190.39,197188
06/01/2020,189.28,191.72,189.28,191.65,188015
07/01/2020,191.45,191.61,190.24,191.32,146438
08/01/2020,191.4,193.44,191.36,192.54,248872
09/01/2020,193.21,194.08,192.93,193.54,110742
10/01/2020,194.33,194.54,193.31,193.62,132562
13/01/2020,193.99,193.99,192.09,192.82,152926
14/01/2020,192.47,194.39,191.83,194.12,176744
15/01/2020,194.39,196.33,194.39,195.78,170748
16/01/2020,196.75,197.12,195.97,197.05,168683
17/01/2020,197.42,197.61,196.61,196.84,123061
21/01/2020,196.29,197.42,196.29,196.8,393714
22/01/2020,197.29,197.8,196.9,197.09,154938
23/01/2020,197,197.63,194.87,196.1,191486
24/01/2020,196.24,196.24,192.21,192.63,1039462
27/01/2020,190.16,191.97,190.01,191.23,251111
28/01/2020,191.94,193.07,191.36,192.4,243745
29/01/2020,192.75,193.28,191.93,191.93,195782
30/01/2020,190.8,190.8,188.89,190.59,258744
31/01/2020,190.02,190.02,186.29,186.95,356121
03/02/2020,188.11,189.95,188.11,188.7,456417
04/02/2020,190.93,192.82,190.82,192.14,310469
05/02/2020,193.38,196.24,193.31,195.58,209928
06/02/2020,196.26,196.26,195.01,195.89,127250
07/02/2020,195.58,195.88,193.9,194.21,117886
10/02/2020,193.73,195.47,193.27,195.47,79672
11/02/2020,196.11,196.79,195.82,196.68,266623
12/02/2020,197.5,197.73,196.33,197.1,103221
13/02/2020,196.41,197.1,195.81,196.24,121265
14/02/2020,196.57,196.81,195.66,196.69,87773
18/02/2020,196.52,196.85,195.39,196.15,155381
19/02/2020,196.63,197.53,196.21,197.23,103549
20/02/2020,196.7,196.83,194.02,195.94,151214
21/02/2020,195.25,195.93,194.4,195.82,376967
24/02/2020,190.89,191.75,188.55,189.58,373793
25/02/2020,190.18,190.72,183.15,183.92,405995
26/02/2020,184.55,186.72,182.89,183.32,356982
27/02/2020,180.9,184.06,177.32,177.32,341570
28/02/2020,172.05,175.29,170.5,175.29,1457311
02/03/2020,176,183.17,174.69,183.17,493159
03/03/2020,183.77,186.71,176.17,178.39,315435
04/03/2020,184.54,188.54,183.18,188.37,818833
05/03/2020,184.52,186.97,182.14,184.26,261535
06/03/2020,178.75,183.28,178.42,182.61,442723
09/03/2020,171.51,177.16,170,172.81,715089
10/03/2020,177.31,178.29,169.97,178.25,335271
11/03/2020,173.88,174.84,168.68,170.83,262368
12/03/2020,160,166.66,157.31,157.32,1103937
13/03/2020,165.26,168.66,155.86,168.64,473509
16/03/2020,153.02,161.89,150,150,663409
17/03/2020,153.97,160.92,151.06,159.17,668799
18/03/2020,150.95,157.04,146.64,153.79,494342
19/03/2020,152.44,155.5,149.31,152.47,563517
20/03/2020,154.07,155.88,146,146,578338
23/03/2020,145.62,145.99,138.11,139.96,625752
24/03/2020,147.18,151.57,146.12,151.04,588258
25/03/2020,151.79,158.23,149.25,152.97,496967
26/03/2020,153.9,164.04,153.9,163.28,682549
27/03/2020,159.35,163.74,158.33,159.9,587239
30/03/2020,162.01,167.37,162.01,166.77,1192422
31/03/2020,167.67,168.05,164.77,166.09,511417
01/04/2020,161.2,162.25,158.05,159.59,423590
02/04/2020,158.8,164,157.46,163.97,251548
03/04/2020,163.56,164.6,160.36,162.13,294731
06/04/2020,167.69,171.7,166.74,170.85,301891
07/04/2020,175.18,175.63,169.26,169.47,503798
08/04/2020,171.2,177.31,168.89,176.14,356961
09/04/2020,178.19,178.72,176.32,177.74,487372
13/04/2020,177.98,177.98,173.83,176.28,403736
14/04/2020,179.91,182.74,179.37,182.22,527145
15/04/2020,179.9,182.04,178.52,180.75,348381
16/04/2020,182.34,185.2,181.62,184.86,335065
17/04/2020,190.87,190.92,186.41,189.31,628614
20/04/2020,187.52,191,187.03,188.38,697777
21/04/2020,185.34,186.04,182.13,182.45,307594
22/04/2020,185.65,186.24,183.95,185.38,219412
23/04/2020,186.74,189.42,186.33,186.59,308259
24/04/2020,188.03,189.77,186.72,189.48,241838
27/04/2020,191.02,192.9,190.64,192.13,402517
28/04/2020,193.82,193.91,187.77,188.02,516147
29/04/2020,190.87,191.13,188.4,189.89,258787
30/04/2020,188.97,190.16,187.69,188.42,354679
01/05/2020,186.32,186.32,182.91,184.62,356283
04/05/2020,184.07,185.4,183.22,185.19,286158
05/05/2020,187.04,190.67,186.38,189.09,303378
06/05/2020,190.63,190.63,187.73,187.82,329895
07/05/2020,189.83,189.94,187.89,188.1,298656
08/05/2020,190.17,190.17,188.69,189.26,213654
11/05/2020,188.48,193.53,188.46,193.06,783814
12/05/2020,194.22,194.41,190,190,303369
13/05/2020,189.8,190.99,185.91,187.53,286951
14/05/2020,185.57,189.24,185.33,189.14,258368
15/05/2020,188.65,191.31,188.46,191.3,250588
18/05/2020,195,196.09,193.23,193.37,482708
19/05/2020,193.13,193.66,190.85,190.92,269545
20/05/2020,192.25,193.25,191.2,191.54,236269
21/05/2020,191.23,191.23,189.28,190.41,346841
22/05/2020,190.35,191.05,189.48,191.02,136607
26/05/2020,194.58,194.58,190.14,190.55,269713
27/05/2020,190.96,192.29,187.36,192.14,363148
28/05/2020,193.44,196.45,193.44,194.31,267935
29/05/2020,194.75,196.8,192.18,196.62,352561
01/06/2020,195.58,195.69,193.75,195.06,227148
02/06/2020,195.43,196.34,193.7,196.34,212917
03/06/2020,196.98,196.98,195.07,195.52,281080
04/06/2020,194.56,195.56,192.36,193.59,223032
05/06/2020,195.11,198,193.7,196.64,280349
08/06/2020,196.61,198.24,195.44,198.15,204471
09/06/2020,197.74,198.68,195.98,196.23,690201
10/06/2020,197.03,197.44,194.94,196.05,185509
11/06/2020,193.71,193.8,184.61,185.2,513017
12/06/2020,189.2,189.76,183,186.36,296710
15/06/2020,183.66,188.61,182.66,187.71,179687
16/06/2020,191.89,193.06,189.06,191.92,299329
17/06/2020,192.73,193.27,191.32,191.82,148367
18/06/2020,190.9,192.04,190.2,191.58,223928
19/06/2020,193.4,194.39,191.57,193.47,173508
22/06/2020,192.25,192.93,190.45,192.77,157765
23/06/2020,193.97,195.19,193.35,193.64,166681
24/06/2020,192.35,192.64,187.03,188.54,204666
25/06/2020,188.87,190.72,186.95,190.65,319239
26/06/2020,190.12,190.6,187.19,188.02,327603
29/06/2020,188.95,189.73,187.65,189.35,197994
30/06/2020,189.34,193.6,189.03,192.65,155137
01/07/2020,193.43,194.89,192.42,194.1,288426
02/07/2020,195.85,196.75,195.21,195.65,334140
06/07/2020,197.86,198.67,196.67,197.38,239498
07/07/2020,196.47,198.62,195.96,196.24,247265
08/07/2020,197.02,197.53,195,196.69,129456
09/07/2020,196.6,197.15,192.68,195.17,161512
10/07/2020,195.27,195.5,193.41,194.7,204121
13/07/2020,195.97,199.35,194.37,194.72,780396
14/07/2020,194.52,198.87,193.9,198.64,321818
15/07/2020,200.58,202.34,200.03,201.88,207426
16/07/2020,201.42,201.58,199.96,201.45,124148
17/07/2020,202.35,204.95,202.22,204.24,415253
20/07/2020,204.85,205.61,203.72,204.58,164777
21/07/2020,205.39,205.71,203.61,204.11,742053
22/07/2020,204.92,205.7,203.74,205.54,206848
23/07/2020,206,207.22,203.64,204.5,178854
24/07/2020,203.96,203.96,200.46,201.81,175357
27/07/2020,202.17,204,201.33,203.68,146336
28/07/2020,203.85,204.52,202.9,203.08,112926
29/07/2020,203.91,205.71,203.67,204.99,166690
30/07/2020,203.37,204.55,201.97,204.14,109700
31/07/2020,204.11,204.11,200.3,202.69,238827
03/08/2020,204.05,205.83,203.95,205.31,164296
04/08/2020,204.92,205.36,203.26,204.47,193050
05/08/2020,205.79,205.97,205,205.68,131978
06/08/2020,205.64,206.34,203.13,204.55,147992
07/08/2020,204.51,205.5,203.73,205.17,150155
10/08/2020,205.35,205.35,203.6,204.2,151738
11/08/2020,205.16,205.23,201.88,202.19,174505
12/08/2020,203.38,205.97,203.38,205.51,128341
13/08/2020,205.13,205.66,204.05,205.5,120602
14/08/2020,205.15,205.75,204.04,204.85,229046
17/08/2020,205.21,207.04,205.21,206.63,171186
18/08/2020,206.85,207.25,205.05,206.4,165990
19/08/2020,206.36,206.9,205,205.53,144773
20/08/2020,204.75,205.25,204.42,205.02,238954
21/08/2020,204.66,205.11,203.5,204.84,169735
24/08/2020,206,206.01,202.5,203.65,141527
25/08/2020,204.34,205.21,203.56,205.06,131171
26/08/2020,204.89,204.99,202.92,204.69,315568
27/08/2020,205.12,207.11,203.5,206.07,132948
28/08/2020,206.77,206.77,205.26,206.65,105872
31/08/2020,206.56,208.3,206.45,207.47,176927
01/09/2020,207.4,207.57,204.71,205.7,149743
02/09/2020,206.18,210.16,205.23,209.76,171298
03/09/2020,209.73,209.73,202.24,203.71,317577
04/09/2020,204.82,204.82,199,201.81,240070
08/09/2020,200.74,200.87,198.2,198.5,426786
09/09/2020,200.5,203.83,200.4,202.4,162931
10/09/2020,202.79,203.18,198.86,199.17,146562
11/09/2020,199.54,200.27,197.78,199.38,161093
14/09/2020,201.39,204.16,201.39,203.25,161358
15/09/2020,204.54,205.23,203.26,203.81,116626
16/09/2020,205.08,205.51,203.6,203.84,206937
17/09/2020,201.9,203.66,201.16,203.19,134229
18/09/2020,203.67,204.17,200.94,203.19,122900
21/09/2020,200.31,200.5,196.77,199.26,343659
22/09/2020,199.34,199.58,196.97,199.17,162137
23/09/2020,199.76,200.06,196.65,196.73,352517
24/09/2020,196.1,196.86,194.51,195.35,207567
25/09/2020,195.35,199.68,195.19,199.23,135580
28/09/2020,201.3,202.47,200.62,200.99,127537
29/09/2020,201.57,202.56,200.32,200.92,90428
30/09/2020,201.57,205.55,201.57,204,126918
01/10/2020,205.16,205.52,202.69,203.45,151305
02/10/2020,201,203.45,200.6,201.68,89823
05/10/2020,203.38,206.37,203.38,206.35,161474
06/10/2020,206.75,207.42,203.96,204.02,192834
07/10/2020,205.56,208.7,205.56,208.25,142067
08/10/2020,209.14,209.71,208.68,209.28,1003987
09/10/2020,210.26,211.62,209.94,211.04,158802
12/10/2020,212.23,213.16,211.47,212.53,135620
13/10/2020,211.5,212.41,210.91,211.51,427191
14/10/2020,211.62,212.27,209.38,209.85,113855
15/10/2020,207.72,209.1,207,208.8,115974
16/10/2020,209.6,212.14,209.07,210.59,110952
19/10/2020,211.1,211.54,206.54,207.09,136754
20/10/2020,208.05,208.79,207,207.19,82752
21/10/2020,207.16,207.87,205.4,205.65,93330
22/10/2020,206.12,209.33,206.12,208.89,147528
23/10/2020,209.9,210.95,208.58,209.85,86802
26/10/2020,208.45,208.45,205.52,207.48,130301
27/10/2020,207.26,208.1,206.58,206.58,146123
28/10/2020,203.36,204.22,200,200.14,345425
29/10/2020,200.25,201.18,197.77,198.99,200355
30/10/2020,198.36,199.66,195.75,198.15,185255
02/11/2020,200.49,201.75,198.95,201.08,177096
03/11/2020,203.3,206.05,203.3,204.52,781839
04/11/2020,209.61,216.56,209.11,213.53,425836
05/11/2020,216.59,216.59,213.9,214.42,400540
06/11/2020,214.36,215.34,212.85,213.73,125780
09/11/2020,225.8,225.8,215.31,215.48,688147
10/11/2020,216.42,216.69,213.36,216.06,289051
11/11/2020,217.75,217.77,215.12,216.1,332974
12/11/2020,215.85,216.94,214.21,215.32,269248
13/11/2020,216.63,218.84,216.41,218.23,178454
16/11/2020,220.38,220.69,216.7,217.9,664829
17/11/2020,217.03,217.03,215.5,216.61,247796
18/11/2020,217.33,217.33,212.43,212.43,387563
19/11/2020,212.57,213.13,211.44,212.62,236791
20/11/2020,212.87,213.68,212.07,212.83,145437
23/11/2020,213.89,214.1,211.4,212.35,178833
24/11/2020,213.49,214.15,212.37,212.57,221998
25/11/2020,212.95,213.06,211.3,212.12,147756
27/11/2020,212.94,215,212.78,215,73235
30/11/2020,215.33,215.88,214.19,215.66,309643
01/12/2020,217.82,219.72,216.85,217.22,252624
02/12/2020,217.28,218.73,216.5,218.28,225397
03/12/2020,218.45,219.25,217.8,218.27,218249
04/12/2020,218.62,221.09,218.4,221.09,252112
07/12/2020,220.98,221.39,219.34,219.92,253416
08/12/2020,219.57,222.19,219.57,222.12,201308
09/12/2020,222.96,223.01,219.49,220.82,211390
10/12/2020,220.48,222.17,220,221.21,188264
11/12/2020,220.66,221.2,218.98,220.52,174526
14/12/2020,222.46,223.92,219.57,219.57,382291
15/12/2020,221.22,222.08,219.79,221.76,186259
16/12/2020,221.79,222.14,220.29,220.97,263990
17/12/2020,220.78,222.8,220.68,222.78,251488
18/12/2020,223.31,223.4,220.97,223.13,291570
21/12/2020,220.71,221.66,217.55,221.55,325353
22/12/2020,222.09,222.23,220.63,221.56,254694
23/12/2020,222.23,223.09,221.73,221.85,195826
24/12/2020,222.18,222.87,221.35,222.16,122559
28/12/2020,223.39,223.84,221.5,221.5,232339
29/12/2020,222.43,223.5,221.02,221.84,239001
30/12/2020,222.73,223.42,221.97,222.16,193296
31/12/2020,222.23,224.01,220.86,223.73,203999
04/01/2021,224.52,224.7,219.1,222.58,322228
05/01/2021,222.24,224.82,221.66,223.95,201205
06/01/2021,222.23,228.32,221.8,227.5,248217
07/01/2021,228.23,231.56,228.23,231.07,324331
08/01/2021,231.8,233.66,229.78,232.02,310105
11/01/2021,232.16,233.54,231.79,233.21,231117
12/01/2021,233.12,233.6,230.42,231.49,208386
13/01/2021,231.58,232.87,230.69,232.06,507541
14/01/2021,232.75,233.78,231.87,232.25,174655
15/01/2021,231.97,233.03,230.29,232.3,422259
19/01/2021,234,235.05,233.22,234.67,267231
20/01/2021,235.35,236.47,234.33,235.68,228632
21/01/2021,235.83,235.97,233.84,234.65,373688
22/01/2021,233.9,235.18,233.48,234.3,585060
25/01/2021,234.9,236.32,233.88,236.19,201295
26/01/2021,237.09,237.28,234.34,234.36,266737
27/01/2021,231.78,231.78,226.8,227.28,340430
28/01/2021,229.08,233.26,228.73,230.39,329724
29/01/2021,230.39,232.39,226.77,229.03,346041
01/02/2021,230.78,231.72,229.35,230.31,201626
02/02/2021,232.43,233.5,231.8,231.8,162717
03/02/2021,231.96,232,229.7,230.32,167471
04/02/2021,230.79,232.6,230.21,231.91,187132
05/02/2021,233.25,233.69,232.2,233.02,293024
08/02/2021,234.27,234.74,233.64,234.42,212759
09/02/2021,234.6,235.11,234.3,234.58,182963
10/02/2021,235.92,236.53,233.59,234.81,224920
11/02/2021,235.6,235.81,233.89,235.22,184457
12/02/2021,234.8,236.83,234.24,236.79,273891
16/02/2021,237,237.2,233.05,233.77,415803
17/02/2021,233.01,234.28,232.47,233.99,323988
18/02/2021,233.07,233.07,231.11,232.01,155196
19/02/2021,232.78,232.78,230.4,230.65,152739
22/02/2021,229.76,229.76,227.73,228.53,231897
23/02/2021,227.56,228.57,225.8,227.71,216054
24/02/2021,228.31,230.7,227.29,229.54,218054
25/02/2021,229.34,229.89,224.92,226.1,200193
26/02/2021,227.13,227.18,223.38,224.62,193393
01/03/2021,226.96,229.04,226.96,228.1,194515
02/03/2021,228.38,228.58,226.56,226.71,226841
03/03/2021,226.4,226.4,222.3,222.3,195057
04/03/2021,222,222.83,216.25,218.21,608277
05/03/2021,219.65,222.99,216.28,222.31,272329
08/03/2021,222.96,224.74,220.76,220.76,176156
09/03/2021,223.02,226.79,223.02,223.61,182852
10/03/2021,225.2,226.41,223.91,224.09,252694
11/03/2021,225.55,227.48,225.28,226.79,216676
12/03/2021,226.34,227.38,225.21,227.18,521725
15/03/2021,227.26,228.98,226.87,228.72,244628
16/03/2021,229.55,229.57,227.28,228.16,192146
17/03/2021,227.17,228.5,225.86,227.68,221947
18/03/2021,226.53,228.69,225.69,225.91,139621
19/03/2021,226.62,228.4,225.2,227.42,281138
22/03/2021,227.28,229.77,226.84,229.34,175512
23/03/2021,229.15,229.16,225.38,226.11,204302
24/03/2021,226.55,227.07,224.46,224.57,181278
25/03/2021,224.38,225.91,221.83,225.34,194469
26/03/2021,225.73,228.4,224.7,228.29,180117
29/03/2021,227.94,229.17,226.64,228.33,274091
30/03/2021,227.68,227.79,226.32,226.75,161330
31/03/2021,227.89,229.77,227.26,228.75,199587
01/04/2021,229.81,229.92,228.09,228.63,208469
05/04/2021,229.92,230.48,229.2,229.9,246276
06/04/2021,230.08,231.17,228.88,229.28,142837
07/04/2021,229.14,229.42,227.47,227.95,146916
08/04/2021,228.89,229.67,228.44,228.81,132918
09/04/2021,228.89,230.76,228.8,230.45,124209
12/04/2021,230.56,231,229.5,230.41,119505
13/04/2021,230.41,232.43,230.25,232.26,185366
14/04/2021,232.25,233.85,232.22,232.42,200192
15/04/2021,233.61,237.06,233.61,236.72,627047
16/04/2021,237.59,237.97,236.35,237.79,196192
19/04/2021,237.2,237.5,236.11,236.89,212014
20/04/2021,236.21,238.03,236.01,237.55,395878
21/04/2021,238.04,241.01,238.04,240.91,268592
22/04/2021,240.91,242,239.27,239.97,353686
23/04/2021,240.09,242.45,240,241.82,180758
26/04/2021,242,242.54,240.89,242.17,276519
27/04/2021,241.81,241.81,240.51,240.85,138599
28/04/2021,240.32,240.96,239.7,240.36,249191
29/04/2021,240.56,240.56,237.66,238.85,218569
30/04/2021,238.14,239.42,237.74,238.23,298367
03/05/2021,239.33,240.39,238.98,239.86,171515
04/05/2021,239.27,239.27,237.21,238.7,344733
05/05/2021,239.18,239.65,238,238.38,157738
06/05/2021,237.54,238.25,235.12,238.12,151842
07/05/2021,239.19,241.55,239.18,240.15,148547
10/05/2021,240.84,240.84,238.65,238.65,144971
11/05/2021,236.68,238.48,236.06,237.13,160497
12/05/2021,235.74,236.68,234.04,234.35,144276
13/05/2021,234.42,236.82,234.42,235.98,116892
14/05/2021,237.11,238.34,236.72,237.86,95940
17/05/2021,237.81,238.4,237.09,237.39,108207
18/05/2021,237.42,239.31,236.78,237.77,163286
19/05/2021,236.1,237.19,234.5,237.17,292423
20/05/2021,237.48,240.94,237.24,240.14,135800
21/05/2021,240.84,242.49,239.87,240,90881
24/05/2021,241.06,241.68,240.25,240.37,129633
25/05/2021,240.96,240.99,239.53,239.76,255826
26/05/2021,239.92,239.92,237.74,239.08,91923
27/05/2021,239.6,239.6,238.69,238.8,106679
28/05/2021,239.9,242.24,239.77,239.98,111562
01/06/2021,240.49,240.7,236.24,236.38,180309
02/06/2021,236.64,237.22,235.42,235.87,716555
03/06/2021,235.29,237.06,234.14,236.58,112967
04/06/2021,237.56,238.5,237.2,237.51,113258
07/06/2021,237.88,241.21,237.75,239.44,216084
08/06/2021,240,240.48,236.81,239.12,216710
09/06/2021,239.88,241.75,239.88,241.14,125801
10/06/2021,241.84,245.4,241.68,245.26,336840
11/06/2021,245.3,245.3,242.64,244.04,113125
14/06/2021,244.3,244.31,242.68,244.31,112777
15/06/2021,244.5,244.83,242.69,243.46,107205
16/06/2021,243.79,244.82,241.54,242.72,125710
17/06/2021,242.2,245.32,242.2,244.77,118452
18/06/2021,243.15,243.27,241.92,242.13,167854
21/06/2021,242.98,245.4,241.63,245.09,741636
22/06/2021,245.17,246,244.33,245.89,113822
23/06/2021,245.8,245.93,244.74,244.92,139522
24/06/2021,245.74,247.18,245.51,245.61,161653
25/06/2021,245.87,247.57,245.71,247.1,109966
28/06/2021,247.67,247.99,246.77,247.57,182696
29/06/2021,247.83,248.61,247.12,247.49,132576
30/06/2021,247.49,247.59,246.5,247.13,173938
01/07/2021,247.88,249.49,247.15,249.39,311358
02/07/2021,249.95,251.24,249.14,250.93,313448
06/07/2021,250.52,250.71,248.74,250.31,122734
07/07/2021,250.75,251.1,248.76,250.97,90206
08/07/2021,248.11,250.27,247.74,250.27,186773
09/07/2021,251.03,251.75,250.49,251.09,105547
12/07/2021,251.13,252.38,251.13,251.54,276740
13/07/2021,250.8,251.57,250.1,250.44,545074
14/07/2021,251.05,251.05,248.83,249.04,151457
15/07/2021,248.22,248.91,246.76,248.62,96079
16/07/2021,249.55,250.49,248.68,249.43,162585
19/07/2021,247.56,248.88,245.85,247.75,325339
20/07/2021,248.55,252.35,248.54,251.04,197090
21/07/2021,252.11,252.12,249.02,251.76,190799
22/07/2021,252.07,253.17,251.35,252.96,202827
23/07/2021,253.84,255.76,253.65,255.45,817447
26/07/2021,255.17,255.49,252.81,253.48,198178
27/07/2021,253.12,254.21,252.27,254.18,152495
28/07/2021,254.01,256.72,253.32,256,172368
29/07/2021,256.63,257,256,256.2,168063
30/07/2021,256.02,257.29,255.89,256.42,225725
02/08/2021,257.25,257.79,256.1,256.66,173028
03/08/2021,256.94,259.74,256.7,259.74,208414
04/08/2021,259.07,260.58,258.83,259.15,280581
05/08/2021,259.08,259.12,256.82,258.83,172433
06/08/2021,258.84,259,256.54,257.94,264638
09/08/2021,258.27,259.18,257.98,258.53,188358
10/08/2021,258.75,258.92,256.42,257.23,345252
11/08/2021,257.73,257.92,254.41,254.76,278010
12/08/2021,255,256.84,254.85,256.77,258752
13/08/2021,257.19,257.86,256.92,257.72,128062
16/08/2021,257.82,259.87,256.54,259.76,145541
17/08/2021,258.88,262.62,258.88,262.62,334771
18/08/2021,262.47,262.7,258.61,258.96,242814
19/08/2021,257,260.94,257,259.43,196569
20/08/2021,259.72,261.78,258.99,261.36,184104
23/08/2021,262.88,263.52,262.38,262.5,291473
24/08/2021,262.51,262.52,260.99,262.07,243378
25/08/2021,261.94,262.05,260.59,261.75,206101
26/08/2021,261.85,262.32,260,260.51,118943
27/08/2021,261.27,262.28,260.01,260.96,471853
30/08/2021,261.16,263.43,261,262.47,158003
31/08/2021,262.69,263.63,261.64,262.49,141934
01/09/2021,262.9,263.06,260.79,263.04,187789
02/09/2021,263.66,265.85,263.63,265.84,132371
03/09/2021,265.63,266.07,264.31,265.84,150291
07/09/2021,265.18,265.35,262.92,264.3,281546
08/09/2021,263.85,264.29,262.86,263.78,179610
09/09/2021,263.68,264.15,261.11,261.32,197412
10/09/2021,262.3,262.33,258.83,258.98,179959
13/09/2021,260.18,260.18,255.97,257.04,240676
14/09/2021,258.16,258.95,256.32,256.58,261396
15/09/2021,256.58,259.32,255.9,258.42,132056
16/09/2021,258.53,258.98,256.1,257.91,116090
17/09/2021,258.03,258.87,256.79,258.79,134206
20/09/2021,255.25,257.64,253.2,255.61,257308
21/09/2021,256.83,258.58,256.19,256.19,130019
22/09/2021,257.18,258.05,255.65,256.8,158775
23/09/2021,257.69,260.06,257.42,258.85,149367
24/09/2021,258.23,258.81,256.88,257.37,264622
27/09/2021,257,257.19,253.56,254.29,354343
28/09/2021,252.51,252.51,248.79,249.22,323291
29/09/2021,249.67,251.08,249.27,249.71,135269
30/09/2021,250.77,252.1,247.16,247.16,249480
01/10/2021,247.89,248.64,243.43,247.69,375665
04/10/2021,247.23,247.52,242.47,243.83,271367
05/10/2021,244.26,247.48,244.26,244.94,175224
06/10/2021,243.49,244.57,241.81,244.57,255576
07/10/2021,246,249.32,246,247.53,284609
08/10/2021,248.19,248.26,245.94,246.13,148778
11/10/2021,245.98,247.22,244.34,244.41,138588
12/10/2021,245.13,245.34,242.97,243.71,332774
13/10/2021,244.17,244.69,242.8,243.96,98933
14/10/2021,246.6,248.43,246.48,247.5,129334
15/10/2021,248.99,249.63,248.26,248.44,106265
18/10/2021,247.47,247.59,245.69,246.5,146826
19/10/2021,247.92,250.44,247.55,249.68,182176
20/10/2021,251.11,253.25,251.01,252.77,133455
21/10/2021,253.45,254.17,251.97,254.17,228831
22/10/2021,253.95,254.85,253.23,254.69,124961
25/10/2021,254.95,255.3,253.23,254.95,130995
26/10/2021,255.75,256.77,254.23,256.18,258534
27/10/2021,256.6,256.6,253.71,253.75,118518
28/10/2021,254.29,256.81,254.11,256.4,215854
29/10/2021,256.12,258.6,255,258.45,123825
01/11/2021,259.02,259.61,258.08,258.91,199579
02/11/2021,259.66,261.5,257.69,260.48,190483
03/11/2021,260.24,262.57,259.5,262.42,138121
04/11/2021,262.24,262.24,259.42,260.86,153400
05/11/2021,259.49,260.12,256.46,258.49,244626
08/11/2021,258.49,259.86,257.96,259.72,245388
09/11/2021,259.59,259.71,257.89,258.37,121110
10/11/2021,258.07,259.8,257.43,258.13,134012
11/11/2021,258.33,258.33,256.81,257.59,103724
12/11/2021,259.16,259.16,257.27,258.54,246820
15/11/2021,259.22,259.22,256.6,256.89,139730
16/11/2021,256.7,259.05,256.22,258,105311
17/11/2021,258.28,259,257.46,257.96,96149
18/11/2021,258.45,258.77,256.75,257.35,105192
19/11/2021,257.98,258.84,255.76,255.76,741447
22/11/2021,256.5,256.72,254.31,254.31,383871
23/11/2021,253.28,254.29,251.92,254.12,132961
24/11/2021,253.41,254.41,252.42,254.31,222661
26/11/2021,254.66,256.11,251.78,252.66,114493
29/11/2021,254.49,254.82,252.63,252.65,225095
30/11/2021,251.71,252.73,247.94,248.18,291419
01/12/2021,249.83,252.35,246.81,246.92,627485
02/12/2021,246.78,249.14,245.61,248.11,443986
03/12/2021,250.03,250.63,245.44,247.32,202171
06/12/2021,248.04,249.45,246.91,248.82,150554
07/12/2021,250.92,253.38,250.92,253.04,150697
08/12/2021,253.87,255.37,252.5,255.17,194264
09/12/2021,254.83,255.91,254.19,254.27,216678
10/12/2021,253.76,255.57,253.43,254.62,154435
13/12/2021,254.79,257.61,254.75,256.89,672517
14/12/2021,255.79,256.82,254.26,255.65,155675
15/12/2021,256.2,261.34,256,261.34,240465
16/12/2021,260.99,262.68,259.9,260.57,207831
17/12/2021,259.46,262.5,258.43,260.64,292662
20/12/2021,260.29,260.29,256.64,259.03,291268
21/12/2021,260.08,260.88,257.8,260.82,293984
22/12/2021,260.44,263.69,260.24,263.62,314483
23/12/2021,264,265.59,263.49,264.82,235840
27/12/2021,265.35,266.68,264.73,266.68,158556
28/12/2021,266.81,267.49,265.14,265.61,165117
29/12/2021,265.54,267.35,265.41,266.61,198940
30/12/2021,267.31,268.72,267.3,267.51,162137
31/12/2021,267.56,268.52,266.3,266.42,130447
03/01/2022,266.05,266.05,261.5,264.71,302183
04/01/2022,264.31,264.35,259,260.46,512045
05/01/2022,260.69,262.29,256.85,257.28,1072596
06/01/2022,256,257.26,253.5,254.04,311109
07/01/2022,253.95,254.17,252.28,252.48,301750
10/01/2022,251.76,255.19,250.13,255.19,327163
11/01/2022,255.39,257.29,253.62,257.29,254437
12/01/2022,256.31,256.69,254.87,255.83,317606
13/01/2022,255.8,255.8,250.92,251.4,272447
14/01/2022,250.38,251.35,247.95,251.22,302760
18/01/2022,248.96,249.23,246.3,246.47,371205
19/01/2022,246.72,249.14,245.14,245.42,397262
20/01/2022,246.17,248.88,243.7,243.97,274962
21/01/2022,243.94,245.15,240.76,241.39,466889
24/01/2022,238.22,241.45,232.27,241.11,2026465
25/01/2022,238.48,241.18,235.6,238.85,313781
26/01/2022,239.69,242,235.63,237.56,1760662
27/01/2022,238.7,241.05,236.38,236.85,328003
28/01/2022,236.92,242.38,235.43,242.28,419092
31/01/2022,242,245.38,241.68,245.34,188845
01/02/2022,245.9,246.53,243.95,246.28,202952
02/02/2022,246.12,249.08,245.12,248.57,307137
03/02/2022,248.11,248.33,246.51,246.89,162670
04/02/2022,245.16,248.22,244.45,246.44,161352
07/02/2022,246.5,247.87,245.75,246.28,126662
08/02/2022,245.4,248.72,244.36,248.31,244172
09/02/2022,249.77,251.62,249.72,251.3,156820
10/02/2022,248.29,250.98,246.11,247.37,296549
11/02/2022,247.34,248.98,243.54,243.78,181998
14/02/2022,243.33,243.99,239.81,241.33,212736
15/02/2022,243.5,245.23,243.25,244.65,177163
16/02/2022,243.39,245.2,242.31,244.52,144771
17/02/2022,243.34,243.75,239.76,239.95,178082
18/02/2022,239.98,241.09,237.13,238.05,169272
22/02/2022,236.87,239.21,235.71,237.11,286654
23/02/2022,238.31,239,235.12,235.27,205931
24/02/2022,230.69,237.89,230.54,237.55,311026
25/02/2022,238.52,244.73,238.34,244.47,225527
28/02/2022,241.29,243.24,240.39,242.94,169684
01/03/2022,242.03,243.79,240.24,241.63,174790
02/03/2022,243.05,246.44,242.78,245.32,269187
03/03/2022,246.18,246.82,243.62,245.63,155582
04/03/2022,243.17,246.15,242.38,246.05,190099
07/03/2022,244.92,244.98,241,241.88,219035
08/03/2022,240.34,242.74,237.22,237.22,278012
09/03/2022,241.32,243.41,240.03,242.19,178116
10/03/2022,239.75,242.35,238.88,241.97,128180
11/03/2022,242.9,243.74,239.11,239.18,167689
14/03/2022,240.47,243.57,239,239.67,179418
15/03/2022,241.57,244.72,241.33,244.36,180503
16/03/2022,245.85,248.4,243.88,248.34,250605
17/03/2022,247.89,253,247.48,253,136714
18/03/2022,252.5,255.07,252.08,254.92,150573
21/03/2022,254.52,256.58,252.89,254.28,400648
22/03/2022,254.3,255.29,253.66,254.79,257735
23/03/2022,253.79,253.79,249.71,249.71,278308
24/03/2022,250.09,252.37,249.73,252.37,141634
25/03/2022,252.95,253.46,251.15,252.94,156623
28/03/2022,253.25,254.89,252.23,254.89,137424
29/03/2022,256.82,258.16,255.61,257.09,1394402
30/03/2022,257.24,258.5,256,257.2,287122
31/03/2022,257.02,258.04,254.38,254.38,393364
01/04/2022,255.56,257.64,254.4,257.64,551157
04/04/2022,257.51,257.51,254.93,255.98,378197
05/04/2022,255.25,258.96,255.18,255.8,305713
06/04/2022,254.55,259.44,254.55,259.08,193568
07/04/2022,258.39,264.1,258.33,263.49,424522
08/04/2022,263.34,265.79,262.75,264.47,750034
11/04/2022,263.65,264.21,258.6,258.96,492320
12/04/2022,259.22,260.1,255.65,256.78,365051
13/04/2022,256.78,258.82,255.89,258.66,281541
14/04/2022,258.8,259.79,256.88,257.11,173822
18/04/2022,256.44,257.01,252.52,253.58,372910
19/04/2022,254.05,257,254.05,256.27,142360
20/04/2022,256.88,260.55,256.5,259.35,138864
21/04/2022,260.52,260.73,255.39,255.86,160028
22/04/2022,253.89,253.89,246.47,246.8,322578
25/04/2022,245.56,249,243.63,248.58,216356
26/04/2022,247.18,247.71,243.21,243.21,264203
27/04/2022,243.65,245.13,241.96,242.75,1023816
28/04/2022,244.6,246.29,241.33,245.45,233700
29/04/2022,243.38,245,239.08,239.48,301972
02/05/2022,239.27,241.02,234.66,238.77,339987
03/05/2022,239.36,241.48,238.58,239.38,211758
04/05/2022,239.41,245.36,236.73,244.54,560084
05/05/2022,243.5,243.5,236.66,239,273085
06/05/2022,237.06,237.99,234.9,237.34,229084
09/05/2022,234.47,234.92,229.03,230.04,541215
10/05/2022,232.49,233.9,228.86,231.58,4434147
11/05/2022,230.81,235.33,228.83,229.09,333961
12/05/2022,228.35,231.66,228,231.56,327004
13/05/2022,233.14,235.91,233.14,235.08,220609
16/05/2022,234.84,238.25,234.84,236.56,213866
17/05/2022,239.03,240.59,237.96,240.45,187416
18/05/2022,238.55,239.08,233.21,233.9,232828
19/05/2022,232.07,236.17,231.47,234.64,156425
20/05/2022,236.47,238.03,232.69,237.47,216156
23/05/2022,238.94,240.28,238.28,239.34,326300
24/05/2022,238.57,239.76,236.67,239.32,171637
25/05/2022,238.9,240.96,237.27,239.54,210910
26/05/2022,240.31,241.76,239.42,240.88,238628
27/05/2022,241.19,245.29,240.49,245.29,167016
31/05/2022,243.37,243.37,240.09,241.78,228361
01/06/2022,242.39,242.52,236.22,238,284097
02/06/2022,238.58,240.81,234.6,240.75,215577
03/06/2022,239.43,240.37,237.85,238.27,241725
06/06/2022,239.89,240.15,237.27,237.97,240692
07/06/2022,237.47,241.62,237.47,241.32,148328
08/06/2022,240.43,241.85,239,239.62,118727
09/06/2022,238.89,239.38,233.95,233.95,134568
10/06/2022,231.14,232.02,229.16,229.93,547743
13/06/2022,225.34,226.22,221.58,222.58,1544213
14/06/2022,222.63,222.69,218.94,220.69,442188
15/06/2022,221.95,225.5,219.53,223.15,255555
16/06/2022,219.01,219.56,217.12,219.51,396807
17/06/2022,219.58,223.09,219.58,220.21,284418
21/06/2022,222.89,226.92,222.89,225.91,232507
22/06/2022,224.2,231.57,224.2,229.21,211555
23/06/2022,229.62,234.32,229.62,234.21,425987
24/06/2022,236.22,238.19,234.56,238.19,178035
27/06/2022,238.33,239.77,237.6,238.95,291406
28/06/2022,239.66,240.36,234.03,234.64,298414
29/06/2022,234.97,237.5,234.15,236.47,466115
30/06/2022,234.55,236.8,233.17,235.5,224084
01/07/2022,235.47,238.75,233.26,238.5,192191
05/07/2022,236.29,238.16,232.93,238.15,321546
06/07/2022,238.22,240.73,238.08,239.42,230898
07/07/2022,239.51,241.35,239.18,241.21,154091
08/07/2022,240.4,244.14,240,242,122703
11/07/2022,240.91,242.04,239.98,240.54,142605
12/07/2022,240.13,241.12,236.62,237.65,118550
13/07/2022,235,237.57,234.84,235.82,154334
14/07/2022,233.07,235.3,231.49,234.92,277901
15/07/2022,238.31,240.44,237.07,240.3,277475
18/07/2022,241.01,241.01,234.51,235.27,206370
19/07/2022,237.53,240,236.89,239.6,123250
20/07/2022,239.33,239.84,237.01,238.06,146663
21/07/2022,238.35,241.62,238.01,241.62,157978
22/07/2022,242.38,242.69,238.81,240.15,252991
25/07/2022,240.53,241.48,239.82,241.26,136074
26/07/2022,241.5,243.89,241.04,242.33,239847
27/07/2022,242.61,245.35,241.43,244.39,176263
28/07/2022,244.45,247.26,240.33,245.69,241268
29/07/2022,244.75,245.18,242.96,244.79,202631
01/08/2022,243.66,244.8,242.46,242.82,306095
02/08/2022,242.97,245.55,242.45,242.63,139844
03/08/2022,244.33,245.91,243.76,245.06,190235
04/08/2022,245.65,245.87,243.97,244.51,288821
05/08/2022,242.8,245.06,242,244.84,121672
08/08/2022,245.74,247.54,244.53,245.92,608319
09/08/2022,245.85,246.98,243.83,244.42,135013
10/08/2022,247.07,247.81,245.92,247.63,139084
11/08/2022,247.29,249.66,245.41,245.91,162389
12/08/2022,246.46,249.13,246.33,249.05,179859
15/08/2022,248.76,250.62,248.29,250.44,235896
16/08/2022,249.85,250.16,248.31,249.22,197384
17/08/2022,248.1,248.87,246.86,247.28,203597
18/08/2022,247.57,247.61,244.82,246.19,161631
19/08/2022,245.62,247.37,245.62,246.26,122000
22/08/2022,244.73,245.5,242.23,242.96,118319
23/08/2022,242.44,242.44,239.23,240.09,301732
24/08/2022,240.25,241.91,239.89,240.91,568348
25/08/2022,242.06,243.63,240.43,243.63,132274
26/08/2022,243.63,243.63,236.21,236.39,176305
29/08/2022,234.87,236.07,233.62,234.6,218267
30/08/2022,235.33,235.33,232.26,232.75,133302
31/08/2022,233.66,235.16,231.55,231.56,156985
01/09/2022,230.92,234.89,230.37,234.79,186991
02/09/2022,236.24,236.39,230.52,231.43,125966
06/09/2022,232.34,234.03,230.68,231.25,132608
07/09/2022,231.28,235.9,230.68,235.49,138830
08/09/2022,234.8,239.96,234.53,239.96,104185
09/09/2022,240.77,242.76,240.27,242.19,93295
12/09/2022,243.2,244.75,242.53,243.71,152917
13/09/2022,239.56,240.04,234.96,235.62,222982
14/09/2022,236.17,237.33,234.23,235.86,167983
15/09/2022,236.42,239.29,236.42,236.93,132995
16/09/2022,235.91,236.12,233.92,235.8,162317
19/09/2022,234.07,234.48,231,234.39,127077
20/09/2022,233.07,233.37,230.43,231.87,133549
21/09/2022,232.64,233.96,227.72,227.72,122805
22/09/2022,227.35,229.53,226.02,227.9,373156
23/09/2022,226.67,227.18,223.72,226.71,210773
26/09/2022,225.31,226.46,223.45,224.34,454182
27/09/2022,226.07,227.52,223.23,224.15,323701
28/09/2022,226.07,229.54,225.19,228.55,224639
29/09/2022,227.53,227.53,224.86,226.34,212118
30/09/2022,226.57,228.58,223.35,223.7,193749
03/10/2022,225.41,228.85,224.33,227.88,274474
04/10/2022,230.12,233.66,229.68,233.53,521381
05/10/2022,231.91,235.17,231.02,234.03,223194
06/10/2022,233.25,233.98,230.89,231.32,188401
07/10/2022,229.61,229.61,224.76,226.04,213616
10/10/2022,226.5,226.55,223.35,224.15,257619
11/10/2022,224.12,227.75,222.92,225.39,236134
12/10/2022,225.73,226.85,224.2,224.2,309385
13/10/2022,221.05,230.35,220.5,229.33,206332
14/10/2022,230.75,232.23,226.7,227.02,279442
17/10/2022,228.91,231.74,228.59,231.32,167896
18/10/2022,234.34,234.89,231.59,232.61,176075
19/10/2022,232.2,232.2,226.88,228.84,141760
20/10/2022,228.2,230.18,226.63,226.91,130391
21/10/2022,226.75,232.27,225.27,231.81,152764
24/10/2022,233.39,236.22,233.3,235.56,245727
25/10/2022,235.26,238.38,235.14,238.03,168069
26/10/2022,238.55,243.28,238.55,240.88,472212
27/10/2022,241.46,241.46,239.02,239.31,183676
28/10/2022,239.35,243.57,238.9,243.25,245794
31/10/2022,242.35,244.15,241.67,243.03,879852
01/11/2022,243.67,244.55,240.88,243.22,201444
02/11/2022,243.03,245.71,239,239.1,259973
03/11/2022,237,239.29,235.73,238.09,166005
04/11/2022,240.24,240.24,235.67,239.09,214574
07/11/2022,239.39,241.93,238.79,241.4,251079
08/11/2022,241.63,244.44,239.71,242.29,211671
09/11/2022,241.87,243.34,239.18,239.48,216315
10/11/2022,245.12,247.07,242.7,246.53,305266
11/11/2022,246.14,246.26,241.63,244.4,429327
14/11/2022,244.83,247.22,244.06,244.06,281247
15/11/2022,246.35,247.16,242.37,244.25,282241
16/11/2022,244.63,246.12,243.13,243.45,219805
17/11/2022,241.8,243.91,241.09,242.98,173995
18/11/2022,244.85,246.29,244.28,245.84,143110
21/11/2022,245.43,246.72,245.19,245.74,130677
22/11/2022,246.44,248,246,247.92,166135
23/11/2022,248.11,249.34,247.42,249,212420
25/11/2022,249.13,250.57,249.13,250.47,171050
28/11/2022,249.29,251.12,247.8,248.35,143840
29/11/2022,247.96,248.28,246.67,247.76,108713
30/11/2022,248.39,254.35,247.25,254.35,170875
01/12/2022,255.39,256.15,253.63,255.24,643020
02/12/2022,252.9,256.37,252.08,255.96,395306
05/12/2022,254.79,254.79,252.36,252.99,337533
06/12/2022,252.82,253.08,249.36,250.54,111948
07/12/2022,250.49,253,250.49,252.4,223357
08/12/2022,253.19,255.18,252.25,254.91,160031
09/12/2022,254.29,254.88,251.32,251.35,114060
12/12/2022,251.88,254.36,251.88,254.22,186591
13/12/2022,258.6,259.04,254.56,255.39,183745
14/12/2022,255.44,257.91,253.73,255.81,350329
15/12/2022,252.61,252.99,249.19,249.87,241328
16/12/2022,248.18,248.36,245.24,246.62,612422
19/12/2022,246.87,246.87,244.41,245.44,380198
20/12/2022,245.54,246.47,244.17,245.74,193530
21/12/2022,247.03,249.79,246.34,248.89,199437
22/12/2022,247.72,248.65,245.32,248.65,210043
23/12/2022,248.22,248.55,246.6,248.36,141357
27/12/2022,248.62,248.86,246.5,247.16,171871
28/12/2022,247.89,249.03,245.68,245.8,164706
29/12/2022,247.09,250.1,246.87,248.82,528558
30/12/2022,247.6,248.16,245.44,248.05,170326
03/01/2023,248.62,249.17,245.32,247.03,236921
04/01/2023,248.21,249.2,246.47,248.11,176573
05/01/2023,246.91,247.19,244.89,245.86,162562
06/01/2023,247.31,248.58,244.25,247.93,153649
09/01/2023,248.26,248.53,243.66,244.05,394318
10/01/2023,243.79,246.55,243.79,246.5,290061
11/01/2023,246.69,248.05,245.74,248.05,214562
12/01/2023,248,248.57,244.9,247.93,261856
13/01/2023,246.72,249.78,246.5,249,320817
17/01/2023,248.93,249.36,247.66,248.02,239222
18/01/2023,248.1,248.78,244.54,244.54,373561
19/01/2023,243.61,245.98,243.61,244.89,467482
20/01/2023,245.56,246.66,243.95,246.53,210451
23/01/2023,246.82,248.64,246.03,247.52,177347
24/01/2023,246.26,247.8,244.61,245.84,158015
25/01/2023,244.41,246.16,243.64,246.16,202080
26/01/2023,246.87,246.88,244.8,246.77,175256
27/01/2023,246.16,246.61,244.87,245.26,147874
30/01/2023,244.89,246.08,242.53,242.74,229780
31/01/2023,243.27,246.11,243.27,246.08,179558
01/02/2023,246,248.99,244.36,247.53,193657
02/02/2023,246.62,246.8,245,246.72,299758
03/02/2023,246.63,247.4,244.92,245.65,202733
06/02/2023,245.2,245.53,243.59,243.93,125278
07/02/2023,243,246.16,242.16,245.48,218793
08/02/2023,244.97,245.87,244.11,244.3,121187
09/02/2023,245.4,245.9,241.72,242.14,151002
10/02/2023,242.35,244.23,241.98,244,161764
13/02/2023,243.96,245.96,243.87,245.88,144374
14/02/2023,245.88,246.99,243.37,244.68,163853
15/02/2023,243.85,244.33,243,243.98,187764
16/02/2023,242.06,243.95,241.33,241.66,131317
17/02/2023,240.96,244.25,240.55,244.1,120380
21/02/2023,242.11,242.77,239.84,239.97,231215
22/02/2023,240.41,241,239,239.47,116057
23/02/2023,239.77,241.27,238.35,240.12,156296
24/02/2023,238.43,238.43,236.35,236.94,132252
27/02/2023,238.25,239.06,235.91,236.39,150759
28/02/2023,236.04,236.08,234.76,234.76,244718
01/03/2023,234.08,235.35,233.78,234.8,198547
02/03/2023,234,236.79,233.75,236.1,154053
03/03/2023,237.18,239.12,236.29,239.12,174094
06/03/2023,239.06,239.51,237.77,238.26,159393
07/03/2023,238.83,238.93,234.36,234.63,166880
08/03/2023,234.62,234.64,232.49,233.26,140094
09/03/2023,233.97,234.39,229.75,230.54,280190
10/03/2023,230.45,231.28,227.13,228.23,738990
13/03/2023,227.5,233.41,227.5,230.45,494053
14/03/2023,232.49,233.61,230.65,233.05,162031
15/03/2023,230.5,232.69,229.84,232.46,206878
16/03/2023,231.22,235,230.24,234.96,206810
17/03/2023,234.13,234.19,230.97,231.53,154073
20/03/2023,232.23,234.69,232.23,234.36,182787
21/03/2023,235.31,236.28,234.21,236.01,214182
22/03/2023,236.17,236.7,232.17,232.2,179562
23/03/2023,233.37,234.64,230.45,231.81,137364
24/03/2023,230.5,234.24,229.72,233.88,144953
27/03/2023,235.3,236.6,234.97,235.09,124552
28/03/2023,235.03,235.66,233.17,233.72,127276
29/03/2023,235.44,235.44,233.68,234.68,198774
30/03/2023,235.8,235.8,234.18,235.7,181375
31/03/2023,236.32,238.48,236.31,238.46,105699
03/04/2023,238.73,240.89,238.21,240.78,200153
04/04/2023,241,241.96,240.16,240.64,455918
05/04/2023,241.99,244.63,241.63,244.36,349659
06/04/2023,244.72,245.66,244.12,245.09,167433
10/04/2023,244.61,245.04,243.2,245.02,123720
11/04/2023,245.23,246.89,245.23,245.96,285671
12/04/2023,246.88,247.78,245.45,245.8,219862
13/04/2023,246.91,249.51,246.64,249.3,136630
14/04/2023,248.7,249.2,246.26,247.16,130937
17/04/2023,247.48,247.75,246.33,247.51,105088
18/04/2023,248.11,248.11,245.54,245.99,98400
19/04/2023,245.88,247,245.25,246.78,118925
20/04/2023,245.66,246.02,244.7,245.63,159938
21/04/2023,246.76,248.11,246.38,247.55,104309
24/04/2023,247.59,248.73,247.25,248.66,134126
25/04/2023,248.23,249.11,245.55,245.65,113800
26/04/2023,244.21,244.21,241.06,242.45,113062
27/04/2023,242.75,243.93,240.52,243.53,135114
28/04/2023,243.34,246.39,243.29,245.74,114191
01/05/2023,245.99,248.11,245.85,247.29,148764
02/05/2023,246.86,247.78,244.02,245.58,159398
03/05/2023,246.73,248.35,245.51,245.87,109431
04/05/2023,244.83,244.83,243.01,244.04,390923
05/05/2023,245.37,247.32,245.16,246.6,175906
08/05/2023,246.13,246.13,244.87,245.85,450142
09/05/2023,245,245.92,244.29,244.44,102349
10/05/2023,245.43,245.97,243.92,245.34,146658
11/05/2023,244.87,245,243.18,244.44,145781
12/05/2023,244.82,245.23,242.93,243.83,115874
15/05/2023,244.11,244.31,243.12,244.06,185743
16/05/2023,243.05,243.05,241.37,241.37,114325
17/05/2023,242.01,242.12,239.39,241.86,186290
18/05/2023,241.3,241.62,239.44,241.42,194823
19/05/2023,241.81,244.02,241.81,242.37,118112
22/05/2023,242.99,244.39,242.37,242.99,160116
23/05/2023,242.16,242.63,239.92,240.28,107087
24/05/2023,239.56,239.57,237.95,238.49,123127
25/05/2023,237.76,237.76,234.38,235.84,210996
26/05/2023,235.98,237.91,235.17,235.71,137316
30/05/2023,234.73,236.25,233.63,234.11,171879
31/05/2023,233.62,236.35,232.85,235.86,177681
01/06/2023,236.26,238.29,234.51,237.78,188318
02/06/2023,239.05,241.36,238.57,241.14,225511
05/06/2023,241.26,242.5,241.26,241.77,159647
06/06/2023,242.26,242.6,239.38,240.28,141284
07/06/2023,240.02,240.63,239.21,239.45,165495
08/06/2023,239.24,241.1,238.76,240.71,107277
09/06/2023,240.77,242,239.65,240.89,106072
12/06/2023,241.36,242.27,240.44,242.16,155157
13/06/2023,241.84,244.07,241.84,243.69,174942
14/06/2023,242.71,243,240.2,241.21,224251
15/06/2023,241.22,245.15,241.2,244.79,175234
16/06/2023,245.94,246.59,244.36,244.53,105523
20/06/2023,242.59,245.28,242.2,244.44,127195
21/06/2023,243.79,244.97,242.77,244.26,128642
22/06/2023,244.4,246.1,244.31,245.67,128279
23/06/2023,244.91,245.57,244.45,244.53,231167
26/06/2023,244.32,244.32,241.2,242.95,96592
27/06/2023,243.08,243.13,240.89,242.52,116887
28/06/2023,242.45,242.55,241.26,242.04,321118
29/06/2023,240.9,242.91,240.13,242.65,187095
30/06/2023,243.6,245.56,243.6,244.82,173866
03/07/2023,243.97,243.97,242.05,242.93,97055
05/07/2023,242.58,243.22,242,242.71,216791
06/07/2023,241.12,241.57,239.93,240.54,184081
07/07/2023,239.44,240.27,238.07,238.23,187754
10/07/2023,238.23,240.66,238.23,240.63,169903
11/07/2023,240.31,241.17,239.62,240.7,109572
12/07/2023,241.39,241.63,239.96,240.25,132281
13/07/2023,241,241.5,240.2,240.37,421027
14/07/2023,242,244.3,241.89,243.68,666572
17/07/2023,243.08,243.38,241.96,242.64,833538
18/07/2023,242.75,245.12,242.42,244.2,194950
19/07/2023,245.23,246.99,245.14,245.19,429125
20/07/2023,246.33,249.33,246.33,248.33,172281
21/07/2023,248.79,251.5,248.56,250.77,193336
24/07/2023,250.92,251.49,249.75,249.96,189009
25/07/2023,248.41,250.85,248.13,249.73,112414
26/07/2023,248.41,250.58,248.21,249.68,123219
27/07/2023,250.14,251,247.71,247.88,227364
28/07/2023,248.87,249.34,247.62,248.88,153454
31/07/2023,248.61,248.61,246.49,247.34,239499
01/08/2023,246.85,247.41,245.39,245.93,118237
02/08/2023,245.48,247.03,245.01,245.6,117352
03/08/2023,244.87,244.87,244,244.09,195600
04/08/2023,244.36,245.71,243.05,243.54,193461
07/08/2023,243.96,245.82,243.96,245.57,136954
08/08/2023,246.99,247.5,245.63,247.3,192245
09/08/2023,247.36,248.44,246.81,247.12,615177
10/08/2023,247.89,249.98,246.73,246.94,183638
11/08/2023,246.73,248.66,246.55,248.34,278587
14/08/2023,248.17,249.51,247.95,248.99,133324
15/08/2023,248.21,249.07,247.88,248.06,191057
16/08/2023,247.58,248.42,246,246.04,163112
17/08/2023,245.25,245.95,243.8,243.88,297691
18/08/2023,243.12,244.58,243.12,244.04,125089
21/08/2023,243.85,244.72,243.35,244.42,124133
22/08/2023,244.05,244.76,243.54,243.73,306808
23/08/2023,245.02,245.74,244.02,244.4,143086
24/08/2023,244.19,245.74,242.38,242.52,163797
25/08/2023,242.96,245,242.23,244.27,496993
28/08/2023,244.94,245.9,243.9,244.72,243526
29/08/2023,245.04,247,244.95,246.94,130168
30/08/2023,247.39,248.33,246.91,247.06,188825
31/08/2023,247.28,247.44,244.44,244.44,253590
01/09/2023,246.16,246.6,244.91,245.26,203842
05/09/2023,245.32,245.46,242.74,242.83,176909
06/09/2023,242.69,242.83,240.5,241.46,204785
07/09/2023,242.05,243.09,241.75,242.13,132961
08/09/2023,241.98,242.7,241.54,241.9,145641
11/09/2023,242.21,244.11,241.89,243.78,125479
12/09/2023,243.03,244,242.01,243.13,125726
13/09/2023,242.9,244.2,242.7,243.3,116724
14/09/2023,244.42,244.58,243.27,243.62,114526
15/09/2023,243.37,244.09,241.65,241.88,129889
18/09/2023,242.02,242.15,240.4,241.05,222332
19/09/2023,240.88,241.67,239.81,241.2,99132
20/09/2023,241.95,242.82,240.98,240.98,96658
21/09/2023,240.29,240.45,238.53,238.53,118543
22/09/2023,238.72,239.47,237.93,238.05,139562
25/09/2023,237.86,239.23,237.12,239.12,125429
26/09/2023,238.38,239.12,237.27,237.48,178539
27/09/2023,237.95,238.28,234.75,236.52,264365
28/09/2023,235.99,237.37,235.99,236.68,185975
29/09/2023,237.37,237.37,234.7,235.1,156786
02/10/2023,234.57,234.57,231.82,234.28,306089
03/10/2023,233.14,233.53,231.26,232.1,341314
04/10/2023,232.16,233.14,231.05,232.72,258658
05/10/2023,232.9,234.52,232.16,234.22,237021
06/10/2023,233.56,237.4,233.49,236.57,156658
09/10/2023,235.59,237.42,234.83,237.19,94020
10/10/2023,237.21,239.59,236.53,238.63,145696
11/10/2023,239,239,236.23,237.26,113304
12/10/2023,237.45,237.76,234.51,234.62,143685
13/10/2023,235.42,237.1,234.78,236.04,104204
16/10/2023,236.95,239.25,236.74,237.88,152250
17/10/2023,237.03,239.3,237.03,237.87,97276
18/10/2023,238.09,238.48,235.19,235.44,105982
19/10/2023,235.45,235.45,231.92,233,165941
20/10/2023,232.46,233.82,232.1,232.1,131077
23/10/2023,231.74,232.51,230.39,230.48,155671
24/10/2023,230,232.05,229.9,231.53,235295
25/10/2023,230.53,230.76,227.6,229.08,163100
26/10/2023,227.64,228.88,226.78,227.02,285224
27/10/2023,226.56,226.69,222.27,223.1,1284577
30/10/2023,224.48,225.02,222.61,224.27,432620
31/10/2023,224.69,225.96,223.92,225.8,131888
01/11/2023,225.42,227.16,224.88,226.31,161100
02/11/2023,227.43,229.92,226.84,229.8,225653
03/11/2023,231.29,232.8,231.07,231.46,142385
06/11/2023,232.4,232.95,231.53,232.55,146955
07/11/2023,232.45,233.53,232.02,232.97,167226
08/11/2023,233.79,233.79,231.03,232.12,168387
09/11/2023,231.95,231.95,226.89,227.07,613863
10/11/2023,228.01,228.68,225.38,228.28,221330
13/11/2023,228.42,230.16,227.15,229.78,290513
14/11/2023,231.46,233.62,231.18,232.41,337092
15/11/2023,232.25,233.89,232.25,232.67,227900
16/11/2023,233.13,234,232.22,233.3,171623
17/11/2023,233.91,234.11,232.53,233.14,134301
20/11/2023,232.33,235.13,232.25,234.61,206522
21/11/2023,235.34,236.3,235.11,235.81,305784
22/11/2023,236.56,237.62,236.4,236.99,125273
24/11/2023,237.26,238.4,237.26,238.2,119052
27/11/2023,237.69,238.33,236.37,236.88,331274
28/11/2023,236.28,236.88,235.48,235.53,168556
29/11/2023,235.39,237.18,235.39,235.75,136181
30/11/2023,236.14,238.75,235.5,238.6,131705
01/12/2023,238.23,240.33,238.03,240.15,182596
04/12/2023,239.68,241.27,239.58,240.92,204907
05/12/2023,240.38,240.74,239.04,240.43,138934
06/12/2023,240.86,241.58,240.43,240.75,122431
07/12/2023,240.68,241,239.36,240.53,127591
08/12/2023,240.69,241.39,239.54,240.81,141747
11/12/2023,241.71,242.51,240.77,242.12,189389
12/12/2023,242.7,243.98,241.41,243.6,571679
13/12/2023,242.8,248.6,242.49,248.57,238622
14/12/2023,249.83,250,247.14,248.07,304307
15/12/2023,247.24,247.25,245.17,245.75,235953
18/12/2023,246.66,247.16,245.63,246.09,224619
19/12/2023,245.73,247.54,245.55,247.46,460111
20/12/2023,247.14,247.33,243.34,243.34,235787
21/12/2023,245.04,246.88,244.85,246.67,194830
22/12/2023,247.32,249.12,247.32,248.38,171243
26/12/2023,248.37,249.85,248.1,249.24,183308
27/12/2023,249.12,250.56,249.12,250.48,170985
28/12/2023,250.41,251.88,250.41,251.09,183545
29/12/2023,250.86,251.61,249.98,250.7,153441
02/01/2024,249.7,255.22,249.7,254.58,236661
03/01/2024,255.12,255.42,253.23,253.63,280226
04/01/2024,254.23,256.07,254,254.84,460241
05/01/2024,254.22,255.5,253.07,254.65,200267
08/01/2024,254.65,257.53,254,257.46,263321
09/01/2024,257.12,259.57,256.54,257.55,199820
10/01/2024,257.63,258.67,256.4,258.36,174571
11/01/2024,258.1,258.29,256.32,257.84,154346
12/01/2024,257.33,258.81,256.79,257.2,122960
16/01/2024,256.48,256.86,255.33,255.77,167720
17/01/2024,255.04,256.18,254.25,254.89,139265
18/01/2024,253.15,255.16,251.91,254.99,367282
19/01/2024,255.32,255.76,253.59,255.27,145154
22/01/2024,255.48,257.32,255.01,256.58,212906
23/01/2024,256.41,256.75,254.92,256.37,147138
24/01/2024,257.22,257.9,254.06,254.06,209390
25/01/2024,253.54,254.06,251.62,253.8,197051
26/01/2024,255.39,255.85,254.86,255,133866
29/01/2024,255.31,257.3,254.96,257.15,182603
30/01/2024,257.42,258.06,256.27,257.24,471942
31/01/2024,259,259.29,256.64,256.64,644065
01/02/2024,256.98,260,255.9,260,191907
02/02/2024,259.65,260.7,258.24,259.49,217700
05/02/2024,260.02,261.38,258.88,260.06,164244
06/02/2024,261.74,263.29,260.79,263.15,142421
07/02/2024,263.7,264.79,263.16,263.51,139552
08/02/2024,263.27,263.47,262.18,263.45,113922
09/02/2024,263.52,263.85,262.71,263.45,113128
12/02/2024,263.13,264.32,262.29,264.25,432494
13/02/2024,262.39,263.82,259.79,261.35,161348
14/02/2024,262.28,263.86,261.94,263.86,126957
15/02/2024,264.11,266.35,264.07,265.99,100453
16/02/2024,266.06,268.58,265.39,266.66,116335
20/02/2024,266.66,267.41,264.96,265.47,192021
21/02/2024,264.71,266.06,263.83,266.06,113908
22/02/2024,266.77,269.6,266.02,269.14,123919
23/02/2024,269.92,271,269.46,270.43,579875
26/02/2024,270.08,271.01,269.05,269.29,345527
27/02/2024,268.83,270.21,267.96,269.62,143616
28/02/2024,268.59,268.59,267,267.97,219269
29/02/2024,268.51,268.68,265.41,265.41,193007
01/03/2024,266.28,268.61,265.32,268.5,161473
04/03/2024,268.42,268.81,267.3,267.92,171248
05/03/2024,267.81,268.5,265.14,265.76,157376
06/03/2024,266.74,268.6,266.74,267.59,113359
07/03/2024,268.31,269.64,268.12,269.01,151750
08/03/2024,269.35,270,268.41,268.53,101636
11/03/2024,267.94,268.6,266.5,267.97,141128
12/03/2024,268.2,269.5,267.3,269,121193
13/03/2024,269.72,270.21,267.22,268.03,118413
14/03/2024,268.26,268.29,265.15,266.7,128788
15/03/2024,265.51,266.38,264.93,265.84,508163
18/03/2024,266.73,267.04,265.53,265.63,132992
19/03/2024,265.74,267.77,265.28,267.57,118708
20/03/2024,267.07,267.42,265.56,267.26,118837
21/03/2024,267.99,268.73,267.42,267.61,137667
22/03/2024,267.06,267.65,266.04,266.16,145969
25/03/2024,266.53,267.1,265.47,265.69,105838
26/03/2024,266.52,267.2,265.99,266.9,112370
27/03/2024,269.11,270.55,268.54,270.54,171760
28/03/2024,270.98,271.53,270.52,270.52,125052
01/04/2024,270.65,270.65,267.25,268.18,128448
02/04/2024,264.86,264.86,262.6,263.75,298970
03/04/2024,264,265.34,263.15,263.78,128775
04/04/2024,265.26,265.5,259.91,260.22,134442
05/04/2024,259.97,263.28,259.54,262.38,198387
08/04/2024,262.38,262.38,261.33,261.72,106684
09/04/2024,262.57,263.05,261.19,262.95,140425
10/04/2024,260,260.68,258.79,259.74,143996
11/04/2024,260.57,260.57,258,258.62,230597
12/04/2024,257.45,257.62,253.89,254.77,417971
15/04/2024,256.75,257.58,253.28,253.59,265852
16/04/2024,255.4,255.4,253.59,253.81,343423
17/04/2024,255,255.41,252.84,253.13,130893
18/04/2024,253.17,254.33,252.46,252.83,132479
19/04/2024,253.72,254.28,252.45,253.33,140498
4/22/2024 16:00:00,254.14,256.5,253.51,254.53,115680
4/23/2024 16:00:00,256.58,258.62,255.93,257.82,96930
4/24/2024 16:00:00,257.89,257.89,256.11,257.26,139310
4/25/2024 16:00:00,256.6,257.07,253.83,255.24,123885
4/26/2024 16:00:00,254.47,256.07,254.36,255.32,124671
4/29/2024 16:00:00,255.78,257.25,255.39,256.54,94488
4/30/2024 16:00:00,257.19,257.84,256.04,256.04,122574
5/1/2024 16:00:00,255.28,259.72,255.01,257.28,167958
5/2/2024 16:00:00,258.56,258.93,255.67,257.14,100761
5/3/2024 16:00:00,258.89,258.9,256.95,258.02,86504
5/6/2024 16:00:00,258.97,259.2,257.84,259.16,107672
5/7/2024 16:00:00,259.76,261.36,259.74,261.06,115496
5/8/2024 16:00:00,261.17,261.43,259.55,259.75,177132
5/9/2024 16:00:00,260.06,262.14,260.06,262.05,114178
5/10/2024 16:00:00,262.51,263.25,262.04,262.19,392634
5/13/2024 16:00:00,262.89,263.26,261.82,262.17,130597
5/14/2024 16:00:00,262.43,263.56,261.85,263.28,78543
5/15/2024 16:00:00,264.66,267.5,264.66,267.23,108706
5/16/2024 16:00:00,267.04,267.5,266.2,266.99,136263
5/17/2024 16:00:00,266.97,267.21,265.83,267.11,124835
5/20/2024 16:00:00,267.05,267.33,266.09,266.85,195435
5/21/2024 16:00:00,267.02,268.15,266.36,266.91,93376
5/22/2024 16:00:00,266.29,268.39,266.21,267.39,111365
5/23/2024 16:00:00,267.2,267.2,263.99,264.4,147316
5/24/2024 16:00:00,264.61,265.49,263.36,263.51,122439
5/28/2024 16:00:00,263.4,263.4,259.65,260.66,277504
5/29/2024 16:00:00,258.44,259.1,257.6,258.51,132362
5/30/2024 16:00:00,257.74,259.86,257.31,258.91,163462
5/31/2024 16:00:00,259.62,262.45,259.41,262.45,135898
6/3/2024 16:00:00,262.38,265.04,262.04,264.03,117747
6/4/2024 16:00:00,264.18,265.42,263,264.84,133803
6/5/2024 16:00:00,265.19,266.55,264.07,266.34,94944
6/6/2024 16:00:00,266.05,267.45,265.28,266.89,158282
6/7/2024 16:00:00,266.43,268.42,266.32,266.87,117961
6/10/2024 16:00:00,266.53,268.06,265.57,268.06,111231
6/11/2024 16:00:00,267.7,267.77,265.79,267.01,103045
6/12/2024 16:00:00,268.67,268.67,266.26,266.75,96919
6/13/2024 16:00:00,266.01,266.77,264.48,266.38,116705
6/14/2024 16:00:00,265.67,266.1,264.61,265.99,122378
6/17/2024 16:00:00,265.08,266.03,264.45,265.61,123803
6/18/2024 16:00:00,265.78,266.69,265.28,265.63,189415
6/20/2024 16:00:00,265,266.85,264.52,266.6,141623
6/21/2024 16:00:00,267.37,268.11,266.76,267.63,150132
6/24/2024 16:00:00,268.85,270.51,268.37,269.37,149132
6/25/2024 16:00:00,269.66,270.25,268.23,268.65,179231
6/26/2024 16:00:00,268.33,268.47,267.39,267.69,103886
6/27/2024 16:00:00,267.86,268,265.97,267.43,158940
6/28/2024 16:00:00,267.37,268.26,264.95,266,99214
7/1/2024 16:00:00,266.79,269.23,264.33,264.75,230556
7/2/2024 16:00:00,264.16,264.16,262.54,263.76,234417
7/3/2024 13:15:00,264.05,264.06,261.04,261.88,96457
7/5/2024 16:00:00,262.2,263.98,260.97,263.92,108521
7/8/2024 16:00:00,264.28,265.07,263.12,263.64,162460
7/9/2024 16:00:00,264.29,265.15,262.95,264.96,99416
7/10/2024 16:00:00,265.47,267.58,264.93,267.55,110317
7/11/2024 16:00:00,267.65,270.72,267.65,270.15,144492
7/12/2024 16:00:00,271.5,273,271.15,272.12,171613
7/15/2024 16:00:00,273.05,273.27,270.91,271.29,116079
7/16/2024 16:00:00,273.04,275.73,272.73,275.73,156852
7/17/2024 16:00:00,273.64,277.66,273.64,276.2,133987
7/18/2024 16:00:00,274.71,276.38,269.23,269.53,206972
7/19/2024 16:00:00,271.13,272.16,269.99,270.9,78658
7/22/2024 16:00:00,272.24,273,270.92,272.74,243275
7/23/2024 16:00:00,273.95,274.08,272.69,272.9,223691
7/24/2024 16:00:00,272.99,275.4,272.34,274.75,149934
7/25/2024 16:00:00,274.01,278.07,273.55,273.55,130814
7/26/2024 16:00:00,274.14,277.41,274.07,275.43,163932
7/29/2024 16:00:00,275.43,276.44,274.47,275.47,175087
7/30/2024 16:00:00,275.77,277.56,274,275.74,197866
7/31/2024 16:00:00,275.63,276.6,273.81,274.68,233822
8/1/2024 16:00:00,276.13,277.58,274.66,277.21,253654
8/2/2024 16:00:00,276.67,277.42,272.05,275.91,523815
8/5/2024 16:00:00,270.02,271.42,267.27,268.95,361683
8/6/2024 16:00:00,270.09,273.5,269,270.13,205762
8/7/2024 16:00:00,270.63,271.39,266.46,267.29,146060
8/8/2024 16:00:00,271.32,273.49,270.34,273.24,117529
8/9/2024 16:00:00,273.77,275.27,273.38,274.47,109424
8/12/2024 16:00:00,275.24,275.24,272.83,273.51,89507
8/13/2024 16:00:00,274.54,277.21,274.4,276.79,97927
8/14/2024 16:00:00,276.85,277.84,276.33,277.41,106371
8/15/2024 16:00:00,279,279.81,277.91,279.78,144883
8/16/2024 16:00:00,279.52,280.4,278.76,279.94,78137
8/19/2024 16:00:00,280,282.17,279.95,282.15,97541
8/20/2024 16:00:00,282.75,284.32,282.38,282.89,311448
8/21/2024 16:00:00,283.78,284.33,282.62,283.94,83859
8/22/2024 16:00:00,284.68,285,282.34,283.58,199725
8/23/2024 16:00:00,284.26,285.43,283.85,285.4,73087
8/26/2024 16:00:00,285.78,286.33,284.81,284.96,109908
8/27/2024 16:00:00,285.15,285.89,284.28,285.5,84845
8/28/2024 16:00:00,285.1,286.74,284.24,285.41,74955
8/29/2024 16:00:00,286.67,287.79,285.21,286.47,92336
8/30/2024 16:00:00,286.7,288.26,285.07,288.1,130779
9/3/2024 16:00:00,287.62,289.14,286.08,286.95,208457
9/4/2024 16:00:00,286.6,287.56,285.16,286.49,90911
9/5/2024 16:00:00,286.43,286.43,281.74,282.84,99402
9/6/2024 16:00:00,283.71,284.92,280.73,281.39,242873
9/9/2024 16:00:00,282.06,284.43,281.47,283.34,107723
9/10/2024 16:00:00,283.69,284.64,282.5,284.5,116727
9/11/2024 16:00:00,283.6,284.29,279.73,283.82,187951
9/12/2024 16:00:00,284.24,285.34,281.43,285.26,181279
9/13/2024 16:00:00,285.42,286.95,285.36,286.14,93097
9/16/2024 16:00:00,287.58,288.68,287,287.86,101003
9/17/2024 16:00:00,287.86,287.86,284.26,285.36,80158
9/18/2024 16:00:00,285.32,287.74,283.87,284.83,169623
9/19/2024 16:00:00,287.69,287.69,285.74,286.45,124947
9/20/2024 16:00:00,285.7,286.25,284.55,285.07,115625
9/23/2024 16:00:00,285.66,285.85,283.68,284.1,225163
9/24/2024 16:00:00,283.98,283.98,282.51,283.4,106553
9/25/2024 16:00:00,284.16,284.29,280.46,280.59,230800
9/26/2024 16:00:00,280.76,281.81,280.38,281.65,110360
9/27/2024 16:00:00,281,282.42,280.29,280.29,154046
9/30/2024 16:00:00,280.3,282.25,279.68,282.2,149268
10/1/2024 16:00:00,282.54,282.54,279.18,280.36,245281
10/2/2024 16:00:00,280.12,280.74,277.89,280.09,149090
10/3/2024 16:00:00,279.27,279.27,277,277.34,135032
10/4/2024 16:00:00,277.85,278.36,276.4,277.81,122687
10/7/2024 16:00:00,277.89,278.32,275.75,276.36,93116
10/8/2024 16:00:00,276.99,278.1,276.95,277.83,114033
10/9/2024 16:00:00,278.17,280.39,277.37,280.21,174623
10/10/2024 16:00:00,280.21,280.21,278.47,279.27,239014
10/11/2024 16:00:00,279.97,281.88,279.86,281.76,151141
10/14/2024 16:00:00,282.02,283.73,281.14,283.3,106974
10/15/2024 16:00:00,280.08,282.83,280,280.48,161987
10/16/2024 16:00:00,280.37,282.04,279.58,281.56,167481
10/17/2024 16:00:00,280.76,280.98,279.64,279.9,134816
10/18/2024 16:00:00,279.95,281.89,279.33,281.33,78711
10/21/2024 16:00:00,280.48,280.99,277.63,277.92,106751
10/22/2024 16:00:00,276.43,277.8,276.25,277.45,84402
10/23/2024 16:00:00,276.56,276.92,274.38,275.72,137886
10/24/2024 16:00:00,275.92,276.95,274.05,274.05,108930
10/25/2024 16:00:00,275.04,275.07,272.37,272.64,133755
10/28/2024 16:00:00,273.43,274.61,273.21,273.37,80351
10/29/2024 16:00:00,273.17,274.2,272.8,272.8,102162
10/30/2024 16:00:00,269.11,272.65,268.34,272.37,227763
10/31/2024 16:00:00,270.82,271.6,269.68,269.68,113168
11/1/2024 16:00:00,271.28,272.79,270.9,271.72,182303
11/4/2024 16:00:00,271.01,272.19,269.86,270.31,118967
11/5/2024 16:00:00,269.6,272.6,268.88,272.6,111887
11/6/2024 16:00:00,277.45,277.45,271.93,273.56,413471
11/7/2024 16:00:00,274.87,275.77,273.95,275.36,152164
11/8/2024 16:00:00,275.8,278.61,275.57,277.47,137966
11/11/2024 16:00:00,277.22,278.33,275.86,276.16,159451
11/12/2024 16:00:00,275.46,276.24,272.13,272.15,477255
11/13/2024 16:00:00,272.35,273.18,271.04,271.29,155228
11/14/2024 16:00:00,270.79,270.87,266.39,266.57,306763
11/15/2024 16:00:00,265.14,265.29,260.63,260.77,694702
11/18/2024 16:00:00,260.18,261.15,259.83,260.78,311167
11/19/2024 16:00:00,258.57,260.68,257.82,260.25,455086
11/20/2024 16:00:00,260.78,263.3,260.1,263.01,309178
11/21/2024 16:00:00,263.16,265.78,261.93,265.37,256734
11/22/2024 16:00:00,266.03,266.98,265.54,265.83,258563
11/25/2024 16:00:00,267.28,269.33,267.28,268.46,250418
11/26/2024 16:00:00,269.17,270.14,267.22,269.92,179311
11/27/2024 16:00:00,270.3,272.6,270.3,271.38,177439
11/29/2024 13:15:00,271.6,272.79,271.33,272.24,76423
12/2/2024 16:00:00,272.16,272.16,270.41,271.65,252926
12/3/2024 16:00:00,271.6,271.97,270.65,270.65,247754
12/4/2024 16:00:00,271.3,272.4,270.2,270.98,146084
12/5/2024 16:00:00,270.24,270.24,267.44,267.86,214814
12/6/2024 16:00:00,268.5,268.74,266.7,266.95,172455
12/9/2024 16:00:00,267.26,268.33,266.68,267.43,158619
12/10/2024 16:00:00,268.22,268.22,265.74,266.36,186086
12/11/2024 16:00:00,265.91,265.95,263.17,263.3,233729
12/12/2024 16:00:00,263.02,263.83,260.67,260.71,310510
12/13/2024 16:00:00,260.46,261.14,259.14,260.43,346935
12/16/2024 16:00:00,260.36,261.85,257.96,258.19,445491
12/17/2024 16:00:00,256.99,259.68,256.87,257.92,533392
12/18/2024 16:00:00,256.87,258.08,252.36,252.56,326015
12/19/2024 16:00:00,252.29,253.41,250.07,250.81,1137097
12/20/2024 16:00:00,252.52,256.22,251.94,253.89,457065
12/23/2024 16:00:00,254.3,256.47,253.04,256.19,479498
12/24/2024 13:00:00,255.86,257.06,254.9,257.03,261295
12/26/2024 16:00:00,256.22,257.91,256.03,257.87,249661
12/27/2024 16:00:00,256.41,258.13,255.14,256.38,318644
12/30/2024 16:00:00,254.8,254.8,252.14,253.18,413362
12/31/2024 16:00:00,253.69,254.9,252.34,253.69,419277
1/2/2025 16:00:00,254.98,256.04,253.19,254.06,406859
1/3/2025 16:00:00,254.62,257.34,254.34,256.58,293151
1/6/2025 16:00:00,256.61,258.79,256.09,256.69,264183
1/7/2025 16:00:00,257.45,260.45,257.39,258.14,364261
1/8/2025 16:00:00,258.33,259.75,256.24,259.37,232560
1/10/2025 16:00:00,257.81,259.6,256.97,257.48,359541
1/13/2025 16:00:00,257.67,261.21,257.43,260.65,401599
1/14/2025 16:00:00,260.67,260.67,255.9,257.85,353813
1/15/2025 16:00:00,259.15,260.34,257.64,259.08,495293
1/16/2025 16:00:00,258.28,260.49,257.25,260.17,226947
1/17/2025 16:00:00,259.94,260.55,258.53,258.53,240972
1/21/2025 16:00:00,260.06,263.21,260.06,263.21,517089
1/22/2025 16:00:00,261.93,263.68,260.96,262.79,305304
1/23/2025 16:00:00,263.07,266.22,261.92,265.99,450935
1/24/2025 16:00:00,265.1,267.12,264.99,266.44,521570
1/27/2025 16:00:00,267.58,271.95,267.19,271.8,412758
1/28/2025 16:00:00,271.94,272.5,270.27,270.43,348806
1/29/2025 16:00:00,269.52,270.53,268.08,268.95,234237
1/30/2025 16:00:00,269.97,272.79,269.97,271.78,214618
1/31/2025 16:00:00,272.56,274.18,270.77,270.77,359178
2/3/2025 16:00:00,268.68,272.73,268.36,271.38,374981
2/4/2025 16:00:00,268.85,271.26,268.83,270.85,248612
2/5/2025 16:00:00,271.48,274.19,271.48,273.83,215167
2/6/2025 16:00:00,273.53,273.77,270.85,271.35,222287
2/7/2025 16:00:00,271.5,272.5,269.36,269.41,221035
2/10/2025 16:00:00,269.95,269.95,267.69,268.96,234250
2/11/2025 16:00:00,268.29,268.79,267.33,268.16,161607
2/12/2025 16:00:00,267.28,269.07,266.89,267.94,318914
2/13/2025 16:00:00,268.51,269.7,266.92,269.25,132405
2/14/2025 16:00:00,269.54,269.88,266.65,266.69,178783
2/18/2025 16:00:00,265.5,267.11,265.5,266.44,237267
2/19/2025 16:00:00,266.1,269.62,266.1,269.62,230514
2/20/2025 16:00:00,269.16,270.87,269.16,270.87,196413
2/21/2025 16:00:00,267.99,270.02,267.99,268.78,264930
2/24/2025 16:00:00,269.05,271.73,268.29,270.28,240476
2/25/2025 16:00:00,270.62,272.3,269.44,272.04,273548
2/26/2025 16:00:00,271.28,272.34,269.56,270.45,203319
2/27/2025 16:00:00,269.91,272.1,268.61,268.69,241688
2/28/2025 16:00:00,268.85,272.1,267.35,271.85,184378
3/3/2025 16:00:00,271.99,273.72,270.88,271.8,217552
3/4/2025 16:00:00,271.75,272.36,269.23,269.56,265465
3/5/2025 16:00:00,268.46,272.78,268.36,272.37,227447
3/6/2025 16:00:00,270.97,272.32,269.23,271.42,228610
3/7/2025 16:00:00,270.41,273.34,269.78,271.55,232277
3/10/2025 16:00:00,269.34,272.1,267.4,268.27,247028
3/11/2025 16:00:00,268.27,268.63,263.98,265.74,215986
3/12/2025 16:00:00,265.56,265.84,262.59,263.44,193298
3/13/2025 16:00:00,263.54,264,260.94,261.62,150140
3/14/2025 16:00:00,261.95,264.28,261.4,264.06,114663
3/17/2025 16:00:00,263.62,268.12,263.62,267.37,114757
3/18/2025 16:00:00,267.48,267.48,265.96,267.13,103057
3/19/2025 16:00:00,267.47,268.34,265.63,267.6,208629
3/20/2025 16:00:00,267.52,269,266.77,267.62,110563
3/21/2025 16:00:00,266.58,267.58,265.51,266.94,129026
3/24/2025 16:00:00,268.21,269.86,267.67,269.37,102354
3/25/2025 16:00:00,269.39,269.39,263.48,265.03,181786
3/26/2025 16:00:00,265.27,265.91,263.09,263.67,171701
3/27/2025 16:00:00,263.55,264.9,263.18,264.15,138615
3/28/2025 16:00:00,264.06,264.38,262.65,262.9,256313
3/31/2025 16:00:00,261.16,266,260.23,264.73,179637
4/1/2025 16:00:00,263.81,264.36,259.17,259.93,184266
4/2/2025 16:00:00,258.85,262.27,258.08,261.92,152283
4/3/2025 16:00:00,261.1,262.59,259.07,259.09,318422
4/4/2025 16:00:00,255.15,255.63,244.87,244.93,611190
4/7/2025 16:00:00,238.1,249.04,234.41,243.59,1384644
4/8/2025 16:00:00,252,252.3,237.17,240.57,400625
4/9/2025 16:00:00,235,252.34,234.11,251.76,804170
4/10/2025 16:00:00,248.97,249.1,237.46,244.31,506456
4/11/2025 16:00:00,244.43,249.12,241.94,248.11,226667
4/14/2025 16:00:00,250.83,252.08,248.44,251.42,185164
4/15/2025 16:00:00,251.76,251.88,248.94,249.89,157008
4/16/2025 16:00:00,250.04,250.86,245.91,247.16,241874
4/17/2025 16:00:00,245.25,247.75,245.11,246.13,259759
4/21/2025 16:00:00,245.44,245.44,239.11,240.75,373990
4/22/2025 16:00:00,242.61,245.76,242.22,245.35,297066
4/23/2025 16:00:00,248.49,251.17,246.35,246.87,242124
4/24/2025 16:00:00,247.63,250.7,246.49,250.44,104004
4/25/2025 16:00:00,250.55,251.63,247.68,251.47,145883
4/28/2025 16:00:00,251.96,253.18,250.37,252.47,163665
4/29/2025 16:00:00,252.24,255.33,251.06,254.01,335570
4/30/2025 16:00:00,254.35,256.64,252.19,255.89,157451
5/1/2025 16:00:00,253.6,253.6,249.46,249.69,215230
5/2/2025 16:00:00,253.42,254.15,251.65,253.23,241320
5/5/2025 16:00:00,252.66,253.51,251.77,252.46,197909
5/6/2025 16:00:00,250.66,250.66,244.8,245.25,432674
5/7/2025 16:00:00,246.1,247.89,245.44,247.13,237298
5/8/2025 16:00:00,245.76,247.69,244.44,245.42,286140
5/9/2025 16:00:00,245.96,246.64,242.57,242.7,336150
5/12/2025 16:00:00,243.28,249.2,243.1,248.86,404723
5/13/2025 16:00:00,245.64,245.64,241.92,241.92,562564
5/14/2025 16:00:00,242.4,243.1,236.6,236.71,826282
5/15/2025 16:00:00,236.12,239.77,234.13,239.77,810376
5/16/2025 16:00:00,240.15,244.52,239.57,244.47,319966
5/19/2025 16:00:00,243.9,246.62,243.5,246.51,443027
5/20/2025 16:00:00,246.67,248,246.08,247.39,195588
5/21/2025 16:00:00,245.33,246.12,241.33,241.33,274931
5/22/2025 16:00:00,239.7,240.93,238.69,239.58,242050
5/23/2025 16:00:00,238.2,239.67,237.79,239.13,268602
5/27/2025 16:00:00,241.42,242.99,240.96,242.52,212093
5/28/2025 16:00:00,242.32,243.18,240.64,241.13,271905
5/29/2025 16:00:00,241.92,243.92,241.48,243.32,283423
5/30/2025 16:00:00,242.65,244.88,240.35,243.75,227077
6/2/2025 16:00:00,243.19,244.28,241,244.28,361209
6/3/2025 16:00:00,243.72,245.95,242.46,245.02,299715
6/4/2025 16:00:00,245.72,247.5,245.49,245.49,238621
6/5/2025 16:00:00,246.02,246.78,244.23,245.35,225379
6/6/2025 16:00:00,246.55,248.51,246.55,247.67,218716
6/9/2025 16:00:00,247.79,248.49,245.96,247.35,547543
6/10/2025 16:00:00,247.67,250.9,247.67,250.22,605396
6/11/2025 16:00:00,250.1,251.76,249.38,250,307392
6/12/2025 16:00:00,249.99,251.58,249.49,251.57,208493
6/13/2025 16:00:00,249.56,252.36,249.45,250.27,534673
6/16/2025 16:00:00,250.88,251.54,248.28,249.63,261984
6/17/2025 16:00:00,248.21,249.1,245.41,245.67,337172
6/18/2025 16:00:00,245.8,247.05,244.22,245.45,310657
6/20/2025 16:00:00,246.18,246.51,243.96,244.29,257585
6/23/2025 16:00:00,244.25,245.4,242.21,244.53,309309
6/24/2025 16:00:00,245.41,248.28,244.49,247.79,224148
6/25/2025 16:00:00,247.33,248.49,245.97,247.71,274060
6/26/2025 16:00:00,247.38,249.01,246.55,247.3,263659
6/27/2025 16:00:00,247.65,249.16,246.45,246.96,257534
6/30/2025 16:00:00,247.16,248.73,246.93,248.34,266822
7/1/2025 16:00:00,248.02,253.28,247.91,251.27,268666
7/2/2025 16:00:00,250.39,250.86,249.29,249.59,291677
7/3/2025 13:15:00,249.98,250.27,249.04,249.97,131997
7/7/2025 16:00:00,249.34,249.4,246.16,247.49,393156
7/8/2025 16:00:00,247.31,250.79,246.91,248.62,321162
7/9/2025 16:00:00,249.11,250.71,248.16,250.28,291994
7/10/2025 16:00:00,250.1,253.7,249.34,251.66,188189
7/11/2025 16:00:00,250.74,250.74,247.99,249.12,224672
7/14/2025 16:00:00,248.23,249.72,248.09,249.32,225907
7/15/2025 16:00:00,250.15,250.28,244.5,244.58,305367
7/16/2025 16:00:00,245.79,247.91,245.79,247.58,242498
7/17/2025 16:00:00,246.42,246.8,244.61,245.21,309605
7/18/2025 16:00:00,246,246.01,243.1,243.33,311959
7/21/2025 16:00:00,243.61,244.39,241.91,241.95,301999
7/22/2025 16:00:00,242.76,246.88,242.76,246.37,353756
7/23/2025 16:00:00,249.04,251.47,248.71,251.4,339140
7/24/2025 16:00:00,250.86,252.38,249.92,250.14,222169
7/25/2025 16:00:00,250.99,251.8,250.14,251.51,174118
7/28/2025 16:00:00,251.21,251.46,248.94,249.41,240491
7/29/2025 16:00:00,247.47,249.09,245.76,247.72,252849
7/30/2025 16:00:00,248.45,249.53,246.58,247.54,376556
7/31/2025 16:00:00,245.83,247.32,240.68,241.48,395094
8/1/2025 16:00:00,241.11,242.81,240.2,242.41,375106
8/4/2025 16:00:00,242.89,246.01,242.78,245.95,254171
8/5/2025 16:00:00,245.05,246,244.29,245.19,283206
8/6/2025 16:00:00,244.08,244.08,241.18,241.6,310710
8/7/2025 16:00:00,240.33,241,237.23,239.12,660792
8/8/2025 16:00:00,239.99,241.56,239.6,241.16,286313
8/11/2025 16:00:00,241.28,243,241.12,241.35,320675
8/12/2025 16:00:00,241.68,243.56,241.2,243.45,848163
8/13/2025 16:00:00,244.51,247.85,244.47,247.64,382191
8/14/2025 16:00:00,246.85,248.95,245.94,248.61,260972
8/15/2025 16:00:00,251.25,253.21,250.67,252.54,303522
8/18/2025 16:00:00,252.93,254.28,251.96,252.03,285272
8/19/2025 16:00:00,252,254.26,251.78,253.21,259261
8/20/2025 16:00:00,253.5,255.44,253.5,254.63,218991
8/21/2025 16:00:00,253.97,256.36,253.73,254.08,206366
8/22/2025 16:00:00,255.51,257.73,255.51,256.46,380002
8/25/2025 16:00:00,256.17,256.55,252.51,252.63,222816
8/26/2025 16:00:00,253.24,254.55,253.06,254.31,181073
8/27/2025 16:00:00,254.34,255.57,253.93,254.42,154519
8/28/2025 16:00:00,254.32,254.32,252.45,253.56,163075
8/29/2025 16:00:00,253.55,255.08,253.55,255.08,159747
9/2/2025 16:00:00,254.96,256.15,253.96,255.65,277377
9/3/2025 16:00:00,255.02,256.47,253.47,254.73,220818
9/4/2025 16:00:00,254.56,255.74,253.44,255.72,206078
9/5/2025 16:00:00,255.72,257.6,255.71,257,194374
9/8/2025 16:00:00,256.5,256.87,254.25,256.73,224910
9/9/2025 16:00:00,257.18,258.67,256.56,258.21,182379
9/10/2025 16:00:00,257.65,257.65,254.73,255.59,177551
9/11/2025 16:00:00,256.51,260.53,256.37,259.95,216876
9/12/2025 16:00:00,259.18,259.77,256.92,256.92,161387
9/15/2025 16:00:00,257.23,257.61,254.36,254.71,563917
9/16/2025 16:00:00,254.56,255.55,254.1,254.81,211471
9/17/2025 16:00:00,255.4,257.66,254.58,255.26,308164
9/18/2025 16:00:00,255.5,256.9,255.47,256.58,211590
9/19/2025 16:00:00,257.14,257.14,255.85,255.85,186784
9/22/2025 16:00:00,255.31,257.15,254.63,256.13,239422
9/23/2025 16:00:00,255.49,257.5,255.49,256.45,190156
9/24/2025 16:00:00,255.37,255.67,254.01,254.39,212559
9/25/2025 16:00:00,253.82,253.82,249.57,250.29,362866
9/26/2025 16:00:00,251.89,253.3,251.24,253.2,368291
9/29/2025 16:00:00,253.52,254.09,251.9,253.95,237382
9/30/2025 16:00:00,253.68,260.01,253.68,259.6,335388
10/1/2025 16:00:00,260.86,267.25,260.42,266.69,369093
10/2/2025 16:00:00,264.75,266.81,264.75,266.54,389176
10/3/2025 16:00:00,267.3,271.86,267.3,269.57,494233
10/6/2025 16:00:00,269.77,270,268.19,268.47,720848
10/7/2025 16:00:00,268.47,269,267.16,268.56,152360
10/8/2025 16:00:00,269.18,270.15,268.33,269.31,129216
10/9/2025 16:00:00,269.99,270.84,268.54,269,127442
10/10/2025 16:00:00,269.86,269.86,264.41,264.73,135539
10/13/2025 16:00:00,264.63,266.31,264.14,264.7,176699
10/14/2025 16:00:00,263.49,266.46,263,265.41,135546
10/15/2025 16:00:00,265.09,267.61,264.35,266.48,124406
10/16/2025 16:00:00,267.32,268.81,265.43,266.17,230307
10/17/2025 16:00:00,264.93,267.87,264.73,267.5,184699
10/20/2025 16:00:00,268.46,271.16,268.46,270.68,122473
10/21/2025 16:00:00,271.2,272.18,269.85,271,337614
10/22/2025 16:00:00,272.53,273.32,271.57,271.96,237292
10/23/2025 16:00:00,271.53,273.02,271.14,272.45,159676
10/24/2025 16:00:00,273.05,273.92,272.53,272.65,109798
10/27/2025 16:00:00,272.84,273.88,271.86,273.77,142083
10/28/2025 16:00:00,274,274,271.6,271.96,273864
10/29/2025 16:00:00,271.56,272.28,268.67,269.57,205738
10/30/2025 16:00:00,269.19,272.02,269.05,269.91,260085
10/31/2025 16:00:00,268.19,270.74,267.65,270.38,178930
11/3/2025 16:00:00,269.77,270.6,266.96,270.13,235720
11/4/2025 16:00:00,268.59,272.13,268.4,270.8,194026
11/5/2025 16:00:00,270.17,273.23,269.78,272.16,249337
11/6/2025 16:00:00,271.44,272.68,270.61,272.22,167093
11/7/2025 16:00:00,271.83,272.67,269.78,272.67,147530
11/10/2025 16:00:00,272.05,275.07,272.05,274.79,165267
11/11/2025 16:00:00,275.27,281.32,275.27,281.28,214055
11/12/2025 16:00:00,281.49,285.19,281.26,284.5,239743
11/13/2025 16:00:00,283.48,287.05,282.57,283.75,310836
11/14/2025 16:00:00,282.29,284.39,280.95,282.54,234768
11/17/2025 16:00:00,281.72,285.31,281.34,282.25,586867
11/18/2025 16:00:00,282.22,285.01,281.66,283.9,314530
11/19/2025 16:00:00,283.64,284.32,282.12,283.56,225273
11/20/2025 16:00:00,284.18,285.96,281.5,281.77,420802
11/21/2025 16:00:00,282.39,289.75,282.17,287.78,383557
11/24/2025 16:00:00,288.83,291.03,288.07,289.89,247647
11/25/2025 16:00:00,290.81,296.21,290.81,296.03,410723
11/26/2025 16:00:00,295.58,296.51,295.28,295.79,218665
11/28/2025 13:15:00,295.2,295.63,293.69,294.53,239231
12/1/2025 16:00:00,293.38,294.6,289.97,290.22,475760
12/2/2025 16:00:00,290.18,290.52,288.09,288.3,306923
12/3/2025 16:00:00,288.83,290.78,288.83,289.94,215587
12/4/2025 16:00:00,289.8,289.9,287.5,288.33,338438
12/5/2025 16:00:00,289.18,289.51,286.75,287.2,194922
12/8/2025 16:00:00,287.59,287.79,283.72,284.05,188786
12/9/2025 16:00:00,284.9,286.04,281,281.11,277472
12/10/2025 16:00:00,281.95,284.96,281.06,284.75,356507
12/11/2025 16:00:00,285.7,288.36,285,287.29,209637
12/12/2025 16:00:00,287.56,288.84,286.8,287.9,211310
12/15/2025 16:00:00,288.79,291.41,288.65,291.12,287113
12/16/2025 16:00:00,290.85,290.96,285.89,287.72,315231
12/17/2025 16:00:00,286.08,287.33,285.05,285.2,189268
12/18/2025 16:00:00,285.08,287.52,284.75,285.08,216512
12/19/2025 16:00:00,285.17,288.84,285.17,287.45,384328
12/22/2025 16:00:00,287.55,289.91,286.9,289.79,293165
12/23/2025 16:00:00,288.77,290.29,288.35,289.02,145921
12/24/2025 13:00:00,289.23,290.71,289.23,290.45,156254
12/26/2025 16:00:00,290.4,290.79,289.53,290.7,148887
12/29/2025 16:00:00,290.49,291.35,289.75,289.99,1292441
12/30/2025 16:00:00,289.72,290.16,288.57,289.46,157973
12/31/2025 16:00:00,289.06,289.46,287.72,287.85,129718
1/2/2026 16:00:00,288.21,288.92,285.73,288.75,230179
1/5/2026 16:00:00,287.05,288.57,284.38,288.32,299323
1/6/2026 16:00:00,288.54,294.32,288.54,293.91,468100
1/7/2026 16:00:00,295,298.61,294.87,297.26,311333
1/8/2026 16:00:00,296.51,298.43,293.14,294.29,225096
1/9/2026 16:00:00,294.99,295.86,292.85,292.97,378494
1/12/2026 16:00:00,292.66,293,290,292.57,227765
1/13/2026 16:00:00,293.04,293.04,289.4,291.37,207621
1/14/2026 16:00:00,291.36,293.64,290.93,293.52,182959
1/15/2026 16:00:00,292.67,293.2,289.35,291.96,198780
1/16/2026 16:00:00,291.62,292,289.7,289.71,173640
1/20/2026 16:00:00,286.33,290.02,284.84,289.36,253084
1/21/2026 16:00:00,289.12,294.77,289.12,294.37,257343
1/22/2026 16:00:00,293.92,296.59,293.32,294.94,218852
1/23/2026 16:00:00,294.47,295,291.55,292.73,272913
1/26/2026 16:00:00,292.46,294.24,291.33,293.87,261853
1/27/2026 16:00:00,290.09,292.27,288.9,289.51,344757
1/28/2026 16:00:00,288.01,288.93,285.81,286.84,224326
1/29/2026 16:00:00,286.61,287.57,285.44,286.08,181541
1/30/2026 16:00:00,286.67,287.78,284.77,287.28,171814
2/2/2026 16:00:00,286.23,289.43,286.23,289.01,213269
2/3/2026 16:00:00,287.66,291.66,285.66,286.34,321167
2/4/2026 16:00:00,287.83,290.05,286.31,288.85,396420
2/5/2026 16:00:00,287.65,290.55,285.71,285.92,189270
2/6/2026 16:00:00,288.36,291.45,288.36,291.2,124494
2/9/2026 16:00:00,290.98,291.89,288.31,288.95,224483
2/10/2026 16:00:00,289.49,290.33,287.34,287.56,177823
2/11/2026 16:00:00,287.31,289.04,285.59,288.78,231568
2/12/2026 16:00:00,288.86,290.33,287.14,287.81,189584
2/13/2026 16:00:00,288.75,292.77,288.34,290.39,176693
2/17/2026 16:00:00,291.12,292.95,290,290.6,197841
2/18/2026 16:00:00,290.42,291.6,289.25,291.42,186752
2/19/2026 16:00:00,290.53,291.11,288.81,290.87,423935
2/20/2026 16:00:00,290.23,290.49,288.23,289.9,208852
2/23/2026 16:00:00,290.6,293.19,290.3,292.72,68
2/24/2026 16:00:00,292,292.84,290.77,291.93,68
2/25/2026 16:00:00,292.12,294.5,291.55,291.88,68
2/26/2026 16:00:00,292.02,292.06,288.55,291.42,237123
2/27/2026 16:00:00,289.82,295.64,289.81,295.51,154334
3/2/2026 16:00:00,293.39,294.47,291.62,292.69,273703
3/3/2026 16:00:00,289.05,290.57,285.85,289.44,246884
3/4/2026 16:00:00,289.53,291.13,287.55,290.24,224260
3/5/2026 16:00:00,287.17,287.47,282.33,284.57,218871
3/6/2026 16:00:00,282.34,282.63,279.19,282.15,270723
3/9/2026 16:00:00,280.45,285.83,279.39,285.32,158271
3/10/2026 16:00:00,285.58,286.05,282.94,283.48,146867
3/11/2026 16:00:00,282.8,283.44,281.23,282.75,154072
3/12/2026 16:00:00,280.86,281.6,277,277.21,288002
3/13/2026 16:00:00,278.98,281,276.31,276.67,174534
3/16/2026 16:00:00,278.67,280.34,278,278.96,210986
3/17/2026 16:00:00,279.81,280.73,276.98,277.13,179632
3/18/2026 16:00:00,275.74,275.81,272.39,272.57,276984
3/19/2026 16:00:00,272.34,274,271.08,271.9,168438
3/20/2026 16:00:00,272,272.25,267.94,269.03,232149
3/23/2026 16:00:00,272.71,272.71,269.21,269.45,226164
3/24/2026 16:00:00,267.05,269.17,265.73,268.25,240178
3/25/2026 16:00:00,270.31,272.09,269.79,271.52,138213
3/26/2026 16:00:00,270.01,272.66,269.78,270.42,266261
3/27/2026 16:00:00,270.08,270.42,264.97,265.36,180161
3/30/2026 16:00:00,267.12,267.8,265.62,266.36,124943
3/31/2026 16:00:00,268.28,272.68,268.28,272.33,120336
4/1/2026 16:00:00,274.1,276.37,273.36,274.5,353018
4/2/2026 16:00:00,272.22,275.71,271.65,273.07,109216
4/6/2026 16:00:00,272.4,273.72,271.29,272.11,276755
4/7/2026 16:00:00,273.01,273.26,269.59,272.82,173014
4/8/2026 16:00:00,276.59,278.23,275.13,278.2,134377
4/9/2026 16:00:00,276.85,279.17,275.9,277.65,117562
4/10/2026 16:00:00,278.55,278.55,273.35,273.78,89647
4/13/2026 16:00:00,273.32,275.91,272.49,275.89,306194
4/14/2026 16:00:00,275.37,279.23,275.08,277.9,130054
4/15/2026 16:00:00,278.21,278.91,274.87,276.41,109850
4/16/2026 16:00:00,275.61,277.12,273.71,274.29,139110
4/17/2026 16:00:00,275.77,279.09,275.77,278.45,142887
4/20/2026 16:00:00,277.84,278.26,275.79,276.28,129619
4/21/2026 16:00:00,277.69,277.69,273.25,273.33,186269
4/22/2026 16:00:00,274.5,276.27,273.43,274.07,182961
4/23/2026 16:00:00,273.7,274.58,270.9,273.01,259220
4/24/2026 16:00:00,271.59,271.92,268.71,269.89,283174
4/27/2026 16:00:00,269.06,271.87,268.7,268.78,242427
4/28/2026 16:00:00,270.55,271.06,268.04,268.82,164808
4/29/2026 16:00:00,266.59,267.63,265.44,266.8,157384
4/30/2026 16:00:00,268.35,272.92,268.34,272.46,174384
5/1/2026 16:00:00,273.39,273.71,271.3,271.31,396326
5/4/2026 16:00:00,270.27,272,269.82,271.34,152322
5/5/2026 16:00:00,272.04,272.81,270.87,272.17,164129
5/6/2026 16:00:00,272.61,274.08,271.9,273.1,160041
5/7/2026 16:00:00,272.37,273.7,270.17,271.09,172015
5/8/2026 16:00:00,271.14,271.83,268.39,268.98,211403
5/11/2026 16:00:00,269.19,271.8,267.33,267.95,261050
5/12/2026 16:00:00,268.74,274.02,268.16,272.93,342520
5/13/2026 16:00:00,271.99,274.82,271.42,274.41,210978
5/14/2026 16:00:00,274.73,275.49,272.99,274.1,166388
5/15/2026 16:00:00,274,274.75,270.39,270.62,133624
5/18/2026 16:00:00,270.01,272.05,269.27,271.42,131062
5/19/2026 16:00:00,271.35,275.29,269.75,274.04,193081
5/20/2026 16:00:00,274.55,275.85,273.1,274.77,122983
5/21/2026 16:00:00,274.24,276.95,272.24,276.54,106179
5/22/2026 16:00:00,278,280.3,277.99,279.27,239269
5/26/2026 16:00:00,279.51,280.22,276.96,277.31,316027
5/27/2026 16:00:00,277.25,280.38,277,277.88,221660
5/28/2026 16:00:00,278.49,282.31,278.03,281.77,224190
5/29/2026 16:00:00,281.68,281.85,279.13,279.61,250043
6/1/2026 16:00:00,277.82,278.21,275.28,276.33,254880
6/2/2026 16:00:00,274.36,274.81,271.41,272.98,265935
6/3/2026 16:00:00,272.44,276.06,272.3,275.27,202483
6/4/2026 16:00:00,279.78,284.6,279.78,283.38,257846
6/5/2026 16:00:00,285.19,287.34,283.98,284.13,408938
6/8/2026 16:00:00,284.31,286.5,282.95,283.32,399695
6/9/2026 16:00:00,285.09,288.05,284.77,287.39,350072
6/10/2026 16:00:00,287.78,288.33,284.08,284.14,251095
6/11/2026 16:00:00,285,288.7,284.17,286.8,211956
6/12/2026 16:00:00,288.3,288.45,285.75,286.46,164893
6/15/2026 16:00:00,286.95,286.95,283.4,285.62,227007
6/16/2026 16:00:00,286.05,286.72,283.33,285.22,163031
6/17/2026 16:00:00,284.26,285.59,280.73,281.99,321252
6/18/2026 16:00:00,283.19,283.21,279.08,280.41,253166
6/22/2026 16:00:00,281.59,283.86,281.01,283.02,225393
6/23/2026 16:00:00,285.13,287.07,284.61,286.69,207522
6/24/2026 16:00:00,287.22,290.6,287.22,288.73,323456
6/25/2026 16:00:00,290,296.15,289.55,293.03,494045
6/26/2026 16:00:00,294.05,301.77,294,301.43,783187
6/29/2026 16:00:00,302.02,302.73,300.64,302.43,248334
6/30/2026 16:00:00,302.84,302.98,297.78,299.01,220639
7/1/2026 16:00:00,300.62,301.56,298.93,300.84,347930
7/2/2026 16:00:00,302.83,308.5,302.24,308.41,509581
7/6/2026 16:00:00,307.38,307.92,302.45,305.8,242439
7/7/2026 16:00:00,310.29,311.67,309.33,310.29,248727
7/8/2026 16:00:00,308.44,308.8,306.08,306.41,211734
7/9/2026 16:00:00,306,308.84,305.15,306.54,256861
7/10/2026 16:00:00,307.22,307.4,302.26,303.46,424970
7/13/2026 16:00:00,303.51,305.14,302,303.59,164466
7/14/2026 16:00:00,301.56,301.56,297.45,298.59,250004
7/15/2026 16:00:00,297.12,300.48,296.91,299.01,282861
7/16/2026 16:00:00,301.97,306.1,301.55,304.15,317436
7/17/2026 16:00:00,303.19,307.6,302.76,303.25,208284
7/20/2026 16:00:00,303.12,303.84,299.41,299.49,186034
7/21/2026 16:00:00,297.08,301.92,296.39,301.92,230781
7/22/2026 16:00:00,302.71,302.96,299.15,299.8,283261
7/23/2026 16:00:00,300.21,303.68,299.71,303.31,130341
7/24/2026 16:00:00,305.07,306.5,303.83,305.07,183486
7/27/2026 16:00:00,306.3,308.82,304.82,306.67,184759
7/28/2026 16:00:00,310.33,314.9,310.33,313.23,203323
7/29/2026 16:00:00,312.67,314.42,310.56,311.32,204415
7/30/2026 16:00:00,306.44,307.43,303.91,307.15,338352
7/31/2026 16:00:00,305.38,306.08,301.51,304.81,234826
8/3/2026 16:00:00,305.9,308.04,303.06,304.52,294677
8/4/2026 16:00:00,304.57,305.3,302.5,304.99,228649
8/5/2026 16:00:00,307.38,310.41,305.86,308.54,222543
8/6/2026 16:00:00,311.66,313.49,306.59,309.02,124836
8/7/2026 16:00:00,309.28,312.22,307.09,312.12,116924
8/10/2026 16:00:00,312,316.85,311.45,316.72,206741
8/11/2026 16:00:00,316.1,318.85,315.27,315.71,171920
8/12/2026 16:00:00,313.81,317.43,312,316.68,129101
8/13/2026 16:00:00,318.64,319,315.42,316.22,203631
8/14/2026 16:00:00,315.04,315.23,312.66,314.7,146360
8/17/2026 16:00:00,312.98,315.6,312,314.34,151073
8/18/2026 16:00:00,316.48,319.97,316.34,318.84,214872
8/19/2026 16:00:00,323.52,330.75,323.52,329.48,276091
8/20/2026 16:00:00,326.81,328.51,323.52,323.69,265654
8/21/2026 16:00:00,323.08,329.18,322.69,327.7,297664
8/24/2026 16:00:00,327.67,327.86,325.1,327.49,232880
8/25/2026 16:00:00,327.4,329.85,326.64,329.01,187061
8/26/2026 16:00:00,327.21,328.09,325.83,326.27,279911
8/27/2026 16:00:00,323.89,325.46,322.74,322.93,177115
8/28/2026 16:00:00,322.84,322.84,320.29,320.96,180572
8/31/2026 16:00:00,319.3,320.67,317.21,319.96,205697
9/1/2026 16:00:00,323.08,324.79,320.54,321.59,178435
9/2/2026 16:00:00,322.96,327.03,322.86,324.47,234692
9/3/2026 16:00:00,326.02,326.52,321.44,324.8,197529
9/4/2026 16:00:00,321.98,323.47,321.2,321.66,186639
9/8/2026 16:00:00,316.63,317.02,313.99,314.61,205119
9/9/2026 16:00:00,314.92,314.92,312.93,313.3,194429
9/10/2026 16:00:00,312.91,313.91,311.05,311.27,173276
9/11/2026 16:00:00,313.23,314.07,310.3,310.74,160601