VT,NYSEARCA,,,,
Date,Open,High,Low,Close,Volume
26/06/2008,49.92,49.99,49.34,49.58,15843
27/06/2008,51.45,51.45,49.26,49.5,26805
30/06/2008,51.72,51.72,49.36,49.54,23913
01/07/2008,49.13,49.6,47.74,49.1,55059
02/07/2008,49.54,49.69,48.38,48.38,74673
07/07/2008,48.78,48.8,47.8,48.41,55499
08/07/2008,48.12,48.56,47.17,48.5,54213
09/07/2008,49.39,49.39,47.9,47.94,28854
10/07/2008,48.31,48.31,47.6,47.86,20757
11/07/2008,48.25,48.25,47.19,47.65,22440
14/07/2008,48.8,48.8,47.28,47.49,37867
15/07/2008,47.07,47.44,46.34,46.76,24715
16/07/2008,46.85,47.72,46.59,47.72,23651
17/07/2008,48.31,48.52,47.84,48.33,25992
18/07/2008,48.48,48.55,47.66,48.28,18204
21/07/2008,48.89,48.89,48.28,48.43,18105
22/07/2008,48.3,48.7,47.98,48.7,29291
23/07/2008,49.39,49.47,48.94,49.08,47122
24/07/2008,48.98,48.98,47.98,48,39889
25/07/2008,48,48.21,47.92,48.21,8924
28/07/2008,48.5,48.5,46.01,47.44,71768
29/07/2008,47.54,47.9,47.44,47.9,19624
30/07/2008,48.45,48.72,48.3,48.7,33358
31/07/2008,48.84,48.84,48.2,48.21,14707
01/08/2008,48.19,50.02,47.75,47.93,46478
04/08/2008,48.57,48.57,47.23,47.23,27225
05/08/2008,48.69,48.72,47.37,48.39,34910
06/08/2008,48.55,48.93,48.23,48.71,22028
07/08/2008,48.6,48.6,47.6,47.6,45380
08/08/2008,47.65,48.26,47.07,48.23,40578
11/08/2008,48.45,48.64,47.98,48.52,34231
12/08/2008,48.56,48.56,47.68,47.85,34246
13/08/2008,47.7,47.7,46.9,47.32,44046
14/08/2008,46.72,47.53,46.72,47.53,87434
15/08/2008,47.6,47.64,46.14,47.49,21788
18/08/2008,47.95,47.95,46.69,46.7,23476
19/08/2008,46.73,46.73,46.22,46.3,25412
20/08/2008,46.8,46.8,46.36,46.72,20356
21/08/2008,46.2,47.18,46.2,47.08,20517
22/08/2008,47.45,47.65,47.16,47.33,22258
25/08/2008,46.2,47.15,46.2,46.46,50481
26/08/2008,46.24,46.7,46.19,46.7,37803
27/08/2008,46.66,47.05,46.52,46.76,26166
28/08/2008,47.67,47.75,47.38,47.75,34073
29/08/2008,48.13,48.13,47.29,47.32,19966
02/09/2008,47.32,47.69,46,46,28709
03/09/2008,46.4,46.85,46.16,46.16,30636
04/09/2008,46.45,46.45,44.46,44.46,114192
05/09/2008,45,45,43.68,44.17,75545
08/09/2008,46.7,46.7,44.95,45.42,54708
09/09/2008,45.79,45.79,44.14,44.29,42401
10/09/2008,44.95,45,44.2,44.65,50237
11/09/2008,43.79,44.62,43.62,44.62,71601
12/09/2008,44.95,45.24,44.39,45.12,19015
15/09/2008,44.4,44.85,43.11,43.27,123817
16/09/2008,42.75,44,42,43.99,128425
17/09/2008,43.39,43.9,41.58,41.61,118045
18/09/2008,41.01,43.8,35.85,43.8,128952
19/09/2008,45.03,46.41,45.03,46.41,78080
22/09/2008,46.4,46.98,44.44,44.73,57940
23/09/2008,45.37,46.2,44,45.02,94619
24/09/2008,47,47,43.35,43.6,44239
25/09/2008,44.85,45.35,43.87,44.84,58454
26/09/2008,43.75,45.55,43.75,45.27,92058
29/09/2008,44.65,44.65,39.76,42.4,101810
30/09/2008,42.9,46,41.57,43.01,98099
01/10/2008,41.59,42.83,41.59,42.38,90192
02/10/2008,42.19,42.45,40.1,40.1,152672
03/10/2008,41.6,41.62,39.75,39.75,111740
06/10/2008,39.6,39.6,36.33,37.85,192138
07/10/2008,39.22,39.22,36,36.11,154583
08/10/2008,36.46,36.5,34.81,35.55,117202
09/10/2008,36.05,36.16,32.53,33.85,141582
10/10/2008,32.5,35.1,30.87,32.78,387529
13/10/2008,38.25,38.25,34.27,37.19,368756
14/10/2008,39.47,39.47,35.69,37.98,235756
15/10/2008,35.69,36,32.71,33.37,140764
16/10/2008,33.1,34.17,31,34.16,195987
17/10/2008,33.73,35.1,33.05,33.83,84481
20/10/2008,34.2,36.2,33.75,36.2,113436
21/10/2008,35.8,35.8,33.83,33.96,160148
22/10/2008,33.08,33.08,30.99,31.47,207565
23/10/2008,32,32.34,30.45,31.4,134510
24/10/2008,29.98,31.43,29,31.17,157561
27/10/2008,29.87,30.75,29.3,29.43,129642
28/10/2008,30.99,32.59,29.47,31.2,51688
29/10/2008,31.19,33.61,31.19,33.5,92392
30/10/2008,34.55,34.55,32.7,33.79,70584
31/10/2008,32.72,34.25,32.64,33.79,89781
03/11/2008,34.65,34.69,32.96,33.81,83656
04/11/2008,34.69,35.73,34.55,35.63,112252
05/11/2008,35.99,35.99,33.75,33.76,145437
06/11/2008,32.15,33.78,31.72,31.77,159911
07/11/2008,32.17,33.32,32.17,33.32,179724
10/11/2008,34.28,34.28,32.5,33.01,144472
11/11/2008,32,33.2,31.35,31.7,125614
12/11/2008,31.11,31.32,30.11,30.25,115225
13/11/2008,30,32.53,29.33,32.51,210611
14/11/2008,32.5,32.5,30.57,30.57,77604
17/11/2008,31.2,31.5,29,30.31,110727
18/11/2008,30.11,30.9,29.41,30.53,177692
19/11/2008,30.28,30.41,28.5,28.51,254497
20/11/2008,28.35,28.9,26.6,26.62,275227
21/11/2008,28.01,28.71,26.65,28.71,246084
24/11/2008,29.47,31.03,29,30.2,273832
25/11/2008,31.47,31.54,29.82,30.51,157517
26/11/2008,29.64,31.46,29.64,31.25,76208
01/12/2008,30.92,30.92,28.87,28.9,132474
02/12/2008,30.12,30.28,29.2,30.28,115536
03/12/2008,29.91,30.89,29.3,30.89,121832
04/12/2008,30.52,30.79,29.24,29.74,137008
05/12/2008,29.56,30.69,28.75,30.69,512574
08/12/2008,31.84,32.28,31.31,31.96,253301
09/12/2008,31.81,32.18,31.27,31.5,230016
10/12/2008,31.37,32.37,31.37,32.14,325418
11/12/2008,32.15,32.56,31.44,31.66,220266
12/12/2008,31.51,32.02,30.8,31.95,266271
15/12/2008,32.51,32.51,31.17,31.7,208071
16/12/2008,32.87,33.43,31.67,33.43,183702
17/12/2008,33.13,33.58,32.75,33.27,275220
18/12/2008,33.99,34.66,31.92,32.24,261620
19/12/2008,32.9,32.9,31.85,32.12,181486
22/12/2008,33.65,33.65,31.26,31.77,384432
23/12/2008,32.94,32.94,31.3,31.48,334287
24/12/2008,30.91,32.17,30.91,31.48,158628
26/12/2008,33.44,33.44,31.49,31.75,123700
29/12/2008,31.55,32.7,31.36,31.73,244674
30/12/2008,31.96,32.57,31.57,32.56,245247
31/12/2008,32.7,33.25,32.26,32.98,305627
02/01/2009,32.98,33.97,32.86,33.87,205207
05/01/2009,34.75,34.75,33.25,33.97,236845
06/01/2009,33.59,34.1,33.49,33.85,110196
07/01/2009,33.85,33.85,32.8,33.1,82530
08/01/2009,33.01,33.21,32.7,32.99,183064
09/01/2009,32.81,32.81,32.19,32.19,131299
12/01/2009,32.3,32.3,31.17,31.37,65244
13/01/2009,31.37,31.39,30.97,31.1,115849
14/01/2009,30.98,30.98,29.85,30.01,202856
15/01/2009,30.29,30.81,29.3,30.36,136689
16/01/2009,31.75,31.75,29.99,30.73,79163
20/01/2009,31.99,31.99,28.37,28.47,146384
21/01/2009,28.76,30,28.47,30,64277
22/01/2009,30.29,30.29,28.77,29.42,166260
23/01/2009,29.25,29.64,28.5,29.46,103742
26/01/2009,29.52,30.28,29.33,29.66,127611
27/01/2009,30.12,30.55,29.66,30.23,198486
28/01/2009,31.07,31.3,30.89,31.16,34835
29/01/2009,30.44,31.01,29.83,29.83,100200
30/01/2009,30.41,30.64,29.3,29.4,39376
02/02/2009,29,29.6,28.89,29.35,199814
03/02/2009,29.91,30.11,29.36,29.93,29205
04/02/2009,30,30.43,29.66,29.72,26601
05/02/2009,29.49,31.02,29.46,31.02,56413
06/02/2009,30.66,31.21,30.66,31.2,54889
09/02/2009,31.47,31.49,30.21,31.11,63373
10/02/2009,30.9,30.9,29.49,29.66,50512
11/02/2009,30.18,30.18,29.35,29.87,50218
12/02/2009,29.45,29.8,29,29.8,50425
13/02/2009,29.71,30.05,29.48,29.69,69733
17/02/2009,28.66,28.68,28.01,28.1,137201
18/02/2009,28.4,28.4,27.75,27.93,192412
19/02/2009,28.25,28.6,27.74,27.85,141597
20/02/2009,27.11,27.8,26.92,27,169425
23/02/2009,27.65,27.69,26.55,26.57,154437
24/02/2009,26.89,27.74,26.65,27.61,137488
25/02/2009,27.55,27.59,26.77,27.21,59285
26/02/2009,27.52,27.7,26.86,27.02,78851
27/02/2009,26.77,27.09,26.3,26.6,352557
02/03/2009,26.23,26.23,25.11,25.24,97251
03/03/2009,25.31,25.56,24.87,25.03,118599
04/03/2009,25.31,26.42,25.31,26.09,62979
05/03/2009,26.1,26.1,24.74,25.02,107398
06/03/2009,25.38,25.74,24.36,24.93,113005
09/03/2009,24.77,24.98,24.4,24.5,103141
10/03/2009,25.37,26.27,25.21,26.24,163210
11/03/2009,26.27,26.6,26.04,26.26,60578
12/03/2009,26.23,27.35,26.04,27.23,64816
13/03/2009,27.68,28,26.94,28,123817
16/03/2009,28.03,28.5,27.39,27.39,123826
17/03/2009,27.38,28.2,27.18,28.2,138748
18/03/2009,27.98,29.08,27.69,28.86,84828
19/03/2009,27.89,29.72,27,28.71,54660
20/03/2009,28.52,28.8,28.09,28.19,102616
23/03/2009,28.81,30.37,28.81,30.37,524681
24/03/2009,30.06,30.06,29.48,29.5,102209
25/03/2009,29.89,30.29,29.15,29.91,72612
26/03/2009,30.36,30.45,29.89,30.42,139923
27/03/2009,30.08,30.08,29.49,29.58,46860
30/03/2009,28.78,28.81,27.5,28.36,135525
31/03/2009,29.02,29.4,28.59,28.95,370559
01/04/2009,28.29,29.72,28.29,29.56,132258
02/04/2009,30.43,31.34,30.43,30.81,54232
03/04/2009,31.34,31.34,30.07,30.95,62994
06/04/2009,31.2,31.2,30.16,30.63,63292
07/04/2009,30.1,30.29,29.83,29.93,66617
08/04/2009,30.03,31.46,29.98,30.4,98785
09/04/2009,31.48,31.48,31.03,31.46,54579
13/04/2009,31.5,31.8,30.84,31.65,58085
14/04/2009,31.43,32,31,31.22,154399
15/04/2009,31.52,31.61,30.93,31.6,85165
16/04/2009,31.86,32.12,31.45,31.97,77488
17/04/2009,32.15,32.17,31.69,31.91,48970
20/04/2009,32.2,32.2,30.45,30.45,54525
21/04/2009,30.16,31.22,30.05,31.13,64611
22/04/2009,31.55,31.65,30.77,30.95,110801
23/04/2009,31.42,31.63,30.96,31.6,100433
24/04/2009,31.91,32.27,31.77,31.95,121239
27/04/2009,31.49,31.94,31.1,31.59,114557
28/04/2009,31.24,32.05,30.85,31.33,57754
29/04/2009,31.71,32.66,31.71,32.15,66043
30/04/2009,32.82,32.99,32.15,32.44,100382
01/05/2009,32.74,32.85,32.31,32.82,41744
04/05/2009,33.68,34.08,33.15,34.08,85233
05/05/2009,34.1,34.1,33.6,33.88,77336
06/05/2009,34.14,34.62,33.96,34.42,145925
07/05/2009,35.17,35.17,33.66,34.03,110547
08/05/2009,34.72,35.35,34.5,35.24,212901
11/05/2009,35.69,35.69,34.15,34.22,113044
12/05/2009,34.48,34.59,33.96,34.41,39805
13/05/2009,34.32,34.32,33.3,33.41,43410
14/05/2009,33.35,33.91,33.26,33.66,25855
15/05/2009,33.59,33.93,33.32,33.48,37372
18/05/2009,34.18,34.78,33.91,34.78,678705
19/05/2009,34.57,35.2,34.57,34.92,64602
20/05/2009,34.92,35.63,34.9,34.9,76294
21/05/2009,34.61,34.63,34.09,34.58,81074
22/05/2009,34.6,34.97,34.49,34.7,64371
26/05/2009,34.38,35.48,33.89,35.42,85721
27/05/2009,35.54,35.56,34.68,34.82,49133
28/05/2009,34.95,35.43,34.67,35.38,31719
29/05/2009,35.82,35.88,35.4,35.88,36063
01/06/2009,35.96,37.18,35.96,36.94,109768
02/06/2009,36.83,37.05,36.36,36.88,49498
03/06/2009,36.32,36.46,35.74,36.11,33746
04/06/2009,36.35,36.55,35.99,36.46,81909
05/06/2009,36.88,36.88,35.99,36.28,80834
08/06/2009,35.96,36.22,35.52,36.11,33902
09/06/2009,36.25,36.45,36.1,36.43,62463
10/06/2009,36.55,36.75,36,36.32,35657
11/06/2009,36.9,37.25,36.43,36.87,104725
12/06/2009,36.67,36.77,36.43,36.77,101868
15/06/2009,36.64,36.64,35.37,35.65,53958
16/06/2009,36.37,36.37,35.1,35.17,109794
17/06/2009,35.37,35.37,34.64,35.02,79623
18/06/2009,35,35.36,34.9,35.1,78303
19/06/2009,35.11,35.58,35.11,35.2,174385
22/06/2009,35.11,35.11,34.12,34.12,79604
23/06/2009,34.65,34.65,34.22,34.49,25459
24/06/2009,35.02,35.29,34.64,34.81,44561
25/06/2009,34.72,35.55,34.53,35.55,42469
26/06/2009,35.65,36.59,35.35,35.57,22233
29/06/2009,35.78,35.93,35.5,35.86,35963
30/06/2009,35.95,35.95,35.13,35.26,119587
01/07/2009,35.83,36.1,35.82,35.89,102457
02/07/2009,35.57,35.57,34.83,34.83,53758
06/07/2009,34.37,34.78,34.29,34.78,103834
07/07/2009,34.83,34.83,34.02,34.08,95773
08/07/2009,34.03,34.28,33.44,33.99,66499
09/07/2009,34.31,34.46,34.14,34.29,29507
10/07/2009,34.01,34.13,33.75,34.13,152994
13/07/2009,34.2,34.83,33.72,34.79,190065
14/07/2009,35.02,35.8,34.69,35.02,117408
15/07/2009,35.73,36.3,35.65,36.22,280491
16/07/2009,36.07,36.52,36,36.39,156663
17/07/2009,36.36,36.54,36.19,36.47,72532
20/07/2009,37.02,37.17,36.78,37.16,99272
21/07/2009,37.5,37.54,36.83,37.16,96960
22/07/2009,37.04,37.49,36.86,37.27,222867
23/07/2009,37.31,38.25,37.27,38.1,897573
24/07/2009,37.98,38.2,37.66,38.2,82373
27/07/2009,38.25,38.34,37.9,38.34,39741
28/07/2009,38.04,38.2,37.7,38.18,32604
29/07/2009,38.08,38.08,37.6,37.77,50168
30/07/2009,38.47,38.87,38.4,38.54,69086
31/07/2009,38.71,39.07,38.51,38.83,77084
03/08/2009,39.56,39.73,39.31,39.67,81261
04/08/2009,39.3,39.72,39.19,39.54,100188
05/08/2009,39.55,39.64,39.05,39.5,116761
06/08/2009,39.76,39.8,39,39.24,55647
07/08/2009,39.52,39.71,39.28,39.52,157721
10/08/2009,39.52,39.52,39.01,39.27,70482
11/08/2009,39.11,39.16,38.64,38.85,76866
12/08/2009,38.85,39.54,38.8,39.28,54426
13/08/2009,40.02,40.02,39.31,39.77,252878
14/08/2009,39.83,39.83,39.04,39.36,56303
17/08/2009,38.39,38.42,38.03,38.19,70729
18/08/2009,38.52,38.82,38.37,38.71,116829
19/08/2009,38.27,39.09,37.82,38.87,66736
20/08/2009,39.08,39.44,39.07,39.32,72414
21/08/2009,39.76,40.24,39.69,40.12,132897
24/08/2009,40.17,40.59,40.08,40.17,185776
25/08/2009,40.62,40.69,40.26,40.28,785486
26/08/2009,40.17,40.24,39.91,40.15,457171
27/08/2009,40,40.48,39.65,40.27,181111
28/08/2009,40.8,40.8,40.07,40.26,97452
31/08/2009,40.57,40.57,39.61,39.87,219917
01/09/2009,39.81,40.17,38.89,39,312247
02/09/2009,38.91,39.25,38.73,39.07,45517
03/09/2009,39.48,39.5,39.09,39.5,75956
04/09/2009,39.63,40.1,39.37,40,80815
08/09/2009,40.87,40.99,40.5,40.73,86448
09/09/2009,40.57,41.25,40.57,41.1,104923
10/09/2009,41.14,41.53,40.84,41.53,100651
11/09/2009,41.65,41.77,41.32,41.48,68042
14/09/2009,42.01,42.01,41.08,41.61,48334
15/09/2009,41.61,41.89,41.28,41.79,85341
16/09/2009,42.28,42.58,41.98,42.51,140311
17/09/2009,42.48,43,42.23,42.44,174406
18/09/2009,42.56,42.62,42.27,42.46,54659
21/09/2009,42,42.2,41.76,42.11,113265
22/09/2009,42.52,42.78,42.4,42.71,803374
23/09/2009,42.9,43,42.11,42.17,115932
24/09/2009,42.48,42.48,41.35,41.55,54530
25/09/2009,41.53,41.73,41.26,41.45,75712
28/09/2009,41.56,42.22,41.51,42.07,122226
29/09/2009,42.24,42.24,41.76,42.01,168338
30/09/2009,42.28,42.34,41.51,41.96,63579
01/10/2009,41.81,41.81,40.78,40.87,92800
02/10/2009,40.26,40.85,40,40.67,1112041
05/10/2009,40.73,41.33,40.6,41.23,99506
06/10/2009,41.73,42.12,41.5,41.74,197987
07/10/2009,41.82,41.95,41.6,41.94,1039731
08/10/2009,42.49,42.71,42.19,42.52,102686
09/10/2009,42.48,42.58,42.22,42.58,57841
12/10/2009,42.64,43.2,42.64,42.8,66944
13/10/2009,42.71,42.77,42.39,42.71,73165
14/10/2009,43.56,43.71,43.25,43.71,109543
15/10/2009,43.52,43.78,43.37,43.76,103855
16/10/2009,43.27,43.39,42.93,43.26,74127
19/10/2009,43.53,43.95,43.39,43.87,123111
20/10/2009,43.89,44.06,43.2,43.42,236213
21/10/2009,43.44,43.95,43.25,43.25,140806
22/10/2009,43.31,43.79,42.86,43.69,84836
23/10/2009,43.64,43.73,42.85,43.09,110276
26/10/2009,43.27,43.57,42.35,42.51,144621
27/10/2009,42.43,42.62,42.04,42.15,62973
28/10/2009,41.9,41.96,40.91,40.97,199977
29/10/2009,41.46,42.4,41.42,42.4,135146
30/10/2009,42.2,42.2,40.7,40.9,163153
02/11/2009,41.13,41.68,40.7,41.17,90182
03/11/2009,40.78,41.31,40.63,41.26,186580
04/11/2009,41.59,42,41.5,41.53,226181
05/11/2009,41.95,42.25,41.81,42.21,448970
06/11/2009,41.76,42.25,41.73,42.21,92496
09/11/2009,43.03,43.49,42.79,43.47,215123
10/11/2009,43.1,43.5,43.03,43.39,92257
11/11/2009,43.79,43.88,43.4,43.65,158773
12/11/2009,43.43,43.6,42.92,43.02,90324
13/11/2009,43.26,43.58,43,43.46,67369
16/11/2009,43.87,44.35,43.81,44.14,130157
17/11/2009,43.64,44.06,43.63,44.04,53007
18/11/2009,47.43,47.43,43.68,44.41,71618
19/11/2009,43.55,43.63,42.9,43.32,210719
20/11/2009,42.97,43.09,42.75,43.03,94154
23/11/2009,43.75,44.04,43.62,43.75,80976
24/11/2009,43.8,43.8,43.24,43.51,689493
25/11/2009,43.84,44.05,43.67,44.03,75434
27/11/2009,42.07,43.18,42.07,42.89,86312
30/11/2009,43.21,43.24,42.68,43.08,76753
01/12/2009,43.88,44.15,43.7,43.99,426745
02/12/2009,44.06,44.3,43.93,44.07,77669
03/12/2009,44.51,44.51,43.77,43.77,83262
04/12/2009,44.36,44.5,43.59,43.85,84432
07/12/2009,43.83,43.96,43.6,43.62,69344
08/12/2009,43.36,43.58,42.9,43.04,126702
09/12/2009,43.13,43.13,42.67,43.12,52542
10/12/2009,43.45,43.47,43.17,43.32,38057
11/12/2009,43.53,43.53,43.21,43.39,84382
14/12/2009,43.71,43.8,43.46,43.73,674597
15/12/2009,43.5,43.58,43.3,43.4,138486
16/12/2009,43.8,43.88,43.56,43.66,86623
17/12/2009,43.12,43.15,42.72,42.8,252184
18/12/2009,43.03,43.07,42.55,43,102076
21/12/2009,43.29,43.45,43.11,43.23,67988
22/12/2009,43.49,43.52,43.3,43.48,117225
23/12/2009,43.78,43.78,43.46,43.72,140370
24/12/2009,43.25,43.33,43.19,43.32,67952
28/12/2009,43.56,43.56,43.3,43.42,93223
29/12/2009,43.54,43.72,43.35,43.4,96230
30/12/2009,43.17,43.46,43.11,43.31,109511
31/12/2009,43.59,44.49,43.03,43.09,135315
04/01/2010,43.73,44.15,43.55,44.1,367650
05/01/2010,44.21,44.32,43.96,44.23,993905
06/01/2010,44.17,44.45,44.11,44.45,135541
07/01/2010,44.28,44.39,43.95,44.28,874229
08/01/2010,44.28,44.57,44,44.57,92275
11/01/2010,44.85,44.93,44.53,44.71,172251
12/01/2010,44.43,44.43,44.02,44.21,100075
13/01/2010,44.37,44.63,44.04,44.55,770119
14/01/2010,44.55,44.69,44.42,44.67,94321
15/01/2010,44.5,44.6,43.9,44.18,301688
19/01/2010,44.22,44.7,44,44.7,288416
20/01/2010,44.1,44.1,43.38,43.81,170450
21/01/2010,43.85,43.86,42.72,42.84,970605
22/01/2010,42.59,42.75,41.83,41.96,137849
25/01/2010,42.39,42.57,42.16,42.28,139986
26/01/2010,42.06,42.36,41.76,42.07,148768
27/01/2010,41.86,41.99,41.38,41.92,279758
28/01/2010,42.18,42.18,41.04,41.3,250195
29/01/2010,41.58,41.73,40.7,40.89,150960
01/02/2010,41.3,41.72,41.25,41.72,146434
02/02/2010,41.93,42.37,41.72,42.36,133341
03/02/2010,42.27,42.27,41.81,42,82602
04/02/2010,41.51,41.51,40.33,40.51,181962
05/02/2010,40.23,40.33,39.23,40.16,373882
08/02/2010,39.99,40.43,39.78,39.9,119588
09/02/2010,40.56,41.02,40.15,40.76,103855
10/02/2010,40.73,40.73,40.16,40.54,118403
11/02/2010,40.52,41.13,40.29,41.07,95396
12/02/2010,40.47,40.85,40.26,40.82,52766
16/02/2010,41.22,41.67,41,41.66,207655
17/02/2010,41.86,41.97,41.62,41.82,86222
18/02/2010,41.7,42.1,41.64,42.06,129117
19/02/2010,41.77,42.07,41.56,41.96,148428
22/02/2010,42.07,42.18,41.85,42,200121
23/02/2010,41.92,41.92,41.16,41.24,137226
24/02/2010,41.43,41.8,41.32,41.59,145837
25/02/2010,41.01,41.5,40.73,41.5,169843
26/02/2010,41.55,41.82,41.36,41.74,94603
01/03/2010,41.9,42.25,41.88,42.11,91561
02/03/2010,42.46,42.69,42.28,42.47,71700
03/03/2010,42.82,42.98,42.55,42.61,163392
04/03/2010,42.72,42.82,42.41,42.69,73409
05/03/2010,43.05,43.52,42.89,43.45,82373
08/03/2010,43.56,43.63,43.4,43.5,90872
09/03/2010,43.25,43.69,43.2,43.5,70739
10/03/2010,43.56,43.85,43.46,43.7,62521
11/03/2010,43.63,43.78,43.41,43.78,2036989
12/03/2010,44.06,44.06,43.73,43.86,72848
15/03/2010,43.65,43.72,43.34,43.68,68790
16/03/2010,43.87,44.17,43.69,44.17,43561
17/03/2010,44.38,44.56,44.28,44.36,114256
18/03/2010,44.37,44.45,44.01,44.19,44686
19/03/2010,44.2,44.3,43.67,43.86,70624
22/03/2010,43.41,44.07,43.3,43.98,76385
23/03/2010,44.13,44.4,44,44.37,98946
24/03/2010,43.95,44.4,43.78,44.01,803044
25/03/2010,44.39,44.43,43.8,43.87,68044
26/03/2010,44.14,44.29,43.83,44.04,202939
29/03/2010,44.48,44.54,44.3,44.45,79984
30/03/2010,44.63,44.7,44.32,44.56,133974
31/03/2010,44.5,44.67,44.3,44.52,71607
01/04/2010,44.98,45.16,44.83,45.07,121089
05/04/2010,45.26,45.44,45.07,45.41,96376
06/04/2010,45.21,45.45,45.05,45.42,92708
07/04/2010,45.34,45.34,44.9,45.07,92404
08/04/2010,44.85,45.19,44.6,45.14,57276
09/04/2010,45.32,45.58,45.29,45.58,97838
12/04/2010,45.57,45.79,45.57,45.67,178698
13/04/2010,45.61,45.69,45.22,45.63,120142
14/04/2010,45.98,46.19,45.81,46.18,213176
15/04/2010,46.55,46.55,45.9,46.13,84166
16/04/2010,45.89,45.89,44.95,45.23,136195
19/04/2010,44.77,45.21,44.59,45.18,120361
20/04/2010,45.59,45.59,45.31,45.52,73292
21/04/2010,45.54,45.54,45.1,45.36,138735
22/04/2010,44.9,45.28,44.6,45.22,129064
23/04/2010,45.29,45.59,45,45.59,94944
26/04/2010,45.56,45.75,45.46,45.51,115332
27/04/2010,45.1,45.28,44,44.1,182206
28/04/2010,44.38,44.46,43.8,44.17,169426
29/04/2010,44.55,44.95,44.55,44.91,106933
30/04/2010,45.01,45.01,44.29,44.32,187026
03/05/2010,44.5,44.86,44.42,44.73,81480
04/05/2010,43.73,43.8,43,43.23,177782
05/05/2010,42.38,43.11,42.31,42.67,319825
06/05/2010,42.49,42.76,40,41.03,367611
07/05/2010,41.18,41.99,39.97,40.73,250512
10/05/2010,42.69,43.67,42.59,43.05,214649
11/05/2010,42.23,43.1,42.23,42.53,213558
12/05/2010,42.54,43.15,42.54,43.05,81678
13/05/2010,42.95,43.1,42.5,42.57,173771
14/05/2010,42.16,42.22,41.25,41.57,163912
17/05/2010,41.65,41.83,40.71,41.65,93675
18/05/2010,41.97,42.11,40.75,40.95,140576
19/05/2010,40.62,41,40.12,40.68,144780
20/05/2010,39.85,39.85,39,39.14,330535
21/05/2010,38.78,40.01,38.5,40,394706
24/05/2010,39.84,39.95,39.32,39.39,97731
25/05/2010,38.47,39.22,37.93,39.12,292660
26/05/2010,39.44,39.78,38.83,38.88,69485
27/05/2010,39.99,40.7,39.8,40.7,66380
28/05/2010,40.54,40.61,39.8,39.94,62398
01/06/2010,39.59,40.37,39.45,39.45,136857
02/06/2010,39.61,40.56,39.56,40.56,27653
03/06/2010,40.61,40.8,40.17,40.6,71420
04/06/2010,39.53,39.87,38.9,39.07,125133
07/06/2010,39.28,39.4,38.56,38.59,67305
08/06/2010,38.59,39.17,38.44,39.14,89709
09/06/2010,39.46,39.78,38.84,39.04,137705
10/06/2010,39.93,40.35,39.66,40.28,68918
11/06/2010,39.93,40.45,39.85,40.45,33768
14/06/2010,40.81,41.07,40.43,40.43,226351
15/06/2010,40.93,41.65,40.89,41.65,61074
16/06/2010,41.26,41.67,41.19,41.54,41346
17/06/2010,41.71,41.71,41.22,41.56,34325
18/06/2010,41.66,41.73,41.48,41.61,46167
21/06/2010,42.2,42.34,41.51,41.7,62956
22/06/2010,41.68,41.88,41,41.03,73965
23/06/2010,41.21,41.37,40.8,41.09,38992
24/06/2010,40.87,40.87,40.3,40.36,77154
25/06/2010,40.51,40.8,40.18,40.63,36291
28/06/2010,40.62,40.78,40.39,40.43,49110
29/06/2010,39.78,39.78,38.9,39.11,179344
30/06/2010,39.1,39.43,38.75,38.82,41113
01/07/2010,39.01,39.11,38.31,38.93,92846
02/07/2010,39.15,39.21,38.6,38.88,75369
06/07/2010,39.71,39.98,39.06,39.38,149472
07/07/2010,39.54,40.57,39.51,40.55,54650
08/07/2010,40.82,40.93,40.42,40.89,107855
09/07/2010,40.82,41.17,40.77,41.17,45943
12/07/2010,40.93,41.15,40.75,40.99,54370
13/07/2010,41.55,41.76,41.45,41.66,92924
14/07/2010,41.63,41.82,41.4,41.67,55673
15/07/2010,41.72,41.83,41.2,41.73,98825
16/07/2010,41.42,41.42,40.47,40.51,66735
19/07/2010,40.92,40.97,40.5,40.78,212741
20/07/2010,40.26,41.27,40.2,41.26,33096
21/07/2010,41.42,41.42,40.51,40.67,51518
22/07/2010,41.32,41.96,41.32,41.79,59404
23/07/2010,41.71,42.2,41.58,42.16,56742
26/07/2010,42.06,42.48,42.01,42.48,138037
27/07/2010,42.81,42.81,42.31,42.51,106835
28/07/2010,42.47,42.54,42.17,42.32,53896
29/07/2010,42.69,42.89,42,42.31,37667
30/07/2010,41.9,42.48,41.88,42.39,38000
02/08/2010,43.18,43.58,43.01,43.55,119143
03/08/2010,43.36,43.48,43.09,43.33,64098
04/08/2010,43.43,43.58,43.24,43.53,23739
05/08/2010,43.24,43.5,43.21,43.5,65626
06/08/2010,43.16,43.46,42.89,43.39,111334
09/08/2010,43.52,43.68,43.37,43.57,48170
10/08/2010,43.07,43.43,42.83,43.27,62846
11/08/2010,42.31,42.31,41.66,41.73,43368
12/08/2010,41.31,41.72,41.22,41.59,71716
13/08/2010,41.58,41.78,41.46,41.46,44790
16/08/2010,41.46,41.77,41.25,41.63,119169
17/08/2010,42.14,42.45,41.96,42.22,54558
18/08/2010,42.22,42.44,41.96,42.28,45588
19/08/2010,42.16,42.24,41.4,41.63,31163
20/08/2010,41.42,41.42,41.05,41.37,28958
23/08/2010,41.46,41.67,41.19,41.2,26089
24/08/2010,40.74,40.81,40.33,40.56,157119
25/08/2010,40.39,40.71,40.08,40.63,112763
26/08/2010,40.75,40.93,40.33,40.45,44494
27/08/2010,40.88,41.28,40.3,41.26,63410
30/08/2010,41,41.17,40.65,40.65,39665
31/08/2010,40.6,40.94,40.47,40.7,89080
01/09/2010,41.54,42.05,41.45,42.01,119033
02/09/2010,41.97,42.28,41.97,42.28,29933
03/09/2010,42.59,42.81,42.44,42.76,67362
07/09/2010,42.54,42.6,42.24,42.27,40523
08/09/2010,42.44,42.79,42.44,42.6,49021
09/09/2010,43.05,43.15,42.76,42.88,46365
10/09/2010,42.88,43.11,42.84,43.06,76540
13/09/2010,43.54,43.75,43.53,43.73,68274
14/09/2010,43.56,44.03,43.51,43.86,68986
15/09/2010,43.61,43.93,43.45,43.9,45994
16/09/2010,43.68,43.8,43.59,43.79,175962
17/09/2010,43.89,43.91,43.53,43.67,61287
20/09/2010,43.81,44.42,43.74,44.34,106056
21/09/2010,44.37,44.59,44.08,44.31,121875
22/09/2010,44.32,44.57,44.07,44.26,80235
23/09/2010,43.77,44.19,43.68,43.8,40918
24/09/2010,44.33,44.84,44.12,44.84,134587
27/09/2010,44.83,44.89,44.64,44.67,188674
28/09/2010,44.74,45,44.34,44.95,64440
29/09/2010,44.76,45.07,44.71,44.91,60939
30/09/2010,45.17,45.33,44.5,44.79,130051
01/10/2010,45.19,45.24,44.91,45.16,114312
04/10/2010,44.95,45.11,44.52,44.75,81698
05/10/2010,45.21,45.9,45.21,45.8,60859
06/10/2010,45.88,45.99,45.72,45.81,61171
07/10/2010,46.16,46.16,45.52,45.79,42484
08/10/2010,45.79,46.19,45.7,46.06,82593
11/10/2010,46.18,46.19,45.92,46.02,182544
12/10/2010,45.8,46.16,45.52,46.08,86607
13/10/2010,46.37,46.8,46.32,46.58,82515
14/10/2010,46.74,46.75,46.31,46.6,89514
15/10/2010,46.77,46.77,46.25,46.56,46530
18/10/2010,46.49,46.81,46.37,46.67,90991
19/10/2010,45.95,46.16,45.47,45.68,179657
20/10/2010,45.99,46.57,45.97,46.44,35368
21/10/2010,46.61,46.79,46.05,46.38,48685
22/10/2010,46.57,46.57,46.34,46.48,76366
25/10/2010,46.84,47.03,46.62,46.69,111186
26/10/2010,46.32,46.52,46.2,46.5,142113
27/10/2010,46.22,46.22,45.7,46.14,98306
28/10/2010,46.49,46.59,46.2,46.44,47154
29/10/2010,46.26,46.52,46.25,46.49,111360
01/11/2010,46.55,46.8,46.19,46.46,68297
02/11/2010,47.02,47.1,46.88,47.02,112983
03/11/2010,47.24,47.27,46.71,47.27,91057
04/11/2010,47.87,48.27,47.87,48.27,107838
05/11/2010,48.26,48.35,48.04,48.26,198815
08/11/2010,48,48.11,47.82,48.1,68882
09/11/2010,48.36,48.36,47.5,47.67,101916
10/11/2010,47.8,47.86,47.25,47.78,91643
11/11/2010,47.45,47.57,47.25,47.57,73230
12/11/2010,47.3,47.44,46.69,46.94,97578
15/11/2010,47.08,47.27,46.89,46.9,85973
16/11/2010,46.5,46.58,45.68,45.95,179287
17/11/2010,46.13,46.27,45.95,46.08,57491
18/11/2010,46.84,47.07,46.71,47.02,79370
19/11/2010,46.7,47.03,46.53,47.02,68031
22/11/2010,46.64,46.91,46.32,46.85,104407
23/11/2010,46.09,46.09,45.6,45.74,84121
24/11/2010,46.19,46.45,46.17,46.45,40084
26/11/2010,45.92,46.08,45.76,45.93,32054
29/11/2010,45.54,45.76,45.15,45.68,92607
30/11/2010,45.03,45.52,45.03,45.26,93749
01/12/2010,46.15,46.5,46.12,46.42,71578
02/12/2010,46.51,47.27,46.5,47.27,209849
03/12/2010,47.16,47.52,47.14,47.5,53428
06/12/2010,47.33,47.46,47.19,47.37,78689
07/12/2010,48,48,47.31,47.32,167377
08/12/2010,47.43,47.58,47.11,47.4,69178
09/12/2010,47.62,47.74,47.3,47.53,85228
10/12/2010,47.53,47.8,47.41,47.73,232624
13/12/2010,48.22,48.26,47.98,48.04,155403
14/12/2010,48.13,48.3,47.94,48.1,169743
15/12/2010,47.81,48.04,47.54,47.64,119232
16/12/2010,47.75,47.92,47.5,47.91,136267
17/12/2010,47.79,47.82,47.6,47.77,59256
20/12/2010,48.02,48.02,47.65,47.83,73804
21/12/2010,48.07,48.28,48.07,48.24,48146
22/12/2010,47.49,47.49,47.25,47.45,189832
23/12/2010,47.42,47.42,47.26,47.36,45280
27/12/2010,47.3,47.39,47.11,47.39,61960
28/12/2010,47.64,47.64,47.28,47.36,58982
29/12/2010,47.71,47.79,47.56,47.69,171452
30/12/2010,47.78,47.85,47.48,47.65,81170
31/12/2010,47.62,47.86,47.55,47.8,68078
03/01/2011,48.2,48.41,48.11,48.23,200462
04/01/2011,48.4,48.43,47.82,48.15,123102
05/01/2011,47.82,48.2,47.77,48.17,95532
06/01/2011,48.27,48.27,47.7,47.83,457995
07/01/2011,47.94,47.94,47.38,47.67,103602
10/01/2011,47.46,47.52,47.15,47.47,68530
11/01/2011,47.81,47.94,47.67,47.89,61400
12/01/2011,48.25,48.62,48.2,48.62,54946
13/01/2011,48.73,48.8,48.47,48.59,65559
14/01/2011,48.5,48.88,48.45,48.88,115250
18/01/2011,48.99,49.07,48.9,49.03,155070
19/01/2011,49.14,49.14,48.51,48.6,66828
20/01/2011,48.37,48.41,47.96,48.34,74294
21/01/2011,48.79,48.79,48.37,48.46,60116
24/01/2011,48.47,48.79,48.36,48.78,122345
25/01/2011,48.64,48.66,48.3,48.64,187197
26/01/2011,48.9,49.05,48.79,48.94,85968
27/01/2011,49.02,49.14,48.87,49.09,193983
28/01/2011,49,49.04,47.97,48.02,103962
31/01/2011,48.24,48.56,48.22,48.47,150227
01/02/2011,48.89,49.46,48.85,49.41,69711
02/02/2011,49.29,49.45,49.24,49.3,51039
03/02/2011,49.22,49.37,48.86,49.36,78579
04/02/2011,49.35,49.42,49.05,49.42,52148
07/02/2011,49.42,49.72,49.41,49.55,76580
08/02/2011,49.64,49.8,49.45,49.8,43828
09/02/2011,49.59,49.67,49.37,49.48,73463
10/02/2011,49.01,49.36,48.87,49.21,69014
11/02/2011,49.01,49.58,49,49.5,45567
14/02/2011,49.49,49.65,49.4,49.62,46453
15/02/2011,49.58,49.61,49.41,49.51,54474
16/02/2011,49.67,49.94,49.63,49.88,85507
17/02/2011,49.87,50.23,49.83,50.16,80427
18/02/2011,50.23,50.36,50.09,50.32,96426
22/02/2011,49.72,49.8,48.92,49.04,215421
23/02/2011,49.19,49.26,48.55,48.9,78747
24/02/2011,49,49.16,48.56,48.97,65812
25/02/2011,49.31,49.55,49.26,49.49,60076
28/02/2011,49.94,50.05,49.67,49.89,85450
01/03/2011,50.11,50.13,49.22,49.22,90576
02/03/2011,49.25,49.66,49.25,49.49,60439
03/03/2011,49.92,50.27,49.82,50.24,99131
04/03/2011,50.23,50.23,49.51,49.86,139747
07/03/2011,50,50.13,49.28,49.51,65091
08/03/2011,49.52,49.89,49.2,49.78,39227
09/03/2011,49.76,49.82,49.5,49.7,40936
10/03/2011,49.06,49.06,48.5,48.57,140522
11/03/2011,48.31,48.85,48.31,48.75,101531
14/03/2011,48.15,48.33,47.85,48.33,101755
15/03/2011,46.56,47.65,46.28,47.45,318312
16/03/2011,47.39,47.42,45.96,46.35,269480
17/03/2011,47.34,47.56,47.14,47.38,165821
18/03/2011,48.14,48.35,47.68,47.76,131769
21/03/2011,48.65,48.83,48.45,48.71,164002
22/03/2011,48.89,48.89,48.5,48.61,96657
23/03/2011,48.49,48.83,48.22,48.68,84961
24/03/2011,49,49.48,48.8,49.31,127285
25/03/2011,49.2,49.48,49.08,49.22,86731
28/03/2011,49.22,49.45,49.03,49.08,82669
29/03/2011,49.05,49.43,48.84,49.43,108475
30/03/2011,49.6,50,49.6,49.92,67889
31/03/2011,49.81,50.02,49.72,49.86,71485
01/04/2011,50.13,50.43,49.94,50.27,86653
04/04/2011,50.33,50.49,50.22,50.35,78873
05/04/2011,50.19,50.46,50.12,50.35,48729
06/04/2011,50.68,50.69,50.42,50.6,65696
07/04/2011,50.5,50.65,50.18,50.43,49073
08/04/2011,50.92,50.92,50.36,50.48,161739
11/04/2011,50.61,50.7,50.18,50.33,70007
12/04/2011,50.14,50.14,49.61,49.82,66781
13/04/2011,50.32,50.32,49.72,49.9,107991
14/04/2011,49.75,50.12,49.59,50.07,29090
15/04/2011,49.99,50.19,49.84,50.09,31385
18/04/2011,49.34,49.58,48.75,49.22,119099
19/04/2011,49.49,49.67,49.35,49.66,89765
20/04/2011,50.45,50.74,50.33,50.61,66494
21/04/2011,51.08,51.08,50.75,50.96,102488
25/04/2011,51.08,51.08,50.66,50.91,59925
26/04/2011,51.06,51.34,50.92,51.26,67501
27/04/2011,51.44,51.74,51.06,51.69,65156
28/04/2011,51.51,51.85,51.51,51.81,100783
29/04/2011,51.9,52.13,51.8,52.03,163831
02/05/2011,52.25,52.35,51.82,51.88,130572
03/05/2011,51.66,51.74,51.16,51.49,84108
04/05/2011,51.48,51.48,50.73,50.99,59076
05/05/2011,50.71,50.84,50.02,50.27,141956
06/05/2011,50.88,51.13,50.28,50.5,87012
09/05/2011,50.56,50.86,50.33,50.77,59781
10/05/2011,51.01,51.36,50.93,51.32,84255
11/05/2011,51.04,51.04,50.09,50.42,79043
12/05/2011,50.3,50.66,49.94,50.46,163493
13/05/2011,50.54,50.54,49.62,49.87,83326
16/05/2011,49.89,50.25,49.65,49.7,93851
17/05/2011,49.56,49.86,49.3,49.85,63266
18/05/2011,49.79,50.28,49.7,50.28,35880
19/05/2011,50.35,50.45,50.06,50.39,35165
20/05/2011,50.27,50.27,49.71,49.86,23913
23/05/2011,49.08,49.15,48.78,49,109071
24/05/2011,49.35,49.44,49.05,49.16,60239
25/05/2011,49.03,49.61,49,49.44,28451
26/05/2011,49.55,49.9,49.32,49.8,67658
27/05/2011,50.07,50.24,49.94,50.13,60635
31/05/2011,50.86,50.87,50.47,50.85,63170
01/06/2011,50.73,50.76,49.71,49.78,62869
02/06/2011,49.97,50.06,49.53,49.84,161434
03/06/2011,49.35,49.94,49.29,49.68,46248
06/06/2011,49.5,49.54,49,49,52593
07/06/2011,49.51,49.66,49.22,49.22,33245
08/06/2011,49.03,49.18,48.76,48.92,144494
09/06/2011,48.96,49.44,48.82,49.32,28942
10/06/2011,48.95,48.95,48.12,48.33,72915
13/06/2011,48.59,48.66,48.15,48.43,118214
14/06/2011,49.03,49.23,48.88,49.17,198947
15/06/2011,48.53,48.62,47.84,47.94,94168
16/06/2011,47.81,48.04,47.39,47.77,190746
17/06/2011,48.14,48.42,47.91,48.07,50378
20/06/2011,47.89,48.22,47.84,48.11,213757
21/06/2011,48.4,49.1,48.4,48.98,74355
22/06/2011,48.78,49.02,48.63,48.65,160980
23/06/2011,47.92,48.39,47.52,48.39,68518
24/06/2011,48.43,48.43,47.83,47.9,30237
27/06/2011,47.91,48.45,47.8,48.29,85384
28/06/2011,48.4,48.97,48.4,48.95,34429
29/06/2011,49.29,49.63,49.1,49.58,314027
30/06/2011,49.82,50.26,49.73,50.17,64592
01/07/2011,50.15,50.85,49.97,50.74,89135
05/07/2011,50.68,50.74,50.51,50.63,53533
06/07/2011,50.44,50.59,50.17,50.49,126667
07/07/2011,50.76,51.02,50.72,50.97,533605
08/07/2011,50.44,50.48,50.09,50.47,70703
11/07/2011,49.67,49.72,49.08,49.29,114922
12/07/2011,49,49.44,48.9,48.92,63842
13/07/2011,49.38,49.92,49.28,49.41,50010
14/07/2011,49.71,49.8,48.99,49.04,59705
15/07/2011,49.42,49.45,49.01,49.34,40329
18/07/2011,48.97,49,48.35,48.72,48184
19/07/2011,49.18,49.58,49.18,49.53,114560
20/07/2011,49.83,49.94,49.62,49.84,40908
21/07/2011,50.06,50.71,50.03,50.65,97861
22/07/2011,50.5,50.69,50.34,50.66,87807
25/07/2011,50.16,50.52,50.1,50.27,107649
26/07/2011,50.37,50.57,50.23,50.35,68230
27/07/2011,50.18,50.18,49.14,49.26,142330
28/07/2011,49.28,49.68,49.09,49.18,104902
29/07/2011,48.96,49.52,48.71,49.09,175404
01/08/2011,49.87,49.87,48.36,48.72,227511
02/08/2011,48.37,48.55,47.5,47.5,132864
03/08/2011,47.64,47.73,46.77,47.69,187879
04/08/2011,46.71,46.71,44.81,44.87,728443
05/08/2011,45.45,45.87,43.73,45.06,281909
08/08/2011,43.52,44.03,41.7,41.74,812384
09/08/2011,42.9,44.26,41.69,44.09,424563
10/08/2011,43.24,43.33,41.92,41.94,225773
11/08/2011,42.33,44.45,42.23,43.97,118161
12/08/2011,44.44,44.66,43.97,44.37,181977
15/08/2011,44.76,45.45,44.73,45.36,108370
16/08/2011,44.77,45.27,44.45,44.89,113173
17/08/2011,45.24,45.62,44.78,45.09,155573
18/08/2011,43.76,43.76,42.62,43.08,516464
19/08/2011,42.51,43.55,42.34,42.43,82149
22/08/2011,43.44,43.55,42.43,42.46,91197
23/08/2011,42.82,43.93,42.51,43.93,118515
24/08/2011,43.62,44.2,43.42,44.13,524443
25/08/2011,44.14,44.28,43.09,43.19,127235
26/08/2011,43.04,44.04,42.52,43.87,79931
29/08/2011,44.46,45.1,44.46,45.07,72108
30/08/2011,44.81,45.28,44.45,45.11,98455
31/08/2011,45.49,45.9,45.33,45.53,87183
01/09/2011,45.6,45.99,45.15,45.21,335693
02/09/2011,44.36,44.55,43.96,44.11,58721
06/09/2011,42.39,43.39,42.1,43.31,136018
07/09/2011,43.98,44.51,43.85,44.51,72995
08/09/2011,44.03,44.52,43.75,43.81,76248
09/09/2011,43.26,43.26,42.3,42.54,153531
12/09/2011,41.74,42.49,41.52,42.49,165229
13/09/2011,42.53,42.98,42.4,42.89,75894
14/09/2011,43.01,43.77,42.4,43.37,137074
15/09/2011,43.9,44.17,43.55,44.1,659939
16/09/2011,44.2,44.35,43.79,44.2,533969
19/09/2011,43.09,43.58,42.81,43.35,76036
20/09/2011,43.59,43.93,43.2,43.34,38510
21/09/2011,43.24,43.35,42.01,42.01,227534
22/09/2011,40.76,40.78,39.72,40.26,2043543
23/09/2011,40.1,40.71,40.02,40.63,202436
26/09/2011,40.8,41.49,40.2,41.49,130539
27/09/2011,42.5,42.99,42.05,42.29,107735
28/09/2011,42.31,42.61,41.37,41.37,91666
29/09/2011,42.37,42.51,41.32,41.95,286030
30/09/2011,41.22,41.52,40.65,40.65,305700
03/10/2011,40.5,40.89,39.57,39.63,461003
04/10/2011,39.08,40.41,38.67,40.41,256950
05/10/2011,40.42,41.25,40.06,41.16,178999
06/10/2011,41.16,42.18,40.93,42.16,157740
07/10/2011,42.29,42.45,41.61,41.8,79143
10/10/2011,42.63,43.35,42.63,43.35,71715
11/10/2011,42.86,43.29,42.81,43.18,375420
12/10/2011,43.85,44.45,43.71,44.03,907315
13/10/2011,43.62,43.87,43.26,43.79,115283
14/10/2011,44.41,44.53,44.01,44.53,121710
17/10/2011,44.26,44.26,43.42,43.45,89013
18/10/2011,43.35,44.51,42.99,44.3,107316
19/10/2011,44.14,44.32,43.52,43.64,163966
20/10/2011,43.65,43.77,42.99,43.58,73990
21/10/2011,44.1,44.62,44.1,44.62,88425
24/10/2011,44.76,45.4,44.72,45.3,209786
25/10/2011,45.15,45.15,44.41,44.49,98112
26/10/2011,45.1,45.22,44.2,45.12,175317
27/10/2011,46.54,47.49,46.37,47.11,311890
28/10/2011,46.79,46.99,46.64,46.96,136340
31/10/2011,46.09,46.16,45.23,45.23,99722
01/11/2011,43.87,44.49,43.53,43.93,210436
02/11/2011,44.51,44.89,44.27,44.71,129787
03/11/2011,45.3,45.69,44.54,45.62,116333
04/11/2011,45.19,45.29,44.78,45.24,121866
07/11/2011,45.23,45.53,44.86,45.45,51629
08/11/2011,45.54,46.09,45.29,46.01,164207
09/11/2011,44.54,44.64,43.8,43.89,389166
10/11/2011,44.52,44.59,43.93,44.35,50928
11/11/2011,44.97,45.42,44.97,45.33,32528
14/11/2011,45.04,45.07,44.43,44.65,99033
15/11/2011,44.55,44.98,44.36,44.67,66477
16/11/2011,44.26,44.8,43.94,43.99,643108
17/11/2011,43.96,44.16,42.97,43.27,89171
18/11/2011,43.68,43.68,43.11,43.31,50620
21/11/2011,42.54,42.56,41.94,42.32,166974
22/11/2011,42.31,42.54,42,42.26,126653
23/11/2011,41.7,41.79,41.1,41.15,247063
25/11/2011,41.02,41.53,40.75,41.02,107871
28/11/2011,42.56,42.69,42.2,42.56,120164
29/11/2011,42.62,42.93,42.44,42.71,219690
30/11/2011,44.13,44.74,44.03,44.67,238170
01/12/2011,44.54,44.89,44.33,44.47,176823
02/12/2011,44.97,45.07,44.43,44.45,136749
05/12/2011,45.13,45.33,44.71,44.98,181918
06/12/2011,44.88,45.05,44.6,44.87,124274
07/12/2011,44.61,45.22,44.36,45.02,115489
08/12/2011,44.43,44.58,43.7,43.8,234759
09/12/2011,43.98,44.74,43.98,44.62,95802
12/12/2011,43.91,43.91,43.25,43.58,122002
13/12/2011,43.88,44.08,42.95,43.12,142486
14/12/2011,42.93,43.05,42.4,42.59,412005
15/12/2011,43.01,43.12,42.64,42.75,299098
16/12/2011,43,43.24,42.63,42.82,500514
19/12/2011,42.91,42.99,42.21,42.3,198326
20/12/2011,43,43.76,42.93,43.66,436376
21/12/2011,42.55,42.64,42.11,42.54,343642
22/12/2011,42.71,43.07,42.66,43.03,242682
23/12/2011,43.13,43.38,43.02,43.29,283091
27/12/2011,43.18,43.36,43.17,43.23,266836
28/12/2011,43.17,43.19,42.5,42.58,406851
29/12/2011,42.57,43.15,42.57,43.08,309948
30/12/2011,42.98,43.27,42.98,43.18,197961
03/01/2012,44.01,44.24,43.99,43.99,233473
04/01/2012,43.78,44.04,43.65,43.99,142978
05/01/2012,43.62,43.88,43.34,43.76,86766
06/01/2012,43.72,43.72,43.36,43.43,57196
09/01/2012,43.61,43.68,43.31,43.58,204311
10/01/2012,44.24,44.33,44.15,44.25,130353
11/01/2012,44,44.23,43.89,44.19,94109
12/01/2012,44.32,44.39,44,44.33,200091
13/01/2012,43.85,43.97,43.53,43.94,86566
17/01/2012,44.42,44.6,44.21,44.31,233448
18/01/2012,44.4,44.92,44.4,44.9,318573
19/01/2012,45.11,45.36,45,45.3,220039
20/01/2012,45.27,45.4,45.15,45.4,99433
23/01/2012,45.51,45.7,45.3,45.45,445161
24/01/2012,45.08,45.34,44.95,45.28,227425
25/01/2012,45.25,45.89,45.02,45.83,136538
26/01/2012,46.07,46.21,45.53,45.66,186072
27/01/2012,45.57,45.84,45.56,45.72,109233
30/01/2012,45.26,45.52,45.04,45.44,186254
31/01/2012,45.78,45.83,45.25,45.54,264569
01/02/2012,46.07,46.43,46,46.17,269510
02/02/2012,46.33,46.49,46.2,46.35,302017
03/02/2012,46.71,47.04,46.66,47,144330
06/02/2012,46.71,46.89,46.65,46.88,89064
07/02/2012,46.78,47.07,46.58,47.04,121798
08/02/2012,47.15,47.3,46.91,47.22,128903
09/02/2012,47.26,47.32,47.02,47.28,85096
10/02/2012,46.65,46.7,46.47,46.65,121517
13/02/2012,47.14,47.19,46.92,47.06,162625
14/02/2012,46.94,46.95,46.55,46.87,68206
15/02/2012,47.15,47.17,46.74,46.78,64450
16/02/2012,46.8,47.42,46.71,47.42,72120
17/02/2012,47.58,47.63,47.35,47.55,35376
21/02/2012,47.67,47.78,47.45,47.57,94475
22/02/2012,47.53,47.53,47.33,47.43,96534
23/02/2012,47.44,47.67,47.16,47.6,201511
24/02/2012,47.77,47.99,47.76,47.87,84165
27/02/2012,47.43,47.91,47.26,47.75,203655
28/02/2012,47.83,48.06,47.72,48.02,149611
29/02/2012,48.2,48.32,47.62,47.71,369998
01/03/2012,47.89,48.23,47.86,48.17,203819
02/03/2012,47.9,47.99,47.66,47.82,446748
05/03/2012,47.69,47.69,47.31,47.52,951074
06/03/2012,46.69,46.69,46.2,46.35,425044
07/03/2012,46.56,46.93,46.49,46.86,266258
08/03/2012,47.36,47.74,47.27,47.64,179358
09/03/2012,47.6,47.8,47.5,47.6,87859
12/03/2012,47.57,47.67,47.38,47.52,142490
13/03/2012,47.72,48.38,47.71,48.36,120083
14/03/2012,48.33,48.38,47.99,48.18,356238
15/03/2012,48.25,48.52,48.14,48.47,226591
16/03/2012,48.71,48.75,48.6,48.63,95555
19/03/2012,48.58,48.96,48.52,48.77,99075
20/03/2012,48.3,48.44,48.1,48.39,98491
21/03/2012,48.38,48.4,48.11,48.3,96276
22/03/2012,47.78,47.91,47.62,47.73,237645
23/03/2012,47.78,48.11,47.61,48.1,319639
26/03/2012,48.42,48.83,48.42,48.81,190574
27/03/2012,48.81,48.82,48.52,48.52,136930
28/03/2012,48.53,48.55,47.92,48.16,110239
29/03/2012,47.83,48.08,47.55,48.08,356932
30/03/2012,48.39,48.39,48.05,48.27,478816
02/04/2012,48.23,48.97,48.12,48.77,272333
03/04/2012,48.76,48.76,48.11,48.31,67365
04/04/2012,47.74,47.8,47.4,47.57,176759
05/04/2012,47.34,47.68,47.34,47.47,143333
09/04/2012,46.99,47.23,46.67,47.06,563415
10/04/2012,46.96,47.06,46.02,46.12,320295
11/04/2012,46.81,46.84,46.59,46.65,115319
12/04/2012,46.85,47.5,46.81,47.46,145715
13/04/2012,47.12,47.16,46.68,46.68,116093
16/04/2012,47.02,47.07,46.6,46.84,64065
17/04/2012,47.13,47.6,47.09,47.56,48748
18/04/2012,47.26,47.45,47.18,47.27,103928
19/04/2012,47.33,47.48,46.83,47.06,126589
20/04/2012,47.39,47.52,47.21,47.21,123946
23/04/2012,46.66,46.66,46.26,46.6,698562
24/04/2012,46.61,46.95,46.61,46.77,63501
25/04/2012,47.28,47.53,47.19,47.4,210418
26/04/2012,47.35,47.82,47.27,47.8,488268
27/04/2012,47.92,48.03,47.66,47.9,300598
30/04/2012,47.8,47.8,47.56,47.7,106366
01/05/2012,47.6,48.2,47.6,47.94,71509
02/05/2012,47.59,47.77,47.46,47.76,157752
03/05/2012,47.71,47.75,47.22,47.36,259225
04/05/2012,47.08,47.1,46.5,46.52,495147
07/05/2012,46.43,46.81,46.4,46.72,164345
08/05/2012,46.36,46.36,45.75,46.25,151199
09/05/2012,45.62,46.09,45.38,45.81,108018
10/05/2012,46.15,46.2,45.85,45.93,522956
11/05/2012,45.59,46.16,45.53,45.78,202254
14/05/2012,45.2,45.31,44.98,45.03,291010
15/05/2012,44.94,45.11,44.54,44.65,269023
16/05/2012,44.72,44.88,44.27,44.3,118874
17/05/2012,44.3,44.3,43.68,43.69,174724
18/05/2012,43.76,43.89,43.23,43.32,158457
21/05/2012,43.47,44.15,43.47,44.13,144162
22/05/2012,44.2,44.49,43.81,44.05,79507
23/05/2012,43.69,43.92,43.1,43.9,232844
24/05/2012,43.98,44,43.46,43.77,106262
25/05/2012,43.75,43.85,43.56,43.68,95154
29/05/2012,44.15,44.41,43.93,44.28,191493
30/05/2012,43.8,43.82,43.41,43.41,343527
31/05/2012,43.54,43.64,43.07,43.44,93303
01/06/2012,42.85,42.86,42.43,42.45,517309
04/06/2012,42.69,42.76,42.19,42.56,297407
05/06/2012,42.5,42.84,42.49,42.78,76327
06/06/2012,43.25,43.96,43.14,43.95,69723
07/06/2012,44.6,44.6,43.87,43.95,97357
08/06/2012,43.61,44.06,43.44,44.01,188495
11/06/2012,44.37,44.48,43.39,43.44,88906
12/06/2012,43.69,44.08,43.41,44.08,252424
13/06/2012,43.88,44.14,43.6,43.72,80216
14/06/2012,43.81,44.18,43.66,44.03,144454
15/06/2012,44.33,44.62,44.18,44.58,117905
18/06/2012,44.47,44.75,44.33,44.62,103020
19/06/2012,44.98,45.49,44.97,45.26,139931
20/06/2012,45.39,45.6,44.99,45.33,296759
21/06/2012,45.3,45.34,44.12,44.15,64583
22/06/2012,44.53,44.63,44.24,44.57,47975
25/06/2012,44,44.02,43.56,43.69,73131
26/06/2012,43.83,44.09,43.6,43.94,82409
27/06/2012,44.14,44.46,44.07,44.37,61116
28/06/2012,44.04,44.27,43.73,44.24,65860
29/06/2012,45.49,45.68,45.27,45.67,116292
02/07/2012,45.74,45.88,45.47,45.84,128217
03/07/2012,45.94,46.36,45.94,46.33,73209
05/07/2012,45.95,46.07,45.69,45.89,81060
06/07/2012,45.5,45.52,45.12,45.39,206579
09/07/2012,45.28,45.29,45.01,45.27,82032
10/07/2012,45.49,45.5,44.8,44.91,81475
11/07/2012,44.97,45.16,44.76,45,78097
12/07/2012,44.6,44.73,44.25,44.55,124627
13/07/2012,44.69,45.38,44.69,45.26,135615
16/07/2012,45.18,45.34,44.97,45.25,56665
17/07/2012,45.46,45.56,44.96,45.53,47827
18/07/2012,45.35,45.86,45.35,45.77,89077
19/07/2012,45.92,46.16,45.85,46.05,244802
20/07/2012,45.55,45.6,45.33,45.39,159783
23/07/2012,44.56,44.83,44.25,44.75,66958
24/07/2012,44.75,44.75,43.95,44.25,88243
25/07/2012,44.54,44.57,44.16,44.4,119834
26/07/2012,45.22,45.44,45.07,45.36,88527
27/07/2012,45.58,46.43,45.58,46.28,97589
30/07/2012,46.13,46.34,46.11,46.17,50544
31/07/2012,46.24,46.42,46,46,218083
01/08/2012,46.23,46.27,45.82,45.86,102393
02/08/2012,45.54,45.81,45.09,45.4,74415
03/08/2012,46.17,46.69,46.17,46.54,70302
06/08/2012,46.7,46.97,46.67,46.77,128086
07/08/2012,47.03,47.31,46.96,47.1,102063
08/08/2012,46.9,47.21,46.9,47.06,188714
09/08/2012,46.97,47.31,46.97,47.16,54974
10/08/2012,46.88,47.27,46.82,47.25,53335
13/08/2012,47.2,47.25,46.9,47.14,43369
14/08/2012,47.36,47.36,47.07,47.16,48356
15/08/2012,47.09,47.25,47.07,47.19,130067
16/08/2012,47.33,47.74,47.2,47.66,206664
17/08/2012,47.68,47.75,47.54,47.7,189071
20/08/2012,47.6,47.69,47.39,47.64,107893
21/08/2012,47.76,48.08,47.56,47.65,98026
22/08/2012,47.43,47.68,47.29,47.61,118520
23/08/2012,47.55,47.55,47.23,47.29,51903
24/08/2012,47.17,47.51,47.01,47.37,185127
27/08/2012,47.44,47.55,47.3,47.35,126637
28/08/2012,47.2,47.46,47.2,47.36,98858
29/08/2012,47.41,47.41,47.17,47.28,114480
30/08/2012,47.08,47.08,46.73,46.81,84752
31/08/2012,47.2,47.34,46.91,47.14,79282
04/09/2012,47.17,47.2,46.85,47.09,138265
05/09/2012,47.06,47.2,46.86,47.02,540014
06/09/2012,47.35,48.1,47.35,48.1,417653
07/09/2012,48.28,48.57,48.28,48.56,405055
10/09/2012,48.45,48.54,48.19,48.21,221701
11/09/2012,48.32,48.64,48.32,48.51,111590
12/09/2012,48.78,48.87,48.58,48.71,70322
13/09/2012,48.72,49.67,48.59,49.56,288147
14/09/2012,49.78,50.34,49.77,49.94,318178
17/09/2012,49.9,49.91,49.56,49.69,111781
18/09/2012,49.57,49.62,49.41,49.53,100258
19/09/2012,49.64,49.74,49.46,49.63,58780
20/09/2012,49.31,49.42,49,49.38,251844
21/09/2012,49.78,49.78,49.33,49.38,156824
24/09/2012,48.62,48.77,48.5,48.68,75216
25/09/2012,48.91,48.96,48.26,48.28,212754
26/09/2012,48.16,48.17,47.77,47.91,175863
27/09/2012,48.26,48.58,48.04,48.51,342112
28/09/2012,48.28,48.28,47.89,48.03,251118
01/10/2012,48.27,48.7,48.23,48.27,606620
02/10/2012,48.62,48.68,48.27,48.46,230143
03/10/2012,48.47,48.52,48.2,48.4,67714
04/10/2012,48.64,48.84,48.52,48.83,109987
05/10/2012,49.15,49.26,48.72,48.85,93759
08/10/2012,48.51,48.65,48.51,48.63,47984
09/10/2012,48.5,48.5,48.06,48.08,316226
10/10/2012,48,48.08,47.73,47.83,70773
11/10/2012,48.2,48.39,48.05,48.06,102131
12/10/2012,48.09,48.15,47.77,47.86,52516
15/10/2012,48.04,48.31,47.88,48.29,119727
16/10/2012,48.61,48.92,48.6,48.91,209943
17/10/2012,48.97,49.25,48.88,49.2,207627
18/10/2012,49.04,49.35,48.94,49.1,62577
19/10/2012,48.96,48.96,48.25,48.34,60287
22/10/2012,48.52,48.6,48.2,48.54,91291
23/10/2012,47.82,47.83,47.41,47.69,153762
24/10/2012,48,48.03,47.62,47.64,91402
25/10/2012,48.06,48.21,47.68,47.94,252107
26/10/2012,47.87,47.97,47.6,47.79,45566
31/10/2012,47.96,48,47.62,47.74,210213
01/11/2012,48.01,48.46,47.87,48.45,366591
02/11/2012,48.58,48.6,47.94,47.94,145989
05/11/2012,47.98,48.1,47.8,48.01,203609
06/11/2012,48.19,48.48,48.11,48.41,85650
07/11/2012,48.01,48.01,47.27,47.51,174937
08/11/2012,47.51,47.68,46.98,47.03,225080
09/11/2012,46.89,47.38,46.83,47.05,305565
12/11/2012,47.25,47.25,47.01,47.09,163059
13/11/2012,46.76,47.19,46.69,46.8,319272
14/11/2012,46.86,46.98,46.15,46.25,1250429
15/11/2012,46.37,46.47,46.03,46.18,273411
16/11/2012,46.28,46.41,45.83,46.33,120828
19/11/2012,46.92,47.31,46.83,47.31,274649
20/11/2012,47.15,47.32,46.95,47.25,122432
21/11/2012,47.28,47.41,47.22,47.41,86479
23/11/2012,48.05,48.17,47.85,48.17,65636
26/11/2012,47.94,48.06,47.8,48.05,601037
27/11/2012,47.93,48.1,47.75,47.76,188479
28/11/2012,47.57,48.27,47.37,48.17,457171
29/11/2012,48.41,48.54,48.2,48.43,511111
30/11/2012,48.51,48.57,48.31,48.47,102132
03/12/2012,48.79,48.79,48.34,48.35,176732
04/12/2012,48.46,48.57,48.28,48.41,140943
05/12/2012,48.41,48.81,48.31,48.55,158444
06/12/2012,48.63,48.75,48.54,48.74,278241
07/12/2012,48.72,48.89,48.62,48.84,91105
10/12/2012,48.76,48.91,48.72,48.86,192447
11/12/2012,49,49.33,49,49.24,305860
12/12/2012,49.28,49.62,49.27,49.33,209405
13/12/2012,49.31,49.38,48.93,49.02,189888
14/12/2012,49.09,49.21,48.93,49.05,140702
17/12/2012,49.01,49.48,49.01,49.46,222352
18/12/2012,49.42,50,49.4,49.95,1411927
19/12/2012,50.03,50.13,49.82,49.85,211093
20/12/2012,49.45,49.66,49.36,49.61,345910
21/12/2012,48.86,49.24,48.8,49.19,546902
24/12/2012,49.2,49.24,49,49.11,229874
26/12/2012,49.15,49.32,48.89,49.03,358518
27/12/2012,49.22,49.22,48.65,49.08,453171
28/12/2012,48.85,49,48.64,48.78,411318
31/12/2012,48.78,49.5,48.73,49.42,292968
02/01/2013,50.22,50.5,50.16,50.5,722373
03/01/2013,50.2,50.52,50.13,50.22,348121
04/01/2013,50.22,50.5,50.13,50.46,379775
07/01/2013,50.24,50.26,50.04,50.2,892421
08/01/2013,50.19,50.21,49.84,50.01,1737554
09/01/2013,50.12,50.31,50.1,50.23,673813
10/01/2013,50.61,50.79,50.39,50.76,433047
11/01/2013,50.71,50.76,50.51,50.73,410912
14/01/2013,50.74,50.79,50.54,50.76,226272
15/01/2013,50.38,50.73,50.38,50.71,201805
16/01/2013,50.56,50.65,50.45,50.61,437993
17/01/2013,50.9,51.08,50.78,50.94,296338
18/01/2013,50.95,51.03,50.73,50.99,384524
22/01/2013,50.92,51.19,50.85,51.19,1123988
23/01/2013,51.13,51.2,51.01,51.15,241879
24/01/2013,51.2,51.43,51.03,51.25,507355
25/01/2013,51.48,51.53,51.29,51.53,154890
28/01/2013,51.5,51.53,51.2,51.33,183725
29/01/2013,51.4,51.66,51.33,51.61,221162
30/01/2013,51.73,51.75,51.49,51.54,180761
31/01/2013,51.43,51.58,51.31,51.4,236780
01/02/2013,51.74,51.95,51.6,51.88,257072
04/02/2013,51.52,51.57,51.11,51.15,717222
05/02/2013,51.29,51.64,51.29,51.5,189608
06/02/2013,51.27,51.55,51.21,51.55,263798
07/02/2013,51.53,51.53,50.95,51.28,250033
08/02/2013,51.49,51.61,51.44,51.59,230513
11/02/2013,51.6,51.6,51.4,51.52,287877
12/02/2013,51.58,51.8,51.5,51.68,191730
13/02/2013,51.89,51.96,51.69,51.78,185287
14/02/2013,51.58,51.75,51.5,51.7,276578
15/02/2013,51.78,51.78,51.44,51.57,294910
19/02/2013,51.87,52.07,51.8,52.02,399072
20/02/2013,52.11,52.13,51.41,51.43,249789
21/02/2013,51.17,51.17,50.7,50.9,201486
22/02/2013,51.24,51.42,51.06,51.42,132059
25/02/2013,51.86,51.86,50.45,50.46,304701
26/02/2013,50.82,50.91,50.36,50.78,269356
27/02/2013,50.7,51.48,50.63,51.34,179798
28/02/2013,51.41,51.61,51.24,51.24,453429
01/03/2013,51,51.38,50.85,51.37,365686
04/03/2013,51.21,51.5,51.11,51.49,352699
05/03/2013,51.77,52.07,51.77,51.97,301043
06/03/2013,52.11,52.23,51.94,52.05,424736
07/03/2013,52.19,52.29,52.16,52.24,155436
08/03/2013,52.42,52.48,52.18,52.45,412355
11/03/2013,52.46,52.61,52.31,52.6,77929
12/03/2013,52.51,52.58,52.22,52.33,191081
13/03/2013,52.36,52.41,52.13,52.3,123071
14/03/2013,52.45,52.7,52.4,52.67,187902
15/03/2013,52.65,52.69,52.47,52.52,296596
18/03/2013,52,52.43,51.9,52.18,195022
19/03/2013,52.23,52.3,51.53,51.82,2029024
20/03/2013,52.33,52.39,52.15,52.27,244661
21/03/2013,51.99,52.13,51.78,51.86,402013
22/03/2013,51.91,52.06,51.83,52.05,137340
25/03/2013,52.18,52.23,51.52,51.74,185397
26/03/2013,51.96,52.15,51.92,52.13,122424
27/03/2013,51.78,52.13,51.65,52.07,166742
28/03/2013,52.1,52.34,52.02,52.28,273675
01/04/2013,52.23,52.24,51.7,51.83,467269
02/04/2013,52.02,52.33,52.02,52.14,276723
03/04/2013,52.26,52.28,51.5,51.57,188632
04/04/2013,51.7,51.96,51.62,51.86,127464
05/04/2013,51.11,51.76,51.11,51.69,221164
08/04/2013,51.73,51.95,51.56,51.94,182361
09/04/2013,52,52.32,51.85,52.1,139723
10/04/2013,52.37,52.85,52.37,52.81,308958
11/04/2013,52.98,53.23,52.9,53.07,225502
12/04/2013,52.84,52.85,52.54,52.84,164007
15/04/2013,52.5,52.51,51.53,51.53,208116
16/04/2013,52.14,52.41,51.94,52.37,312198
17/04/2013,51.98,51.98,51.2,51.44,451171
18/04/2013,51.63,51.63,51.07,51.2,181999
19/04/2013,51.51,51.78,51.45,51.77,177416
22/04/2013,51.85,52.02,51.45,51.94,150776
23/04/2013,52.26,52.54,52.14,52.52,381553
24/04/2013,52.6,52.88,52.55,52.74,259060
25/04/2013,52.98,53.26,52.94,53.04,186362
26/04/2013,52.94,53.01,52.77,52.9,65512
29/04/2013,53.21,53.51,53.13,53.42,185554
30/04/2013,53.49,53.68,53.27,53.68,201954
01/05/2013,53.51,53.66,53.1,53.16,250557
02/05/2013,53.29,53.65,53.27,53.57,297089
03/05/2013,53.96,54.31,53.96,54.15,158906
06/05/2013,54.13,54.27,54.05,54.21,262997
07/05/2013,54.36,54.46,54.15,54.44,146749
08/05/2013,54.55,54.85,54.5,54.82,258984
09/05/2013,54.79,54.88,54.44,54.55,188675
10/05/2013,54.44,54.6,54.27,54.57,165779
13/05/2013,54.55,54.59,54.35,54.53,386247
14/05/2013,54.5,54.92,54.5,54.88,189849
15/05/2013,54.84,55.19,54.8,55.09,142927
16/05/2013,55.01,55.14,54.75,54.8,167039
17/05/2013,54.98,55.25,54.87,55.25,256719
20/05/2013,55.28,55.45,55.2,55.31,273794
21/05/2013,55.33,55.53,55.1,55.39,343996
22/05/2013,55.55,55.93,54.65,54.83,486108
23/05/2013,54.01,54.58,53.6,54.58,396556
24/05/2013,54.07,54.25,53.83,54.25,704937
28/05/2013,54.64,54.97,54.33,54.46,284217
29/05/2013,54.28,54.28,53.85,54.05,461499
30/05/2013,54.17,54.46,54.09,54.31,220761
31/05/2013,53.97,54.1,53.38,53.38,185571
03/06/2013,53.45,53.72,53.21,53.71,532320
04/06/2013,53.69,53.91,53.24,53.51,174080
05/06/2013,53.3,53.34,52.6,52.61,226744
06/06/2013,52.67,53.05,52.42,53.05,214270
07/06/2013,53.16,53.55,53.01,53.53,96602
10/06/2013,53.81,53.81,53.4,53.56,264973
11/06/2013,52.94,53.2,52.68,52.85,385431
12/06/2013,53.25,53.39,52.49,52.56,210216
13/06/2013,52.63,53.41,52.47,53.34,132290
14/06/2013,53.24,53.38,52.77,52.88,113526
17/06/2013,53.47,53.71,53.16,53.43,200847
18/06/2013,53.5,53.89,53.46,53.83,330321
19/06/2013,53.77,53.77,52.83,52.88,256174
20/06/2013,52.14,52.15,51.15,51.27,368289
21/06/2013,51.6,51.76,50.91,51.37,356774
24/06/2013,50.21,50.54,49.75,50.13,415354
25/06/2013,50.78,50.88,50.3,50.8,324832
26/06/2013,50.99,51.29,50.95,51.19,196088
27/06/2013,51.64,51.86,51.6,51.72,258735
28/06/2013,51.51,51.86,51.39,51.51,311745
01/07/2013,51.92,52.21,51.84,51.94,343709
02/07/2013,51.96,52.18,51.46,51.65,626666
03/07/2013,51.4,51.81,51.27,51.73,208983
05/07/2013,51.94,52.1,51.63,52.1,338166
08/07/2013,52.3,52.45,52.2,52.3,187028
09/07/2013,52.68,52.73,52.39,52.65,111126
10/07/2013,52.62,52.99,52.59,52.72,147814
11/07/2013,53.55,53.93,53.43,53.88,362092
12/07/2013,53.63,53.83,53.61,53.75,112561
15/07/2013,53.94,54.07,53.81,54.03,139654
16/07/2013,54.01,54.01,53.71,53.87,122858
17/07/2013,54.18,54.26,54.02,54.09,193571
18/07/2013,54.16,54.44,54.12,54.37,275313
19/07/2013,54.28,54.4,54.1,54.37,127600
22/07/2013,54.44,54.63,54.39,54.62,113599
23/07/2013,54.69,54.79,54.58,54.65,288416
24/07/2013,54.88,54.88,54.31,54.47,171230
25/07/2013,54.3,54.61,54.18,54.58,264536
26/07/2013,54.34,54.45,53.99,54.44,458445
29/07/2013,54.27,54.28,54.03,54.15,211046
30/07/2013,54.34,54.38,53.98,54.11,159690
31/07/2013,54.24,54.57,54.12,54.17,134341
01/08/2013,54.73,54.94,54.7,54.89,694933
02/08/2013,54.9,55.05,54.75,55.05,206134
05/08/2013,54.98,54.98,54.78,54.93,102236
06/08/2013,54.9,54.9,54.55,54.67,118491
07/08/2013,54.5,54.5,54.28,54.36,232315
08/08/2013,54.77,54.9,54.47,54.85,186399
09/08/2013,54.8,54.94,54.64,54.81,72115
12/08/2013,54.65,54.86,54.57,54.78,303868
13/08/2013,54.92,55.1,54.65,55.04,124960
14/08/2013,55.07,55.12,54.9,54.92,153023
15/08/2013,54.36,54.41,53.95,54.28,241425
16/08/2013,54.33,54.42,54.14,54.21,115023
19/08/2013,54.19,54.19,53.77,53.77,126018
20/08/2013,53.77,54.1,53.65,53.94,112529
21/08/2013,53.73,53.93,53.2,53.38,141393
22/08/2013,53.56,53.95,53.56,53.86,111317
23/08/2013,54.03,54.24,53.93,54.21,119610
26/08/2013,54.25,54.3,53.95,53.96,659764
27/08/2013,53.5,53.51,52.97,53.01,343268
28/08/2013,52.99,53.3,52.79,53.09,113407
29/08/2013,53.04,53.4,53.04,53.12,492614
30/08/2013,53.15,53.17,52.75,52.84,177698
03/09/2013,53.52,53.75,53.19,53.32,1107245
04/09/2013,53.47,53.92,53.37,53.87,121095
05/09/2013,53.67,54.03,53.67,53.98,196073
06/09/2013,54.18,54.37,53.69,54.12,50301
09/09/2013,54.44,54.88,54.43,54.86,143873
10/09/2013,55.36,55.39,55.17,55.39,245742
11/09/2013,55.32,55.56,55.19,55.55,270192
12/09/2013,55.48,55.52,55.24,55.26,118721
13/09/2013,55.42,55.47,55.22,55.44,159987
16/09/2013,56,56.22,55.8,55.83,265702
17/09/2013,55.83,56,55.83,55.96,128030
18/09/2013,56.07,57.15,55.87,57.06,210750
19/09/2013,57.17,57.2,56.75,56.88,216726
20/09/2013,56.93,56.93,56.36,56.37,238925
23/09/2013,56.01,56.2,55.87,56.04,220213
24/09/2013,56.09,56.26,55.85,55.94,207877
25/09/2013,55.85,56.1,55.81,55.89,440839
26/09/2013,56.1,56.28,55.91,56.07,246530
27/09/2013,55.97,55.97,55.7,55.89,245208
30/09/2013,55.19,55.66,55.19,55.55,298330
01/10/2013,55.66,56.04,55.63,55.99,333595
02/10/2013,55.81,55.95,55.55,55.91,369689
03/10/2013,55.93,55.93,55.33,55.58,752665
04/10/2013,55.68,55.88,55.47,55.81,366224
07/10/2013,55.35,55.61,55.23,55.36,227964
08/10/2013,55.45,55.5,54.76,54.77,336213
09/10/2013,55.07,55.09,54.55,54.88,246160
10/10/2013,55.58,56.02,55.5,56.01,293018
11/10/2013,56.03,56.4,55.96,56.4,844318
14/10/2013,56.06,56.6,56,56.54,160548
15/10/2013,56.47,56.49,56.11,56.15,237464
16/10/2013,56.41,56.77,56.4,56.77,500354
17/10/2013,56.84,57.37,56.78,57.33,379071
18/10/2013,57.4,57.72,57.4,57.67,381101
21/10/2013,57.75,57.77,57.59,57.72,377486
22/10/2013,58.03,58.34,57.96,58.14,365590
23/10/2013,57.82,57.82,57.5,57.63,448705
24/10/2013,57.92,57.99,57.73,57.94,129502
25/10/2013,58,58,57.78,58,298157
28/10/2013,58,58.09,57.86,57.99,299363
29/10/2013,58.12,58.15,57.99,58.13,166555
30/10/2013,58.22,58.26,57.68,57.91,308731
31/10/2013,57.96,57.98,57.6,57.61,284998
01/11/2013,57.6,57.72,57.28,57.58,519582
04/11/2013,57.55,57.91,57.55,57.91,263669
05/11/2013,57.53,57.6,57.3,57.48,167328
06/11/2013,57.87,57.92,57.64,57.75,199919
07/11/2013,57.83,57.83,56.93,56.94,201507
08/11/2013,56.9,57.46,56.87,57.44,358881
11/11/2013,57.49,57.54,57.37,57.48,171044
12/11/2013,57.44,57.45,57.16,57.32,125998
13/11/2013,56.97,57.65,56.95,57.64,93247
14/11/2013,57.71,57.97,57.61,57.91,160636
15/11/2013,58,58.36,58,58.33,338431
18/11/2013,58.54,58.66,58.19,58.3,345962
19/11/2013,58.2,58.35,58.03,58.11,218045
20/11/2013,58.23,58.33,57.69,57.83,225259
21/11/2013,57.81,58.22,57.81,58.22,203499
22/11/2013,58.08,58.45,58.08,58.44,175909
25/11/2013,58.44,58.45,58.18,58.22,153788
26/11/2013,58.26,58.36,58.1,58.24,379020
27/11/2013,58.16,58.49,58.16,58.46,286353
29/11/2013,58.53,58.74,58.49,58.5,203114
02/12/2013,58.45,58.45,58.07,58.1,498671
03/12/2013,57.98,57.98,57.58,57.79,289530
04/12/2013,57.52,57.74,57.2,57.58,292196
05/12/2013,57.48,57.6,57.31,57.37,347603
06/12/2013,57.84,58.13,57.79,58.06,207870
09/12/2013,58.19,58.2,58.03,58.11,294435
10/12/2013,58.01,58.15,57.95,58.02,193410
11/12/2013,58.07,58.07,57.3,57.35,221360
12/12/2013,57.25,57.34,56.9,57.08,269260
13/12/2013,57.18,57.19,56.9,57.06,176491
16/12/2013,57.27,57.61,57.26,57.49,331482
17/12/2013,57.49,57.5,57.11,57.26,273708
18/12/2013,57.48,58.15,56.96,58.05,442246
19/12/2013,58.03,58.09,57.73,58.06,1034242
20/12/2013,57.85,58.07,57.8,58.01,445959
23/12/2013,58.48,58.49,58.26,58.47,346184
24/12/2013,58.5,58.63,58.45,58.61,149186
26/12/2013,58.85,58.87,58.75,58.82,264711
27/12/2013,59,59.1,58.9,59,262090
30/12/2013,59.09,59.17,59.01,59.16,255105
31/12/2013,59.3,59.44,59.21,59.4,593421
02/01/2014,59,59.05,58.38,58.52,584328
03/01/2014,58.68,58.83,58.5,58.58,323700
06/01/2014,58.78,58.87,58.35,58.42,253012
07/01/2014,58.68,58.76,58.58,58.69,231716
08/01/2014,58.76,58.82,58.52,58.7,443296
09/01/2014,58.82,58.83,58.35,58.69,297172
10/01/2014,58.95,59.09,58.71,59.09,282946
13/01/2014,58.83,59.04,58.33,58.43,397793
14/01/2014,58.71,58.98,58.5,58.96,233927
15/01/2014,59.06,59.26,59,59.14,423445
16/01/2014,59.31,59.31,58.93,59.16,195698
17/01/2014,59,59.16,58.87,58.94,246319
21/01/2014,59.14,59.39,58.83,59.1,385674
22/01/2014,59.11,59.32,59.06,59.25,743675
23/01/2014,58.98,59,58.45,58.71,481514
24/01/2014,58.17,58.19,57.19,57.19,793498
27/01/2014,57.2,57.34,56.56,56.89,340594
28/01/2014,57.13,57.44,57.09,57.36,337400
29/01/2014,57,57.18,56.65,56.78,403248
30/01/2014,57.2,57.45,57.01,57.35,341506
31/01/2014,56.65,57.06,56.4,56.76,1015956
03/02/2014,56.92,56.92,55.53,55.63,971612
04/02/2014,55.9,56.19,55.72,56.09,352059
05/02/2014,56,56.19,55.64,56.05,204163
06/02/2014,56.19,56.97,56.19,56.92,193401
07/02/2014,57.31,57.62,57.04,57.56,303484
10/02/2014,57.67,57.67,57.37,57.52,340145
11/02/2014,57.68,58.43,57.68,58.28,215592
12/02/2014,58.41,58.55,58.24,58.39,417054
13/02/2014,57.99,58.65,57.95,58.6,312054
14/02/2014,58.63,59.01,58.6,58.89,242921
18/02/2014,59.16,59.28,59,59.15,303336
19/02/2014,59.14,59.34,58.74,58.77,452074
20/02/2014,58.79,59.18,58.64,59.1,167741
21/02/2014,59.3,59.38,59.1,59.11,492636
24/02/2014,59.18,59.83,59.18,59.48,291262
25/02/2014,59.58,59.66,59.24,59.33,171701
26/02/2014,59.44,59.53,59.2,59.34,143958
27/02/2014,59.41,59.6,59.21,59.56,199742
28/02/2014,59.76,60.03,59.41,59.72,370700
03/03/2014,58.93,59.2,58.64,58.91,407500
04/03/2014,59.87,59.96,59.62,59.91,785424
05/03/2014,59.84,60,59.8,59.94,145887
06/03/2014,60.2,60.38,60.13,60.21,1073138
07/03/2014,60.33,60.43,59.82,60.02,285193
10/03/2014,59.89,59.89,59.49,59.75,461046
11/03/2014,59.92,59.97,59.35,59.44,305746
12/03/2014,59.21,59.4,58.91,59.38,186801
13/03/2014,59.56,59.58,58.43,58.58,235809
14/03/2014,58.4,58.78,58.32,58.52,332834
17/03/2014,58.86,59.19,58.8,59.02,380726
18/03/2014,59.2,59.54,59.13,59.47,248111
19/03/2014,59.5,59.5,58.6,58.89,307053
20/03/2014,58.84,59.1,58.51,59,109436
21/03/2014,59.33,59.45,58.83,58.9,169888
24/03/2014,59.19,59.23,58.57,58.85,486655
25/03/2014,58.89,59.01,58.6,58.88,269308
26/03/2014,59.1,59.28,58.64,58.64,345885
27/03/2014,58.64,58.94,58.56,58.79,244993
28/03/2014,59.14,59.42,59.07,59.16,399504
31/03/2014,59.54,59.75,59.52,59.67,381679
01/04/2014,59.89,60.15,59.84,60.11,422793
02/04/2014,60.1,60.25,60,60.2,382931
03/04/2014,60.15,60.22,59.85,60.07,440899
04/04/2014,60.37,60.43,59.48,59.55,312397
07/04/2014,59.6,59.67,58.97,59.14,143190
08/04/2014,59.1,59.45,59,59.36,193342
09/04/2014,59.49,60.06,59.42,60.06,331254
10/04/2014,60.03,60.03,58.84,58.95,214013
11/04/2014,58.76,58.95,58.41,58.49,485134
14/04/2014,58.68,58.96,58.45,58.81,689791
15/04/2014,58.81,58.95,58.04,58.8,237075
16/04/2014,59.27,59.42,59.07,59.42,1145449
17/04/2014,59.38,59.77,59.36,59.66,169200
21/04/2014,59.73,59.79,59.56,59.75,159399
22/04/2014,59.88,60.11,59.81,59.97,182868
23/04/2014,59.99,60.01,59.78,59.85,154362
24/04/2014,59.89,60.07,59.56,59.88,310088
25/04/2014,59.66,59.67,59.3,59.41,118873
28/04/2014,59.62,59.77,59.1,59.59,200350
29/04/2014,59.65,59.99,59.6,59.89,99081
30/04/2014,59.85,60.16,59.71,60.11,1324723
01/05/2014,60.22,60.34,60.04,60.23,145748
02/05/2014,60.15,60.45,60.15,60.25,152185
05/05/2014,60,60.28,59.77,60.26,301467
06/05/2014,60.28,60.28,59.95,59.99,266302
07/05/2014,60.2,60.25,59.75,60.24,140763
08/05/2014,60.29,60.53,60.03,60.15,106812
09/05/2014,60.15,60.19,59.85,60.17,94617
12/05/2014,60.52,60.75,60.45,60.7,239606
13/05/2014,60.8,60.8,60.62,60.67,244928
14/05/2014,60.65,60.74,60.45,60.52,115601
15/05/2014,60.46,60.57,59.84,60.09,189487
16/05/2014,60.29,60.37,60,60.36,174807
19/05/2014,60.25,60.45,60.17,60.42,89342
20/05/2014,60.35,60.4,59.88,60.02,142876
21/05/2014,60.24,60.47,60.23,60.43,255631
22/05/2014,60.5,60.76,60.49,60.67,165052
23/05/2014,60.77,60.95,60.72,60.93,212325
27/05/2014,61,61.34,61,61.21,196572
28/05/2014,61.24,61.26,61,61.1,138295
29/05/2014,61.27,61.47,61.18,61.47,271863
30/05/2014,61.46,61.46,61.23,61.34,317648
02/06/2014,61.49,61.59,61.32,61.58,222040
03/06/2014,61.45,61.5,61.31,61.49,110478
04/06/2014,61.4,61.56,61.26,61.55,132347
05/06/2014,61.73,62.04,61.5,62.01,337269
06/06/2014,62.23,62.37,62.14,62.35,159496
09/06/2014,62.33,62.49,62.25,62.42,191171
10/06/2014,62.38,62.38,62.14,62.37,165669
11/06/2014,62.23,62.23,62.05,62.15,212710
12/06/2014,62,62.19,61.79,61.91,268389
13/06/2014,62,62.09,61.81,62.08,134621
16/06/2014,62.01,62.13,61.9,62.04,93584
17/06/2014,61.96,62.19,61.87,62.16,211249
18/06/2014,62.16,62.58,62.01,62.52,387584
19/06/2014,62.71,62.78,62.52,62.63,127450
20/06/2014,62.77,62.77,62.62,62.73,126991
23/06/2014,62.67,62.69,62.51,62.63,568593
24/06/2014,62.26,62.36,61.82,61.86,339896
25/06/2014,61.76,62,61.7,61.97,381128
26/06/2014,62.08,62.08,61.59,61.96,378081
27/06/2014,61.88,62.19,61.88,62.17,190668
30/06/2014,62.16,62.3,62.09,62.23,1468141
01/07/2014,62.48,62.87,62.46,62.76,268614
02/07/2014,62.78,62.92,62.75,62.81,228144
03/07/2014,62.97,63.12,62.81,63.09,97599
07/07/2014,62.91,62.91,62.6,62.69,496347
08/07/2014,62.54,62.65,62.04,62.19,275814
09/07/2014,62.31,62.5,62.19,62.45,238869
10/07/2014,61.74,62.12,61.55,62.04,314901
11/07/2014,62.07,62.09,61.85,62.06,124494
14/07/2014,62.48,62.5,62.38,62.43,113425
15/07/2014,62.51,62.53,62.03,62.24,180425
16/07/2014,62.64,62.64,62.37,62.51,266682
17/07/2014,62.33,62.46,61.67,61.74,234578
18/07/2014,61.94,62.46,61.81,62.39,153427
21/07/2014,62.21,62.28,61.96,62.25,186575
22/07/2014,62.58,62.68,62.5,62.56,639494
23/07/2014,62.75,62.77,62.6,62.72,120001
24/07/2014,62.91,62.91,62.72,62.77,195618
25/07/2014,62.7,62.73,62.33,62.51,377154
28/07/2014,62.54,62.58,62.21,62.51,918980
29/07/2014,62.71,62.71,62.21,62.23,400434
30/07/2014,62.44,62.48,62.03,62.26,122615
31/07/2014,61.9,61.91,61.12,61.14,227593
01/08/2014,61.13,61.21,60.63,60.93,323071
04/08/2014,61.1,61.43,60.82,61.32,345590
05/08/2014,61.07,61.09,60.48,60.7,259604
06/08/2014,60.36,60.79,60.3,60.63,206813
07/08/2014,60.85,60.85,60.09,60.26,348477
08/08/2014,60.2,60.73,60.14,60.71,298568
11/08/2014,61,61.18,60.89,61,237371
12/08/2014,60.96,61.08,60.78,60.93,246919
13/08/2014,61.11,61.35,61.1,61.29,148600
14/08/2014,61.42,61.58,61.42,61.58,98752
15/08/2014,61.63,61.91,61.11,61.55,157670
18/08/2014,61.93,62.09,61.78,62.08,135225
19/08/2014,62.1,62.28,62.08,62.24,209009
20/08/2014,62.12,62.36,62.09,62.29,114042
21/08/2014,62.35,62.49,62.27,62.42,694116
22/08/2014,62.4,62.45,62.19,62.36,151676
25/08/2014,62.64,62.76,62.55,62.65,292888
26/08/2014,62.67,62.87,62.67,62.71,426482
27/08/2014,62.8,62.86,62.71,62.82,101116
28/08/2014,62.59,62.65,62.45,62.61,178403
29/08/2014,62.64,62.78,62.51,62.76,202515
02/09/2014,62.88,62.93,62.64,62.86,324769
03/09/2014,63.15,63.35,62.92,62.99,285876
04/09/2014,63.11,63.21,62.69,62.79,174027
05/09/2014,62.74,62.97,62.54,62.93,206998
08/09/2014,62.65,62.81,62.4,62.55,413074
09/09/2014,62.5,62.5,62.06,62.22,213256
10/09/2014,62.14,62.45,62.03,62.43,263978
11/09/2014,62.28,62.3,62,62.3,233782
12/09/2014,62.32,62.32,61.82,61.99,176618
15/09/2014,61.97,61.99,61.74,61.86,173747
16/09/2014,61.7,62.36,61.62,62.27,382727
17/09/2014,62.26,62.38,61.95,62.04,398070
18/09/2014,62.27,62.4,62.2,62.35,842219
19/09/2014,62.48,62.51,62.05,62.1,121721
22/09/2014,62.05,62.09,61.53,61.64,308222
23/09/2014,61.41,61.58,61.2,61.22,277279
24/09/2014,60.96,61.47,60.88,61.42,159673
25/09/2014,61.03,61.11,60.39,60.42,288652
26/09/2014,60.51,60.89,60.45,60.77,116837
29/09/2014,60.23,60.55,60.06,60.47,343011
30/09/2014,60.51,60.57,60.13,60.38,294584
01/10/2014,60.08,60.15,59.41,59.48,378619
02/10/2014,59.42,59.46,58.71,59.3,290716
03/10/2014,59.53,59.79,59.38,59.73,988323
06/10/2014,60.06,60.07,59.58,59.79,430302
07/10/2014,59.54,59.56,58.91,58.95,318696
08/10/2014,58.95,59.92,58.63,59.87,346112
09/10/2014,59.66,59.66,58.49,58.5,889066
10/10/2014,58.44,58.54,57.66,57.66,585795
13/10/2014,57.97,58.2,57.23,57.26,307435
14/10/2014,57.47,57.88,57.2,57.34,524813
15/10/2014,56.77,57.12,55.77,56.96,1341758
16/10/2014,55.94,57.3,55.8,56.89,754422
17/10/2014,57.54,57.87,57.37,57.6,432295
20/10/2014,57.6,58.12,57.51,58.1,369627
21/10/2014,58.41,59,58.35,58.94,380372
22/10/2014,58.94,59.09,58.42,58.42,375495
23/10/2014,59.04,59.38,58.9,59.04,278966
24/10/2014,59.14,59.38,58.9,59.35,463745
27/10/2014,59.12,59.33,58.88,59.27,171603
28/10/2014,59.51,60.04,59.5,60.04,526959
29/10/2014,60.18,60.26,59.54,59.83,342195
30/10/2014,59.68,60.31,59.58,60.16,306142
31/10/2014,60.92,60.99,60.63,60.95,637549
03/11/2014,60.89,60.92,60.63,60.73,366101
04/11/2014,60.58,60.59,60.16,60.51,336000
05/11/2014,60.74,60.74,60.39,60.65,361416
06/11/2014,60.67,60.72,60.39,60.69,1266610
07/11/2014,60.6,60.74,60.4,60.73,428774
10/11/2014,60.77,60.98,60.74,60.91,236512
11/11/2014,61.02,61.08,60.87,61.07,317609
12/11/2014,60.84,60.96,60.71,60.92,254036
13/11/2014,61,61.16,60.73,60.9,353162
14/11/2014,60.9,61.06,60.81,61.06,367003
17/11/2014,60.88,61,60.76,60.95,199355
18/11/2014,61.03,61.48,61.03,61.35,191780
19/11/2014,61.36,61.42,61,61.29,162286
20/11/2014,61,61.24,60.9,61.21,284235
21/11/2014,61.96,62,61.55,61.73,367337
24/11/2014,61.9,61.92,61.71,61.85,303019
25/11/2014,61.91,62,61.78,61.91,211200
26/11/2014,61.99,62.12,61.91,62.07,202129
28/11/2014,61.89,61.95,61.67,61.72,221161
01/12/2014,61.54,61.55,61.13,61.26,330715
02/12/2014,61.31,61.55,61.26,61.48,424039
03/12/2014,61.52,61.75,61.43,61.72,193742
04/12/2014,61.65,61.72,61.33,61.56,628190
05/12/2014,61.6,61.77,61.53,61.65,333438
08/12/2014,61.55,61.59,60.96,61.13,620755
09/12/2014,60.73,61.03,60.37,60.94,434214
10/12/2014,60.89,61,59.98,60.06,525379
11/12/2014,60.15,60.62,59.97,60.07,945393
12/12/2014,59.89,59.93,59.05,59.07,299525
15/12/2014,59.24,59.39,58.25,58.43,444589
16/12/2014,58.24,59.27,58.14,58.33,411017
17/12/2014,59.82,59.87,58.43,59.45,712083
18/12/2014,60.17,60.5,59.86,60.49,2592806
19/12/2014,60.51,60.89,60.4,60.69,494452
22/12/2014,60.25,60.66,60.25,60.66,470826
23/12/2014,60.68,60.77,60.58,60.63,371010
24/12/2014,60.79,60.91,60.7,60.8,300804
26/12/2014,60.92,61.17,60.9,61.07,451116
29/12/2014,60.9,61,60.81,60.91,385108
30/12/2014,60.75,62,60.55,60.59,851355
31/12/2014,60.76,60.76,60.06,60.12,389804
02/01/2015,60.16,60.43,59.71,59.96,527278
05/01/2015,59.65,59.66,58.69,58.8,790707
06/01/2015,58.91,59.02,58.01,58.21,691468
07/01/2015,58.68,59,58.49,58.96,334784
08/01/2015,59.37,59.92,59.12,59.85,370476
09/01/2015,59.9,59.9,59.25,59.45,652374
12/01/2015,59.59,59.59,58.87,59.14,379773
13/01/2015,59.66,59.94,58.75,59.18,637555
14/01/2015,58.75,58.96,58.33,58.91,358204
15/01/2015,59.3,59.37,58.7,58.72,281662
16/01/2015,58.63,59.47,58.62,59.44,252949
20/01/2015,59.75,59.81,59.16,59.55,771758
21/01/2015,59.68,60,59.42,59.99,424333
22/01/2015,60.18,60.73,59.77,60.68,373106
23/01/2015,60.56,60.56,60.23,60.23,459085
26/01/2015,60.45,60.72,60.15,60.64,346820
27/01/2015,60.2,60.53,60.01,60.26,735007
28/01/2015,60.67,60.67,59.45,59.5,792375
29/01/2015,59.66,60.08,59.26,60,668253
30/01/2015,59.58,59.84,59.1,59.14,244024
02/02/2015,59.52,60,59.09,59.93,588245
03/02/2015,60.27,60.84,60.14,60.8,471290
04/02/2015,60.71,60.95,60.48,60.53,400963
05/02/2015,60.76,61.25,60.71,61.25,528001
06/02/2015,61.06,61.15,60.53,60.68,485870
09/02/2015,60.53,60.73,60.38,60.52,217177
10/02/2015,60.87,61.08,60.54,61.03,187010
11/02/2015,60.83,61,60.55,60.89,187153
12/02/2015,61.27,61.68,61.25,61.66,451068
13/02/2015,61.81,62.05,61.73,62.05,274148
17/02/2015,62.05,62.22,61.83,62.12,372515
18/02/2015,62.12,62.34,62.03,62.32,171642
19/02/2015,62.12,62.41,62.05,62.24,480859
20/02/2015,62.19,62.79,61.97,62.74,420945
23/02/2015,62.53,62.62,62.37,62.58,277634
24/02/2015,62.6,62.89,62.41,62.8,320653
25/02/2015,62.8,62.9,62.66,62.79,340713
26/02/2015,62.81,62.9,62.55,62.69,278211
27/02/2015,62.78,62.89,62.63,62.66,550479
02/03/2015,62.71,62.9,62.63,62.88,307151
03/03/2015,62.8,62.81,62.34,62.55,497791
04/03/2015,62.3,62.3,61.9,62.19,181746
05/03/2015,62.44,62.47,62.18,62.28,545288
06/03/2015,62.2,62.24,61.42,61.51,396327
09/03/2015,61.63,61.73,61.41,61.63,236703
10/03/2015,61.02,61.07,60.5,60.51,466773
11/03/2015,60.68,60.68,60.39,60.54,258269
12/03/2015,60.99,61.29,60.98,61.28,311377
13/03/2015,61.01,61.06,60.51,60.89,256306
16/03/2015,61.13,61.65,61.13,61.63,202738
17/03/2015,61.4,61.61,61.2,61.53,217400
18/03/2015,61.45,62.7,61.33,62.56,215001
19/03/2015,62.19,62.28,61.93,62.08,378148
20/03/2015,62.59,63.07,62.41,62.94,430355
23/03/2015,63.06,63.17,62.96,63.01,564748
24/03/2015,63.01,63.11,62.77,62.81,274065
25/03/2015,62.61,62.68,61.64,61.68,885703
26/03/2015,61.53,61.64,61.06,61.41,333419
27/03/2015,61.45,61.62,61.35,61.6,148885
30/03/2015,61.92,62.18,61.76,62.03,359655
31/03/2015,61.75,61.82,61.26,61.59,508842
01/04/2015,61.79,61.79,61.23,61.63,381925
02/04/2015,61.84,62.13,61.81,62.04,226816
06/04/2015,62.05,62.8,62.05,62.58,276626
07/04/2015,62.59,62.87,62.45,62.46,442644
08/04/2015,62.73,63.01,62.57,62.82,528790
09/04/2015,62.9,63.03,62.65,62.98,418602
10/04/2015,63.07,63.28,62.98,63.28,480348
13/04/2015,63.24,63.33,62.96,62.96,363814
14/04/2015,63.04,63.28,62.95,63.23,230967
15/04/2015,63.35,63.69,63.33,63.59,278208
16/04/2015,63.54,63.83,63.42,63.65,183795
17/04/2015,63.17,63.23,62.64,62.88,413859
20/04/2015,63.01,63.32,63,63.21,333410
21/04/2015,63.62,63.66,63.32,63.37,272450
22/04/2015,63.56,63.67,63.21,63.63,248262
23/04/2015,63.46,64.04,63.33,63.9,373571
24/04/2015,64.1,64.14,63.72,64.07,192248
27/04/2015,64.33,64.44,63.98,64.06,322328
28/04/2015,64.1,64.26,63.75,64.22,200379
29/04/2015,63.93,64.01,63.62,63.82,397914
30/04/2015,63.66,63.67,63,63.16,380479
01/05/2015,63.55,63.79,63.37,63.79,200782
04/05/2015,63.83,63.98,63.79,63.84,384595
05/05/2015,63.76,63.78,63,63.09,382209
06/05/2015,63.44,63.47,62.67,62.95,359146
07/05/2015,62.81,63.06,62.6,63.02,247245
08/05/2015,63.57,64.04,63.42,63.96,259229
11/05/2015,64.4,64.4,63.54,63.58,174863
12/05/2015,63.36,63.64,63.15,63.52,329703
13/05/2015,63.78,63.98,63.61,63.68,203975
14/05/2015,64.13,64.34,64.02,64.31,397944
15/05/2015,64.43,64.44,64.14,64.43,218925
18/05/2015,64.3,64.47,64.2,64.4,477705
19/05/2015,64.39,64.44,64.23,64.32,253486
20/05/2015,64.34,64.49,64.17,64.3,430929
21/05/2015,64.36,64.59,64.3,64.54,182397
22/05/2015,64.41,64.46,64.29,64.29,273514
26/05/2015,64.06,64.08,63.33,63.49,324406
27/05/2015,63.6,64.08,63.47,64.04,241695
28/05/2015,63.76,63.83,63.45,63.82,327671
29/05/2015,63.76,63.79,63.22,63.37,334063
01/06/2015,63.65,63.65,63.1,63.37,342550
02/06/2015,63.33,63.74,63.2,63.47,513128
03/06/2015,63.74,63.94,63.5,63.71,697097
04/06/2015,63.43,63.61,62.97,63.09,248513
05/06/2015,62.68,62.94,62.47,62.7,218472
08/06/2015,62.71,62.71,62.39,62.43,188027
09/06/2015,62.36,62.45,62.08,62.28,319213
10/06/2015,62.85,63.39,62.79,63.29,684423
11/06/2015,63.46,63.51,63.22,63.4,191482
12/06/2015,62.96,63.09,62.8,62.99,212443
15/06/2015,62.47,62.64,62.21,62.64,202395
16/06/2015,62.53,62.85,62.4,62.81,185692
17/06/2015,62.75,63,62.4,62.81,352053
18/06/2015,63,63.72,63,63.46,928553
19/06/2015,63.5,63.5,63.15,63.16,391846
22/06/2015,63.79,64.13,63.79,63.87,254576
23/06/2015,64.05,64.07,63.9,63.97,513749
24/06/2015,63.89,63.92,63.5,63.54,259498
25/06/2015,63.75,63.84,63.36,63.36,571862
26/06/2015,63,63.14,62.78,62.96,157967
29/06/2015,62.12,62.29,61.34,61.36,720067
30/06/2015,61.97,62.08,61.24,61.52,1504635
01/07/2015,62.33,62.33,61.63,61.85,1051345
02/07/2015,62.04,62.06,61.68,61.86,280904
06/07/2015,61.09,61.53,60.96,61.2,448412
07/07/2015,60.9,61.25,60.06,61.21,518633
08/07/2015,60.6,60.66,59.86,59.92,450700
09/07/2015,60.51,61.06,60.36,60.39,681175
10/07/2015,61,61.72,61,61.63,2195234
13/07/2015,62,62.11,61.95,62.06,432568
14/07/2015,62.13,62.48,62.09,62.43,610125
15/07/2015,62.41,62.44,62.09,62.25,1100666
16/07/2015,62.62,62.79,62.56,62.75,386243
17/07/2015,62.81,62.81,62.54,62.65,224160
20/07/2015,62.74,62.81,62.5,62.63,207708
21/07/2015,62.6,62.68,62.35,62.45,675027
22/07/2015,62.12,62.22,62,62.15,456725
23/07/2015,62.27,62.31,61.79,61.88,319000
24/07/2015,61.87,61.87,61.02,61.14,567700
27/07/2015,60.97,60.98,60.53,60.64,422734
28/07/2015,60.78,61.34,60.64,61.31,541310
29/07/2015,61.37,61.83,61.32,61.7,351525
30/07/2015,61.62,61.79,61.35,61.77,196847
31/07/2015,61.95,62.07,61.74,61.83,514391
03/08/2015,61.85,61.93,61.33,61.57,194210
04/08/2015,61.62,61.77,61.42,61.58,194860
05/08/2015,61.97,62.04,61.68,61.73,149447
06/08/2015,61.7,61.76,61.09,61.34,412789
07/08/2015,61.25,61.28,61,61.28,512169
10/08/2015,61.5,62.11,61.5,62.05,147788
11/08/2015,61.43,61.46,61.03,61.26,253492
12/08/2015,60.72,61.14,60.25,61.11,247167
13/08/2015,61.14,61.24,60.85,61.03,196639
14/08/2015,60.98,61.22,60.83,61.21,187269
17/08/2015,60.94,61.31,60.71,61.3,246870
18/08/2015,61.11,61.17,60.92,60.99,191210
19/08/2015,60.66,60.82,60.11,60.45,212226
20/08/2015,59.99,60,59.11,59.13,638604
21/08/2015,58.77,58.88,57.5,57.5,1260066
24/08/2015,54.7,56.75,53.1,55.23,2556079
25/08/2015,58.28,58.51,55.23,55.23,5114018
26/08/2015,55.78,56.88,55.34,56.85,3697607
27/08/2015,57.41,58.2,57.26,58.1,1172306
28/08/2015,57.84,58.17,57.78,58.1,1272211
31/08/2015,57.94,58.04,57.51,57.73,1016660
01/09/2015,57.16,57.16,55.7,55.92,1135165
02/09/2015,56.47,56.86,56.14,56.86,304938
03/09/2015,57.05,57.53,56.81,56.94,417547
04/09/2015,56.05,56.2,55.58,55.84,367708
08/09/2015,56.95,57.37,56.81,57.34,215506
09/09/2015,57.9,58,56.72,56.8,440729
10/09/2015,56.74,57.43,56.69,57.16,1908408
11/09/2015,56.91,57.3,56.75,57.28,280020
14/09/2015,57.21,57.21,56.81,57,261957
15/09/2015,57.09,57.66,56.95,57.59,178690
16/09/2015,57.92,58.35,57.83,58.32,145252
17/09/2015,58.16,59.09,58.09,58.32,407290
18/09/2015,57.47,57.76,57.06,57.19,677786
21/09/2015,57.38,57.62,57,57.26,677340
22/09/2015,56.41,56.43,55.88,56.27,546068
23/09/2015,56.26,56.4,55.86,56.02,695770
24/09/2015,55.65,55.93,55.2,55.85,293916
25/09/2015,56.13,56.2,55.4,55.61,613530
28/09/2015,55.31,55.49,54.25,54.32,974656
29/09/2015,54.43,54.7,54.05,54.36,373543
30/09/2015,54.98,55.41,54.77,55.31,730835
01/10/2015,55.75,55.78,54.95,55.55,3251839
02/10/2015,55.15,56.47,54.95,56.47,712265
05/10/2015,56.99,57.64,56.94,57.6,687264
06/10/2015,57.58,57.74,57.32,57.52,422244
07/10/2015,58.02,58.35,57.74,58.24,428233
08/10/2015,58.01,58.77,57.93,58.74,348609
09/10/2015,58.79,58.96,58.64,58.83,748389
12/10/2015,58.82,58.82,58.62,58.73,280133
13/10/2015,58.3,58.7,58.1,58.14,231792
14/10/2015,58.26,58.46,58.01,58.11,327037
15/10/2015,58.49,59.04,58.33,59.03,169802
16/10/2015,59.07,59.13,58.82,59.11,323476
19/10/2015,58.89,59,58.72,58.97,196670
20/10/2015,58.91,59.13,58.82,58.9,316511
21/10/2015,59.11,59.12,58.49,58.54,426344
22/10/2015,58.88,59.46,58.84,59.33,348534
23/10/2015,59.87,59.98,59.54,59.88,558703
26/10/2015,59.85,59.86,59.63,59.7,351429
27/10/2015,59.38,59.45,59.14,59.33,390868
28/10/2015,59.54,59.97,59.21,59.83,322292
29/10/2015,59.48,59.65,59.39,59.55,206940
30/10/2015,59.61,59.73,59.34,59.34,303713
02/11/2015,59.57,60.11,59.57,60.09,636638
03/11/2015,59.89,60.46,59.87,60.29,224884
04/11/2015,60.4,60.4,59.82,60.01,963355
05/11/2015,60.09,60.32,59.67,59.93,654783
06/11/2015,59.68,59.76,59.31,59.73,320585
09/11/2015,59.52,59.56,58.9,59.16,421750
10/11/2015,58.97,59.16,58.81,59.13,452656
11/11/2015,59.39,59.45,59.08,59.09,285251
12/11/2015,58.77,58.89,58.37,58.39,274263
13/11/2015,58.12,58.15,57.67,57.74,690232
16/11/2015,57.78,58.51,57.74,58.5,580210
17/11/2015,58.62,58.92,58.36,58.48,652488
18/11/2015,58.69,59.3,58.62,59.24,594268
19/11/2015,59.38,59.55,59.37,59.44,370390
20/11/2015,59.62,59.79,59.48,59.55,503523
23/11/2015,59.46,59.61,59.2,59.31,272463
24/11/2015,59.01,59.52,58.89,59.45,575834
25/11/2015,59.45,59.58,59.31,59.47,229580
27/11/2015,59.43,59.53,59.3,59.43,902189
30/11/2015,59.44,59.5,59.27,59.29,1045672
01/12/2015,59.52,59.93,59.52,59.92,538666
02/12/2015,59.72,59.85,59.18,59.28,869854
03/12/2015,59.47,59.61,58.39,58.61,784142
04/12/2015,58.6,59.52,58.57,59.47,447441
07/12/2015,59.31,59.39,58.73,58.95,943731
08/12/2015,58.28,58.53,58.01,58.35,2240389
09/12/2015,58.19,58.82,57.75,58.05,2109868
10/12/2015,58.16,58.36,57.94,57.98,526601
11/12/2015,57.36,57.46,56.71,56.81,796465
14/12/2015,57,57.14,56.35,56.99,771589
15/12/2015,57.48,57.8,57.41,57.58,1208187
16/12/2015,57.94,58.55,57.74,58.49,831649
17/12/2015,58.56,58.56,57.65,57.67,4017023
18/12/2015,57.47,57.6,56.9,56.9,1325548
21/12/2015,57.14,57.15,56.63,56.97,1384132
22/12/2015,57.16,57.54,56.99,57.47,821974
23/12/2015,57.71,58.27,57.71,58.27,1274988
24/12/2015,58.13,58.35,58.09,58.15,1155566
28/12/2015,58.01,58.03,57.71,58.02,2851152
29/12/2015,58.35,58.61,58.35,58.55,1586837
30/12/2015,58.4,58.4,58.07,58.12,1886442
31/12/2015,57.8,58.05,57.62,57.62,1238134
04/01/2016,56.59,56.65,56.04,56.65,1618641
05/01/2016,56.69,56.75,56.35,56.66,2385188
06/01/2016,55.73,56.08,55.49,55.82,976501
07/01/2016,54.86,55.3,54.44,54.52,1267696
08/01/2016,54.95,54.95,53.78,53.88,1641805
11/01/2016,54.27,54.41,53.4,53.91,1530300
12/01/2016,54.32,54.52,53.61,54.21,1907303
13/01/2016,54.46,54.53,52.85,53,944362
14/01/2016,53.24,54.15,52.75,53.86,2166279
15/01/2016,52.3,52.67,51.83,52.35,1759524
19/01/2016,53.16,53.23,52.06,52.51,1543263
20/01/2016,51.64,52.05,50.42,51.67,2048078
21/01/2016,51.67,52.46,51.25,51.97,1331583
22/01/2016,52.95,53.32,52.84,53.27,1272738
25/01/2016,53.06,53.11,52.41,52.44,1461683
26/01/2016,52.73,53.36,52.64,53.32,892130
27/01/2016,53.18,53.7,52.59,52.84,675156
28/01/2016,53.45,53.45,52.6,53.02,744437
29/01/2016,53.32,54.24,53.31,54.24,1468132
01/02/2016,53.91,54.49,53.74,54.31,1486066
02/02/2016,53.52,54.2,52.9,53.02,1313215
03/02/2016,53.46,53.62,52.36,53.5,1592770
04/02/2016,53.35,53.93,53.25,53.61,1193972
05/02/2016,53.38,53.52,52.52,52.69,606871
08/02/2016,52.11,52.15,51.23,51.84,1730246
09/02/2016,51.19,51.85,51.07,51.47,1217164
10/02/2016,51.72,52.24,51.42,51.5,1191582
11/02/2016,50.94,51.03,50.34,50.81,2963782
12/02/2016,51.1,51.75,50.96,51.71,322117
16/02/2016,52.43,53,52.11,52.66,641094
17/02/2016,53.06,53.76,53,53.69,1091068
18/02/2016,53.95,53.98,53.38,53.46,739223
19/02/2016,53.07,53.42,52.94,53.39,359101
22/02/2016,53.86,54.27,53.74,54.2,5951967
23/02/2016,54,54.02,53.42,53.44,986764
24/02/2016,52.86,53.58,52.49,53.48,2221043
25/02/2016,53.65,54.06,53.43,54.06,390869
26/02/2016,54.26,54.45,53.89,53.99,530454
29/02/2016,54,54.23,53.63,53.64,655984
01/03/2016,54.2,55,54.1,55,765432
02/03/2016,54.98,55.36,54.81,55.36,727488
03/03/2016,55.45,55.82,55.31,55.82,682382
04/03/2016,55.98,56.42,55.84,56.2,595651
07/03/2016,55.8,56.34,55.74,56.2,685706
08/03/2016,55.85,55.87,55.39,55.47,1267623
09/03/2016,55.73,55.86,55.57,55.77,427083
10/03/2016,55.98,56.29,55.18,55.71,732390
11/03/2016,56.39,56.91,56.37,56.91,363877
14/03/2016,56.85,56.9,56.59,56.78,455398
15/03/2016,56.17,56.27,55.95,56.13,231742
16/03/2016,55.94,56.78,55.94,56.72,325862
17/03/2016,56.7,57.33,56.6,57.24,567212
18/03/2016,57.35,57.48,57.21,57.34,348091
21/03/2016,57.3,57.39,57.11,57.34,333552
22/03/2016,57.06,57.37,56.92,57.24,2995098
23/03/2016,57.13,57.13,56.62,56.67,744083
24/03/2016,56.25,56.55,56.13,56.55,311372
28/03/2016,56.93,56.93,56.56,56.75,956685
29/03/2016,56.57,57.37,56.41,57.37,738789
30/03/2016,57.78,57.97,57.57,57.72,630243
31/03/2016,57.68,57.86,57.6,57.69,5020169
01/04/2016,57,57.61,56.79,57.59,1185595
04/04/2016,57.62,57.74,57.28,57.36,280568
05/04/2016,56.74,56.8,56.55,56.6,328977
06/04/2016,56.66,57.28,56.55,57.26,450495
07/04/2016,56.95,57.05,56.22,56.41,4588925
08/04/2016,57.11,57.27,56.79,56.94,1302361
11/04/2016,57.37,57.57,56.98,57,468755
12/04/2016,57.29,57.77,57,57.68,404559
13/04/2016,58.25,58.5,58.15,58.47,642037
14/04/2016,58.47,58.58,58.36,58.42,376872
15/04/2016,58.39,58.44,58.27,58.34,244431
18/04/2016,58.22,58.76,58.14,58.73,256758
19/04/2016,59.3,59.5,59.04,59.34,396109
20/04/2016,59.31,59.56,59.11,59.36,1308944
21/04/2016,59.39,59.39,58.91,59.02,363184
22/04/2016,59,59.12,58.77,58.99,367844
25/04/2016,58.8,58.82,58.58,58.8,321749
26/04/2016,58.93,59.1,58.78,59.01,432051
27/04/2016,58.91,59.2,58.75,59.08,211455
28/04/2016,58.73,59.18,58.5,58.63,248251
29/04/2016,58.5,58.57,57.98,58.27,379567
02/05/2016,58.45,58.74,58.37,58.68,300674
03/05/2016,58.25,58.27,57.74,57.92,780859
04/05/2016,57.57,57.71,57.29,57.42,276013
05/05/2016,57.54,57.68,57.25,57.41,702293
06/05/2016,57.18,57.62,57.12,57.6,214409
09/05/2016,57.6,57.65,57.28,57.38,194712
10/05/2016,57.71,58.21,57.71,58.21,223597
11/05/2016,57.99,58.18,57.77,57.8,156135
12/05/2016,58.15,58.18,57.44,57.7,371210
13/05/2016,57.45,57.63,57.03,57.14,255557
16/05/2016,57.23,57.89,57.23,57.78,290009
17/05/2016,57.73,57.78,57.15,57.3,498626
18/05/2016,57.14,57.76,56.99,57.27,297428
19/05/2016,57,57.07,56.64,56.96,718949
20/05/2016,57.22,57.53,57.22,57.44,303079
23/05/2016,57.4,57.46,57.23,57.26,372376
24/05/2016,57.64,58.17,57.56,58.09,224617
25/05/2016,58.28,58.63,58.28,58.53,369185
26/05/2016,58.63,58.8,58.53,58.6,282559
27/05/2016,58.52,58.72,58.52,58.69,352667
31/05/2016,58.83,58.94,58.47,58.65,722732
01/06/2016,58.46,58.79,58.34,58.76,212453
02/06/2016,58.55,58.9,58.44,58.9,289909
03/06/2016,58.91,59.12,58.63,59.07,415619
06/06/2016,59.14,59.51,59.14,59.41,512055
07/06/2016,59.68,59.89,59.65,59.78,254354
08/06/2016,59.9,60,59.8,59.94,299986
09/06/2016,59.55,59.61,59.35,59.55,454545
10/06/2016,58.89,58.89,58.32,58.44,337710
13/06/2016,58.09,58.37,57.81,57.87,677331
14/06/2016,57.16,57.26,56.68,56.99,648571
15/06/2016,57.16,57.59,57.14,57.24,2451644
16/06/2016,56.62,57.29,56.32,57.27,944770
17/06/2016,57.39,57.49,57.02,57.38,553288
20/06/2016,58.4,58.57,58.15,58.17,611733
21/06/2016,58.41,58.64,58.19,58.42,443266
22/06/2016,58.53,58.76,58.31,58.32,909577
23/06/2016,59.07,59.49,58.91,59.49,706210
24/06/2016,56.47,57.43,56.26,56.33,3163590
27/06/2016,55.83,55.83,54.75,55.12,1737206
28/06/2016,55.95,56.32,55.74,56.32,696740
29/06/2016,56.88,57.42,56.85,57.34,460499
30/06/2016,57.44,58.11,57.31,58.07,1304601
01/07/2016,58.12,58.45,58.12,58.34,848713
05/07/2016,57.91,57.91,57.37,57.55,506488
06/07/2016,57.24,57.71,56.93,57.7,607111
07/07/2016,57.77,57.99,57.35,57.53,598395
08/07/2016,58,58.5,58,58.45,423837
11/07/2016,58.81,59.12,58.81,58.98,527140
12/07/2016,59.46,59.67,59.35,59.52,530771
13/07/2016,59.62,59.67,59.32,59.49,602494
14/07/2016,59.84,60.06,59.82,59.94,331268
15/07/2016,59.98,59.99,59.68,59.81,218365
18/07/2016,59.72,59.99,59.66,59.95,698681
19/07/2016,59.73,59.73,59.52,59.63,370263
20/07/2016,59.77,60.06,59.73,59.96,1217999
21/07/2016,59.92,60.04,59.65,59.76,682523
22/07/2016,59.89,60,59.75,59.99,267991
25/07/2016,59.95,59.97,59.66,59.81,335876
26/07/2016,59.85,60.14,59.78,60.05,344041
27/07/2016,60.1,60.21,59.75,60.07,457762
28/07/2016,60.04,60.2,59.85,60.13,262061
29/07/2016,60.19,60.55,60.11,60.48,320134
01/08/2016,60.41,60.52,60.17,60.25,311732
02/08/2016,60.15,60.25,59.63,59.87,551030
03/08/2016,59.65,60,59.61,60,547189
04/08/2016,60.09,60.19,59.91,60.1,340455
05/08/2016,60.26,60.59,60.22,60.57,241201
08/08/2016,60.66,60.75,60.6,60.65,535332
09/08/2016,60.76,61.03,60.76,60.89,901628
10/08/2016,61,61.09,60.81,60.86,2468663
11/08/2016,61.06,61.36,61.03,61.31,761814
12/08/2016,61.25,61.31,61.05,61.18,298120
15/08/2016,61.37,61.58,61.37,61.47,179921
16/08/2016,61.39,61.39,61.21,61.23,936732
17/08/2016,61.11,61.24,60.81,61.21,517050
18/08/2016,61.21,61.46,61.18,61.46,216276
19/08/2016,61.07,61.26,60.95,61.24,212138
22/08/2016,61.1,61.2,60.91,61.15,548511
23/08/2016,61.4,61.57,61.32,61.34,515834
24/08/2016,61.31,61.31,60.92,61.01,395121
25/08/2016,60.97,61.12,60.89,60.99,246148
26/08/2016,61,61.47,60.45,60.7,574672
29/08/2016,60.77,61.12,60.76,61.05,279212
30/08/2016,61.05,61.11,60.78,60.93,296957
31/08/2016,60.84,60.86,60.45,60.69,293608
01/09/2016,60.8,60.92,60.55,60.9,601934
02/09/2016,61.27,61.52,61.26,61.45,464793
06/09/2016,61.55,61.84,61.51,61.83,302722
07/09/2016,61.88,61.99,61.71,61.92,727814
08/09/2016,61.82,61.88,61.63,61.66,747267
09/09/2016,61.19,61.19,60.16,60.16,559186
12/09/2016,59.89,60.94,59.71,60.87,906793
13/09/2016,60.02,60.02,59.19,59.42,757359
14/09/2016,59.42,59.84,59.28,59.4,637795
15/09/2016,59.49,60.18,59.37,60.09,379156
16/09/2016,59.74,59.74,59.42,59.6,358456
19/09/2016,60.01,60.19,59.71,59.81,306334
20/09/2016,60.2,60.25,59.92,59.96,451550
21/09/2016,60.33,60.92,60.12,60.86,626275
22/09/2016,61.29,61.53,61.15,61.27,930060
23/09/2016,61.04,61.06,60.79,60.82,334788
26/09/2016,60.51,60.53,60.25,60.27,499889
27/09/2016,60.22,60.68,60.14,60.65,844343
28/09/2016,60.68,61.07,60.4,61.05,316142
29/09/2016,61,61.09,60.23,60.43,388258
30/09/2016,60.53,61.02,60.49,60.85,410013
03/10/2016,60.69,60.8,60.54,60.75,350306
04/10/2016,60.86,60.92,60.29,60.51,1339504
05/10/2016,60.71,60.98,60.71,60.89,938847
06/10/2016,60.68,60.75,60.43,60.71,520401
07/10/2016,60.7,60.77,60.14,60.48,362277
10/10/2016,60.64,60.91,60.63,60.74,662062
11/10/2016,60.47,60.48,59.64,59.82,654528
12/10/2016,59.79,60.05,59.71,59.9,592480
13/10/2016,59.4,59.81,59.08,59.61,1295328
14/10/2016,60.02,60.11,59.64,59.65,559316
17/10/2016,59.62,59.67,59.4,59.47,283055
18/10/2016,60.1,60.12,59.87,59.99,321380
19/10/2016,60.15,60.33,60.03,60.25,847055
20/10/2016,60.21,60.35,59.99,60.22,583555
21/10/2016,59.91,60.15,59.78,60.09,320743
24/10/2016,60.38,60.45,60.14,60.29,908303
25/10/2016,60.29,60.29,60.03,60.13,274221
26/10/2016,59.88,60.08,59.73,59.87,697938
27/10/2016,60.08,60.14,59.73,59.76,319393
28/10/2016,59.68,59.88,59.42,59.58,425964
31/10/2016,59.72,59.77,59.54,59.65,630954
01/11/2016,59.77,59.85,58.96,59.29,526158
02/11/2016,59.23,59.28,58.76,58.88,978522
03/11/2016,58.96,59.04,58.6,58.72,425135
04/11/2016,58.58,58.78,58.4,58.41,871146
07/11/2016,59.23,59.58,59.22,59.58,486167
08/11/2016,59.5,59.99,59.33,59.84,916741
09/11/2016,59.24,60.18,59.18,59.96,897422
10/11/2016,60.08,60.28,59.45,59.79,773761
11/11/2016,59.51,59.79,59.16,59.46,834599
14/11/2016,59.45,59.51,59.21,59.44,380875
15/11/2016,59.5,60,59.5,60,590034
16/11/2016,59.58,59.74,59.54,59.68,528843
17/11/2016,59.84,60.09,59.79,60.01,348541
18/11/2016,59.88,59.99,59.64,59.71,510242
21/11/2016,59.89,60.26,59.89,60.26,590485
22/11/2016,60.38,60.44,60.16,60.4,675179
23/11/2016,59.96,60.36,59.96,60.35,335654
25/11/2016,60.43,60.57,60.43,60.57,175819
28/11/2016,60.45,60.54,60.28,60.33,673513
29/11/2016,60.23,60.59,60.17,60.45,794119
30/11/2016,60.69,60.71,60.36,60.36,1054479
01/12/2016,60.36,60.37,59.97,60.09,1138325
02/12/2016,60.14,60.35,60.04,60.22,855057
05/12/2016,60.48,60.69,60.4,60.66,807853
06/12/2016,60.75,60.99,60.64,60.96,543322
07/12/2016,60.99,61.87,60.99,61.8,681571
08/12/2016,61.75,62.05,61.68,61.97,909148
09/12/2016,62,62.15,61.95,62.15,1237851
12/12/2016,62.07,62.21,61.85,61.96,791707
13/12/2016,62.24,62.61,62.24,62.46,791825
14/12/2016,62.33,62.4,61.61,61.65,1121097
15/12/2016,61.67,61.91,61.54,61.76,1041422
16/12/2016,61.86,61.87,61.61,61.7,942968
19/12/2016,61.77,61.97,61.66,61.75,371298
20/12/2016,61.44,61.53,61.34,61.53,616156
21/12/2016,61.52,61.53,61.42,61.43,1806528
22/12/2016,61.31,61.34,61.09,61.19,481785
23/12/2016,61.25,61.31,61.18,61.29,446798
27/12/2016,61.39,61.49,61.31,61.41,1314052
28/12/2016,61.51,61.51,61.02,61.05,518905
29/12/2016,61.14,61.27,61.01,61.12,6364778
30/12/2016,61.34,61.34,60.84,61,4117851
03/01/2017,61.45,61.61,61.24,61.5,911928
04/01/2017,61.71,62.06,61.68,62.06,735810
05/01/2017,62.13,62.31,62.1,62.26,485611
06/01/2017,62.27,62.38,62.08,62.27,657334
09/01/2017,62.21,62.21,62,62.1,528522
10/01/2017,62.1,62.34,62.1,62.16,330766
11/01/2017,62.18,62.5,62.02,62.5,485039
12/01/2017,62.51,62.51,62.05,62.38,540967
13/01/2017,62.48,62.61,62.42,62.59,386505
17/01/2017,62.47,62.5,62.28,62.4,646408
18/01/2017,62.35,62.42,62.22,62.33,533871
19/01/2017,62.35,62.39,62,62.18,545747
20/01/2017,62.32,62.44,62.18,62.39,414982
23/01/2017,62.41,62.45,62.15,62.39,526839
24/01/2017,62.49,62.88,62.45,62.82,502410
25/01/2017,63.05,63.38,63.05,63.38,486500
26/01/2017,63.38,63.39,63.22,63.25,437621
27/01/2017,63.25,63.31,63.09,63.17,470497
30/01/2017,62.82,62.83,62.47,62.72,2216030
31/01/2017,62.64,62.86,62.54,62.83,794004
01/02/2017,63.07,63.16,62.74,62.92,2460019
02/02/2017,62.94,63.09,62.87,63.04,2033171
03/02/2017,63.24,63.43,63.13,63.36,746960
06/02/2017,63.1,63.17,62.98,63.14,633034
07/02/2017,63.16,63.19,63,63.1,345366
08/02/2017,63.05,63.21,62.91,63.18,1000794
09/02/2017,63.25,63.59,63.2,63.5,601992
10/02/2017,63.64,63.86,63.59,63.82,701543
13/02/2017,64.04,64.22,64.02,64.14,822700
14/02/2017,64.07,64.27,63.85,64.27,1023350
15/02/2017,64.2,64.65,64.17,64.64,2042421
16/02/2017,64.61,64.72,64.45,64.66,399094
17/02/2017,64.33,64.63,64.33,64.63,844563
21/02/2017,64.72,65,64.68,64.97,482926
22/02/2017,64.89,64.99,64.77,64.96,565183
23/02/2017,65.06,65.19,64.8,64.96,861165
24/02/2017,64.6,64.82,64.48,64.82,393375
27/02/2017,64.74,64.82,64.6,64.77,4439502
28/02/2017,64.7,64.75,64.44,64.52,1435564
01/03/2017,65.04,65.45,64.95,65.31,757897
02/03/2017,65.2,65.2,64.82,64.83,843082
03/03/2017,64.81,65.11,64.75,65.07,944739
06/03/2017,64.85,64.95,64.71,64.89,347714
07/03/2017,64.78,64.83,64.63,64.68,553602
08/03/2017,64.73,64.78,64.45,64.49,3978754
09/03/2017,64.46,64.61,64.24,64.52,1562323
10/03/2017,64.89,64.93,64.62,64.88,1437966
13/03/2017,64.99,65.14,64.98,65.13,668833
14/03/2017,64.88,64.88,64.61,64.78,752182
15/03/2017,64.88,65.67,64.88,65.57,732686
16/03/2017,65.77,65.81,65.55,65.67,901128
17/03/2017,65.76,65.85,65.62,65.69,368341
20/03/2017,65.72,65.8,65.51,65.61,638457
21/03/2017,65.86,65.96,64.9,64.95,523166
22/03/2017,64.82,65.1,64.72,65.05,1195696
23/03/2017,64.99,65.27,64.89,65.01,602331
24/03/2017,65.1,65.33,64.95,65.13,1583300
27/03/2017,64.89,65.26,64.64,65.2,2342738
28/03/2017,65.19,65.64,65.14,65.57,759583
29/03/2017,65.24,65.43,65.11,65.41,423812
30/03/2017,65.34,65.52,65.3,65.38,508122
31/03/2017,65.21,65.39,65.14,65.22,659407
03/04/2017,65.29,65.32,64.76,65.16,662017
04/04/2017,65.02,65.2,64.91,65.2,295621
05/04/2017,65.33,65.57,64.91,64.95,851407
06/04/2017,65,65.15,64.86,65.05,528750
07/04/2017,64.97,65.13,64.89,64.97,589603
10/04/2017,65.01,65.13,64.86,65,447983
11/04/2017,65.08,65.08,64.6,65.06,323692
12/04/2017,65.05,65.05,64.75,64.91,474210
13/04/2017,64.75,64.91,64.48,64.5,546256
17/04/2017,64.77,65.05,64.62,65.05,510277
18/04/2017,64.69,64.81,64.47,64.7,741477
19/04/2017,64.83,64.93,64.48,64.57,492116
20/04/2017,64.92,65.21,64.87,65.11,409295
21/04/2017,65.07,65.08,64.87,65.01,570643
24/04/2017,65.98,66.09,65.91,66.03,589617
25/04/2017,66.27,66.51,66.19,66.43,1547121
26/04/2017,66.4,66.62,66.36,66.39,1404026
27/04/2017,66.45,66.45,66.23,66.42,1460622
28/04/2017,66.46,66.46,66.24,66.28,583498
01/05/2017,66.47,66.6,66.36,66.42,508376
02/05/2017,66.65,66.68,66.52,66.68,444415
03/05/2017,66.45,66.49,66.29,66.45,491848
04/05/2017,66.55,66.6,66.36,66.6,493795
05/05/2017,66.67,67.08,66.64,67.08,489483
08/05/2017,66.92,66.94,66.75,66.84,702239
09/05/2017,66.95,67,66.77,66.89,649239
10/05/2017,66.89,67.02,66.83,67.01,557695
11/05/2017,66.85,66.91,66.58,66.91,582562
12/05/2017,66.86,66.95,66.79,66.87,306316
15/05/2017,67.08,67.35,67.08,67.32,525948
16/05/2017,67.5,67.51,67.33,67.45,424832
17/05/2017,67.2,67.2,66.39,66.41,1233471
18/05/2017,66.25,66.67,66.1,66.45,501146
19/05/2017,66.99,67.26,66.79,67.12,1340368
22/05/2017,67.25,67.4,67.23,67.39,806416
23/05/2017,67.5,67.5,67.33,67.38,822398
24/05/2017,67.44,67.56,67.33,67.51,662230
25/05/2017,67.71,67.85,67.66,67.74,719363
26/05/2017,67.62,67.68,67.57,67.67,755969
30/05/2017,67.55,67.65,67.48,67.6,2372132
31/05/2017,67.82,67.82,67.41,67.57,3181929
01/06/2017,67.58,68.07,67.58,68.07,704265
02/06/2017,68.35,68.52,68.18,68.48,647948
05/06/2017,68.48,68.48,68.26,68.33,595322
06/06/2017,68.11,68.28,68.09,68.18,814835
07/06/2017,68.27,68.33,67.96,68.18,712713
08/06/2017,68.18,68.22,67.99,68.16,996643
09/06/2017,68.19,68.41,67.72,68.04,1530235
12/06/2017,67.92,68.01,67.73,67.94,846258
13/06/2017,68.27,68.4,68.14,68.38,624910
14/06/2017,68.6,68.62,67.99,68.21,3131122
15/06/2017,67.52,67.83,67.5,67.79,3273011
16/06/2017,67.98,68.09,67.76,68.09,577353
19/06/2017,68.33,68.54,68.28,68.52,699899
20/06/2017,68.34,68.4,67.89,67.92,605551
21/06/2017,67.96,68.07,67.79,67.92,567830
22/06/2017,67.96,68.1,67.87,67.95,410884
23/06/2017,67.97,68.15,67.88,68.07,951336
26/06/2017,68.4,68.57,68.21,68.28,3075132
27/06/2017,68.26,68.32,67.92,67.92,615233
28/06/2017,67.66,68.08,67.65,68.02,421413
29/06/2017,67.98,67.98,67.02,67.37,1462440
30/06/2017,67.71,67.71,67.35,67.53,1128729
03/07/2017,67.77,67.86,67.62,67.64,813086
05/07/2017,67.61,67.66,67.31,67.64,677092
06/07/2017,67.38,67.41,67.02,67.07,1029651
07/07/2017,67.2,67.42,67.07,67.37,320271
10/07/2017,67.42,67.6,67.36,67.52,301533
11/07/2017,67.49,67.67,67.24,67.58,453582
12/07/2017,67.95,68.28,67.95,68.17,426188
13/07/2017,68.29,68.43,68.18,68.37,658535
14/07/2017,68.52,68.89,68.5,68.78,379169
17/07/2017,68.77,68.82,68.68,68.73,1120722
18/07/2017,68.69,68.79,68.56,68.79,471252
19/07/2017,68.92,69.16,68.92,69.16,400765
20/07/2017,69.25,69.35,69.12,69.28,475623
21/07/2017,69.11,69.2,68.98,69.16,516391
24/07/2017,69.13,69.18,68.96,69.16,352495
25/07/2017,69.37,69.43,69.27,69.3,714718
26/07/2017,69.44,69.54,69.32,69.51,606180
27/07/2017,69.59,69.61,68.99,69.34,442923
28/07/2017,69.13,69.34,69.1,69.31,592624
31/07/2017,69.41,69.43,69.21,69.32,723991
01/08/2017,69.68,69.68,69.51,69.62,639634
02/08/2017,69.65,69.65,69.32,69.56,460905
03/08/2017,69.55,69.57,69.39,69.47,1125293
04/08/2017,69.65,69.66,69.4,69.6,461530
07/08/2017,69.63,69.77,69.6,69.77,265727
08/08/2017,69.69,69.91,69.45,69.55,569068
09/08/2017,69.16,69.41,69.08,69.39,351776
10/08/2017,69.05,69.05,68.31,68.33,1008810
11/08/2017,68.38,68.53,68.27,68.36,480761
14/08/2017,68.73,69.11,68.73,68.99,436207
15/08/2017,69.04,69.04,68.79,68.92,911301
16/08/2017,69.18,69.31,69.14,69.26,513502
17/08/2017,69.03,69.08,68.26,68.28,767634
18/08/2017,68.34,68.63,68.16,68.36,670979
21/08/2017,68.4,68.48,68.18,68.42,500144
22/08/2017,68.61,69,68.61,68.97,397011
23/08/2017,68.74,68.96,68.66,68.89,337871
24/08/2017,69.01,69.04,68.76,68.78,717359
25/08/2017,69.03,69.27,69.02,69.05,2146035
28/08/2017,69.23,69.23,68.93,69.04,1760420
29/08/2017,68.59,69.04,68.57,68.98,821214
30/08/2017,68.98,69.24,68.91,69.18,821901
31/08/2017,69.35,69.69,69.35,69.61,813654
01/09/2017,69.83,69.9,69.73,69.82,473698
05/09/2017,69.64,69.74,69.02,69.35,552819
06/09/2017,69.51,69.72,69.49,69.61,417489
07/09/2017,69.93,69.93,69.73,69.88,274940
08/09/2017,69.86,69.91,69.74,69.8,494494
11/09/2017,70.12,70.5,70.12,70.47,548636
12/09/2017,70.59,70.68,70.53,70.66,606578
13/09/2017,70.54,70.56,70.39,70.48,321994
14/09/2017,70.39,70.51,70.34,70.5,1801154
15/09/2017,70.55,70.65,70.51,70.63,1632766
18/09/2017,70.78,70.98,70.72,70.87,519017
19/09/2017,70.95,70.98,70.81,70.98,544436
20/09/2017,71.01,71.1,70.59,70.98,721972
21/09/2017,70.9,70.93,70.73,70.79,665932
22/09/2017,70.8,70.9,70.76,70.84,2034071
25/09/2017,70.68,70.77,70.33,70.53,1380510
26/09/2017,70.6,70.62,70.36,70.46,1186580
27/09/2017,70.13,70.35,69.99,70.24,744785
28/09/2017,70.2,70.36,70.09,70.33,851648
29/09/2017,70.5,70.76,70.42,70.72,594719
02/10/2017,70.71,70.89,70.65,70.88,1170975
03/10/2017,71.01,71.19,70.97,71.19,839043
04/10/2017,71.12,71.29,71.09,71.22,377458
05/10/2017,71.23,71.45,71.2,71.43,628398
06/10/2017,71.21,71.35,71.13,71.34,711831
09/10/2017,71.27,71.4,71.16,71.24,248418
10/10/2017,71.55,71.68,71.45,71.63,403314
11/10/2017,71.67,71.83,71.65,71.83,722546
12/10/2017,71.75,71.9,71.71,71.79,858894
13/10/2017,72.03,72.1,71.97,71.99,686377
16/10/2017,72.04,72.1,71.94,72.02,380473
17/10/2017,71.96,71.99,71.83,71.99,671637
18/10/2017,72.05,72.1,71.92,72.04,619258
19/10/2017,71.71,71.95,71.6,71.95,513481
20/10/2017,72.01,72.13,71.99,72.12,532253
23/10/2017,72.14,72.14,71.82,71.84,613692
24/10/2017,71.95,72.02,71.86,71.96,497505
25/10/2017,71.97,71.97,71.32,71.67,750776
26/10/2017,71.79,71.88,71.68,71.69,632185
27/10/2017,71.79,72.1,71.64,72.07,612180
30/10/2017,72.02,72.1,71.89,71.98,637813
31/10/2017,72.16,72.29,72.06,72.21,836085
01/11/2017,72.5,72.64,72.3,72.37,865252
02/11/2017,72.35,72.49,72.15,72.45,555407
03/11/2017,72.46,72.51,72.24,72.51,716487
06/11/2017,72.46,72.72,72.44,72.7,498806
07/11/2017,72.71,72.76,72.39,72.55,2142601
08/11/2017,72.55,72.72,72.43,72.71,354305
09/11/2017,72.22,72.34,71.85,72.31,1046159
10/11/2017,72.23,72.29,72.11,72.25,378305
13/11/2017,71.87,72.19,71.8,72.14,598216
14/11/2017,71.97,72.03,71.77,72.03,340498
15/11/2017,71.5,71.74,71.33,71.61,1192318
16/11/2017,71.98,72.4,71.98,72.3,415787
17/11/2017,72.18,72.29,72.13,72.2,334753
20/11/2017,72.3,72.4,72.24,72.31,501191
21/11/2017,72.75,72.94,72.73,72.88,369255
22/11/2017,73.04,73.1,72.84,72.98,505109
24/11/2017,73.19,73.28,73.19,73.25,266697
27/11/2017,73.2,73.2,72.96,72.96,600643
28/11/2017,73.18,73.56,73.07,73.52,1301170
29/11/2017,73.53,73.62,73.17,73.29,1300377
30/11/2017,73.51,73.83,73.51,73.58,818469
01/12/2017,73.5,73.6,72.67,73.42,1276894
04/12/2017,73.81,73.92,73.29,73.29,2396147
05/12/2017,73.34,73.5,73.04,73.06,1357655
06/12/2017,72.8,72.96,72.73,72.83,484621
07/12/2017,72.78,73.15,72.72,73.06,766621
08/12/2017,73.41,73.5,73.27,73.49,745576
11/12/2017,73.63,73.68,73.52,73.67,805627
12/12/2017,73.64,73.76,73.55,73.69,477329
13/12/2017,73.86,74.06,73.81,73.85,848962
14/12/2017,73.93,73.94,73.53,73.53,1207718
15/12/2017,73.72,73.99,73.63,73.87,886160
18/12/2017,74.39,74.7,74.39,74.56,642516
19/12/2017,74.11,74.4,73.8,73.81,946978
20/12/2017,74.03,74.03,73.69,73.76,579460
21/12/2017,73.89,74.13,73.86,73.97,846598
22/12/2017,74.02,74.1,73.9,74.1,781164
26/12/2017,74.08,74.14,74.02,74.11,866486
27/12/2017,74.17,74.24,74.1,74.16,599134
28/12/2017,74.42,74.44,74.28,74.38,515979
29/12/2017,74.65,74.66,74.24,74.26,1031151
02/01/2018,74.55,74.91,74.51,74.91,1267705
03/01/2018,75,75.44,75,75.42,768549
04/01/2018,75.77,75.97,75.75,75.87,819369
05/01/2018,76.09,76.33,75.96,76.31,925118
08/01/2018,76.24,76.41,76.17,76.39,723160
09/01/2018,76.49,76.59,76.32,76.52,871712
10/01/2018,76.32,76.36,76.09,76.27,862918
11/01/2018,76.46,76.83,76.4,76.83,777747
12/01/2018,77.01,77.46,76.95,77.44,747717
16/01/2018,77.78,77.94,77.11,77.26,1433957
17/01/2018,77.5,78.02,77.34,77.87,2392937
18/01/2018,77.75,77.86,77.57,77.71,1275248
19/01/2018,78,78.12,77.83,78.12,910537
22/01/2018,78.12,78.69,78.11,78.69,964233
23/01/2018,78.72,78.94,78.6,78.91,813060
24/01/2018,79.22,79.38,78.69,79.04,1131307
25/01/2018,79.32,79.32,78.76,78.92,2001679
26/01/2018,79.24,79.74,79.14,79.73,1938530
29/01/2018,79.34,79.4,79,79.07,3850583
30/01/2018,78.59,78.65,78.17,78.26,1254461
31/01/2018,78.67,78.7,78,78.33,1409019
01/02/2018,78.08,78.55,77.9,78.27,1380658
02/02/2018,77.65,77.67,76.55,76.56,1169957
05/02/2018,75.96,76.5,73.55,73.62,2453606
06/02/2018,72.91,75.29,72.59,75.16,9365799
07/02/2018,74.59,75.38,74.19,74.2,5577007
08/02/2018,74.32,74.32,71.83,71.85,8214162
09/02/2018,72.68,73.13,70.56,72.61,5756324
12/02/2018,73.3,74.03,72.84,73.69,2352499
13/02/2018,73.34,73.86,73.18,73.74,1280637
14/02/2018,73.29,74.97,73.27,74.91,1913694
15/02/2018,75.47,75.75,74.79,75.74,1546962
16/02/2018,75.58,76.31,75.53,75.8,1019876
20/02/2018,75.32,75.72,74.99,75.23,1142985
21/02/2018,75.51,76.15,74.94,74.95,909428
22/02/2018,75.18,75.69,74.91,75.08,1569858
23/02/2018,75.5,76.09,75.35,76.09,1521774
26/02/2018,76.38,76.82,76.1,76.8,1194458
27/02/2018,76.65,76.74,75.73,75.73,3953580
28/02/2018,75.81,76,74.84,74.85,919990
01/03/2018,74.83,75.14,73.46,73.96,1471404
02/03/2018,73.48,74.42,73.22,74.31,985856
05/03/2018,73.84,75.04,73.74,74.91,861996
06/03/2018,75.42,75.43,74.94,75.35,772626
07/03/2018,74.79,75.35,74.65,75.26,869341
08/03/2018,75.47,75.6,75.18,75.55,1198771
09/03/2018,75.82,76.51,75.75,76.5,1349644
12/03/2018,76.62,76.85,76.43,76.58,1698248
13/03/2018,76.83,76.98,75.88,76.05,939855
14/03/2018,76.51,76.55,75.79,75.97,1131608
15/03/2018,76.08,76.25,75.71,75.85,844905
16/03/2018,75.87,76.09,75.82,75.86,480334
19/03/2018,75.63,75.63,74.62,75.06,791154
20/03/2018,75.16,75.37,75.08,75.24,1402558
21/03/2018,75.18,75.8,75.09,75.3,1276732
22/03/2018,74.51,74.71,73.51,73.54,1352367
23/03/2018,73.68,73.85,72.25,72.3,1765206
26/03/2018,73.19,73.78,72.45,73.74,1628484
27/03/2018,74,74.13,72.44,72.76,1693855
28/03/2018,72.88,73.33,72.43,72.73,1169196
29/03/2018,73.1,73.99,72.96,73.63,1384420
02/04/2018,73.39,73.49,71.6,72.17,967805
03/04/2018,72.66,73.05,72.19,72.93,998336
04/04/2018,71.9,73.59,71.78,73.51,2300105
05/04/2018,73.9,74.18,73.74,73.9,3805140
06/04/2018,73.5,73.86,72.33,72.71,1041515
09/04/2018,73.27,73.98,73.1,73.15,768799
10/04/2018,73.97,74.42,73.79,74.23,1007842
11/04/2018,73.85,74.36,73.79,73.89,1704376
12/04/2018,74.24,74.54,74.12,74.33,883156
13/04/2018,74.61,74.69,73.87,74.13,567400
16/04/2018,74.52,74.8,74.27,74.51,589069
17/04/2018,74.84,75.26,74.74,75.11,382903
18/04/2018,75.35,75.55,75.2,75.4,1300875
19/04/2018,75.25,75.27,74.68,74.91,1406281
20/04/2018,74.79,74.9,74.22,74.42,409713
23/04/2018,74.5,74.61,74.06,74.33,733456
24/04/2018,74.63,74.69,73.35,73.72,1062236
25/04/2018,73.55,73.78,73.11,73.69,722310
26/04/2018,74.01,74.45,73.92,74.31,398574
27/04/2018,74.43,74.52,74.13,74.44,572396
30/04/2018,74.49,74.63,73.94,73.94,1020835
01/05/2018,73.89,73.93,73.3,73.9,382388
02/05/2018,74.02,74.19,73.53,73.62,685115
03/05/2018,73.51,73.74,72.74,73.59,1272224
04/05/2018,73.18,74.4,73.13,74.22,472832
07/05/2018,74.34,74.53,74.15,74.33,1104800
08/05/2018,74.23,74.35,74.01,74.34,1030422
09/05/2018,74.51,74.87,74.36,74.79,851813
10/05/2018,75.07,75.57,75.07,75.48,421822
11/05/2018,75.63,75.8,75.46,75.64,1183069
14/05/2018,75.86,76.06,75.67,75.75,363079
15/05/2018,75.12,75.19,74.82,75.07,1254460
16/05/2018,75.23,75.55,75.2,75.45,2032990
17/05/2018,75.43,75.69,75.23,75.43,737717
18/05/2018,75.27,75.29,75.07,75.18,918490
21/05/2018,75.6,75.69,75.44,75.61,414016
22/05/2018,75.81,75.92,75.47,75.54,462983
23/05/2018,74.95,75.34,74.79,75.32,1098764
24/05/2018,75.2,75.28,74.66,75.19,612294
25/05/2018,74.96,75.05,74.8,74.94,559396
29/05/2018,74.23,74.34,73.49,73.78,1379471
30/05/2018,74.18,74.82,74.12,74.74,506113
31/05/2018,74.65,74.68,74.19,74.36,642105
01/06/2018,74.85,75.13,74.8,75.08,458981
04/06/2018,75.43,75.58,75.32,75.46,387577
05/06/2018,75.49,75.55,75.22,75.44,288620
06/06/2018,75.68,76.1,75.52,76.1,446587
07/06/2018,76.15,76.27,75.6,75.84,607365
08/06/2018,75.74,76.03,75.57,76.01,1229589
11/06/2018,76.11,76.36,76.05,76.2,1797393
12/06/2018,76.2,76.29,75.93,76.12,1631796
13/06/2018,76.26,76.28,75.77,75.89,582777
14/06/2018,76.07,76.18,75.87,75.97,1306320
15/06/2018,75.61,75.69,75.28,75.65,573396
18/06/2018,75.03,75.33,74.91,75.29,880569
19/06/2018,74.43,74.88,74.25,74.78,6193659
20/06/2018,75.13,75.21,74.86,75.04,1203994
21/06/2018,74.95,74.95,74.34,74.42,584581
22/06/2018,74.5,74.54,74.22,74.31,553642
25/06/2018,73.89,73.9,72.91,73.25,1421589
26/06/2018,73.42,73.56,73.12,73.33,1586420
27/06/2018,73.51,73.76,72.62,72.64,1274636
28/06/2018,72.63,73.14,72.39,73.01,1088657
29/06/2018,73.47,73.82,73.36,73.37,853121
02/07/2018,72.65,73.13,72.55,73.11,672346
03/07/2018,73.49,73.51,72.98,73.03,552604
05/07/2018,73.54,73.64,73.17,73.61,1056641
06/07/2018,73.62,74.22,73.54,74.08,2287863
09/07/2018,74.54,74.86,74.49,74.82,642540
10/07/2018,74.88,74.99,74.74,74.95,679522
11/07/2018,74.38,74.55,73.96,74.12,552324
12/07/2018,74.52,74.73,74.31,74.7,672625
13/07/2018,74.7,74.87,74.55,74.79,347234
16/07/2018,74.83,74.84,74.57,74.69,457683
17/07/2018,74.5,75.05,74.43,74.98,791616
18/07/2018,74.95,75.05,74.75,75.03,380656
19/07/2018,74.66,74.9,74.48,74.75,653441
20/07/2018,74.86,75.07,74.8,74.89,3056246
23/07/2018,74.87,74.92,74.66,74.89,485284
24/07/2018,75.37,75.58,75.06,75.22,1965985
25/07/2018,75.28,76.05,75.23,76,1224542
26/07/2018,75.68,75.88,75.64,75.68,593418
27/07/2018,75.85,75.92,75.23,75.45,949153
30/07/2018,75.56,75.63,75.09,75.19,591590
31/07/2018,75.4,75.65,75.28,75.48,558571
01/08/2018,75.43,75.51,75.07,75.21,744069
02/08/2018,74.64,75.25,74.55,75.22,481427
03/08/2018,75.21,75.48,75.14,75.48,432658
06/08/2018,75.2,75.55,75.13,75.48,1084932
07/08/2018,75.86,75.93,75.72,75.77,1200528
08/08/2018,75.75,75.82,75.57,75.72,1449981
09/08/2018,75.72,75.87,75.53,75.55,2344342
10/08/2018,74.82,74.88,74.53,74.7,1607898
13/08/2018,74.65,74.79,74.17,74.3,4443727
14/08/2018,74.49,74.71,74.35,74.65,523817
15/08/2018,73.95,73.97,73.29,73.82,5321328
16/08/2018,74.24,74.65,74.24,74.38,3981499
17/08/2018,74.28,74.88,74.2,74.71,867955
20/08/2018,74.93,75.04,74.8,75,562250
21/08/2018,75.22,75.53,75.21,75.3,2397924
22/08/2018,75.35,75.63,75.35,75.5,980746
23/08/2018,75.29,75.52,75.09,75.15,892423
24/08/2018,75.5,75.78,75.45,75.69,907502
27/08/2018,76.16,76.53,76.07,76.49,1572294
28/08/2018,76.59,76.66,76.36,76.43,480930
29/08/2018,76.44,76.83,76.33,76.79,427077
30/08/2018,76.39,76.44,75.97,76.15,1676109
31/08/2018,76.05,76.29,75.79,76.13,1095100
04/09/2018,75.65,75.67,75.31,75.65,1106016
05/09/2018,75.28,75.34,74.88,75.15,770317
06/09/2018,75.15,75.29,74.68,74.99,2861061
07/09/2018,74.58,74.9,74.44,74.65,1308433
10/09/2018,74.96,75.03,74.76,74.83,1501442
11/09/2018,74.53,75.01,74.36,74.98,1023661
12/09/2018,74.91,75.23,74.73,75.12,1282943
13/09/2018,75.65,75.75,75.4,75.59,1026691
14/09/2018,75.72,75.78,75.43,75.64,1346467
17/09/2018,75.77,75.77,75.3,75.37,1616911
18/09/2018,75.6,76.02,75.58,75.9,2291147
19/09/2018,75.92,76.19,75.92,76.09,844487
20/09/2018,76.6,76.86,76.47,76.8,781935
21/09/2018,76.89,76.97,76.74,76.78,1614411
24/09/2018,76.62,76.65,76.33,76.44,1491211
25/09/2018,76.75,76.75,76.5,76.54,786862
26/09/2018,76.21,76.61,76,76.05,489839
27/09/2018,76.06,76.4,76.05,76.11,3203535
28/09/2018,75.76,76.03,75.67,75.83,3139577
01/10/2018,76.26,76.32,75.9,76.07,1335641
02/10/2018,75.72,75.89,75.57,75.71,908114
03/10/2018,76,76.08,75.58,75.71,733524
04/10/2018,75.42,75.42,74.49,74.88,7408853
05/10/2018,74.84,74.96,74.04,74.43,1482798
08/10/2018,74.03,74.34,73.66,74.27,937209
09/10/2018,73.94,74.34,73.77,74.09,8102975
10/10/2018,73.89,73.92,71.88,71.99,2131609
11/10/2018,71.67,72.12,70.3,70.73,4100569
12/10/2018,71.78,71.8,70.66,71.53,2400399
15/10/2018,71.36,71.71,71.06,71.23,1723970
16/10/2018,71.82,72.73,71.75,72.64,2057091
17/10/2018,72.54,72.56,71.79,72.35,1384542
18/10/2018,72.04,72.15,70.92,71.23,1319511
19/10/2018,71.56,72.05,71.21,71.3,817552
22/10/2018,71.55,71.65,70.94,71.1,1248846
23/10/2018,70.01,70.91,69.44,70.61,2163746
24/10/2018,70.37,70.43,68.36,68.45,2745367
25/10/2018,69.01,69.95,68.77,69.59,1506181
26/10/2018,68.59,69.41,67.8,68.74,6324924
29/10/2018,69.4,69.76,67.48,68.27,3846663
30/10/2018,68.35,69.31,68.24,69.27,2275708
31/10/2018,69.9,70.41,69.83,69.9,2022638
01/11/2018,70.41,71.02,70.11,71,1574921
02/11/2018,71.41,71.57,70.3,70.85,1379392
05/11/2018,70.98,71.16,70.69,71.04,1388029
06/11/2018,71.05,71.45,71.03,71.4,1134161
07/11/2018,71.99,72.65,71.81,72.63,663656
08/11/2018,72.38,72.51,71.91,72.05,2301724
09/11/2018,71.64,71.7,71.07,71.48,8658720
12/11/2018,71.25,71.25,70.11,70.22,1997311
13/11/2018,70.42,71.01,70.14,70.33,2990577
14/11/2018,70.75,70.94,69.66,70.09,2821187
15/11/2018,69.76,70.84,69.41,70.71,3570639
16/11/2018,70.33,71.03,70.22,70.85,1069263
19/11/2018,70.7,70.72,69.64,69.88,1191413
20/11/2018,68.93,69.25,68.38,68.6,2534352
21/11/2018,69.24,69.68,69.14,69.24,1527220
23/11/2018,68.79,69.13,68.75,68.8,708292
26/11/2018,69.48,69.85,69.42,69.8,1846378
27/11/2018,69.49,69.81,69.29,69.81,1696075
28/11/2018,70.02,71.18,69.75,71.15,6203228
29/11/2018,70.94,71.31,70.61,70.97,1799348
30/11/2018,70.78,71.18,70.66,71.11,1663769
03/12/2018,72.36,72.38,71.72,72.08,2607098
04/12/2018,71.8,71.9,69.9,69.96,2166030
06/12/2018,68.85,69.68,68.02,69.6,4867619
07/12/2018,69.63,69.98,68.14,68.32,2638616
10/12/2018,68.23,68.39,67.11,68.17,4363479
11/12/2018,68.87,69.03,67.8,68.2,3221142
12/12/2018,69.09,69.6,68.9,68.94,4429957
13/12/2018,69.08,69.3,68.6,68.81,5085619
14/12/2018,68.1,68.4,67.62,67.73,3496439
17/12/2018,67.51,67.76,66.29,66.61,4734793
18/12/2018,67.03,67.31,66.36,66.7,6226205
19/12/2018,66.89,67.57,65.45,65.84,4827554
20/12/2018,65.74,66.06,64.65,65.14,7203703
21/12/2018,65.08,65.72,63.84,64.01,8540903
24/12/2018,63.4,63.69,62.32,62.33,4146839
26/12/2018,62.66,64.65,62.14,64.65,11454554
27/12/2018,63.74,65.01,63.12,65.01,8538652
28/12/2018,65.4,65.7,64.78,65.08,8670500
31/12/2018,65.5,65.62,65.01,65.46,7320547
02/01/2019,64.52,65.54,64.41,65.38,2531219
03/01/2019,65.11,65.11,64.2,64.36,2946953
04/01/2019,65.29,66.62,65.19,66.45,2777913
07/01/2019,66.49,67.19,66.28,66.86,2345595
08/01/2019,67.33,67.5,66.83,67.4,1405399
09/01/2019,67.87,68.25,67.62,68.03,3081349
10/01/2019,67.61,68.34,67.53,68.34,1817203
11/01/2019,67.85,68.2,67.75,68.08,5274491
14/01/2019,67.59,67.93,67.5,67.71,2259877
15/01/2019,67.88,68.33,67.87,68.32,2395145
16/01/2019,68.42,68.69,68.39,68.55,3137578
17/01/2019,68.26,69.18,68.22,68.94,2908608
18/01/2019,69.41,69.84,69.27,69.69,7013832
22/01/2019,69.14,69.17,68.36,68.7,4551785
23/01/2019,69.1,69.2,68.36,68.86,2361757
24/01/2019,68.94,69.19,68.76,69.07,2315562
25/01/2019,69.64,69.94,69.59,69.77,1551985
28/01/2019,69.17,69.34,68.89,69.32,4018572
29/01/2019,69.52,69.63,69.22,69.36,2179007
30/01/2019,69.75,70.57,69.5,70.34,2841512
31/01/2019,70.31,70.87,70.23,70.69,4554817
01/02/2019,70.77,70.89,70.52,70.7,2453478
04/02/2019,70.64,71.08,70.47,71.07,1979521
05/02/2019,71.31,71.59,71.29,71.56,2158341
06/02/2019,71.45,71.5,71.16,71.26,1363549
07/02/2019,70.81,70.93,70.15,70.57,2867635
08/02/2019,70.16,70.44,69.89,70.44,2493943
11/02/2019,70.57,70.63,70.29,70.44,1177708
12/02/2019,70.94,71.38,70.94,71.3,888307
13/02/2019,71.5,71.66,71.29,71.33,1181767
14/02/2019,71.13,71.6,71,71.32,1617504
15/02/2019,71.79,72.1,71.76,72.1,1658934
19/02/2019,71.9,72.43,71.88,72.28,3320873
20/02/2019,72.39,72.69,72.31,72.55,3021824
21/02/2019,72.45,72.45,72.06,72.28,817155
22/02/2019,72.53,72.83,72.49,72.74,7442801
25/02/2019,73.18,73.32,72.91,72.93,5360454
26/02/2019,72.85,73.22,72.85,73.01,2517714
27/02/2019,72.86,73.04,72.56,72.92,6202180
28/02/2019,72.84,72.89,72.61,72.68,4534686
01/03/2019,73.1,73.24,72.73,73.05,3100702
04/03/2019,73.35,73.36,72.3,72.83,1990580
05/03/2019,72.87,73.07,72.72,72.93,5713530
06/03/2019,72.92,72.93,72.44,72.49,2981839
07/03/2019,72.32,72.38,71.56,71.72,2713336
08/03/2019,71.24,71.58,71.08,71.53,1890293
11/03/2019,71.77,72.51,71.75,72.49,1327225
12/03/2019,72.62,72.78,72.57,72.67,7052739
13/03/2019,72.92,73.27,72.85,73.09,2184861
14/03/2019,73.08,73.12,72.88,73,1487806
15/03/2019,73.31,73.66,73.28,73.57,5173212
18/03/2019,73.7,73.94,73.61,73.9,1979942
19/03/2019,74.15,74.31,73.72,73.91,2504963
20/03/2019,73.77,74.23,73.32,73.79,5408646
21/03/2019,73.42,74.3,73.42,74.23,1791008
22/03/2019,73.65,73.74,72.69,72.72,2787783
25/03/2019,72.37,72.65,72.08,72.42,1830560
26/03/2019,72.87,73.11,72.56,72.85,1246563
27/03/2019,72.89,73.06,72.18,72.58,4485902
28/03/2019,72.67,72.85,72.38,72.78,2197830
29/03/2019,73.16,73.21,72.87,73.17,5722400
01/04/2019,73.76,74.17,73.76,74.11,1495966
02/04/2019,74.11,74.15,73.86,74.1,2192632
03/04/2019,74.55,74.72,74.26,74.41,1667568
04/04/2019,74.42,74.54,74.27,74.51,924780
05/04/2019,74.67,74.84,74.58,74.81,4255109
08/04/2019,74.76,74.91,74.55,74.9,2056015
09/04/2019,74.7,74.7,74.41,74.5,1918635
10/04/2019,74.66,74.84,74.54,74.81,547409
11/04/2019,74.87,74.87,74.53,74.68,4428819
12/04/2019,75.16,75.28,75.03,75.21,1231330
15/04/2019,75.21,75.21,74.92,75.09,1106161
16/04/2019,75.44,75.44,75.15,75.26,2298412
17/04/2019,75.54,75.58,75.06,75.17,2417429
18/04/2019,75.23,75.28,74.9,75.23,1334224
22/04/2019,75.01,75.18,74.97,75.16,940949
23/04/2019,75.2,75.67,75.11,75.64,828694
24/04/2019,75.44,75.46,75.15,75.23,1478514
25/04/2019,75.17,75.27,74.83,75.18,1323164
26/04/2019,75.29,75.54,75.08,75.54,860758
29/04/2019,75.58,75.77,75.5,75.64,661262
30/04/2019,75.61,75.76,75.26,75.71,2146651
01/05/2019,75.91,75.99,75.19,75.22,1759922
02/05/2019,75.23,75.41,74.75,75.11,1587700
03/05/2019,75.48,75.86,75.42,75.83,946625
06/05/2019,74.49,75.37,74.35,75.3,2121772
07/05/2019,74.64,74.69,73.61,74.05,2874116
08/05/2019,74,74.41,73.83,74.04,3207789
09/05/2019,73.24,73.75,72.78,73.61,2215465
10/05/2019,73.43,74.13,72.74,73.97,4345879
13/05/2019,72.57,72.71,71.89,72.11,2660395
14/05/2019,72.53,73.15,72.47,72.86,2339886
15/05/2019,72.38,73.31,72.31,73.2,2164613
16/05/2019,73.38,74.08,73.37,73.74,1075113
17/05/2019,73.1,73.71,73.06,73.15,1197688
20/05/2019,72.8,73.02,72.52,72.74,1432843
21/05/2019,73.16,73.42,73.06,73.38,858117
22/05/2019,73.11,73.3,72.99,73.05,1143643
23/05/2019,72.42,72.42,71.88,72.23,1797592
24/05/2019,72.64,72.8,72.36,72.56,1167026
28/05/2019,72.66,72.89,71.98,71.99,7004430
29/05/2019,71.69,71.75,71.22,71.63,2104699
30/05/2019,71.81,72.03,71.6,71.88,1950464
31/05/2019,71.13,71.43,70.92,71.19,5620589
03/06/2019,71.34,71.61,71.01,71.3,6752846
04/06/2019,71.83,72.56,71.6,72.52,5617705
05/06/2019,72.9,72.9,72.34,72.77,1297727
06/06/2019,72.96,73.3,72.7,73.11,1528587
07/06/2019,73.5,74.13,73.46,73.85,1492280
10/06/2019,74.22,74.55,74.16,74.16,1249679
11/06/2019,74.78,74.85,74.2,74.37,1165583
12/06/2019,74.2,74.27,73.95,74.01,1196957
13/06/2019,74.28,74.37,74.02,74.22,863397
14/06/2019,74.01,74.02,73.79,73.87,920098
17/06/2019,73.4,73.61,73.34,73.42,712321
18/06/2019,73.9,74.52,73.9,74.32,2964566
19/06/2019,74.49,74.76,74.21,74.67,2418981
20/06/2019,75.48,75.57,74.97,75.4,1185250
21/06/2019,75.19,75.39,75.07,75.13,1372252
24/06/2019,75.16,75.28,75.04,75.1,1266781
25/06/2019,75.11,75.16,74.41,74.45,1174737
26/06/2019,74.79,74.85,74.46,74.49,2807308
27/06/2019,74.71,74.89,74.65,74.82,1396197
28/06/2019,75.09,75.25,74.99,75.16,2162322
01/07/2019,76.02,76.16,75.54,75.81,1931090
02/07/2019,75.75,75.92,75.65,75.92,1356784
03/07/2019,76.12,76.43,76.09,76.41,614932
05/07/2019,75.95,76.16,75.56,76.11,1645650
08/07/2019,75.72,75.84,75.62,75.75,1202732
09/07/2019,75.34,75.7,75.26,75.63,1009667
10/07/2019,75.97,76.24,75.81,76,830698
11/07/2019,76.17,76.19,75.81,76.04,1243749
12/07/2019,76.19,76.3,76.03,76.3,1012272
15/07/2019,76.39,76.4,76.22,76.32,922934
16/07/2019,76.28,76.33,75.98,76.06,1135833
17/07/2019,76.1,76.14,75.7,75.7,844012
18/07/2019,75.61,76.06,75.46,76.01,2275705
19/07/2019,76.16,76.21,75.67,75.71,1258504
22/07/2019,75.8,75.9,75.66,75.79,837443
23/07/2019,76.16,76.31,75.95,76.28,2255134
24/07/2019,76.04,76.54,76.04,76.53,917485
25/07/2019,76.45,76.45,75.86,75.98,1666692
26/07/2019,76.18,76.42,76.18,76.36,3182691
29/07/2019,76.4,76.45,76.13,76.29,1470127
30/07/2019,75.76,75.94,75.6,75.85,1640851
31/07/2019,75.91,75.99,74.58,75.16,2355595
01/08/2019,75.3,75.91,74.32,74.56,2228274
02/08/2019,74.3,74.3,73.51,73.87,4096801
05/08/2019,72.76,72.77,71.31,71.81,3968809
06/08/2019,72.34,72.63,71.9,72.61,5379445
07/08/2019,72.06,72.94,71.55,72.82,2830069
08/08/2019,73.2,73.97,73.04,73.95,1530315
09/08/2019,73.72,73.8,73.06,73.38,2156565
12/08/2019,73,73.09,72.39,72.61,1397802
13/08/2019,72.49,73.87,72.36,73.53,1036665
14/08/2019,72.27,72.42,71.34,71.38,2370941
15/08/2019,71.72,71.84,71.19,71.64,2315169
16/08/2019,72.15,72.71,72.1,72.63,559518
19/08/2019,73.42,73.43,73.18,73.25,1595704
20/08/2019,73.17,73.26,72.82,72.85,1418512
21/08/2019,73.5,73.6,73.3,73.46,803513
22/08/2019,73.57,73.65,72.94,73.31,1238979
23/08/2019,73.02,73.51,71.62,71.8,2166584
26/08/2019,72.43,72.57,72.1,72.5,1345406
27/08/2019,72.87,72.95,72.14,72.27,2222276
28/08/2019,72.15,72.69,71.93,72.64,2509550
29/08/2019,73.31,73.56,73.04,73.45,1025949
30/08/2019,73.84,73.87,73.27,73.58,1302300
03/09/2019,73.06,73.26,72.82,73.19,2041242
04/09/2019,73.87,74.11,73.75,74.09,712197
05/09/2019,74.71,75.15,74.71,74.93,1038722
06/09/2019,75.04,75.2,74.95,75.06,1003678
09/09/2019,75.28,75.28,74.89,75.12,981185
10/09/2019,74.98,75.15,74.66,75.15,1245047
11/09/2019,75.39,75.7,75.21,75.68,896066
12/09/2019,75.95,76.23,75.71,76.02,1226844
13/09/2019,76.26,76.44,76.1,76.17,1006382
16/09/2019,75.83,76.02,75.76,75.89,2051316
17/09/2019,75.73,76.06,75.64,76.04,651425
18/09/2019,75.96,76.01,75.36,75.98,638212
19/09/2019,76.14,76.4,75.99,76.03,4272185
20/09/2019,76.22,76.31,75.63,75.78,1045603
23/09/2019,75.59,75.88,75.5,75.76,1033225
24/09/2019,75.59,75.59,74.66,74.83,3594021
25/09/2019,74.69,75.12,74.33,74.99,1501255
26/09/2019,75.15,75.15,74.71,75.02,4895928
27/09/2019,75.15,75.15,74.23,74.55,1898297
30/09/2019,74.61,74.98,74.61,74.82,943172
01/10/2019,74.94,75,73.96,74.02,3799783
02/10/2019,73.43,73.53,72.5,72.8,2382608
03/10/2019,72.83,73.37,72.25,73.36,2867071
04/10/2019,73.55,74.18,73.47,74.14,3743037
07/10/2019,74,74.32,73.85,73.9,2932497
08/10/2019,73.44,73.54,72.9,72.93,1969274
09/10/2019,73.53,73.73,73.32,73.54,4602279
10/10/2019,73.56,74.23,73.5,74.05,2487147
11/10/2019,74.94,75.53,74.91,75.04,2292778
14/10/2019,74.87,74.99,74.78,74.85,751441
15/10/2019,75.14,75.8,75.07,75.63,1332541
16/10/2019,75.56,75.72,75.42,75.59,1242074
17/10/2019,75.89,76.06,75.64,75.8,1265213
18/10/2019,75.72,75.85,75.32,75.57,2230967
21/10/2019,75.99,76.1,75.91,76.1,853848
22/10/2019,76.23,76.3,75.87,75.89,1015976
23/10/2019,75.89,76.13,75.78,76.11,877386
24/10/2019,76.43,76.45,76.08,76.27,1254134
25/10/2019,76.16,76.62,76.11,76.56,1559291
28/10/2019,76.84,77.04,76.82,76.97,1318747
29/10/2019,76.79,77.06,76.77,76.9,1058341
30/10/2019,76.92,77.22,76.52,77.14,1530741
31/10/2019,77.07,77.07,76.53,76.91,2494752
01/11/2019,77.33,77.68,77.33,77.67,631233
04/11/2019,78.19,78.25,77.97,78.04,1258374
05/11/2019,78.17,78.22,77.92,78.05,1460768
06/11/2019,77.99,78.13,77.82,78.04,995526
07/11/2019,78.41,78.54,78.2,78.29,1359962
08/11/2019,78.08,78.35,77.9,78.35,898379
11/11/2019,77.92,78.17,77.8,78.15,777436
12/11/2019,78.15,78.42,78.04,78.21,1553593
13/11/2019,77.8,78.15,77.65,78.07,1057968
14/11/2019,77.93,78.09,77.77,78.09,923100
15/11/2019,78.43,78.64,78.31,78.64,649042
18/11/2019,78.59,78.72,78.37,78.67,1036702
19/11/2019,78.92,78.92,78.51,78.69,980979
20/11/2019,78.46,78.58,77.96,78.3,3309732
21/11/2019,78.33,78.33,77.96,78.21,781117
22/11/2019,78.46,78.46,78.12,78.38,1035634
25/11/2019,78.69,79,78.63,78.98,1387088
26/11/2019,78.97,79.1,78.83,79.05,1275516
27/11/2019,79.24,79.39,79.14,79.37,4083658
29/11/2019,79.01,79.06,78.84,78.88,698455
02/12/2019,78.9,78.93,78.17,78.32,1349303
03/12/2019,77.67,77.92,77.31,77.91,3234388
04/12/2019,78.34,78.6,78.26,78.5,1299631
05/12/2019,78.66,78.68,78.3,78.57,1227542
06/12/2019,79.16,79.35,79.1,79.27,1497611
09/12/2019,79.17,79.31,78.97,79,1112507
10/12/2019,78.97,79.13,78.76,78.93,1684526
11/12/2019,79.05,79.37,79.02,79.27,1081300
12/12/2019,79.33,80.12,79.24,80,2525597
13/12/2019,80.09,80.59,79.87,80.14,2941098
16/12/2019,80.78,80.95,80.68,80.82,2190200
17/12/2019,80.82,80.88,80.72,80.79,5313934
18/12/2019,80.91,80.91,80.76,80.82,1062390
19/12/2019,80.77,81.03,80.74,81.03,866874
20/12/2019,81.31,81.37,81.19,81.27,1877579
23/12/2019,80.81,80.81,80.68,80.77,3628495
24/12/2019,80.8,80.92,80.65,80.74,1185706
26/12/2019,80.91,81.12,80.86,81.11,750116
27/12/2019,81.4,81.41,81.06,81.21,1034753
30/12/2019,81.31,81.36,80.65,80.73,1041510
31/12/2019,80.74,81.03,80.61,80.99,1034705
02/01/2020,81.43,81.81,81.32,81.81,946105
03/01/2020,80.9,81.4,80.8,81.07,2310530
06/01/2020,80.67,81.37,80.66,81.37,2641913
07/01/2020,81.29,81.29,80.99,81.12,1349242
08/01/2020,81.09,81.73,81.08,81.45,3532760
09/01/2020,81.82,81.86,81.6,81.85,2239681
10/01/2020,82,82.04,81.57,81.68,2477070
13/01/2020,81.84,82.26,81.7,82.26,1698117
14/01/2020,82.11,82.41,82.01,82.23,1731070
15/01/2020,82.1,82.43,82.07,82.24,1667497
16/01/2020,82.6,82.83,82.51,82.83,2916436
17/01/2020,83.07,83.08,82.84,83.08,3340481
21/01/2020,82.61,82.78,82.49,82.55,1517640
22/01/2020,82.84,83.03,82.59,82.66,1433784
23/01/2020,82.37,82.62,82.03,82.57,3729793
24/01/2020,82.8,82.8,81.63,81.92,1141759
27/01/2020,80.36,80.76,80.15,80.4,1518348
28/01/2020,80.76,81.3,80.61,81.19,909554
29/01/2020,81.46,81.48,81.03,81.11,2018096
30/01/2020,80.46,81.16,80.21,81.11,2065322
31/01/2020,80.62,80.68,79.41,79.73,3320754
03/02/2020,80,80.57,80,80.17,5620683
04/02/2020,81.31,81.65,81.21,81.49,2612697
05/02/2020,82.32,82.34,81.88,82.23,1321118
06/02/2020,82.57,82.57,82.29,82.49,1473074
07/02/2020,82.07,82.14,81.72,81.82,1224211
10/02/2020,81.68,82.25,81.6,82.25,1236687
11/02/2020,82.73,82.97,82.51,82.66,863092
12/02/2020,83.07,83.23,82.95,83.17,1581515
13/02/2020,82.68,83.09,82.53,82.87,1397208
14/02/2020,82.99,82.99,82.63,82.93,1184312
18/02/2020,82.56,82.7,82.31,82.57,838207
19/02/2020,82.85,83.13,82.84,83.01,933234
20/02/2020,82.76,82.95,81.92,82.55,1752844
21/02/2020,82.27,82.29,81.71,81.88,1559690
24/02/2020,79.12,79.7,78.87,79.07,4229094
25/02/2020,79.48,79.6,77.01,77.19,4673814
26/02/2020,77.67,78.42,76.9,77.06,3064232
27/02/2020,75.65,76.58,74.21,74.21,3975227
28/02/2020,72.18,73.97,71.49,73.97,5141527
02/03/2020,74.06,76,73.27,76,5925782
03/03/2020,76.31,77.18,73.95,74.53,3966125
04/03/2020,75.94,77.09,75.25,77.02,2844827
05/03/2020,75.35,76.02,74.33,74.82,3932865
06/03/2020,72.92,73.8,72.22,73.5,4001105
09/03/2020,68.5,69.84,67.53,67.7,6982522
10/03/2020,70.37,70.83,67.79,70.77,4453951
11/03/2020,68.82,69.11,66.58,67.27,8103579
12/03/2020,63.12,63.85,60.39,60.39,8389485
13/03/2020,64.69,65.2,60.6,65.2,4975067
16/03/2020,58,60.99,57.37,57.61,5240155
17/03/2020,58.79,61.04,57.14,60.92,6849555
18/03/2020,56.67,58.48,54.72,57.04,6248531
19/03/2020,56.61,58.8,55.45,57.6,4913258
20/03/2020,58.87,59.34,55.9,56.03,6390622
23/03/2020,55.63,56,53.7,54.48,5791376
24/03/2020,58,59.5,57.6,59.46,5688019
25/03/2020,60,62.48,58.89,60.82,5777642
26/03/2020,61.41,64.1,61.27,63.9,3795030
27/03/2020,61.76,63.29,61.22,61.77,4055389
30/03/2020,62.19,63.49,61.67,63.41,4027864
31/03/2020,63.01,63.8,62.24,62.8,5273380
01/04/2020,60.7,61.28,59.69,60.03,3586991
02/04/2020,60.05,61.59,59.84,61.26,2834770
03/04/2020,60.8,61.25,59.63,60.19,1618370
06/04/2020,62.54,64.25,62.29,63.88,2734880
07/04/2020,66.15,66.23,64.07,64.12,6050953
08/04/2020,64.65,65.9,64.09,65.66,2127590
09/04/2020,66.61,67.42,66.23,66.88,2124547
13/04/2020,66.74,66.75,65.42,66.28,1975783
14/04/2020,67.55,68.1,67.29,67.87,2635717
15/04/2020,66.26,66.54,65.75,66.1,2544641
16/04/2020,66.44,66.61,65.71,66.36,1694695
17/04/2020,67.92,68.25,67.28,68.11,2116753
20/04/2020,67.15,68.11,67.02,67.09,1943397
21/04/2020,65.91,66.3,65.02,65.19,2132234
22/04/2020,66.5,66.89,66.21,66.62,3702459
23/04/2020,66.98,67.75,66.48,66.57,2181750
24/04/2020,66.96,67.44,66.43,67.3,5313228
27/04/2020,67.89,68.62,67.77,68.44,1913733
28/04/2020,69.44,69.58,68.4,68.44,1752741
29/04/2020,69.85,70.66,69.69,70.39,3462446
30/04/2020,69.87,69.92,68.97,69.31,2688744
01/05/2020,68.07,68.21,67.19,67.51,2026555
04/05/2020,67.06,67.76,66.78,67.71,1491764
05/05/2020,68.36,68.82,68.06,68.19,1701979
06/05/2020,68.65,68.73,67.76,67.79,1449417
07/05/2020,68.63,69.09,68.5,68.71,1956252
08/05/2020,69.48,69.99,69.32,69.92,2241565
11/05/2020,69.4,70.21,69.37,69.91,1860091
12/05/2020,70.14,70.31,68.71,68.71,1998513
13/05/2020,68.77,68.95,67.2,67.75,4021442
14/05/2020,66.75,68.06,66.16,68.06,2938027
15/05/2020,67.53,68.19,67.36,68.19,2069601
18/05/2020,69.9,70.89,69.9,70.59,2258193
19/05/2020,70.52,70.78,69.87,69.88,2272393
20/05/2020,70.88,71.38,70.85,71.09,1865527
21/05/2020,70.9,71.16,70.19,70.48,2811892
22/05/2020,70.25,70.43,69.93,70.41,1387887
26/05/2020,72.28,72.36,71.68,71.75,2384710
27/05/2020,72.59,72.76,71.39,72.72,3038094
28/05/2020,73.21,73.64,72.64,72.76,2454320
29/05/2020,72.67,73.04,71.93,72.92,3597446
01/06/2020,73.14,73.93,73.02,73.86,1849780
02/06/2020,74.22,74.71,74.1,74.68,1445394
03/06/2020,75.38,76.26,75.32,76.01,2180273
04/06/2020,75.65,76.1,75.26,75.64,2087946
05/06/2020,77.21,77.97,77.21,77.46,3076888
08/06/2020,77.72,78.44,77.47,78.43,2550440
09/06/2020,77.5,77.92,77.28,77.61,3963820
10/06/2020,77.83,78.06,77.14,77.38,2513105
11/06/2020,75.37,75.45,72.85,72.97,2674155
12/06/2020,74.91,75.08,72.81,74.07,2519754
15/06/2020,72.51,74.81,72.27,74.52,1669001
16/06/2020,76.51,76.52,74.71,75.79,1642353
17/06/2020,76.15,76.21,75.52,75.68,1784261
18/06/2020,75.27,75.77,75.17,75.61,1032142
19/06/2020,76.45,76.47,75.01,75.26,5600024
22/06/2020,75,75.62,74.73,75.56,1910264
23/06/2020,76.29,76.42,75.83,75.87,1509732
24/06/2020,75.25,75.43,73.63,74.05,2140745
25/06/2020,74,74.93,73.53,74.88,3250263
26/06/2020,74.66,74.66,73.33,73.44,2432444
29/06/2020,73.72,74.32,73.21,74.32,1407064
30/06/2020,74.08,75.15,74,74.8,1530805
01/07/2020,75.03,75.53,74.92,75.3,2043196
02/07/2020,76.32,76.73,75.87,75.98,2156499
06/07/2020,77.23,77.53,77.04,77.38,1159204
07/07/2020,76.88,77.31,76.41,76.47,984864
08/07/2020,76.7,77.25,76.42,77.23,1029326
09/07/2020,77.41,77.44,75.95,76.74,1400547
10/07/2020,76.73,77.37,76.41,77.36,1143654
13/07/2020,77.89,78.45,76.59,76.74,1938999
14/07/2020,76.48,77.71,76.26,77.64,2276094
15/07/2020,78.5,78.76,77.95,78.46,1976978
16/07/2020,77.81,78.11,77.68,78.02,1258799
17/07/2020,78.3,78.44,77.87,78.3,872374
20/07/2020,78.36,79.07,78.19,78.93,1104087
21/07/2020,79.52,79.7,79.05,79.23,1923331
22/07/2020,79.19,79.61,79.07,79.55,4607474
23/07/2020,79.39,79.69,78.39,78.71,2197445
24/07/2020,78.21,78.5,77.91,78.29,987297
27/07/2020,78.69,79.16,78.52,79.13,1042758
28/07/2020,78.9,79.12,78.54,78.59,1152710
29/07/2020,78.97,79.73,78.92,79.59,1215238
30/07/2020,78.49,79.14,77.94,79.07,1177303
31/07/2020,79.14,79.2,77.84,78.76,1005321
03/08/2020,79.29,79.77,79.18,79.68,759517
04/08/2020,79.5,80.08,79.45,80.08,908410
05/08/2020,80.6,80.82,80.46,80.62,817017
06/08/2020,80.5,81,80.29,80.97,937778
07/08/2020,80.46,80.7,80.16,80.69,1119229
10/08/2020,80.82,80.96,80.39,80.91,809850
11/08/2020,81.56,81.64,80.5,80.66,1119461
12/08/2020,81.56,82.03,81.53,81.87,756426
13/08/2020,81.7,81.98,81.41,81.65,618326
14/08/2020,81.38,81.62,81.27,81.5,645925
17/08/2020,81.87,82.04,81.82,82,1953771
18/08/2020,82.2,82.31,81.67,82.07,1114302
19/08/2020,82.23,82.28,81.55,81.66,795102
20/08/2020,81.02,81.8,80.92,81.68,1014859
21/08/2020,81.33,81.79,81.29,81.76,747851
24/08/2020,82.63,82.66,82.25,82.61,1014917
25/08/2020,82.89,82.93,82.44,82.9,902878
26/08/2020,83.04,83.61,82.92,83.55,1137713
27/08/2020,83.78,83.78,82.96,83.36,1193814
28/08/2020,83.72,83.99,83.49,83.97,670726
31/08/2020,83.77,83.85,83.36,83.49,703461
01/09/2020,83.68,84.13,83.47,84.12,788267
02/09/2020,84.61,85.19,84.15,85.07,975312
03/09/2020,84.6,84.65,82.03,82.52,1936152
04/09/2020,82.77,83.09,80.49,82.21,1680753
08/09/2020,80.78,81.22,80.23,80.31,5736899
09/09/2020,81.38,82.25,81.21,81.78,1165436
10/09/2020,82.19,82.39,80.46,80.63,1690821
11/09/2020,81.24,81.46,80.33,80.95,1383748
14/09/2020,81.73,82.22,81.64,81.97,964288
15/09/2020,82.71,82.83,82.25,82.45,1527067
16/09/2020,82.81,83.15,82.26,82.31,850225
17/09/2020,81.28,82.12,81.18,81.87,1495107
18/09/2020,82,82.04,80.64,81.15,1102207
21/09/2020,79.38,79.57,78.38,79.57,1526458
22/09/2020,79.68,79.99,79.02,79.94,782477
23/09/2020,80.06,80.11,78.33,78.4,1298040
24/09/2020,78,79.12,77.64,78.44,2157257
25/09/2020,78.05,79.37,77.83,79.3,1632232
28/09/2020,80.39,80.64,80.17,80.55,853246
29/09/2020,80.47,80.66,80.06,80.26,653844
30/09/2020,80.31,81.26,80.28,80.64,2826126
01/10/2020,81.26,81.41,80.83,81.29,1120023
02/10/2020,80.08,81.14,80.04,80.77,1544659
05/10/2020,81.31,82.14,81.31,82.1,671022
06/10/2020,82.24,82.64,81.13,81.26,1663011
07/10/2020,82.02,82.57,81.99,82.41,1301266
08/10/2020,82.87,83.1,82.68,83.09,771249
09/10/2020,83.54,83.81,83.37,83.72,1570057
12/10/2020,84.18,84.89,84.1,84.64,1123448
13/10/2020,84.39,84.41,83.87,84.09,1542551
14/10/2020,84.27,84.48,83.6,83.72,1262165
15/10/2020,82.48,83.41,82.33,83.32,1094972
16/10/2020,83.66,83.96,83.36,83.36,808467
19/10/2020,83.75,83.91,82.42,82.57,1025276
20/10/2020,82.99,83.62,82.85,82.96,724233
21/10/2020,82.95,83.44,82.72,82.75,1557060
22/10/2020,82.8,83.18,82.27,83.07,813808
23/10/2020,83.45,83.45,82.85,83.45,629921
26/10/2020,82.49,82.68,81.19,81.97,1766524
27/10/2020,82.01,82.07,81.56,81.62,1093139
28/10/2020,80.1,80.24,79.01,79.09,3092324
29/10/2020,79.16,80.31,78.81,79.78,2031359
30/10/2020,79.33,79.53,78.28,78.99,2499281
02/11/2020,79.86,80.19,79.27,79.97,1582323
03/11/2020,80.93,81.82,80.79,81.48,1643374
04/11/2020,82.32,83.81,82.04,83.01,2079671
05/11/2020,84.52,85.03,84.35,84.77,1110974
06/11/2020,84.84,85.13,84.41,84.87,1452179
09/11/2020,88.71,88.73,86.14,86.23,2239204
10/11/2020,86.28,86.57,85.57,86.29,1293358
11/11/2020,86.73,86.99,86.49,86.84,2748065
12/11/2020,86.54,86.77,85.6,85.92,1582595
13/11/2020,86.53,87.23,86.44,87.13,813396
16/11/2020,88.03,88.25,87.65,88.24,916484
17/11/2020,87.82,88.33,87.5,88.06,1684681
18/11/2020,88.19,88.35,87.3,87.3,1112099
19/11/2020,87.22,87.87,86.93,87.84,1064739
20/11/2020,87.86,88.02,87.66,87.7,1331015
23/11/2020,88.22,88.46,87.66,88.13,686100
24/11/2020,88.84,89.51,88.62,89.47,1575338
25/11/2020,89.18,89.43,88.85,89.33,1076707
27/11/2020,89.59,89.86,89.58,89.77,530264
30/11/2020,89.5,89.52,88.51,88.76,1392413
01/12/2020,89.9,90.31,89.72,90.08,1401818
02/12/2020,89.65,90.22,89.53,90.14,1337857
03/12/2020,90.43,90.77,90.24,90.44,1197166
04/12/2020,90.81,91.31,90.77,91.31,938781
07/12/2020,91.02,91.2,90.77,91.02,896666
08/12/2020,90.75,91.42,90.71,91.31,1458695
09/12/2020,91.68,91.68,90.37,90.75,795843
10/12/2020,90.36,91.16,90.22,91.01,765210
11/12/2020,90.53,90.83,90.18,90.77,1008558
14/12/2020,91.36,91.55,90.55,90.57,1032207
15/12/2020,91.19,91.75,91,91.74,1447027
16/12/2020,91.86,92.14,91.6,91.96,1264816
17/12/2020,92.43,92.59,92.34,92.55,1117085
18/12/2020,92.58,92.63,91.83,92.26,1537430
21/12/2020,90.1,91.23,89.74,91.05,3064145
22/12/2020,90.98,91.1,90.62,90.96,940922
23/12/2020,91.42,91.68,91.35,91.38,898811
24/12/2020,91.46,91.62,91.26,91.59,769344
28/12/2020,92.17,92.33,91.96,92.01,1175402
29/12/2020,92.7,92.76,92.01,92.19,849903
30/12/2020,92.58,92.9,92.49,92.51,1303981
31/12/2020,92.58,92.68,92.21,92.58,3220960
04/01/2021,93.44,93.51,91.28,92.05,6892858
05/01/2021,92.14,93.24,92.14,93.06,1267385
06/01/2021,92.87,94.47,92.77,93.72,1569161
07/01/2021,94.09,94.83,94.06,94.67,1538614
08/01/2021,95.4,95.53,94.51,95.53,3344069
11/01/2021,94.36,95.06,94.3,94.67,1083380
12/01/2021,94.71,95.12,94.38,95.03,1844312
13/01/2021,95.03,95.36,94.76,95.11,785608
14/01/2021,95.43,95.75,95.2,95.27,1882373
15/01/2021,94.56,94.76,93.77,94.28,1439642
19/01/2021,95.15,95.25,94.77,95.1,5679479
20/01/2021,95.7,96.33,95.6,96.25,1916845
21/01/2021,96.39,96.42,95.91,96.28,1099399
22/01/2021,95.54,96.01,95.49,95.83,1246687
25/01/2021,95.83,96.12,94.72,96.04,1162490
26/01/2021,96.15,96.24,95.58,95.76,1649211
27/01/2021,94.48,94.59,93.03,93.46,3260400
28/01/2021,93.85,94.98,93.69,94.22,5314643
29/01/2021,93.39,93.69,91.86,92.37,3117448
01/02/2021,93.42,94.08,92.95,93.95,2441571
02/02/2021,94.78,95.4,94.78,95.25,1328075
03/02/2021,95.41,95.67,94.98,95.4,1290945
04/02/2021,95.48,96.06,95.39,96.06,956962
05/02/2021,96.54,96.69,96.18,96.65,975664
08/02/2021,97.05,97.36,96.92,97.32,1048776
09/02/2021,97.27,97.77,97.2,97.62,847808
10/02/2021,98.14,98.22,97.06,97.61,1397061
11/02/2021,98.1,98.22,97.47,98.11,856464
12/02/2021,97.84,98.58,97.81,98.58,1006094
16/02/2021,99.07,99.19,98.47,98.71,1096557
17/02/2021,98.15,98.5,97.73,98.39,763798
18/02/2021,97.69,97.99,97.08,97.86,1212758
19/02/2021,98.24,98.55,97.97,98.11,1006294
22/02/2021,97.25,97.77,97.05,97.06,812660
23/02/2021,96.59,97.51,95.37,97.24,2447646
24/02/2021,96.66,97.93,96.37,97.86,1554137
25/02/2021,97.7,98.01,95.32,95.63,2147633
26/02/2021,95.71,95.81,94.32,94.84,3535521
01/03/2021,96.14,97.33,96.11,97.09,5662546
02/03/2021,97.03,97.08,96.34,96.46,1937413
03/03/2021,96.35,96.59,95.4,95.44,2359213
04/03/2021,95.35,95.86,93.11,94.05,3340056
05/03/2021,94.94,95.56,92.95,95.34,5813716
08/03/2021,95.19,95.85,94.59,94.66,2303159
09/03/2021,95.79,96.63,95.6,96.13,3154844
10/03/2021,96.67,96.89,96.18,96.58,2126932
11/03/2021,97.29,98.11,97.21,97.82,1134534
12/03/2021,97.24,97.84,97.02,97.83,1809875
15/03/2021,97.76,98.31,97.24,98.24,1152244
16/03/2021,98.49,98.55,97.92,98.16,2499703
17/03/2021,97.65,98.78,97.4,98.58,1325955
18/03/2021,97.91,98.42,97.01,97.14,1429185
19/03/2021,97.1,97.59,96.51,97.24,1042514
22/03/2021,97,97.72,96.98,97.42,1902549
23/03/2021,96.98,97.14,96,96.21,2397205
24/03/2021,96.29,96.58,95.41,95.44,2231151
25/03/2021,95.14,96.11,94.64,95.99,5577277
26/03/2021,96.34,97.55,96.13,97.49,2400236
29/03/2021,97.01,97.32,96.52,97.12,2314624
30/03/2021,96.81,97.16,96.53,97.1,2491859
31/03/2021,97.04,97.69,97.04,97.29,3108477
01/04/2021,97.93,98.59,97.91,98.57,2552430
05/04/2021,99.19,99.77,99.17,99.7,2396278
06/04/2021,99.23,99.74,99.21,99.49,1418269
07/04/2021,99.3,99.48,99.08,99.34,1481456
08/04/2021,99.81,99.99,99.57,99.97,1327554
09/04/2021,99.78,100.34,99.7,100.34,851185
12/04/2021,100.1,100.22,99.84,100.13,1347019
13/04/2021,100.18,100.65,100.09,100.51,1460753
14/04/2021,100.61,100.96,100.32,100.47,1588403
15/04/2021,101.1,101.47,101.03,101.44,1537734
16/04/2021,101.78,101.89,101.4,101.83,1856362
19/04/2021,101.69,101.77,101.02,101.37,1489014
20/04/2021,100.84,100.97,99.88,100.23,2455562
21/04/2021,100.05,101.27,99.93,101.25,1256306
22/04/2021,101.25,101.52,100.35,100.61,1949090
23/04/2021,100.96,102.04,100.95,101.78,1261503
26/04/2021,101.89,102.17,101.82,102.08,1371729
27/04/2021,101.9,102.04,101.73,101.97,1776742
28/04/2021,102.06,102.46,101.88,102.16,1102398
29/04/2021,102.77,102.78,101.61,102.39,1835717
30/04/2021,101.72,101.89,101.08,101.31,1458583
03/05/2021,101.95,102.02,101.68,101.78,2103391
04/05/2021,101.05,101.16,99.96,100.79,2336780
05/05/2021,101.42,101.58,101.04,101.24,1333472
06/05/2021,101.3,101.92,100.72,101.91,1754978
07/05/2021,102.18,102.99,102.02,102.87,1461938
10/05/2021,102.91,102.95,101.78,101.83,1627997
11/05/2021,100.38,101.11,99.92,100.94,2563321
12/05/2021,100.04,100.4,98.57,98.76,3037534
13/05/2021,99.04,100,98.97,99.68,2045646
14/05/2021,100.46,101.45,100.46,101.29,2134235
17/05/2021,100.86,101.09,100.56,101.09,1834732
18/05/2021,101.54,101.66,100.84,100.91,1608082
19/05/2021,99.62,100.42,99.21,100.38,2229186
20/05/2021,100.73,101.74,100.73,101.53,1684143
21/05/2021,101.83,102,101.15,101.39,1424844
24/05/2021,101.88,102.42,101.76,102.2,820759
25/05/2021,102.67,102.73,102.05,102.22,1441357
26/05/2021,102.25,102.52,102.15,102.47,1037523
27/05/2021,102.68,102.85,102.54,102.62,3351893
28/05/2021,102.95,103.18,102.8,102.91,2042247
01/06/2021,103.82,103.85,103.15,103.3,1777669
02/06/2021,103.4,103.59,103.19,103.45,1945785
03/06/2021,102.79,103.12,102.4,102.88,1320151
04/06/2021,103.41,103.89,103.41,103.86,1089371
07/06/2021,103.85,103.94,103.61,103.93,2347814
08/06/2021,104.06,104.11,103.51,103.9,1691174
09/06/2021,104.03,104.04,103.6,103.63,1159140
10/06/2021,103.95,104.27,103.67,104.14,1129873
11/06/2021,104.21,104.33,103.94,104.33,682496
14/06/2021,104.3,104.51,104.07,104.51,776316
15/06/2021,104.5,104.5,104.03,104.3,808470
16/06/2021,104.33,104.34,103.12,103.62,1342946
17/06/2021,103.39,103.62,102.72,103.35,2006258
18/06/2021,102.24,102.4,101.78,101.82,1880404
21/06/2021,101.77,102.73,101.56,102.71,1690274
22/06/2021,102.5,103.17,102.26,102.97,1175162
23/06/2021,103.07,103.28,102.77,102.82,1217379
24/06/2021,103.47,103.65,103.42,103.57,1791192
25/06/2021,103.88,104.04,103.76,103.98,1420731
28/06/2021,103.98,103.99,103.57,103.87,1475364
29/06/2021,103.94,104,103.72,103.89,2118171
30/06/2021,103.52,103.7,103.42,103.61,1358219
01/07/2021,103.74,103.99,103.54,103.99,1770519
02/07/2021,104.08,104.44,103.9,104.43,1671327
06/07/2021,104.39,104.39,103.35,103.9,2211564
07/07/2021,104.2,104.32,103.54,104.16,1579008
08/07/2021,102.61,103.2,102.26,102.97,1888750
09/07/2021,103.73,104.5,103.62,104.49,19201717
12/07/2021,104.31,104.75,104.24,104.74,5587446
13/07/2021,104.54,104.76,104.18,104.25,2079109
14/07/2021,104.78,104.83,104.12,104.33,2474273
15/07/2021,103.93,104.13,103.39,103.88,2629933
16/07/2021,104.05,104.08,102.93,103.08,1249805
19/07/2021,101.75,101.76,100.88,101.52,2989167
20/07/2021,101.48,102.99,101.29,102.74,4600770
21/07/2021,103.03,103.8,102.97,103.79,2103326
22/07/2021,104,104,103.51,103.9,1329543
23/07/2021,104.28,104.63,103.99,104.58,1372941
26/07/2021,104.16,104.46,104.13,104.46,1308803
27/07/2021,103.95,103.95,103.01,103.78,7796308
28/07/2021,104,104.59,103.79,104.33,945814
29/07/2021,104.8,105.1,104.75,104.84,1013182
30/07/2021,104.21,104.7,104.02,104.25,1685064
02/08/2021,104.85,104.99,104.24,104.33,1941403
03/08/2021,104.61,105.1,104.05,105.1,1381922
04/08/2021,104.98,105.13,104.68,104.76,1415126
05/08/2021,105.04,105.33,104.95,105.28,2093838
06/08/2021,105.27,105.4,105.03,105.19,1431503
09/08/2021,105.21,105.31,104.93,105.14,819132
10/08/2021,105.25,105.39,105.09,105.22,4168878
11/08/2021,105.64,105.64,105.25,105.64,918158
12/08/2021,105.46,105.64,105.18,105.64,872478
13/08/2021,105.75,105.88,105.57,105.88,1705985
16/08/2021,105.32,105.64,104.88,105.64,938081
17/08/2021,104.75,104.88,103.99,104.65,1048946
18/08/2021,104.6,104.94,103.88,103.95,1076663
19/08/2021,102.92,103.7,102.83,103.41,1493192
20/08/2021,103.22,104.07,103.12,104.04,983632
23/08/2021,104.57,105.24,104.57,105.13,817872
24/08/2021,105.43,105.81,105.38,105.7,849616
25/08/2021,105.65,105.97,105.53,105.89,1210197
26/08/2021,105.61,105.71,105.11,105.19,1956080
27/08/2021,105.45,106.37,105.42,106.31,1229541
30/08/2021,106.42,106.72,106.25,106.56,1968173
31/08/2021,106.72,106.78,106.51,106.61,973761
01/09/2021,107.07,107.39,106.97,107.13,2074405
02/09/2021,107.39,107.62,107.22,107.46,1171906
03/09/2021,107.38,107.74,107.31,107.65,1002556
07/09/2021,107.62,107.65,107.29,107.36,1865894
08/09/2021,107.07,107.15,106.42,106.82,1694621
09/09/2021,106.72,107.15,106.44,106.54,2416046
10/09/2021,107.12,107.22,105.94,106,4446430
13/09/2021,106.75,106.75,105.92,106.38,2947946
14/09/2021,106.68,106.68,105.58,105.75,1213953
15/09/2021,105.78,106.48,105.56,106.39,1187486
16/09/2021,106.03,106.35,105.55,106.15,1328241
17/09/2021,105.85,105.98,104.92,105.1,2404531
20/09/2021,102.87,103.21,101.69,102.8,2573299
21/09/2021,103.6,103.84,102.88,103.12,2169397
22/09/2021,103.72,104.69,103.66,104.11,2765238
23/09/2021,104.66,105.58,104.6,105.28,1641137
24/09/2021,104.55,105.01,104.49,104.9,1506400
27/09/2021,104.71,105.01,104.48,104.83,1803063
28/09/2021,103.85,103.89,102.47,102.65,2896854
29/09/2021,102.93,103.18,102.4,102.53,2192582
30/09/2021,102.9,103.07,101.76,101.83,2984182
01/10/2021,102.08,102.97,101.3,102.65,4217879
04/10/2021,102.33,102.4,100.9,101.45,2211944
05/10/2021,101.69,102.67,101.51,102.24,1784835
06/10/2021,101.07,102.27,100.7,102.24,2895835
07/10/2021,103.05,103.81,103.01,103.25,1723516
08/10/2021,103.51,103.6,103.03,103.15,1050671
11/10/2021,103.2,103.72,102.6,102.61,1126620
12/10/2021,102.83,103,102.37,102.53,2157875
13/10/2021,102.94,103.41,102.42,103.26,2559833
14/10/2021,104.18,104.72,104.05,104.69,2172598
15/10/2021,105.22,105.52,105.11,105.43,1207729
18/10/2021,104.89,105.55,104.76,105.53,2182510
19/10/2021,105.98,106.34,105.88,106.29,1219193
20/10/2021,106.4,106.76,106.37,106.68,867082
21/10/2021,106.3,106.65,106.21,106.63,1136737
22/10/2021,106.75,107.09,106.22,106.69,917378
25/10/2021,106.76,107.15,106.42,107.04,1475341
26/10/2021,107.45,107.63,106.88,106.99,1441398
27/10/2021,106.98,107.14,106.34,106.36,891859
28/10/2021,106.65,107.34,106.62,107.32,1574101
29/10/2021,106.63,107.13,106.51,107.07,1216082
01/11/2021,107.42,107.77,107.19,107.73,856122
02/11/2021,107.57,107.83,107.49,107.75,1453434
03/11/2021,107.62,108.53,107.5,108.47,1325126
04/11/2021,108.53,108.79,108.28,108.65,1453089
05/11/2021,109.13,109.31,108.59,109,1287566
08/11/2021,109.23,109.39,109.11,109.23,1950048
09/11/2021,109.25,109.34,108.58,108.93,1157020
10/11/2021,108.61,108.91,107.56,107.88,1606724
11/11/2021,108.33,108.49,108.19,108.22,2232301
12/11/2021,108.49,108.99,108.34,108.94,1331344
15/11/2021,109.22,109.25,108.72,108.88,1201364
16/11/2021,108.84,109.31,108.78,109.07,2740955
17/11/2021,108.94,108.94,108.47,108.67,2227620
18/11/2021,108.72,108.78,108.01,108.71,1547709
19/11/2021,108.47,108.67,108.15,108.22,1379851
22/11/2021,108.44,108.81,107.59,107.6,2155496
23/11/2021,107.48,107.93,106.85,107.58,1823837
24/11/2021,106.83,107.64,106.64,107.64,2264393
26/11/2021,105.75,105.9,104.62,104.93,2741294
29/11/2021,106.04,106.26,105.25,105.86,2551507
30/11/2021,105.34,105.74,103.85,104.27,4756950
01/12/2021,105.6,106.21,103.12,103.17,5115899
02/12/2021,103.54,105.11,103.47,104.76,3838139
03/12/2021,105.07,105.22,102.93,103.79,3064773
06/12/2021,104.29,105.25,103.74,104.93,4751220
07/12/2021,106.33,107.21,106.29,107.1,2283082
08/12/2021,107.18,107.57,106.91,107.5,1987955
09/12/2021,107.02,107.19,106.49,106.54,3240885
10/12/2021,106.99,107.16,106.39,107.08,1997831
13/12/2021,106.77,106.83,105.93,106,1996423
14/12/2021,105.32,105.81,104.78,105.34,3442282
15/12/2021,105.39,106.7,104.69,106.67,2172305
16/12/2021,107.19,107.33,105.7,106.07,3196041
17/12/2021,105.27,106,104.74,105.1,3214684
20/12/2021,103.24,103.43,102.56,103.36,5029941
21/12/2021,104.05,105.14,103.85,105.11,3431056
22/12/2021,105,106.09,104.95,106.08,3575638
23/12/2021,106.29,107.02,106.24,106.76,2463692
27/12/2021,107,107.89,106.92,107.89,1446484
28/12/2021,107.97,108.18,107.65,107.77,4291812
29/12/2021,107.74,107.95,107.42,107.81,2019147
30/12/2021,107.91,108.17,107.62,107.72,2003153
31/12/2021,107.68,107.97,107.43,107.43,1916234
03/01/2022,107.91,108.09,107.31,108.05,2673094
04/01/2022,108.53,108.58,107.69,108.09,2012061
05/01/2022,108.09,108.25,106.23,106.25,2950390
06/01/2022,106.09,106.74,105.53,106.15,4125789
07/01/2022,106.17,106.49,105.49,106,2552065
10/01/2022,105.22,105.65,104,105.65,4144455
11/01/2022,105.72,106.91,105.26,106.87,2876455
12/01/2022,107.45,107.75,106.94,107.46,2019745
13/01/2022,107.68,107.8,105.97,106.13,1416853
14/01/2022,105.57,106.17,105.13,106.12,2047931
18/01/2022,104.92,105.03,104.1,104.3,3049066
19/01/2022,104.75,105.05,103.62,103.71,2741664
20/01/2022,104.23,105.2,102.74,102.86,3274544
21/01/2022,102.57,102.94,101.02,101.11,4396715
24/01/2022,99.51,101.05,97.2,100.98,8306386
25/01/2022,99.62,100.97,98.46,99.98,6116834
26/01/2022,101.2,101.84,98.72,99.53,3391192
27/01/2022,100.22,100.78,98.52,98.78,4984311
28/01/2022,98.88,100.46,97.91,100.41,4595047
31/01/2022,100.5,102.54,100.35,102.51,3353635
01/02/2022,102.86,103.4,102,103.32,3514502
02/02/2022,103.88,104.11,103.17,103.93,2607917
03/02/2022,102.7,103.09,101.76,101.92,2906668
04/02/2022,101.77,103.06,101.37,102.37,3111951
07/02/2022,102.45,102.95,102.04,102.25,3123503
08/02/2022,102.14,103.2,101.87,103.03,2120062
09/02/2022,104.1,104.72,104.1,104.71,4037923
10/02/2022,103.31,104.95,102.77,103.2,5798911
11/02/2022,103.2,103.65,101.04,101.41,3682256
14/02/2022,101.14,101.4,100.13,100.9,4316385
15/02/2022,102,102.77,101.99,102.67,3022587
16/02/2022,102.28,103.21,102.03,102.98,9601389
17/02/2022,102.23,102.31,100.87,100.99,5645418
18/02/2022,101.02,101.28,99.88,100.28,8951138
22/02/2022,99.59,100.27,98.33,99.09,7864167
23/02/2022,99.83,99.92,97.53,97.71,6629757
24/02/2022,94.8,98.18,94.52,98.12,7176423
25/02/2022,98.65,100.32,98.24,100.29,6323880
28/02/2022,98.85,100.18,98.58,99.67,4139874
01/03/2022,99.38,99.71,97.45,98.01,5798952
02/03/2022,98.5,99.72,98.23,99.47,4138899
03/03/2022,99.68,99.73,98.06,98.43,5791216
04/03/2022,97,97.18,96.09,96.99,6832840
07/03/2022,96.62,96.72,93.82,93.9,3412823
08/03/2022,94.23,95.82,93.19,93.8,6877261
09/03/2022,96.07,97.02,95.48,96.63,4847983
10/03/2022,95.52,96.1,95.01,95.88,2413477
11/03/2022,96.61,96.69,94.58,94.66,3038750
14/03/2022,95.07,95.65,93.85,94.07,2549869
15/03/2022,94.43,95.68,94.08,95.56,2482238
16/03/2022,96.97,98.64,96.16,98.59,2872791
17/03/2022,98.15,99.65,97.99,99.62,2959933
18/03/2022,99.07,100.82,98.97,100.68,1901325
21/03/2022,100.32,100.61,99.42,100.17,2027409
22/03/2022,100.64,101.47,100.63,101.31,1196627
23/03/2022,100.57,101.03,100.06,100.07,2022606
24/03/2022,100.55,101.23,100.21,101.2,1814870
25/03/2022,101.27,101.49,100.57,101.43,1184227
28/03/2022,101.2,101.79,100.67,101.76,1670977
29/03/2022,103.1,103.48,102.55,103.41,2112172
30/03/2022,103.2,103.35,102.4,102.84,2530611
31/03/2022,102.49,102.71,101.23,101.29,1777131
01/04/2022,101.92,102,101.14,101.94,2991204
04/04/2022,102.08,102.8,101.92,102.77,3128092
05/04/2022,102.36,102.73,101.08,101.29,4084991
06/04/2022,100.39,100.66,99.52,100.16,3349829
07/04/2022,100.02,100.74,99.35,100.39,2232506
08/04/2022,100.13,100.75,99.77,100.15,1625629
11/04/2022,99.51,99.67,98.66,98.75,2063724
12/04/2022,99.34,99.83,98.05,98.34,3146891
13/04/2022,98.43,99.68,98.4,99.55,2380650
14/04/2022,99.55,99.81,98.55,98.6,1673742
18/04/2022,98.27,98.8,97.95,98.32,2241509
19/04/2022,98.1,99.53,98.03,99.44,2125561
20/04/2022,100,100,99.27,99.52,2254365
21/04/2022,100.32,100.54,97.78,98,2219951
22/04/2022,97.84,97.84,95.7,95.78,3355802
25/04/2022,95.01,95.97,94.11,95.89,4484751
26/04/2022,95.28,95.41,93.26,93.27,5045812
27/04/2022,93.57,94.55,93.08,93.62,4433022
28/04/2022,94.53,95.89,93.51,95.56,2143699
29/04/2022,95.23,95.84,92.99,93.09,3356374
02/05/2022,92.97,93.72,91.59,93.39,12751768
03/05/2022,93.65,94.25,93.29,93.89,2985040
04/05/2022,93.9,96.27,93,96.14,2831526
05/05/2022,94.94,94.97,91.91,92.86,10992416
06/05/2022,92.21,92.64,90.96,91.94,7149285
09/05/2022,90.54,90.68,88.6,88.89,4630438
10/05/2022,90.41,90.63,88.3,89.2,3956425
11/05/2022,89.25,90.45,87.94,88.06,6832460
12/05/2022,87.47,88.75,86.64,87.93,8348962
13/05/2022,89.02,90.53,88.95,90.36,8078248
16/05/2022,89.95,90.72,89.5,90.07,5884959
17/05/2022,91.65,91.95,90.83,91.93,2364289
18/05/2022,91.02,91.15,88.63,88.87,2656550
19/05/2022,88.46,89.9,88.31,89.1,2181740
20/05/2022,90.03,90.17,87.6,89.35,5711370
23/05/2022,90.12,90.93,89.56,90.75,2737145
24/05/2022,89.9,90.23,88.77,89.98,2387013
25/05/2022,89.56,91.01,89.56,90.62,1486372
26/05/2022,90.87,92.47,90.77,92.15,2216454
27/05/2022,92.77,94.01,92.74,94.01,2749436
31/05/2022,93.97,94.28,93.16,93.55,2848136
01/06/2022,94.15,94.3,92.31,92.85,2453648
02/06/2022,93.05,94.73,92.72,94.73,1599387
03/06/2022,93.62,93.86,93.03,93.21,1837758
06/06/2022,94.35,94.55,93.33,93.57,1749371
07/06/2022,92.78,94.34,92.65,94.26,1357622
08/06/2022,93.84,94.17,93.17,93.33,1966021
09/06/2022,92.89,93.17,91.22,91.22,3874537
10/06/2022,89.88,89.94,88.73,88.83,4031197
13/06/2022,86.61,86.93,85.21,85.52,4235616
14/06/2022,85.88,86.13,84.56,85.25,3667464
15/06/2022,86,87.48,85,86.6,4300395
16/06/2022,84.65,84.65,83.41,83.88,3180478
17/06/2022,84.03,84.71,83.24,83.97,2705631
21/06/2022,84.74,85.53,84.74,85.12,3180582
22/06/2022,84.07,85.46,83.89,84.64,4948989
23/06/2022,84.97,85.25,84.1,85.15,2457174
24/06/2022,85.94,87.73,85.94,87.71,2559698
27/06/2022,87.9,88.02,87.22,87.49,2551564
28/06/2022,87.98,88.5,86.22,86.25,1914952
29/06/2022,86.27,86.42,85.65,85.99,2355639
30/06/2022,84.91,85.84,84.14,85.34,2315158
01/07/2022,84.84,85.95,84.32,85.87,2439375
05/07/2022,84.25,85.44,83.7,85.42,2940800
06/07/2022,85.39,85.88,84.71,85.47,5767948
07/07/2022,86.02,86.94,86.02,86.83,3005518
08/07/2022,86.49,87.2,86.11,86.8,1277769
11/07/2022,86.02,86.09,85.38,85.51,4303385
12/07/2022,85.41,85.82,84.65,85.02,2733630
13/07/2022,83.82,85.19,83.68,84.72,1885654
14/07/2022,83.46,84.2,82.75,84.07,2355103
15/07/2022,84.97,85.5,84.38,85.48,2465167
18/07/2022,86.45,86.65,85.11,85.33,1336461
19/07/2022,86.39,87.61,86.3,87.51,2124053
20/07/2022,87.57,88.1,87.18,87.8,2523238
21/07/2022,87.71,88.73,87.35,88.73,1853914
22/07/2022,88.85,89.14,87.54,87.97,1526555
25/07/2022,88.32,88.43,87.87,88.3,2375217
26/07/2022,87.89,87.91,87.1,87.23,2244346
27/07/2022,88.04,89.62,87.96,89.34,1881055
28/07/2022,89.47,90.31,88.67,90.21,2164819
29/07/2022,90.36,91.36,90.12,91.3,2078277
01/08/2022,90.95,91.59,90.52,91.08,1371080
02/08/2022,90.62,91.35,90.17,90.37,1933525
03/08/2022,90.79,91.64,90.57,91.44,1435593
04/08/2022,91.57,91.79,91.25,91.59,1233114
05/08/2022,90.66,91.51,90.54,91.38,1555318
08/08/2022,91.97,92.41,91.31,91.51,1989624
09/08/2022,91.43,91.5,90.83,91.02,585840
10/08/2022,92.69,93.09,92.38,93.03,1291905
11/08/2022,93.7,94.14,92.94,93.09,1755258
12/08/2022,93.42,94.35,93.19,94.35,1168699
15/08/2022,93.74,94.44,93.67,94.37,2013883
16/08/2022,94.03,94.8,93.92,94.48,1019791
17/08/2022,93.69,94.27,93.25,93.73,1748506
18/08/2022,93.74,93.87,93.37,93.74,921084
19/08/2022,93.06,93.09,92.22,92.43,882189
22/08/2022,91.4,91.4,90.53,90.72,1092598
23/08/2022,90.65,91.34,90.56,90.68,922147
24/08/2022,90.52,91.27,90.4,90.98,1027296
25/08/2022,91.41,92.34,91.21,92.3,993549
26/08/2022,92.39,92.39,89.54,89.56,1455113
29/08/2022,89,89.67,88.83,89.07,1711491
30/08/2022,89.46,89.47,87.77,88.17,1357973
31/08/2022,88.45,88.76,87.58,87.6,1327588
01/09/2022,86.94,87.33,86.07,87.28,1704737
02/09/2022,87.98,88.35,86.2,86.54,2090157
06/09/2022,86.69,86.88,85.73,86.12,1739379
07/09/2022,85.84,87.48,85.79,87.37,1672023
08/09/2022,86.74,87.85,86.5,87.78,1853781
09/09/2022,88.6,89.58,88.6,89.45,1434761
12/09/2022,90.11,90.7,90.04,90.51,1137210
13/09/2022,88.59,88.83,86.74,86.96,1888743
14/09/2022,87.26,87.63,86.65,87.32,1737396
15/09/2022,86.86,87.54,86.18,86.43,2277874
16/09/2022,85.5,85.86,85.04,85.71,1604689
19/09/2022,84.52,85.84,84.5,85.83,1398221
20/09/2022,85.01,85.14,84.16,84.71,1462716
21/09/2022,84.96,85.61,83.35,83.37,2100648
22/09/2022,83.38,83.55,82.51,82.72,2794240
23/09/2022,81.6,81.6,80,80.83,3769917
26/09/2022,80.45,81.12,79.58,79.86,2990048
27/09/2022,80.57,81,79.12,79.59,2181200
28/09/2022,79.77,81.57,79.42,81.25,2461082
29/09/2022,80.26,80.56,79.03,79.72,3127420
30/09/2022,79.54,80.43,78.87,78.88,2909597
03/10/2022,79.81,81.2,79.36,80.83,2982612
04/10/2022,82.37,83.58,82.27,83.57,3802395
05/10/2022,82.59,83.65,81.96,83.17,2027156
06/10/2022,82.72,83.28,82.12,82.24,2150814
07/10/2022,81.47,81.52,79.91,80.25,2295794
10/10/2022,80.38,80.48,79.11,79.57,3247939
11/10/2022,79.12,80.04,78.47,78.87,3635318
12/10/2022,78.76,79.18,78.49,78.67,1546300
13/10/2022,77.12,80.69,76.8,80.36,4345720
14/10/2022,80.92,81.19,78.59,78.68,4493834
17/10/2022,80.26,81.01,80.2,80.75,2811990
18/10/2022,82.33,82.4,80.83,81.53,3304434
19/10/2022,80.91,81.38,80.1,80.67,2876727
20/10/2022,80.76,81.73,80.08,80.29,2741582
21/10/2022,80,82.02,79.66,81.96,2900416
24/10/2022,81.81,82.36,81.07,82.12,2528823
25/10/2022,82.27,83.69,82.27,83.63,2032989
26/10/2022,83.29,84.62,83.21,83.65,2176937
27/10/2022,83.71,84.24,83.07,83.18,3830437
28/10/2022,83.03,84.56,82.97,84.51,2605331
31/10/2022,83.79,84.28,83.66,83.91,2317619
01/11/2022,85.13,85.18,83.82,84.08,2126416
02/11/2022,84.06,85.04,82.3,82.31,1957731
03/11/2022,81.49,82.21,81.08,81.68,2439588
04/11/2022,83.47,83.98,82.35,83.59,3300764
07/11/2022,83.92,84.31,83.44,84.14,1861131
08/11/2022,84.46,85.37,83.92,84.74,1609172
09/11/2022,84.2,84.5,83.03,83.11,2153380
10/11/2022,86.03,87.65,85.81,87.61,2400317
11/11/2022,88.04,89.07,87.79,88.89,2377676
14/11/2022,88.47,88.97,88,88.03,3558646
15/11/2022,89.5,89.75,88.16,88.92,2212361
16/11/2022,88.53,88.72,88.03,88.17,1663655
17/11/2022,87.03,88.03,86.95,87.96,1479902
18/11/2022,88.39,88.53,87.64,88.17,2106822
21/11/2022,87.69,87.83,87.21,87.65,2224354
22/11/2022,88.15,88.79,87.82,88.78,2080118
23/11/2022,88.78,89.56,88.76,89.46,1825243
25/11/2022,89.49,89.68,89.33,89.56,2003867
28/11/2022,88.96,89.31,88.13,88.27,2999722
29/11/2022,88.54,88.94,88.15,88.45,1688822
30/11/2022,88.92,90.87,88.3,90.86,2422785
01/12/2022,91.27,91.6,90.57,91.07,3522885
02/12/2022,90,91.24,90,91.02,3153256
05/12/2022,90.57,90.68,89.17,89.45,3027159
06/12/2022,89.5,89.58,88.06,88.5,2238907
07/12/2022,88.36,88.8,88.13,88.35,2577289
08/12/2022,88.67,89.2,88.41,89.02,4675037
09/12/2022,88.99,89.45,88.56,88.56,3572165
12/12/2022,88.72,89.38,88.44,89.38,3013355
13/12/2022,91.88,91.89,89.71,90.21,3391501
14/12/2022,90.19,91,89.12,89.84,2987504
15/12/2022,88.82,88.93,87.31,87.62,4212848
16/12/2022,87.08,87.4,86.4,86.8,3897878
19/12/2022,86.3,86.42,85.34,85.64,2675869
20/12/2022,85.59,86.2,85.37,85.84,3481666
21/12/2022,86.38,87.18,86.23,86.96,3473238
22/12/2022,86.44,86.44,84.82,85.91,3193272
23/12/2022,85.77,86.32,85.43,86.31,3026952
27/12/2022,86.38,86.62,85.94,86.3,7572014
28/12/2022,86.21,86.65,85.18,85.22,3893991
29/12/2022,86.01,86.86,85.87,86.69,3993266
30/12/2022,86.03,86.35,85.62,86.19,3547923
03/01/2023,86.88,87.38,85.71,86.24,3647873
04/01/2023,87.02,87.62,86.45,87.3,2534362
05/01/2023,86.72,86.79,86.2,86.4,2486350
06/01/2023,87.01,88.55,86.41,88.38,1827992
09/01/2023,89,89.65,88.55,88.59,4752285
10/01/2023,88.51,89.07,88.22,89.07,4671664
11/01/2023,89.44,89.98,89.24,89.97,2732048
12/01/2023,90.32,90.87,89.45,90.61,2879975
13/01/2023,90.05,91.15,90,91.08,1711874
17/01/2023,91.04,91.48,90.86,91.06,2714773
18/01/2023,91.63,91.74,90.05,90.08,4146354
19/01/2023,89.68,90.08,89.28,89.68,4035090
20/01/2023,89.94,91.09,89.61,91.07,2333370
23/01/2023,91.05,92.25,90.97,91.93,4305340
24/01/2023,91.58,92.02,91.28,91.84,1460797
25/01/2023,91.16,92.07,90.7,92.01,1616632
26/01/2023,92.58,92.82,91.88,92.79,1645831
27/01/2023,92.44,93.24,92.34,92.85,1597900
30/01/2023,92.22,92.63,91.69,91.72,2152546
31/01/2023,91.73,92.79,91.59,92.78,1352905
01/02/2023,92.68,94.3,91.99,93.79,1830702
02/02/2023,94.46,94.87,93.85,94.55,2264665
03/02/2023,93.43,94.4,93.25,93.5,2661512
06/02/2023,92.72,92.9,92.25,92.66,2325849
07/02/2023,92.46,93.84,92.17,93.65,1681191
08/02/2023,93.24,93.58,92.72,92.88,1799687
09/02/2023,93.87,93.92,92.15,92.42,1382420
10/02/2023,92.09,92.37,91.77,92.25,2240249
13/02/2023,92.43,93.31,92.33,93.27,4368851
14/02/2023,92.87,93.8,92.45,93.33,1670548
15/02/2023,92.57,93.4,92.45,93.38,1491906
16/02/2023,92.41,93.34,92.29,92.49,1981326
17/02/2023,91.97,92.31,91.59,92.28,1873162
21/02/2023,91.52,91.71,90.65,90.72,2738217
22/02/2023,90.71,90.95,90.15,90.42,2321015
23/02/2023,91.07,91.19,90,90.9,1295246
24/02/2023,89.56,89.83,89.19,89.72,1595341
27/02/2023,90.44,90.8,90.05,90.22,1872863
28/02/2023,90.08,90.39,89.79,89.83,1831529
01/03/2023,90.17,90.42,89.72,90.01,1859513
02/03/2023,89.53,90.66,89.42,90.48,1962756
03/03/2023,90.9,91.88,90.72,91.78,2101131
06/03/2023,91.87,92.25,91.54,91.64,2046624
07/03/2023,91.6,91.6,90.09,90.24,2838913
08/03/2023,90.31,90.72,90.04,90.48,1344461
09/03/2023,90.57,90.85,88.82,88.99,1623352
10/03/2023,88.91,89.22,87.49,87.76,5013962
13/03/2023,86.93,88.37,86.59,87.48,5639227
14/03/2023,88.47,88.96,87.78,88.64,3097831
15/03/2023,86.71,87.34,86.13,87.28,4639810
16/03/2023,86.88,88.75,86.72,88.73,2390121
17/03/2023,88.32,88.47,87.34,87.68,1881539
20/03/2023,87.8,88.47,87.61,88.34,1584235
21/03/2023,89.22,89.61,88.89,89.5,1361230
22/03/2023,89.63,90.49,88.45,88.47,2729847
23/03/2023,89.29,90.03,88.15,88.68,1875581
24/03/2023,88.23,88.94,87.73,88.9,2086598
27/03/2023,89.41,89.52,88.91,89.24,2146812
28/03/2023,89.21,89.43,88.94,89.33,1051296
29/03/2023,90.11,90.47,89.93,90.43,1488110
30/03/2023,91.13,91.29,90.8,91.13,1246797
31/03/2023,91.34,92.12,91.33,92.09,1232350
03/04/2023,92.1,92.55,91.92,92.52,1769953
04/04/2023,92.64,92.68,91.8,92.13,1881419
05/04/2023,91.89,91.98,91.32,91.68,1166363
06/04/2023,91.54,92.1,91.3,91.98,924324
10/04/2023,91.5,92.1,91.31,92.09,1189310
11/04/2023,92.32,92.59,92.18,92.31,1155645
12/04/2023,92.9,92.99,92.09,92.18,1877271
13/04/2023,92.7,93.48,92.62,93.39,964549
14/04/2023,93.3,93.69,92.63,93.1,2387243
17/04/2023,93.06,93.34,92.78,93.32,1028776
18/04/2023,93.7,93.78,93.21,93.48,1249976
19/04/2023,92.99,93.43,92.93,93.26,1263124
20/04/2023,92.84,93.27,92.63,92.92,943298
21/04/2023,92.92,93.03,92.47,92.95,1003934
24/04/2023,92.9,93.14,92.69,93.05,1969180
25/04/2023,92.56,92.56,91.53,91.53,973009
26/04/2023,91.89,92.02,91.23,91.33,990702
27/04/2023,91.87,92.9,91.78,92.85,1184657
28/04/2023,92.55,93.41,92.52,93.4,1692585
01/05/2023,93.3,93.66,93.23,93.29,924452
02/05/2023,92.9,92.9,91.58,92.24,1226956
03/05/2023,92.38,93.02,91.89,91.92,1462357
04/05/2023,91.85,91.98,91.35,91.6,1410104
05/05/2023,92.35,93.37,92.3,93.16,972194
08/05/2023,93.3,93.34,92.96,93.21,1048014
09/05/2023,92.73,93.02,92.61,92.83,785013
10/05/2023,93.33,93.38,92.29,93.02,4078439
11/05/2023,92.68,92.8,92.25,92.8,1016105
12/05/2023,92.97,92.97,92.08,92.54,1531519
15/05/2023,92.83,93.25,92.55,93.17,1307407
16/05/2023,92.84,92.97,92.37,92.37,772741
17/05/2023,92.76,93.37,92.36,93.24,1301285
18/05/2023,93.13,93.79,92.99,93.74,1607547
19/05/2023,93.91,94.04,93.49,93.75,1290141
22/05/2023,93.78,94.17,93.67,93.9,1281810
23/05/2023,93.39,93.57,92.7,92.72,897693
24/05/2023,92.27,92.27,91.7,91.89,1324781
25/05/2023,92.32,92.44,91.76,92.17,1442252
26/05/2023,92.49,93.45,92.46,93.29,1419619
30/05/2023,93.51,93.57,92.65,92.96,1797096
31/05/2023,92.4,92.51,91.78,92.27,1351773
01/06/2023,92.55,93.62,92.34,93.42,1499853
02/06/2023,94.3,95.04,94.22,94.88,1462261
05/06/2023,94.88,95.02,94.45,94.56,1162925
06/06/2023,94.52,95.19,94.45,95.12,1371902
07/06/2023,95.11,95.39,94.61,94.71,1567792
08/06/2023,94.82,95.38,94.63,95.29,996498
09/06/2023,95.48,95.78,95.21,95.4,961685
12/06/2023,95.61,96.06,95.45,96.04,902572
13/06/2023,96.6,96.96,96.51,96.79,1824508
14/06/2023,97,97.38,96.28,96.94,1505832
15/06/2023,96.9,98.24,96.83,98.06,997100
16/06/2023,98.48,98.49,97.68,97.78,935023
20/06/2023,96.53,96.54,95.84,96.17,3171791
21/06/2023,96,96.25,95.71,95.87,1024957
22/06/2023,95.54,95.87,95.38,95.83,915629
23/06/2023,94.8,95.13,94.66,94.78,1602948
26/06/2023,94.79,95.2,94.68,94.72,1251640
27/06/2023,94.98,95.82,94.84,95.69,931839
28/06/2023,95.47,95.91,95.31,95.74,1138915
29/06/2023,95.49,95.92,95.41,95.92,775210
30/06/2023,96.66,97.13,96.65,96.98,1184227
03/07/2023,97.06,97.29,97,97.29,971696
05/07/2023,96.79,96.91,96.59,96.74,793179
06/07/2023,95.71,95.71,94.97,95.55,995813
07/07/2023,95.45,96.51,95.45,95.8,1168020
10/07/2023,95.64,96.1,95.59,96.1,975514
11/07/2023,96.4,96.99,96.23,96.93,883150
12/07/2023,97.91,98.25,97.82,98.06,996048
13/07/2023,98.72,99.31,98.67,99.19,1457676
14/07/2023,99.24,99.28,98.73,98.83,1127982
17/07/2023,98.69,99.28,98.61,99.11,1168258
18/07/2023,99.02,99.78,98.96,99.71,901550
19/07/2023,99.84,100.08,99.66,99.8,927401
20/07/2023,99.63,99.73,99,99.12,1294427
21/07/2023,99.48,99.52,99.11,99.16,1073265
24/07/2023,99.29,99.66,99.14,99.52,633321
25/07/2023,99.56,100.03,99.55,99.82,1126509
26/07/2023,99.5,100.26,99.49,100,895651
27/07/2023,100.69,100.69,99.16,99.34,1179316
28/07/2023,100.2,100.54,100.03,100.37,869890
31/07/2023,100.5,100.73,100.36,100.59,3082036
01/08/2023,100.08,100.21,99.74,99.98,1442780
02/08/2023,99.04,99.08,98.15,98.31,1514102
03/08/2023,97.84,98.44,97.71,98.1,1065228
04/08/2023,98.57,99.09,97.83,97.92,1384021
07/08/2023,98.4,98.65,98.03,98.64,1102153
08/08/2023,97.73,98.08,97.26,98.03,1376954
09/08/2023,98.08,98.17,97.44,97.63,928140
10/08/2023,98.3,98.98,97.54,97.78,1107441
11/08/2023,97.21,97.66,97.07,97.43,1153235
14/08/2023,96.96,97.52,96.72,97.51,926436
15/08/2023,97.08,97.1,96.22,96.36,1750857
16/08/2023,96.18,96.53,95.61,95.63,1272977
17/08/2023,96.01,96.06,94.87,95,930080
18/08/2023,94.3,95.15,94.23,94.94,1858370
21/08/2023,95.14,95.55,94.69,95.41,1138998
22/08/2023,95.79,95.83,95.11,95.21,1653337
23/08/2023,95.52,96.45,95.51,96.3,1423649
24/08/2023,96.45,96.56,95.06,95.1,1294437
25/08/2023,95.47,95.93,94.68,95.65,1979870
28/08/2023,96.22,96.53,96.09,96.44,1336903
29/08/2023,96.34,97.8,96.29,97.74,1683871
30/08/2023,97.82,98.18,97.64,97.98,1273425
31/08/2023,98.07,98.21,97.66,97.73,988665
01/09/2023,98.53,98.64,97.79,98.07,2062016
05/09/2023,97.9,97.9,97.4,97.45,1512735
06/09/2023,97.28,97.4,96.48,96.89,1659624
07/09/2023,96.31,96.6,96.11,96.49,895422
08/09/2023,96.51,96.84,96.39,96.53,1840474
11/09/2023,97.23,97.35,96.97,97.31,1027834
12/09/2023,96.95,97.35,96.82,96.9,973730
13/09/2023,96.86,97.05,96.56,96.79,1335305
14/09/2023,97.41,97.87,97.2,97.77,1228912
15/09/2023,97.58,97.64,96.89,96.96,3055992
18/09/2023,96.42,96.65,96.19,96.44,902241
19/09/2023,96.32,96.45,95.82,96.26,1238183
20/09/2023,96.51,96.77,95.57,95.6,1155789
21/09/2023,94.86,94.89,93.95,94.03,1580012
22/09/2023,94.42,94.69,93.95,94.01,1231378
25/09/2023,93.59,94.12,93.47,94.11,1341191
26/09/2023,93.43,93.62,92.66,92.79,1608842
27/09/2023,93.13,93.22,92.13,92.8,1206347
28/09/2023,92.76,93.74,92.62,93.44,1443318
29/09/2023,94.2,94.22,92.94,93.18,3009694
02/10/2023,92.99,93.1,92.25,92.68,4101684
03/10/2023,92.07,92.32,91.12,91.42,1386019
04/10/2023,91.45,91.91,90.98,91.8,1378307
05/10/2023,91.91,92.18,91.36,92.02,2353280
06/10/2023,91.61,93.39,91.31,93.04,5399432
09/10/2023,92.42,93.46,92.35,93.32,3441731
10/10/2023,93.76,94.59,93.7,94.15,2296968
11/10/2023,94.55,94.7,93.97,94.58,2578775
12/10/2023,94.71,94.71,93.29,93.74,1729870
13/10/2023,93.91,94.12,92.84,93.12,2544595
16/10/2023,93.55,94.18,93.43,94.07,2152082
17/10/2023,93.34,94.51,93.33,94.07,2157727
18/10/2023,93.57,93.67,92.46,92.64,1916855
19/10/2023,92.63,93.04,91.69,91.84,3510182
20/10/2023,91.61,91.73,90.76,90.79,2854354
23/10/2023,90.38,91.37,90.01,90.62,3476029
24/10/2023,90.99,91.52,90.77,91.31,2110264
25/10/2023,90.88,90.89,90.03,90.12,1711018
26/10/2023,89.88,90.08,89.07,89.36,2204074
27/10/2023,89.87,89.91,88.74,88.97,1840177
30/10/2023,89.73,90.2,89.41,90.02,2087356
31/10/2023,90.1,90.49,89.7,90.46,3000735
01/11/2023,90.65,91.45,90.52,91.35,2539719
02/11/2023,92.5,93.25,92.44,93.21,2402171
03/11/2023,93.98,94.67,93.95,94.35,2401711
06/11/2023,94.52,94.67,94.01,94.34,1818419
07/11/2023,94.1,94.44,93.81,94.28,935726
08/11/2023,94.36,94.5,93.81,94.22,1358444
09/11/2023,94.55,94.64,93.56,93.62,2179298
10/11/2023,93.92,94.73,93.48,94.72,1700654
13/11/2023,94.37,94.91,94.22,94.71,1527195
14/11/2023,96.07,97.1,96.07,96.9,1550853
15/11/2023,97.18,97.55,96.97,97.09,3912699
16/11/2023,96.89,97.12,96.55,96.91,1471853
17/11/2023,97.2,97.52,97.1,97.45,966392
20/11/2023,97.43,98.28,97.39,98.09,1103413
21/11/2023,97.9,98.06,97.69,97.83,1564179
22/11/2023,98.01,98.25,97.74,98.07,1038435
24/11/2023,98.09,98.36,98.08,98.33,789588
27/11/2023,98.2,98.28,98.04,98.14,1820846
28/11/2023,98.07,98.57,97.94,98.3,1134515
29/11/2023,98.67,98.9,98.27,98.32,1342225
30/11/2023,98.5,98.68,98.14,98.61,1614892
01/12/2023,98.46,99.52,98.38,99.46,2776082
04/12/2023,98.54,99,98.42,98.85,1918006
05/12/2023,98.54,98.83,98.33,98.63,1347300
06/12/2023,99.23,99.31,98.41,98.45,1159922
07/12/2023,98.83,99.21,98.63,99.11,1189799
08/12/2023,98.86,99.5,98.81,99.39,1528220
11/12/2023,99.32,99.77,99.26,99.76,1875348
12/12/2023,99.62,100.05,99.34,100.01,1149241
13/12/2023,100.06,101.53,99.79,101.49,1670063
14/12/2023,102.05,102.57,101.78,102.28,1897587
15/12/2023,102.06,102.24,101.71,101.81,2783079
18/12/2023,101.36,101.54,101.14,101.41,2144643
19/12/2023,101.67,102.19,101.67,102.17,1992131
20/12/2023,102.04,102.35,100.74,100.77,2707624
21/12/2023,101.66,102.09,101.3,102.07,1732575
22/12/2023,102.25,102.51,101.85,102.22,1975448
26/12/2023,102.36,102.92,102.34,102.73,1221979
27/12/2023,102.8,103.11,102.76,103.03,1414712
28/12/2023,103.18,103.4,103.03,103.1,2707891
29/12/2023,103.15,103.29,102.63,102.88,2336255
02/01/2024,102.09,102.33,101.69,102.01,4661493
03/01/2024,101.4,101.59,100.95,101.13,1802222
04/01/2024,101.03,101.65,100.95,101.01,2845183
05/01/2024,101,101.79,100.92,101.13,1830095
08/01/2024,101.06,102.37,101.06,102.35,3880139
09/01/2024,101.62,102.1,101.47,101.85,2271037
10/01/2024,101.96,102.51,101.86,102.35,2166151
11/01/2024,102.52,102.64,101.44,102.31,2938940
12/01/2024,102.77,103.02,102.28,102.47,1635531
16/01/2024,101.79,101.95,101.18,101.48,2729636
17/01/2024,100.5,100.69,100.14,100.68,1998328
18/01/2024,101.07,101.61,100.77,101.54,2753818
19/01/2024,101.67,102.52,101.38,102.46,2425520
22/01/2024,102.59,103,102.53,102.7,1953793
23/01/2024,102.69,102.91,102.43,102.86,1194691
24/01/2024,103.75,103.85,103.11,103.13,1686971
25/01/2024,103.57,103.63,103.13,103.58,1418437
26/01/2024,103.66,103.96,103.51,103.65,1327454
29/01/2024,103.66,104.4,103.55,104.39,2771625
30/01/2024,104.12,104.29,103.95,104.15,2215155
31/01/2024,103.97,104.17,102.84,102.88,3121061
01/02/2024,103.26,104.1,103.03,104.08,6569322
02/02/2024,103.87,104.68,103.68,104.47,1901401
05/02/2024,104.11,104.24,103.44,103.97,2035136
06/02/2024,104.24,104.57,104.11,104.55,2627161
07/02/2024,104.85,105.21,104.71,105.08,1599486
08/02/2024,105.04,105.16,104.84,105.12,882746
09/02/2024,105.25,105.77,105.18,105.7,1119325
12/02/2024,105.7,106.33,105.7,105.84,1407900
13/02/2024,104.56,104.63,103.6,104.17,2514845
14/02/2024,104.85,105.38,104.55,105.33,1541105
15/02/2024,105.59,106.27,105.59,106.23,1470490
16/02/2024,106.29,106.59,105.79,105.98,1279610
20/02/2024,105.98,106.07,105.3,105.69,1831902
21/02/2024,105.43,105.74,105.1,105.72,1121375
22/02/2024,106.92,107.59,106.79,107.44,1267027
23/02/2024,107.68,107.79,107.3,107.52,1053750
26/02/2024,107.53,107.6,107.14,107.24,1056964
27/02/2024,107.37,107.5,107.16,107.47,1109720
28/02/2024,107.01,107.21,106.89,107.06,1042750
29/02/2024,107.56,107.67,106.92,107.5,1678953
01/03/2024,107.78,108.55,107.52,108.46,3584607
04/03/2024,108.32,108.62,108.23,108.29,1721880
05/03/2024,108.01,108.19,107.08,107.46,1369663
06/03/2024,108.46,108.76,108.07,108.32,2003411
07/03/2024,109,109.57,108.84,109.43,1322060
08/03/2024,109.59,110.02,108.74,108.91,1541073
11/03/2024,108.58,108.78,108.17,108.66,1825242
12/03/2024,109.1,109.78,108.6,109.71,1568320
13/03/2024,109.67,109.78,109.27,109.53,1537692
14/03/2024,109.67,109.67,108.48,109.04,2614869
15/03/2024,108.3,108.52,107.89,108.14,1822481
18/03/2024,108.84,108.94,108.48,108.54,1242388
19/03/2024,108.37,108.96,108.15,108.92,1720343
20/03/2024,108.98,110.06,108.82,110,2196399
21/03/2024,110.47,110.68,110.3,110.33,2301924
22/03/2024,110.25,110.27,109.91,109.99,1649379
25/03/2024,109.68,109.99,109.67,109.77,2037067
26/03/2024,110.12,110.16,109.61,109.64,1369685
27/03/2024,110.15,110.48,109.82,110.46,1884721
28/03/2024,110.48,110.7,110.43,110.5,1294810
01/04/2024,110.64,110.73,109.99,110.21,3399068
02/04/2024,109.54,109.59,109.21,109.57,1930079
03/04/2024,109.33,110.09,109.32,109.85,1207645
04/04/2024,110.64,110.74,108.67,108.72,3486084
05/04/2024,108.91,109.94,108.78,109.61,1544170
08/04/2024,109.95,110.09,109.73,109.85,1005782
09/04/2024,110.29,110.39,109.22,110.02,1802902
10/04/2024,108.77,109.18,108.33,108.76,1517205
11/04/2024,109.1,109.59,108.26,109.38,2141070
12/04/2024,108.48,108.76,107.36,107.61,2353045
15/04/2024,108.59,108.61,106.37,106.6,2497387
16/04/2024,106.23,106.54,105.69,105.99,2299379
17/04/2024,106.46,106.54,105.23,105.59,3519369
18/04/2024,105.86,106.3,105.23,105.43,1587720
19/04/2024,105.45,105.68,104.64,104.94,2264651
22/04/2024,105.47,106.39,105.12,105.92,1847389
23/04/2024,106.29,107.3,106.19,107.13,1763952
24/04/2024,107.4,107.5,106.63,107.1,1737455
25/04/2024,105.8,106.91,105.48,106.76,1332760
26/04/2024,107.36,107.92,107.21,107.72,1169059
29/04/2024,108.1,108.3,107.72,108.19,920332
30/04/2024,107.77,107.99,106.5,106.54,3626074
01/05/2024,106.42,107.81,106.1,106.34,1521386
02/05/2024,107.25,107.85,106.48,107.64,1100134
03/05/2024,108.83,109.06,108.28,108.79,1376135
06/05/2024,109.3,109.77,109.24,109.76,744976
07/05/2024,109.95,110.07,109.66,109.79,1336359
08/05/2024,109.37,109.77,109.3,109.72,868463
09/05/2024,109.78,110.41,109.65,110.4,1275045
10/05/2024,110.82,110.92,110.35,110.58,1168937
13/05/2024,110.78,110.88,110.38,110.56,708923
14/05/2024,110.8,111.27,110.58,111.24,716031
15/05/2024,111.86,112.56,111.63,112.53,1322872
16/05/2024,112.51,112.64,112.12,112.17,1547912
17/05/2024,112.23,112.49,112.13,112.48,1779097
20/05/2024,112.5,112.83,112.41,112.55,961562
21/05/2024,112.31,112.57,112.21,112.54,879951
22/05/2024,112.3,112.37,111.62,111.97,1763498
23/05/2024,112.78,112.92,110.95,111.17,716610
24/05/2024,111.61,112.1,111.45,111.99,1187349
28/05/2024,112.22,112.39,111.45,111.9,1612359
29/05/2024,110.82,111.02,110.65,110.68,821127
30/05/2024,110.68,111.02,110.33,110.61,1088143
31/05/2024,110.89,111.44,109.88,111.44,1604712
03/06/2024,111.91,111.91,110.72,111.55,1738351
04/06/2024,111.21,111.46,110.72,111.33,1039052
05/06/2024,111.89,112.5,111.45,112.48,1506329
06/06/2024,112.67,112.67,112.26,112.56,929215
07/06/2024,112.3,112.57,111.91,112.01,820813
10/06/2024,111.86,112.39,111.58,112.27,737510
11/06/2024,111.86,112.1,111.23,112.08,2672974
12/06/2024,113.3,113.82,112.96,113.17,1069676
13/06/2024,113.19,113.21,112.23,112.77,838489
14/06/2024,112.21,112.43,111.82,112.41,1380271
17/06/2024,112.26,113.32,112.14,113.14,893618
18/06/2024,113.14,113.59,113.14,113.51,965547
20/06/2024,113.66,113.77,112.95,113.31,1390882
21/06/2024,112.44,112.6,112.12,112.43,1060412
24/06/2024,112.73,113.27,112.55,112.55,951741
25/06/2024,112.73,112.83,112.35,112.77,1969247
26/06/2024,112.36,112.7,112.18,112.6,846517
27/06/2024,112.7,112.95,112.5,112.81,1094666
28/06/2024,113.01,113.48,112.29,112.63,1192554
01/07/2024,113.1,113.13,112.37,112.78,2528306
02/07/2024,112.51,113.34,112.5,113.31,1245390
03/07/2024,113.53,114.21,113.53,114.18,1510243
05/07/2024,114.49,114.76,113.99,114.71,1308632
08/07/2024,114.9,115.01,114.54,114.68,1283746
09/07/2024,114.86,114.93,114.54,114.66,885695
10/07/2024,115.05,115.9,115.01,115.87,1064465
11/07/2024,116.1,116.51,115.5,115.64,1380314
12/07/2024,116.1,117.09,116.03,116.42,1007939
15/07/2024,116.65,117.02,116.13,116.39,1740905
16/07/2024,116.6,117.26,116.51,117.25,853983
17/07/2024,116.21,116.56,115.75,115.8,2856309
18/07/2024,116.14,116.28,114.44,114.82,1007680
19/07/2024,114.6,114.84,113.9,114.06,1043014
22/07/2024,114.85,115.27,114.48,115.2,1057874
23/07/2024,115,115.31,114.78,114.84,1038216
24/07/2024,114.16,114.23,112.55,112.63,1035118
25/07/2024,112.49,113.75,111.86,112.25,1196091
26/07/2024,113.1,113.94,112.96,113.54,730327
29/07/2024,113.71,114,113.03,113.39,761032
30/07/2024,113.7,113.9,112.5,113.1,1087549
31/07/2024,114.64,115.46,114.42,114.86,1307810
01/08/2024,114.74,115.09,112.16,112.78,2407694
02/08/2024,111.35,111.35,109.85,110.71,1864737
05/08/2024,106.37,108.81,105.9,107.72,3283668
06/08/2024,107.76,109.74,107.53,108.53,1539760
07/08/2024,110.16,110.56,108.16,108.25,1847936
08/08/2024,109.37,110.67,108.94,110.56,668541
09/08/2024,110.46,111.21,110.15,111.02,1519723
12/08/2024,111.19,111.49,110.65,111.04,852676
13/08/2024,111.66,112.8,111.63,112.77,761859
14/08/2024,112.87,113.17,112.4,113.05,587779
15/08/2024,114.03,114.81,114.01,114.72,762441
16/08/2024,114.58,115.28,114.58,115.17,548271
19/08/2024,115.44,116.38,115.36,116.35,693379
20/08/2024,116.33,116.48,115.75,116.03,721782
21/08/2024,116.42,116.84,116.15,116.7,794177
22/08/2024,116.95,117.01,115.54,115.72,828344
23/08/2024,116.5,117.45,116.44,117.4,1114497
26/08/2024,117.43,117.53,116.74,116.86,985181
27/08/2024,116.87,117.32,116.65,117.2,1046467
28/08/2024,117.08,117.14,115.98,116.52,1126978
29/08/2024,117.03,117.6,116.54,116.69,1026679
30/08/2024,117.21,117.59,116.41,117.54,548046
03/09/2024,116.91,116.95,114.78,115.23,1386555
04/09/2024,114.75,115.6,114.65,114.98,1048948
05/09/2024,115.08,115.46,114.35,114.78,1570125
06/09/2024,114.86,115.15,112.67,112.83,1151034
09/09/2024,113.75,114.32,113.42,113.99,1132365
10/09/2024,114.15,114.28,113.04,114.11,2004257
11/09/2024,114.07,115.2,112.49,115.04,1010379
12/09/2024,115.18,116.08,114.74,116.03,1141205
13/09/2024,116.23,116.85,116.23,116.64,1053295
16/09/2024,116.86,117.11,116.46,117.09,1080778
17/09/2024,117.42,117.64,116.59,117.02,498596
18/09/2024,117.15,118.13,116.59,116.69,1042080
19/09/2024,118.71,119.09,118.08,118.76,780297
20/09/2024,117.96,118.18,117.37,117.9,1073077
23/09/2024,118.21,118.46,118.03,118.28,1003943
24/09/2024,118.82,119.09,118.33,119.08,1018522
25/09/2024,119.05,119.13,118.41,118.49,1654500
26/09/2024,120.13,120.18,119.45,119.96,1672582
27/09/2024,120.43,120.43,119.38,119.61,1873938
30/09/2024,119.51,119.75,118.71,119.7,892119
01/10/2024,119.72,119.73,118.28,118.94,1128045
02/10/2024,118.97,119.26,118.37,119.12,4538780
03/10/2024,118.42,118.85,118.12,118.46,2657912
04/10/2024,119.25,119.55,118.62,119.51,1792158
07/10/2024,119.32,119.38,118.43,118.79,1825689
08/10/2024,118.73,119.06,118.48,118.99,1076377
09/10/2024,118.72,119.54,118.54,119.46,1305652
10/10/2024,119.23,119.46,118.79,119.27,877818
11/10/2024,119.25,120.22,119.16,120.09,1081628
14/10/2024,120.16,120.82,120.02,120.69,775353
15/10/2024,120.51,120.54,119.26,119.45,985001
16/10/2024,119.74,120.14,119.58,120.04,984012
17/10/2024,120.56,120.6,119.97,119.98,1100769
18/10/2024,120.55,120.72,120.29,120.57,737855
21/10/2024,120.24,120.4,119.5,119.95,877646
22/10/2024,119.35,119.89,119.28,119.66,825339
23/10/2024,119.32,119.32,117.96,118.62,1073370
24/10/2024,119.09,119.09,118.4,118.93,760807
25/10/2024,119.3,119.74,118.54,118.73,1119929
28/10/2024,119.38,119.58,119.24,119.35,1504769
29/10/2024,119.09,119.47,118.81,119.25,764077
30/10/2024,118.89,119.43,118.63,118.81,966285
31/10/2024,118.14,118.14,117.03,117.09,976228
01/11/2024,117.76,118.34,117.45,117.56,1508701
04/11/2024,117.82,118.13,117.25,117.5,1424505
05/11/2024,117.85,118.92,117.8,118.92,782832
06/11/2024,120.07,120.59,119.3,120.48,1850566
07/11/2024,121.28,121.97,121.23,121.75,2380936
08/11/2024,121.3,121.56,121.09,121.41,2177424
11/11/2024,121.56,121.79,121.29,121.55,1076816
12/11/2024,121.08,121.22,120.04,120.58,1352716
13/11/2024,120.51,120.73,119.95,120.33,1305918
14/11/2024,120.47,120.62,119.59,119.71,1021326
15/11/2024,119.28,119.33,118.27,118.52,1803927
18/11/2024,118.77,119.43,118.57,119.22,1916500
19/11/2024,118.48,119.67,118.43,119.53,1369071
20/11/2024,119.41,119.55,118.49,119.5,1529233
21/11/2024,119.89,120.29,119.15,120.07,996124
22/11/2024,120.05,120.68,119.96,120.59,1168736
25/11/2024,121.43,121.66,120.68,121.1,1214410
26/11/2024,121.14,121.3,120.75,121.18,1368875
27/11/2024,121.33,121.5,120.81,121.03,1715673
29/11/2024,121.23,122.07,121.17,121.94,616526
02/12/2024,122.1,122.34,121.79,122.2,1477978
03/12/2024,122.33,122.47,122.05,122.4,986214
04/12/2024,122.68,122.96,122.53,122.9,2168992
05/12/2024,123.13,123.28,122.89,122.92,1037533
06/12/2024,123.2,123.36,122.91,123.07,1037481
09/12/2024,123.52,123.64,122.76,122.82,1628957
10/12/2024,122.75,122.75,121.99,122.04,1122538
11/12/2024,122.71,123.1,122.57,122.97,1061746
12/12/2024,122.64,122.7,122.13,122.14,1173765
13/12/2024,122.44,122.48,121.71,122,1158634
16/12/2024,122.08,122.42,121.96,122.16,1635020
17/12/2024,121.85,121.85,121.43,121.65,1776537
18/12/2024,121.6,121.91,118.02,118.06,1985525
19/12/2024,119.05,119.31,118.03,118.04,2016594
20/12/2024,116.56,118.97,116.39,118.11,2673804
23/12/2024,118.1,118.85,117.53,118.76,1931590
24/12/2024,118.94,119.73,118.81,119.7,1222641
26/12/2024,119.55,120.04,119.29,119.84,944503
27/12/2024,119.23,119.37,118.24,118.9,1588005
30/12/2024,117.77,118.33,117.11,117.75,2054628
31/12/2024,118.14,118.26,117.21,117.48,1821395
02/01/2025,117.98,118.32,116.62,117.24,2520826
03/01/2025,117.82,118.57,117.5,118.45,1595812
06/01/2025,119.07,120,118.93,119.18,1640838
07/01/2025,119.71,119.76,117.83,118.01,6187650
08/01/2025,117.9,118.25,117.32,118.05,5568672
10/01/2025,117.28,117.29,115.88,116.16,5313832
13/01/2025,115.23,116.24,115.14,116.2,4233288
14/01/2025,116.84,116.99,115.95,116.6,1523008
15/01/2025,118.26,118.67,117.93,118.38,4747532
16/01/2025,118.68,118.9,118.22,118.49,4770394
17/01/2025,119.39,119.8,119.26,119.48,1390824
21/01/2025,120.4,120.96,120.06,120.93,2170883
22/01/2025,121.38,121.55,121.21,121.24,1517168
23/01/2025,121.22,121.91,121.12,121.89,1363079
24/01/2025,122.1,122.35,121.74,121.9,1365710
27/01/2025,119.91,120.67,119.83,120.51,2418607
28/01/2025,120.74,121.44,120.17,121.29,1776500
29/01/2025,121.24,121.4,120.48,120.92,1473680
30/01/2025,121.58,122.37,121.39,121.94,1476564
31/01/2025,122.24,122.66,120.98,121.07,6054233
03/02/2025,119.22,120.57,118.82,120.12,2300296
04/02/2025,120.45,121.34,120.36,121.24,2286023
05/02/2025,121.34,121.89,120.92,121.88,3403941
06/02/2025,122.24,122.3,121.67,122.28,1263362
07/02/2025,122.5,122.71,121.19,121.29,1671461
10/02/2025,122,122.22,121.77,122.09,1750713
11/02/2025,121.7,122.3,121.68,122.16,1484942
12/02/2025,121.18,122.29,120.97,122.04,1819599
13/02/2025,122.28,123.38,122.15,123.36,1604966
14/02/2025,123.58,123.74,123.33,123.49,1448843
18/02/2025,123.84,123.98,123.52,123.97,2276591
19/02/2025,123.51,123.88,123.33,123.82,1587884
20/02/2025,123.8,123.85,123.03,123.65,1296462
21/02/2025,123.71,123.73,121.72,121.91,1779291
24/02/2025,122.19,122.3,121.09,121.31,1688569
25/02/2025,121.67,121.85,120.33,121.17,1682209
26/02/2025,121.44,122.33,120.94,121.35,1445635
27/02/2025,121.44,121.56,119.48,119.52,2786509
28/02/2025,119.32,120.64,118.75,120.57,2975179
03/03/2025,121.49,121.74,118.58,119.29,3612976
04/03/2025,118.6,120.01,117.15,118.42,2562679
05/03/2025,119.05,120.67,118.63,120.38,3412606
06/03/2025,119.2,120.06,118.21,118.59,1798886
07/03/2025,118.42,119.58,117.5,119.34,2314713
10/03/2025,117.7,117.96,115.39,116.3,2893811
11/03/2025,116.29,116.87,114.93,115.83,2011309
12/03/2025,116.84,117.05,115.47,116.46,1426613
13/03/2025,116.09,116.31,114.78,115.08,1691360
14/03/2025,116.18,117.62,116.1,117.47,2054901
17/03/2025,117.52,119.06,117.52,118.64,1370826
18/03/2025,118.29,118.38,117.4,117.79,1690125
19/03/2025,118.03,119.44,117.76,118.76,1170651
20/03/2025,117.68,118.85,117.54,118.25,1589470
21/03/2025,116.94,117.71,116.66,117.6,905399
24/03/2025,118.27,119.2,118.27,119.09,1425792
25/03/2025,119.4,119.55,119.08,119.32,1325162
26/03/2025,119.09,119.33,117.72,118.02,1211645
27/03/2025,117.8,118.45,117.38,117.89,1074128
28/03/2025,117.44,117.48,115.66,115.82,2363366
31/03/2025,114.46,116.23,113.83,115.95,3541594
01/04/2025,115.56,116.63,114.99,116.33,1659534
02/04/2025,115.27,117.37,115.24,117.02,1239194
03/04/2025,113.87,114.29,112.29,112.4,4738206
04/04/2025,109.01,109.31,105.59,105.7,6540265
07/04/2025,102.09,108.35,100.89,104.43,5704329
08/04/2025,108.04,108.3,101.82,103.16,4175697
09/04/2025,102.92,112.64,102.47,111.98,5328470
10/04/2025,110.03,110.25,106.06,108.86,3325409
11/04/2025,109.02,111.32,108.39,111.11,3187197
14/04/2025,112.64,112.97,111.16,112.16,4323339
15/04/2025,112.51,113.16,112.09,112.27,1895583
16/04/2025,111.43,112.12,109.71,110.6,2762425
17/04/2025,111.23,111.98,110.71,111.18,1728825
21/04/2025,110.69,110.91,108.42,109.46,1751703
22/04/2025,110.57,112.39,110.54,111.85,1868732
23/04/2025,114.16,114.92,112.92,113.28,3889203
24/04/2025,113.26,115.34,113.26,115.25,3142552
25/04/2025,115.07,115.87,114.62,115.8,2300444
28/04/2025,116,116.35,115.06,116.13,5356414
29/04/2025,115.87,116.88,115.82,116.66,2407584
30/04/2025,115.53,116.97,114.48,116.6,2252863
01/05/2025,117.67,117.96,116.87,117.02,1487556
02/05/2025,118.62,119.23,118.34,119.06,1592710
05/05/2025,118.76,119.31,118.58,118.8,1762196
06/05/2025,117.98,118.85,117.77,118.13,5454584
07/05/2025,118.14,118.61,117.44,118.21,2985081
08/05/2025,118.89,119.55,118.22,118.62,1578175
09/05/2025,119.25,119.41,118.53,118.79,3546612
12/05/2025,121.5,121.73,120.64,121.73,2741854
13/05/2025,121.69,122.73,121.55,122.33,2485566
14/05/2025,122.65,122.74,122.04,122.33,1765678
15/05/2025,122.34,123.05,122.06,123.02,1986785
16/05/2025,123.02,123.64,122.73,123.62,1314188
19/05/2025,122.72,124,122.69,123.96,2304026
20/05/2025,123.77,123.97,123.32,123.83,1891174
21/05/2025,123.38,123.95,122.1,122.28,1696878
22/05/2025,122.25,122.78,121.83,122.19,1431163
23/05/2025,121.15,122.29,121,121.91,1955883
27/05/2025,123.26,123.93,122.89,123.89,2607030
28/05/2025,123.91,123.91,122.91,123.04,1893845
29/05/2025,124.1,124.1,122.8,123.54,1701218
30/05/2025,123.25,123.63,122.2,123.37,1695497
02/06/2025,123.21,124.22,122.7,124.19,1823317
03/06/2025,123.93,124.68,123.68,124.51,1557134
04/06/2025,124.86,125.16,124.7,124.8,1517303
05/06/2025,125.33,125.39,124.13,124.46,1883132
06/06/2025,125.33,125.65,125.06,125.43,2745695
09/06/2025,125.63,126,125.38,125.64,2784408
10/06/2025,125.93,126.27,125.6,126.24,1676127
11/06/2025,126.61,126.72,125.75,126,1978339
12/06/2025,126.11,126.58,125.88,126.54,1527763
13/06/2025,125.38,125.92,124.7,124.95,3691837
16/06/2025,125.98,126.65,125.8,126.04,2468188
17/06/2025,125.57,125.74,124.64,124.81,2368405
18/06/2025,125.13,125.57,124.7,124.88,2208653
20/06/2025,124.75,125.05,123.61,123.74,2992254
23/06/2025,123.58,124.92,123.19,124.92,3919832
24/06/2025,125.88,126.68,125.77,126.49,4474159
25/06/2025,126.49,126.69,126.02,126.27,3086138
26/06/2025,126.89,127.52,126.74,127.45,2036826
27/06/2025,127.8,128.38,127.32,128,2292865
30/06/2025,128.24,128.68,127.99,128.52,4039098
01/07/2025,128.28,128.75,128.12,128.53,2137585
02/07/2025,128.32,129.11,128.22,129.11,2313675
03/07/2025,129.36,129.95,129.36,129.79,1389793
07/07/2025,129.35,129.44,128.16,128.61,2520716
08/07/2025,128.89,129.17,128.65,128.88,4462136
09/07/2025,129.38,129.65,128.97,129.65,3199202
10/07/2025,129.62,130.05,129.32,129.89,2040666
11/07/2025,129.21,129.45,129.02,129.24,2440924
14/07/2025,129.09,129.54,128.94,129.47,1767520
15/07/2025,129.99,130.05,128.78,128.81,1771263
16/07/2025,129.28,129.39,128.2,129.32,3184327
17/07/2025,129.31,130.07,129.25,129.98,1775937
18/07/2025,130.49,130.49,129.71,129.87,2014719
21/07/2025,130.27,130.84,130.16,130.19,3618116
22/07/2025,130.29,130.62,129.78,130.55,2568454
23/07/2025,131.45,132.05,131.11,132.05,2981270
24/07/2025,131.96,132.07,131.67,131.7,2582309
25/07/2025,131.49,132.04,131.4,131.98,1400524
28/07/2025,131.67,131.7,131.09,131.32,1877141
29/07/2025,131.63,131.69,130.92,131.08,2040727
30/07/2025,131.08,131.38,130.12,130.62,2920033
31/07/2025,131.3,131.3,129.73,129.93,3032940
01/08/2025,129.08,129.08,127.79,128.41,7426971
04/08/2025,129.5,130.23,129.35,130.21,2642351
05/08/2025,130.52,130.63,129.61,129.95,1751894
06/08/2025,130.36,130.92,130.06,130.8,2104937
07/08/2025,131.77,131.88,130.48,131.04,2398660
08/08/2025,131.41,131.95,131.37,131.81,1731319
11/08/2025,131.91,131.98,131.26,131.46,2595039
12/08/2025,132,133.03,131.8,133.03,1919770
13/08/2025,133.56,133.75,133.27,133.7,3866845
14/08/2025,133.09,133.48,132.9,133.38,2047649
15/08/2025,133.87,133.87,133.2,133.38,1811972
18/08/2025,133.36,133.51,133.18,133.45,3238029
19/08/2025,133.38,133.67,132.63,132.84,2295910
20/08/2025,132.91,132.92,131.86,132.67,3283374
21/08/2025,132.26,132.59,131.92,132.19,1920367
22/08/2025,132.74,134.66,132.66,134.45,2948373
25/08/2025,134.08,134.26,133.55,133.57,1978012
26/08/2025,133.37,133.96,133.34,133.92,2130550
27/08/2025,133.45,134.08,133.38,133.98,1827575
28/08/2025,134.2,134.59,133.94,134.51,2474661
29/08/2025,134.03,134.1,133.43,133.77,4013050
02/09/2025,132.29,132.86,131.89,132.81,2749951
03/09/2025,133.17,133.43,132.77,133.3,4118600
04/09/2025,133.44,134.26,133.21,134.25,2359376
05/09/2025,135.06,135.3,133.66,134.38,9392752
08/09/2025,134.89,135.21,134.7,135.11,1983632
09/09/2025,135.09,135.32,134.75,135.24,2166794
10/09/2025,135.86,136.04,135.25,135.53,2100274
11/09/2025,136.02,136.95,135.92,136.87,2223685
12/09/2025,136.77,136.91,136.51,136.6,1549272
15/09/2025,137.16,137.39,137.06,137.37,2016973
16/09/2025,137.61,137.61,137.02,137.32,2512238
17/09/2025,137.38,137.91,136.31,137.12,4474368
18/09/2025,137.54,138.11,137.2,137.76,2821469
19/09/2025,137.49,137.61,136.95,137.47,2449538
22/09/2025,137.36,138.1,137.24,138.03,2562789
23/09/2025,138.21,138.35,137.33,137.51,3087763
24/09/2025,137.51,137.58,136.69,136.89,2253692
25/09/2025,136.21,136.36,135.48,136.12,2857234
26/09/2025,136.28,136.88,136.13,136.86,2719923
29/09/2025,137.44,137.6,137.1,137.38,2553632
30/09/2025,137.24,137.92,137.01,137.8,2948930
01/10/2025,137.66,138.6,137.66,138.51,2029769
02/10/2025,138.97,139.04,138.12,138.71,2271193
03/10/2025,139.13,139.65,138.81,139.08,1941116
06/10/2025,139.62,139.8,139.22,139.58,2162147
07/10/2025,139.58,139.68,138.54,138.72,2614707
08/10/2025,139,139.5,138.86,139.47,1640038
09/10/2025,139.6,139.63,138.4,138.74,2443821
10/10/2025,138.83,139.07,135.11,135.16,3920662
13/10/2025,136.83,137.57,136.6,137.32,2499794
14/10/2025,136.07,137.91,135.48,137.25,3824694
15/10/2025,138.34,138.88,136.94,138.02,4691420
16/10/2025,138.66,138.94,137.02,137.65,3535605
17/10/2025,137.3,138.29,136.95,138.08,7243906
20/10/2025,138.79,139.63,138.67,139.45,2800621
21/10/2025,139.27,139.44,138.83,139.09,1680864
22/10/2025,139.18,139.27,137.69,138.49,2137699
23/10/2025,138.63,139.63,138.63,139.4,1688081
24/10/2025,140.17,140.56,140.1,140.28,1490247
27/10/2025,141.27,141.74,141.24,141.68,2165640
28/10/2025,141.8,142.09,141.42,141.78,2213560
29/10/2025,142.17,142.21,140.84,141.59,3234364
30/10/2025,140.8,141.28,140.32,140.34,5374260
31/10/2025,140.99,140.99,139.97,140.59,2427011
03/11/2025,141.1,141.18,140.09,140.76,2903097
04/11/2025,139.25,139.92,138.9,138.99,2352329
05/11/2025,139.04,140.25,138.96,139.75,2283451
06/11/2025,139.6,139.78,138.18,138.5,3046878
07/11/2025,138.11,138.86,136.9,138.83,2999428
10/11/2025,140.04,140.91,139.6,140.77,4168695
11/11/2025,140.66,141.33,140.5,141.15,2296927
12/11/2025,141.55,141.63,141.11,141.49,2500439
13/11/2025,141.08,141.16,139.06,139.29,3749879
14/11/2025,138.14,139.96,137.73,139.24,3513612
17/11/2025,138.65,139.29,137.07,137.71,5049661
18/11/2025,136.75,137.44,135.71,136.68,6751865
19/11/2025,136.64,137.7,136.07,136.82,3084111
20/11/2025,138.51,138.88,134.67,134.73,8104211
21/11/2025,135.28,137.01,134.48,136.15,4733928
24/11/2025,136.6,137.9,136.4,137.8,4782977
25/11/2025,137.85,139.24,137.11,139.08,2834744
26/11/2025,139.64,140.53,139.5,140.22,4283875
28/11/2025,140.43,140.94,140.27,140.89,1657571
01/12/2025,140.17,140.85,140.07,140.22,2804120
02/12/2025,140.66,140.8,140.05,140.48,1996445
03/12/2025,140.35,141.2,140.24,141.06,2790205
04/12/2025,141.5,141.55,140.84,141.28,3958170
05/12/2025,141.7,142.16,141.39,141.56,3904467
08/12/2025,141.78,141.78,140.81,141.13,3192040
09/12/2025,141.02,141.47,140.92,140.97,2519678
10/12/2025,141.01,142.48,140.82,142.17,4262287
11/12/2025,141.91,142.66,141.41,142.56,3182517
12/12/2025,142.62,142.64,140.7,141.22,3720736
15/12/2025,142.12,142.2,141,141.22,3988206
16/12/2025,140.91,141.17,140.04,140.68,3710006
17/12/2025,140.85,141,139.33,139.39,2634978
18/12/2025,140.61,141.27,140.18,140.44,2187032
19/12/2025,139.9,140.76,139.86,140.5,3108585
22/12/2025,141.23,141.48,140.97,141.34,3065822
23/12/2025,141.45,142.05,141.38,142.01,2762577
24/12/2025,142.04,142.46,142.01,142.36,1430057
26/12/2025,142.53,142.61,142.23,142.5,1699021
29/12/2025,142.12,142.3,141.67,142.01,2760412
30/12/2025,142.15,142.35,141.95,141.98,2538632
31/12/2025,141.97,142.05,141.03,141.06,3672560
02/01/2026,142.3,142.47,141.38,142.1,4387715
05/01/2026,142.73,143.5,142.68,143.3,7382396
06/01/2026,143.55,144.22,143.49,144.14,4700553
07/01/2026,144.12,144.27,143.46,143.54,7542293
08/01/2026,143.32,143.72,143.12,143.64,3069971
09/01/2026,143.92,144.76,143.72,144.59,3998706
12/01/2026,144.38,145.32,144.37,145.24,3400799
13/01/2026,145.18,145.26,144.38,144.7,4232103
14/01/2026,144.49,144.68,143.84,144.6,4545073
15/01/2026,145.34,145.55,144.83,144.93,4058563
16/01/2026,145.23,145.24,144.48,144.93,3127653
20/01/2026,143.13,143.74,142.28,142.45,7591373
21/01/2026,143.1,144.75,142.73,144.12,6825892
22/01/2026,145,145.32,144.56,144.92,5292980
23/01/2026,144.74,145.32,144.51,145.2,3791679
26/01/2026,145.67,146.15,145.53,145.84,4678606
27/01/2026,146.51,147.15,146.48,147.05,4936866
28/01/2026,147.15,147.26,146.32,146.8,4430290
29/01/2026,147.48,147.48,144.85,146.72,8850029
30/01/2026,146.1,146.4,144.6,145.45,13316013
02/02/2026,145.18,146.43,145.07,146.15,4177353
03/02/2026,146.45,146.56,144.39,145.61,5718653
04/02/2026,146.27,146.4,144.31,145.13,7009755
05/02/2026,144.01,144.71,143.12,143.37,8561292
06/02/2026,144.64,146.66,144.62,146.46,2636548
09/02/2026,146.47,147.93,146.32,147.67,3890177
10/02/2026,148.22,148.3,147.54,147.58,3726999
11/02/2026,148.53,148.72,147.12,147.98,4919825
12/02/2026,148.51,148.67,145.79,145.96,6120443
13/02/2026,145.88,147,145.09,146.34,5372167
17/02/2026,145.63,146.69,144.76,146.29,5586674
18/02/2026,146.62,147.66,146.35,147.01,3300912
19/02/2026,146.32,146.76,146.02,146.68,3861139
20/02/2026,146.33,148.04,146.26,147.95,5087052
23/02/2026,147.65,148.1,146.2,146.65,6066198
24/02/2026,146.6,147.88,146.34,147.7,5991949
25/02/2026,148.49,149.01,148.22,148.91,4875063
26/02/2026,149.07,149.07,147.25,148.4,6387296
27/02/2026,147.59,148.03,147.11,147.84,5192316
02/03/2026,145.47,147.46,145.3,146.95,7705216
03/03/2026,142.88,144.61,141.27,144.04,13852513
04/03/2026,144.48,145.59,143.92,145.26,5309461
05/03/2026,144.01,144.86,142.3,143.57,10491780
06/03/2026,141.69,142.63,141.03,141.93,7490521
09/03/2026,140.31,143.62,139.35,143.24,9161979
10/03/2026,143.34,145.01,142.76,143.22,8022994
11/03/2026,143.08,143.73,142.28,143.04,8398388
12/03/2026,141.78,141.96,140.46,140.55,9415554
13/03/2026,141.25,141.88,139.34,139.52,8763521
16/03/2026,141.2,142.07,140.9,141.49,4340803
17/03/2026,142.25,142.73,141.8,142.02,2818305
18/03/2026,141.29,141.68,139.8,139.82,3503263
19/03/2026,138.25,140.19,137.9,139.55,5703652
20/03/2026,138.79,138.82,135.58,136.32,5287223
23/03/2026,138.69,140.11,137.87,138.6,6783763
24/03/2026,137.3,138.7,136.95,137.9,4428991
25/03/2026,139.65,139.93,138.52,139.17,4334040
26/03/2026,137.84,138.64,136.34,136.44,4334356
27/03/2026,135.87,136.11,134.29,134.62,5289225
30/03/2026,135.84,135.94,133.65,134.19,4883113
31/03/2026,135.74,138.48,135.43,138.32,8261877
01/04/2026,139.34,140.49,139.23,139.69,3990679
02/04/2026,137.24,139.91,136.98,139.37,2973811
06/04/2026,139.86,140.31,139.43,140.07,2548859
07/04/2026,139.52,140.26,138.29,140.13,3541952
08/04/2026,144.71,145.29,143.73,144.58,6111475
09/04/2026,143.85,145.35,143.57,144.95,3964981
10/04/2026,145.38,145.66,144.72,144.98,2317420
13/04/2026,144.43,146.46,144.17,146.4,4455944
14/04/2026,146.94,148.18,146.94,148.09,3059501
15/04/2026,147.89,148.71,147.73,148.62,2622692
16/04/2026,148.93,149.1,148.35,148.79,2329020
17/04/2026,150.26,151.44,150.13,150.84,3111113
20/04/2026,150.25,150.58,149.77,150.48,3183327
21/04/2026,150.52,150.69,148.52,148.76,2473091
22/04/2026,149.86,150.13,149.66,150.1,1863861
23/04/2026,149.71,150.15,147.7,149.15,3382925
24/04/2026,149.72,150.42,149.28,150.34,4861333
27/04/2026,150.35,150.54,149.92,150.32,2892910
28/04/2026,149.61,149.84,148.89,149.46,1857131
29/04/2026,149.51,149.51,148.3,148.94,2203614
30/04/2026,149.84,151.38,149.4,151.2,4025087
01/05/2026,151.6,152.4,151.33,151.44,2817676
04/05/2026,151.29,151.72,150.01,150.56,2609782
05/05/2026,151.67,152.43,151.55,152.12,2451807
06/05/2026,154.13,155.17,153.91,155.06,2151081
07/05/2026,155.27,155.31,153.45,153.72,2744834
08/05/2026,154.94,155.27,154.7,155.18,2360737
11/05/2026,155.33,155.63,155,155.32,2164589
12/05/2026,154.24,154.51,152.98,154.35,2307798
13/05/2026,154.42,155.57,154.01,155.4,1550532
14/05/2026,155.56,156.42,155.35,156.02,2520100
15/05/2026,154.19,154.3,153.22,153.52,3071523
18/05/2026,154.02,154.41,152.61,153.71,2650026
19/05/2026,152.72,153.5,152.03,152.63,2543904
20/05/2026,152.94,154.77,152.72,154.63,2038426
21/05/2026,154.11,155.71,153.72,155.21,2375232
22/05/2026,155.7,156.29,155.32,155.57,2570409
26/05/2026,157.38,157.63,156.9,157.38,2411235
27/05/2026,157.5,157.59,156.73,157.16,4254330
28/05/2026,156.72,158.01,156.47,157.87,3268159
29/05/2026,158.14,158.53,157.8,158.12,5120016
01/06/2026,158.04,159.17,157.5,158.6,3407113
02/06/2026,158.65,159.41,158.42,159.35,2967630
03/06/2026,159,159,157.81,157.95,3336623
04/06/2026,157.57,158.75,157.46,158.54,2216132
05/06/2026,157.09,157.09,153.23,153.68,3986374
08/06/2026,155.16,155.6,154.21,154.48,5059025
09/06/2026,155.74,156.56,151.2,154.3,5115578
10/06/2026,153.37,154.57,151.88,151.92,5763527
11/06/2026,152.92,155.88,152.24,155.61,4852897
12/06/2026,155.9,156.84,154.92,156.29,8980220
15/06/2026,158.76,159.2,158.5,158.72,4689249
16/06/2026,158.89,159.17,157.92,157.99,6737674
17/06/2026,158.46,158.86,156.13,156.41,3620565
18/06/2026,157.79,157.95,157.12,157.66,1976567
22/06/2026,157.89,158.43,157.27,157.56,2718870
23/06/2026,154.42,155.6,154.21,154.33,3432153
24/06/2026,154.58,155.34,153.67,154.26,3436797
25/06/2026,155.84,156.69,154,154.85,3837815
26/06/2026,153.62,155.14,153.26,153.95,4824175
29/06/2026,155.16,155.91,153.88,155.83,2903357
30/06/2026,155.99,157.2,155.86,156.95,3835413
01/07/2026,156.19,156.99,155.7,156.12,3083313
02/07/2026,156.78,157.79,154.98,156.17,2265784
06/07/2026,157.26,158.04,157.06,157.81,2578465
07/07/2026,157.28,157.44,155.95,156.34,1929451
08/07/2026,155.15,155.92,154.26,155.81,1900767
09/07/2026,156.33,157.24,156.05,157,1660562
10/07/2026,157.21,157.73,156.29,157.63,1760471
13/07/2026,156.71,156.94,155.57,155.81,2388395
14/07/2026,156.64,157.26,156.33,156.78,1744649
15/07/2026,157.25,157.51,156.21,157.29,1960625
16/07/2026,156.45,156.95,155.66,156.13,1889965
17/07/2026,154.24,155.43,153.85,154.78,2361255
20/07/2026,155.39,155.69,154.18,154.29,2124220
21/07/2026,155.55,156.3,155.1,156.14,1458778
22/07/2026,155.86,156.49,155.78,156.02,1448600
23/07/2026,154.27,155.1,153.56,154.31,2084523
24/07/2026,154.4,155.29,153.88,154.2,2944156
27/07/2026,155.48,155.74,153.68,154.45,4991124
28/07/2026,153.88,154.82,153.24,154.35,2582799
29/07/2026,153.98,154.98,152.13,152.22,4037863
30/07/2026,153.98,155.57,153.77,155.45,2720865
31/07/2026,155.98,156.25,154.25,155.86,3216821
03/08/2026,156.4,157.72,156.19,157.61,2439345
04/08/2026,158.59,160.78,158.51,160.45,2839039
05/08/2026,161.34,162,160.12,160.17,2386031
06/08/2026,160.1,160.68,159.76,159.92,4295862
07/08/2026,161.01,161.38,160.53,161.3,2952748
10/08/2026,161,161.35,160.85,160.97,2425919
11/08/2026,161.45,161.54,160.54,160.82,1646009
12/08/2026,161.9,162,161.33,161.53,3041794
13/08/2026,161.92,162.68,161.82,162.39,2324441
14/08/2026,162.56,162.71,162.01,162.25,1925366
17/08/2026,162.27,162.56,161.76,161.83,3566327
18/08/2026,160.81,161.03,160,160.06,1975473
19/08/2026,161.01,161.37,160.54,160.7,2481467
20/08/2026,160.33,160.83,159.81,159.93,2072586
21/08/2026,160.9,161.17,160.46,160.77,1552067
24/08/2026,160.48,160.5,159.78,160.1,1827099
25/08/2026,160.88,161.04,160.32,160.99,2569888
26/08/2026,160.93,161.29,160.58,160.87,1375525
27/08/2026,161.16,161.76,160.92,161.57,2016671
28/08/2026,161.77,162.2,160.76,161.01,1593198
31/08/2026,160.97,161,160.17,160.55,2027659
01/09/2026,159.6,160.15,158.91,159.31,1965161
02/09/2026,159.5,160.2,159.44,160.11,1622455
03/09/2026,160.9,161.92,160.62,161.76,1589402
04/09/2026,161.36,161.97,161.36,161.73,1537228
08/09/2026,161.7,161.74,160.81,160.92,1620957
09/09/2026,160.65,160.7,159.7,159.89,1677047
10/09/2026,159.06,159.21,158.41,158.53,1594909
11/09/2026,160.02,160.34,159.76,159.94,2084105