XLE,,,,,
Date,Open,High,Low,Close,Volume
03/01/2000,13.66,13.66,13.19,13.28,380300
04/01/2000,13.16,13.16,12.94,13.03,722200
05/01/2000,13.06,13.38,13,13.38,337800
06/01/2000,13.38,13.92,13.38,13.89,133100
07/01/2000,13.84,14.2,13.84,14.04,468000
10/01/2000,14.04,14.04,13.81,13.92,122100
11/01/2000,13.92,14.03,13.78,13.94,144800
12/01/2000,13.92,13.92,13.78,13.88,57300
13/01/2000,13.97,14.16,13.86,14.12,149200
14/01/2000,14.05,14.05,13.84,14.03,35700
18/01/2000,13.94,14.28,13.94,14.2,110500
19/01/2000,14.16,14.31,14.14,14.16,190300
20/01/2000,14.2,14.2,13.97,14.16,344300
21/01/2000,14.47,14.62,14.39,14.55,483300
24/01/2000,14.64,14.69,14.02,14.03,296500
25/01/2000,14.06,14.73,13.91,14,57800
26/01/2000,13.91,14.14,13.78,13.78,46900
27/01/2000,13.83,13.94,13.32,13.5,1688800
28/01/2000,13.47,13.48,13.25,13.34,33100
31/01/2000,13.09,13.66,13.06,13.66,101600
01/02/2000,13.66,13.66,13.5,13.63,114200
02/02/2000,13.66,13.8,13.63,13.71,29400
03/02/2000,13.69,13.69,13.36,13.55,96800
04/02/2000,13.42,13.5,13.08,13.16,65600
07/02/2000,13.16,13.36,13.16,13.3,55300
08/02/2000,13.38,13.53,13.19,13.19,149400
09/02/2000,13.06,13.06,12.75,12.75,86200
10/02/2000,12.88,13.22,12.86,13.02,615000
11/02/2000,13.14,13.22,12.66,12.86,207800
14/02/2000,12.94,13.13,12.8,13.06,523000
15/02/2000,13.31,13.61,13.22,13.61,300700
16/02/2000,13.58,13.75,13.58,13.67,123900
17/02/2000,13.7,13.74,13.47,13.66,88000
18/02/2000,13.59,13.59,13.22,13.26,141700
22/02/2000,13.31,13.31,13,13.14,74600
23/02/2000,13.03,13.03,12.7,12.8,76200
24/02/2000,12.63,12.72,12.47,12.66,316000
25/02/2000,12.58,12.77,12.34,12.41,662800
28/02/2000,12.53,12.92,12.31,12.78,456100
29/02/2000,12.81,13.17,12.81,13.08,80300
01/03/2000,13.01,13.45,12.97,13.41,880600
02/03/2000,13.45,13.7,13.44,13.66,392700
03/03/2000,13.63,13.63,13.3,13.44,611700
06/03/2000,13.34,13.5,13.27,13.36,279800
07/03/2000,13.33,14.28,13.33,14.28,499500
08/03/2000,13.88,14.42,13.88,14.05,1089400
09/03/2000,13.84,14.08,13.69,14.06,358400
10/03/2000,14,14.34,13.86,13.88,663100
13/03/2000,13.88,14.11,13.61,13.67,350600
14/03/2000,13.59,13.86,13.5,13.84,360400
15/03/2000,13.7,13.88,13.58,13.78,419500
16/03/2000,13.69,14.39,13.38,14.38,566300
17/03/2000,14.31,14.31,13.88,13.89,149800
20/03/2000,13.95,13.95,13.61,13.67,237500
21/03/2000,13,14.11,13,14.11,176500
22/03/2000,14.08,14.17,13.94,14,41900
23/03/2000,13.91,14.16,13.83,13.98,41500
24/03/2000,13.97,14.02,13.97,14.02,161400
27/03/2000,13.97,14.22,13.8,14.06,219100
28/03/2000,14.09,14.17,13.91,14,69300
29/03/2000,13.94,14.78,13.94,14.73,232800
30/03/2000,14.86,15.11,14.61,14.73,177900
31/03/2000,14.69,14.99,14.66,14.66,627900
03/04/2000,14.75,14.91,14.7,14.91,140700
04/04/2000,15,15.08,14.47,14.72,414600
05/04/2000,14.74,14.78,14.28,14.28,50800
06/04/2000,14.34,14.69,14.34,14.66,38000
07/04/2000,14.66,14.69,14.41,14.43,255400
10/04/2000,14.34,14.4,14.16,14.22,27000
11/04/2000,14.22,14.58,14.22,14.47,487900
12/04/2000,14.53,14.78,14.48,14.59,242200
13/04/2000,14.63,14.69,14.51,14.56,440800
14/04/2000,14.56,14.69,14.11,14.25,1849100
17/04/2000,14.13,14.2,13.76,13.91,216100
18/04/2000,13.81,14.02,13.81,13.98,79600
19/04/2000,14,14.3,14,14.28,377800
20/04/2000,14.28,14.38,14.16,14.3,235600
24/04/2000,14.41,14.5,14.23,14.46,22000
25/04/2000,14.46,14.65,14.46,14.48,430800
26/04/2000,14.53,14.7,14.45,14.67,429500
27/04/2000,14.56,14.89,14.51,14.88,27500
28/04/2000,14.84,14.84,14.44,14.44,53000
01/05/2000,14.59,14.78,14.52,14.67,34700
02/05/2000,14.67,15,14.67,14.88,148000
03/05/2000,14.88,14.88,14.5,14.5,79100
04/05/2000,14.59,14.9,14.59,14.88,44000
05/05/2000,14.88,15.05,14.81,15.03,35600
08/05/2000,14.94,15.3,14.94,15.22,83000
09/05/2000,15.38,15.39,15.09,15.23,122400
10/05/2000,15.22,15.36,15.11,15.27,353700
11/05/2000,15.34,15.77,15.34,15.75,130800
12/05/2000,15.69,15.81,15.66,15.8,45100
15/05/2000,15.84,16.16,15.75,16.13,1278300
16/05/2000,16,16.06,15.69,15.82,930400
17/05/2000,15.91,15.91,15.68,15.9,45600
18/05/2000,15.88,15.99,15.69,15.88,889700
19/05/2000,15.77,15.99,15.7,15.91,71400
22/05/2000,15.78,15.96,15.77,15.77,108400
23/05/2000,15.75,15.88,15.61,15.71,140300
24/05/2000,15.69,15.8,15.53,15.73,64800
25/05/2000,15.75,15.75,15.3,15.44,331800
26/05/2000,15.47,15.68,15.45,15.45,34600
30/05/2000,15.55,15.75,15.5,15.66,62400
31/05/2000,15.66,16.16,15.66,16.13,114700
01/06/2000,16.08,16.08,15.69,15.98,41300
02/06/2000,15.94,15.95,15.34,15.44,49600
05/06/2000,15.34,15.5,15.19,15.22,1123300
06/06/2000,15.3,15.81,15.3,15.81,65700
07/06/2000,15.75,15.8,15.52,15.61,37900
08/06/2000,15.58,15.75,15.53,15.69,74500
09/06/2000,15.68,15.7,15.5,15.59,129800
12/06/2000,15.56,16.03,15.56,15.94,257500
13/06/2000,15.97,16.06,15.89,15.94,357100
14/06/2000,16.03,16.25,15.72,15.91,216200
15/06/2000,15.98,16,15.59,15.69,251400
16/06/2000,15.69,16.09,15.69,15.88,478500
19/06/2000,15.91,16.03,15.63,15.74,234700
20/06/2000,15.69,15.73,15.35,15.66,90400
21/06/2000,15.56,15.98,15.53,15.94,160700
22/06/2000,16.01,16.06,15.52,15.52,94300
23/06/2000,15.63,15.88,15.63,15.71,77700
26/06/2000,15.84,15.84,15.5,15.59,44500
27/06/2000,15.61,15.61,15.31,15.48,14600
28/06/2000,15.38,15.44,15.22,15.34,90100
29/06/2000,15.31,15.5,15.28,15.38,544400
30/06/2000,15.3,15.41,15.05,15.17,127600
03/07/2000,15.09,15.32,15.09,15.27,54000
05/07/2000,15,15.05,14.63,14.63,1032400
06/07/2000,14.84,15.06,14.78,14.78,217800
07/07/2000,14.91,14.95,14.81,14.85,522000
10/07/2000,14.84,15.05,14.84,14.92,173300
11/07/2000,15,15.49,15,15.45,71100
12/07/2000,15.5,15.52,15.25,15.25,154300
13/07/2000,15.11,15.17,14.94,15.02,68900
14/07/2000,15.09,15.09,14.84,15,211700
17/07/2000,15.03,15.09,14.8,14.8,228000
18/07/2000,14.81,15.09,14.81,14.94,101000
19/07/2000,15,15.05,14.83,14.9,57200
20/07/2000,14.88,14.97,14.75,14.75,185600
21/07/2000,14.78,14.8,14.45,14.47,37500
24/07/2000,14.63,14.63,14.23,14.32,116300
25/07/2000,14.36,14.5,14.14,14.19,487700
26/07/2000,14.33,14.39,14.22,14.3,35000
27/07/2000,14.26,14.83,14.26,14.8,156200
28/07/2000,14.81,14.91,14.69,14.69,29500
31/07/2000,14.81,14.88,14.58,14.59,267200
01/08/2000,14.72,14.92,14.72,14.87,73900
02/08/2000,15,15.2,14.98,15.15,105800
03/08/2000,15.25,15.31,14.94,14.94,42100
04/08/2000,14.94,15.09,14.83,15,30000
07/08/2000,15.02,15.3,15.02,15.2,34600
08/08/2000,15.19,15.28,15.16,15.23,29800
09/08/2000,15.38,15.88,15.31,15.5,48900
10/08/2000,15.52,15.69,15.52,15.64,54000
11/08/2000,15.75,15.75,15.51,15.63,158400
14/08/2000,15.66,15.92,15.63,15.84,173100
15/08/2000,16,16.05,15.78,15.78,268900
16/08/2000,15.81,16.06,15.78,16,42500
17/08/2000,16.19,16.44,16.19,16.38,226200
18/08/2000,16.41,16.41,16.13,16.19,718800
21/08/2000,16.22,16.25,16.13,16.25,78200
22/08/2000,16.25,16.38,16.17,16.2,650000
23/08/2000,16.38,16.69,16.38,16.63,203200
24/08/2000,16.69,16.69,16.22,16.27,239100
25/08/2000,16.28,16.31,16.09,16.31,261800
28/08/2000,16.2,16.53,16.16,16.38,110800
29/08/2000,16.38,16.46,16.3,16.39,106500
30/08/2000,16.31,16.39,16.09,16.25,165800
31/08/2000,16.25,16.31,16.13,16.19,78500
01/09/2000,16.14,16.47,16.14,16.35,102700
05/09/2000,16.44,16.56,16.25,16.35,722500
06/09/2000,16.44,16.73,16.44,16.71,228000
07/09/2000,16.66,16.72,16.59,16.63,104400
08/09/2000,16.59,16.63,16.33,16.44,892200
11/09/2000,16.44,17,16.44,16.96,820300
12/09/2000,17.03,17.06,16.72,16.94,553100
13/09/2000,16.97,16.97,16.64,16.66,109800
14/09/2000,16.66,16.72,16.51,16.61,417300
15/09/2000,16.75,17.16,16.75,16.97,762800
18/09/2000,17.19,17.23,17,17,205500
19/09/2000,17.03,17.03,16.52,16.55,3814500
20/09/2000,16.72,16.77,16.22,16.22,1429200
21/09/2000,16.16,16.2,16.01,16.09,4575600
22/09/2000,16.01,16.69,15.81,15.99,1469500
25/09/2000,15.94,15.94,15.5,15.75,507200
26/09/2000,15.84,16.16,15.84,16.13,465300
27/09/2000,16.16,16.47,16.03,16.43,83200
28/09/2000,16.46,16.5,16.25,16.37,322600
29/09/2000,16.5,16.63,16.38,16.38,127200
02/10/2000,16.47,16.74,16.47,16.72,314500
03/10/2000,16.68,16.74,16.59,16.71,92200
04/10/2000,16.66,16.66,16.22,16.22,151800
05/10/2000,16.21,16.74,16,16.2,2279800
06/10/2000,16.31,16.5,16.03,16.13,540000
09/10/2000,16.19,16.45,16.19,16.38,1375800
10/10/2000,16.47,16.91,16.47,16.74,1231400
11/10/2000,16.84,17.16,16.77,16.9,398900
12/10/2000,17,17.3,17,17.16,2032800
13/10/2000,17.16,17.38,16.44,16.5,304100
16/10/2000,16.45,16.48,16.29,16.34,328100
17/10/2000,16.5,16.63,16.35,16.35,511400
18/10/2000,16.44,16.5,16.13,16.13,1417200
19/10/2000,16.16,16.41,16.03,16.21,977400
20/10/2000,16.09,16.53,16.09,16.53,488600
23/10/2000,16.56,16.56,16.23,16.27,205500
24/10/2000,16.28,16.31,15.98,15.99,80300
25/10/2000,16.06,16.06,15.56,15.6,397200
26/10/2000,15.81,15.88,15.59,15.67,450900
27/10/2000,15.84,15.84,15.44,15.56,342200
30/10/2000,15.66,15.88,15.5,15.83,376600
31/10/2000,15.97,16.01,15.7,15.94,463300
01/11/2000,16.06,16.45,16.06,16.45,2120100
02/11/2000,16.37,16.37,15.81,15.88,118000
03/11/2000,15.88,15.99,15.72,15.81,341800
06/11/2000,15.81,15.98,15.63,15.88,508100
07/11/2000,15.94,16.19,15.94,16,242600
08/11/2000,16.06,16.22,16.05,16.16,60200
09/11/2000,16.23,16.28,15.87,15.98,304100
10/11/2000,16.19,16.27,15.69,16.03,335200
13/11/2000,16.13,16.24,15.76,15.91,50000
14/11/2000,15.78,16.14,15.78,16,48200
15/11/2000,16.11,16.38,16.11,16.31,71300
16/11/2000,16.28,16.47,16.26,16.38,155400
17/11/2000,16.25,16.36,16.17,16.24,170600
20/11/2000,16.28,16.44,16.16,16.16,217600
21/11/2000,16.19,16.53,16.19,16.53,317600
22/11/2000,16.44,16.44,16.22,16.27,242600
24/11/2000,16.38,16.5,16.31,16.5,50000
27/11/2000,16.41,16.5,16.3,16.37,45900
28/11/2000,16.43,16.56,16.34,16.35,49900
29/11/2000,16.42,16.42,15.61,15.63,761800
30/11/2000,15.72,15.72,14.95,15.1,1260000
01/12/2000,15.13,15.56,15.09,15.44,309600
04/12/2000,15.56,15.78,15.5,15.7,201300
05/12/2000,15.66,15.84,15.38,15.38,166700
06/12/2000,15.38,15.44,15.06,15.25,509200
07/12/2000,15.5,15.55,15.38,15.5,223400
08/12/2000,15.34,15.5,15.16,15.49,48600
11/12/2000,15.41,15.63,15.34,15.54,62400
12/12/2000,15.56,15.72,15.55,15.72,124900
13/12/2000,15.84,15.91,15.66,15.75,194200
14/12/2000,15.72,15.73,15.23,15.27,56600
15/12/2000,15.25,15.53,15.25,15.4,629100
18/12/2000,15.47,15.93,15.47,15.88,204300
19/12/2000,15.84,16.2,15.84,16.15,258900
20/12/2000,15.81,15.95,15.66,15.67,190900
21/12/2000,15.81,15.88,15.73,15.79,329900
22/12/2000,15.84,16,15.76,16,58400
26/12/2000,16.03,16.68,16.03,16.67,967100
27/12/2000,16.78,16.8,16.51,16.66,291200
28/12/2000,16.78,16.95,16.64,16.93,67500
29/12/2000,16.91,16.97,16.58,16.59,185400
02/01/2001,16.88,17.05,16.63,16.63,398500
03/01/2001,16.78,16.78,16.13,16.13,519100
04/01/2001,15.94,16.13,15.53,15.63,386500
05/01/2001,15.63,16.09,15.63,15.96,424600
08/01/2001,16.16,16.16,15.84,15.91,371600
09/01/2001,16,16,15.54,15.59,132000
10/01/2001,15.69,15.73,15.55,15.69,127600
11/01/2001,15.72,16,15.72,15.86,48600
12/01/2001,15.69,15.9,15.66,15.76,30100
16/01/2001,15.91,15.94,15.66,15.75,33400
17/01/2001,15.94,15.94,15.53,15.67,95700
18/01/2001,15.53,15.63,15.25,15.38,372000
19/01/2001,15.16,15.41,15.09,15.3,321900
22/01/2001,15.41,15.5,15.3,15.47,39400
23/01/2001,15.53,15.74,15.45,15.71,61700
24/01/2001,15.84,15.84,15.66,15.7,47300
25/01/2001,15.84,16.21,15.84,16.16,112800
26/01/2001,16.22,16.34,15.88,15.89,172200
29/01/2001,15.95,15.95,15.76,15.76,63200
30/01/2001,15.89,15.94,15.65,15.9,234800
31/01/2001,16,16.1,15.9,16.07,99000
01/02/2001,16.07,16.07,15.78,15.86,346100
02/02/2001,15.97,16.16,15.97,16.13,176500
05/02/2001,16.25,16.5,16.25,16.45,204300
06/02/2001,16.47,16.6,16.25,16.56,72500
07/02/2001,16.57,16.74,16.41,16.6,103100
08/02/2001,16.65,16.78,16.59,16.69,39200
09/02/2001,16.73,17.02,16.73,16.96,241500
12/02/2001,16.8,16.89,16.73,16.74,295500
13/02/2001,16.7,16.77,16.6,16.7,1013900
14/02/2001,16.74,16.81,16.57,16.58,83600
15/02/2001,16.3,16.4,16.2,16.36,554600
16/02/2001,16.56,16.63,16.38,16.51,57300
20/02/2001,16.52,16.65,16.42,16.42,374900
21/02/2001,16.49,16.61,16.31,16.31,94900
22/02/2001,16.38,16.45,16.13,16.23,210000
23/02/2001,16.18,16.22,15.85,16.02,341300
26/02/2001,15.98,16.22,15.98,16.2,340600
27/02/2001,16.25,16.34,16.08,16.1,40500
28/02/2001,16.17,16.17,15.87,15.87,23500
01/03/2001,15.93,16.11,15.93,16.05,164100
02/03/2001,16.2,16.43,16.17,16.42,78800
05/03/2001,16.32,16.59,16.32,16.51,1607900
06/03/2001,16.55,16.7,16.55,16.59,95900
07/03/2001,16.7,16.95,16.7,16.95,233400
08/03/2001,17,17.11,16.83,17.11,152800
09/03/2001,17.17,17.18,16.9,17.04,239500
12/03/2001,16.77,16.82,16.47,16.47,1411200
13/03/2001,16.3,16.38,16.11,16.27,152400
14/03/2001,15.95,16.25,15.95,16.03,109100
15/03/2001,16.15,16.24,15.95,16.04,79700
16/03/2001,16.02,16.02,15.72,15.73,223000
19/03/2001,15.78,16.07,15.78,15.93,241300
20/03/2001,15.98,16.22,15.98,16.07,488300
21/03/2001,16.03,16.03,15.58,15.61,350800
22/03/2001,15.46,15.46,14.73,15.15,266600
23/03/2001,15.16,15.37,15.14,15.27,440000
26/03/2001,15.58,15.58,15.39,15.47,52900
27/03/2001,15.55,15.65,15.4,15.55,99500
28/03/2001,15.45,15.45,15.17,15.33,138100
29/03/2001,15.03,15.12,14.92,15,107200
30/03/2001,15.32,15.45,15.23,15.35,113100
02/04/2001,15.25,15.38,14.94,15.07,106400
03/04/2001,14.99,15,14.53,14.65,1229500
04/04/2001,14.76,15.01,14.71,14.91,164000
05/04/2001,15.08,15.35,15,15.3,211900
06/04/2001,15.11,15.35,15.06,15.32,69800
09/04/2001,15.45,15.71,15.45,15.68,88900
10/04/2001,15.88,16.07,15.79,15.95,242000
11/04/2001,15.8,15.87,15.67,15.67,66200
12/04/2001,15.88,15.92,15.7,15.83,215400
16/04/2001,15.98,16.15,15.98,16.14,132300
17/04/2001,16.17,16.31,16.01,16.23,49700
18/04/2001,16.15,16.35,16.03,16.14,78900
19/04/2001,16.08,16.08,15.79,15.86,63800
20/04/2001,16.03,16.11,15.96,16.03,142500
23/04/2001,16.25,16.48,16.25,16.45,90700
24/04/2001,16.61,16.68,16.41,16.49,482900
25/04/2001,16.5,16.79,16.5,16.72,264900
26/04/2001,16.84,17.09,16.84,17.05,751100
27/04/2001,17.02,17.04,16.88,16.93,143400
30/04/2001,16.94,17.12,16.85,16.93,183200
01/05/2001,16.79,16.92,16.72,16.83,235200
02/05/2001,16.37,16.42,16.13,16.17,419000
03/05/2001,16,16.1,15.91,16.09,135200
04/05/2001,16.13,16.42,16.11,16.35,636500
07/05/2001,16.49,16.5,16.23,16.39,162600
08/05/2001,16.26,16.4,16.2,16.38,133900
09/05/2001,16.39,16.67,16.39,16.67,89400
10/05/2001,16.64,16.7,16.5,16.55,1699800
11/05/2001,16.52,16.52,16.33,16.39,32600
14/05/2001,16.5,16.72,16.49,16.64,82500
15/05/2001,16.84,16.85,16.7,16.79,137700
16/05/2001,16.88,17,16.85,16.93,397700
17/05/2001,16.92,17,16.8,16.99,68700
18/05/2001,17.15,17.36,17.14,17.34,536300
21/05/2001,17.45,17.45,17.2,17.3,589100
22/05/2001,17.27,17.27,17.05,17.13,152500
23/05/2001,16.95,17.05,16.76,16.86,2010000
24/05/2001,16.75,16.84,16.65,16.84,404200
25/05/2001,16.85,16.85,16.68,16.69,78400
29/05/2001,16.83,16.95,16.67,16.67,884600
30/05/2001,16.71,16.74,16.56,16.6,349300
31/05/2001,16.69,16.79,16.53,16.77,113400
01/06/2001,16.75,16.77,16.57,16.7,1051100
04/06/2001,16.93,16.99,16.91,16.93,174000
05/06/2001,16.93,17.02,16.82,16.98,364200
06/06/2001,16.75,16.75,16.5,16.55,152100
07/06/2001,16.52,16.55,16.34,16.35,359900
08/06/2001,16.4,16.46,16.22,16.4,52700
11/06/2001,16.6,16.61,16.44,16.44,23900
12/06/2001,16.5,16.64,16.5,16.57,127400
13/06/2001,16.75,16.78,16.44,16.49,344200
14/06/2001,16.35,16.37,16.15,16.15,197000
15/06/2001,16.25,16.32,16.08,16.2,97400
18/06/2001,16.06,16.2,15.95,16.02,228000
19/06/2001,16.05,16.05,15.83,16,365600
20/06/2001,15.81,16.31,15.7,15.7,223100
21/06/2001,15.8,15.8,15.37,15.47,637000
22/06/2001,15.48,15.77,15.31,15.77,196200
25/06/2001,15.7,15.77,15.55,15.58,88700
26/06/2001,15.56,15.69,15.51,15.68,58100
27/06/2001,15.5,15.5,15.28,15.3,1840100
28/06/2001,15.15,15.15,14.92,14.98,112500
29/06/2001,15.05,15.3,14.93,15.18,236700
02/07/2001,15.1,15.28,15.08,15.14,123000
03/07/2001,15.05,15.15,15.05,15.12,84800
05/07/2001,15.1,15.36,15.1,15.25,831000
06/07/2001,15.28,15.34,15.1,15.2,299200
09/07/2001,15.13,15.15,14.96,14.98,66200
10/07/2001,15.06,15.07,14.88,15,465400
11/07/2001,14.78,14.85,14.56,14.8,236000
12/07/2001,14.7,14.79,14.6,14.78,31700
13/07/2001,14.69,14.99,14.61,14.84,62800
16/07/2001,14.88,14.88,14.46,14.59,154400
17/07/2001,14.68,14.68,14.43,14.53,108800
18/07/2001,14.31,14.81,14.15,14.37,67400
19/07/2001,14.48,14.68,14.48,14.52,587200
20/07/2001,14.75,14.87,14.69,14.83,911800
23/07/2001,14.89,14.95,14.39,14.66,113000
24/07/2001,14.58,14.58,14.13,14.14,108100
25/07/2001,14.37,14.85,14.28,14.79,240500
26/07/2001,14.94,15.09,14.75,15.09,212900
27/07/2001,14.93,15.24,14.84,15.16,115800
30/07/2001,15.19,15.27,15.1,15.18,67000
31/07/2001,15.25,15.3,15,15,200900
01/08/2001,15.18,15.24,14.86,14.95,486900
02/08/2001,14.98,14.98,14.79,14.94,568400
03/08/2001,14.9,14.9,14.68,14.71,203000
06/08/2001,14.68,14.81,14.64,14.69,33200
07/08/2001,14.75,14.77,14.64,14.69,42700
08/08/2001,14.73,14.73,14.31,14.39,599100
09/08/2001,14.25,14.48,14.25,14.48,220100
10/08/2001,14.48,14.65,14.42,14.49,379300
13/08/2001,14.55,14.69,14.52,14.56,288100
14/08/2001,14.58,14.67,14.54,14.64,80700
15/08/2001,14.63,14.95,14.61,14.86,543700
16/08/2001,14.98,14.98,14.69,14.78,180600
17/08/2001,14.79,14.79,14.58,14.67,54100
20/08/2001,14.63,14.64,14.5,14.56,31900
21/08/2001,14.53,14.67,14.35,14.55,555300
22/08/2001,14.8,14.92,14.56,14.56,210300
23/08/2001,14.64,14.74,14.61,14.69,23000
24/08/2001,14.69,14.82,14.65,14.81,98200
27/08/2001,14.8,14.89,14.71,14.79,249800
28/08/2001,14.74,14.74,14.55,14.64,99200
29/08/2001,14.7,14.78,14.58,14.58,38900
30/08/2001,14.7,14.72,14.32,14.37,656900
31/08/2001,14.33,14.48,14.27,14.37,76200
04/09/2001,14.37,14.66,14.37,14.45,938600
05/09/2001,14.4,14.5,14.35,14.5,133000
06/09/2001,14.53,14.53,14.36,14.4,269800
07/09/2001,14.38,14.49,14.31,14.39,102000
10/09/2001,14.4,14.46,14.2,14.44,584300
17/09/2001,14.25,14.25,13.89,14.14,2009600
18/09/2001,14,14,13.45,13.46,598200
19/09/2001,13.38,13.5,12.44,12.97,242800
20/09/2001,12.7,12.81,12.53,12.61,983100
21/09/2001,12.15,12.65,12.05,12.54,1167500
24/09/2001,12.45,12.51,12.13,12.21,1634800
25/09/2001,12.1,12.25,11.88,12.08,850100
26/09/2001,12.15,12.23,11.88,11.99,495200
27/09/2001,12.13,12.51,12.01,12.47,1094400
28/09/2001,12.68,12.97,12.68,12.91,348500
01/10/2001,12.8,12.83,12.52,12.73,74900
02/10/2001,12.78,13.09,12.71,13.01,60700
03/10/2001,12.95,13.22,12.84,13.19,73700
04/10/2001,13.33,13.69,13.26,13.5,117200
05/10/2001,13.53,13.65,13.31,13.6,70600
08/10/2001,13.48,13.79,13.35,13.63,341000
09/10/2001,13.65,13.76,13.56,13.65,38500
10/10/2001,13.83,14.33,13.83,14.26,261200
11/10/2001,14.35,14.45,14.08,14.25,395200
12/10/2001,14.2,14.32,14,14.16,399000
15/10/2001,14.1,14.1,13.71,13.9,81400
16/10/2001,13.83,14.12,13.83,14.06,102400
17/10/2001,14.18,14.3,13.9,13.99,228400
18/10/2001,13.75,13.8,13.41,13.43,3142700
19/10/2001,13.33,13.57,13.14,13.48,369000
22/10/2001,13.5,13.65,13.34,13.64,1430300
23/10/2001,13.45,13.88,13.45,13.59,2317700
24/10/2001,13.43,13.44,13.21,13.4,197800
25/10/2001,13.33,13.74,13.33,13.74,44300
26/10/2001,13.78,14.01,13.77,14.01,269100
29/10/2001,14,14.13,13.88,13.88,1094800
30/10/2001,13.63,13.67,13.41,13.41,76400
31/10/2001,13.5,13.68,13.31,13.43,324900
01/11/2001,13.4,13.64,13.23,13.64,328500
02/11/2001,13.4,13.4,13.23,13.27,1114200
05/11/2001,13.43,13.43,13.16,13.19,383800
06/11/2001,13.1,13.18,11.49,13.11,230300
07/11/2001,13.1,13.28,12.96,13.16,2067800
08/11/2001,13.43,13.48,13.32,13.42,152800
09/11/2001,13.6,13.75,13.57,13.68,629900
12/11/2001,13.5,13.64,13.28,13.64,89400
13/11/2001,13.65,13.77,13.5,13.75,70100
14/11/2001,13.35,13.45,13.01,13.08,4191600
15/11/2001,12.85,12.86,12,12.42,4745200
16/11/2001,12.43,12.68,12.16,12.65,4478900
19/11/2001,12.63,12.68,12.38,12.62,1058400
20/11/2001,12.95,13.18,12.89,13.09,2052900
21/11/2001,13.09,13.44,12.79,12.92,547400
23/11/2001,12.75,13.08,12.65,13.04,50500
26/11/2001,12.83,12.88,12.66,12.82,307700
27/11/2001,12.75,12.99,12.63,12.83,414900
28/11/2001,12.68,12.77,12.53,12.53,719100
29/11/2001,12.63,12.75,12.55,12.75,802100
30/11/2001,12.72,12.8,12.6,12.68,370300
03/12/2001,12.62,12.97,12.54,12.85,144400
04/12/2001,12.9,13.05,12.77,13.03,496400
05/12/2001,13.3,13.37,13.2,13.3,1065400
06/12/2001,13.2,13.45,12.9,12.91,873600
07/12/2001,12.9,13.5,12.76,12.99,337900
10/12/2001,12.88,12.93,12.76,12.81,111900
11/12/2001,12.8,12.81,12.56,12.6,1213300
12/12/2001,12.6,12.63,12.47,12.63,303700
13/12/2001,12.46,12.63,12.35,12.43,59100
14/12/2001,12.45,13.13,12.4,12.55,260700
17/12/2001,12.55,12.72,12.48,12.52,55300
18/12/2001,12.55,12.71,12.55,12.69,134400
19/12/2001,12.69,12.98,12.61,12.98,230300
20/12/2001,12.98,13.08,12.91,12.92,88700
21/12/2001,13.05,13.1,12.95,12.95,131800
24/12/2001,13.06,13.2,13,13.17,325700
26/12/2001,13.18,13.48,13.18,13.4,341200
27/12/2001,13.37,13.45,13.28,13.44,193400
28/12/2001,13.48,13.61,13.44,13.5,408200
31/12/2001,13.53,13.53,13.35,13.35,121000
02/01/2002,13.35,13.35,13.05,13.25,289900
03/01/2002,13.28,13.35,13.11,13.17,309500
04/01/2002,13.3,13.3,13.13,13.23,580300
07/01/2002,13.33,14,13.15,13.23,332100
08/01/2002,13.28,13.28,13.1,13.11,266000
09/01/2002,13.1,13.22,13.01,13.13,449800
10/01/2002,13.02,13.09,12.98,13.03,42200
11/01/2002,13.05,13.05,12.76,12.78,140900
14/01/2002,12.6,12.77,12.6,12.62,308700
15/01/2002,12.83,12.91,12.79,12.83,122900
16/01/2002,12.75,12.75,12.55,12.56,216500
17/01/2002,12.63,12.63,12.52,12.56,114200
18/01/2002,12.53,12.55,12.44,12.45,185500
22/01/2002,12.57,12.57,11.6,12.36,168000
23/01/2002,12.44,12.73,12.44,12.71,300300
24/01/2002,12.73,12.94,12.65,12.89,132700
25/01/2002,12.98,13.04,12.88,13.03,470000
28/01/2002,13.08,13.08,12.76,12.83,99800
29/01/2002,12.64,12.74,12.4,12.48,467700
30/01/2002,12.29,12.65,12.2,12.58,577700
31/01/2002,12.73,12.88,12.66,12.88,390300
01/02/2002,12.89,12.98,12.8,12.95,258600
04/02/2002,12.8,12.88,12.57,12.6,635700
05/02/2002,12.55,12.61,12.43,12.52,277300
06/02/2002,12.61,12.7,12.59,12.6,758300
07/02/2002,12.55,12.58,12.42,12.46,718500
08/02/2002,12.5,12.6,12.43,12.6,302900
11/02/2002,12.6,12.83,12.5,12.76,235900
12/02/2002,12.75,12.82,12.67,12.7,75500
13/02/2002,12.6,12.81,12.59,12.78,159800
14/02/2002,12.76,12.97,12.76,12.88,786400
15/02/2002,12.85,13,12.84,12.89,555700
19/02/2002,12.85,12.93,12.7,12.78,731400
20/02/2002,12.75,12.78,12.58,12.74,422200
21/02/2002,12.75,13.05,12.75,12.89,1211600
22/02/2002,12.99,13.31,12.97,13.24,1548400
25/02/2002,13.34,13.45,13.24,13.43,796900
26/02/2002,13.43,13.45,13.28,13.36,608800
27/02/2002,13.48,13.5,13.28,13.35,1209300
28/02/2002,13.45,13.49,13.32,13.32,413800
01/03/2002,13.49,13.56,13.36,13.51,448700
04/03/2002,13.68,13.8,13.6,13.8,680800
05/03/2002,13.67,13.87,13.67,13.81,691400
06/03/2002,13.9,14.17,13.77,14.07,345300
07/03/2002,14.23,14.28,14.09,14.18,326700
08/03/2002,14.33,14.33,14.03,14.11,189100
11/03/2002,14.29,14.37,14.25,14.26,420900
12/03/2002,14.28,14.43,14.25,14.39,250700
13/03/2002,14.49,14.55,14.29,14.29,617100
14/03/2002,14.35,14.35,14.15,14.29,118400
15/03/2002,14.3,14.43,14.25,14.34,1567900
18/03/2002,14.37,14.49,14.31,14.45,88600
19/03/2002,14.53,14.63,14.48,14.63,376700
20/03/2002,14.5,14.61,14.42,14.47,251000
21/03/2002,14.48,14.55,14.33,14.55,355500
22/03/2002,14.38,14.38,14.2,14.21,191000
25/03/2002,14.13,14.26,14.08,14.08,90600
26/03/2002,14.1,14.28,14.1,14.2,134000
27/03/2002,14.32,14.53,14.32,14.53,344300
28/03/2002,14.5,14.58,14.42,14.45,693500
01/04/2002,14.53,14.63,14.48,14.55,516400
02/04/2002,14.64,14.76,14.62,14.73,494300
03/04/2002,14.65,14.65,14.35,14.41,615500
04/04/2002,14.43,14.47,14.08,14.15,656800
05/04/2002,14.2,14.2,13.96,13.99,354100
08/04/2002,14.25,14.32,14.1,14.2,241000
09/04/2002,14.09,14.47,13.92,14,576400
10/04/2002,13.95,14.18,13.95,14.16,225300
11/04/2002,14.11,14.17,13.98,14.01,607300
12/04/2002,13.8,13.8,13.52,13.55,747900
15/04/2002,13.81,13.94,13.81,13.82,297500
16/04/2002,14.03,14.13,13.99,14.08,104400
17/04/2002,14.13,14.31,14.13,14.25,685500
18/04/2002,14.39,14.39,14.25,14.32,121600
19/04/2002,14.21,14.4,14.17,14.39,118100
22/04/2002,14.35,14.41,14.18,14.25,498300
23/04/2002,14.06,14.29,14.01,14.21,333900
24/04/2002,14.04,14.15,13.96,13.96,335100
25/04/2002,13.97,14.14,13.86,14.06,667900
26/04/2002,14.04,14.1,13.84,13.9,635200
29/04/2002,13.9,13.95,13.77,13.81,102300
30/04/2002,13.89,14,13.89,13.93,60200
01/05/2002,13.83,14.04,13.79,14.01,278400
02/05/2002,14.06,14.12,13.97,14.12,327500
03/05/2002,14.23,14.25,14.07,14.17,50700
06/05/2002,14.08,14.11,13.66,13.68,303300
07/05/2002,13.65,13.69,13.55,13.62,227200
08/05/2002,13.75,13.94,13.69,13.9,213000
09/05/2002,13.84,13.95,13.78,13.78,198800
10/05/2002,13.84,13.89,13.74,13.77,125300
13/05/2002,13.69,14.05,13.66,14.03,122900
14/05/2002,14.15,14.15,14.01,14.07,202400
15/05/2002,14.05,14.05,13.78,13.84,384000
16/05/2002,14,14.04,13.89,14,169900
17/05/2002,13.91,13.91,13.73,13.88,511200
20/05/2002,13.83,13.86,13.76,13.79,55300
21/05/2002,13.79,13.97,13.75,13.8,679800
22/05/2002,13.76,14.03,13.76,14.03,718600
23/05/2002,14.09,14.17,13.96,14.15,240700
24/05/2002,14.12,14.12,13.95,13.99,173900
28/05/2002,14.04,14.04,13.87,13.88,186200
29/05/2002,13.7,13.8,13.59,13.75,110100
30/05/2002,13.59,13.68,13.39,13.49,252600
31/05/2002,13.54,13.8,13.54,13.68,328400
03/06/2002,13.63,13.63,13.25,13.25,71800
04/06/2002,13.25,13.35,13.11,13.25,149300
05/06/2002,13.08,13.2,13.04,13.2,245000
06/06/2002,13.35,13.38,13.01,13.06,55700
07/06/2002,13.06,13.23,13,13.2,168700
10/06/2002,13.14,13.15,12.91,12.95,83500
11/06/2002,13.03,13.06,12.75,12.76,125300
12/06/2002,12.82,12.96,12.76,12.94,61800
13/06/2002,12.91,13.1,12.82,12.92,247400
14/06/2002,12.78,12.91,12.63,12.91,105500
17/06/2002,13.03,13.26,13.02,13.24,417400
18/06/2002,13.24,13.29,13.15,13.18,265200
19/06/2002,13.13,13.26,13.01,13.05,53300
20/06/2002,13.13,13.24,13.02,13.02,614600
21/06/2002,12.9,13.02,12.73,12.86,262600
24/06/2002,12.86,13.02,12.81,12.98,257100
25/06/2002,13.15,13.19,12.9,12.92,439200
26/06/2002,12.85,12.93,12.73,12.93,124800
27/06/2002,12.99,12.99,12.79,12.99,281800
28/06/2002,13.03,13.21,13.03,13.1,269400
01/07/2002,13.13,13.18,12.98,12.98,60400
02/07/2002,13.05,13.08,12.68,12.72,71500
03/07/2002,12.73,12.88,12.6,12.8,73500
05/07/2002,12.9,13.11,12.9,13.1,35400
08/07/2002,13.07,13.12,12.91,12.94,64800
09/07/2002,12.91,12.99,12.67,12.78,163900
10/07/2002,12.72,12.72,12.19,12.24,167600
11/07/2002,12.15,12.21,11.9,12,605400
12/07/2002,12.02,12.04,11.66,11.79,489500
15/07/2002,11.58,11.66,11.03,11.53,179300
16/07/2002,11.32,11.53,11.18,11.35,280300
17/07/2002,11.79,11.79,11.38,11.48,274300
18/07/2002,11.5,11.71,11.36,11.4,104100
19/07/2002,11.23,11.32,10.7,10.7,631600
22/07/2002,10.73,10.81,10,10.05,5282700
23/07/2002,10.1,10.3,9.82,9.9,1043100
24/07/2002,9.7,10.61,9.69,10.56,2777700
25/07/2002,10.5,10.73,10.29,10.51,345700
26/07/2002,10.46,10.66,10.4,10.65,112500
29/07/2002,10.9,11.27,10.82,11.27,179400
30/07/2002,11.17,11.24,10.96,11.09,142900
31/07/2002,11.08,11.32,10.96,11.29,144200
01/08/2002,11.09,11.21,10.62,10.62,145500
02/08/2002,10.73,10.76,10.33,10.5,174900
05/08/2002,10.48,10.6,10.06,10.11,128600
06/08/2002,10.3,10.65,10.3,10.48,59900
07/08/2002,10.6,10.64,10.3,10.63,142900
08/08/2002,10.64,11.08,10.64,11.08,116300
09/08/2002,10.92,11.33,10.82,11.28,152600
12/08/2002,11.05,11.36,11,11.25,164300
13/08/2002,11.2,11.36,11.08,11.08,104700
14/08/2002,11.26,11.53,11.1,11.52,167800
15/08/2002,11.63,11.85,11.58,11.84,239900
16/08/2002,11.75,11.75,11.58,11.65,179200
19/08/2002,11.7,11.82,11.51,11.75,684800
20/08/2002,11.68,11.68,11.28,11.45,307500
21/08/2002,11.46,11.53,11.25,11.48,115400
22/08/2002,11.59,11.88,11.48,11.8,194400
23/08/2002,11.69,11.78,11.59,11.61,645400
26/08/2002,11.7,11.85,11.56,11.77,87100
27/08/2002,11.93,12,11.67,11.76,830300
28/08/2002,11.68,11.68,11.39,11.48,158400
29/08/2002,11.36,11.48,11.19,11.38,206700
30/08/2002,11.36,11.67,11.3,11.46,145500
03/09/2002,11.2,11.63,10.93,11,88900
04/09/2002,10.97,11.1,10.65,10.98,624500
05/09/2002,10.88,11.05,10.81,11,258300
06/09/2002,11.18,11.29,11.08,11.18,210500
09/09/2002,11.15,11.22,11.04,11.16,103300
10/09/2002,11.2,11.4,11.2,11.4,114300
11/09/2002,11.52,11.55,11.33,11.34,70400
12/09/2002,11.32,11.34,11.06,11.06,211400
13/09/2002,10.99,11.24,10.94,11.18,129300
16/09/2002,11.14,11.3,11.12,11.26,97800
17/09/2002,11.08,11.08,10.86,10.9,135500
18/09/2002,10.9,11.03,10.77,10.93,136300
19/09/2002,10.8,10.93,10.62,10.62,60500
20/09/2002,10.7,10.75,10.55,10.64,115000
23/09/2002,10.62,10.68,10.45,10.58,161700
24/09/2002,10.5,10.5,10.27,10.27,276000
25/09/2002,10.4,10.6,10.26,10.55,444500
26/09/2002,10.64,11,10.64,11,359000
27/09/2002,10.95,11.12,10.75,10.79,324300
30/09/2002,10.6,10.68,10.39,10.58,372000
01/10/2002,10.6,10.94,10.57,10.92,116200
02/10/2002,10.77,11.18,10.75,10.8,336800
03/10/2002,10.8,11.04,10.72,10.87,252700
04/10/2002,10.92,10.95,10.59,10.68,106700
07/10/2002,10.79,10.86,10.55,10.55,186000
08/10/2002,10.58,10.63,10.3,10.43,442600
09/10/2002,10.3,10.46,10.2,10.23,619400
10/10/2002,10.24,10.47,10.1,10.47,500300
11/10/2002,10.59,10.73,10.49,10.64,215300
14/10/2002,10.69,10.94,10.62,10.94,317300
15/10/2002,11.18,11.27,10.68,11.27,160600
16/10/2002,11.24,11.31,11.02,11.09,179700
17/10/2002,11.25,11.35,11.18,11.33,469500
18/10/2002,11.26,11.43,11.2,11.32,140800
21/10/2002,11.21,11.43,11.2,11.37,120100
22/10/2002,11.25,11.25,10.9,11.05,291200
23/10/2002,10.97,11.25,10.92,11.23,223000
24/10/2002,11.3,11.35,10.98,11.05,547900
25/10/2002,10.93,10.93,10.79,10.88,141400
28/10/2002,10.87,11.05,10.73,10.86,549500
29/10/2002,10.66,10.66,10.4,10.54,590500
30/10/2002,10.74,10.96,10.72,10.89,501600
31/10/2002,11.06,11.08,10.66,10.78,621800
01/11/2002,10.78,11.06,10.78,11.06,377600
04/11/2002,11.09,11.11,10.85,10.88,157600
05/11/2002,10.88,11.1,10.81,11.1,94600
06/11/2002,11.18,11.25,10.95,11.2,233400
07/11/2002,11.13,11.25,10.93,10.99,377800
08/11/2002,11.08,11.08,10.93,10.93,165700
11/11/2002,10.88,11.03,10.78,10.79,156400
12/11/2002,10.89,10.92,10.73,10.76,37800
13/11/2002,10.78,10.83,10.4,10.52,297600
14/11/2002,10.62,10.88,10.62,10.86,604000
15/11/2002,10.85,10.94,10.78,10.94,301300
18/11/2002,11,11.01,10.86,10.95,65700
19/11/2002,10.97,11.08,10.89,10.95,62100
20/11/2002,10.91,11.19,10.91,11.17,159000
21/11/2002,11.25,11.28,11.13,11.25,189800
22/11/2002,11.18,11.18,11,11.01,290300
25/11/2002,10.97,11.14,10.93,11.1,75500
26/11/2002,11.03,11.03,10.87,10.89,82000
27/11/2002,10.98,11.13,10.93,11.09,186400
29/11/2002,11.18,11.24,11.12,11.22,67500
02/12/2002,11.27,11.31,11.14,11.26,242100
03/12/2002,11.36,11.48,11.3,11.37,394100
04/12/2002,11.3,11.34,11.21,11.27,481200
05/12/2002,11.33,11.37,11.24,11.34,126800
06/12/2002,11.23,11.49,11.21,11.45,711900
09/12/2002,11.4,11.58,11.25,11.25,262800
10/12/2002,11.28,11.43,11.2,11.43,405200
11/12/2002,11.3,11.43,11.24,11.37,413500
12/12/2002,11.36,11.51,11.36,11.47,157800
13/12/2002,11.45,11.54,11.39,11.44,173900
16/12/2002,11.46,11.64,11.46,11.63,602400
17/12/2002,11.64,11.69,11.48,11.51,206600
18/12/2002,11.39,11.5,11.32,11.42,192800
19/12/2002,11.34,11.45,11.28,11.3,840900
20/12/2002,11.31,11.47,11.27,11.47,258600
23/12/2002,11.53,11.56,11.45,11.52,123900
24/12/2002,11.5,11.5,11.43,11.47,67800
26/12/2002,11.46,11.52,11.31,11.34,197300
27/12/2002,11.37,11.39,11.08,11.09,473600
30/12/2002,11.18,11.26,11.1,11.15,248100
31/12/2002,11.16,11.17,10.98,11.17,229500
02/01/2003,11.23,11.42,11.21,11.4,75700
03/01/2003,11.45,11.45,11.34,11.38,43100
06/01/2003,11.4,11.54,11.4,11.48,118800
07/01/2003,11.38,11.38,11.06,11.1,450200
08/01/2003,11.1,11.1,10.96,11,710400
09/01/2003,11.1,11.2,11.04,11.14,616300
10/01/2003,11.04,11.18,11.03,11.05,215600
13/01/2003,11.09,11.09,10.95,11.01,496800
14/01/2003,11.1,11.1,10.98,11.05,67100
15/01/2003,11.04,11.13,11,11.09,752300
16/01/2003,11.14,11.27,11.14,11.2,512100
17/01/2003,11.16,11.21,11.08,11.11,177600
21/01/2003,10.99,10.99,10.84,10.85,209400
22/01/2003,10.75,10.91,10.63,10.82,166100
23/01/2003,10.82,10.89,10.75,10.85,195500
24/01/2003,10.79,10.86,10.61,10.66,234700
27/01/2003,10.54,10.58,10.23,10.33,962200
28/01/2003,10.43,10.55,10.4,10.5,278600
29/01/2003,10.53,10.91,10.51,10.84,348300
30/01/2003,10.88,11,10.67,10.67,1010200
31/01/2003,10.61,10.89,10.56,10.89,631700
03/02/2003,10.9,11,10.8,10.97,511900
04/02/2003,10.89,11.12,10.78,11.05,391100
05/02/2003,11.15,11.15,10.96,10.97,333800
06/02/2003,10.95,11,10.83,10.92,233800
07/02/2003,11,11,10.78,10.82,659700
10/02/2003,10.86,10.96,10.82,10.96,345000
11/02/2003,11.04,11.07,10.84,10.89,525300
12/02/2003,10.9,10.9,10.67,10.7,127300
13/02/2003,10.69,10.71,10.53,10.65,363300
14/02/2003,10.65,10.79,10.6,10.74,343200
18/02/2003,10.83,10.96,10.8,10.91,86000
19/02/2003,10.94,10.99,10.86,10.9,52300
20/02/2003,11.02,11.04,10.88,10.88,401100
21/02/2003,10.89,11.16,10.89,11.12,2248000
24/02/2003,11.15,11.29,11.12,11.21,436400
25/02/2003,11.35,11.42,11.07,11.15,441500
26/02/2003,11.18,11.29,11.13,11.18,325800
27/02/2003,11.28,11.29,11.08,11.12,283800
28/02/2003,11.14,11.29,11.14,11.21,222900
03/03/2003,11.18,11.3,11.18,11.25,126700
04/03/2003,11.28,11.28,11.17,11.19,1572700
05/03/2003,11.21,11.29,11.17,11.29,413300
06/03/2003,11.29,11.33,11.21,11.3,153400
07/03/2003,11.22,11.34,11.17,11.3,1263400
10/03/2003,11.25,11.34,11.17,11.19,403700
11/03/2003,11.25,11.29,11.06,11.08,53400
12/03/2003,10.95,10.95,10.73,10.9,3274400
13/03/2003,11,11.02,10.86,10.95,850400
14/03/2003,10.92,10.99,10.86,10.9,994900
17/03/2003,10.94,11.11,10.94,11.04,683800
18/03/2003,11.05,11.25,10.91,11.25,486700
19/03/2003,11.29,11.31,11.16,11.27,417300
20/03/2003,11.25,11.43,11.18,11.38,1052500
21/03/2003,11.29,11.33,11.17,11.19,110100
24/03/2003,11.21,11.26,11,11.03,577400
25/03/2003,11.12,11.26,11.1,11.13,386400
26/03/2003,11.2,11.2,11.09,11.15,360100
27/03/2003,11.13,11.33,11.11,11.24,843300
28/03/2003,11.24,11.41,11.24,11.34,414800
31/03/2003,11.28,11.28,11.15,11.16,435600
01/04/2003,11.18,11.39,11.18,11.37,330700
02/04/2003,11.34,11.35,11.25,11.35,325600
03/04/2003,11.35,11.36,11.1,11.14,1372500
04/04/2003,11.17,11.22,11.15,11.2,142300
07/04/2003,11.3,11.3,11.07,11.11,272600
08/04/2003,11,11.04,10.94,10.98,223900
09/04/2003,11.04,11.09,10.95,10.97,398600
10/04/2003,11.05,11.12,11.01,11.12,595400
11/04/2003,11.08,11.11,10.98,11.06,44300
14/04/2003,11.08,11.14,11.01,11.11,251300
15/04/2003,11.1,11.12,11.01,11.08,135900
16/04/2003,11.06,11.1,10.92,10.93,3117400
17/04/2003,10.97,11.16,10.91,11.15,399200
21/04/2003,11.17,11.22,11.1,11.15,423800
22/04/2003,11.15,11.35,11.08,11.3,195600
23/04/2003,11.36,11.38,11.19,11.3,490400
24/04/2003,11.25,11.35,11.22,11.26,191100
25/04/2003,11.2,11.2,11.06,11.12,357500
28/04/2003,11.15,11.28,11.14,11.17,403800
29/04/2003,11.17,11.17,10.97,11.02,230800
30/04/2003,11,11.1,11,11.07,51100
01/05/2003,11.16,11.16,10.99,11.12,441100
02/05/2003,11.16,11.34,11.16,11.3,455400
05/05/2003,11.34,11.39,11.27,11.37,426500
06/05/2003,11.4,11.43,11.28,11.35,542200
07/05/2003,11.33,11.49,11.24,11.43,553700
08/05/2003,11.37,11.53,11.35,11.44,164000
09/05/2003,11.47,11.55,11.39,11.52,322100
12/05/2003,11.5,11.65,11.46,11.57,1686400
13/05/2003,11.55,11.77,11.55,11.7,535300
14/05/2003,11.71,11.76,11.63,11.75,259100
15/05/2003,11.8,11.8,11.71,11.76,780900
16/05/2003,11.82,11.84,11.7,11.8,1007900
19/05/2003,11.78,11.78,11.67,11.68,174400
20/05/2003,11.7,11.7,11.57,11.63,264500
21/05/2003,11.6,12,11.6,11.98,1252200
22/05/2003,11.98,12.01,11.93,11.95,239600
23/05/2003,11.96,12.11,11.9,12.06,729100
27/05/2003,12.02,12.32,12,12.3,316500
28/05/2003,12.28,12.31,12.13,12.16,504200
29/05/2003,12.21,12.21,12,12.04,487100
30/05/2003,12.09,12.29,12.07,12.24,497900
02/06/2003,12.3,12.44,12.26,12.31,598300
03/06/2003,12.31,12.4,12.23,12.4,571300
04/06/2003,12.42,12.5,12.33,12.48,554800
05/06/2003,12.45,12.45,12.33,12.41,158400
06/06/2003,12.43,12.57,12.33,12.39,246300
09/06/2003,12.33,12.39,12.28,12.37,154900
10/06/2003,12.36,12.45,12.34,12.44,70200
11/06/2003,12.53,12.81,12.46,12.8,1012200
12/06/2003,12.88,12.9,12.56,12.69,210600
13/06/2003,12.65,12.65,12.37,12.47,494500
16/06/2003,12.5,12.5,12.31,12.46,438800
17/06/2003,12.39,12.47,12.3,12.34,96300
18/06/2003,12.3,12.38,12.21,12.27,180100
19/06/2003,12.3,12.43,12.25,12.33,207600
20/06/2003,12.33,12.33,12.2,12.23,1209700
23/06/2003,12.2,12.24,12.12,12.19,180700
24/06/2003,12.23,12.25,12.16,12.18,56800
25/06/2003,12.25,12.39,12.15,12.2,71000
26/06/2003,12.18,12.26,12.11,12.15,421600
27/06/2003,12.14,12.2,12.07,12.1,90400
30/06/2003,12.15,12.17,12.03,12.03,92800
01/07/2003,11.95,12.06,11.84,12.02,223300
02/07/2003,11.96,12.04,11.93,12,140200
03/07/2003,12,12.03,11.9,11.98,159800
07/07/2003,12.03,12.03,11.88,11.9,692700
08/07/2003,11.83,11.94,11.82,11.88,241600
09/07/2003,11.98,12.04,11.89,12,146400
10/07/2003,12,12,11.72,11.82,243400
11/07/2003,11.77,11.92,11.75,11.86,266600
14/07/2003,11.92,11.92,11.71,11.75,129700
15/07/2003,11.68,11.78,11.6,11.65,538500
16/07/2003,11.64,11.69,11.5,11.54,105300
17/07/2003,11.54,11.7,11.48,11.62,177500
18/07/2003,11.65,11.93,11.65,11.88,161700
21/07/2003,11.96,11.99,11.76,11.82,165200
22/07/2003,11.78,11.88,11.7,11.79,126400
23/07/2003,11.88,11.88,11.59,11.72,556800
24/07/2003,11.78,11.83,11.58,11.61,202000
25/07/2003,11.55,11.72,11.55,11.72,894500
28/07/2003,11.7,11.73,11.62,11.67,457700
29/07/2003,11.6,11.69,11.48,11.5,449500
30/07/2003,11.5,11.56,11.46,11.52,140100
31/07/2003,11.63,11.8,11.55,11.6,614900
01/08/2003,11.63,11.63,11.48,11.57,428600
04/08/2003,11.51,11.54,11.37,11.45,251800
05/08/2003,11.48,11.56,11.4,11.4,756300
06/08/2003,11.38,11.63,11.38,11.6,296200
07/08/2003,11.6,11.89,11.58,11.89,490000
08/08/2003,11.98,11.98,11.82,11.93,653700
11/08/2003,11.98,12.08,11.94,11.98,302700
12/08/2003,12.01,12.07,11.93,12.07,1019500
13/08/2003,12.13,12.15,12.04,12.06,218500
14/08/2003,12.17,12.17,12.03,12.1,739700
15/08/2003,12.13,12.15,12.07,12.14,236400
18/08/2003,12.15,12.19,12.1,12.14,106800
19/08/2003,12.14,12.17,12.03,12.09,262000
20/08/2003,12.06,12.19,12.05,12.14,374800
21/08/2003,12.23,12.3,12.19,12.26,403400
22/08/2003,12.3,12.3,12.07,12.07,361100
25/08/2003,12.11,12.12,12.03,12.07,114500
26/08/2003,12.07,12.1,11.93,12.08,258000
27/08/2003,12.13,12.19,12.11,12.13,159500
28/08/2003,12.11,12.33,12.05,12.33,532700
29/08/2003,12.29,12.35,12.23,12.34,150600
02/09/2003,12.31,12.42,12.23,12.42,389300
03/09/2003,12.37,12.47,12.36,12.43,173400
04/09/2003,12.45,12.45,12.36,12.41,216000
05/09/2003,12.4,12.4,12.31,12.35,71700
08/09/2003,12.39,12.53,12.35,12.52,277600
09/09/2003,12.51,12.51,12.35,12.39,1171600
10/09/2003,12.39,12.39,12.25,12.26,674400
11/09/2003,12.34,12.35,12.22,12.23,106700
12/09/2003,12.28,12.28,12.16,12.25,116700
15/09/2003,12.21,12.24,12.16,12.17,218800
16/09/2003,12.2,12.22,12.13,12.19,71700
17/09/2003,12.18,12.19,12,12.03,169400
18/09/2003,12,12.11,11.95,12.08,375600
19/09/2003,12.03,12.13,12.01,12.13,173200
22/09/2003,12.09,12.13,12,12.06,177700
23/09/2003,12.14,12.14,12.06,12.13,56300
24/09/2003,12.18,12.32,12.15,12.19,325200
25/09/2003,12.18,12.21,12.08,12.08,111500
26/09/2003,12.05,12.05,11.89,11.97,204000
29/09/2003,11.97,12.03,11.9,12.03,95000
30/09/2003,12.04,12.1,11.88,12.03,108100
01/10/2003,12,12.22,12,12.2,155700
02/10/2003,12.2,12.29,12.13,12.28,113600
03/10/2003,12.32,12.47,12.31,12.35,628800
06/10/2003,12.4,12.45,12.38,12.43,76900
07/10/2003,12.36,12.49,12.29,12.49,579000
08/10/2003,12.43,12.48,12.33,12.4,308500
09/10/2003,12.43,12.44,12.33,12.36,230700
10/10/2003,12.4,12.52,12.4,12.45,228300
13/10/2003,12.53,12.54,12.43,12.5,541000
14/10/2003,12.45,12.47,12.36,12.45,674300
15/10/2003,12.48,12.5,12.23,12.27,556200
16/10/2003,12.33,12.43,12.32,12.4,113800
17/10/2003,12.35,12.43,12.27,12.32,100800
20/10/2003,12.33,12.33,12.21,12.31,138000
21/10/2003,12.35,12.4,12.3,12.35,155200
22/10/2003,12.28,12.29,12.15,12.19,454400
23/10/2003,12.15,12.2,12.05,12.17,106300
24/10/2003,12.08,12.16,12.07,12.16,129700
27/10/2003,12.15,12.21,12.09,12.11,242500
28/10/2003,12.15,12.18,12.06,12.15,286200
29/10/2003,12.17,12.25,12.11,12.12,240300
30/10/2003,12.1,12.18,11.88,11.96,344200
31/10/2003,12.01,12.19,11.99,12.14,151500
03/11/2003,12.17,12.2,12.07,12.07,278713
04/11/2003,12.03,12.1,12.01,12.03,153747
05/11/2003,12.05,12.08,11.99,12.06,374000
06/11/2003,12.05,12.12,11.99,12.08,136800
07/11/2003,12.12,12.16,12.08,12.11,219000
10/11/2003,12.13,12.18,12.06,12.09,98700
11/11/2003,12.13,12.13,12.03,12.08,222700
12/11/2003,12.05,12.17,12.05,12.15,240400
13/11/2003,12.15,12.3,12.15,12.26,139200
14/11/2003,12.29,12.36,12.24,12.29,469500
17/11/2003,12.2,12.22,12.08,12.16,144500
18/11/2003,12.18,12.18,12.05,12.08,265900
19/11/2003,12.07,12.12,12.03,12.11,395100
20/11/2003,12.01,12.14,12.01,12.08,277900
21/11/2003,12.05,12.1,11.95,11.99,348600
24/11/2003,12,12.07,12,12.05,186400
25/11/2003,12.05,12.19,12.03,12.12,315500
26/11/2003,12.2,12.29,12.15,12.24,391100
28/11/2003,12.29,12.29,12.23,12.25,144300
01/12/2003,12.3,12.38,12.25,12.36,191000
02/12/2003,12.36,12.47,12.34,12.45,900400
03/12/2003,12.45,12.49,12.38,12.38,249700
04/12/2003,12.36,12.72,12.36,12.68,445800
05/12/2003,12.72,12.78,12.68,12.77,581900
08/12/2003,12.8,12.93,12.75,12.91,557500
09/12/2003,12.94,13,12.91,12.92,1059000
10/12/2003,12.98,12.99,12.88,12.93,1183400
11/12/2003,12.9,13.01,12.88,12.99,531100
12/12/2003,13.05,13.15,12.99,13.14,317900
15/12/2003,13.09,13.1,12.96,12.97,687400
16/12/2003,13.01,13.18,13.01,13.17,591600
17/12/2003,13.17,13.29,13.11,13.29,990400
18/12/2003,13.36,13.71,13.34,13.65,1707300
19/12/2003,13.61,13.63,13.5,13.56,1107700
22/12/2003,13.51,14,13.5,13.58,392700
23/12/2003,13.56,13.56,13.41,13.48,752600
24/12/2003,13.47,13.69,13.47,13.63,173900
26/12/2003,13.61,13.71,13.61,13.68,338000
29/12/2003,13.7,13.85,13.65,13.84,555200
30/12/2003,13.86,13.96,13.82,13.87,509200
31/12/2003,13.92,13.95,13.73,13.78,764800
02/01/2004,13.91,13.91,13.7,13.77,494000
05/01/2004,13.85,14.07,13.83,14.04,824400
06/01/2004,14.05,14.07,13.93,14.02,691100
07/01/2004,13.95,13.95,13.79,13.88,1676800
08/01/2004,13.89,13.94,13.77,13.92,1337100
09/01/2004,13.88,14.1,13.81,13.99,2369800
12/01/2004,14.03,14.07,13.98,14.03,820000
13/01/2004,14.08,14.17,14,14.03,1003000
14/01/2004,14.03,14.03,13.91,14,830200
15/01/2004,14.03,14.06,13.76,13.76,1024100
16/01/2004,13.85,13.93,13.74,13.89,355600
20/01/2004,14.03,14.26,13.98,14.24,956200
21/01/2004,14.24,14.38,14.21,14.33,748000
22/01/2004,14.4,14.43,14.17,14.26,425100
23/01/2004,14.28,14.45,14.28,14.38,1697300
26/01/2004,14.3,14.5,14.28,14.47,683900
27/01/2004,14.5,14.56,14.4,14.44,754500
28/01/2004,14.43,14.46,14.22,14.23,940500
29/01/2004,14.33,14.36,14.15,14.22,3247100
30/01/2004,14.2,14.24,14.06,14.09,613500
02/02/2004,14.12,14.24,14.01,14.17,938900
03/02/2004,14.08,14.17,14.04,14.11,434500
04/02/2004,14.08,14.1,13.93,14.01,536000
05/02/2004,14,14.03,13.76,13.89,1040200
06/02/2004,13.91,13.98,13.83,13.98,515900
09/02/2004,14,14.2,14,14.15,739300
10/02/2004,14.18,14.37,14.16,14.34,941800
11/02/2004,14.3,14.55,14.27,14.54,2014100
12/02/2004,14.53,14.64,14.46,14.58,782900
13/02/2004,14.57,14.61,14.45,14.55,860300
17/02/2004,14.65,14.7,14.61,14.67,532700
18/02/2004,14.69,14.7,14.48,14.52,754000
19/02/2004,14.56,14.62,14.5,14.5,420700
20/02/2004,14.63,14.63,14.42,14.5,322700
23/02/2004,14.55,14.63,14.52,14.61,605500
24/02/2004,14.58,14.69,14.57,14.64,468100
25/02/2004,14.59,14.73,14.59,14.71,979800
26/02/2004,14.73,14.79,14.66,14.76,751800
27/02/2004,14.8,14.88,14.76,14.83,515200
01/03/2004,14.94,15.13,14.9,15.11,1836400
02/03/2004,14.88,15.15,14.74,14.98,1254500
03/03/2004,14.98,15.01,14.81,14.96,660600
04/03/2004,15,15.01,14.87,14.92,643500
05/03/2004,14.95,15.13,14.9,15.05,863900
08/03/2004,15.12,15.24,15.08,15.11,565300
09/03/2004,15.06,15.1,14.93,15.01,891800
10/03/2004,15,15.02,14.71,14.75,481400
11/03/2004,14.6,14.7,14.39,14.42,1594200
12/03/2004,14.53,14.66,14.47,14.63,544200
15/03/2004,14.7,14.79,14.63,14.66,871400
16/03/2004,14.73,14.73,14.55,14.66,586500
17/03/2004,14.8,14.95,14.72,14.86,1586100
18/03/2004,14.9,15.03,14.84,15.01,520500
19/03/2004,14.95,14.95,14.64,14.64,584200
22/03/2004,14.64,14.64,14.48,14.5,978800
23/03/2004,14.55,14.58,14.29,14.4,1202700
24/03/2004,14.37,14.46,14.05,14.1,1011800
25/03/2004,14.18,14.18,14.01,14.04,1014900
26/03/2004,14.08,14.32,14.08,14.2,775000
29/03/2004,14.3,14.42,14.25,14.28,1410400
30/03/2004,14.33,14.6,14.28,14.54,815400
31/03/2004,14.56,14.74,14.5,14.67,2080600
01/04/2004,14.7,14.75,14.46,14.5,3314500
02/04/2004,14.5,14.59,14.47,14.57,1160100
05/04/2004,14.53,14.68,14.53,14.64,541500
06/04/2004,14.64,14.72,14.59,14.64,592000
07/04/2004,14.63,14.73,14.5,14.64,1406200
08/04/2004,14.78,14.88,14.73,14.77,1161800
12/04/2004,14.9,15.13,14.9,15.05,1281200
13/04/2004,15.13,15.18,14.9,14.92,1258800
14/04/2004,14.88,14.99,14.79,14.95,1442800
15/04/2004,14.95,15.17,14.95,15.15,934100
16/04/2004,15.23,15.27,15.13,15.27,732200
19/04/2004,15.28,15.34,15.17,15.24,979000
20/04/2004,15.22,15.22,14.91,14.93,689600
21/04/2004,14.83,14.93,14.75,14.88,1343000
22/04/2004,14.9,15.17,14.83,15.17,459500
23/04/2004,15.2,15.2,14.99,15.05,1326800
26/04/2004,15.15,15.25,15.08,15.14,1103400
27/04/2004,15.25,15.52,15.23,15.45,2551100
28/04/2004,15.43,15.45,15.2,15.23,1366800
29/04/2004,15.25,15.27,14.77,14.87,1067900
30/04/2004,14.95,15.07,14.9,14.92,1252200
03/05/2004,14.97,15.3,14.9,15.27,2239600
04/05/2004,15.4,15.4,15.18,15.28,905500
05/05/2004,15.15,15.35,15,15.33,689000
06/05/2004,15.4,15.4,15.11,15.25,648100
07/05/2004,15.28,15.28,14.88,14.88,665600
10/05/2004,14.76,14.76,14.33,14.45,1884900
11/05/2004,14.58,14.73,14.55,14.7,1000300
12/05/2004,14.64,14.85,14.6,14.79,3252000
13/05/2004,14.75,14.9,14.73,14.75,1569000
14/05/2004,14.8,15.07,14.75,14.93,1557400
17/05/2004,14.9,15.05,14.89,14.93,1728400
18/05/2004,14.93,15,14.65,14.71,1893700
19/05/2004,14.73,14.85,14.61,14.64,3015100
20/05/2004,14.68,14.75,14.6,14.63,1319000
21/05/2004,14.73,14.75,14.51,14.56,1603800
24/05/2004,14.55,14.92,14.54,14.89,2885000
25/05/2004,14.88,15.14,14.88,15.14,2283200
26/05/2004,15.18,15.19,14.97,15.01,2151100
27/05/2004,14.98,15.01,14.73,14.8,3255400
28/05/2004,14.78,14.9,14.75,14.88,2400700
01/06/2004,15.02,15.11,14.98,15.08,2931600
02/06/2004,15.08,15.18,15.02,15.05,1792900
03/06/2004,15.08,15.17,14.89,14.92,2167300
04/06/2004,14.9,14.92,14.77,14.84,940900
07/06/2004,14.93,15.12,14.86,15.12,1962700
08/06/2004,15.18,15.22,14.98,15.05,1819100
09/06/2004,14.93,14.99,14.78,14.93,3214500
10/06/2004,15.05,15.15,15.02,15.12,1934000
14/06/2004,15.08,15.18,14.98,15.01,899100
15/06/2004,15.18,15.28,15.11,15.22,1337700
16/06/2004,15.28,15.53,15.28,15.52,1934700
17/06/2004,15.52,15.67,15.5,15.63,911600
18/06/2004,15.67,15.67,15.55,15.61,865800
21/06/2004,15.63,15.68,15.17,15.58,476600
22/06/2004,15.5,15.69,15.49,15.68,1087000
23/06/2004,15.68,15.97,15.67,15.95,2666700
24/06/2004,15.96,16,15.82,15.85,3682300
25/06/2004,15.85,15.9,15.74,15.76,1424000
28/06/2004,15.75,15.75,15.47,15.54,3422000
29/06/2004,15.45,15.64,15.45,15.62,1666000
30/06/2004,15.63,15.78,15.6,15.74,2492300
01/07/2004,15.8,15.8,15.66,15.76,952100
02/07/2004,15.78,15.88,15.71,15.82,363300
06/07/2004,15.93,15.97,15.83,15.86,681700
07/07/2004,15.81,15.96,15.77,15.96,577700
08/07/2004,16,16.02,15.81,15.88,1566400
09/07/2004,15.95,15.99,15.87,15.97,517700
12/07/2004,15.97,15.97,15.8,15.88,833400
13/07/2004,15.84,15.87,15.73,15.84,776100
14/07/2004,15.8,16.05,15.8,16.02,1351900
15/07/2004,16.05,16.19,16,16.13,833100
16/07/2004,16.24,16.36,16.19,16.33,1138800
19/07/2004,16.3,16.36,16.19,16.27,717000
20/07/2004,16.27,16.27,16.17,16.22,665300
21/07/2004,16.22,16.35,15.93,15.93,1015500
22/07/2004,15.9,16.05,15.86,15.98,1836300
23/07/2004,15.99,16,15.86,15.92,2736300
26/07/2004,15.9,15.99,15.67,15.78,1955900
27/07/2004,15.69,15.98,15.68,15.94,1770600
28/07/2004,15.9,16.08,15.88,16.05,1855200
29/07/2004,16.13,16.19,16,16.17,1574200
30/07/2004,16.25,16.27,16.19,16.23,1079400
02/08/2004,16.25,16.25,16.03,16.2,888000
03/08/2004,16.25,16.43,16.25,16.4,1918000
04/08/2004,16.43,16.43,16,16.02,3842100
05/08/2004,16,16.1,15.78,15.78,2372800
06/08/2004,15.8,15.83,15.43,15.47,2749100
09/08/2004,15.5,15.84,15.47,15.72,2115800
10/08/2004,15.73,15.8,15.61,15.66,2278900
11/08/2004,15.62,15.68,15.43,15.58,4726200
12/08/2004,15.63,15.69,15.38,15.38,2015400
13/08/2004,15.4,15.62,15.4,15.57,1652800
16/08/2004,15.58,15.66,15.53,15.66,890200
17/08/2004,15.63,15.64,15.28,15.3,5489400
18/08/2004,15.38,15.52,15.38,15.5,2191100
19/08/2004,15.58,15.66,15.51,15.55,2264500
20/08/2004,15.68,15.87,15.68,15.71,2204100
23/08/2004,15.75,15.77,15.51,15.52,1656900
24/08/2004,15.46,15.5,15.33,15.48,1890600
25/08/2004,15.5,15.6,15.5,15.58,2187200
26/08/2004,15.57,15.72,15.46,15.69,1312400
27/08/2004,15.73,15.82,15.73,15.79,1020400
30/08/2004,15.75,15.91,15.68,15.72,1970500
31/08/2004,15.8,16,15.76,15.98,1141100
01/09/2004,16,16.27,15.98,16.26,2222200
02/09/2004,16.31,16.39,16.25,16.39,1363200
03/09/2004,16.38,16.46,16.33,16.42,2269300
07/09/2004,16.38,16.42,16.25,16.4,1313200
08/09/2004,16.3,16.48,16.3,16.42,2848000
09/09/2004,16.43,16.68,16.43,16.65,1885700
10/09/2004,16.65,16.67,16.48,16.56,2258000
13/09/2004,16.63,16.7,16.61,16.68,1781800
14/09/2004,16.72,16.81,16.65,16.75,1525000
15/09/2004,16.95,16.95,16.67,16.7,2619100
16/09/2004,16.68,16.77,16.65,16.75,1103300
17/09/2004,16.78,16.98,16.76,16.96,2439900
20/09/2004,17.01,17.1,16.95,16.97,1626800
21/09/2004,17,17.43,17,17.39,3899100
22/09/2004,17.35,17.35,17.18,17.27,3762800
23/09/2004,17.23,17.23,17,17.11,3271900
24/09/2004,17.11,17.36,17.11,17.31,3236700
27/09/2004,17.38,17.43,17.19,17.3,2318100
28/09/2004,17.43,17.64,17.41,17.6,2498600
29/09/2004,17.56,17.6,17.26,17.36,3216800
30/09/2004,17.43,17.54,17.4,17.47,863500
01/10/2004,17.52,17.74,17.45,17.72,1179700
04/10/2004,17.73,17.77,17.63,17.7,2241500
05/10/2004,17.84,17.93,17.77,17.89,2836800
06/10/2004,17.9,18.22,17.9,18.22,3006600
07/10/2004,18.3,18.42,18.02,18.08,3680600
08/10/2004,18.18,18.21,17.97,18.1,2246400
11/10/2004,18.18,18.18,17.85,17.94,2421100
12/10/2004,17.93,18.02,17.73,17.74,3046700
13/10/2004,17.68,17.68,17.18,17.36,7132800
14/10/2004,17.48,17.66,17.43,17.51,4796700
15/10/2004,17.67,17.68,17.49,17.58,1767500
18/10/2004,17.58,17.65,17.34,17.35,1691000
19/10/2004,17.33,17.41,17.2,17.3,1705300
20/10/2004,17.36,17.69,17.33,17.68,2475500
21/10/2004,17.73,17.89,17.23,17.77,2468600
22/10/2004,17.82,17.95,17.73,17.74,1429900
25/10/2004,17.77,17.85,17.63,17.76,2573000
26/10/2004,17.7,17.97,17.7,17.95,1827400
27/10/2004,17.98,18.07,17.52,17.64,5301400
28/10/2004,17.57,17.65,17.23,17.33,7697800
29/10/2004,17.23,17.58,17.23,17.57,4532900
01/11/2004,17.68,17.76,17.36,17.47,3995900
02/11/2004,17.4,17.47,17.16,17.2,6923600
03/11/2004,17.55,17.63,17.3,17.55,3469800
04/11/2004,17.6,17.8,17.6,17.76,3600200
05/11/2004,17.85,17.95,17.76,17.86,6127900
08/11/2004,17.86,17.86,17.52,17.57,3533300
09/11/2004,17.45,17.57,17.39,17.41,5973600
10/11/2004,17.52,17.65,17.3,17.61,5078700
11/11/2004,17.56,17.66,17.52,17.58,3028500
12/11/2004,17.55,17.97,17.5,17.95,2879400
15/11/2004,17.88,17.88,17.45,17.56,4111900
16/11/2004,17.6,17.72,17.56,17.56,2441900
17/11/2004,17.6,17.86,17.6,17.84,3970500
18/11/2004,17.9,18,17.82,17.98,2195000
19/11/2004,18.08,18.26,17.99,18.19,3936400
22/11/2004,18.22,18.5,18.19,18.48,3719800
23/11/2004,18.5,18.7,18.49,18.6,1845900
24/11/2004,18.65,18.75,18.45,18.75,3549200
26/11/2004,18.81,18.95,18.8,18.83,1032100
29/11/2004,18.93,18.93,18.52,18.73,2701900
30/11/2004,18.73,18.81,18.7,18.76,3489800
01/12/2004,18.7,18.76,18.27,18.31,7173400
02/12/2004,18.15,18.2,17.68,17.82,6399800
03/12/2004,17.77,18.04,17.76,18,3980100
06/12/2004,18.29,18.29,17.87,18.01,1497700
07/12/2004,18.02,18.17,17.63,17.63,3441100
08/12/2004,17.5,17.8,17.38,17.75,4576400
09/12/2004,17.8,17.9,17.66,17.9,3256000
10/12/2004,17.92,18.01,17.72,17.77,2796900
13/12/2004,17.8,18.09,17.8,18.09,3042100
14/12/2004,18.08,18.18,18.01,18.15,2412900
15/12/2004,18.19,18.33,18.05,18.28,5307900
16/12/2004,18.29,18.29,18.01,18.1,2678900
17/12/2004,17.96,18.11,17.96,18.02,3142600
20/12/2004,18.12,18.27,18.06,18.25,1947300
21/12/2004,18.19,18.41,18.19,18.4,2912300
22/12/2004,18.4,18.46,17.98,18.15,3989800
23/12/2004,18.2,18.27,18.15,18.26,2130600
27/12/2004,18,18.25,17.93,17.93,4468000
28/12/2004,17.95,18.11,17.95,18.06,2194800
29/12/2004,17.93,18.2,17.93,18.2,2106800
30/12/2004,18.17,18.18,18.1,18.11,1155500
31/12/2004,18.09,18.23,18.06,18.16,632200
03/01/2005,18.05,18.1,17.49,17.49,3981600
04/01/2005,17.6,17.68,17.39,17.4,6334500
05/01/2005,17.4,17.52,17.28,17.33,3974000
06/01/2005,17.27,17.76,17.27,17.63,5028800
07/01/2005,17.7,17.7,17.33,17.49,4722900
10/01/2005,17.68,17.8,17.55,17.61,4501800
11/01/2005,17.61,17.7,17.5,17.64,1647900
12/01/2005,17.7,17.95,17.61,17.95,3524000
13/01/2005,18.08,18.22,17.98,18.07,3599800
14/01/2005,18.13,18.24,18.02,18.23,1646000
18/01/2005,18.35,18.45,18.3,18.41,4408000
19/01/2005,18.33,18.48,18.33,18.35,2677000
20/01/2005,18.3,18.3,18.02,18.16,3944200
21/01/2005,18.27,18.42,18.2,18.2,4351800
24/01/2005,18.4,18.51,18.34,18.36,3857500
25/01/2005,18.48,18.52,18.3,18.43,2128500
26/01/2005,18.47,18.65,18.41,18.61,3548200
27/01/2005,18.58,18.86,18.55,18.78,2962300
28/01/2005,18.68,18.68,18.49,18.55,5000300
31/01/2005,18.5,18.85,18.43,18.77,5630700
01/02/2005,18.88,19.1,18.86,19.1,4165500
02/02/2005,19.18,19.37,19.11,19.36,3102600
03/02/2005,19.35,19.47,19.18,19.45,3435700
04/02/2005,19.5,19.56,19.4,19.52,4417800
07/02/2005,19.58,19.6,19.26,19.4,3674100
08/02/2005,19.31,19.57,19.28,19.54,2208100
09/02/2005,19.55,19.69,19.35,19.5,5913200
10/02/2005,19.71,20.06,19.63,20.04,5704200
11/02/2005,20.02,20.32,19.98,20.21,4245200
14/02/2005,20.24,20.32,20.19,20.24,2877100
15/02/2005,20.33,20.34,20.13,20.28,2719600
16/02/2005,20.34,20.88,20.3,20.85,5429800
17/02/2005,20.9,21,20.54,20.57,5190100
18/02/2005,20.62,21.13,20.6,21.03,6549900
22/02/2005,21.25,21.39,20.86,20.88,6547300
23/02/2005,20.85,21.18,20.85,21.14,3254700
24/02/2005,21.23,21.58,21.13,21.56,5047600
25/02/2005,21.64,22.2,21.59,22.09,6829400
28/02/2005,22.25,22.38,21.21,21.93,9474200
01/03/2005,21.88,22,21.47,21.5,7461400
02/03/2005,21.41,21.86,21.36,21.82,6115700
03/03/2005,21.9,22.22,21.88,22.18,9862200
04/03/2005,22.2,22.55,22.06,22.46,5991000
07/03/2005,22.38,22.48,22.05,22.31,7201900
08/03/2005,22.23,22.47,22.2,22.28,5793400
09/03/2005,22.45,22.57,21.63,21.67,15577000
10/03/2005,21.65,21.78,21.03,21.23,19840801
11/03/2005,21.16,21.6,21.1,21.4,10945300
14/03/2005,21.45,21.62,21.07,21.56,10158200
15/03/2005,21.6,21.84,21.25,21.26,12323600
16/03/2005,21.25,21.63,21.05,21.33,12203300
17/03/2005,21.45,21.73,21.45,21.7,11795100
18/03/2005,21.93,21.93,21.62,21.89,8066000
21/03/2005,21.85,21.95,21.52,21.7,8859700
22/03/2005,21.63,22.03,21.41,21.44,9790000
23/03/2005,21.2,21.3,20.85,21.03,24337400
24/03/2005,21.15,21.34,20.82,21.02,10880500
28/03/2005,21.05,21.17,20.85,21.04,10815600
29/03/2005,21.05,21.31,20.67,20.7,9198600
30/03/2005,20.75,21.04,20.39,21.01,24176000
31/03/2005,21.35,21.5,21.2,21.44,12487100
01/04/2005,21.72,22,21.43,21.97,9587100
04/04/2005,22.05,22.24,21.61,21.78,14104200
05/04/2005,21.58,21.88,21.35,21.5,8952600
06/04/2005,21.5,21.94,21.35,21.84,10449600
07/04/2005,22,22.1,21.51,21.76,19291600
08/04/2005,21.6,21.8,21.36,21.36,11712100
11/04/2005,21.33,21.57,21.15,21.52,11625900
12/04/2005,21.45,21.52,21.08,21.18,14681200
13/04/2005,21.01,21.3,20.65,20.66,18089199
14/04/2005,20.78,21.01,20.59,20.65,19536699
15/04/2005,20.53,20.63,19.84,19.86,40282500
18/04/2005,19.85,20.27,19.7,20.23,30338301
19/04/2005,20.48,20.83,20.38,20.7,20136301
20/04/2005,20.84,20.91,20.27,20.27,21364199
21/04/2005,20.33,20.98,20.27,20.98,14900000
22/04/2005,21.05,21.25,20.54,21.02,11454200
25/04/2005,21.2,21.45,21.16,21.32,12959600
26/04/2005,21.25,21.4,20.97,20.97,14065000
27/04/2005,20.96,21,20.41,20.43,29949100
28/04/2005,20.27,20.35,19.99,20.02,23943600
29/04/2005,20.2,20.39,20.01,20.27,14931900
02/05/2005,20.25,20.67,20.09,20.64,22853699
03/05/2005,20.6,20.6,20.08,20.16,12264900
04/05/2005,20.16,20.41,19.68,20.39,18984100
05/05/2005,20.58,20.73,20.38,20.61,13358800
06/05/2005,20.7,20.89,20.53,20.55,8991000
09/05/2005,20.65,20.84,20.58,20.83,9266000
10/05/2005,20.85,20.85,20.42,20.48,16337300
11/05/2005,20.33,20.62,20.25,20.6,10909100
12/05/2005,20.43,20.53,19.68,19.7,23390900
13/05/2005,19.85,19.85,19.3,19.4,22101400
16/05/2005,19.3,19.35,18.97,19.32,24119301
17/05/2005,19.34,19.7,19.27,19.66,18545801
18/05/2005,19.83,19.99,19.5,19.62,27927000
19/05/2005,19.72,20,19.55,19.98,15784200
20/05/2005,19.88,20.1,19.82,19.83,12816500
23/05/2005,19.95,20.23,19.89,20.16,11286100
24/05/2005,20.18,20.31,20.14,20.24,12284900
25/05/2005,20.29,20.65,20.16,20.55,15605500
26/05/2005,20.59,20.71,20.46,20.66,8960000
27/05/2005,20.74,21.01,20.7,21,10041200
31/05/2005,21.05,21.05,20.69,20.84,8958400
01/06/2005,20.96,21.39,20.91,21.24,13916600
02/06/2005,21.19,21.33,21,21.2,16950000
03/06/2005,21.24,21.43,21.18,21.32,9111100
06/06/2005,21.45,21.45,21.2,21.38,8766200
07/06/2005,21.4,21.54,21.16,21.18,9317800
08/06/2005,21.16,21.57,21.07,21.24,16627600
09/06/2005,21.3,21.87,21.25,21.85,16471301
10/06/2005,21.81,21.89,21.58,21.83,11706600
13/06/2005,21.71,21.98,21.65,21.91,10933400
14/06/2005,21.83,22.09,21.83,22.05,10563100
15/06/2005,22,22.31,22,22.31,11246800
16/06/2005,22.37,22.63,22.3,22.63,9819400
17/06/2005,22.9,22.96,22.63,22.92,19227801
20/06/2005,23.01,23.08,22.77,22.95,10947900
21/06/2005,22.63,22.91,22.45,22.46,16646500
22/06/2005,22.5,22.74,22.29,22.59,23739100
23/06/2005,22.61,23.02,22.58,22.61,14940500
24/06/2005,22.7,22.8,22.44,22.47,8988700
27/06/2005,22.65,22.88,22.58,22.82,11096700
28/06/2005,22.73,22.82,22.39,22.39,12751700
29/06/2005,22.34,22.52,22.18,22.37,12513500
30/06/2005,22.4,22.65,22.21,22.23,14718300
01/07/2005,22.26,22.73,22.26,22.72,8586400
05/07/2005,22.91,23.42,22.82,23.4,16744199
06/07/2005,23.65,23.65,22.92,22.98,14680600
07/07/2005,22.68,23.28,22.68,23.28,15700800
08/07/2005,23.37,23.48,22.94,23.12,15167700
11/07/2005,22.9,23.31,22.84,23.29,9960300
12/07/2005,23.41,23.62,23.23,23.5,13900200
13/07/2005,23.51,23.6,23.28,23.37,11765100
14/07/2005,23.36,23.52,22.68,22.81,32260699
15/07/2005,23,23,22.6,22.69,21364699
18/07/2005,22.51,22.73,22.43,22.59,12683300
19/07/2005,22.7,23.08,22.58,23.08,12304800
20/07/2005,23.07,23.18,22.78,23.1,11033600
21/07/2005,23.02,23.18,22.74,22.88,11860700
22/07/2005,23.11,23.73,23.1,23.7,24123000
25/07/2005,23.59,24.11,23.59,23.92,17041699
26/07/2005,23.89,24.03,23.73,23.86,7902800
27/07/2005,23.93,24,23.63,23.98,12297500
28/07/2005,24.09,24.15,23.79,24.05,8478200
29/07/2005,24.24,24.24,23.8,23.8,8820900
01/08/2005,23.91,24.17,23.89,24.05,7080600
02/08/2005,24.15,24.47,24.11,24.45,7837800
03/08/2005,24.65,24.65,24.26,24.33,10628200
04/08/2005,24.3,24.63,24.3,24.38,10547600
05/08/2005,24.4,24.5,24.03,24.2,9250800
08/08/2005,24.39,24.8,24.39,24.55,11612800
09/08/2005,24.61,24.68,24.38,24.49,8927600
10/08/2005,24.63,24.94,24.55,24.89,11965700
11/08/2005,24.98,25.21,24.86,25.13,12800500
12/08/2005,25.25,25.28,24.96,25.09,9199100
15/08/2005,24.98,25.05,24.75,24.84,10230600
16/08/2005,24.79,24.86,24.29,24.3,16694600
17/08/2005,24.28,24.55,23.63,23.74,28082199
18/08/2005,23.58,23.84,23.44,23.69,16363900
19/08/2005,23.83,24.16,23.83,24.09,12292900
22/08/2005,24.23,24.45,23.91,24.15,13101500
23/08/2005,24.15,24.3,23.83,24.11,16927000
24/08/2005,24.3,24.5,24.1,24.34,14560400
25/08/2005,24.44,24.44,24.14,24.27,12915500
26/08/2005,24.16,24.37,23.98,24,10194500
29/08/2005,24.5,24.53,24,24.19,15091000
30/08/2005,24.29,24.71,24.28,24.64,15100100
31/08/2005,24.66,25.45,24.62,25.32,21407400
01/09/2005,25.65,26.02,25.5,25.98,19806400
02/09/2005,25.78,25.78,25.42,25.48,14485300
06/09/2005,25.48,25.71,25.22,25.66,12097400
07/09/2005,25.6,25.98,25.54,25.7,13099100
08/09/2005,25.63,25.94,25.63,25.73,15902100
09/09/2005,25.84,26.41,25.84,26.4,13494300
12/09/2005,26.3,26.35,25.82,25.86,11978500
13/09/2005,25.88,26.08,25.64,25.64,10862900
14/09/2005,25.78,26.08,25.67,25.96,11782400
15/09/2005,26.19,26.21,25.65,25.96,14960500
16/09/2005,25.98,26.17,25.92,26.14,13895200
19/09/2005,26.46,26.98,26.4,26.83,16191300
20/09/2005,26.73,26.85,26.41,26.58,15213300
21/09/2005,27.1,27.16,26.74,26.95,19926000
22/09/2005,27.33,27.33,26.23,26.75,25917100
23/09/2005,26.6,26.7,26.13,26.28,16032400
26/09/2005,26.1,26.81,26.1,26.76,11712100
27/09/2005,26.59,26.79,26.45,26.78,7098000
28/09/2005,26.95,27.05,26.55,27,17224600
29/09/2005,27.17,27.28,26.93,27.26,13452300
30/09/2005,27.19,27.25,26.8,26.84,10169300
03/10/2005,27.03,27.15,26.67,26.77,6628700
04/10/2005,26.53,26.65,25.76,25.8,17605801
05/10/2005,25.85,25.91,24.81,24.81,31555900
06/10/2005,24.2,24.76,23.83,24.22,50851898
07/10/2005,24.52,24.81,24.38,24.77,21520801
10/10/2005,24.75,24.81,24.22,24.39,16225500
11/10/2005,24.73,25.13,24.63,24.98,17041301
12/10/2005,25.05,25.07,24.35,24.5,20663500
13/10/2005,24.2,24.35,23.36,23.83,39214199
14/10/2005,23.65,24.26,23.3,24.17,31082000
17/10/2005,24.7,24.7,24.33,24.47,14986600
18/10/2005,24.16,24.4,23.33,23.34,31284699
19/10/2005,23.35,23.91,22.83,23.86,46291102
20/10/2005,23.7,23.81,22.47,22.78,47943898
21/10/2005,22.89,23.41,22.68,23.01,31481699
24/10/2005,22.9,23.84,22.9,23.83,30875000
25/10/2005,23.92,24.45,23.78,24.33,33592898
26/10/2005,24.32,24.97,24.08,24.18,30925900
27/10/2005,24.28,24.44,23.39,23.5,27264301
28/10/2005,23.53,24.25,23.16,24.14,28839801
31/10/2005,24.28,24.75,23.93,24.41,22685000
01/11/2005,24.28,24.63,24.25,24.56,20702500
02/11/2005,24.53,25.06,24.48,25.04,20930301
03/11/2005,25.24,25.65,25.16,25.52,18998699
04/11/2005,25.38,25.48,24.7,24.75,29471100
07/11/2005,24.6,24.79,24.19,24.32,21536699
08/11/2005,24.26,24.7,24.14,24.53,13473900
09/11/2005,24.45,24.92,24.08,24.3,32215900
10/11/2005,24.12,24.13,23.37,23.55,40049801
11/11/2005,23.38,23.87,23.38,23.74,15590200
14/11/2005,24.08,24.1,23.66,23.86,15448600
15/11/2005,23.82,24.47,23.79,23.9,25190600
16/11/2005,23.9,24.52,23.87,24.52,22875801
17/11/2005,24.8,24.8,24.31,24.51,18462000
18/11/2005,24.6,24.7,24.24,24.52,24014301
21/11/2005,24.77,25.13,24.64,25.13,17802699
22/11/2005,25.38,25.59,25.21,25.53,14411500
23/11/2005,25.33,25.67,25.17,25.44,12215100
25/11/2005,25.43,25.61,25.41,25.5,3675000
28/11/2005,25.36,25.36,24.61,24.64,22096100
29/11/2005,24.85,24.98,24.6,24.68,15002000
30/11/2005,24.63,25.05,24.63,24.78,17792000
01/12/2005,24.98,25.56,24.97,25.56,18679900
02/12/2005,25.78,25.78,25.32,25.59,15446600
05/12/2005,25.85,26,25.63,25.77,20271400
06/12/2005,25.71,26.1,25.62,25.88,14015000
07/12/2005,26.05,26.27,25.62,25.78,33402699
08/12/2005,25.84,26.26,25.8,26.24,16304400
09/12/2005,26.01,26.18,25.8,25.91,14143500
12/12/2005,26.26,26.27,25.97,26.25,13506200
13/12/2005,26.33,26.6,26.1,26.14,18908100
14/12/2005,26.15,26.48,26.04,26.45,15863500
15/12/2005,26.3,26.48,26.05,26.24,15362000
16/12/2005,26.18,26.3,25.5,25.54,22733301
19/12/2005,25.66,25.8,25.32,25.33,19436199
20/12/2005,25.4,25.75,25.4,25.67,14594500
21/12/2005,25.75,25.99,25.61,25.73,17689199
22/12/2005,25.88,25.93,25.62,25.7,8416100
23/12/2005,25.45,25.72,25.21,25.63,13896500
27/12/2005,25.4,25.4,24.73,24.87,25652100
28/12/2005,25.02,25.39,24.99,25.25,19398900
29/12/2005,25.2,25.49,25.03,25.05,12562100
30/12/2005,24.9,25.35,24.82,25.16,12112800
03/01/2006,25.32,26.35,25.32,26.35,24191000
04/01/2006,26.2,26.48,26,26.43,19997900
05/01/2006,26.48,26.5,25.84,26.09,23561000
06/01/2006,26.52,26.8,26.39,26.73,18145900
09/01/2006,26.73,26.85,26.44,26.7,15235200
10/01/2006,26.7,27.13,26.65,26.99,17491301
11/01/2006,26.88,27.23,26.55,27.11,19714500
12/01/2006,27.33,27.52,26.85,26.91,22318801
13/01/2006,26.68,27.29,26.68,27.23,17708500
17/01/2006,27.65,27.86,27.57,27.83,15398000
18/01/2006,27.76,27.83,27.1,27.48,21610100
19/01/2006,27.31,28.15,27.31,28.08,26410100
20/01/2006,28.45,28.76,28,28.21,28719801
23/01/2006,28.05,28.65,27.96,28.52,21652100
24/01/2006,28.26,28.6,28.26,28.35,19697199
25/01/2006,28.61,28.65,27.48,27.75,37098801
26/01/2006,27.68,27.88,27.28,27.84,27029699
27/01/2006,28.06,28.46,28.01,28.33,22876500
30/01/2006,28.66,29.14,28.6,28.98,28847199
31/01/2006,28.88,28.98,28.64,28.83,17568801
01/02/2006,28.75,29.04,28.13,28.15,32495600
02/02/2006,28,28.3,27.5,27.87,35982199
03/02/2006,27.88,27.94,27.47,27.61,20860900
06/02/2006,27.88,28.33,27.85,28.15,21974900
07/02/2006,27.85,27.85,26.86,26.98,36514398
08/02/2006,27.05,27.13,26.4,26.98,44288602
09/02/2006,27.25,27.48,26.31,26.37,31248100
10/02/2006,26.45,26.59,25.8,26.27,43384000
13/02/2006,26.33,26.65,26.04,26.17,23419600
14/02/2006,25.75,26.13,25.64,25.87,30849400
15/02/2006,26.03,26.25,25.55,25.73,52032199
16/02/2006,25.98,26.36,25.97,26.32,27136400
17/02/2006,26.86,26.99,26.35,26.51,23606500
21/02/2006,26.95,27.25,26.81,27.03,20876199
22/02/2006,26.8,26.83,26.4,26.52,24284000
23/02/2006,26.46,26.85,26.05,26.49,28729301
24/02/2006,27,27.07,26.78,26.82,16514699
27/02/2006,26.68,26.75,26.35,26.35,16032700
28/02/2006,26.28,26.28,25.94,26.17,23835000
01/03/2006,26.37,26.63,26.29,26.62,13395400
02/03/2006,26.7,27.11,26.6,27.06,21050400
03/03/2006,26.81,27.26,26.78,27.07,22522600
06/03/2006,26.83,26.89,26.11,26.13,23569000
07/03/2006,26,26.18,25.58,25.74,23866100
08/03/2006,25.49,26.05,25.33,25.74,40786602
09/03/2006,26,26.11,25.54,25.56,22813500
10/03/2006,25.45,25.88,25.28,25.7,23899699
13/03/2006,25.85,26.23,25.78,26.2,11998500
14/03/2006,26.3,26.73,25.72,26.69,16598801
15/03/2006,26.55,26.83,26.46,26.83,21665199
16/03/2006,26.74,27.29,26.65,27.25,27302400
17/03/2006,27.15,27.33,26.8,26.83,23296801
20/03/2006,26.75,26.95,26.2,26.23,22892699
21/03/2006,26.15,26.58,26.01,26.19,25416400
22/03/2006,26.19,26.71,26.17,26.36,21962801
23/03/2006,26.58,26.8,26.51,26.75,17357000
24/03/2006,26.73,27.15,26.71,26.93,21258500
27/03/2006,26.73,27.14,26.64,27.07,19370600
28/03/2006,27.23,27.55,27.19,27.28,22502400
29/03/2006,27.2,27.62,27.2,27.6,18209600
30/03/2006,27.65,27.85,27.47,27.59,23430100
31/03/2006,27.35,27.38,27.03,27.2,25797100
03/04/2006,27.38,27.84,27.27,27.35,18381500
04/04/2006,27.13,27.76,27.13,27.71,13776000
05/04/2006,27.7,28.18,27.56,28.17,20414801
06/04/2006,28.38,28.43,27.94,28.23,21271801
07/04/2006,28.1,28.21,27.63,27.68,21693699
10/04/2006,27.99,28.28,27.9,28.2,17285199
11/04/2006,28.45,28.56,27.87,28,13795100
12/04/2006,27.92,28.17,27.69,27.82,16349500
13/04/2006,27.53,27.93,27.4,27.91,11404100
17/04/2006,28.34,28.42,28.1,28.42,13715600
18/04/2006,28.65,29.17,28.6,29.12,29224301
19/04/2006,28.95,29.58,28.9,29.57,24264600
20/04/2006,29.4,29.59,28.75,29.26,26265000
21/04/2006,29.48,29.93,29.26,29.87,19604600
24/04/2006,29.75,29.8,29.26,29.42,29455301
25/04/2006,29.73,29.87,28.71,29.04,33836301
26/04/2006,29.1,29.57,28.54,28.58,29427100
27/04/2006,27.93,28.8,27.63,28.25,44879500
28/04/2006,28.44,28.93,28.44,28.57,19053100
01/05/2006,28.78,29.32,28.72,29.04,19595801
02/05/2006,29.37,29.72,29.19,29.69,19041500
03/05/2006,29.57,29.68,29.01,29.23,25784699
04/05/2006,28.98,29.36,28.57,29.09,27809199
05/05/2006,29.44,29.58,29.19,29.43,15718400
08/05/2006,29.06,29.36,28.8,29.3,17092699
09/05/2006,29.2,29.63,29.17,29.48,13166600
10/05/2006,29.39,29.76,29.29,29.75,20594400
11/05/2006,30.01,30.08,29.28,29.37,21775301
12/05/2006,29.28,29.28,28.34,28.37,35139000
15/05/2006,27.82,28.25,27.47,27.78,29083301
16/05/2006,27.95,28.26,27.62,27.88,20602500
17/05/2006,27.63,27.96,26.96,27.17,36464500
18/05/2006,27.18,27.48,26.8,26.84,24759301
19/05/2006,26.69,27.23,26.3,27.01,40303801
22/05/2006,26.55,27.07,26.13,26.86,37538801
23/05/2006,27.36,27.7,26.75,26.86,29175900
24/05/2006,26.55,27.08,26.08,26.53,38274801
25/05/2006,26.9,27.56,26.76,27.46,32247900
26/05/2006,27.45,27.66,27.31,27.55,14383300
30/05/2006,27.8,27.95,27.09,27.12,19404600
31/05/2006,27.02,27.78,27.01,27.78,19920699
01/06/2006,27.5,28,27.31,27.85,19853900
02/06/2006,28.13,28.32,27.8,28.27,17686301
05/06/2006,28.58,28.59,27.36,27.38,36698699
06/06/2006,27.32,27.68,27.1,27.35,24921699
07/06/2006,27.16,27.3,26.3,26.3,46406398
08/06/2006,26.11,26.73,25.48,26.67,75385508
09/06/2006,26.91,26.91,26.16,26.4,31437000
12/06/2006,26.56,26.72,25.82,25.86,21739000
13/06/2006,25.53,25.93,25.01,25.1,37585102
14/06/2006,25.19,25.79,25.1,25.74,29585801
15/06/2006,26.06,26.89,26.02,26.72,38283102
16/06/2006,26.53,26.74,26.06,26.55,29671600
19/06/2006,26.45,26.45,25.52,25.55,46718500
20/06/2006,25.82,26.04,25.37,25.43,22317699
21/06/2006,25.52,26.31,25.5,26,39253500
22/06/2006,26,26.25,25.8,26.11,17693400
23/06/2006,26.65,26.88,26.6,26.69,26866100
26/06/2006,26.65,27.02,26.44,26.99,16526500
27/06/2006,27.17,27.39,26.98,27.04,24147400
28/06/2006,27.12,27.57,27.1,27.5,22124000
29/06/2006,27.67,28.29,27.67,28.28,30392600
30/06/2006,28.39,28.55,28.13,28.38,11346200
03/07/2006,28.53,28.77,28.44,28.68,3831000
05/07/2006,28.52,28.88,28.2,28.81,16414900
06/07/2006,28.78,29.03,28.63,28.74,16848600
07/07/2006,28.85,29.11,28.26,28.35,19687301
10/07/2006,28.36,28.72,28.22,28.43,14610200
11/07/2006,28.53,29.03,28.51,28.95,12987500
12/07/2006,29.07,29.12,28.72,28.85,15130200
13/07/2006,28.98,29.04,28.53,28.58,18516301
14/07/2006,28.8,28.96,28.28,28.91,17629000
17/07/2006,28.61,28.76,27.83,27.98,32419400
18/07/2006,28.23,28.35,27.63,28.01,18979000
19/07/2006,27.92,28.4,27.82,28.3,22578199
20/07/2006,28.38,28.4,27.62,27.62,18935301
21/07/2006,27.76,27.76,27.13,27.24,30416500
24/07/2006,27.25,28.11,27.25,28.06,22568500
25/07/2006,28.26,28.6,28.07,28.55,19038801
26/07/2006,28.38,29.29,28.34,29.13,19654699
27/07/2006,29.46,29.49,28.81,28.88,17330400
28/07/2006,28.72,28.97,28.43,28.89,14726300
31/07/2006,29.1,29.48,28.88,29.33,15521500
01/08/2006,29.27,29.44,29,29.36,11043000
02/08/2006,29.68,29.94,29.22,29.42,17777301
03/08/2006,29,29.48,28.98,29.17,11710500
04/08/2006,29.25,29.42,28.67,28.92,16829699
07/08/2006,29.13,29.4,28.9,29.23,19058100
08/08/2006,29.18,29.42,29.02,29.06,20301801
09/08/2006,29.35,29.68,29.23,29.3,18526600
10/08/2006,29.13,29.2,28.83,29.06,17835400
11/08/2006,29.03,29.16,28.84,29.08,8161300
14/08/2006,28.86,28.86,27.93,28.48,16721699
15/08/2006,28.73,28.84,28.38,28.62,16599400
16/08/2006,28.52,28.95,28.3,28.5,22339600
17/08/2006,28.22,28.37,28.07,28.3,34993602
18/08/2006,28.5,28.75,28.15,28.74,13639800
21/08/2006,28.97,29.06,28.82,28.93,12368500
22/08/2006,28.9,29.13,28.86,29.13,6958900
23/08/2006,28.99,29.07,28.49,28.52,12151800
24/08/2006,28.6,28.94,28.48,28.89,10852300
25/08/2006,29.15,29.38,29.03,29.11,13189400
28/08/2006,28.75,28.93,28.64,28.69,17593199
29/08/2006,28.54,28.54,28.23,28.51,13488500
30/08/2006,28.41,28.52,27.79,28.03,20004301
31/08/2006,27.99,28.15,27.77,27.84,10966500
01/09/2006,28,28.25,27.91,28.25,8748000
05/09/2006,28.15,28.64,28.12,28.62,16610199
06/09/2006,28.32,28.35,27.62,27.65,17226801
07/09/2006,27.5,27.8,27.38,27.68,25232801
08/09/2006,27.56,27.78,26.98,26.98,16800801
11/09/2006,26.65,26.73,26.07,26.14,44412102
12/09/2006,26.19,26.42,25.83,25.98,25096400
13/09/2006,26.2,26.69,26.19,26.52,22525900
14/09/2006,26.5,26.66,25.85,25.93,30635699
15/09/2006,25.94,26.06,25.71,25.93,30316000
18/09/2006,26.08,26.69,25.98,26.55,33310398
19/09/2006,26.55,26.68,25.86,26.15,26296400
20/09/2006,25.9,26.14,25.38,25.45,29323699
21/09/2006,25.58,26.05,25.52,25.78,23830400
22/09/2006,25.96,26.02,25.48,25.67,24287500
25/09/2006,25.35,25.88,25.09,25.7,34939898
26/09/2006,25.5,26.29,25.5,26.27,31137801
27/09/2006,26.57,26.79,26.14,26.7,35176102
28/09/2006,26.7,26.99,26.55,26.62,24248100
29/09/2006,26.45,26.88,26.39,26.73,16863900
02/10/2006,26.61,26.91,26.41,26.42,14947800
03/10/2006,26,26.09,25.45,25.45,34060500
04/10/2006,25.59,25.93,25.1,25.83,37666199
05/10/2006,26.3,26.42,26.02,26.32,31421400
06/10/2006,26.1,26.36,25.88,26.35,25624600
09/10/2006,26.57,26.62,25.95,25.95,20278600
10/10/2006,25.8,26.5,25.8,26.44,26771301
11/10/2006,26.29,26.41,25.96,26.02,21725699
12/10/2006,26.18,26.63,26.17,26.63,23140100
13/10/2006,26.82,27.2,26.74,26.99,27233199
16/10/2006,26.95,27.63,26.91,27.63,28112199
17/10/2006,27.55,27.57,27.14,27.33,22786301
18/10/2006,27.29,27.55,26.94,27.15,28709801
19/10/2006,27.28,27.71,27.15,27.71,22934400
20/10/2006,27.83,27.83,27.25,27.35,27554400
23/10/2006,27.18,27.52,27.04,27.4,19120400
24/10/2006,27.36,27.97,27.25,27.9,17725400
25/10/2006,27.84,28.57,27.73,28.38,29933801
26/10/2006,28.71,28.73,28.11,28.32,20414900
27/10/2006,28.29,28.5,28,28.09,21020100
30/10/2006,27.7,27.96,27.53,27.58,38501699
31/10/2006,27.58,27.94,27.23,27.87,30609699
01/11/2006,27.81,28.01,27.37,27.58,27517400
02/11/2006,27.42,27.87,27.36,27.69,18089000
03/11/2006,27.87,28.37,27.87,28.3,31897500
06/11/2006,28.2,28.6,28.1,28.51,19484801
07/11/2006,28.51,28.58,27.8,28.29,31357000
08/11/2006,28.11,28.81,28.11,28.76,23062199
09/11/2006,28.99,29.3,28.82,29,20691100
10/11/2006,28.94,28.98,28.55,28.73,17297801
13/11/2006,28.51,28.94,28.41,28.68,18944500
14/11/2006,28.87,28.9,28.63,28.85,16591301
15/11/2006,29,29.24,28.78,29.12,17303100
16/11/2006,29.31,29.31,28.25,28.32,34538301
17/11/2006,28.02,28.6,27.96,28.55,25283500
20/11/2006,28.42,28.73,28.26,28.48,26130100
21/11/2006,28.54,29.03,28.54,29,13886500
22/11/2006,28.86,29.07,28.53,28.83,18872500
24/11/2006,28.72,29.02,28.67,28.77,4512000
27/11/2006,28.87,29,28.52,28.64,13033000
28/11/2006,28.75,29.23,28.74,29.1,17813301
29/11/2006,29.23,30.17,29.19,30.03,28195900
30/11/2006,30.03,30.42,29.9,30.26,26443699
01/12/2006,30.06,30.38,29.74,30.36,22244801
04/12/2006,30.15,30.34,30.02,30.32,18398199
05/12/2006,30.5,30.64,30.13,30.44,22700801
06/12/2006,30.33,30.7,30.24,30.35,20039500
07/12/2006,30.23,30.39,30.02,30.17,17318699
08/12/2006,30.31,30.49,30.09,30.14,14311900
11/12/2006,30.01,30.28,29.9,30.06,18443000
12/12/2006,30.15,30.36,29.93,30.13,24623301
13/12/2006,30.15,30.53,30.11,30.44,19772301
14/12/2006,30.6,31.07,30.46,30.88,22806900
15/12/2006,30.94,30.94,30.47,30.51,18060301
18/12/2006,30.55,30.55,29.62,29.63,35612500
19/12/2006,29.47,30.18,29.25,30.13,20475100
20/12/2006,30.2,30.2,29.66,29.72,17605199
21/12/2006,29.75,29.91,29.3,29.58,24209801
22/12/2006,29.41,29.7,29.3,29.3,11829500
26/12/2006,29.25,29.6,29.1,29.33,10125800
27/12/2006,29.3,29.68,29.2,29.68,8344800
28/12/2006,29.75,29.83,29.52,29.61,12174200
29/12/2006,29.56,29.6,29.32,29.32,8064700
03/01/2007,29.16,29.2,28.08,28.29,47465500
04/01/2007,27.94,28.12,27.65,27.78,50881898
05/01/2007,27.79,28.04,27.6,27.96,38303500
08/01/2007,28.24,28.35,27.7,27.96,32973801
09/01/2007,27.57,27.92,27.4,27.72,37017102
10/01/2007,27.55,27.59,27.09,27.19,38030602
11/01/2007,27.28,27.87,26.95,27.03,49140199
12/01/2007,27.13,27.8,27.1,27.72,32592801
16/01/2007,27.53,27.82,27.29,27.44,31363500
17/01/2007,27.39,27.86,27.39,27.74,36131602
18/01/2007,27.88,28.05,27.36,27.54,31171500
19/01/2007,27.73,28.3,27.67,28.29,31281699
22/01/2007,28.45,28.46,27.95,28.1,31568400
23/01/2007,28.32,28.96,28.32,28.83,36266500
24/01/2007,28.75,28.96,28.4,28.95,21974301
25/01/2007,28.85,28.91,28.17,28.36,22143699
26/01/2007,28.55,28.64,28.29,28.43,14685700
29/01/2007,28.44,28.65,28.16,28.29,19949801
30/01/2007,28.41,28.94,28.34,28.86,21511100
31/01/2007,28.81,29.14,28.65,29.05,27845801
01/02/2007,29.05,29.34,28.89,29.15,23084199
02/02/2007,29.32,29.47,28.98,29.32,18443000
05/02/2007,29.38,29.55,29.2,29.29,13109400
06/02/2007,29.46,29.47,29.02,29.2,19296400
07/02/2007,29.3,29.43,28.86,29.02,19590801
08/02/2007,29.02,29.37,28.87,29.32,24855801
09/02/2007,29.35,29.46,29.05,29.2,19041199
12/02/2007,28.9,29.02,28.67,28.79,18666740
13/02/2007,28.91,29.22,28.9,29.21,15026690
14/02/2007,29.16,29.52,29.06,29.22,23517900
15/02/2007,29.13,29.21,28.76,29,24961100
16/02/2007,29,29.04,28.87,29,16274600
20/02/2007,28.69,28.76,28.55,28.68,16283400
21/02/2007,28.68,29.04,28.51,28.99,20426699
22/02/2007,29,29.36,28.85,29.25,21558600
23/02/2007,29.51,29.52,29.26,29.33,16639400
26/02/2007,29.59,29.77,29.43,29.5,21165070
27/02/2007,29.06,29.45,28.23,28.33,52338801
28/02/2007,28.45,28.84,28.37,28.45,32625199
01/03/2007,28.16,28.74,27.53,28.36,31894170
02/03/2007,28.41,28.47,27.86,28.03,33787898
05/03/2007,27.58,28.13,27.47,27.7,35824113
06/03/2007,28.11,28.3,27.94,28.23,21932100
07/03/2007,28.29,29.12,28.16,28.58,44430000
08/03/2007,28.97,28.98,28.63,28.83,23206900
09/03/2007,28.86,29.02,28.62,28.7,21747801
12/03/2007,28.5,28.79,28.48,28.66,21401100
13/03/2007,28.65,29.01,28.23,28.28,31470600
14/03/2007,28.4,28.69,28.1,28.6,37926801
15/03/2007,28.6,28.81,28.49,28.6,20805881
16/03/2007,28.67,28.69,28.13,28.2,28048471
19/03/2007,28.48,28.79,28.41,28.65,21568740
20/03/2007,28.68,28.95,28.58,28.85,24125289
21/03/2007,29.07,29.54,28.93,29.37,24425320
22/03/2007,29.53,30.09,29.53,29.96,33614180
23/03/2007,30.1,30.21,29.91,30.11,14929030
26/03/2007,30.35,30.5,29.89,30.32,19012270
27/03/2007,30.25,30.38,30.09,30.38,17170160
28/03/2007,30.57,30.57,30.15,30.37,18572949
29/03/2007,30.47,30.58,30.25,30.56,23297070
30/03/2007,30.43,30.48,29.95,30.14,21184891
02/04/2007,30.13,30.53,30.1,30.44,17895350
03/04/2007,30.32,30.66,30.22,30.63,16158060
04/04/2007,30.43,30.74,30.31,30.68,15812310
05/04/2007,30.76,30.91,30.63,30.88,12185830
09/04/2007,30.82,31.16,30.71,30.76,19618570
10/04/2007,30.83,31.31,30.78,31.23,17188381
11/04/2007,31.24,31.39,30.95,31.04,24847471
12/04/2007,31.08,31.52,30.99,31.51,16836090
13/04/2007,31.57,31.59,31.35,31.53,13394230
16/04/2007,31.6,31.76,31.29,31.71,14168000
17/04/2007,31.79,31.87,31.37,31.53,14520240
18/04/2007,31.39,31.44,31.21,31.42,15571010
19/04/2007,31.18,31.23,30.92,30.98,16121200
20/04/2007,31.27,31.68,31.27,31.55,18203859
23/04/2007,31.56,31.9,31.5,31.59,20016721
24/04/2007,31.56,31.63,31.33,31.49,21380230
25/04/2007,31.62,32.28,31.6,32.08,28974779
26/04/2007,32.06,32.23,31.82,32.07,19139289
27/04/2007,32,32.3,31.84,32.07,14125150
30/04/2007,32.07,32.38,31.69,31.69,17560920
01/05/2007,31.72,31.93,31.49,31.83,26730189
02/05/2007,31.93,32.21,31.84,32.09,16662141
03/05/2007,31.96,32.52,31.93,32.35,17112859
04/05/2007,32.5,32.87,32.27,32.33,20444340
07/05/2007,32.21,32.47,32.17,32.41,11273370
08/05/2007,32.3,32.49,32,32.42,15386300
09/05/2007,32.38,32.54,32.03,32.4,22117131
10/05/2007,32.53,32.57,31.83,31.88,20797131
11/05/2007,31.93,32.63,31.89,32.6,21324170
14/05/2007,32.6,32.82,32.5,32.62,16524789
15/05/2007,32.67,33,32.58,32.73,16058790
16/05/2007,32.69,32.88,32.34,32.85,17451000
17/05/2007,32.95,33.55,32.68,33.38,18773461
18/05/2007,33.5,33.92,33.47,33.92,21232221
21/05/2007,34.03,34.51,33.96,34.2,45360000
22/05/2007,34.17,34.43,33.88,33.88,25105939
23/05/2007,34.01,34.4,33.95,33.95,24868430
24/05/2007,34.03,34.33,33.3,33.33,28183391
25/05/2007,33.7,33.92,33.61,33.85,13020790
29/05/2007,33.7,33.89,33.39,33.63,20560830
30/05/2007,33.49,34.38,33.41,34.33,19254520
31/05/2007,34.42,34.53,34.02,34.15,16701439
01/06/2007,34.32,34.59,34.31,34.46,11914860
04/06/2007,34.37,35.03,34.32,35,17667961
05/06/2007,34.8,34.98,34.6,34.88,15325920
06/06/2007,34.76,34.76,34.25,34.43,18985369
07/06/2007,34.37,34.63,33.71,33.82,20155480
08/06/2007,33.58,34.03,33.4,33.96,20989529
11/06/2007,34.03,34.49,33.88,34.22,13795050
12/06/2007,34.17,34.35,33.8,33.8,20556881
13/06/2007,33.97,34.55,33.9,34.48,25243680
14/06/2007,34.57,35.22,34.56,35.06,19200689
15/06/2007,35.26,35.6,35.21,35.49,16225200
18/06/2007,35.53,35.71,35.45,35.53,11637740
19/06/2007,35.49,35.73,35.31,35.57,11434100
20/06/2007,35.56,35.67,34.4,34.53,29625359
21/06/2007,34.77,35.26,34.64,35.23,22856680
22/06/2007,35.15,35.27,34.5,34.88,19855891
25/06/2007,34.65,35.07,34.42,34.6,24926680
26/06/2007,34.62,34.71,33.81,33.85,25823961
27/06/2007,33.73,34.52,33.48,34.38,23699840
28/06/2007,34.6,34.84,34.26,34.38,17255301
29/06/2007,34.58,34.92,34.32,34.49,18234680
02/07/2007,34.56,35.1,34.56,35.1,16079930
03/07/2007,35.13,35.39,35.07,35.38,5299363
05/07/2007,35.4,35.58,34.93,35.29,16792070
06/07/2007,35.5,35.78,35.42,35.77,11526190
09/07/2007,35.74,36.22,35.65,36.1,19149480
10/07/2007,35.91,36.34,35.7,35.78,29375320
11/07/2007,35.65,36.02,35.53,35.92,27644881
12/07/2007,36.2,36.7,36.2,36.62,31090750
13/07/2007,36.59,37.16,36.51,36.98,25483990
16/07/2007,37.04,37.04,36.09,36.5,26056461
17/07/2007,36.67,36.88,36.02,36.03,24575801
18/07/2007,36.04,36.92,35.94,36.84,37319559
19/07/2007,37.1,37.24,36.94,37.17,18845811
20/07/2007,37.15,37.37,36.72,37,20082730
23/07/2007,37.03,37.32,36.7,37.15,15141610
24/07/2007,36.83,36.83,35.89,36.08,25112631
25/07/2007,36.31,36.71,35.52,36.65,32680520
26/07/2007,36.1,36.18,34.59,35.27,39764770
27/07/2007,35.33,35.49,34.25,34.25,42546754
30/07/2007,34.6,35.06,34.05,34.84,32400590
31/07/2007,35.33,35.49,34.5,34.5,22764039
01/08/2007,34.34,35.09,33.6,34.41,43085512
02/08/2007,34.49,34.75,33.74,34.17,34138191
03/08/2007,34.15,34.59,33.01,33.06,34069727
06/08/2007,33.14,33.35,32.12,33.25,54607129
07/08/2007,32.99,34.32,32.88,34.03,38243500
08/08/2007,34.33,35.05,34.08,34.67,30247301
09/08/2007,33.8,34.62,33.65,33.68,32535539
10/08/2007,33.45,34.22,32.82,33.86,27683289
13/08/2007,34.33,34.71,33.78,33.9,19688400
14/08/2007,34.2,34.29,33.5,33.67,20305490
15/08/2007,33.7,33.99,32.7,32.75,26081830
16/08/2007,32.17,32.73,31.37,32.55,42047312
17/08/2007,33.58,33.84,32.91,33.75,30948660
20/08/2007,33.6,33.96,32.98,33.67,32988102
21/08/2007,33.53,33.8,33,33.2,20415721
22/08/2007,33.6,33.74,33.32,33.6,18118449
23/08/2007,33.77,34.03,33.47,33.9,17983420
24/08/2007,34.05,34.75,33.98,34.63,15634500
27/08/2007,34.46,34.48,34.09,34.2,10690870
28/08/2007,34,34.13,33.38,33.38,19639449
29/08/2007,33.62,34.63,33.58,34.48,27364000
30/08/2007,34.28,34.69,34.11,34.46,16872199
31/08/2007,34.87,35.15,34.47,34.92,13319500
04/09/2007,34.8,35.79,34.71,35.55,15895750
05/09/2007,35.5,35.54,35.19,35.36,16364300
06/09/2007,35.7,36.13,35.52,35.9,18007490
07/09/2007,35.48,35.53,35.04,35.13,20089260
10/09/2007,35.27,35.31,34.39,35.08,30897080
11/09/2007,35.1,35.76,34.84,35.67,27076131
12/09/2007,35.58,36.15,35.58,35.92,24035900
13/09/2007,35.98,36.37,35.94,36.15,15237340
14/09/2007,35.91,36.48,35.9,36.25,14026610
17/09/2007,36.17,36.58,36.08,36.33,13479810
18/09/2007,36.45,37.5,36.14,37.42,18643500
19/09/2007,37.66,38.02,37.51,37.75,19370301
20/09/2007,37.67,37.87,37.47,37.73,16293000
21/09/2007,38.04,38.15,37.83,37.85,12222200
24/09/2007,37.9,37.97,37.53,37.78,17839779
25/09/2007,37.29,37.32,36.94,37.16,17468820
26/09/2007,37.52,37.66,36.85,37.27,20665971
27/09/2007,37.63,37.79,37.44,37.75,12593040
28/09/2007,37.92,38.05,37.31,37.4,17413000
01/10/2007,37.38,38.07,37.34,38.05,19011859
02/10/2007,37.76,37.8,37.13,37.46,21891420
03/10/2007,37.21,37.42,36.97,37.24,21925400
04/10/2007,37.08,37.52,36.75,37.38,15562300
05/10/2007,37.56,37.64,37.04,37.56,16155600
08/10/2007,37.27,37.41,37.07,37.17,13094500
09/10/2007,37.35,37.93,37.34,37.92,17948930
10/10/2007,37.37,38.5,37.37,38.42,21954801
11/10/2007,38.7,39.05,37.84,38.23,32360529
12/10/2007,38.27,38.71,38.24,38.59,13934220
15/10/2007,38.92,39.21,38.74,38.9,18757180
16/10/2007,38.85,39.2,38.8,39,20022801
17/10/2007,39.2,39.25,38.42,38.75,23220350
18/10/2007,38.75,39.09,38.63,39.05,21221561
19/10/2007,38.73,38.73,37.2,37.2,33433430
22/10/2007,36.8,36.98,36.34,36.78,31265510
23/10/2007,37.06,37.45,36.66,37.3,21291199
24/10/2007,37.22,37.7,36.85,37.55,23171230
25/10/2007,37.82,38.13,37.47,37.9,20061449
26/10/2007,38.45,38.72,38.21,38.48,15777910
29/10/2007,38.5,38.83,38.5,38.66,9664351
30/10/2007,38.41,38.41,37.35,37.35,24769971
31/10/2007,37.75,38.47,37.53,38.35,29283891
01/11/2007,37.78,38.38,37.2,37.23,22245760
02/11/2007,37.38,37.94,37.08,37.92,28034580
05/11/2007,37.49,37.9,37.2,37.62,24834670
06/11/2007,38.01,38.88,38.01,38.88,18133080
07/11/2007,38.85,38.85,37.28,37.28,29903221
08/11/2007,37.57,38.58,37.31,37.92,37162781
09/11/2007,37.45,37.85,37.2,37.23,28462609
12/11/2007,36.63,36.88,35.42,35.42,31764180
13/11/2007,35.73,36.67,35.34,36.67,28001340
14/11/2007,37.05,37.27,36.32,36.62,22113289
15/11/2007,36.28,36.55,35.3,35.4,29054211
16/11/2007,35.85,36.42,35.74,36.33,25440869
19/11/2007,36.17,36.39,35.61,35.73,17765529
20/11/2007,36.2,37.1,36,36.88,28190570
21/11/2007,36.56,36.85,36.07,36.08,19768811
23/11/2007,36.13,37.03,36.13,37.03,6871108
26/11/2007,37.02,37.13,35.74,35.74,25314131
27/11/2007,35.3,35.66,34.81,35.35,28763730
28/11/2007,35.98,36.33,35.58,36.23,22866949
29/11/2007,36.38,36.85,36.24,36.63,19748359
30/11/2007,36.59,36.88,36.17,36.74,17067359
03/12/2007,36.44,37.07,36.44,36.88,19546561
04/12/2007,36.8,36.83,36.5,36.5,14566640
05/12/2007,37,37.53,36.94,37.31,24490061
06/12/2007,37.32,38.33,37.16,38.33,21134930
07/12/2007,38.15,38.35,37.85,38.09,12377660
10/12/2007,38.3,38.55,38.17,38.48,11388100
11/12/2007,38.47,38.78,37.51,37.53,20001779
12/12/2007,38.38,38.88,38.15,38.75,24018760
13/12/2007,38.51,38.89,38.21,38.85,15419150
14/12/2007,38.74,38.77,38.19,38.23,15088000
17/12/2007,38.15,38.23,37.27,37.54,27182170
18/12/2007,37.94,38.14,37.29,37.9,20871381
19/12/2007,37.93,38.49,37.93,38.27,16833061
20/12/2007,38.59,38.75,38.07,38.75,13011200
21/12/2007,38.78,39.65,38.71,39.65,16866260
24/12/2007,39.8,39.83,39.4,39.83,19000789
26/12/2007,39.87,40.3,39.73,40.28,13995250
27/12/2007,40.3,40.3,39.75,39.85,10899700
28/12/2007,40.07,40.23,39.83,40.19,10490690
31/12/2007,40.22,40.22,39.53,39.67,11304840
02/01/2008,39.98,40.15,39.64,39.75,19295619
03/01/2008,40.03,40.38,39.92,40.22,14605340
04/01/2008,39.85,39.87,38.75,38.75,26713430
07/01/2008,39,39.31,38.12,38.6,32408740
08/01/2008,38.94,39.09,37.92,37.92,22607869
09/01/2008,37.92,38.67,37.82,38.42,25089150
10/01/2008,38.17,38.5,37.16,38.27,23052711
11/01/2008,37.99,38.52,37.68,37.8,28771520
14/01/2008,38.22,38.62,38.15,38.55,20145580
15/01/2008,38.05,38.05,36.96,36.96,26631551
16/01/2008,36.75,37.08,35.53,35.73,43787320
17/01/2008,36.07,36.58,34.3,34.38,38167660
18/01/2008,34.63,35.01,33.57,34.45,41543059
22/01/2008,31.9,34.08,31.5,33.48,40089168
23/01/2008,32.52,33.82,31.49,33.78,54682602
24/01/2008,34.02,35.17,33.99,34.98,32593150
25/01/2008,35.49,35.78,34.25,34.35,31375830
28/01/2008,34.3,35.23,34.08,35.13,22492801
29/01/2008,35.22,35.67,35.09,35.53,18628949
30/01/2008,35.35,36.1,34.89,35.08,24846221
31/01/2008,34.51,35.4,34.25,34.8,23911840
01/02/2008,35.26,35.81,35.11,35.67,23660600
04/02/2008,35.74,35.9,35.23,35.7,17257740
05/02/2008,35.14,35.2,34.23,34.23,27689270
06/02/2008,34.6,34.78,33.67,33.76,28465279
07/02/2008,33.51,34.59,33.47,34.42,25600420
08/02/2008,34.39,34.92,34.28,34.92,17278160
11/02/2008,34.95,35.83,34.58,35.83,30994660
12/02/2008,35.94,36.38,35.28,35.81,26029369
13/02/2008,36.02,36.67,35.8,36.67,20713420
14/02/2008,36.75,37.09,36.35,36.36,25334529
15/02/2008,36.62,36.62,35.8,36.42,21303160
19/02/2008,37.03,37.67,36.95,37.63,28726631
20/02/2008,37.1,38.12,36.95,38.08,18641061
21/02/2008,37.99,38.07,37,37.03,28617730
22/02/2008,37.4,37.58,36.59,37.45,16818930
25/02/2008,37.42,38.58,37.41,38.52,20864529
26/02/2008,38.21,39.17,38.09,39.17,16631689
27/02/2008,38.96,39.18,38.58,38.67,15847660
28/02/2008,38.55,39.51,38.55,39.33,15097480
29/02/2008,39.08,39.2,37.88,38.03,20782131
03/03/2008,38.05,38.87,37.84,38.5,23935961
04/03/2008,38.27,38.48,37.17,37.75,33733859
05/03/2008,38.01,38.7,37.92,38.7,22139730
06/03/2008,38.53,38.67,37.71,37.92,23276270
07/03/2008,37.5,37.65,36.57,36.88,30388900
10/03/2008,36.96,37.17,36.38,36.42,29024570
11/03/2008,37.25,38.3,37.02,38.3,33901633
12/03/2008,38,38.22,37.45,37.45,21899641
13/03/2008,37.07,38.23,36.82,38.08,25206150
14/03/2008,38.42,38.48,36.8,37.38,28160109
17/03/2008,36.15,36.91,35.59,36.08,31636449
18/03/2008,36.8,37.65,36.77,37.65,27474119
19/03/2008,37.36,37.58,35.35,35.35,43490871
20/03/2008,34.94,35.75,34.42,35.41,37538641
24/03/2008,35.69,36.54,35.58,36.03,15597580
25/03/2008,36.13,36.61,35.89,36.39,21927529
26/03/2008,36.47,37.44,36.46,37.17,23198900
27/03/2008,37.31,37.67,36.8,36.8,22560109
28/03/2008,37.09,37.38,36.67,36.7,17525420
31/03/2008,36.82,37.48,36.6,37.03,21927721
01/04/2008,36.9,37.78,36.67,37.73,36259578
02/04/2008,37.72,38.52,37.33,38.25,21192000
03/04/2008,38,38.73,37.9,38.34,18601881
04/04/2008,38.37,39.11,38.37,38.66,19280680
07/04/2008,39.14,39.52,38.69,38.86,17678711
08/04/2008,38.64,39.37,38.57,39.3,22725000
09/04/2008,39.26,39.78,39.17,39.38,19490320
10/04/2008,39.36,39.59,38.98,39.3,14924850
11/04/2008,39.09,39.38,38.75,38.75,16508510
14/04/2008,38.8,39.71,38.8,39.64,14933040
15/04/2008,39.92,40.03,39.42,39.85,14293610
16/04/2008,40.1,41.2,39.96,41.2,22189500
17/04/2008,40.81,41.35,40.7,41.17,16579410
18/04/2008,41,42.42,40.91,41.8,23538609
21/04/2008,41.88,42.33,41.67,42.27,15824280
22/04/2008,42.09,42.65,42.06,42.29,26303770
23/04/2008,42.21,42.23,41.63,41.96,21766051
24/04/2008,41.51,41.63,40.63,40.86,25737939
25/04/2008,41.35,41.53,40.93,41.44,37613500
28/04/2008,41.6,41.9,41.3,41.51,13207190
29/04/2008,41.13,41.36,40.5,40.58,23202650
30/04/2008,40.8,41.36,40.55,40.88,24474141
01/05/2008,40.36,40.41,39.22,39.98,56100352
02/05/2008,40.32,40.94,40.32,40.74,17592869
05/05/2008,40.82,41.59,40.81,41.33,12997550
06/05/2008,41.48,42.43,41.33,42.42,21096910
07/05/2008,42.47,42.5,41.63,41.63,23126730
08/05/2008,41.84,42.55,41.63,42.47,24908109
09/05/2008,42.53,42.56,41.76,42.39,19919230
12/05/2008,42.06,42.27,41.62,42.15,18459150
13/05/2008,42.15,42.84,41.75,42.84,19690500
14/05/2008,42.65,43.01,42.15,42.35,24856141
15/05/2008,42.7,43.1,42.14,42.91,28653449
16/05/2008,43.59,44.48,43.51,44.48,27550699
19/05/2008,44.49,45.04,44.24,44.75,22751971
20/05/2008,44.81,45.2,44.55,45.2,25701980
21/05/2008,45.01,45.71,44.42,44.53,45073246
22/05/2008,44.45,44.84,43.79,43.88,37355809
23/05/2008,44.24,44.34,42.89,43.13,25001510
27/05/2008,42.96,43.17,42.52,42.85,25728471
28/05/2008,42.62,43.77,42.36,43.76,26214221
29/05/2008,43.31,43.55,42.56,42.56,35942230
30/05/2008,42.89,43.2,42.69,43,26786230
02/06/2008,42.79,43.67,42.75,43.26,25311859
03/06/2008,43.05,43.63,42.3,42.33,38844113
04/06/2008,42.26,42.72,41.7,41.7,31625230
05/06/2008,42.08,43.87,42.07,43.87,34914230
06/06/2008,44.15,44.86,42.98,43.01,46825762
09/06/2008,43.3,44.47,43.3,44.28,26791830
10/06/2008,44.1,44.21,42.62,43.19,27995131
11/06/2008,43.59,43.91,43.04,43.45,30961660
12/06/2008,43.15,43.23,42.67,42.79,35288230
13/06/2008,42.67,43.42,42.53,43.3,16595721
16/06/2008,43.55,43.79,43.35,43.46,16242250
17/06/2008,43.28,44.32,43.28,44.18,20171910
18/06/2008,44.08,44.43,43.65,44.35,21526619
19/06/2008,44.68,44.8,43.28,43.28,40450660
20/06/2008,43.6,43.74,42.61,42.88,32726740
23/06/2008,42.82,44.58,42.81,44.57,32882211
24/06/2008,44.22,44.29,43.7,43.73,33138039
25/06/2008,43.87,44.1,42.54,43.56,40033754
26/06/2008,43.7,43.9,42.6,43.25,32077090
27/06/2008,43.32,43.83,43.21,43.63,23467760
30/06/2008,44.03,44.51,43.88,44.24,29916461
01/07/2008,44.09,44.52,43.64,44.43,31946670
02/07/2008,44.58,45.08,42.77,43.09,36698930
03/07/2008,43.14,43.35,41.8,42.45,32590820
07/07/2008,42.14,42.83,41.03,41.39,39520621
08/07/2008,41,41.11,39.81,40.7,49906328
09/07/2008,41.1,41.6,39.79,39.92,32329760
10/07/2008,40.08,41.26,39.47,41.15,37618941
11/07/2008,41.25,41.48,40.21,40.9,33984871
14/07/2008,41,41.64,40.64,41.17,21595480
15/07/2008,41.01,41.18,39.34,39.44,32630240
16/07/2008,39.35,39.49,37.96,38.42,49363262
17/07/2008,38.8,39.2,37.03,37.79,53502031
18/07/2008,38.01,38.84,37.8,38.45,39610770
21/07/2008,38.75,39.6,38.24,39.6,34084129
22/07/2008,39.13,39.43,38.17,38.28,48906199
23/07/2008,38.26,38.56,36.7,36.9,55644871
24/07/2008,37.08,37.41,35.92,36.81,52468340
25/07/2008,36.73,37.6,36.62,36.91,37195871
28/07/2008,37.19,37.78,36.92,37.05,24045020
29/07/2008,36.88,37.01,36.15,36.61,28984680
30/07/2008,36.63,38.8,36.37,38.79,44434848
31/07/2008,38.29,38.35,36.89,37.2,33170910
01/08/2008,37.23,38.19,37.08,37.2,29770320
04/08/2008,37.25,37.28,35.15,35.45,48180301
05/08/2008,35.22,35.89,34.92,35.71,43906180
06/08/2008,35.74,36.56,35.65,36.53,38526434
07/08/2008,36.88,36.99,35.93,36.1,33703422
08/08/2008,35.65,35.85,34.86,35.49,37646379
11/08/2008,35.85,36.01,34.83,35.48,33375879
12/08/2008,35.8,35.92,35.31,35.49,31029949
13/08/2008,35.39,36.76,35.39,36.75,44127594
14/08/2008,36.49,36.68,35.68,36.08,36174887
15/08/2008,35.92,35.94,35.08,35.4,41754219
18/08/2008,35.67,36.05,34.17,34.95,32069539
19/08/2008,34.96,36.24,34.93,36.21,44235930
20/08/2008,36.61,37.38,36.19,37.25,46729461
21/08/2008,37.73,38.35,37.46,38.19,33173078
22/08/2008,37.84,37.92,36.98,37.31,24973859
25/08/2008,37.41,37.67,36.69,36.83,22392381
26/08/2008,37.23,37.8,37.06,37.58,26955689
27/08/2008,38.03,38.33,37.8,38.17,24056779
28/08/2008,38.38,38.46,37.05,37.5,28420609
29/08/2008,37.96,37.99,37.17,37.33,22383211
02/09/2008,36.05,36.1,35.28,35.28,50450230
03/09/2008,35.11,35.78,34.64,35.14,50175180
04/09/2008,35.16,35.51,33.93,34.35,54047102
05/09/2008,34.55,34.57,33.41,34.21,50715047
08/09/2008,35.03,35.15,33.61,33.98,50215031
09/09/2008,33.66,33.66,31.63,31.63,65055039
10/09/2008,32.07,33.14,31.86,32.87,60378441
11/09/2008,32.51,33.48,31.85,33.34,51975512
12/09/2008,33.38,34.49,33.38,34.47,53380879
15/09/2008,32.81,33.6,31.83,31.83,54457000
16/09/2008,31,33.17,30.53,33.17,61229910
17/09/2008,32.72,33.8,31.88,32.48,66505156
18/09/2008,33.49,33.82,31.81,33.45,63258840
19/09/2008,35.68,39.05,34.21,35.63,46144969
22/09/2008,35.68,36.29,35,35,34272219
23/09/2008,35.09,35.55,33.85,33.85,32193109
24/09/2008,34.35,34.52,33.81,33.95,29590240
25/09/2008,33.96,34.98,33.95,34.78,27722199
26/09/2008,33.8,34.24,33.01,33.85,34621160
29/09/2008,32.99,32.99,29.57,29.83,45861621
30/09/2008,30.96,32.15,30.72,31.65,33206949
01/10/2008,31.35,31.72,30,31.13,46615680
02/10/2008,30.65,30.71,28.81,29.36,47000246
03/10/2008,29.25,30.85,28.75,29.01,48512527
06/10/2008,27.88,27.97,25.49,27.45,69545320
07/10/2008,28.27,28.64,25.77,25.94,48027992
08/10/2008,25.16,27.33,24.58,26.43,80498242
09/10/2008,26.63,27.02,22.63,22.63,55291512
10/10/2008,21.5,22.87,19.42,21.7,93384359
13/10/2008,22.67,25.82,22.21,25.28,50497488
14/10/2008,26.37,28.48,24.19,25.31,62725246
15/10/2008,24.1,24.42,20.98,21.65,59786246
16/10/2008,21.89,23.04,20.13,22.48,77418359
17/10/2008,22.27,24.83,21.81,22.97,63332738
20/10/2008,23.87,25.65,23.81,25.65,45003441
21/10/2008,24.89,25.53,23.95,24.48,43901648
22/10/2008,23.5,23.5,21.21,22.1,62101754
23/10/2008,22.26,23.41,21.16,23.28,87318406
24/10/2008,20.64,22.76,20.6,21.83,54316602
27/10/2008,21.6,22.74,20.39,20.43,46605262
28/10/2008,21.74,23.55,20.53,23.55,62964488
29/10/2008,23.74,25.23,23.55,24.07,63809879
30/10/2008,24.7,25.31,23.68,25.18,52710930
31/10/2008,24.74,26.32,24.44,25.7,47996246
03/11/2008,25.3,25.62,24.45,24.91,31029430
04/11/2008,25.48,26.65,25.47,26.51,33952512
05/11/2008,25.83,26.65,25.21,25.33,42643301
06/11/2008,25.08,25.31,23.5,23.8,52272312
07/11/2008,24.12,24.97,23.91,24.93,33573551
10/11/2008,25.66,25.96,24.52,25.01,40687273
11/11/2008,24.37,24.78,23.75,24.29,36854738
12/11/2008,23.6,23.77,22.25,22.3,39566449
13/11/2008,22.68,25,21.51,24.92,63994246
14/11/2008,24.25,25.25,23.44,23.89,55600473
17/11/2008,23.65,24.48,23.34,23.39,44605559
18/11/2008,23.54,24.25,22.96,24.05,52403672
19/11/2008,23.99,24.44,22.71,22.8,49142898
20/11/2008,22.15,22.34,19.91,19.98,66121820
21/11/2008,20.64,22.47,20.26,22.21,75366062
24/11/2008,22.81,24.54,22.41,23.82,55495031
25/11/2008,24.11,24.43,23.4,24.2,46598910
26/11/2008,23.93,25.73,23.73,25.55,39362180
28/11/2008,25.23,25.3,24.59,25.14,15984960
01/12/2008,24.13,24.13,22.44,22.47,37264078
02/12/2008,23.05,23.31,22.37,23.23,37802832
03/12/2008,22.64,23.32,22.3,23.24,47998727
04/12/2008,22.85,23.14,21.2,21.63,49103566
05/12/2008,21.18,22.12,20.27,22.08,52495441
08/12/2008,22.98,23.59,22.76,23.06,49188031
09/12/2008,23.02,23.94,22.89,23.29,43003754
10/12/2008,23.75,24.69,23.74,24.5,41461129
11/12/2008,24.7,25.39,24.09,24.38,41017969
12/12/2008,23.51,24.37,23.28,24.14,40724434
15/12/2008,24.62,24.84,23.58,24,35638473
16/12/2008,24.39,24.96,24.1,24.75,40918379
17/12/2008,24.7,25.27,24.46,24.59,41851047
18/12/2008,24.5,24.58,22.9,23.16,49921648
19/12/2008,23.08,23.71,22.93,23,43739527
22/12/2008,23.15,23.23,21.96,22.32,31803270
23/12/2008,22.47,22.75,22.08,22.37,27998500
24/12/2008,22.18,22.37,22.01,22.28,6340218
26/12/2008,22.47,22.73,22.28,22.58,5782716
29/12/2008,23.13,23.24,22.78,23.08,14656520
30/12/2008,23.14,23.68,22.93,23.64,16455320
31/12/2008,23.57,24.21,23.38,23.89,23413760
02/01/2009,24.1,25.34,24.04,25.08,34283648
05/01/2009,25.02,26.1,24.96,25.67,47644754
06/01/2009,26.06,26.6,25.79,25.95,48376367
07/01/2009,25.55,25.55,24.6,24.85,39215699
08/01/2009,24.71,25.21,24.58,25.17,33274398
09/01/2009,25.16,25.18,24.23,24.32,39957352
12/01/2009,23.99,24.03,23.24,23.36,34441070
13/01/2009,23.4,24.07,23.34,23.95,46765898
14/01/2009,23.56,23.59,22.58,22.8,40609441
15/01/2009,22.76,23.14,22,23.09,44107719
16/01/2009,23.51,23.69,22.72,23.27,43672367
20/01/2009,22.87,23.43,21.98,22.03,44919859
21/01/2009,22.34,23.58,22.22,23.51,42387160
22/01/2009,22.98,23.35,22.38,22.87,53570633
23/01/2009,22.32,23.85,22.18,23.53,44228898
26/01/2009,23.7,24.58,23.59,23.97,43158898
27/01/2009,23.85,24.22,23.58,24.01,38836879
28/01/2009,24.43,24.85,24.01,24.66,39301727
29/01/2009,24.16,24.32,23.68,23.79,43713320
30/01/2009,24.19,24.33,23.29,23.46,42919367
02/02/2009,22.97,23.3,22.81,23.09,30589990
03/02/2009,23.21,23.64,22.99,23.49,31325510
04/02/2009,23.7,24.03,23.46,23.71,36118246
05/02/2009,23.54,24.37,23.27,24.29,42584129
06/02/2009,24.01,24.9,23.93,24.74,38522246
09/02/2009,24.86,25.39,24.61,24.83,34013898
10/02/2009,24.95,25.18,23.46,23.67,56727379
11/02/2009,23.85,24.07,22.94,23.4,42516273
12/02/2009,22.96,23.5,22.67,23.44,45132711
13/02/2009,23.42,23.86,23.34,23.5,37459359
17/02/2009,22.68,22.81,21.83,21.87,51900602
18/02/2009,22,22.12,21.5,21.75,42808070
19/02/2009,21.98,22.19,21.64,21.75,34000406
20/02/2009,21.31,21.49,20.69,21.19,44704191
23/02/2009,21.58,21.66,20.14,20.2,34484520
24/02/2009,20.42,21.27,20.27,21.15,33884887
25/02/2009,21.14,21.56,20.58,21.03,43811008
26/02/2009,21.41,21.87,21.05,21.08,32143131
27/02/2009,20.62,21.28,20.34,20.57,43089246
02/03/2009,20.1,20.22,19,19.06,46698031
03/03/2009,19.41,19.75,18.95,19.16,45466008
04/03/2009,19.82,20.49,19.63,20.07,46004141
05/03/2009,19.63,19.9,19,19.18,45164070
06/03/2009,19.49,19.97,18.7,19.4,47780512
09/03/2009,19.18,20.07,19.05,19.43,42001191
10/03/2009,19.94,20.67,19.83,20.42,41696762
11/03/2009,20.54,20.82,19.96,20.33,38347406
12/03/2009,20.53,21.03,20.17,20.94,31924061
13/03/2009,21.09,21.17,20.48,20.75,29573180
16/03/2009,20.74,21.52,20.66,21.02,28061480
17/03/2009,20.98,22.43,20.77,21.74,27707641
18/03/2009,21.45,22.22,20.95,21.96,42396832
19/03/2009,22.7,23.01,22.42,22.49,39763449
20/03/2009,22.54,22.61,21.43,21.5,37640594
23/03/2009,22.02,23.29,21.97,23.27,46793008
24/03/2009,22.93,23.16,22.54,22.83,29798641
25/03/2009,22.77,23.16,22.11,22.72,33459852
26/03/2009,23.09,23.33,22.65,22.92,34223441
27/03/2009,22.43,22.52,22.11,22.24,28671721
30/03/2009,21.68,21.7,21.05,21.41,27320461
31/03/2009,21.75,21.79,21.22,21.23,39341930
01/04/2009,20.75,21.84,20.74,21.68,33200691
02/04/2009,22.49,22.95,22.41,22.57,35305273
03/04/2009,22.49,23.17,22.42,23.01,27522641
06/04/2009,22.71,22.74,22.21,22.55,26212029
07/04/2009,22.06,22.13,21.75,21.87,22315010
08/04/2009,21.92,22.38,21.48,22.15,23558820
09/04/2009,22.76,22.91,22.52,22.8,20336080
13/04/2009,22.34,22.76,22.01,22.55,17751789
14/04/2009,22.41,22.86,22.19,22.49,21087500
15/04/2009,22.4,22.63,22.16,22.52,21218410
16/04/2009,22.74,22.81,22.17,22.63,17763439
17/04/2009,22.68,23.01,22.54,22.89,22068230
20/04/2009,22.32,22.37,21.66,21.78,18450711
21/04/2009,21.54,22.27,21.45,22.21,18949270
22/04/2009,21.97,22.46,21.87,21.98,21435699
23/04/2009,22.3,22.42,21.95,22.39,19214359
24/04/2009,22.76,23.22,22.72,23.04,23830359
27/04/2009,22.54,22.83,22.36,22.6,18361971
28/04/2009,22.28,22.93,22.25,22.65,15706190
29/04/2009,22.88,23.88,22.83,23.28,21155410
30/04/2009,23.55,23.56,22.57,22.89,29583250
01/05/2009,22.98,23.82,22.87,23.63,21853240
04/05/2009,23.9,24.61,23.81,24.58,28169160
05/05/2009,24.48,24.57,23.86,24.25,17907840
06/05/2009,24.69,25.33,24.6,25.19,21849211
07/05/2009,25.76,25.81,24.53,24.86,23492650
08/05/2009,25.24,26.18,25.23,25.92,28240051
11/05/2009,25.5,25.55,24.91,25.13,18340699
12/05/2009,25.46,25.51,24.76,25.29,23465561
13/05/2009,24.94,25.06,24.27,24.46,30074070
14/05/2009,24.27,24.76,24.05,24.53,17989490
15/05/2009,24.41,24.63,23.8,24,30052840
18/05/2009,24.37,24.86,24.35,24.83,16981480
19/05/2009,24.88,25.21,24.72,24.95,16459391
20/05/2009,25.31,25.76,24.97,25.04,22250689
21/05/2009,24.66,24.68,24.02,24.3,25606711
22/05/2009,24.45,24.73,24.25,24.31,13648330
26/05/2009,24.15,24.89,23.83,24.82,26906801
27/05/2009,24.93,25.25,24.52,24.55,20871711
28/05/2009,24.77,25.61,24.53,25.37,25906830
29/05/2009,25.77,25.95,25.49,25.84,22239170
01/06/2009,26.34,26.98,26.29,26.79,29723471
02/06/2009,26.66,26.91,26.52,26.72,20255039
03/06/2009,26.39,26.39,25.31,25.69,28249510
04/06/2009,26,26.34,25.76,26.27,31060949
05/06/2009,26.55,28.85,25.73,26.06,23215590
08/06/2009,25.82,26.2,25.5,26,18333100
09/06/2009,26.29,26.48,25.97,26.25,14804400
10/06/2009,26.7,26.78,26.06,26.49,25063039
11/06/2009,26.57,27.41,26.53,27.02,24945260
12/06/2009,26.72,26.76,26.4,26.76,19954430
15/06/2009,26.3,26.31,25.71,26.05,19421961
16/06/2009,26.28,26.38,25.42,25.49,23438221
17/06/2009,25.3,25.35,24.74,25.08,36339320
18/06/2009,25.04,25.33,24.84,24.98,23061330
19/06/2009,25.12,25.18,24.41,24.61,24827869
22/06/2009,24.23,24.23,23.33,23.38,32115471
23/06/2009,23.51,23.73,23.16,23.52,25313990
24/06/2009,23.69,24.02,23.46,23.61,18022641
25/06/2009,23.54,24.22,23.5,24.11,26717150
26/06/2009,24.03,24.12,23.84,23.95,12309910
29/06/2009,24.1,24.4,24.04,24.17,13812150
30/06/2009,24.17,24.46,23.63,24.03,22869830
01/07/2009,24.29,24.56,24.01,24.05,20011699
02/07/2009,23.64,23.64,23.07,23.08,23983420
06/07/2009,22.56,22.85,22.28,22.85,31673900
07/07/2009,22.81,22.83,22.2,22.26,21584449
08/07/2009,22.2,22.52,21.83,22.27,34379621
09/07/2009,22.5,22.82,22.3,22.5,24545600
10/07/2009,22.14,22.39,21.99,22.34,25188930
13/07/2009,22.33,22.71,21.9,22.68,22444029
14/07/2009,22.93,23.08,22.69,22.98,27380801
15/07/2009,23.42,23.89,23.41,23.8,29928650
16/07/2009,23.66,24.23,23.54,24.09,16080420
17/07/2009,24.07,24.36,23.86,24.23,18896260
20/07/2009,24.55,24.73,24.23,24.64,19622830
21/07/2009,24.92,25.01,24.46,24.86,18334561
22/07/2009,24.49,24.94,24.43,24.63,21560359
23/07/2009,24.6,25.43,24.54,25.33,21732180
24/07/2009,25.23,25.64,25.13,25.6,15468580
27/07/2009,25.66,25.84,25.39,25.68,13207480
28/07/2009,25.39,25.5,24.81,25.31,19165369
29/07/2009,24.9,24.92,24.42,24.72,22256961
30/07/2009,24.96,25.33,24.75,25.07,20685840
31/07/2009,24.94,25.43,24.77,25.31,17915180
03/08/2009,25.75,26.14,25.71,25.96,20989359
04/08/2009,25.83,26.05,25.65,25.92,14419390
05/08/2009,25.91,25.91,25.5,25.66,16190950
06/08/2009,25.75,25.75,25.25,25.45,16703020
07/08/2009,25.75,25.81,25.28,25.42,18632301
10/08/2009,25.35,25.68,25.29,25.53,14063750
11/08/2009,25.44,25.5,25.05,25.16,20675109
12/08/2009,25.1,25.66,25.09,25.43,15600200
13/08/2009,25.63,25.77,25.29,25.74,16813090
14/08/2009,25.73,25.76,25.08,25.36,16539490
17/08/2009,24.75,24.8,24.37,24.54,18735920
18/08/2009,24.6,24.89,24.5,24.78,12920490
19/08/2009,24.53,25.43,24.45,25.24,20584061
20/08/2009,25.25,25.53,25.23,25.46,10026420
21/08/2009,25.76,26.28,25.75,26.18,21992641
24/08/2009,26.42,26.71,26.41,26.51,19081869
25/08/2009,26.6,26.73,26.02,26.11,21259170
26/08/2009,25.91,26.29,25.79,26.23,16270600
27/08/2009,26.08,26.33,25.56,26.15,18414029
28/08/2009,26.34,26.38,25.92,26.09,10548280
31/08/2009,25.68,25.76,25.42,25.59,13312960
01/09/2009,25.51,25.85,25.08,25.14,20466730
02/09/2009,25,25.3,24.96,24.96,14357220
03/09/2009,25.16,25.25,24.97,25.13,9435034
04/09/2009,25.08,25.55,25.06,25.48,11823440
08/09/2009,26,27.24,25.91,26.18,19112221
09/09/2009,26.25,26.5,26.07,26.24,13120700
10/09/2009,26.37,26.75,26.18,26.7,17491561
11/09/2009,26.85,27.16,26.58,26.8,21178029
14/09/2009,26.5,27.02,26.41,27,15613450
15/09/2009,27.13,27.34,26.9,27.27,18486070
16/09/2009,27.48,27.96,27.44,27.95,22886320
17/09/2009,27.92,28.14,27.61,27.81,17369600
18/09/2009,27.86,27.88,27.35,27.59,18365930
21/09/2009,27.14,27.45,26.99,27.36,15571510
22/09/2009,27.8,27.89,27.59,27.79,13537120
23/09/2009,27.81,27.87,27.19,27.21,33993047
24/09/2009,27.26,27.28,26.61,26.82,22944820
25/09/2009,26.72,27.12,26.56,26.78,20103520
28/09/2009,26.8,27.3,26.75,27.21,14062960
29/09/2009,27.19,27.33,26.92,27.14,17569900
30/09/2009,27.29,27.29,26.61,26.96,25384971
01/10/2009,26.95,26.96,26.12,26.12,23653311
02/10/2009,25.78,26.17,25.67,25.99,18563369
05/10/2009,26.02,26.67,25.93,26.56,16867770
06/10/2009,26.95,27.39,26.92,27.19,21936471
07/10/2009,27.11,27.4,26.98,27.4,20582961
08/10/2009,27.55,28.19,27.49,28.11,36808129
09/10/2009,28,28.21,27.87,28.08,13314540
12/10/2009,28.3,28.68,28.3,28.46,13572090
13/10/2009,28.54,28.56,28.02,28.51,20638471
14/10/2009,28.87,29,28.69,28.98,22898170
15/10/2009,28.81,29.59,28.76,29.59,23100830
16/10/2009,29.45,29.63,29.23,29.5,22455529
19/10/2009,29.55,30,29.43,29.88,21588480
20/10/2009,29.98,30,29.25,29.69,18498689
21/10/2009,29.46,30.28,29.42,29.61,26009510
22/10/2009,29.4,29.84,29.09,29.73,18348680
23/10/2009,29.89,29.92,28.9,29.15,21153369
26/10/2009,29.17,29.83,28.6,28.67,26936330
27/10/2009,28.74,29.21,28.63,28.93,25299240
28/10/2009,28.78,28.78,27.91,27.97,23962680
29/10/2009,28.16,28.78,28.05,28.72,21729330
30/10/2009,28.64,28.75,27.44,27.63,29888240
02/11/2009,27.82,28.27,27.36,27.8,29419230
03/11/2009,27.45,28.34,27.35,28.16,20031230
04/11/2009,28.5,28.66,28.07,28.14,26028039
05/11/2009,28.29,28.7,28.16,28.62,18547779
06/11/2009,28.33,28.83,28.25,28.54,21838721
09/11/2009,28.94,29.13,28.86,29.09,16928631
10/11/2009,29,29.24,28.79,29.11,17951830
11/11/2009,29.37,29.48,28.95,29.1,18023551
12/11/2009,28.95,29.13,28.34,28.46,25417631
13/11/2009,28.52,28.87,28.25,28.64,19356631
16/11/2009,28.98,29.57,28.92,29.39,20974029
17/11/2009,29.32,29.42,29.1,29.34,16850000
18/11/2009,29.48,29.49,29.02,29.22,17149820
19/11/2009,29,29.03,28.39,28.57,22436250
20/11/2009,28.41,28.46,28.07,28.3,16900730
23/11/2009,28.84,29.11,28.58,28.67,17535689
24/11/2009,28.71,28.84,28.29,28.83,15947700
25/11/2009,28.89,29.17,28.61,29.06,14609590
27/11/2009,28.21,28.56,28.05,28.51,12811130
30/11/2009,28.35,28.67,28.18,28.41,19448920
01/12/2009,28.79,29.02,28.73,28.79,15530680
02/12/2009,28.79,28.93,28.49,28.62,15647000
03/12/2009,28.61,28.69,28.13,28.16,19716279
04/12/2009,28.51,28.82,27.77,27.95,30194830
07/12/2009,27.73,28.23,27.73,27.89,13579640
08/12/2009,27.74,27.76,27.25,27.41,20238410
09/12/2009,27.51,27.66,27.09,27.41,25316391
10/12/2009,27.64,27.87,27.5,27.75,15191250
11/12/2009,27.9,27.97,27.59,27.77,15628980
14/12/2009,28.2,28.25,28.02,28.05,15632500
15/12/2009,28.04,28.32,27.97,28.14,13432270
16/12/2009,28.33,28.63,28.25,28.32,18801980
17/12/2009,28.14,28.35,28.01,28.08,15438180
18/12/2009,28.23,28.33,27.94,28.08,20772189
21/12/2009,28.28,28.54,28.26,28.41,16049040
22/12/2009,28.47,28.68,28.38,28.55,10077520
23/12/2009,28.64,28.85,28.58,28.77,13031490
24/12/2009,28.87,28.97,28.8,28.91,2795293
28/12/2009,29.13,29.13,28.84,28.96,5834980
29/12/2009,29.08,29.08,28.69,28.77,8514755
30/12/2009,28.66,28.77,28.56,28.74,7253597
31/12/2009,28.8,28.87,28.48,28.51,5948855
04/01/2010,28.96,29.41,28.9,29.41,16928449
05/01/2010,29.45,29.71,29.31,29.65,17368900
06/01/2010,29.66,30.09,29.59,30,24351830
07/01/2010,29.87,30.01,29.65,29.96,17450240
08/01/2010,29.85,30.18,29.75,30.15,13345040
11/01/2010,30.35,30.44,29.87,30.11,19460869
12/01/2010,29.65,29.85,29.52,29.68,21510801
13/01/2010,29.66,29.9,29.26,29.79,22137811
14/01/2010,29.78,29.95,29.67,29.87,15545340
15/01/2010,29.84,29.9,29.43,29.63,19055920
19/01/2010,29.55,29.95,29.5,29.9,14613180
20/01/2010,29.58,29.58,29.21,29.44,15641760
21/01/2010,29.46,29.55,28.77,28.84,25206920
22/01/2010,28.7,28.86,28.07,28.15,23028650
25/01/2010,28.34,28.61,28.25,28.34,15902150
26/01/2010,28.1,28.65,27.96,28.16,21515869
27/01/2010,28.08,28.33,27.59,28.05,26617641
28/01/2010,28.25,28.31,27.4,27.75,34434359
29/01/2010,27.96,28.23,27.11,27.25,32803090
01/02/2010,27.58,28.16,27.56,28.15,21813279
02/02/2010,28.26,28.57,28.03,28.52,22250770
03/02/2010,28.44,28.68,28.21,28.28,19749250
04/02/2010,28.05,28.06,27.1,27.12,37173441
05/02/2010,27.11,27.24,26.34,27.12,46378391
08/02/2010,27.13,27.45,26.87,26.87,24117461
09/02/2010,27.24,27.78,27.16,27.44,33567340
10/02/2010,27.45,27.49,26.89,27.32,24183150
11/02/2010,27.27,27.84,27.15,27.79,22946170
12/02/2010,27.45,27.81,27.27,27.8,19833891
16/02/2010,28.15,28.55,28.12,28.45,19834961
17/02/2010,28.53,28.59,28.22,28.41,18137789
18/02/2010,28.38,28.64,28.24,28.57,16572869
19/02/2010,28.47,28.78,28.33,28.68,16501900
22/02/2010,28.75,28.76,28.23,28.29,17353080
23/02/2010,28.15,28.22,27.69,27.82,21101551
24/02/2010,27.81,28.1,27.72,27.99,17630270
25/02/2010,27.59,28.02,27.36,28.01,20948090
26/02/2010,28.07,28.17,27.83,28.07,17246801
01/03/2010,28.2,28.4,28.18,28.33,13965990
02/03/2010,28.52,28.78,28.46,28.57,16746221
03/03/2010,28.68,28.94,28.68,28.69,16767699
04/03/2010,28.74,28.83,28.42,28.54,16330900
05/03/2010,28.82,29.14,28.79,29.08,15335280
08/03/2010,29.16,29.26,28.91,29.03,12618800
09/03/2010,28.88,29.19,28.84,29.03,16703740
10/03/2010,29.06,29.33,28.93,29.29,17372199
11/03/2010,29.18,29.29,29.09,29.24,13037580
12/03/2010,29.43,29.43,29.13,29.25,13659780
15/03/2010,29.14,29.18,28.65,28.95,18374689
16/03/2010,29.1,29.24,28.87,29.21,19161699
17/03/2010,29.36,29.71,29.32,29.53,21672900
18/03/2010,29.53,29.58,28.93,29.09,19726859
19/03/2010,29.05,29.13,28.38,28.64,22412311
22/03/2010,28.28,28.7,28.17,28.57,19856490
23/03/2010,28.63,28.72,28.45,28.68,17420869
24/03/2010,28.49,28.76,28.42,28.51,20768830
25/03/2010,28.72,28.79,27.99,28.03,22122930
26/03/2010,28.13,28.22,27.86,28.04,21493811
29/03/2010,28.22,28.64,28.2,28.59,19477160
30/03/2010,28.65,28.69,28.46,28.63,13058280
31/03/2010,28.69,28.89,28.57,28.76,15168060
01/04/2010,29.05,29.34,29.02,29.27,17990381
05/04/2010,29.45,29.85,29.35,29.79,17455939
06/04/2010,29.75,29.89,29.63,29.79,13535750
07/04/2010,29.72,29.74,29.33,29.5,19536590
08/04/2010,29.28,29.7,29.14,29.6,19460289
09/04/2010,29.8,29.97,29.75,29.92,17488590
12/04/2010,29.89,30.19,29.88,29.99,15032970
13/04/2010,29.95,30.02,29.57,29.88,13856440
14/04/2010,30.03,30.19,29.77,30.17,14585570
15/04/2010,30.13,30.27,30.04,30.16,13947780
16/04/2010,29.99,30.13,29.46,29.65,36665566
19/04/2010,29.38,29.7,29.29,29.69,21149029
20/04/2010,29.92,30.38,29.89,30.27,19667410
21/04/2010,30.28,30.47,30.02,30.24,18571590
22/04/2010,29.99,30.32,29.76,30.32,19383109
23/04/2010,30.33,31.05,30.29,31.05,26012289
26/04/2010,31.1,31.15,30.89,30.94,17270221
27/04/2010,30.73,30.96,29.92,29.99,41402633
28/04/2010,30.2,30.38,29.89,30.3,23096480
29/04/2010,30.45,30.7,30.13,30.33,28862721
30/04/2010,30.4,30.42,29.77,29.96,22916439
03/05/2010,30.09,30.54,29.75,30.3,16689830
04/05/2010,29.9,29.92,29.18,29.49,30584301
05/05/2010,28.95,29.43,28.76,29.02,35206480
06/05/2010,28.76,29.09,26.15,28.03,47200699
07/05/2010,27.95,28.32,27.15,27.5,49490887
10/05/2010,28.57,28.78,28.26,28.67,29716850
11/05/2010,28.37,28.92,28.35,28.48,22836789
12/05/2010,28.54,28.97,28.54,28.88,18808439
13/05/2010,28.83,29.06,28.56,28.69,21117641
14/05/2010,28.43,28.51,27.68,28.12,28395609
17/05/2010,28.21,28.29,27.23,27.83,31949961
18/05/2010,28.24,28.43,27.46,27.62,30676260
19/05/2010,27.46,27.66,26.83,27.3,30109180
20/05/2010,26.6,26.69,26,26.08,44886566
21/05/2010,25.57,26.6,25.51,26.54,40155953
24/05/2010,26.48,26.55,25.89,25.93,27414350
25/05/2010,25.24,26,25.08,25.99,43113980
26/05/2010,26.3,26.54,25.85,25.94,29848500
27/05/2010,26.59,27.07,26.5,27.04,30306670
28/05/2010,26.97,27.01,26.33,26.53,26328680
01/06/2010,26.09,26.27,25.22,25.27,36350422
02/06/2010,25.44,26.4,25.4,26.36,27650490
03/06/2010,26.64,26.77,26.07,26.72,33690168
04/06/2010,26.15,26.72,25.59,25.78,29859900
07/06/2010,25.88,26.18,25.5,25.55,24131520
08/06/2010,25.59,26.06,25.35,25.98,35094312
09/06/2010,26.24,26.64,25.57,25.71,30679850
10/06/2010,26.39,27.05,26.33,27,25993340
11/06/2010,26.62,27.18,26.62,27.16,15163040
14/06/2010,27.5,27.7,27.01,27.02,23814539
15/06/2010,27.3,27.85,27.23,27.81,17071520
16/06/2010,27.62,27.98,27.5,27.79,14496260
17/06/2010,27.88,27.88,27.46,27.76,17412961
18/06/2010,27.63,27.85,27.43,27.81,13598200
21/06/2010,28.27,28.35,27.54,27.75,16625680
22/06/2010,27.73,27.74,26.84,26.94,21573830
23/06/2010,26.9,26.93,26.58,26.73,17819539
24/06/2010,26.57,26.74,26.05,26.17,16955420
25/06/2010,26.21,26.48,25.89,26.25,20437680
28/06/2010,26.37,26.37,25.86,25.89,15954390
29/06/2010,25.53,25.53,24.85,25.04,22493551
30/06/2010,25,25.38,24.79,24.84,16694020
01/07/2010,24.93,25.07,24.28,24.75,25802520
02/07/2010,24.91,25.02,24.48,24.69,11419580
06/07/2010,25.12,25.38,24.66,24.93,17301199
07/07/2010,25.06,25.83,25,25.81,18908680
08/07/2010,26.11,26.25,25.71,26.18,14872800
09/07/2010,26.15,26.35,26.04,26.31,9112839
12/07/2010,26.21,26.44,26,26.24,8207334
13/07/2010,26.59,26.76,26.46,26.56,14165030
14/07/2010,26.44,26.67,26.25,26.53,11942040
15/07/2010,26.49,26.6,26.05,26.5,14920700
16/07/2010,26.27,26.37,25.68,25.87,18130760
19/07/2010,25.97,26.18,25.76,26.03,12541250
20/07/2010,25.66,26.66,25.66,26.63,16590369
21/07/2010,26.8,26.8,26,26.19,22513779
22/07/2010,26.56,27.01,26.48,26.77,22992131
23/07/2010,26.71,26.9,26.4,26.89,18025730
26/07/2010,26.91,27.17,26.83,27.13,11938600
27/07/2010,27.25,27.29,26.76,27,16409430
28/07/2010,26.93,27.13,26.85,26.94,10778070
29/07/2010,27.12,27.36,26.71,26.98,14557200
30/07/2010,26.7,27.06,26.62,26.92,11816080
02/08/2010,27.43,27.95,27.39,27.86,27578939
03/08/2010,27.75,28.03,27.62,27.85,14260190
04/08/2010,27.93,28.14,27.79,28.07,13107610
05/08/2010,27.88,28.16,27.75,28.16,8908661
06/08/2010,27.81,27.96,27.42,27.82,18118061
09/08/2010,27.95,28.04,27.77,27.94,6714225
10/08/2010,27.61,27.84,27.43,27.71,12260470
11/08/2010,27.2,27.24,26.79,26.88,18829619
12/08/2010,26.49,26.93,26.45,26.72,15263860
13/08/2010,26.66,26.92,26.6,26.68,9109435
16/08/2010,26.53,26.75,26.38,26.67,10285660
17/08/2010,26.94,27.26,26.81,27.12,18017330
18/08/2010,27.04,27.08,26.61,26.86,18694330
19/08/2010,26.73,26.78,26.27,26.42,16499090
20/08/2010,26.28,26.3,25.89,26.1,12424770
23/08/2010,26.15,26.36,26.09,26.11,8176697
24/08/2010,25.75,26.05,25.61,25.7,14743770
25/08/2010,25.56,25.7,25.21,25.62,19339381
26/08/2010,25.77,25.85,25.25,25.39,10982630
27/08/2010,25.54,26.1,25.17,26.05,19709000
30/08/2010,26,26.12,25.67,25.67,9156593
31/08/2010,25.56,25.8,25.41,25.6,17578730
01/09/2010,26.03,26.62,25.99,26.56,19132869
02/09/2010,26.59,26.83,26.44,26.78,9848619
03/09/2010,27.02,27.22,26.88,27.1,13253880
07/09/2010,26.9,26.93,26.61,26.7,11406920
08/09/2010,26.73,27.06,26.71,26.93,9330345
09/09/2010,27.26,27.31,26.88,26.98,7836610
10/09/2010,27.14,27.32,27.09,27.26,7595274
13/09/2010,27.5,27.54,27.29,27.48,9131544
14/09/2010,27.43,27.62,27.27,27.39,13977860
15/09/2010,27.2,27.34,27.04,27.33,14112940
16/09/2010,27.2,27.32,27.04,27.21,16758789
17/09/2010,27.16,27.21,26.86,26.95,14352830
20/09/2010,27.03,27.51,26.91,27.4,19424920
21/09/2010,27.44,27.59,27.19,27.42,16772369
22/09/2010,27.37,27.69,27.2,27.22,16159000
23/09/2010,26.98,27.28,26.91,27.05,12359930
24/09/2010,27.35,27.77,27.23,27.64,24632461
27/09/2010,27.71,27.8,27.53,27.53,10897680
28/09/2010,27.56,27.83,27.28,27.73,16579529
29/09/2010,27.68,28.15,27.63,28.02,21501350
30/09/2010,28.24,28.38,27.75,28.03,23169750
01/10/2010,28.3,28.48,28.13,28.41,20009811
04/10/2010,28.27,28.45,27.84,28.05,14752640
05/10/2010,28.36,28.82,28.3,28.71,21615779
06/10/2010,28.71,29.06,28.7,28.97,14105040
07/10/2010,29.09,29.12,28.61,28.82,13562780
08/10/2010,28.8,29.29,28.73,29.18,15838750
11/10/2010,29.2,29.41,29.15,29.26,8045975
12/10/2010,29.14,29.35,28.82,29.22,16665090
13/10/2010,29.39,29.72,29.33,29.57,14689740
14/10/2010,29.48,29.73,29.29,29.53,11502750
15/10/2010,29.69,29.74,29.28,29.61,15085910
18/10/2010,29.53,29.91,29.44,29.69,10950070
19/10/2010,29.38,29.43,28.85,29.1,19289480
20/10/2010,29.2,29.66,29.09,29.47,12628590
21/10/2010,29.56,29.79,29.14,29.46,13420900
22/10/2010,29.61,29.75,29.51,29.65,6558707
25/10/2010,29.88,30.15,29.68,29.73,11353950
26/10/2010,29.65,29.83,29.56,29.79,10693540
27/10/2010,29.52,29.7,29.22,29.67,12906060
28/10/2010,29.86,29.94,29.48,29.6,11592580
29/10/2010,29.45,29.65,29.38,29.62,9361400
01/11/2010,29.92,30.09,29.54,29.66,12024200
02/11/2010,29.88,30.12,29.77,29.98,10227590
03/11/2010,30.08,30.11,29.6,30.05,22730449
04/11/2010,30.49,31.01,30.49,31,19328471
05/11/2010,30.97,31.16,30.87,31.16,14689720
08/11/2010,30.98,31.29,30.96,31.25,11990320
09/11/2010,31.4,31.63,31.01,31.19,20069869
10/11/2010,31.29,31.61,30.97,31.59,17787631
11/11/2010,31.45,31.95,31.43,31.94,18048520
12/11/2010,31.59,31.74,31.19,31.47,17874240
15/11/2010,31.67,31.68,31.31,31.31,10751230
16/11/2010,31,31.01,30.48,30.73,23738471
17/11/2010,30.65,31.05,30.56,30.85,16817789
18/11/2010,31.15,31.63,31.15,31.53,16052590
19/11/2010,31.44,31.81,31.21,31.8,11360790
22/11/2010,31.62,31.72,31.08,31.7,18146910
23/11/2010,31.24,31.26,30.79,31.08,22534961
24/11/2010,31.29,31.67,31.27,31.64,22650240
26/11/2010,31.33,31.52,31.18,31.26,6589389
29/11/2010,31.1,31.54,30.82,31.47,14734370
30/11/2010,31.06,31.61,30.96,31.36,19273391
01/12/2010,31.87,32.36,31.87,32.28,19973721
02/12/2010,32.28,32.78,32.27,32.77,17677600
03/12/2010,32.57,32.97,32.56,32.91,10019360
06/12/2010,32.89,33.1,32.86,33.02,11992760
07/12/2010,33.45,33.5,32.82,32.9,22938480
08/12/2010,32.93,33.08,32.53,32.74,12760110
09/12/2010,32.91,32.98,32.52,32.82,10952350
10/12/2010,32.89,32.99,32.74,32.95,8676080
13/12/2010,33.16,33.49,33.11,33.23,12889560
14/12/2010,33.27,33.36,32.97,33.08,11515480
15/12/2010,32.94,33.19,32.8,32.9,11116080
16/12/2010,32.89,33.09,32.63,33.08,11025710
17/12/2010,32.92,32.99,32.8,32.95,11325850
20/12/2010,33.07,33.27,32.89,33.16,10234670
21/12/2010,33.35,33.54,33.24,33.49,8703348
22/12/2010,33.6,33.65,33.49,33.61,7855418
23/12/2010,33.58,33.74,33.56,33.71,4531792
27/12/2010,33.55,33.65,33.46,33.59,4152646
28/12/2010,33.63,33.76,33.56,33.71,5154658
29/12/2010,33.83,34.13,33.77,34.05,5532641
30/12/2010,34.08,34.24,33.96,34.08,5984537
31/12/2010,34.07,34.25,33.97,34.13,4444434
03/01/2011,34.45,34.6,34.3,34.38,10196650
04/01/2011,34.6,34.6,33.76,34.09,14543460
05/01/2011,33.92,34.28,33.78,34.22,11291500
06/01/2011,34.34,34.35,33.75,33.9,11454020
07/01/2011,33.91,34.22,33.8,34.14,11082240
10/01/2011,34.03,34.07,33.74,34.01,10806440
11/01/2011,34.23,34.61,34.18,34.57,11371990
12/01/2011,34.88,35.07,34.72,35.05,11026770
13/01/2011,35.1,35.17,34.82,34.95,11522650
14/01/2011,34.9,35.34,34.74,35.33,14005320
18/01/2011,35.3,35.57,35.19,35.55,12535160
19/01/2011,35.6,35.62,35.06,35.12,15126890
20/01/2011,34.85,34.97,34.37,34.87,23179920
21/01/2011,35.22,35.31,34.85,35.05,14573960
24/01/2011,34.99,35.26,34.86,35.18,13104200
25/01/2011,35.1,35.16,34.68,35.08,15819100
26/01/2011,35.2,36.02,35.17,35.92,24221520
27/01/2011,35.9,35.98,35.53,35.71,14994180
28/01/2011,35.65,35.83,35.42,35.56,23691760
31/01/2011,35.86,36.58,35.74,36.58,25114840
01/02/2011,36.72,37.21,35.61,37.17,20443141
02/02/2011,37,37.42,36.92,37.14,13560940
03/02/2011,37.15,37.22,36.69,37.16,14515500
04/02/2011,37.24,37.29,36.87,37.07,13280430
07/02/2011,37.22,37.61,37.22,37.28,16175190
08/02/2011,37.22,37.28,36.83,37.15,15596880
09/02/2011,36.99,37.13,36.42,36.69,16324470
10/02/2011,36.51,37.12,36.47,37.06,16809779
11/02/2011,36.91,37.26,36.81,37.06,18870490
14/02/2011,36.99,37.92,36.99,37.87,15223170
15/02/2011,37.81,37.88,37.32,37.48,11443600
16/02/2011,37.67,38.02,37.55,37.98,15907920
17/02/2011,37.97,38.44,37.91,38.35,10796730
18/02/2011,38.44,38.6,38.17,38.51,12408380
22/02/2011,38.69,39.03,37.96,38.14,24833670
23/02/2011,38.35,39.19,38.28,38.91,32189891
24/02/2011,39.01,39.03,38.13,38.36,22389490
25/02/2011,38.5,39,38.41,38.97,11768640
28/02/2011,39.12,39.35,38.85,39.27,15878490
01/03/2011,39.5,39.54,38.49,38.53,20205590
02/03/2011,38.43,38.83,38.15,38.76,15045760
03/03/2011,39,39.46,38.88,39.42,11329300
04/03/2011,39.41,39.46,38.86,39.17,14133330
07/03/2011,39.43,39.61,38.68,38.9,14671680
08/03/2011,38.88,38.91,38.19,38.58,16187910
09/03/2011,38.46,38.71,38.19,38.31,13603000
10/03/2011,37.8,37.81,36.81,36.92,36185406
11/03/2011,36.66,37.83,36.52,37.56,24211891
14/03/2011,37.38,37.89,37.18,37.76,16441500
15/03/2011,36.59,37.81,36.45,37.48,21834711
16/03/2011,37.59,37.91,36.49,36.88,31662779
17/03/2011,37.6,38.2,37.35,38,20945119
18/03/2011,38.34,38.43,37.65,37.7,24192100
21/03/2011,38.35,38.85,38.28,38.84,17164711
22/03/2011,38.85,38.98,38.63,38.76,10019690
23/03/2011,38.74,38.99,38.5,38.85,10097270
24/03/2011,39.01,39.07,38.58,38.99,15369100
25/03/2011,39.03,39.45,38.9,39.35,11647970
28/03/2011,39.25,39.7,39.17,39.25,14147990
29/03/2011,39.2,39.81,39.07,39.73,16960221
30/03/2011,39.99,40.19,39.67,40.01,19044949
31/03/2011,40.22,40.49,39.86,39.88,18883699
01/04/2011,40.23,40.35,39.89,39.99,12925180
04/04/2011,40.18,40.27,39.97,40.02,7476294
05/04/2011,39.99,40.37,39.95,40.14,19323840
06/04/2011,40.35,40.45,39.54,39.72,16475869
07/04/2011,39.65,39.89,39.37,39.72,14824630
08/04/2011,40.01,40.19,39.64,39.86,19144980
11/04/2011,39.88,39.95,38.94,39.07,17694689
12/04/2011,38.63,38.65,37.65,37.87,38093738
13/04/2011,38.21,38.34,37.73,38.02,26848939
14/04/2011,37.81,38.39,37.67,38.28,20674109
15/04/2011,38.38,38.65,38.09,38.6,15270410
18/04/2011,38.02,38.2,37.59,38.02,20053930
19/04/2011,37.99,38.5,37.98,38.41,15062670
20/04/2011,39.15,39.33,38.96,39.31,22444881
21/04/2011,39.39,39.6,39.21,39.49,12647110
25/04/2011,39.51,39.55,39.04,39.28,7075712
26/04/2011,39.41,39.74,39.24,39.67,9202339
27/04/2011,39.84,39.85,38.99,39.66,18717359
28/04/2011,39.52,39.77,39.28,39.65,14998220
29/04/2011,39.66,40.26,39.64,40.24,9928587
02/05/2011,40.33,40.4,39.46,39.71,17762779
03/05/2011,39.4,39.49,38.37,38.71,28751730
04/05/2011,38.63,38.64,37.7,38.03,29750330
05/05/2011,37.46,37.83,36.79,37.24,44489488
06/05/2011,37.67,38.23,36.99,37.4,35227160
09/05/2011,37.58,38.24,37.51,38.06,24228480
10/05/2011,38.05,38.42,37.76,38.24,17766680
11/05/2011,38,38.04,36.85,37.13,41169898
12/05/2011,36.95,37.38,36.39,37.08,38954887
13/05/2011,37.25,37.42,36.57,36.9,35934078
16/05/2011,36.74,37.37,36.52,36.62,28148381
17/05/2011,36.45,36.79,36.14,36.62,30273010
18/05/2011,36.78,37.62,36.64,37.35,25846480
19/05/2011,37.53,37.68,37.05,37.36,19666891
20/05/2011,37.33,37.64,36.86,37.32,27054391
23/05/2011,36.67,36.94,36.5,36.74,20292920
24/05/2011,37.11,37.67,37.1,37.26,24830779
25/05/2011,37.07,38.08,37.06,37.89,24918820
26/05/2011,37.76,38.17,37.57,38.08,18751730
27/05/2011,38.28,38.56,37.98,38.17,16697100
31/05/2011,38.67,38.83,38.13,38.56,19312131
01/06/2011,38.46,38.63,37.53,37.64,27617369
02/06/2011,37.65,37.95,37.22,37.62,24105221
03/06/2011,37.06,37.99,36.99,37.63,22378449
06/06/2011,37.55,37.71,36.7,36.78,23439301
07/06/2011,37.1,37.29,36.72,36.78,19230529
08/06/2011,36.9,37.34,36.81,36.89,25056529
09/06/2011,37.08,37.59,37,37.39,17271920
10/06/2011,37.1,37.17,36.6,36.67,20968490
13/06/2011,36.69,36.95,35.74,36.09,27751141
14/06/2011,36.56,37.03,36.55,36.85,22877830
15/06/2011,36.42,36.74,35.81,36.01,35640441
16/06/2011,36.03,36.4,35.7,36.07,25264391
17/06/2011,36.25,36.31,35.61,35.84,27409811
20/06/2011,35.65,36.9,35.57,35.94,17362330
21/06/2011,36.19,36.83,36.17,36.66,23195551
22/06/2011,36.54,37.04,36.43,36.55,18561869
23/06/2011,35.78,36.21,35.23,36.15,45454180
24/06/2011,36.15,36.24,35.42,35.47,17065641
27/06/2011,35.34,35.88,35.26,35.66,19694650
28/06/2011,35.97,36.71,35.94,36.7,15857730
29/06/2011,36.82,37.38,36.64,37.13,21321410
30/06/2011,37.25,37.71,37.24,37.67,19418779
01/07/2011,37.6,38.07,37.28,38.03,14888490
05/07/2011,38.08,38.44,37.99,38.27,15683430
06/07/2011,38.18,38.25,37.85,38.2,10975490
07/07/2011,38.71,38.83,38.42,38.77,17824311
08/07/2011,38.1,38.45,38.04,38.45,17131051
11/07/2011,37.9,37.9,37.39,37.53,19147029
12/07/2011,37.38,37.91,37.35,37.4,20545820
13/07/2011,37.57,38.21,37.53,37.67,20165900
14/07/2011,38.07,38.15,37.38,37.42,22632840
15/07/2011,37.85,38.48,37.83,38.43,27367090
18/07/2011,38.27,38.37,37.99,38.3,20362279
19/07/2011,38.58,39.03,38.55,39,19557971
20/07/2011,39.17,39.18,38.83,38.9,10517760
21/07/2011,39.13,39.72,39.1,39.67,17361330
22/07/2011,39.7,39.92,39.47,39.87,11499740
25/07/2011,39.37,39.99,39.31,39.71,15484410
26/07/2011,39.68,39.88,39.38,39.52,16969369
27/07/2011,39.24,39.33,38.65,38.77,23784439
28/07/2011,38.62,39.09,38.53,38.61,19554070
29/07/2011,38.1,38.56,37.98,38.23,17335580
01/08/2011,38.9,38.92,37.81,38.17,21985699
02/08/2011,37.96,38.35,37.1,37.11,27201109
03/08/2011,37.16,37.18,36.03,36.89,35564102
04/08/2011,36.21,36.24,34.14,34.37,54529719
05/08/2011,34.78,35.08,32.24,34.03,66409609
08/08/2011,32.66,33.19,31,31.14,55997020
09/08/2011,31.79,32.74,30.55,32.73,50401121
10/08/2011,32.3,32.89,31.47,31.6,49373680
11/08/2011,31.8,33.73,31.61,33.24,42033367
12/08/2011,33.73,33.92,33.27,33.48,26552949
15/08/2011,33.92,34.67,33.92,34.61,29311240
16/08/2011,34.17,34.53,33.65,34.03,29945119
17/08/2011,34.42,34.8,33.95,34.17,21666891
18/08/2011,33.1,33.18,31.83,32.19,37248379
19/08/2011,31.7,32.74,31.5,31.62,27319590
22/08/2011,32.59,32.6,31.25,31.37,24532410
23/08/2011,31.57,32.8,31.36,32.78,35856809
24/08/2011,32.59,33.03,32.3,32.98,18867920
25/08/2011,33.21,33.41,32.11,32.28,26792609
26/08/2011,31.96,33.05,31.56,32.91,23836260
29/08/2011,33.42,33.91,33.16,33.87,35543180
30/08/2011,33.64,34.3,33.35,34.07,19838770
31/08/2011,34.38,34.82,33.99,34.32,24485250
01/09/2011,34.38,34.83,33.98,34.06,21294189
02/09/2011,33.16,33.45,32.83,33.11,20854699
06/09/2011,32.06,32.8,31.79,32.75,19355689
07/09/2011,33.35,33.97,33.31,33.95,18525689
08/09/2011,33.78,34.28,33.37,33.56,18491830
09/09/2011,33.12,33.28,32.21,32.45,35041367
12/09/2011,31.88,32.67,31.67,32.6,25761480
13/09/2011,32.74,32.92,32.1,32.69,28204529
14/09/2011,32.89,33.56,32.24,33.1,25715820
15/09/2011,33.51,33.78,33.23,33.75,17331180
16/09/2011,33.76,33.88,33.16,33.55,23036369
19/09/2011,32.73,33.32,32.38,33.02,20859830
20/09/2011,33.17,33.59,32.76,32.81,20134400
21/09/2011,32.72,32.84,31.42,31.45,26782830
22/09/2011,30.34,30.35,29.13,29.67,38065969
23/09/2011,29.29,29.79,29.19,29.35,32795328
26/09/2011,29.57,30.49,28.98,30.42,34397551
27/09/2011,31.32,31.67,30.69,30.87,32486609
28/09/2011,30.92,31.21,29.8,29.86,23093539
29/09/2011,30.63,30.67,29.53,30.14,22869480
30/09/2011,29.62,29.98,29.26,29.26,29734391
03/10/2011,28.92,29.26,28.24,28.26,35068719
04/10/2011,27.75,29.27,27.13,29.19,41370328
05/10/2011,29.4,30.35,28.97,30.26,37564910
06/10/2011,30.2,30.89,29.86,30.83,23819311
07/10/2011,31.07,31.09,30.15,30.45,24391850
10/10/2011,31.02,31.85,31.01,31.83,17907961
11/10/2011,31.54,32.17,31.46,31.9,22428180
12/10/2011,32.15,32.55,31.92,32.07,18631490
13/10/2011,31.74,32.18,31.39,32.02,15159430
14/10/2011,32.57,33.31,32.56,33.3,16616801
17/10/2011,33.21,33.32,32.62,32.7,18806381
18/10/2011,32.66,33.97,32.3,33.74,24455900
19/10/2011,33.6,34.12,33.24,33.4,24029551
20/10/2011,33.38,33.81,32.96,33.66,21877449
21/10/2011,34.02,34.42,33.85,34.28,24171070
24/10/2011,34.38,34.82,34.28,34.73,22973900
25/10/2011,34.64,34.71,33.75,34,21924320
26/10/2011,34.52,34.85,33.74,34.74,18187680
27/10/2011,35.69,36.6,35.59,36.28,31190240
28/10/2011,35.9,36.59,35.8,36.52,17512529
31/10/2011,35.9,35.92,34.8,34.85,21955949
01/11/2011,33.49,34.24,33.17,33.73,41749406
02/11/2011,34.57,34.84,34.22,34.74,20310949
03/11/2011,35.25,35.78,34.79,35.66,19714461
04/11/2011,35.35,35.73,35,35.63,12554830
07/11/2011,35.64,36.08,35.2,35.83,13471790
08/11/2011,36.12,36.45,35.64,36.41,19152660
09/11/2011,35.34,35.67,34.71,34.8,25275061
10/11/2011,35.37,35.67,34.73,35.41,20355320
11/11/2011,35.8,36.28,35.75,36.13,14401470
14/11/2011,35.91,35.99,35.33,35.66,15382500
15/11/2011,35.55,35.91,35.33,35.62,16675869
16/11/2011,35.34,35.99,35.03,35.08,21946789
17/11/2011,35.07,35.25,33.96,34.28,25537420
18/11/2011,34.48,34.66,33.87,34.08,26953400
21/11/2011,33.46,33.67,32.99,33.47,20014859
22/11/2011,33.43,33.65,32.94,33.15,18698480
23/11/2011,32.67,32.75,32.14,32.15,21790420
25/11/2011,32.01,32.47,31.92,31.92,7149795
28/11/2011,33.08,33.39,32.81,33.11,21851250
29/11/2011,33.26,33.95,33.14,33.59,14477500
30/11/2011,34.83,35.53,34.82,35.44,33001988
01/12/2011,35.34,35.7,35.05,35.24,16332550
02/12/2011,35.58,35.77,35.14,35.21,14939870
05/12/2011,35.85,36.08,35.34,35.65,14862710
06/12/2011,35.62,35.93,35.35,35.64,13859750
07/12/2011,35.5,35.58,35,35.3,17144590
08/12/2011,35.05,35.23,34.22,34.32,17146680
09/12/2011,34.53,35.24,34.46,35.1,15518310
12/12/2011,34.67,34.7,33.8,34.28,19315100
13/12/2011,34.54,34.98,33.74,33.96,18642500
14/12/2011,33.56,33.71,32.85,33,26684279
15/12/2011,33.46,33.49,32.78,32.86,17749910
16/12/2011,32.99,33.26,32.73,33.07,21970570
19/12/2011,33.21,33.21,32.4,32.49,12540690
20/12/2011,33.15,33.89,33.1,33.83,12665220
21/12/2011,33.83,34.29,33.62,34.2,12027410
22/12/2011,34.39,34.67,34.28,34.6,10988790
23/12/2011,34.73,34.84,34.53,34.8,5214667
27/12/2011,34.73,35.05,34.73,34.89,5630208
28/12/2011,34.9,34.99,34.18,34.23,11320620
29/12/2011,34.31,34.62,34.28,34.58,7702423
30/12/2011,34.5,34.73,34.47,34.57,6586245
03/01/2012,35.3,35.7,35.24,35.53,24256150
04/01/2012,35.39,35.66,35.18,35.6,14018500
05/01/2012,35.37,35.46,35,35.43,12674650
06/01/2012,35.49,35.51,35.15,35.22,8894982
09/01/2012,35.3,35.47,35.19,35.39,12044590
10/01/2012,35.95,35.99,35.6,35.71,13633560
11/01/2012,35.54,35.55,35.09,35.23,13472780
12/01/2012,35.03,35.19,34.74,34.9,19711840
13/01/2012,34.67,34.77,34.37,34.72,16217610
17/01/2012,35.11,35.28,34.85,34.97,12527150
18/01/2012,34.95,35.56,34.78,35.54,15363040
19/01/2012,35.73,35.82,35.52,35.69,13304330
20/01/2012,35.68,35.82,35.41,35.69,15395370
23/01/2012,35.82,36.08,35.72,35.98,12987100
24/01/2012,35.66,35.9,35.52,35.87,10617200
25/01/2012,35.82,36.43,35.35,36.31,19638471
26/01/2012,36.53,36.58,35.68,35.82,16983699
27/01/2012,35.66,35.9,35.6,35.74,9228199
30/01/2012,35.33,35.6,35.07,35.57,13625900
31/01/2012,35.83,35.86,35.17,35.35,14680890
01/02/2012,35.67,35.79,35.41,35.49,12779990
02/02/2012,35.54,35.89,35.43,35.76,15471230
03/02/2012,36.22,36.42,36.02,36.39,14996560
06/02/2012,36.18,36.82,36.13,36.82,13385530
07/02/2012,36.73,37.07,36.35,37.01,17548920
08/02/2012,37.1,37.15,36.65,36.89,11028400
09/02/2012,36.94,37.03,36.6,36.89,9605787
10/02/2012,36.46,36.59,36.28,36.52,14836940
13/02/2012,36.89,36.92,36.53,36.81,9914298
14/02/2012,36.77,36.94,36.58,36.88,14547960
15/02/2012,36.99,37.1,36.7,36.82,14742820
16/02/2012,36.89,37.36,36.67,37.3,18102551
17/02/2012,37.59,37.64,37.22,37.44,13496860
21/02/2012,37.69,37.9,37.59,37.69,14382400
22/02/2012,37.77,38.03,37.68,37.78,12342900
23/02/2012,37.8,38.01,37.53,37.97,14088600
24/02/2012,38.05,38.25,38.02,38.12,12274890
27/02/2012,37.97,38.16,37.71,37.99,11183240
28/02/2012,37.95,38.12,37.66,37.87,16606311
29/02/2012,37.91,38.07,37.34,37.44,17246221
01/03/2012,37.6,37.88,37.52,37.8,14008450
02/03/2012,37.66,37.81,37.22,37.37,14522970
05/03/2012,37.21,37.24,36.77,37.13,12685520
06/03/2012,36.57,36.67,36.29,36.53,13867820
07/03/2012,36.66,36.93,36.41,36.83,14482200
08/03/2012,37.02,37.26,36.84,37.13,10298950
09/03/2012,37.21,37.44,37.03,37.1,14653190
12/03/2012,37.06,37.12,36.73,36.89,12258670
13/03/2012,37.09,37.39,36.72,37.34,17793189
14/03/2012,37.36,37.46,36.89,36.98,13857590
15/03/2012,37.02,37.21,36.78,37.03,15176990
16/03/2012,37.07,37.52,37.02,37.4,23591100
19/03/2012,37.38,37.74,37.27,37.57,14206710
20/03/2012,37.24,37.28,36.93,37.01,13284770
21/03/2012,36.96,36.97,36.51,36.57,16582561
22/03/2012,36.16,36.22,35.58,35.74,20216529
23/03/2012,35.82,36.24,35.64,36.13,13222020
26/03/2012,36.45,36.5,36.2,36.4,10189840
27/03/2012,36.47,36.48,36.03,36.03,12772830
28/03/2012,35.87,35.99,35.3,35.59,15285300
29/03/2012,35.34,35.65,35.09,35.59,16330220
30/03/2012,35.85,35.97,35.52,35.88,12753290
02/04/2012,35.78,36.49,35.67,36.23,17888131
03/04/2012,36.15,36.21,35.55,35.91,13995160
04/04/2012,35.48,35.64,35.27,35.45,15830280
05/04/2012,35.33,35.74,35.21,35.25,9578830
09/04/2012,34.71,35.07,34.67,34.81,14430330
10/04/2012,34.76,34.82,34.05,34.12,21953199
11/04/2012,34.5,34.6,34.06,34.13,12826720
12/04/2012,34.16,34.96,34.14,34.88,15058830
13/04/2012,34.73,34.83,34.28,34.35,13108800
16/04/2012,34.49,34.6,33.98,34.12,15125370
17/04/2012,34.44,34.85,34.41,34.67,12757000
18/04/2012,34.57,34.82,34.5,34.6,10794370
19/04/2012,34.63,34.9,34.43,34.56,20974570
20/04/2012,34.89,35.06,34.47,34.48,15099980
23/04/2012,33.91,34.54,33.84,34.45,17028250
24/04/2012,34.57,34.82,34.41,34.7,9915690
25/04/2012,34.92,35.07,34.68,35.05,14643000
26/04/2012,34.88,35.43,34.82,35.42,11231390
27/04/2012,35.5,35.53,35.22,35.4,6712680
30/04/2012,35.37,35.64,35.27,35.62,7608979
01/05/2012,35.69,36.39,35.63,36.13,14256340
02/05/2012,35.82,35.83,35.44,35.54,12082260
03/05/2012,35.53,35.58,34.85,34.95,16040700
04/05/2012,34.6,34.65,33.99,34.15,22188721
07/05/2012,33.95,34.27,33.72,34.05,15207960
08/05/2012,33.78,34,33.22,33.94,25178760
09/05/2012,33.42,33.98,33.24,33.78,21955859
10/05/2012,34.11,34.3,33.85,33.92,12308800
11/05/2012,33.68,34.17,33.61,33.67,10303390
14/05/2012,33.26,33.31,33.04,33.11,13552960
15/05/2012,33.13,33.26,32.46,32.56,16977920
16/05/2012,32.64,33.16,32.38,32.38,16516289
17/05/2012,32.45,32.71,32.17,32.17,19182301
18/05/2012,32.4,32.58,31.84,31.97,18484600
21/05/2012,32.02,32.74,32,32.71,13670480
22/05/2012,32.75,33.21,32.4,32.63,21336170
23/05/2012,32.35,32.79,31.89,32.74,18880930
24/05/2012,32.92,32.92,32.31,32.72,18681910
25/05/2012,32.69,32.91,32.49,32.57,8014683
29/05/2012,32.94,33.35,32.77,33.11,14054000
30/05/2012,32.65,32.67,31.99,32.1,23235080
31/05/2012,32.08,32.16,31.27,31.82,26688420
01/06/2012,31.18,31.37,30.98,31.02,19512221
04/06/2012,31.14,31.24,30.56,31,19038170
05/06/2012,30.93,31.47,30.91,31.26,15802320
06/06/2012,31.59,32.26,31.59,32.23,20785580
07/06/2012,32.65,32.94,32.18,32.24,14686940
08/06/2012,32.01,32.3,31.74,32.25,15585670
11/06/2012,32.58,32.73,31.77,31.81,16148900
12/06/2012,31.99,32.34,31.81,32.26,14517190
13/06/2012,32.08,32.4,31.71,31.85,12172650
14/06/2012,31.93,32.49,31.8,32.35,14564630
15/06/2012,32.42,32.85,32.26,32.81,15500950
18/06/2012,32.49,32.61,32.29,32.52,14037480
19/06/2012,32.77,33.15,32.6,32.99,15372950
20/06/2012,32.97,33.22,32.55,32.85,17625461
21/06/2012,32.87,32.87,31.46,31.51,18964779
22/06/2012,31.72,31.87,31.34,31.72,20065289
25/06/2012,31.25,31.26,30.74,31.01,15558110
26/06/2012,31.06,31.46,30.84,31.35,14262220
27/06/2012,31.52,32.12,31.52,32,11658130
28/06/2012,31.81,32.27,31.66,32.22,16527949
29/06/2012,33.07,33.25,32.74,33.19,21747760
02/07/2012,33.19,33.33,32.84,33.2,14556250
03/07/2012,33.47,34.35,33.44,33.99,15693500
05/07/2012,33.8,33.82,33.43,33.55,12141200
06/07/2012,33.03,33.3,32.89,33.15,11191070
09/07/2012,33.12,33.18,32.76,32.99,9564326
10/07/2012,33.2,33.3,32.32,32.48,18801500
11/07/2012,32.65,33.09,32.57,32.92,20965279
12/07/2012,32.53,32.98,32.41,32.81,19368740
13/07/2012,32.95,33.42,32.9,33.39,10209940
16/07/2012,33.28,33.65,33.08,33.49,11335670
17/07/2012,33.69,33.95,33.15,33.92,17984891
18/07/2012,33.8,34.25,33.73,34.21,15518200
19/07/2012,34.35,34.42,34.1,34.32,13990140
20/07/2012,34.21,34.41,34.05,34.4,13664930
23/07/2012,33.68,34.14,33.46,34.07,12720410
24/07/2012,34.08,34.12,33.08,33.52,12658870
25/07/2012,33.65,33.79,33.26,33.55,9499531
26/07/2012,34.06,34.62,34.04,34.5,14040870
27/07/2012,34.69,35.24,34.45,35.11,15360290
30/07/2012,35.06,35.34,34.95,35.21,9733672
31/07/2012,35.13,35.28,34.79,34.83,12016150
01/08/2012,34.96,35.17,34.58,34.99,16144640
02/08/2012,34.56,34.76,34.08,34.41,15442470
03/08/2012,35.05,35.44,35.01,35.22,14382310
06/08/2012,35.28,35.51,35.25,35.32,5936560
07/08/2012,35.58,36,35.55,35.85,12251070
08/08/2012,35.69,36,35.63,35.88,9499964
09/08/2012,35.8,36.26,35.75,36.12,11984330
10/08/2012,35.88,36.23,35.66,36.19,11315770
13/08/2012,36.18,36.23,35.88,36.05,8289134
14/08/2012,36.23,36.27,35.87,35.99,7123140
15/08/2012,35.99,36.09,35.84,35.98,6533069
16/08/2012,36.04,36.37,35.94,36.3,6884882
17/08/2012,36.38,36.39,36.16,36.28,12104130
20/08/2012,36.19,36.29,36.03,36.16,5567713
21/08/2012,36.33,36.52,35.99,36.05,8730261
22/08/2012,35.93,36.22,35.82,36.18,8538731
23/08/2012,36.1,36.2,35.71,35.78,7328746
24/08/2012,35.72,36.09,35.53,35.99,7493121
27/08/2012,36.03,36.25,35.89,36.01,6067881
28/08/2012,35.93,36.14,35.87,36.03,6820791
29/08/2012,36.05,36.08,35.76,35.79,6351821
30/08/2012,35.65,35.65,35.31,35.41,7785384
31/08/2012,35.71,35.95,35.49,35.77,10149850
04/09/2012,35.73,35.76,35.2,35.49,8775494
05/09/2012,35.47,35.6,35.3,35.35,7226585
06/09/2012,35.64,36.34,35.63,36.1,13522550
07/09/2012,36.19,36.74,36.15,36.73,13423880
10/09/2012,36.67,36.92,36.55,36.57,5842429
11/09/2012,36.67,37.06,36.67,36.96,7505714
12/09/2012,37.17,37.28,37.03,37.18,8342608
13/09/2012,37.27,38.01,36.98,37.78,14177200
14/09/2012,38.05,38.68,38.01,38.28,15240250
17/09/2012,38.13,38.41,37.87,37.99,10183500
18/09/2012,37.87,37.89,37.43,37.73,9920134
19/09/2012,37.69,37.73,37.33,37.36,14808330
20/09/2012,37.04,37.54,36.89,37.46,11743830
21/09/2012,37.62,37.64,37.25,37.34,12699830
24/09/2012,37.02,37.25,37.01,37.15,7390411
25/09/2012,37.25,37.32,36.71,36.74,13493220
26/09/2012,36.6,36.64,36.27,36.4,15804250
27/09/2012,36.67,36.99,36.52,36.89,8327469
28/09/2012,36.78,36.82,36.49,36.72,8448598
01/10/2012,36.97,37.27,36.85,36.9,11121530
02/10/2012,37.15,37.15,36.74,36.97,8791146
03/10/2012,36.9,36.95,36.34,36.51,12576340
04/10/2012,36.72,36.97,36.64,36.88,11377220
05/10/2012,37.09,37.13,36.67,36.79,13890910
08/10/2012,36.59,36.9,36.55,36.85,5443778
09/10/2012,36.89,37.19,36.84,36.9,10291910
10/10/2012,36.69,36.74,36.11,36.21,15193050
11/10/2012,36.56,36.78,36.46,36.48,8272722
12/10/2012,36.47,36.53,36.02,36.28,10761780
15/10/2012,36.22,36.52,35.96,36.47,8093981
16/10/2012,36.68,37.12,36.68,37.05,13350720
17/10/2012,37.15,37.54,37.08,37.51,10346190
18/10/2012,37.34,37.6,37.32,37.51,14413420
19/10/2012,37.48,37.55,36.78,36.92,14092730
22/10/2012,36.93,37.05,36.36,36.73,10844300
23/10/2012,36.11,36.15,35.62,35.88,15428450
24/10/2012,36.06,36.13,35.53,35.6,10695550
25/10/2012,35.96,36.02,35.51,35.94,9793178
26/10/2012,35.87,36.2,35.8,35.98,11008370
31/10/2012,36.13,36.24,35.67,35.97,11125740
01/11/2012,35.83,36.2,35.77,36.12,9490757
02/11/2012,36.24,36.35,35.41,35.53,11264870
05/11/2012,35.46,35.9,35.42,35.8,7417348
06/11/2012,35.98,36.53,35.96,36.38,10519240
07/11/2012,35.84,35.92,35.17,35.42,19044561
08/11/2012,35.4,35.53,34.77,34.78,15013390
09/11/2012,34.67,35.19,34.58,34.78,12227700
12/11/2012,34.91,34.95,34.7,34.85,5583577
13/11/2012,34.53,35.16,34.5,34.7,11300700
14/11/2012,34.81,34.88,34.19,34.28,19242051
15/11/2012,34.3,34.63,34.1,34.33,14652020
16/11/2012,34.38,34.51,33.89,34.46,21477881
19/11/2012,34.93,35.31,34.91,35.26,11458070
20/11/2012,35.16,35.3,34.87,35.12,7712468
21/11/2012,35.23,35.35,35.08,35.31,5868409
23/11/2012,35.47,35.81,35.39,35.81,4502316
26/11/2012,35.49,35.52,35.21,35.45,9398520
27/11/2012,35.35,35.51,35.1,35.16,7787989
28/11/2012,34.83,35.53,34.72,35.48,11587900
29/11/2012,35.72,35.85,35.44,35.56,10951030
30/11/2012,35.6,35.73,35.4,35.53,8365605
03/12/2012,35.8,35.85,35.3,35.34,9766477
04/12/2012,35.35,35.52,35.19,35.2,11395710
05/12/2012,35.32,35.65,35.22,35.45,12531980
06/12/2012,35.38,35.57,35.32,35.56,8107338
07/12/2012,35.69,35.78,35.51,35.78,10384340
10/12/2012,35.77,35.91,35.67,35.74,5835779
11/12/2012,35.89,36.09,35.82,35.95,7875054
12/12/2012,36.06,36.41,35.96,36.08,9193248
13/12/2012,36.03,36.04,35.6,35.74,10767230
14/12/2012,35.51,35.68,35.46,35.61,9442612
17/12/2012,35.73,35.95,35.67,35.94,9494412
18/12/2012,35.93,36.67,35.86,36.6,11188270
19/12/2012,36.66,36.7,36.33,36.34,8091538
20/12/2012,36.35,36.62,36.28,36.59,9008047
21/12/2012,35.96,36.14,35.82,36.03,15210400
24/12/2012,35.96,35.99,35.7,35.76,3592186
26/12/2012,35.98,35.99,35.55,35.6,6520300
27/12/2012,35.6,35.65,35.1,35.53,11660760
28/12/2012,35.32,35.34,34.89,34.92,11802600
31/12/2012,34.85,35.72,34.78,35.71,16385131
02/01/2013,36.48,36.51,36,36.5,14545780
03/01/2013,36.45,36.82,36.28,36.49,9786676
04/01/2013,36.55,36.95,36.53,36.9,9297754
07/01/2013,36.73,36.73,36.47,36.61,7973393
08/01/2013,36.51,36.52,36.26,36.49,7375842
09/01/2013,36.6,36.64,36.28,36.43,7372478
10/01/2013,36.73,36.83,36.53,36.76,8367341
11/01/2013,36.8,36.86,36.67,36.81,6366465
14/01/2013,36.78,36.92,36.68,36.81,8397876
15/01/2013,36.67,37.01,36.6,36.98,9639407
16/01/2013,36.92,37.15,36.86,37.14,8585540
17/01/2013,37.33,37.61,37.22,37.38,10502090
18/01/2013,37.41,37.74,37.33,37.74,13406720
22/01/2013,37.68,38.15,37.58,38.1,10149760
23/01/2013,38.02,38.08,37.83,37.98,7169211
24/01/2013,38.02,38.4,37.98,38.09,8820788
25/01/2013,38.27,38.53,38.21,38.45,7795754
28/01/2013,38.59,38.59,38.16,38.38,7451146
29/01/2013,38.49,39.08,38.47,39,11646500
30/01/2013,39.08,39.3,38.74,38.81,9942906
31/01/2013,38.68,38.87,38.53,38.67,10515270
01/02/2013,38.88,39.09,38.58,39.03,11818290
04/02/2013,38.7,38.84,38.64,38.67,10673970
05/02/2013,38.93,39.1,38.78,39,11685040
06/02/2013,38.79,39.04,38.67,39.03,11386400
07/02/2013,38.99,39.09,38.67,38.92,11930850
08/02/2013,38.98,39.31,38.98,39.29,9448133
11/02/2013,39.3,39.3,39.04,39.1,6961375
12/02/2013,39.19,39.27,38.98,39.2,7202626
13/02/2013,39.24,39.38,39.22,39.34,5692887
14/02/2013,39.26,39.75,39.15,39.68,7310831
15/02/2013,39.63,39.65,39.01,39.23,14337920
19/02/2013,39.37,39.72,39.36,39.68,7697918
20/02/2013,39.67,39.67,38.82,38.85,12768120
21/02/2013,38.66,38.73,38.29,38.58,12262380
22/02/2013,38.83,39,38.52,38.99,6564549
25/02/2013,39.24,39.36,37.94,37.97,13808980
26/02/2013,38.17,38.44,37.73,38.34,16851449
27/02/2013,38.23,39.03,38.23,38.92,10994580
28/02/2013,38.89,39.24,38.83,38.85,9941163
01/03/2013,38.69,38.97,38.52,38.9,13262680
04/03/2013,38.76,38.87,38.42,38.81,10421880
05/03/2013,39.07,39.21,38.91,39.06,9984866
06/03/2013,39.23,39.3,38.96,39.1,8200304
07/03/2013,39.2,39.37,39.02,39.31,8466981
08/03/2013,39.47,39.56,39.24,39.49,7817031
11/03/2013,39.37,39.58,39.2,39.52,8167131
12/03/2013,39.55,39.77,39.44,39.56,8523233
13/03/2013,39.5,39.62,39.37,39.47,7782651
14/03/2013,39.53,40.07,39.53,40.01,10991080
15/03/2013,39.82,39.98,39.63,39.8,11246580
18/03/2013,39.3,39.72,39.27,39.48,8047005
19/03/2013,39.55,39.55,38.7,39.05,12352020
20/03/2013,39.33,39.4,39.04,39.27,6823735
21/03/2013,39.08,39.38,39.03,39.07,8277473
22/03/2013,39.17,39.44,39.15,39.38,7904759
25/03/2013,39.53,39.7,39.06,39.23,9839497
26/03/2013,39.44,39.69,39.38,39.64,6932636
27/03/2013,39.42,39.84,39.32,39.77,5694669
28/03/2013,39.77,39.94,39.64,39.66,6895296
01/04/2013,39.66,39.77,39.31,39.58,7407742
02/04/2013,39.64,39.67,39.23,39.35,8408012
03/04/2013,39.37,39.39,38.49,38.62,15743660
04/04/2013,38.59,38.8,38.32,38.57,13752880
05/04/2013,38.07,38.7,37.99,38.65,16619760
08/04/2013,38.71,38.93,38.58,38.91,8903560
09/04/2013,39,39.41,38.82,39.24,9579930
10/04/2013,39.34,39.61,39.28,39.45,9191926
11/04/2013,39.63,39.81,39.37,39.62,11311230
12/04/2013,39.35,39.43,38.78,39,19437029
15/04/2013,38.57,38.59,37.38,37.41,24793189
16/04/2013,37.78,37.92,37.35,37.87,16460449
17/04/2013,37.53,37.58,36.76,37.04,20626670
18/04/2013,37.15,37.59,36.81,37.35,20535561
19/04/2013,37.64,37.72,37.06,37.28,13416430
22/04/2013,37.47,37.84,37.14,37.68,13348060
23/04/2013,37.83,38.15,37.65,38.12,13953270
24/04/2013,38.26,38.81,38.22,38.63,13715070
25/04/2013,38.72,39.12,38.47,38.66,13640640
26/04/2013,38.57,38.69,38.28,38.59,11162840
29/04/2013,38.83,39.14,38.65,38.98,12214650
30/04/2013,39.03,39.15,38.67,39.14,10036230
01/05/2013,38.8,38.91,38.48,38.53,15324860
02/05/2013,38.68,39.14,38.54,39.03,13598010
03/05/2013,39.31,39.84,39.3,39.74,14048950
06/05/2013,39.76,40.17,39.76,40.01,12007570
07/05/2013,40.19,40.49,40.03,40.32,9700679
08/05/2013,40.28,40.45,40.13,40.38,7170557
09/05/2013,40.4,40.54,40.13,40.35,8135533
10/05/2013,40.12,40.2,39.78,40.14,13221420
13/05/2013,40.03,40.15,39.91,40.13,7423024
14/05/2013,40.17,40.7,40.14,40.7,9600294
15/05/2013,40.51,40.72,40.24,40.59,13049050
16/05/2013,40.47,40.7,40.3,40.39,12055390
17/05/2013,40.6,41.11,40.56,41.06,14658820
20/05/2013,41.04,41.73,41.04,41.64,10192280
21/05/2013,41.74,41.92,41.42,41.56,10838830
22/05/2013,41.62,41.98,40.88,41.08,19839311
23/05/2013,40.56,41.1,40.42,41.1,12791700
24/05/2013,40.73,40.86,40.5,40.85,8664935
28/05/2013,41.43,41.62,41.08,41.29,10708390
29/05/2013,40.98,41.35,40.9,41.2,12752940
30/05/2013,41.08,41.3,40.82,41.1,12074740
31/05/2013,40.93,41.06,40.24,40.25,15007970
03/06/2013,40.4,40.65,40.22,40.64,18365430
04/06/2013,40.44,40.7,40.02,40.32,15981000
05/06/2013,40.2,40.35,39.83,39.85,17796381
06/06/2013,39.88,40.17,39.55,40.15,18325461
07/06/2013,40.42,40.69,40.18,40.66,10581980
10/06/2013,40.83,40.84,40.41,40.54,7944000
11/06/2013,40.05,40.31,39.88,39.92,10595880
12/06/2013,40.33,40.4,39.59,39.68,9344996
13/06/2013,39.67,40.45,39.62,40.35,12392960
14/06/2013,40.37,40.41,39.86,39.96,10399240
17/06/2013,40.23,40.63,40.21,40.53,11097530
18/06/2013,40.48,40.89,40.46,40.76,7741616
19/06/2013,40.73,40.95,40.35,40.39,15053670
20/06/2013,39.85,39.88,39.09,39.21,25490820
21/06/2013,39.35,39.38,38.63,39.09,20554240
24/06/2013,38.66,38.94,38.01,38.51,18905420
25/06/2013,38.93,39.12,38.67,39,12540220
26/06/2013,39.19,39.36,38.91,39.24,11202730
27/06/2013,39.44,39.67,39.3,39.32,8163546
28/06/2013,39.17,39.46,39.03,39.15,10818640
01/07/2013,39.4,39.76,39.32,39.43,11960620
02/07/2013,39.44,39.85,39.32,39.52,8694521
03/07/2013,39.41,39.55,39.17,39.49,5256897
05/07/2013,39.72,39.99,39.42,39.98,10308460
08/07/2013,40.17,40.48,40.15,40.24,11579110
09/07/2013,40.47,40.71,40.39,40.65,9258360
10/07/2013,40.8,40.8,40.32,40.4,10808530
11/07/2013,40.91,40.94,40.51,40.73,14486150
12/07/2013,40.67,40.98,40.67,40.96,8778214
15/07/2013,40.98,41.06,40.85,40.92,10395040
16/07/2013,40.95,41.03,40.41,40.67,6723741
17/07/2013,40.79,40.97,40.73,40.85,7924945
18/07/2013,40.99,41.4,40.97,41.29,9419744
19/07/2013,41.44,41.86,41.34,41.86,10685330
22/07/2013,41.8,41.92,41.69,41.73,6802260
23/07/2013,41.83,41.98,41.75,41.8,6009661
24/07/2013,41.84,41.87,41.12,41.33,9338745
25/07/2013,41.3,41.66,41.18,41.61,9622234
26/07/2013,41.42,41.53,41.14,41.5,6830045
29/07/2013,41.37,41.41,40.99,41.16,8293699
30/07/2013,41.17,41.25,40.84,41.08,7936044
31/07/2013,41.15,41.51,41.12,41.21,11247470
01/08/2013,41.55,41.93,41.53,41.88,10646610
02/08/2013,41.73,41.75,41.43,41.7,8185471
05/08/2013,41.55,41.63,41.39,41.6,5191022
06/08/2013,41.5,41.7,41.23,41.34,6494357
07/08/2013,41.23,41.35,41.03,41.2,7033935
08/08/2013,41.4,41.51,41.06,41.42,6743306
09/08/2013,41.41,41.51,41.1,41.3,9815044
12/08/2013,41.02,41.28,41,41.12,6313924
13/08/2013,41.16,41.29,40.93,41.2,6916251
14/08/2013,41.1,41.28,40.98,41.01,6212641
15/08/2013,40.75,40.96,40.6,40.78,10819000
16/08/2013,40.7,40.77,40.45,40.62,8950394
19/08/2013,40.52,40.56,39.94,39.97,10848280
20/08/2013,39.99,41.5,39.92,40.22,9037239
21/08/2013,40.1,40.35,39.92,39.99,9488424
22/08/2013,40.17,40.75,40.09,40.59,8337190
23/08/2013,40.72,40.95,40.48,40.88,7392465
26/08/2013,41,41.16,40.73,40.81,7268890
27/08/2013,40.51,40.85,40.48,40.56,10200560
28/08/2013,40.69,41.39,40.67,41.23,11898200
29/08/2013,41.16,41.18,40.73,40.8,11411100
30/08/2013,40.96,41.01,40.69,40.78,8541808
03/09/2013,41.2,41.34,40.89,41.09,8634413
04/09/2013,41.04,41.43,40.95,41.31,7490049
05/09/2013,41.39,41.63,41.37,41.45,6115148
06/09/2013,41.61,41.77,41.15,41.44,8025854
09/09/2013,41.59,41.96,41.53,41.9,8438043
10/09/2013,41.95,41.98,41.56,41.92,9153677
11/09/2013,41.92,42.24,41.73,42.24,10700160
12/09/2013,42.16,42.28,41.96,41.99,10702370
13/09/2013,42.03,42.14,41.9,41.98,5979002
16/09/2013,42.3,42.33,41.91,41.97,8068702
17/09/2013,41.98,42.28,41.92,42.16,5422103
18/09/2013,42.15,42.84,42.02,42.67,11156560
19/09/2013,42.73,42.87,42.49,42.56,9138540
20/09/2013,42.39,42.5,41.94,42.02,13973960
23/09/2013,41.91,42,41.7,41.82,8520098
24/09/2013,41.81,42.17,41.69,41.86,5540653
25/09/2013,41.98,42.11,41.84,41.85,11193740
26/09/2013,41.95,42.02,41.72,41.92,7720340
27/09/2013,41.75,41.83,41.61,41.78,7171002
30/09/2013,41.27,41.6,41.2,41.45,10433220
01/10/2013,41.34,41.83,41.32,41.72,10852690
02/10/2013,41.55,41.87,41.33,41.82,7716429
03/10/2013,41.78,41.8,41.25,41.45,10143500
04/10/2013,41.54,41.98,41.36,41.87,9313123
07/10/2013,41.44,41.79,41.39,41.53,7928742
08/10/2013,41.54,41.63,41.04,41.08,10577960
09/10/2013,41.08,41.12,40.66,40.94,13109720
10/10/2013,41.22,41.7,41.21,41.7,12827630
11/10/2013,41.51,42.27,41.47,42.15,11925500
14/10/2013,41.9,42.46,41.8,42.43,8369909
15/10/2013,42.28,42.55,42.12,42.28,11393180
16/10/2013,42.56,43.04,42.54,42.91,12608150
17/10/2013,42.87,43.02,42.75,43,12290090
18/10/2013,43.34,43.5,43.14,43.47,12950560
21/10/2013,43.45,43.62,43.18,43.28,7853541
22/10/2013,43.49,43.8,43.32,43.52,14297560
23/10/2013,43.16,43.2,42.71,42.83,16835301
24/10/2013,42.88,43.12,42.61,43.04,7873710
25/10/2013,43.14,43.42,43.01,43.3,8752335
28/10/2013,43.33,43.43,43.1,43.34,7661226
29/10/2013,43.45,43.67,43.41,43.64,6467148
30/10/2013,43.63,43.81,43.01,43.35,11397660
31/10/2013,43.38,43.59,43.06,43.2,9088138
01/11/2013,43.18,43.22,42.52,43.04,12347560
04/11/2013,43.25,43.61,43.16,43.58,7238758
05/11/2013,43.39,43.51,43.14,43.18,8027250
06/11/2013,43.44,43.64,43.16,43.31,9093291
07/11/2013,43.43,43.49,42.5,42.64,20888539
08/11/2013,42.66,43.32,42.6,43.28,13242890
11/11/2013,43.35,43.5,43.22,43.36,5179725
12/11/2013,43.28,43.35,42.83,42.96,8680677
13/11/2013,42.77,43.34,42.76,43.33,10903380
14/11/2013,43.31,43.62,43.28,43.59,9668061
15/11/2013,43.76,43.84,43.5,43.83,7369837
18/11/2013,44.02,44.06,43.35,43.5,10466210
19/11/2013,43.41,43.71,43.2,43.57,9456394
20/11/2013,43.75,43.9,43.34,43.47,13262850
21/11/2013,43.62,43.95,43.56,43.88,7122782
22/11/2013,44.03,44.12,43.64,44.12,7559526
25/11/2013,44.07,44.07,43.5,43.72,9752553
26/11/2013,43.67,43.88,43.43,43.61,6774847
27/11/2013,43.49,43.69,43.06,43.31,9319346
29/11/2013,43.31,43.6,43.1,43.22,4976682
02/12/2013,43.27,43.55,43.01,43.25,9619434
03/12/2013,43.15,43.49,43.06,43.36,10845100
04/12/2013,43.3,43.45,42.87,43.22,10035010
05/12/2013,43.11,43.29,42.99,43.07,10071970
06/12/2013,43.45,43.52,43.07,43.21,11673030
09/12/2013,43.3,43.43,43.07,43.27,13075640
10/12/2013,43.17,43.4,43.08,43.14,10566030
11/12/2013,43.18,43.18,42.44,42.53,14682670
12/12/2013,42.52,42.9,42.44,42.71,10983900
13/12/2013,42.61,42.63,42.37,42.57,12165260
16/12/2013,42.8,43.08,42.68,42.94,12161280
17/12/2013,42.9,42.98,42.55,42.69,9856228
18/12/2013,42.82,43.35,42.41,43.34,15264420
19/12/2013,43.19,43.48,43.09,43.46,11214070
20/12/2013,43.25,43.51,43.22,43.34,15694300
23/12/2013,43.5,43.67,43.33,43.38,9769928
24/12/2013,43.42,43.66,43.36,43.62,5594384
26/12/2013,43.74,43.99,43.67,43.93,8857744
27/12/2013,44.08,44.21,43.94,44.15,5866313
30/12/2013,44.2,44.25,43.79,43.83,7045703
31/12/2013,43.94,44.27,43.78,44.26,8075555
02/01/2014,43.99,44.12,43.45,43.63,11133530
03/01/2014,43.67,43.85,43.38,43.47,9714236
06/01/2014,43.6,43.67,43.28,43.53,9256595
07/01/2014,43.65,43.89,43.43,43.86,6650943
08/01/2014,43.86,43.88,43.39,43.55,10941440
09/01/2014,43.6,43.67,43.06,43.42,12222700
10/01/2014,43.45,43.51,43.17,43.45,10470040
13/01/2014,43.33,43.4,42.55,42.59,16717570
14/01/2014,42.76,43.16,42.76,43.14,13222030
15/01/2014,43.2,43.24,42.95,43.02,11667840
16/01/2014,42.94,43.09,42.74,43.08,11297020
17/01/2014,43.18,43.42,42.95,43.01,12632810
21/01/2014,43.31,43.46,43,43.36,12725740
22/01/2014,43.47,43.61,43.29,43.56,10557540
23/01/2014,43.33,43.42,42.86,43.07,14900730
24/01/2014,42.81,42.81,42.14,42.16,17426070
27/01/2014,42.24,42.33,41.72,42.02,16054470
28/01/2014,42.12,42.4,42,42.34,9112707
29/01/2014,41.97,42.39,41.75,42.1,20124811
30/01/2014,42.39,42.46,42,42.24,12265610
31/01/2014,41.75,42.06,41.52,41.69,15983150
03/02/2014,41.65,41.83,40.89,40.95,25172750
04/02/2014,41.18,41.47,41.03,41.37,20339789
05/02/2014,41.37,41.38,40.9,40.96,27270859
06/02/2014,41.07,41.67,41.06,41.57,13028210
07/02/2014,41.83,42.09,41.57,42.02,12402220
10/02/2014,42.01,42.07,41.64,41.82,7960915
11/02/2014,41.86,42.51,41.82,42.36,10869610
12/02/2014,42.49,42.58,42.22,42.26,6812376
13/02/2014,42.06,42.57,41.95,42.46,9798927
14/02/2014,42.5,43.1,42.43,43.02,12618280
18/02/2014,43.08,43.27,43.01,43.21,8853964
19/02/2014,43.08,43.71,43.08,43.27,23821900
20/02/2014,43.25,43.64,43.19,43.55,9436884
21/02/2014,43.65,43.66,43.18,43.21,11582800
24/02/2014,43.34,44.24,43.31,43.86,18613811
25/02/2014,43.77,43.92,43.48,43.84,9583205
26/02/2014,43.86,43.91,43.43,43.56,10048250
27/02/2014,43.58,43.68,43.29,43.61,9333381
28/02/2014,43.64,43.99,43.57,43.83,10474430
03/03/2014,43.56,44.05,43.41,43.55,12463580
04/03/2014,43.93,44.15,43.76,44.02,10524450
05/03/2014,43.89,43.93,43.5,43.61,10865330
06/03/2014,43.64,43.97,43.62,43.93,7788265
07/03/2014,44.11,44.14,43.84,44.01,9852702
10/03/2014,43.97,44.11,43.71,44.08,8864421
11/03/2014,44.14,44.17,43.44,43.58,12267990
12/03/2014,43.28,43.7,43.23,43.59,9368623
13/03/2014,43.65,43.67,42.98,43.15,11272760
14/03/2014,43.1,43.36,43.04,43.19,10653340
17/03/2014,43.36,43.56,43.25,43.42,10419160
18/03/2014,43.58,43.92,43.45,43.79,6995115
19/03/2014,43.8,43.81,43.19,43.46,9322526
20/03/2014,43.24,43.7,43.1,43.63,8713363
21/03/2014,43.56,43.86,43.52,43.53,14130160
24/03/2014,43.67,43.87,43.36,43.44,10043960
25/03/2014,43.66,43.87,43.65,43.83,7176575
26/03/2014,43.98,44.1,43.6,43.63,8571278
27/03/2014,43.64,44.12,43.54,43.98,11396190
28/03/2014,44.13,44.63,44.1,44.53,9955632
31/03/2014,44.75,44.8,44.4,44.53,8451765
01/04/2014,44.55,44.8,44.53,44.8,10247280
02/04/2014,44.7,45.04,44.67,44.96,10008620
03/04/2014,45.06,45.43,44.98,45.25,10798360
04/04/2014,45.59,45.65,45,45.08,14003170
07/04/2014,44.98,45.07,44.33,44.33,11244810
08/04/2014,44.44,44.87,44.35,44.77,11644440
09/04/2014,44.91,45.01,44.52,44.98,7231166
10/04/2014,44.81,45.1,44.26,44.35,12298330
11/04/2014,44.13,44.49,44.11,44.23,13455860
14/04/2014,44.57,44.92,44.36,44.83,9961407
15/04/2014,44.8,45.45,44.66,45.43,22442869
16/04/2014,45.7,45.99,45.63,45.98,13036670
17/04/2014,46.04,46.54,45.96,46.4,18549529
21/04/2014,46.44,46.75,46.36,46.71,8506426
22/04/2014,46.58,46.77,46.36,46.64,6345247
23/04/2014,46.63,47.01,46.63,46.88,8561746
24/04/2014,47.02,47.12,46.81,46.9,8876542
25/04/2014,46.77,46.91,46.47,46.62,8872330
28/04/2014,46.78,46.82,46.31,46.7,11167070
29/04/2014,46.92,47.33,46.9,46.91,8278002
30/04/2014,46.81,46.94,46.57,46.87,10821560
01/05/2014,46.81,46.93,46.63,46.77,10715590
02/05/2014,46.68,47.21,46.62,46.86,8713048
05/05/2014,46.69,47.16,46.6,47.08,8037308
06/05/2014,47.13,47.4,47.09,47.15,7476684
07/05/2014,47.36,47.63,47.1,47.56,9630871
08/05/2014,47.47,47.55,46.84,46.88,10967840
09/05/2014,46.94,47.03,46.66,46.84,8710770
12/05/2014,47.05,47.19,46.91,47.17,5221746
13/05/2014,47.26,47.41,47.19,47.34,4988803
14/05/2014,47.39,47.51,47.3,47.36,4988984
15/05/2014,47.27,47.28,46.48,46.82,11448850
16/05/2014,46.74,46.87,46.47,46.7,14811000
19/05/2014,46.57,46.97,46.57,46.85,5037308
20/05/2014,46.75,46.93,46.62,46.71,4675647
21/05/2014,46.93,47.28,46.86,47.22,5857432
22/05/2014,47.22,47.42,47.11,47.17,6869162
23/05/2014,47.16,47.34,47.07,47.08,5280722
27/05/2014,47.21,47.31,47.03,47.21,5062183
28/05/2014,47.2,47.45,47.1,47.29,7535450
29/05/2014,47.38,47.72,47.25,47.69,7281975
30/05/2014,47.56,47.71,47.43,47.66,5957964
02/06/2014,47.7,47.87,47.46,47.6,5075751
03/06/2014,47.49,47.82,47.48,47.76,5998620
04/06/2014,47.68,47.79,47.54,47.74,3690337
05/06/2014,47.69,48.09,47.59,48.01,6178615
06/06/2014,48.12,48.48,48.12,48.41,5420002
09/06/2014,48.47,48.74,48.36,48.48,5652005
10/06/2014,48.49,48.53,48.28,48.4,3766080
11/06/2014,48.26,48.65,48.15,48.59,5651668
12/06/2014,48.8,49.07,48.66,48.75,11869820
13/06/2014,48.88,49.22,48.59,49.21,9737216
16/06/2014,49.39,49.62,49.3,49.51,13386920
17/06/2014,49.41,49.48,49.16,49.47,10045490
18/06/2014,49.49,49.89,49.33,49.85,14863560
19/06/2014,49.88,50.21,49.74,50.2,8677236
20/06/2014,50.23,50.5,50.06,50.47,9096156
23/06/2014,50.62,50.76,50.49,50.65,7959180
24/06/2014,50.6,50.64,49.47,49.58,17748461
25/06/2014,49.38,50.01,49.32,49.96,13860340
26/06/2014,49.99,50.05,49.55,50.01,8080008
27/06/2014,49.89,50.04,49.72,50.01,8229289
30/06/2014,49.98,50.11,49.78,50.05,6312791
01/07/2014,50.18,50.33,49.96,50.08,6894105
02/07/2014,50.04,50.19,49.9,50.01,5926355
03/07/2014,50.25,50.25,49.92,50.2,3668829
07/07/2014,50.15,50.15,49.72,49.81,6932367
08/07/2014,49.74,49.86,49.54,49.73,10392330
09/07/2014,49.81,50.09,49.73,50.06,6415671
10/07/2014,49.61,49.77,49.33,49.58,14908660
11/07/2014,49.52,49.53,49.07,49.2,10805840
14/07/2014,49.44,49.69,49.37,49.63,6870266
15/07/2014,49.49,49.62,49.09,49.41,9997254
16/07/2014,49.62,50.18,49.6,50.16,8177015
17/07/2014,50.12,50.28,49.31,49.35,11017820
18/07/2014,49.48,49.62,49.25,49.49,8318482
21/07/2014,49.37,49.61,49.3,49.57,9398231
22/07/2014,49.79,50.08,49.74,49.93,5978016
23/07/2014,50.05,50.25,49.84,50.25,6701314
24/07/2014,50.33,50.49,50.12,50.29,5747232
25/07/2014,50.11,50.16,49.86,49.92,4803461
28/07/2014,49.88,49.97,49.5,49.8,7478201
29/07/2014,49.71,49.96,49.65,49.68,6832820
30/07/2014,49.91,50.07,49.22,49.38,10780810
31/07/2014,49.07,49.09,48.28,48.32,17285160
01/08/2014,48.18,48.34,47.51,47.93,17833260
04/08/2014,47.92,48.85,47.77,48.73,12896460
05/08/2014,48.53,48.63,47.39,47.67,16440170
06/08/2014,47.57,48.36,47.48,47.81,11548040
07/08/2014,48.05,48.14,47.25,47.51,13256980
08/08/2014,47.65,48.35,47.54,48.3,11586400
11/08/2014,48.62,48.79,48.27,48.31,11203570
12/08/2014,48.24,48.24,47.75,47.95,9998142
13/08/2014,48.21,48.37,47.93,48.11,6488951
14/08/2014,48.18,48.25,47.76,47.83,7617630
15/08/2014,47.93,48.26,47.8,48.19,11075330
18/08/2014,48.36,48.46,48.11,48.32,8597847
19/08/2014,48.42,48.78,48.38,48.69,5998042
20/08/2014,48.63,48.86,48.43,48.79,5947976
21/08/2014,48.86,48.88,48.61,48.83,5567212
22/08/2014,48.76,48.76,48.31,48.51,7383394
25/08/2014,48.64,48.97,48.63,48.94,4380363
26/08/2014,49.08,49.44,48.98,49.19,5597183
27/08/2014,49.23,49.29,48.96,49.09,3860063
28/08/2014,48.94,49.14,48.86,49.1,3104519
29/08/2014,49.21,49.4,49.03,49.37,5367707
02/09/2014,49.3,49.35,48.54,48.75,8648420
03/09/2014,49.07,49.22,48.85,48.88,7190860
04/09/2014,48.99,49.01,47.99,48.22,12292310
05/09/2014,48.24,48.56,47.91,48.54,8775410
08/09/2014,48.3,48.34,47.57,47.79,10978150
09/09/2014,47.76,48.06,47.3,47.58,10003700
10/09/2014,47.53,47.53,46.91,47.46,10433270
11/09/2014,47.08,47.56,46.88,47.49,12505770
12/09/2014,47.35,47.4,46.64,46.78,15440310
15/09/2014,46.73,47.24,46.5,47.11,13391310
16/09/2014,47.05,47.98,46.98,47.68,13455650
17/09/2014,47.8,47.89,47.28,47.42,11069340
18/09/2014,47.58,47.6,47.05,47.18,12284680
19/09/2014,47.03,47.24,46.88,46.9,9474841
22/09/2014,46.82,46.85,46.03,46.21,10630670
23/09/2014,46.14,46.53,46.06,46.07,9140463
24/09/2014,46.04,46.38,45.38,46.11,24743539
25/09/2014,46.09,46.11,45.38,45.41,13436430
26/09/2014,45.41,46.19,45.25,45.99,11484760
29/09/2014,45.41,45.97,45.3,45.89,15454330
30/09/2014,45.84,45.95,45.03,45.31,21741490
01/10/2014,45.31,45.53,44.25,44.39,18978820
02/10/2014,44.13,44.45,43.39,44.16,29246461
03/10/2014,44.38,44.4,43.71,44.09,20098869
06/10/2014,44.31,44.59,43.81,44.14,20125051
07/10/2014,43.9,44.47,43.55,43.56,17899289
08/10/2014,43.44,44.03,42.74,43.99,35989961
09/10/2014,43.65,43.73,42.25,42.37,36670422
10/10/2014,42.25,42.71,41.32,41.78,60474281
13/10/2014,41.69,42.2,40.43,40.49,47549246
14/10/2014,40.83,41.15,39.76,39.98,55995551
15/10/2014,39.46,40.39,38.76,40.28,69469609
16/10/2014,39.42,41.41,39.25,41,59798230
17/10/2014,41.76,42.95,41,41.35,37999980
20/10/2014,41.32,41.83,41.11,41.71,26502580
21/10/2014,42.19,43.08,42.17,42.98,31358160
22/10/2014,43.09,43.36,42.14,42.17,36142520
23/10/2014,42.76,43.41,42.54,42.95,26558029
24/10/2014,42.97,43.05,42.24,42.8,25255119
27/10/2014,42.12,42.15,41.47,41.9,23501410
28/10/2014,42.12,42.97,41.84,42.86,23624949
29/10/2014,43.33,43.69,42.59,43,26722490
30/10/2014,42.67,43.03,42.35,42.84,18795990
31/10/2014,42.93,43.76,42.53,43.71,20268471
03/11/2014,43.74,44.21,42.89,43.02,26610980
04/11/2014,42.5,42.53,41.77,42.14,23439131
05/11/2014,42.56,43.06,42.23,42.88,27445051
06/11/2014,42.61,43.43,42.47,43.42,23026301
07/11/2014,43.52,44.24,43.43,43.9,18042039
10/11/2014,44.28,44.48,43.37,43.5,22953381
11/11/2014,43.54,43.74,43.11,43.63,17380930
12/11/2014,43.36,43.81,43.19,43.25,17624631
13/11/2014,43.02,43.07,41.98,42.67,31588330
14/11/2014,42.88,43.15,42.59,43.11,17962320
17/11/2014,42.84,43.14,42.68,42.88,12215070
18/11/2014,42.87,43.27,42.71,42.92,19680320
19/11/2014,43,43.29,42.62,43.14,14746190
20/11/2014,43.23,43.75,43.11,43.68,16917289
21/11/2014,44.44,44.61,43.93,44.25,28685221
24/11/2014,44.11,44.35,43.72,43.91,16678080
25/11/2014,44.15,44.18,43.14,43.2,22554039
26/11/2014,43,43.11,42.58,42.65,20873230
28/11/2014,40.87,41,39.79,39.91,42538340
01/12/2014,39.7,40.17,39.34,40.05,51594500
02/12/2014,39.77,40.88,39.75,40.49,33234910
03/12/2014,40.74,41.31,40.6,40.98,31549221
04/12/2014,40.59,40.89,40.26,40.63,23579551
05/12/2014,40.53,40.66,39.98,40.14,23443301
08/12/2014,39.6,39.75,38.43,38.52,41192680
09/12/2014,38.43,39.1,38.3,38.94,33668859
10/12/2014,38.33,38.37,37.49,37.74,44533840
11/12/2014,37.69,38.67,37.63,37.71,35551688
12/12/2014,37.26,37.69,36.95,37.01,50054262
15/12/2014,37.32,37.67,36.6,36.68,47481113
16/12/2014,36.35,38.15,36.26,37.01,57284422
17/12/2014,37.22,38.92,37.15,38.54,62470246
18/12/2014,39.53,39.67,38.28,39.28,52263461
19/12/2014,39.48,40.34,39.05,40.28,46742770
22/12/2014,39.99,40.09,39.46,39.88,33238090
23/12/2014,40.17,40.49,39.88,40.36,26529230
24/12/2014,40.13,40.22,39.6,40.07,14047830
26/12/2014,40.22,40.41,39.88,40.06,14464600
29/12/2014,40.15,40.5,39.96,40.2,18224109
30/12/2014,40.15,40.24,39.75,39.88,19148119
31/12/2014,39.65,40,39.35,39.58,21541920
02/01/2015,39.37,39.89,39.19,39.77,27749100
05/01/2015,39.21,39.23,37.92,38.12,45395238
06/01/2015,38.06,38.37,37.29,37.56,41876641
07/01/2015,38.02,38.18,37.39,37.64,31192369
08/01/2015,37.95,38.57,37.79,38.49,28186859
09/01/2015,38.51,38.58,37.83,38.18,24952131
12/01/2015,37.7,37.7,36.88,37.08,28940641
13/01/2015,37.23,37.52,36.44,36.78,34051422
14/01/2015,36.44,36.96,35.85,36.9,52152461
15/01/2015,37.34,37.43,36.4,36.43,41346000
16/01/2015,36.65,37.67,36.62,37.62,42741859
20/01/2015,37.42,37.68,36.97,37.66,28085840
21/01/2015,37.94,38.44,37.66,38.42,28330820
22/01/2015,38.67,38.73,37.9,38.6,33018828
23/01/2015,38.43,38.88,38.27,38.33,21147430
26/01/2015,38.46,38.98,38.12,38.88,18362051
27/01/2015,38.58,39.04,38.48,38.85,21602279
28/01/2015,38.75,38.75,37.25,37.33,38833379
29/01/2015,37.63,37.67,36.6,37.45,30123660
30/01/2015,37.17,38.21,36.92,37.78,43848129
02/02/2015,38.24,38.95,37.98,38.93,35465711
03/02/2015,39.38,40.2,39.37,39.99,47027879
04/02/2015,39.48,39.7,39.01,39.34,41132219
05/02/2015,39.8,40.13,39.56,39.9,31786150
06/02/2015,40.22,40.29,39.71,39.91,26134631
09/02/2015,40.08,40.41,39.86,39.95,20203840
10/02/2015,40.02,40.06,39.21,39.93,21971260
11/02/2015,39.42,39.83,39.22,39.65,26196631
12/02/2015,40.19,40.35,39.9,40.17,26422320
13/02/2015,40.57,41.07,40.46,41.02,31187850
17/02/2015,40.83,41.22,40.59,41.15,22125881
18/02/2015,40.81,40.98,40.55,40.66,19381381
19/02/2015,39.81,40.7,39.63,40.47,23871980
20/02/2015,40.35,40.56,39.94,40.27,25641811
23/02/2015,39.88,40.43,39.78,40.1,19679471
24/02/2015,40.35,40.39,39.96,40.22,15430680
25/02/2015,40.24,40.5,40.05,40.44,16025670
26/02/2015,40.2,40.22,39.48,39.69,19349080
27/02/2015,39.84,39.87,39.47,39.51,13362190
02/03/2015,39.43,39.47,38.85,39.24,17978510
03/03/2015,39.26,39.62,39.09,39.38,12349710
04/03/2015,39.39,39.42,38.89,39.33,16602820
05/03/2015,39.23,39.28,39.03,39.09,11244540
06/03/2015,38.82,39.02,38.3,38.39,19176279
09/03/2015,38.33,38.77,38.12,38.12,17441100
10/03/2015,37.81,38.03,37.57,37.59,19030650
11/03/2015,37.65,37.85,37.42,37.7,13051000
12/03/2015,37.76,37.94,37.44,37.46,19244980
13/03/2015,37.21,37.36,36.91,37.32,21011869
16/03/2015,37.11,37.85,36.99,37.82,16948529
17/03/2015,37.59,37.82,37.4,37.67,13936300
18/03/2015,37.43,38.98,37.37,38.77,27753740
19/03/2015,38.3,38.47,38.05,38.16,23240900
20/03/2015,38.32,38.68,38.17,38.46,22610619
23/03/2015,38.54,38.8,38.32,38.32,12160130
24/03/2015,38.42,38.48,38.04,38.07,14780920
25/03/2015,38.31,38.85,38.27,38.56,15898510
26/03/2015,39.01,39.13,38.38,38.52,15318570
27/03/2015,38.37,38.45,38.12,38.2,11967260
30/03/2015,38.57,39.1,38.56,39.02,18187850
31/03/2015,38.73,39,38.5,38.79,9403722
01/04/2015,38.92,39.12,38.7,38.78,13293320
02/04/2015,38.6,39.09,38.51,38.86,13857670
06/04/2015,39.09,39.78,38.91,39.56,15543250
07/04/2015,39.53,39.85,39.42,39.59,14142060
08/04/2015,39.77,39.87,39.25,39.27,12045740
09/04/2015,39.37,39.99,39.34,39.9,13875100
10/04/2015,40,40.14,39.83,40.07,8850492
13/04/2015,40.24,40.3,39.6,39.67,9940267
14/04/2015,39.93,40.48,39.88,40.39,13720120
15/04/2015,40.62,41.43,40.53,41.35,20006910
16/04/2015,41.2,41.62,40.93,41.26,21277480
17/04/2015,41.06,41.12,40.63,40.96,16917430
20/04/2015,41,41.56,40.99,41.11,12710450
21/04/2015,41.22,41.24,40.51,40.67,11820390
22/04/2015,40.78,41.1,40.51,40.95,10129470
23/04/2015,41.04,41.49,40.99,41.23,12575760
24/04/2015,41.1,41.14,40.8,40.99,11507640
27/04/2015,41.16,41.29,40.88,40.95,11325600
28/04/2015,40.94,41.22,40.81,41.15,11125410
29/04/2015,41.01,41.53,40.87,41.47,15903100
30/04/2015,41.63,41.69,41.11,41.34,16552141
01/05/2015,41.38,41.51,41.11,41.44,11354600
04/05/2015,41.54,41.68,41.12,41.33,14434250
05/05/2015,41.64,41.83,40.81,40.82,16076340
06/05/2015,41.19,41.35,40.47,40.66,16388580
07/05/2015,40.58,40.59,39.92,40.22,17396580
08/05/2015,40.54,40.92,40.08,40.88,14515220
11/05/2015,40.92,40.94,40.07,40.11,18144430
12/05/2015,40.05,40.51,39.98,40.3,9851538
13/05/2015,40.65,40.7,40.04,40.19,12534740
14/05/2015,40.31,40.58,40.15,40.17,9617871
15/05/2015,40.01,40.49,39.91,40.34,9780592
18/05/2015,40.26,40.42,40.09,40.37,7229827
19/05/2015,40.1,40.14,39.74,39.8,13919850
20/05/2015,39.94,40,39.64,39.87,12623810
21/05/2015,40.1,40.31,39.95,40.24,10087320
22/05/2015,39.97,40.28,39.9,40.1,6360710
26/05/2015,39.78,39.86,39.32,39.47,13183580
27/05/2015,39.44,39.76,39.18,39.4,11374970
28/05/2015,39.26,39.31,38.99,39.24,12164180
29/05/2015,39.23,39.45,39.1,39.2,12978090
01/06/2015,39.3,39.3,39.05,39.1,8487184
02/06/2015,39.22,39.56,39.01,39.37,10183010
03/06/2015,39.24,39.53,39.04,39.1,8640272
04/06/2015,38.89,38.97,38.53,38.57,15946080
05/06/2015,38.39,39.18,38.38,38.84,18956000
08/06/2015,38.69,38.91,38.53,38.62,9707330
09/06/2015,38.85,39.1,38.6,38.61,11033130
10/06/2015,39.09,39.2,38.95,39.09,9785399
11/06/2015,39.16,39.22,38.88,38.91,8416545
12/06/2015,38.69,38.72,38.41,38.48,10504520
15/06/2015,38.21,38.59,38.1,38.39,8075548
16/06/2015,38.46,38.7,38.27,38.69,9017622
17/06/2015,38.89,39.06,38.4,38.59,10413740
18/06/2015,38.71,38.89,38.53,38.57,12672580
19/06/2015,38.15,38.3,37.94,37.96,17234881
22/06/2015,38.3,38.45,38.13,38.42,10577420
23/06/2015,38.37,38.62,38.33,38.55,7117715
24/06/2015,38.46,38.68,38.29,38.31,6798255
25/06/2015,38.3,38.34,37.91,37.92,8685674
26/06/2015,37.88,38.05,37.67,38.04,11772330
29/06/2015,37.56,37.8,37.29,37.32,13897200
30/06/2015,37.67,37.73,37.34,37.58,15170580
01/07/2015,37.66,37.67,36.95,37.1,13910120
02/07/2015,37.2,37.47,37.17,37.27,9700239
06/07/2015,36.78,37.13,36.62,36.78,13509150
07/07/2015,36.63,37.24,36.22,37.11,20686090
08/07/2015,36.85,37.11,36.21,36.36,16521289
09/07/2015,36.86,37.02,36.55,36.55,11956040
10/07/2015,36.77,36.99,36.57,36.74,13250370
13/07/2015,36.87,37.1,36.77,37.01,14358750
14/07/2015,36.9,37.42,36.89,37.27,12654250
15/07/2015,37.08,37.26,36.49,36.62,12708290
16/07/2015,36.83,36.94,36.6,36.67,7860701
17/07/2015,36.63,36.67,36.1,36.22,14096030
20/07/2015,36.28,36.29,35.7,35.74,13833370
21/07/2015,35.83,36.11,35.65,35.76,10619010
22/07/2015,35.61,35.83,35.39,35.47,15209290
23/07/2015,35.5,35.73,35.17,35.44,11284560
24/07/2015,35.44,35.45,34.63,34.76,12554080
27/07/2015,34.31,34.66,34.1,34.26,17196711
28/07/2015,34.31,35.42,34.28,35.24,18938609
29/07/2015,35.15,35.75,35.03,35.72,23427260
30/07/2015,35.64,35.74,35.31,35.47,12627240
31/07/2015,35.16,35.21,34.64,34.69,21789430
03/08/2015,34.32,34.53,33.89,33.96,16926631
04/08/2015,34.11,34.38,33.7,33.85,12762510
05/08/2015,34.11,34.49,33.56,33.59,18473779
06/08/2015,33.39,34.22,33.15,34.13,23259650
07/08/2015,33.99,34.26,33.4,33.52,17081650
10/08/2015,33.59,34.61,33.59,34.59,19444369
11/08/2015,33.9,34.69,33.83,34.65,21053850
12/08/2015,34.53,35.37,34.33,35.28,23483010
13/08/2015,35.05,35.18,34.7,34.74,19813580
14/08/2015,34.82,35.06,34.59,34.67,12121180
17/08/2015,34.5,34.92,34.39,34.74,9532053
18/08/2015,34.68,34.77,34.45,34.62,11063400
19/08/2015,34.42,34.48,33.5,33.66,20183039
20/08/2015,33.57,33.8,32.9,32.9,25336590
21/08/2015,32.57,32.92,31.73,31.75,25420230
24/08/2015,29.9,31.29,29.37,30.05,43001121
25/08/2015,31.37,31.37,29.59,29.61,27696561
26/08/2015,30.36,30.66,29.77,30.63,39732246
27/08/2015,31.34,32.22,31.23,32.15,32241449
28/08/2015,32.03,33.21,32.02,32.88,31463420
31/08/2015,32.63,33.43,32.04,33.22,36193520
01/09/2015,32.26,32.64,31.77,32.05,28712600
02/09/2015,32.5,32.55,31.59,32.34,25528920
03/09/2015,32.56,33.13,32.23,32.43,21895029
04/09/2015,31.97,32.13,31.76,31.9,16684211
08/09/2015,32.24,32.44,31.85,32.4,15627580
09/09/2015,32.62,33.01,31.74,31.79,18477689
10/09/2015,31.92,32.15,31.48,31.97,18492801
11/09/2015,31.65,31.73,31.25,31.69,13344250
14/09/2015,31.47,31.61,31.25,31.41,12481260
15/09/2015,31.51,31.87,31.51,31.76,14816580
16/09/2015,32.02,32.71,31.97,32.66,17216660
17/09/2015,32.69,33.22,32.43,32.64,19822670
18/09/2015,31.79,32.03,31.36,31.55,21236949
21/09/2015,31.89,31.97,31.53,31.73,15689680
22/09/2015,31.24,31.73,31.18,31.4,17050400
23/09/2015,31.52,31.66,30.98,30.99,13984710
24/09/2015,30.75,31.34,30.55,31.13,18912000
25/09/2015,31.47,31.47,30.91,31.19,15833440
28/09/2015,30.86,30.86,29.92,29.94,16351430
29/09/2015,30.09,30.33,29.7,29.9,18881221
30/09/2015,30.17,30.72,30.14,30.6,16128090
01/10/2015,30.99,31.33,30.39,30.66,17445510
02/10/2015,30.31,31.95,30.26,31.93,19929760
05/10/2015,32.33,33,32.3,32.89,23806990
06/10/2015,33.01,33.87,32.83,33.62,27466391
07/10/2015,34.05,34.47,33.35,34.05,40003078
08/10/2015,33.98,34.84,33.77,34.7,27071721
09/10/2015,34.77,34.81,34.26,34.47,25985670
12/10/2015,34.53,34.53,33.72,34.03,21746250
13/10/2015,33.77,34.17,33.58,33.67,20837820
14/10/2015,33.6,34.09,33.52,33.96,15176740
15/10/2015,33.81,34.59,33.69,34.57,19508211
16/10/2015,34.69,34.78,34.14,34.62,20031250
19/10/2015,34.27,34.29,33.75,33.93,19500230
20/10/2015,33.86,34.19,33.68,34.03,13756520
21/10/2015,33.88,34.04,33.57,33.6,14662110
22/10/2015,33.79,34.29,33.78,34.21,18740750
23/10/2015,34.05,34.45,33.83,34.13,15631000
26/10/2015,34.07,34.07,33.28,33.3,11836060
27/10/2015,32.84,33.01,32.56,32.9,21107330
28/10/2015,33.13,33.85,32.86,33.63,19756480
29/10/2015,33.5,34.11,33.45,33.8,9753598
30/10/2015,33.98,34.38,33.58,34.02,14257250
02/11/2015,33.81,34.99,33.76,34.81,15386860
03/11/2015,35.06,35.97,35.04,35.7,21327170
04/11/2015,35.74,35.84,35.12,35.38,17718801
05/11/2015,35.21,35.6,34.92,35.08,16233510
06/11/2015,34.77,35.04,34.39,34.9,13761220
09/11/2015,34.82,35.2,34.41,34.56,12686990
10/11/2015,34.41,34.94,34.28,34.63,12685450
11/11/2015,34.63,34.67,33.82,33.9,14369720
12/11/2015,33.42,33.66,33.07,33.13,19311471
13/11/2015,33.02,33.29,32.6,32.99,17779641
16/11/2015,32.95,34.13,32.92,34.09,17363090
17/11/2015,34,34.14,33.59,33.72,15228860
18/11/2015,33.95,34.32,33.63,34.27,20951510
19/11/2015,34.07,34.26,33.53,33.81,18912500
20/11/2015,33.82,33.98,33.42,33.45,14213980
23/11/2015,33.42,33.88,33.21,33.69,16407330
24/11/2015,33.85,34.56,33.78,34.41,18943061
25/11/2015,34.12,34.42,33.92,34.13,11100620
27/11/2015,33.85,34.03,33.76,33.89,8376368
30/11/2015,34.03,34.34,33.89,34.01,17605330
01/12/2015,34.04,34.31,33.96,34.28,13797040
02/12/2015,34.06,34.19,33.11,33.22,25428080
03/12/2015,33.38,33.49,32.4,32.56,24219150
04/12/2015,32.25,32.54,31.74,32.35,32839281
07/12/2015,31.55,31.6,30.68,31.12,32800379
08/12/2015,30.44,31.22,30.13,30.8,27336930
09/12/2015,30.94,31.87,30.77,31.21,28756920
10/12/2015,31.22,31.87,31.01,31.41,38914871
11/12/2015,30.87,30.98,30.2,30.23,29003990
14/12/2015,30.09,30.55,29.76,30.39,39116609
15/12/2015,30.82,31.3,30.78,31.16,29070330
16/12/2015,31.04,31.36,30.62,30.95,28751199
17/12/2015,30.97,31.03,30.19,30.19,29074779
18/12/2015,29.95,29.97,29.39,29.4,27139180
21/12/2015,29.4,29.66,29.11,29.43,24015010
22/12/2015,29.53,29.96,29.39,29.77,25291529
23/12/2015,30.37,31.09,30.27,31.07,30210490
24/12/2015,31.11,31.15,30.68,30.79,7215631
28/12/2015,30.25,30.41,30.07,30.23,12553910
29/12/2015,30.75,30.83,30.27,30.44,15106310
30/12/2015,30.02,30.45,30,30.03,15051210
31/12/2015,29.89,30.32,29.79,30.16,19202410
04/01/2016,30.08,30.39,29.65,30.15,21808670
05/01/2016,30.13,30.3,29.79,30.27,15529200
06/01/2016,29.55,29.61,28.86,29.1,26962080
07/01/2016,28.54,29.19,28.27,28.39,28081891
08/01/2016,28.63,28.7,27.92,28.03,19227119
11/01/2016,28.14,28.18,27.08,27.43,28444740
12/01/2016,27.85,27.94,26.73,27.49,35594141
13/01/2016,27.83,28.02,26.54,26.83,33958441
14/01/2016,27.11,28.23,26.68,27.99,38074320
15/01/2016,26.82,27.43,26.66,27.18,36880246
19/01/2016,27.38,27.51,26.17,26.59,35872301
20/01/2016,26.07,26.28,24.97,25.89,51307352
21/01/2016,25.86,27.02,25.69,26.69,43670719
22/01/2016,27.67,28.06,27.23,27.87,38622512
25/01/2016,27.34,28.04,26.55,26.57,29120010
26/01/2016,27.05,27.61,26.7,27.58,25354910
27/01/2016,27.39,28.21,27.1,27.45,36494473
28/01/2016,28.49,28.6,27.72,28.28,38171910
29/01/2016,28.33,29.14,28.25,29.11,31498160
01/02/2016,28.62,28.84,28.2,28.62,27685090
02/02/2016,27.92,28.05,27.52,27.67,25231221
03/02/2016,28.06,28.68,27.06,28.65,36440660
04/02/2016,28.71,29.25,28.5,28.64,37056129
05/02/2016,28.25,28.37,27.74,27.97,30240961
08/02/2016,27.42,28,27,27.83,34806727
09/02/2016,27.41,27.75,26.72,27.16,37411320
10/02/2016,27.08,27.66,26.76,27.05,30215830
11/02/2016,26.58,27.14,26.19,26.93,47986953
12/02/2016,27.3,27.76,27.06,27.64,25782051
16/02/2016,28.11,28.19,27.51,27.92,33800207
17/02/2016,28.25,28.96,28.14,28.83,29280051
18/02/2016,29.08,29.12,28.33,28.47,28832301
19/02/2016,28.09,28.42,27.85,28.41,25128750
22/02/2016,28.95,29.26,28.82,29.13,24708270
23/02/2016,28.85,28.99,28.08,28.14,21455029
24/02/2016,27.61,28.48,27.54,28.42,25279830
25/02/2016,28.34,28.52,27.89,28.45,18588939
26/02/2016,28.92,29,28.52,28.62,21155070
29/02/2016,28.73,28.81,28.27,28.29,22983289
01/03/2016,28.49,29.08,28.2,29.03,23642990
02/03/2016,28.85,29.76,28.71,29.74,26794971
03/03/2016,29.62,30.25,29.61,30.19,24395609
04/03/2016,30.36,30.92,30.04,30.48,30551609
07/03/2016,30.47,31.23,30.32,31.2,33360500
08/03/2016,30.94,30.96,29.84,29.89,29817590
09/03/2016,30.29,30.76,29.92,30.37,25467590
10/03/2016,30.24,30.43,29.85,30.4,28773820
11/03/2016,30.8,31.28,30.76,31.18,24783650
14/03/2016,30.79,31.08,30.67,30.98,21766061
15/03/2016,30.55,30.92,30.33,30.92,21719600
16/03/2016,31.1,31.52,30.89,31.45,26970369
17/03/2016,31.71,32.14,31.42,31.88,28160811
18/03/2016,31.9,31.93,31.45,31.75,30474010
21/03/2016,31.62,31.84,31.29,31.64,16698510
22/03/2016,31.27,31.75,31.25,31.46,14180120
23/03/2016,31.24,31.35,30.71,30.77,18873760
24/03/2016,30.35,30.92,30.2,30.92,15516030
28/03/2016,30.93,31.02,30.54,30.76,11564870
29/03/2016,30.41,30.92,30.23,30.9,14366940
30/03/2016,31.18,31.31,30.78,30.96,15744850
31/03/2016,30.84,31.18,30.79,30.95,14046410
01/04/2016,30.41,30.62,30.31,30.53,14804790
04/04/2016,30.48,30.79,30.22,30.3,15809530
05/04/2016,30.05,30.32,29.97,30.1,16048850
06/04/2016,30.35,30.76,30.12,30.75,18218789
07/04/2016,30.51,30.8,30.32,30.57,13927060
08/04/2016,31.15,31.36,31.03,31.19,17666510
11/04/2016,31.44,31.53,31.06,31.06,16235730
12/04/2016,31.18,32.16,31.11,31.98,27630420
13/04/2016,31.97,32.23,31.74,32.13,18702920
14/04/2016,32.27,32.27,32.01,32.21,17435539
15/04/2016,32.03,32.08,31.73,31.77,14221160
18/04/2016,31.12,32.38,31.04,32.3,20685801
19/04/2016,32.48,32.98,32.33,32.94,17341381
20/04/2016,32.77,33.49,32.66,33.24,21088330
21/04/2016,33.28,33.42,32.97,33.04,19335061
22/04/2016,33.12,33.65,33.1,33.52,15764510
25/04/2016,33.41,33.41,32.9,33.15,17234250
26/04/2016,33.34,33.69,33.26,33.67,13585700
27/04/2016,33.85,34.39,33.83,34.32,21962439
28/04/2016,34.16,34.41,33.67,33.81,15555190
29/04/2016,33.88,34.21,33.24,33.75,24107391
02/05/2016,33.69,33.83,33.3,33.72,15065970
03/05/2016,33.26,33.32,32.72,32.92,16158060
04/05/2016,32.94,33.17,32.25,32.45,18605359
05/05/2016,32.99,33.17,32.44,32.71,14352030
06/05/2016,32.5,33.03,32.42,32.64,12545480
09/05/2016,32.45,32.52,31.75,32.16,16020840
10/05/2016,32.33,32.74,32.31,32.73,10351380
11/05/2016,32.65,33.12,32.38,32.83,14214780
12/05/2016,33.12,33.37,32.67,32.92,12477170
13/05/2016,32.77,33.02,32.42,32.49,12371850
16/05/2016,32.92,33.15,32.83,33.05,13727690
17/05/2016,33.05,33.46,32.95,33.2,15837340
18/05/2016,33.2,33.3,32.67,32.88,22951770
19/05/2016,32.55,32.96,32.24,32.89,16854850
20/05/2016,32.99,33.15,32.78,33.08,9833512
23/05/2016,32.89,33.14,32.77,32.99,10272530
24/05/2016,33.17,33.35,32.96,33.16,11302910
25/05/2016,33.36,33.74,33.33,33.69,14268100
26/05/2016,33.82,33.96,33.44,33.55,10716800
27/05/2016,33.42,33.59,33.24,33.57,9258701
31/05/2016,33.65,33.91,33.28,33.44,15406120
01/06/2016,33.11,33.55,33.03,33.45,16695660
02/06/2016,33.19,33.42,33.07,33.4,12849990
03/06/2016,33.4,33.58,33.07,33.27,12157730
06/06/2016,33.6,34.03,33.53,34.01,18223801
07/06/2016,34.12,34.87,34.1,34.78,15618290
08/06/2016,34.99,35.13,34.6,34.7,18129711
09/06/2016,34.3,34.6,34.26,34.43,12340600
10/06/2016,34.08,34.3,33.64,33.69,14490190
13/06/2016,33.52,34.04,33.49,33.59,11587860
14/06/2016,33.45,33.74,33.19,33.57,12202470
15/06/2016,33.44,33.89,33.25,33.49,16829529
16/06/2016,33.13,33.38,32.67,33.33,19993689
17/06/2016,33.45,33.51,33.25,33.45,17435939
20/06/2016,33.92,34,33.71,33.74,10913240
21/06/2016,33.66,34.21,33.56,34.14,11222300
22/06/2016,34.28,34.28,33.92,33.95,10258220
23/06/2016,34.3,34.52,34.17,34.51,9538468
24/06/2016,33.17,33.77,33.15,33.39,26879900
27/06/2016,32.94,32.97,32.06,32.32,21824750
28/06/2016,32.92,33.23,32.74,33.22,14550430
29/06/2016,33.42,34.05,33.42,33.85,16354430
30/06/2016,33.71,34.14,33.64,34.12,12132270
01/07/2016,34.08,34.42,34.06,34.3,12678830
05/07/2016,33.84,33.96,33.28,33.61,15069920
06/07/2016,33.42,33.78,33.19,33.75,15897470
07/07/2016,33.96,34.17,33.17,33.41,14097790
08/07/2016,33.71,33.98,33.53,33.85,11567900
11/07/2016,34.03,34.2,33.89,33.92,9750386
12/07/2016,34.43,34.91,34.36,34.76,15524540
13/07/2016,34.66,34.85,34.14,34.46,12546250
14/07/2016,34.73,34.82,34.53,34.64,10898600
15/07/2016,34.76,34.84,34.49,34.62,9129529
18/07/2016,34.52,34.66,34.29,34.64,9401131
19/07/2016,34.56,34.61,34.32,34.44,6991909
20/07/2016,34.31,34.57,34.02,34.4,11554950
21/07/2016,34.3,34.62,33.97,34.06,9256914
22/07/2016,34.13,34.22,33.94,34.16,7990615
25/07/2016,33.94,34.01,33.35,33.48,12771660
26/07/2016,33.28,33.71,33.27,33.67,12393900
27/07/2016,33.72,33.97,33.2,33.35,16177900
28/07/2016,33.31,33.51,33.12,33.35,10863460
29/07/2016,32.88,33.73,32.85,33.69,16501789
01/08/2016,33.4,33.42,32.47,32.58,30648520
02/08/2016,32.81,33.03,32.28,32.88,25600080
03/08/2016,32.88,33.53,32.75,33.51,23905619
04/08/2016,33.39,33.69,33.27,33.46,16790221
05/08/2016,33.48,33.81,33.42,33.77,11426780
08/08/2016,34,34.45,33.99,34.22,21663400
09/08/2016,34.31,34.37,33.9,34.03,11128360
10/08/2016,34.1,34.18,33.6,33.67,18036789
11/08/2016,33.81,34.31,33.74,34.16,17429740
12/08/2016,34.25,34.46,34.16,34.35,10189670
15/08/2016,34.55,34.7,34.45,34.63,10703380
16/08/2016,34.57,34.79,34.35,34.68,10242760
17/08/2016,34.51,34.81,34.48,34.78,14719470
18/08/2016,34.91,35.5,34.87,35.5,24148539
19/08/2016,35.39,35.39,35.08,35.21,11045740
22/08/2016,34.9,34.97,34.64,34.8,14136700
23/08/2016,34.8,35.14,34.8,35.04,12456240
24/08/2016,34.85,35.08,34.81,34.91,16452641
25/08/2016,34.85,34.96,34.7,34.81,11895850
26/08/2016,34.87,35.14,34.53,34.69,14575070
29/08/2016,34.59,34.96,34.55,34.92,7393983
30/08/2016,35.01,35.14,34.67,34.81,7132867
31/08/2016,34.61,34.66,34.07,34.26,13232790
01/09/2016,34.11,34.24,33.89,34.16,16668520
02/09/2016,34.49,34.63,34.33,34.54,10794390
06/09/2016,34.63,35.09,34.6,35.06,12844060
07/09/2016,35.22,35.34,35.07,35.26,15094550
08/09/2016,35.49,35.97,35.32,35.92,18005350
09/09/2016,35.59,35.7,34.85,34.85,21771830
12/09/2016,34.6,35.38,34.54,35.2,21972900
13/09/2016,34.81,34.83,34.09,34.19,24580359
14/09/2016,34.15,34.56,33.7,33.78,26470160
15/09/2016,33.92,34.45,33.87,34.21,17234000
16/09/2016,33.51,33.85,33.51,33.73,17394410
19/09/2016,34,34.09,33.7,33.71,11797510
20/09/2016,33.67,33.9,33.44,33.46,14132940
21/09/2016,33.75,34.25,33.71,34.24,20260891
22/09/2016,34.6,34.73,34.25,34.28,13315920
23/09/2016,34.11,34.42,33.63,33.82,23075180
26/09/2016,33.94,34.12,33.6,33.67,13240150
27/09/2016,33.34,33.53,33.07,33.45,19410221
28/09/2016,33.64,34.94,33.35,34.89,41143441
29/09/2016,34.87,35.23,34.52,34.83,27001561
30/09/2016,35.08,35.49,34.85,35.31,14714530
03/10/2016,35.37,35.42,34.99,35.28,13154940
04/10/2016,35.31,35.4,34.78,34.92,11852810
05/10/2016,35.28,35.62,35.24,35.46,13351150
06/10/2016,35.56,35.67,35.19,35.51,11175780
07/10/2016,35.52,35.67,35.2,35.31,11744430
10/10/2016,35.66,35.99,35.62,35.86,11534500
11/10/2016,35.74,35.8,35.26,35.45,13712240
12/10/2016,35.3,35.42,35,35.3,10439110
13/10/2016,35.08,35.28,34.65,35.1,13543380
14/10/2016,35.28,35.4,34.88,34.9,11372450
17/10/2016,34.91,35.02,34.54,34.73,7425014
18/10/2016,35.08,35.15,34.72,34.87,6945066
19/10/2016,35.14,35.64,35.1,35.37,14315900
20/10/2016,35.16,35.47,34.96,35.33,12494520
21/10/2016,35.1,35.16,34.89,35.1,14238480
24/10/2016,35.1,35.22,34.61,34.99,10668450
25/10/2016,34.98,35.35,34.77,34.83,13227130
26/10/2016,34.52,35.06,34.46,34.91,17867801
27/10/2016,35.06,35.11,34.77,34.78,14206310
28/10/2016,34.72,35.22,34.47,34.69,18558381
31/10/2016,34.56,34.74,34.25,34.31,12973840
01/11/2016,34.57,34.69,33.94,34.32,18824789
02/11/2016,33.99,34.11,33.5,33.94,22982980
03/11/2016,33.94,34.13,33.75,34.07,12748060
04/11/2016,33.9,34.23,33.68,33.89,17554080
07/11/2016,34.27,34.64,34.27,34.62,14799520
08/11/2016,34.45,34.85,34.4,34.66,11208710
09/11/2016,34.78,35.49,34.38,35.23,25993770
10/11/2016,35.2,35.64,35.08,35.38,20634830
11/11/2016,35.17,35.23,34.45,34.73,17659711
14/11/2016,34.6,34.96,34.42,34.92,12572010
15/11/2016,35.23,35.93,35.2,35.91,19228711
16/11/2016,35.83,36.07,35.55,35.66,16609100
17/11/2016,35.96,36.2,35.33,35.42,10337980
18/11/2016,35.55,35.77,35.37,35.57,11962310
21/11/2016,36.07,36.45,36.07,36.41,16875400
22/11/2016,36.42,36.6,35.95,36.39,16013240
23/11/2016,36.22,36.66,36.17,36.54,11461960
25/11/2016,36.39,36.47,36.18,36.36,8791783
28/11/2016,36.53,36.55,35.79,35.85,18790090
29/11/2016,35.31,35.63,35.03,35.42,18361740
30/11/2016,36.65,37.56,36.65,37.22,44854801
01/12/2016,37.91,38.03,37.28,37.31,27382381
02/12/2016,37.28,37.59,37.18,37.42,18338850
05/12/2016,37.76,38.05,37.6,37.74,22535119
06/12/2016,37.52,37.83,37.29,37.67,16963500
07/12/2016,37.59,38.03,37.59,37.98,16008270
08/12/2016,38.08,38.23,37.78,38.18,14600160
09/12/2016,38.38,38.38,38.08,38.3,8974831
12/12/2016,39.15,39.23,38.32,38.48,16130190
13/12/2016,38.77,39.2,38.42,38.92,16028550
14/12/2016,38.73,38.89,38.03,38.14,19851369
15/12/2016,37.98,38.36,37.76,38.22,20251779
16/12/2016,38.29,38.29,38.06,38.26,17864900
19/12/2016,38.22,38.28,38.01,38.08,7113208
20/12/2016,38.28,38.33,37.89,37.99,8982113
21/12/2016,38.08,38.23,37.87,38.06,8102704
22/12/2016,38.08,38.31,38.01,38.21,10970370
23/12/2016,38.15,38.25,38.09,38.17,6398132
27/12/2016,38.24,38.39,38.2,38.26,10008860
28/12/2016,38.35,38.36,37.82,37.85,8093680
29/12/2016,37.79,37.9,37.64,37.77,6697449
30/12/2016,37.74,37.95,37.54,37.66,8853288
03/01/2017,38.06,38.41,37.68,38.09,24623100
04/01/2017,38.12,38.19,37.88,38.01,11185510
05/01/2017,38.03,38.17,37.73,37.91,11141180
06/01/2017,38.03,38.07,37.7,37.95,7410548
09/01/2017,37.7,37.73,37.34,37.4,10960920
10/01/2017,37.37,37.45,37.03,37.06,9660843
11/01/2017,37.19,37.53,37.03,37.46,13127040
12/01/2017,37.67,37.71,37.15,37.3,10895600
13/01/2017,37.25,37.33,37.1,37.19,9906660
17/01/2017,37.31,37.51,37.28,37.42,9782959
18/01/2017,37.22,37.44,37.17,37.34,8725161
19/01/2017,37.34,37.35,37.04,37.13,9000920
20/01/2017,37.37,37.49,37.15,37.27,9182221
23/01/2017,37.1,37.17,36.7,36.88,15207040
24/01/2017,37.02,37.44,36.95,37.28,11857240
25/01/2017,37.29,37.59,37.28,37.48,9410281
26/01/2017,37.6,37.66,37.42,37.51,8651667
27/01/2017,37.28,37.32,37.01,37.12,9950921
30/01/2017,36.95,36.97,36.18,36.44,13286400
31/01/2017,36.46,36.51,36.07,36.45,14007380
01/02/2017,36.65,36.69,35.96,36.18,18424311
02/02/2017,36.24,36.45,35.95,36.39,12880100
03/02/2017,36.53,36.89,36.32,36.7,11828580
06/02/2017,36.76,36.83,36.28,36.39,10521670
07/02/2017,36.23,36.4,35.69,35.88,14157750
08/02/2017,35.71,36.04,35.33,35.96,16148410
09/02/2017,36.17,36.48,36.17,36.37,9261602
10/02/2017,36.66,36.85,36.53,36.64,10405370
13/02/2017,36.57,36.73,36.49,36.71,7984938
14/02/2017,36.82,36.85,36.37,36.83,10771690
15/02/2017,36.72,36.88,36.57,36.69,8926600
16/02/2017,36.72,36.77,36.13,36.19,11375440
17/02/2017,36,36.1,35.87,35.99,11645030
21/02/2017,36.33,36.42,36.17,36.23,11802520
22/02/2017,36.06,36.1,35.65,35.68,11539410
23/02/2017,36.08,36.14,35.6,35.83,17390150
24/02/2017,35.57,35.71,35.32,35.49,13997640
27/02/2017,35.53,35.96,35.47,35.8,23686439
28/02/2017,35.7,35.86,35.59,35.69,14018450
01/03/2017,36.02,36.57,35.99,36.41,18997570
02/03/2017,36.23,36.41,36.05,36.06,10770280
03/03/2017,36.12,36.26,35.91,35.99,11166490
06/03/2017,35.94,36.13,35.8,36.08,8374749
07/03/2017,36.21,36.22,35.71,35.76,11461750
08/03/2017,35.61,35.82,34.81,34.83,25566240
09/03/2017,34.65,35.08,34.45,35.06,27770650
10/03/2017,35.28,35.33,34.8,35.01,17479270
13/03/2017,34.97,35.18,34.89,35.01,13078800
14/03/2017,34.74,34.74,34.31,34.62,26384760
15/03/2017,34.91,35.47,34.74,35.39,23205010
16/03/2017,35.46,35.46,35.03,35.14,16277550
17/03/2017,35.07,35.15,34.9,34.9,14243910
20/03/2017,34.78,34.92,34.58,34.87,12218670
21/03/2017,35.02,35.04,34.48,34.6,16717189
22/03/2017,34.5,34.72,34.36,34.56,12419610
23/03/2017,34.46,34.71,34.38,34.42,11800440
24/03/2017,34.47,34.54,34.22,34.28,10442480
27/03/2017,33.96,34.22,33.93,34.12,11491250
28/03/2017,34.17,34.69,34.09,34.6,27922590
29/03/2017,34.6,35.14,34.51,35.08,18575199
30/03/2017,35.3,35.39,34.98,35.07,15912320
31/03/2017,34.96,35.17,34.79,34.95,19861199
03/04/2017,35.01,35.03,34.54,34.89,13133310
04/04/2017,34.97,35.17,34.63,35.15,12973970
05/04/2017,35.44,35.74,34.98,35.03,22733721
06/04/2017,35.17,35.42,35.08,35.32,13124710
07/04/2017,35.34,35.43,35.13,35.18,12580300
10/04/2017,35.38,35.6,35.3,35.45,10820940
11/04/2017,35.5,35.52,35.07,35.45,13891470
12/04/2017,35.49,35.71,35.19,35.3,11453570
13/04/2017,35.27,35.3,34.58,34.66,17655961
17/04/2017,34.65,34.77,34.56,34.73,8012191
18/04/2017,34.58,34.81,34.33,34.41,14750280
19/04/2017,34.49,34.55,33.81,33.9,18125400
20/04/2017,34,34.32,33.97,34.07,16235420
21/04/2017,33.92,34.07,33.73,33.9,14116060
24/04/2017,34.15,34.24,33.99,34.1,13350680
25/04/2017,34.18,34.47,34.08,34.39,15590960
26/04/2017,34.23,34.74,34.21,34.27,18737580
27/04/2017,34.01,34.04,33.56,33.9,20547721
28/04/2017,34.19,34.24,33.87,33.92,14425960
01/05/2017,33.91,34,33.75,33.83,9419426
02/05/2017,33.9,34.01,33.52,33.66,16435641
03/05/2017,33.58,33.91,33.49,33.75,16934779
04/05/2017,33.52,33.56,32.92,33.13,33944539
05/05/2017,33.15,33.71,33.13,33.66,18743750
08/05/2017,33.65,33.96,33.62,33.9,18948730
09/05/2017,33.97,33.97,33.51,33.62,10719710
10/05/2017,33.81,34.22,33.78,34.06,18259170
11/05/2017,34.18,34.24,33.94,33.99,11968680
12/05/2017,33.97,34.03,33.78,33.88,10708600
15/05/2017,34.38,34.44,34.03,34.14,13206870
16/05/2017,34.3,34.3,33.85,33.97,11693390
17/05/2017,33.77,34.06,33.62,33.64,15606750
18/05/2017,33.49,33.79,33.36,33.63,14114950
19/05/2017,33.79,34.11,33.71,34.04,15624510
22/05/2017,34.22,34.24,33.85,33.97,10339250
23/05/2017,34.06,34.09,33.87,34.05,9086831
24/05/2017,34.01,34.11,33.71,33.87,13591540
25/05/2017,33.78,34.12,33.13,33.25,23329250
26/05/2017,33.25,33.34,33.09,33.31,13199140
30/05/2017,33.13,33.13,32.85,32.86,14529110
31/05/2017,32.6,32.82,32.55,32.72,16093030
01/06/2017,32.74,33.05,32.63,32.92,17983670
02/06/2017,32.78,32.78,32.41,32.55,16542551
05/06/2017,32.45,32.73,32.44,32.6,12552470
06/06/2017,32.59,33.05,32.51,32.99,14835280
07/06/2017,32.85,33.02,32.3,32.53,22942131
08/06/2017,32.37,32.67,32.36,32.43,19569340
09/06/2017,32.51,33.32,32.5,33.21,23184199
12/06/2017,33.51,33.78,33.37,33.45,22924391
13/06/2017,33.55,33.74,33.39,33.7,15807860
14/06/2017,33.6,33.6,32.83,33.09,30280221
15/06/2017,32.94,33.1,32.69,32.84,19258891
16/06/2017,32.81,33.17,32.6,33.15,24621010
19/06/2017,33.08,33.15,32.85,32.94,15678380
20/06/2017,32.56,32.61,32.16,32.52,16063430
21/06/2017,32.42,32.61,31.82,32,27305461
22/06/2017,32.01,32.25,31.85,31.98,15431610
23/06/2017,31.98,32.23,31.89,32.19,14555500
26/06/2017,32.29,32.35,31.99,32.12,13603360
27/06/2017,32.24,32.38,32.07,32.07,14227470
28/06/2017,32.11,32.44,32.09,32.24,16859910
29/06/2017,32.34,32.67,32.24,32.32,19022430
30/06/2017,32.55,32.61,32.25,32.46,19643150
03/07/2017,32.58,33.24,32.54,33.09,18402801
05/07/2017,32.92,32.95,32.29,32.42,20988221
06/07/2017,32.47,32.57,31.99,32.06,20788939
07/07/2017,31.95,32.05,31.65,32.01,16036750
10/07/2017,31.96,32.19,31.89,32.11,14153840
11/07/2017,32.17,32.4,31.97,32.28,11899830
12/07/2017,32.6,32.69,32.24,32.38,14818640
13/07/2017,32.4,32.53,32.22,32.51,10056780
14/07/2017,32.53,32.76,32.49,32.7,10272540
17/07/2017,32.64,32.88,32.61,32.66,12214940
18/07/2017,32.83,32.84,32.37,32.51,14956760
19/07/2017,32.47,33.01,32.45,32.98,24802699
20/07/2017,33.17,33.28,32.79,32.88,17159289
21/07/2017,32.77,32.92,32.51,32.56,13861340
24/07/2017,32.63,32.67,32.42,32.49,10433370
25/07/2017,32.89,33.14,32.81,32.91,15479290
26/07/2017,33.09,33.32,32.85,32.94,21211410
27/07/2017,32.95,33.29,32.8,33.28,15815910
28/07/2017,33.17,33.56,33.11,33.24,14765010
31/07/2017,33.24,33.5,33.16,33.31,13519500
01/08/2017,33.33,33.49,33.16,33.31,12668680
02/08/2017,33.14,33.32,32.84,33.18,15118530
03/08/2017,33.13,33.18,32.57,32.72,15327800
04/08/2017,32.73,32.91,32.66,32.82,9370985
07/08/2017,32.68,32.74,32.47,32.57,11437260
08/08/2017,32.48,32.78,32.4,32.49,10429130
09/08/2017,32.55,32.73,32.41,32.53,10437870
10/08/2017,32.58,32.64,32.13,32.18,15262090
11/08/2017,32.08,32.26,31.94,31.97,15990940
14/08/2017,32.03,32.17,31.84,31.88,11406700
15/08/2017,31.93,31.93,31.57,31.76,12725620
16/08/2017,31.77,31.85,31.39,31.45,16583330
17/08/2017,31.33,31.45,31,31.01,14796930
18/08/2017,30.93,31.37,30.91,31.16,18632660
21/08/2017,31.12,31.13,30.9,31,10375180
22/08/2017,31.09,31.28,31.07,31.21,15171820
23/08/2017,31.14,31.5,31.11,31.34,11525970
24/08/2017,31.23,31.44,31.22,31.36,10390510
25/08/2017,31.42,31.63,31.41,31.5,8220210
28/08/2017,31.52,31.62,31.19,31.36,9956048
29/08/2017,31.21,31.36,31.09,31.32,8727081
30/08/2017,31.2,31.43,31.11,31.34,8664419
31/08/2017,31.47,31.57,31.37,31.49,10333680
01/09/2017,31.54,31.9,31.46,31.79,11595540
05/09/2017,31.92,32.12,31.74,31.97,18114750
06/09/2017,32.13,32.58,32.11,32.49,17052131
07/09/2017,32.5,32.63,32.33,32.55,8640332
08/09/2017,32.48,32.49,32.05,32.2,10264740
11/09/2017,32.33,32.55,32.25,32.51,13551060
12/09/2017,32.6,32.78,32.52,32.71,9409697
13/09/2017,32.78,33.14,32.74,33.12,15893280
14/09/2017,33.18,33.5,33.17,33.28,14583400
15/09/2017,32.91,32.92,32.7,32.92,13068130
18/09/2017,32.85,33.08,32.82,33.06,12583550
19/09/2017,33.13,33.24,33.07,33.2,10504260
20/09/2017,33.29,33.51,33.26,33.42,18273770
21/09/2017,33.38,33.51,33.28,33.43,8874083
22/09/2017,33.4,33.7,33.37,33.6,14647940
25/09/2017,33.76,34.19,33.72,34.09,14833770
26/09/2017,34,34.13,33.91,34.07,10710700
27/09/2017,34.1,34.23,33.91,34.22,10918240
28/09/2017,34.29,34.45,34.15,34.24,11799900
29/09/2017,34.13,34.24,34.02,34.24,14287470
02/10/2017,33.88,34.24,33.74,34.23,12416790
03/10/2017,34.19,34.31,34.12,34.2,7239789
04/10/2017,34.2,34.3,34.05,34.17,10197590
05/10/2017,34.2,34.38,34.17,34.33,10161800
06/10/2017,34,34.19,33.92,34.03,11963270
09/10/2017,34.08,34.21,34.03,34.1,5764084
10/10/2017,34.35,34.47,34.1,34.14,7763702
11/10/2017,34.1,34.23,33.96,34.22,10287020
12/10/2017,33.96,34.13,33.9,34.09,10181100
13/10/2017,34.29,34.39,34.05,34.07,8893702
16/10/2017,34.17,34.34,34.08,34.15,7666914
17/10/2017,34.14,34.24,33.98,34.17,8377136
18/10/2017,34.14,34.28,33.89,33.92,7706312
19/10/2017,33.69,33.96,33.67,33.82,7591879
20/10/2017,33.9,33.91,33.66,33.89,9820249
23/10/2017,33.91,34.02,33.68,33.71,8655313
24/10/2017,33.83,33.92,33.7,33.78,9820238
25/10/2017,33.72,33.81,33.44,33.54,13522750
26/10/2017,33.56,33.72,33.41,33.61,9362173
27/10/2017,33.44,33.85,33.17,33.67,16187990
30/10/2017,33.72,33.94,33.66,33.85,11614810
31/10/2017,33.86,34.08,33.71,33.96,9648980
01/11/2017,34.16,34.5,34.15,34.34,17306250
02/11/2017,34.34,34.44,34.03,34.24,11328300
03/11/2017,34.23,34.48,34.19,34.34,11111880
06/11/2017,34.49,35.17,34.44,35.13,19099971
07/11/2017,35.19,35.23,34.9,35.08,13410300
08/11/2017,34.99,35.09,34.72,34.91,14246620
09/11/2017,34.78,35.08,34.73,35.02,12988860
10/11/2017,34.96,34.99,34.57,34.83,10534240
13/11/2017,34.74,34.87,34.59,34.63,7489798
14/11/2017,34.5,34.5,34.03,34.07,16527689
15/11/2017,33.77,33.84,33.55,33.69,17693131
16/11/2017,33.58,33.7,33.46,33.55,12513950
17/11/2017,33.62,33.78,33.53,33.72,9172427
20/11/2017,33.67,33.71,33.49,33.64,7785255
21/11/2017,33.77,33.9,33.64,33.71,8464364
22/11/2017,33.91,33.98,33.83,33.85,9307472
24/11/2017,33.98,34.05,33.94,33.94,4990724
27/11/2017,33.8,33.84,33.52,33.6,10595900
28/11/2017,33.63,33.91,33.59,33.85,12113320
29/11/2017,33.84,34.1,33.77,34.04,13599340
30/11/2017,34.12,34.62,34.12,34.55,22303580
01/12/2017,34.8,35.08,34.47,34.84,21188340
04/12/2017,34.88,35.38,34.72,34.83,13575950
05/12/2017,34.83,34.95,34.64,34.67,10689760
06/12/2017,34.58,34.64,34.18,34.23,12061160
07/12/2017,34.19,34.39,34.16,34.33,8639978
08/12/2017,34.5,34.66,33.34,34.64,10696690
11/12/2017,34.71,35.07,34.69,34.89,11316720
12/12/2017,35.03,35.07,34.75,34.8,11758230
13/12/2017,34.8,34.88,34.64,34.74,9216049
14/12/2017,34.62,34.87,34.6,34.62,11782850
15/12/2017,34.64,34.64,34.31,34.36,10153410
18/12/2017,34.45,34.8,34.44,34.63,9660685
19/12/2017,34.78,34.88,34.6,34.67,6764247
20/12/2017,34.79,35.23,34.69,35.17,12254500
21/12/2017,35.18,36.02,35.15,35.91,16803131
22/12/2017,35.95,36.13,35.8,35.99,10660820
26/12/2017,36.12,36.36,36.04,36.3,8631105
27/12/2017,36.31,36.32,36.11,36.18,10855320
28/12/2017,36.17,36.24,36.11,36.24,7966785
29/12/2017,36.33,36.35,36.07,36.13,7356372
02/01/2018,36.31,36.77,36.2,36.73,14891350
03/01/2018,36.8,37.37,36.76,37.28,19299631
04/01/2018,37.25,37.53,37.12,37.5,14306840
05/01/2018,37.45,37.52,37.17,37.49,14204430
08/01/2018,37.47,37.73,37.37,37.71,9779217
09/01/2018,37.78,37.8,37.56,37.62,9234491
10/01/2018,37.73,37.75,37.54,37.57,10821980
11/01/2018,37.7,38.48,37.57,38.34,18089529
12/01/2018,38.35,38.81,38.35,38.71,19819211
16/01/2018,38.8,38.83,38.15,38.22,16894939
17/01/2018,38.33,38.72,38.08,38.56,14007380
18/01/2018,38.41,38.51,38.17,38.24,11514620
19/01/2018,38.16,38.21,37.94,38.19,12962750
22/01/2018,38.24,39.03,38.23,39.02,17016721
23/01/2018,39.09,39.13,38.76,38.96,10184940
24/01/2018,39,39.2,38.72,38.85,12919670
25/01/2018,39.05,39.05,38.48,38.55,11718450
26/01/2018,38.63,38.82,38.55,38.76,7785306
29/01/2018,38.6,38.74,38.11,38.17,12647170
30/01/2018,37.85,37.96,37.37,37.4,22751840
31/01/2018,37.5,37.57,37.17,37.42,15765550
01/02/2018,37.48,37.84,37.27,37.81,18011561
02/02/2018,37.12,37.21,36.03,36.23,31005410
05/02/2018,35.74,36.2,34.14,34.71,34767641
06/02/2018,34.12,35.23,33.95,34.99,32815180
07/02/2018,35.1,35.53,34.4,34.4,24603699
08/02/2018,34.44,34.58,33.34,33.36,27771119
09/02/2018,33.76,33.79,32.23,33.34,35174090
12/02/2018,33.77,34.26,33.6,33.88,24956859
13/02/2018,33.71,33.89,33.51,33.74,12284950
14/02/2018,33.41,34.33,33.33,34.23,19756920
15/02/2018,34.3,34.33,33.6,34.15,16469369
16/02/2018,34,34.38,33.85,34.06,13791070
20/02/2018,34.13,34.38,33.72,33.88,17808100
21/02/2018,33.78,34.09,33.31,33.31,12545400
22/02/2018,33.55,34.17,33.46,33.67,15330260
23/02/2018,33.84,34.42,33.78,34.4,15684830
26/02/2018,34.58,34.67,34.4,34.6,12156410
27/02/2018,34.67,34.95,34.15,34.16,13465710
28/02/2018,34.34,34.46,33.35,33.37,17621961
01/03/2018,33.34,33.84,33.08,33.32,22974980
02/03/2018,33.09,33.6,32.83,33.48,14578880
05/03/2018,33.32,33.94,33.26,33.83,12831530
06/03/2018,34.04,34.17,33.68,33.85,15677940
07/03/2018,33.49,33.84,33.28,33.6,12362600
08/03/2018,33.67,33.77,33.35,33.59,8013317
09/03/2018,33.85,34.26,33.82,34.23,11393050
12/03/2018,34.24,34.47,34.05,34.22,9486031
13/03/2018,34.32,34.48,33.83,33.97,10730850
14/03/2018,34.1,34.2,33.7,33.77,11348150
15/03/2018,33.9,34.04,33.34,33.6,12408510
16/03/2018,33.38,33.81,33.31,33.66,14342580
19/03/2018,33.55,33.6,32.95,33.14,14524980
20/03/2018,33.32,33.64,33.27,33.42,11259110
21/03/2018,33.62,34.51,33.51,34.29,16439551
22/03/2018,33.91,34.09,33.53,33.59,18483779
23/03/2018,33.76,34.15,33.31,33.39,19214279
26/03/2018,33.77,34.03,33.38,33.99,15953440
27/03/2018,34.13,34.27,33.47,33.67,13923130
28/03/2018,33.69,33.8,32.96,33.01,18228750
29/03/2018,33.16,33.84,33.15,33.71,13997920
02/04/2018,33.58,33.64,32.46,33.03,18993109
03/04/2018,33.16,33.77,32.84,33.74,14114320
04/04/2018,33.22,33.76,32.99,33.69,12490780
05/04/2018,33.78,34.51,33.78,34.3,13528410
06/04/2018,34.08,34.24,33.23,33.67,18883891
09/04/2018,33.84,34.27,33.7,33.84,10819830
10/04/2018,34.37,35.23,34.36,34.96,22621830
11/04/2018,34.9,35.4,34.85,35.32,21190949
12/04/2018,35.44,35.6,35.19,35.32,14311620
13/04/2018,35.51,35.85,35.46,35.71,13330420
16/04/2018,35.78,36.23,35.6,36.07,14024340
17/04/2018,36.17,36.38,35.96,36.21,16105270
18/04/2018,36.53,37.11,36.52,36.78,17311471
19/04/2018,36.81,37.1,36.6,36.83,18150340
20/04/2018,36.75,36.78,36.42,36.65,13690420
23/04/2018,36.53,36.88,36.34,36.88,14844630
24/04/2018,36.98,37.23,36.28,36.48,22787510
25/04/2018,36.37,36.82,36.14,36.77,13163310
26/04/2018,36.91,37.34,36.79,37.31,12216890
27/04/2018,36.92,37.1,36.77,36.91,10539300
30/04/2018,36.85,37.32,36.84,36.91,12963190
01/05/2018,36.72,36.74,36.22,36.68,13800930
02/05/2018,36.57,37.12,36.52,36.83,13434740
03/05/2018,36.66,36.81,36.25,36.74,15329580
04/05/2018,36.65,37.06,36.49,36.92,13585490
07/05/2018,37.22,37.78,36.9,36.98,17973699
08/05/2018,36.99,37.28,36.32,37.27,28774061
09/05/2018,37.72,38.45,37.72,38.03,24903939
10/05/2018,38.17,38.4,38,38.31,13890090
11/05/2018,38.4,38.63,38.28,38.37,12010660
14/05/2018,38.49,38.81,38.49,38.63,10226320
15/05/2018,38.55,38.7,38.35,38.64,10482690
16/05/2018,38.59,38.8,38.39,38.78,11997160
17/05/2018,38.9,39.41,38.88,39.36,16271320
18/05/2018,39.29,39.33,39.03,39.06,14092680
21/05/2018,39.28,39.46,39.08,39.46,11513110
22/05/2018,39.45,39.71,38.82,38.93,16583400
23/05/2018,38.71,38.96,38.38,38.92,16605789
24/05/2018,38.48,38.53,38.11,38.28,19154750
25/05/2018,37.61,37.66,36.92,37.29,32453520
29/05/2018,37,37.4,36.83,37.17,19327461
30/05/2018,37.49,38.47,37.48,38.3,23022170
31/05/2018,38.02,38.46,37.93,38.01,13258720
01/06/2018,38.14,38.44,37.99,38.19,14102550
04/06/2018,38.32,38.6,37.76,37.86,13689210
05/06/2018,37.67,38.06,37.59,37.77,13707930
06/06/2018,37.91,38.05,37.62,37.95,13479250
07/06/2018,38.15,38.74,38.14,38.53,15178860
08/06/2018,38.57,38.67,38.21,38.45,11236630
11/06/2018,38.44,38.82,38.36,38.65,10717780
12/06/2018,38.65,38.74,38.25,38.35,15707230
13/06/2018,38.24,38.44,38.05,38.21,12502110
14/06/2018,38.32,38.43,38.06,38.16,10291140
15/06/2018,37.68,37.76,37.01,37.09,16089400
18/06/2018,36.99,37.71,36.99,37.46,13184370
19/06/2018,37.01,37.51,36.9,37.37,12607640
20/06/2018,37.6,37.67,37.24,37.53,11655930
21/06/2018,37.27,37.29,36.67,36.84,15009800
22/06/2018,37.75,37.99,37.57,37.58,28310939
25/06/2018,37.47,37.52,36.57,36.82,18380350
26/06/2018,36.92,37.43,36.78,37.28,13529150
27/06/2018,37.6,38.26,37.58,37.78,20583869
28/06/2018,37.84,37.98,37.45,37.74,14285370
29/06/2018,37.84,38.37,37.84,37.97,13167940
02/07/2018,37.71,37.72,37.21,37.41,15296550
03/07/2018,37.8,38.23,37.56,37.65,9308177
05/07/2018,37.88,37.99,37.49,37.6,9969537
06/07/2018,37.49,37.96,37.32,37.84,9310429
09/07/2018,38.07,38.46,38.05,38.4,11059160
10/07/2018,38.64,39,38.59,38.69,11003760
11/07/2018,38.33,38.56,37.62,37.87,19362770
12/07/2018,37.97,38.17,37.66,37.93,12568030
13/07/2018,37.97,38.36,37.87,38.13,11423090
16/07/2018,37.76,37.94,37.37,37.69,11390740
17/07/2018,37.57,37.75,37.33,37.54,9753183
18/07/2018,37.36,37.62,36.99,37.57,15351520
19/07/2018,37.47,37.74,37.42,37.58,16231810
20/07/2018,37.58,37.66,37.33,37.45,10861320
23/07/2018,37.55,37.58,37.21,37.28,7623849
24/07/2018,37.45,37.97,37.4,37.75,10168500
25/07/2018,37.8,38.16,37.62,38.07,11037550
26/07/2018,38.15,38.55,38.07,38.48,12187390
27/07/2018,38.05,38.52,38,38.32,12642810
30/07/2018,38.62,38.78,38.49,38.63,11395000
31/07/2018,38.7,38.81,38.47,38.56,11290710
01/08/2018,38.23,38.24,37.82,38.03,11172630
02/08/2018,37.74,37.89,37.5,37.82,9689758
03/08/2018,37.74,37.81,37.43,37.62,7663337
06/08/2018,37.73,37.94,37.51,37.76,8200093
07/08/2018,38.15,38.25,37.92,38.04,11798340
08/08/2018,37.78,37.91,37.54,37.77,9401055
09/08/2018,37.8,37.87,37.35,37.42,15232470
10/08/2018,37.33,37.65,37.26,37.65,16977730
13/08/2018,37.58,37.71,37.15,37.17,9817144
14/08/2018,37.45,37.51,37.1,37.26,10437870
15/08/2018,36.9,36.96,35.85,35.96,26400449
16/08/2018,36.13,36.42,36.11,36.22,25013730
17/08/2018,36.31,36.4,36.17,36.31,11532980
20/08/2018,36.32,36.68,36.3,36.55,8345742
21/08/2018,36.85,37.03,36.69,36.74,9509139
22/08/2018,36.97,37.29,36.94,37.17,9345383
23/08/2018,37,37.07,36.86,37,6468894
24/08/2018,37.23,37.49,37.2,37.27,7753284
27/08/2018,37.4,37.59,37.34,37.55,6984879
28/08/2018,37.62,37.77,37.36,37.39,8393479
29/08/2018,37.51,37.77,37.39,37.62,7760446
30/08/2018,37.6,37.67,37.31,37.51,9250541
31/08/2018,37.4,37.41,37.07,37.22,8909659
04/09/2018,37.39,37.42,36.99,37.14,15094740
05/09/2018,36.97,37.11,36.6,37.09,9598117
06/09/2018,36.95,37.08,36.31,36.41,14406400
07/09/2018,36.27,36.47,35.89,36.4,10134370
10/09/2018,36.59,36.74,36.37,36.39,8911663
11/09/2018,36.35,36.94,36.25,36.73,14281570
12/09/2018,37.03,37.28,36.91,36.92,12689420
13/09/2018,36.86,37.01,36.62,36.94,11037450
14/09/2018,36.94,37.27,36.92,37.13,9494340
17/09/2018,37.23,37.44,37.1,37.19,14728900
18/09/2018,37.46,37.69,37.43,37.44,10223470
19/09/2018,37.45,37.71,37.41,37.55,10911540
20/09/2018,37.71,37.85,37.52,37.56,12512370
21/09/2018,37.51,37.67,37.25,37.55,13710100
24/09/2018,37.88,38.27,37.85,38.1,12784510
25/09/2018,38.34,38.51,38.29,38.35,13027570
26/09/2018,38.11,38.31,37.91,37.98,12728560
27/09/2018,38.13,38.17,37.87,37.98,10672150
28/09/2018,37.8,38.27,37.78,37.87,14833070
01/10/2018,38.01,38.56,38.01,38.4,12712910
02/10/2018,38.49,38.57,38.17,38.44,9468650
03/10/2018,38.6,38.86,38.49,38.74,13244800
04/10/2018,38.62,38.85,38.36,38.59,15192740
05/10/2018,38.55,38.7,38.34,38.58,11983240
08/10/2018,38.3,38.61,38.15,38.55,11578670
09/10/2018,38.69,39.18,38.52,38.9,16817010
10/10/2018,38.96,39.02,37.5,37.67,26405270
11/10/2018,37.31,37.34,36.13,36.4,35592113
12/10/2018,36.76,36.87,35.95,36.5,23578961
15/10/2018,36.49,36.65,36.19,36.2,11590370
16/10/2018,36.3,36.56,36.15,36.49,14571390
17/10/2018,36.42,36.53,35.95,36.27,15804300
18/10/2018,35.93,36.42,35.85,36.09,16587090
19/10/2018,35.91,36.29,35.74,35.77,13568440
22/10/2018,35.74,35.82,35.16,35.37,12294490
23/10/2018,34.85,34.86,33.96,34.45,26477730
24/10/2018,34.61,34.62,33.08,33.09,28100199
25/10/2018,33.49,33.84,33.27,33.49,25333570
26/10/2018,33.22,33.65,32.69,33.24,25579939
29/10/2018,33.49,33.53,32.19,32.62,24459850
30/10/2018,32.6,33.46,32.45,33.38,26397350
31/10/2018,33.7,34.15,33.53,33.58,17287801
01/11/2018,33.65,34.03,33.31,33.87,21475811
02/11/2018,34.24,34.49,33.44,33.78,21212480
05/11/2018,34.19,34.48,34.11,34.35,13231630
06/11/2018,34.43,34.58,34.1,34.51,13072120
07/11/2018,34.95,35.18,34.55,35.07,16663211
08/11/2018,34.91,35.19,34.18,34.31,15145350
09/11/2018,33.85,34.47,33.67,34.25,22917820
12/11/2018,34.49,34.63,33.47,33.54,18041631
13/11/2018,33.45,33.63,32.6,32.77,32732141
14/11/2018,33.28,33.41,32.42,32.72,22542109
15/11/2018,32.51,33.24,32.22,33.2,15674240
16/11/2018,33.4,33.7,33.24,33.59,19755471
19/11/2018,33.39,33.72,33.28,33.58,15583830
20/11/2018,33.14,33.22,32.23,32.48,26324381
21/11/2018,32.74,33.34,32.66,32.99,17330939
23/11/2018,32.17,32.28,31.72,31.96,14421770
26/11/2018,32.19,32.65,32.19,32.44,16682750
27/11/2018,32.27,32.58,32.16,32.35,22264289
28/11/2018,32.32,32.92,32.11,32.9,21148230
29/11/2018,32.92,33.38,32.88,33.12,14414460
30/11/2018,32.83,33.15,32.66,33.06,18129020
03/12/2018,33.81,33.99,33.4,33.79,21994119
04/12/2018,33.81,33.92,32.76,32.82,18296520
06/12/2018,32.1,32.27,31.54,32.22,35356070
07/12/2018,32.83,33.32,31.98,32.03,27445721
10/12/2018,31.81,31.97,30.81,31.54,23382779
11/12/2018,32.02,32.08,31.22,31.55,17241619
12/12/2018,32.06,32.28,31.65,31.67,19267359
13/12/2018,31.6,31.97,31.46,31.77,15298970
14/12/2018,31.58,31.71,30.9,31.05,22893811
17/12/2018,30.97,31.23,30.26,30.48,20732301
18/12/2018,30.43,30.53,29.6,29.76,26616990
19/12/2018,29.92,30.48,29.17,29.41,45548910
20/12/2018,29.05,29.5,28.42,28.6,38504379
21/12/2018,28.34,28.81,27.82,28.06,37394113
24/12/2018,27.73,27.86,26.9,26.92,15605920
26/12/2018,27.18,28.6,26.68,28.6,29096971
27/12/2018,28.02,28.78,27.64,28.75,24377301
28/12/2018,28.88,29.01,28.35,28.53,19437420
31/12/2018,28.78,28.89,28.34,28.68,18705301
02/01/2019,28.22,29.44,28.08,29.24,24892650
03/01/2019,29.33,29.43,28.62,28.95,18024051
04/01/2019,29.45,30.03,29.28,29.94,21351480
07/01/2019,30.16,30.6,29.76,30.38,18056910
08/01/2019,30.81,30.88,30.45,30.62,18692311
09/01/2019,31.03,31.21,30.71,31.1,18756779
10/01/2019,30.87,31.23,30.69,31.19,19167600
11/01/2019,31.03,31.2,30.73,31.01,14105950
14/01/2019,30.71,31.06,30.67,30.93,13191740
15/01/2019,31.1,31.34,30.89,31.04,9821467
16/01/2019,31.01,31.26,30.9,31,12541130
17/01/2019,30.77,31.42,30.7,31.29,10174830
18/01/2019,31.66,31.95,31.47,31.92,14531760
22/01/2019,31.57,31.64,31.14,31.23,19863170
23/01/2019,31.34,31.38,30.65,30.91,23367650
24/01/2019,30.84,31.35,30.72,31.07,13049180
25/01/2019,31.34,31.66,31.29,31.47,10233590
28/01/2019,31.05,31.17,30.81,31.15,12022740
29/01/2019,31.33,31.46,31.22,31.25,11884150
30/01/2019,31.44,31.79,31.27,31.69,12116610
31/01/2019,31.74,32.04,31.65,31.89,17844180
01/02/2019,32.24,32.64,32.13,32.45,14772410
04/02/2019,32.23,32.53,31.99,32.52,10108050
05/02/2019,32.49,32.63,32.39,32.57,7852677
06/02/2019,32.42,32.51,32.3,32.33,6803809
07/02/2019,32.13,32.24,31.32,31.62,14600480
08/02/2019,31.53,31.61,30.94,31.47,10634410
11/02/2019,31.32,31.67,31.23,31.62,12497390
12/02/2019,32.05,32.2,31.65,32.02,10677290
13/02/2019,32.15,32.67,32.12,32.42,13061650
14/02/2019,32.31,32.78,32.24,32.53,10213410
15/02/2019,32.88,33.09,32.8,33.06,10183840
19/02/2019,32.9,33.28,32.85,33.16,8721631
20/02/2019,33.11,33.47,33.1,33.3,9935693
21/02/2019,33.2,33.28,32.67,32.78,11866120
22/02/2019,33.03,33.13,32.72,32.88,9948258
25/02/2019,32.78,33.05,32.74,32.94,15904460
26/02/2019,32.91,33.13,32.82,32.83,10550680
27/02/2019,32.99,33.3,32.8,32.96,10294010
28/02/2019,32.96,33.01,32.42,32.63,11249410
01/03/2019,32.8,33.23,32.8,33.23,20328000
04/03/2019,33.35,33.42,32.78,33.28,19780311
05/03/2019,33.33,33.35,32.94,33.17,15807550
06/03/2019,32.91,32.98,32.59,32.76,22690920
07/03/2019,32.78,32.8,32.43,32.56,23446170
08/03/2019,32.03,32.1,31.65,31.95,15621530
11/03/2019,32.19,32.53,32.16,32.45,13212090
12/03/2019,32.51,32.83,32.49,32.66,11013140
13/03/2019,32.87,33.01,32.73,32.99,13206790
14/03/2019,33.02,33.19,32.98,33.03,12320420
15/03/2019,32.74,32.85,32.63,32.76,12427360
18/03/2019,32.8,33.27,32.78,33.21,10067910
19/03/2019,33.38,33.55,32.99,33.12,12525960
20/03/2019,33.09,33.71,32.99,33.41,13662860
21/03/2019,33.31,33.7,33.24,33.65,17878051
22/03/2019,33.34,33.4,32.61,32.74,19974980
25/03/2019,32.6,32.81,32.44,32.75,12346540
26/03/2019,33.13,33.45,33.04,33.22,11516540
27/03/2019,33.2,33.35,32.73,32.99,9582647
28/03/2019,32.85,33.15,32.78,33.11,9149159
29/03/2019,33.43,33.51,32.95,33.06,10037620
01/04/2019,33.28,33.57,33.24,33.49,12411750
02/04/2019,33.58,33.61,33.19,33.27,11152430
03/04/2019,33.36,33.42,32.83,32.95,11989790
04/04/2019,32.97,33.24,32.81,33.22,10504380
05/04/2019,33.31,33.84,33.3,33.81,17269240
08/04/2019,33.85,34.13,33.82,33.96,10602140
09/04/2019,33.85,33.85,33.44,33.54,14541930
10/04/2019,33.62,33.82,33.58,33.67,9375986
11/04/2019,33.64,33.92,33.43,33.69,10914230
12/04/2019,34.17,34.2,33.7,33.78,15426840
15/04/2019,33.74,33.82,33.53,33.58,8300980
16/04/2019,33.7,33.85,33.58,33.8,8130337
17/04/2019,34.01,34.08,33.71,33.76,10934620
18/04/2019,33.85,33.9,33.51,33.6,9759653
22/04/2019,33.91,34.33,33.81,34.31,14164660
23/04/2019,34.33,34.41,34.03,34.25,10212220
24/04/2019,34.28,34.3,33.64,33.65,11019050
25/04/2019,33.65,33.82,33.47,33.55,12060910
26/04/2019,33.3,33.31,32.82,33.11,16838391
29/04/2019,33.12,33.26,33.02,33.08,12974540
30/04/2019,33.4,33.42,33.02,33.06,14327150
01/05/2019,33.07,33.17,32.37,32.4,22155990
02/05/2019,32.19,32.39,31.82,31.83,28033010
03/05/2019,32.13,32.38,32.06,32.13,19624561
06/05/2019,31.88,32.26,31.85,32.16,20344660
07/05/2019,31.78,31.9,31.47,31.88,15064720
08/05/2019,31.86,32.14,31.79,31.88,9823707
09/05/2019,31.73,32,31.46,31.88,14409540
10/05/2019,31.88,32.1,31.43,32.03,13074950
13/05/2019,31.74,31.89,31.33,31.48,14070020
14/05/2019,31.65,32.13,31.62,31.86,9241956
15/05/2019,31.68,32.1,31.6,32.03,10092340
16/05/2019,32.1,32.32,32.1,32.2,9376619
17/05/2019,31.99,32.16,31.84,31.88,10555800
20/05/2019,31.88,32.04,31.83,31.89,8186324
21/05/2019,32.03,32.35,31.99,32.26,18380449
22/05/2019,32.07,32.14,31.66,31.76,9637121
23/05/2019,31.23,31.26,30.51,30.7,23963609
24/05/2019,30.94,31.06,30.54,30.81,10153380
28/05/2019,30.83,30.89,30.45,30.49,12930640
29/05/2019,30.07,30.31,29.89,30.3,16951590
30/05/2019,30.25,30.3,29.82,29.91,15173860
31/05/2019,29.5,29.77,29.39,29.39,21898539
03/06/2019,29.59,29.91,29.54,29.76,18024660
04/06/2019,30.04,30.35,29.96,30.28,14743430
05/06/2019,30.34,30.35,29.76,29.94,15882050
06/06/2019,30,30.61,30,30.5,32393920
07/06/2019,30.59,30.83,30.52,30.64,15774070
10/06/2019,30.8,31,30.68,30.73,9837825
11/06/2019,31,31.1,30.78,30.79,9522629
12/06/2019,30.59,30.66,30.25,30.35,13816450
13/06/2019,30.7,30.85,30.34,30.71,12191940
14/06/2019,30.78,30.79,30.43,30.51,7916416
17/06/2019,30.44,30.85,30.35,30.76,8795248
18/06/2019,30.96,31.37,30.91,31.19,17222141
19/06/2019,31.14,31.33,30.99,31.15,8827665
20/06/2019,31.65,31.89,31.62,31.84,25953971
21/06/2019,31.6,31.89,31.6,31.78,16356330
24/06/2019,31.77,31.86,31.45,31.5,10396670
25/06/2019,31.48,31.51,31.21,31.25,11887330
26/06/2019,31.56,31.97,31.48,31.73,14326780
27/06/2019,31.73,31.82,31.43,31.49,10609000
28/06/2019,31.57,31.89,31.57,31.86,17369740
01/07/2019,32.25,32.35,31.81,31.89,14913860
02/07/2019,31.79,31.86,31.24,31.38,12100520
03/07/2019,31.42,31.53,31.23,31.5,6987346
05/07/2019,31.39,31.58,31.32,31.55,7363356
08/07/2019,31.5,31.77,31.41,31.59,8628482
09/07/2019,31.54,31.64,31.33,31.62,7488131
10/07/2019,31.82,32.13,31.6,32.02,11767380
11/07/2019,32.12,32.12,31.89,32.09,12681340
12/07/2019,32.1,32.33,32.1,32.22,8081374
15/07/2019,32.28,32.3,31.86,31.93,9538946
16/07/2019,31.87,31.92,31.46,31.59,10587050
17/07/2019,31.57,31.67,31.21,31.23,13664660
18/07/2019,31.08,31.24,30.9,31.24,12755570
19/07/2019,31.27,31.48,31.12,31.38,9965289
22/07/2019,31.5,31.63,31.28,31.53,7844184
23/07/2019,31.53,31.7,31.43,31.61,7268818
24/07/2019,31.57,31.95,31.54,31.75,9907734
25/07/2019,31.87,31.91,31.29,31.39,10070350
26/07/2019,31.39,31.39,31.09,31.23,9653823
29/07/2019,31.2,31.23,30.87,31.1,8284938
30/07/2019,30.98,31.53,30.91,31.45,10801350
31/07/2019,31.45,31.72,31.09,31.35,15278040
01/08/2019,31.01,31.15,30.44,30.64,25190600
02/08/2019,30.77,30.95,29.89,30.2,21699930
05/08/2019,29.64,29.72,29.09,29.3,27576891
06/08/2019,29.38,29.55,28.95,29.27,16997510
07/08/2019,28.73,29.19,28.58,29.05,24802189
08/08/2019,29.24,29.9,29.11,29.88,23267840
09/08/2019,29.91,29.97,29.43,29.55,14593220
12/08/2019,29.48,29.53,29.07,29.2,21918840
13/08/2019,29.07,29.75,28.92,29.47,14397730
14/08/2019,28.84,28.91,28.27,28.32,23649730
15/08/2019,28.17,28.3,27.84,28.14,14306090
16/08/2019,28.29,28.6,28.2,28.51,21450311
19/08/2019,28.91,29.25,28.86,29.14,13881870
20/08/2019,29,29.04,28.79,28.9,9521878
21/08/2019,29.2,29.25,28.97,29.08,12037400
22/08/2019,29.18,29.3,28.94,28.95,9353521
23/08/2019,28.61,28.88,27.82,27.98,24409141
26/08/2019,28.23,28.38,27.98,28.1,10806580
27/08/2019,28.25,28.37,27.78,27.93,11833740
28/08/2019,28.07,28.46,27.93,28.33,15696540
29/08/2019,28.55,28.86,28.52,28.74,12332310
30/08/2019,28.85,29.1,28.57,28.74,13022340
03/09/2019,28.28,28.66,28.19,28.6,13964800
04/09/2019,29,29.13,28.92,29,11191120
05/09/2019,29.26,29.68,29.21,29.36,14538520
06/09/2019,29.3,29.55,29.14,29.52,12234330
09/09/2019,29.76,30.18,29.7,30.11,24757230
10/09/2019,30.29,30.9,30.23,30.46,25718029
11/09/2019,30.63,30.87,30.33,30.49,22752020
12/09/2019,30.11,30.52,29.86,30.3,19059520
13/09/2019,30.5,30.7,30.37,30.54,14061580
16/09/2019,31.82,31.83,31.2,31.57,30677811
17/09/2019,31.59,31.6,30.92,31.13,26473180
18/09/2019,30.9,31.1,30.76,30.98,11617590
19/09/2019,31.16,31.23,30.8,30.9,14029440
20/09/2019,30.64,30.76,30.49,30.64,20164619
23/09/2019,30.44,30.73,30.4,30.65,9337060
24/09/2019,30.56,30.59,29.98,30.17,20574891
25/09/2019,30.03,30.25,29.96,30.22,10143270
26/09/2019,30.08,30.15,29.67,29.82,14088340
27/09/2019,29.66,30.04,29.6,29.82,15632630
30/09/2019,29.68,29.8,29.57,29.6,19819471
01/10/2019,29.7,29.81,28.91,28.92,16468131
02/10/2019,28.75,28.82,28.12,28.21,19280670
03/10/2019,28.05,28.54,27.82,28.51,21186891
04/10/2019,28.63,28.73,28.34,28.69,11061470
07/10/2019,28.74,28.85,28.42,28.44,12304400
08/10/2019,28.15,28.37,27.91,27.95,20802270
09/10/2019,28.2,28.36,28.15,28.21,8934940
10/10/2019,28.3,28.64,28.26,28.56,10375030
11/10/2019,28.86,29.21,28.81,28.95,24195750
14/10/2019,28.74,29.03,28.63,28.93,12166830
15/10/2019,28.87,29.34,28.84,29.05,11267330
16/10/2019,28.95,29.16,28.64,28.65,12005530
17/10/2019,28.77,28.86,28.58,28.67,12289360
18/10/2019,28.59,28.82,28.51,28.52,10278160
21/10/2019,28.57,29.05,28.54,29.03,10503490
22/10/2019,29.12,29.74,29.03,29.4,21108490
23/10/2019,29.35,29.71,29.23,29.65,12213620
24/10/2019,29.82,29.84,29.37,29.52,13205550
25/10/2019,29.53,29.85,29.49,29.76,11874980
28/10/2019,29.86,30.03,29.54,29.59,11756550
29/10/2019,29.48,29.96,29.38,29.71,13468420
30/10/2019,29.78,29.8,28.99,29.11,15506690
31/10/2019,28.99,29.03,28.7,28.98,15032440
01/11/2019,29.13,29.69,29.1,29.64,13310100
04/11/2019,29.98,30.7,29.98,30.61,21530211
05/11/2019,30.69,30.92,30.55,30.65,17555061
06/11/2019,30.6,30.67,29.94,30.02,17827900
07/11/2019,30.33,30.57,30.25,30.47,13241710
08/11/2019,30.29,30.39,30,30.35,10389850
11/11/2019,30.06,30.32,29.95,30.18,14480470
12/11/2019,30.27,30.43,29.87,30.02,12541250
13/11/2019,29.87,29.99,29.77,29.89,10793950
14/11/2019,29.88,30.05,29.67,29.81,8116977
15/11/2019,29.94,30.16,29.9,30.04,9183463
18/11/2019,29.85,29.88,29.55,29.68,12754810
19/11/2019,29.58,29.61,29.2,29.24,15380360
20/11/2019,29.23,29.75,29.05,29.53,17147131
21/11/2019,29.63,30.04,29.53,30.02,15641680
22/11/2019,30.04,30.19,29.86,29.92,11491980
25/11/2019,29.88,30,29.77,29.95,12338160
26/11/2019,29.99,30,29.56,29.67,13403160
27/11/2019,29.71,29.81,29.5,29.75,9668274
29/11/2019,29.5,29.61,29.34,29.45,7830226
02/12/2019,29.55,29.74,29.41,29.45,15390990
03/12/2019,29.19,29.24,28.9,29.01,17128311
04/12/2019,29.26,29.53,29.17,29.44,17430420
05/12/2019,29.57,29.6,29.2,29.3,10894160
06/12/2019,29.43,29.95,29.42,29.86,16729650
09/12/2019,29.63,29.97,29.63,29.83,8839059
10/12/2019,29.93,30,29.76,29.89,8786138
11/12/2019,29.84,30.04,29.78,29.84,12436340
12/12/2019,29.88,30.49,29.85,30.39,22492369
13/12/2019,30.49,30.69,30.14,30.16,11371550
16/12/2019,30.37,30.68,30.36,30.56,11136820
17/12/2019,30.69,30.86,30.47,30.58,23154721
18/12/2019,30.55,30.89,30.51,30.7,12942050
19/12/2019,30.7,30.78,30.63,30.69,12770100
20/12/2019,30.48,30.71,30.43,30.68,17420051
23/12/2019,30.65,31.02,30.61,31,13474590
24/12/2019,31.07,31.11,30.92,30.98,5037439
26/12/2019,31.12,31.22,30.93,30.97,10157170
27/12/2019,31.09,31.12,30.82,30.84,10718840
30/12/2019,30.06,30.12,29.81,29.85,14632970
31/12/2019,29.7,30.05,29.62,30.02,10729020
02/01/2020,30.22,30.34,30.12,30.29,11946970
03/01/2020,30.57,30.66,30.05,30.2,29515619
06/01/2020,30.31,30.59,30.2,30.44,22460711
07/01/2020,30.35,30.39,30,30.36,11493390
08/01/2020,30.33,30.36,29.82,29.86,19038080
09/01/2020,29.84,30.1,29.49,30.08,15367600
10/01/2020,30.06,30.09,29.87,29.91,9151352
13/01/2020,29.86,30.01,29.71,29.92,8779691
14/01/2020,29.85,29.96,29.66,29.92,17339869
15/01/2020,29.79,29.88,29.61,29.7,10830800
16/01/2020,29.88,29.98,29.73,29.75,8224487
17/01/2020,29.83,29.85,29.51,29.56,11909120
21/01/2020,29.4,29.4,28.98,29.03,17354561
22/01/2020,28.98,28.99,28.67,28.75,14677720
23/01/2020,28.45,28.73,28.23,28.64,13278010
24/01/2020,28.51,28.64,28.09,28.31,20390561
27/01/2020,27.74,27.85,27.49,27.53,21682539
28/01/2020,27.68,27.82,27.54,27.65,14300070
29/01/2020,27.81,27.91,27.33,27.36,13748950
30/01/2020,27.08,27.61,27.01,27.58,24430551
31/01/2020,27.12,27.19,26.58,26.72,33430531
03/02/2020,26.69,26.73,26.28,26.37,21290430
04/02/2020,26.75,26.96,26.42,26.47,19819840
05/02/2020,26.91,27.56,26.89,27.46,34381969
06/02/2020,27.59,27.59,27.14,27.18,15400630
07/02/2020,26.98,27.11,26.85,26.99,13693690
10/02/2020,26.85,26.92,26.69,26.86,14640590
11/02/2020,27.22,27.26,27.03,27.16,13844590
12/02/2020,27.56,27.68,27.3,27.52,17199811
13/02/2020,27.45,27.59,27.28,27.44,11974890
14/02/2020,27.53,27.55,27.12,27.29,12520110
18/02/2020,27.05,27.29,26.81,27.07,16314910
19/02/2020,27.25,27.54,27.1,27.43,12455430
20/02/2020,27.5,27.7,27.33,27.4,13050830
21/02/2020,27.14,27.16,26.85,27.07,13808210
24/02/2020,26.05,26.2,25.74,25.82,33037500
25/02/2020,25.89,25.91,24.52,24.68,42837328
26/02/2020,24.77,24.89,23.93,23.94,48828312
27/02/2020,23.32,23.76,22.65,22.66,61278727
28/02/2020,21.94,22.92,21.76,22.64,68764320
02/03/2020,23.14,23.58,22.47,23.55,36642672
03/03/2020,23.69,24,22.58,22.83,48595312
04/03/2020,23.32,23.38,22.84,23.37,24484539
05/03/2020,22.7,22.81,22.14,22.52,29387320
06/03/2020,21.75,21.95,20.93,21.25,61517406
3/9/2020 16:00:00,17.54,18.22,16.86,16.97,66556953
3/10/2020 16:00:00,18.34,18.41,16.68,17.77,48431141
3/11/2020 16:00:00,17.23,17.52,16.57,16.84,43492871
3/12/2020 16:00:00,15.6,16,14.69,14.74,38829070
3/13/2020 16:00:00,15.98,16.11,14.4,16.1,34098422
3/16/2020 16:00:00,13.98,15.56,13.84,13.91,40233594
3/17/2020 16:00:00,14.04,14.59,13.48,14,45443559
3/18/2020 16:00:00,13.02,13.29,11.44,11.99,52135809
3/19/2020 16:00:00,12.17,12.86,11.49,12.81,52226461
3/20/2020 16:00:00,13.13,13.42,12.38,12.93,58357230
3/23/2020 16:00:00,12.57,12.65,11.58,11.79,48260207
3/24/2020 16:00:00,12.7,13.75,12.7,13.68,44511078
3/25/2020 16:00:00,13.98,15,13.37,14.32,52434898
3/26/2020 16:00:00,14.47,15.5,14.29,15.2,46918070
3/27/2020 16:00:00,14.56,14.61,14.08,14.17,36528422
3/30/2020 16:00:00,13.98,14.44,13.55,14.31,42127398
3/31/2020 16:00:00,14.71,15,14.24,14.53,34350609
4/1/2020 16:00:00,14.06,14.24,13.62,13.81,23826461
4/2/2020 16:00:00,14.51,15.88,14.13,15.08,73128148
4/3/2020 16:00:00,15.55,15.66,14.49,14.92,63834328
4/6/2020 16:00:00,15.25,15.81,15.05,15.71,37917900
4/7/2020 16:00:00,16.48,16.93,16.01,16.04,51509500
4/8/2020 16:00:00,16.38,17.17,16.25,17.11,41905809
4/9/2020 16:00:00,17.77,18.23,16.31,16.95,91381539
4/13/2020 16:00:00,17.55,17.61,16.63,16.9,33842840
4/14/2020 16:00:00,16.99,17.19,16.71,16.82,36324070
4/15/2020 16:00:00,16.15,16.19,15.53,16.03,36710539
4/16/2020 16:00:00,15.99,16.04,15.32,15.35,32302900
4/17/2020 16:00:00,15.67,17,15.66,16.98,45853441
4/20/2020 16:00:00,15.98,17.05,15.89,16.45,56394969
4/21/2020 16:00:00,15.97,16.45,15.7,16.16,60430762
4/22/2020 16:00:00,16.89,17,16.51,16.73,36894141
4/23/2020 16:00:00,17.24,17.67,17.07,17.27,41603648
4/24/2020 16:00:00,17.61,17.77,17.04,17.31,32441520
4/27/2020 16:00:00,17.18,17.81,16.79,17.68,23288039
4/28/2020 16:00:00,17.95,18.2,17.66,18.09,29569010
4/29/2020 16:00:00,18.68,19.5,18.67,19.43,35537488
4/30/2020 16:00:00,19.54,19.54,18.72,19,42020059
5/1/2020 16:00:00,18.61,18.75,17.7,17.93,29265930
5/4/2020 16:00:00,17.6,18.56,17.51,18.55,26390230
5/5/2020 16:00:00,19.31,19.46,18.5,18.56,34366719
5/6/2020 16:00:00,18.65,18.81,18.06,18.08,23675051
5/7/2020 16:00:00,18.59,18.9,18.42,18.55,24240500
5/8/2020 16:00:00,18.98,19.4,18.87,19.39,24840580
5/11/2020 16:00:00,19.26,19.32,18.96,19.05,23265660
5/12/2020 16:00:00,19.24,19.27,18.69,18.72,28064490
5/13/2020 16:00:00,18.59,18.61,17.73,17.86,34497441
5/14/2020 16:00:00,17.55,18.23,17.15,18.07,30984189
5/15/2020 16:00:00,18.07,18.45,17.84,18,27213859
5/18/2020 16:00:00,19.02,19.59,18.98,19.47,36597398
5/19/2020 16:00:00,19.49,19.55,18.91,18.92,26970320
5/20/2020 16:00:00,19.31,19.71,19.21,19.68,27260650
5/21/2020 16:00:00,19.74,19.81,19.2,19.36,28120869
5/22/2020 16:00:00,19.2,19.26,18.85,19.24,19247500
5/26/2020 16:00:00,19.86,19.98,19.72,19.77,37444281
5/27/2020 16:00:00,20.07,20.18,19.47,20.03,35612832
5/28/2020 16:00:00,20.08,20.08,19.38,19.47,27179410
5/29/2020 16:00:00,19.3,19.52,18.98,19.38,35754832
6/1/2020 16:00:00,19.35,19.83,19.09,19.72,23869770
6/2/2020 16:00:00,19.93,20.29,19.91,20.27,25159230
6/3/2020 16:00:00,20.59,20.96,20.55,20.87,27300869
6/4/2020 16:00:00,20.75,20.95,20.45,20.87,27424721
6/5/2020 16:00:00,21.92,22.62,21.9,22.42,50196699
6/8/2020 16:00:00,23.24,23.44,22.72,23.43,47534711
6/9/2020 16:00:00,22.68,22.75,22.24,22.55,43699500
6/10/2020 16:00:00,22.34,22.36,21.43,21.44,40488449
6/11/2020 16:00:00,19.95,20.52,19.36,19.42,48152238
6/12/2020 16:00:00,20.27,20.42,19.37,19.91,42817527
6/15/2020 16:00:00,19.06,20.18,18.85,19.97,32852801
6/16/2020 16:00:00,20.92,20.95,19.96,20.55,32046699
6/17/2020 16:00:00,20.47,20.47,19.84,19.85,23368029
6/18/2020 16:00:00,19.65,20.31,19.52,20.09,18468930
6/19/2020 16:00:00,20.72,20.72,19.77,19.79,26967090
6/22/2020 16:00:00,19.44,19.69,19.21,19.63,19448199
6/23/2020 16:00:00,19.92,19.97,19.58,19.65,14805830
6/24/2020 16:00:00,19.34,19.35,18.43,18.56,32362971
6/25/2020 16:00:00,18.38,18.98,18.29,18.91,24017221
6/26/2020 16:00:00,18.77,18.77,18.17,18.26,33861102
6/29/2020 16:00:00,18.3,18.66,18.22,18.5,19452820
6/30/2020 16:00:00,18.35,19.04,18.16,18.93,20943439
7/1/2020 16:00:00,19,19.26,18.44,18.47,24573420
7/2/2020 16:00:00,18.85,19.11,18.63,18.67,20779170
7/6/2020 16:00:00,19,19.14,18.49,18.73,22542170
7/7/2020 16:00:00,18.49,18.52,18.1,18.13,20910910
7/8/2020 16:00:00,18.13,18.41,17.97,18.11,20650859
7/9/2020 16:00:00,18.04,18.09,17.2,17.22,30543580
7/10/2020 16:00:00,17.12,17.79,17.12,17.77,25227971
7/13/2020 16:00:00,17.93,18.01,17.54,17.68,37223781
7/14/2020 16:00:00,17.56,18.33,17.51,18.3,34221121
7/15/2020 16:00:00,18.76,18.81,18.42,18.69,25902529
7/16/2020 16:00:00,18.57,18.84,18.33,18.61,18822760
7/17/2020 16:00:00,18.67,18.87,18.27,18.35,17716900
7/20/2020 16:00:00,18.28,18.49,18.02,18.04,20076520
7/21/2020 16:00:00,18.35,19.27,18.33,19.13,36188840
7/22/2020 16:00:00,18.93,18.93,18.62,18.9,19621689
7/23/2020 16:00:00,18.83,18.95,18.62,18.86,21043891
7/24/2020 16:00:00,18.86,19.14,18.68,18.76,19950570
7/27/2020 16:00:00,18.73,18.86,18.5,18.77,18230990
7/28/2020 16:00:00,18.67,18.84,18.41,18.45,17776891
7/29/2020 16:00:00,18.51,18.86,18.38,18.84,17215020
7/30/2020 16:00:00,18.45,18.45,17.94,18.1,32833719
7/31/2020 16:00:00,17.83,18.04,17.65,18.02,24774420
8/3/2020 16:00:00,18.01,18.18,17.86,18.08,21105539
8/4/2020 16:00:00,18.02,18.56,18,18.52,22572131
8/5/2020 16:00:00,18.89,18.95,18.54,18.72,30763500
8/6/2020 16:00:00,18.61,18.78,18.5,18.57,19190740
8/7/2020 16:00:00,18.4,18.64,18.18,18.59,18376580
8/10/2020 16:00:00,18.73,19.17,18.68,19.17,26308070
8/11/2020 16:00:00,19.54,19.77,19.01,19.1,26513141
8/12/2020 16:00:00,19.39,19.52,19.09,19.29,25533869
8/13/2020 16:00:00,19.14,19.3,18.87,18.92,15761050
8/14/2020 16:00:00,18.77,19.13,18.7,19.1,13279660
8/17/2020 16:00:00,19.1,19.11,18.88,18.99,14255820
8/18/2020 16:00:00,18.92,19.1,18.69,18.75,14348770
8/19/2020 16:00:00,18.73,18.82,18.47,18.53,14793940
8/20/2020 16:00:00,18.26,18.38,18.13,18.13,19107689
8/21/2020 16:00:00,18.06,18.1,17.85,18.02,17347789
8/24/2020 16:00:00,18.13,18.64,18.02,18.51,24826990
8/25/2020 16:00:00,18.61,18.64,18.16,18.25,20118551
8/26/2020 16:00:00,18.23,18.23,17.84,17.86,18001221
8/27/2020 16:00:00,17.87,18.02,17.68,17.9,22259650
8/28/2020 16:00:00,17.97,18.27,17.88,18.22,14575050
8/31/2020 16:00:00,18.25,18.27,17.83,17.83,18791539
9/1/2020 16:00:00,17.75,17.79,17.49,17.7,18260949
9/2/2020 16:00:00,17.7,17.81,17.51,17.62,23850471
9/3/2020 16:00:00,17.59,17.95,17.39,17.49,39442320
9/4/2020 16:00:00,17.67,17.79,17.22,17.43,34341020
9/8/2020 16:00:00,17.11,17.18,16.61,16.8,49218848
9/9/2020 16:00:00,16.99,17.09,16.86,16.92,24977619
9/10/2020 16:00:00,16.97,16.99,16.27,16.3,37003340
9/11/2020 16:00:00,16.33,16.42,16.18,16.31,25397270
9/14/2020 16:00:00,16.36,16.59,16.24,16.43,19444211
9/15/2020 16:00:00,16.55,16.7,16.27,16.32,25610439
9/16/2020 16:00:00,16.46,17.19,16.32,16.97,35899020
9/17/2020 16:00:00,16.7,17.01,16.54,17,22356740
9/18/2020 16:00:00,16.99,17,16.63,16.81,26406369
9/21/2020 16:00:00,16.13,16.17,15.72,15.99,30719580
9/22/2020 16:00:00,16,16.25,15.79,15.82,22348721
9/23/2020 16:00:00,15.88,15.94,15.09,15.11,26484600
9/24/2020 16:00:00,15.05,15.38,14.77,15.1,35243784
9/25/2020 16:00:00,14.95,15.2,14.85,15.09,27558431
9/28/2020 16:00:00,15.36,15.62,15.34,15.45,26375971
9/29/2020 16:00:00,15.4,15.44,14.87,15.02,23801491
9/30/2020 16:00:00,15.12,15.29,14.91,14.98,24574493
10/1/2020 16:00:00,14.81,14.87,14.43,14.52,28365245
10/2/2020 16:00:00,14.13,14.78,14.1,14.66,28705210
10/5/2020 16:00:00,14.79,15.11,14.75,15.1,31572227
10/6/2020 16:00:00,15.32,15.4,14.83,14.87,31111551
10/7/2020 16:00:00,14.96,15.12,14.78,15.08,21043019
10/8/2020 16:00:00,15.21,15.66,15.13,15.65,30563066
10/9/2020 16:00:00,15.79,15.83,15.37,15.4,25517943
10/12/2020 16:00:00,15.35,15.49,15.19,15.44,16684603
10/13/2020 16:00:00,15.44,15.53,15.15,15.2,25383766
10/14/2020 16:00:00,15.23,15.62,15.2,15.26,27245479
10/15/2020 16:00:00,15,15.45,14.87,15.45,20360584
10/16/2020 16:00:00,15.42,15.44,15.07,15.1,18711488
10/19/2020 16:00:00,15.15,15.23,14.76,14.78,25186046
10/20/2020 16:00:00,14.86,15.08,14.76,14.95,22993784
10/21/2020 16:00:00,14.87,14.95,14.66,14.67,24657633
10/22/2020 16:00:00,14.69,15.29,14.6,15.27,32827709
10/23/2020 16:00:00,15.35,15.44,15.01,15.2,24987726
10/26/2020 16:00:00,14.94,14.96,14.51,14.65,30400969
10/27/2020 16:00:00,14.64,14.64,14.43,14.46,21596759
10/28/2020 16:00:00,14.11,14.19,13.78,13.86,40549086
10/29/2020 16:00:00,13.68,14.33,13.49,14.28,37252105
10/30/2020 16:00:00,14.18,14.37,14.02,14.36,37903718
11/2/2020 16:00:00,14.56,15.05,14.29,14.85,41893111
11/3/2020 16:00:00,15.1,15.11,14.63,14.77,34877454
11/4/2020 16:00:00,14.79,15.14,14.39,14.79,43613651
11/5/2020 16:00:00,14.81,15.08,14.76,14.79,31795761
11/6/2020 16:00:00,14.79,15.01,14.41,14.47,33223222
11/9/2020 16:00:00,16.2,16.9,14.46,16.53,99356706
11/10/2020 16:00:00,16.84,17.07,16.49,17.07,73338096
11/11/2020 16:00:00,17.25,17.29,16.73,16.89,46542504
11/12/2020 16:00:00,16.6,16.83,16.17,16.35,38598610
11/13/2020 16:00:00,16.47,17.02,16.45,16.94,39440989
11/16/2020 16:00:00,17.66,18.1,17.44,18.06,47932662
11/17/2020 16:00:00,17.82,18.25,17.59,18.24,39010057
11/18/2020 16:00:00,18.4,18.47,17.71,17.71,41000176
11/19/2020 16:00:00,17.59,18.04,17.41,18,32936212
11/20/2020 16:00:00,17.95,18.04,17.78,17.91,19753247
11/23/2020 16:00:00,18.18,19.2,18.17,19.17,38162335
11/24/2020 16:00:00,19.82,20.21,19.64,20.16,53466025
11/25/2020 16:00:00,20.02,20.02,19.58,19.68,35676170
11/27/2020 13:00:00,19.58,19.74,19.3,19.45,18755356
11/30/2020 16:00:00,19.24,19.27,18.35,18.38,41543555
12/1/2020 16:00:00,18.89,19,18.43,18.47,34479474
12/2/2020 16:00:00,18.41,19.36,18.34,19.07,37741795
12/3/2020 16:00:00,19.15,19.5,18.95,19.27,36487667
12/4/2020 16:00:00,19.61,20.33,19.61,20.32,51850225
12/7/2020 16:00:00,20.08,20.12,19.65,19.84,34656603
12/8/2020 16:00:00,19.6,20.33,19.59,20.14,28927347
12/9/2020 16:00:00,20.34,20.67,19.93,20.18,43345886
12/10/2020 16:00:00,20.2,21.04,20.15,20.8,38802190
12/11/2020 16:00:00,20.66,20.67,20.27,20.56,28076100
12/14/2020 16:00:00,20.88,20.88,19.77,19.84,39942167
12/15/2020 16:00:00,19.95,20.33,19.76,20.23,29345761
12/16/2020 16:00:00,20.28,20.36,19.99,20.13,23814426
12/17/2020 16:00:00,20.31,20.32,19.92,20.04,23181694
12/18/2020 16:00:00,20,20.11,19.55,19.7,36570153
12/21/2020 16:00:00,18.7,19.23,18.51,19.07,40079448
12/22/2020 16:00:00,19.02,19.09,18.73,18.75,25104196
12/23/2020 16:00:00,18.91,19.43,18.9,19.16,26965905
12/24/2020 13:00:00,19.18,19.18,18.87,19.06,11451452
12/28/2020 16:00:00,19.13,19.37,18.88,18.94,18912276
12/29/2020 16:00:00,19.06,19.11,18.73,18.82,18984254
12/30/2020 16:00:00,18.83,19.29,18.79,19.11,28218307
12/31/2020 16:00:00,19.02,19.11,18.86,18.95,18154851
1/4/2021 16:00:00,19.17,19.33,18.76,18.98,33858830
1/5/2021 16:00:00,19.18,20.35,19.17,19.83,47736719
1/6/2021 16:00:00,20.22,20.63,19.96,20.43,43131366
1/7/2021 16:00:00,20.62,20.95,20.4,20.74,25728595
1/8/2021 16:00:00,21,21,20.55,20.71,31371973
1/11/2021 16:00:00,20.26,21.12,20.15,21.04,23451593
1/12/2021 16:00:00,21.29,21.89,21.13,21.77,43973639
1/13/2021 16:00:00,21.85,21.86,21.44,21.6,27382210
1/14/2021 16:00:00,21.74,22.5,21.72,22.24,41657302
1/15/2021 16:00:00,21.85,21.85,21.17,21.38,47748499
1/19/2021 16:00:00,21.64,21.96,21.57,21.81,27809736
1/20/2021 16:00:00,21.99,22.05,21.67,21.89,25362807
1/21/2021 16:00:00,21.77,21.88,20.95,21.15,29995048
1/22/2021 16:00:00,20.68,21.09,20.51,21.04,25222345
1/25/2021 16:00:00,20.81,20.89,20.44,20.82,40911640
1/26/2021 16:00:00,21.01,21.32,20.36,20.38,27499841
1/27/2021 16:00:00,20.04,20.66,19.76,20.1,49933611
1/28/2021 16:00:00,20.27,20.58,20.08,20.34,28624097
1/29/2021 16:00:00,20.05,20.31,19.59,19.66,31534480
2/1/2021 16:00:00,19.9,20,19.47,19.8,30510700
2/2/2021 16:00:00,20.27,20.5,20.01,20.02,31964506
2/3/2021 16:00:00,20.12,20.92,20.05,20.87,37192842
2/4/2021 16:00:00,21.03,21.11,20.65,21.1,24163900
2/5/2021 16:00:00,21.43,21.5,21.22,21.28,24098229
2/8/2021 16:00:00,21.59,22.27,21.57,22.17,31184121
2/9/2021 16:00:00,22,22.07,21.64,21.94,32399363
2/10/2021 16:00:00,22.01,22.38,21.87,22.36,29225494
2/11/2021 16:00:00,22.29,22.29,21.54,22.01,24816343
2/12/2021 16:00:00,21.85,22.36,21.82,22.34,23700434
2/16/2021 16:00:00,22.85,23.16,22.73,22.9,38296698
2/17/2021 16:00:00,23.13,23.38,22.8,23.24,34535375
2/18/2021 16:00:00,23.14,23.18,22.64,22.71,30680058
2/19/2021 16:00:00,22.74,23.18,22.71,23.09,27202087
2/22/2021 16:00:00,23.25,24.23,23.21,23.89,37822251
2/23/2021 16:00:00,24.18,24.36,23.26,24.29,49185420
2/24/2021 16:00:00,24.45,25.29,24.24,25.15,38874435
2/25/2021 16:00:00,25.41,25.41,24.49,24.66,37943918
2/26/2021 16:00:00,24.33,24.4,23.37,24.08,45154407
3/1/2021 16:00:00,24.71,25.04,24.53,24.7,34695790
3/2/2021 16:00:00,24.79,24.99,24.55,24.57,37234094
3/3/2021 16:00:00,24.75,25.49,24.74,24.93,41287218
3/4/2021 16:00:00,25.15,25.98,24.92,25.52,53786915
3/5/2021 16:00:00,26.25,26.54,25.59,26.48,56197882
3/8/2021 16:00:00,26.74,26.88,26.14,26.53,50305048
3/9/2021 16:00:00,26.38,26.76,25.87,26.06,59444769
3/10/2021 16:00:00,26.1,26.81,25.98,26.72,39208269
3/11/2021 16:00:00,26.78,27.18,26.67,26.73,25398699
3/12/2021 16:00:00,26.78,27.02,26.58,26.79,29893370
3/15/2021 16:00:00,26.73,26.8,26.16,26.48,30245850
3/16/2021 16:00:00,26.04,26.07,25.57,25.73,38643535
3/17/2021 16:00:00,25.65,26.05,25.43,25.93,32276128
3/18/2021 16:00:00,25.7,25.81,24.66,24.76,43603550
3/19/2021 16:00:00,24.75,25.18,24.43,24.77,40579252
3/22/2021 16:00:00,24.45,24.54,24.22,24.27,29780870
3/23/2021 16:00:00,23.78,24.45,23.63,23.92,51598108
3/24/2021 16:00:00,24.28,24.85,24.28,24.52,40815358
3/25/2021 16:00:00,24.11,24.68,23.72,24.61,40335130
3/26/2021 16:00:00,25.05,25.25,24.77,25.22,36174313
3/29/2021 16:00:00,25,25.13,24.61,24.92,23643070
3/30/2021 16:00:00,24.66,24.97,24.52,24.7,26696132
3/31/2021 16:00:00,24.65,24.76,24.43,24.53,24048696
4/1/2021 16:00:00,24.64,25.17,24.51,25.16,32519753
4/5/2021 16:00:00,25.11,25.11,24.41,24.56,26686143
4/6/2021 16:00:00,24.68,25,24.45,24.49,26628902
4/7/2021 16:00:00,24.5,24.7,24.41,24.58,24944345
4/8/2021 16:00:00,24.4,24.41,23.98,24.26,31883327
4/9/2021 16:00:00,24.25,24.46,23.99,24.1,22186742
4/12/2021 16:00:00,24.31,24.48,23.82,23.91,19598134
4/13/2021 16:00:00,23.87,24.06,23.69,23.93,22412666
4/14/2021 16:00:00,24.14,24.92,24.12,24.6,33383929
4/15/2021 16:00:00,24.63,24.63,24.3,24.4,24843124
4/16/2021 16:00:00,24.58,24.64,24.1,24.2,28594505
4/19/2021 16:00:00,24.25,24.43,23.94,24.18,20413942
4/20/2021 16:00:00,24.09,24.13,23.3,23.54,36286963
4/21/2021 16:00:00,23.24,23.92,23.13,23.84,28495529
4/22/2021 16:00:00,23.95,23.96,23.48,23.56,25031447
4/23/2021 16:00:00,23.58,23.88,23.44,23.77,16952371
4/26/2021 16:00:00,23.68,24.11,23.68,23.93,17945890
4/27/2021 16:00:00,24.02,24.31,23.91,24.22,21134436
4/28/2021 16:00:00,24.4,25.15,24.38,25.06,32936985
4/29/2021 16:00:00,25.42,25.64,25.03,25.34,33021248
4/30/2021 16:00:00,24.98,25.32,24.64,24.7,29259482
5/3/2021 16:00:00,24.98,25.44,24.9,25.38,22870043
5/4/2021 16:00:00,25.43,25.62,25.1,25.39,26958760
5/5/2021 16:00:00,25.71,26.29,25.49,26.21,23462140
5/6/2021 16:00:00,26.21,26.35,25.72,26.35,29355230
5/7/2021 16:00:00,26.08,26.86,25.98,26.82,31598117
5/10/2021 16:00:00,27.15,27.57,26.81,26.83,34499000
5/11/2021 16:00:00,26.27,26.64,25.91,26.14,56765912
5/12/2021 16:00:00,26.27,27.04,26.14,26.26,41097761
5/13/2021 16:00:00,25.95,26.43,25.59,25.94,39849065
5/14/2021 16:00:00,26.23,26.85,26.23,26.75,28591832
5/17/2021 16:00:00,26.65,27.38,26.61,27.37,33702063
5/18/2021 16:00:00,27.33,27.42,26.68,26.73,35217682
5/19/2021 16:00:00,26.11,26.36,25.7,26.07,43984817
5/20/2021 16:00:00,26.06,26.15,25.66,26.03,28261328
5/21/2021 16:00:00,26.29,26.47,26.06,26.08,25269890
5/24/2021 16:00:00,26.26,26.4,25.97,26.34,24010194
5/25/2021 16:00:00,26.28,26.35,25.77,25.81,24279253
5/26/2021 16:00:00,25.83,26.13,25.71,26.04,19777242
5/27/2021 16:00:00,26.14,26.38,25.91,26.06,19526767
5/28/2021 16:00:00,26.2,26.24,25.97,26.11,18565492
6/1/2021 16:00:00,26.62,27.17,26.61,27.11,36285148
6/2/2021 16:00:00,27.28,27.75,26.96,27.62,33946723
6/3/2021 16:00:00,27.5,27.85,27.33,27.69,29380829
6/4/2021 16:00:00,27.87,27.99,27.46,27.88,26329405
6/7/2021 16:00:00,27.87,28.04,27.72,27.76,20035194
6/8/2021 16:00:00,27.66,28.05,27.33,28,28776500
6/9/2021 16:00:00,28.08,28.2,27.81,27.82,28026119
6/10/2021 16:00:00,28.2,28.33,27.49,27.79,28676949
6/11/2021 16:00:00,27.89,28.04,27.66,27.69,19045746
6/14/2021 16:00:00,27.79,27.96,27.35,27.57,18872546
6/15/2021 16:00:00,27.75,28.17,27.68,28.1,32142515
6/16/2021 16:00:00,28.05,28.27,27.7,27.95,30393166
6/17/2021 16:00:00,27.88,28.11,26.63,27,53470931
6/18/2021 16:00:00,26.43,26.77,26.18,26.2,56906115
6/21/2021 16:00:00,26.15,27.08,26.15,27.04,42183379
6/22/2021 16:00:00,26.97,27.32,26.68,27.22,24172168
6/23/2021 16:00:00,27.47,27.78,27.24,27.29,20276486
6/24/2021 16:00:00,27.42,27.55,27.15,27.53,20878398
6/25/2021 16:00:00,27.6,27.69,27.44,27.67,19164970
6/28/2021 16:00:00,27.55,27.57,26.63,26.74,32851447
6/29/2021 16:00:00,26.9,27.05,26.57,26.61,15955477
6/30/2021 16:00:00,26.69,27.01,26.66,26.94,23517024
7/1/2021 16:00:00,27.55,27.64,27.15,27.41,23625827
7/2/2021 16:00:00,27.29,27.44,27.06,27.35,15235946
7/6/2021 16:00:00,27.26,27.31,26.35,26.46,34223122
7/7/2021 16:00:00,26.42,26.66,25.74,26.03,30411932
7/8/2021 16:00:00,25.57,26.12,25.48,25.88,24689883
7/9/2021 16:00:00,26.21,26.45,25.9,26.43,25603035
7/12/2021 16:00:00,26.13,26.54,25.94,26.39,20676528
7/13/2021 16:00:00,26.26,26.42,26.03,26.19,24893404
7/14/2021 16:00:00,26.27,26.57,25.31,25.41,33499696
7/15/2021 16:00:00,25.13,25.44,24.93,25.05,29835401
7/16/2021 16:00:00,25.24,25.25,24.29,24.34,37126896
7/19/2021 16:00:00,23.51,23.82,23.15,23.48,57497409
7/20/2021 16:00:00,23.49,24.05,23.29,23.8,41671023
7/21/2021 16:00:00,24.27,24.83,24.21,24.63,41021322
7/22/2021 16:00:00,24.6,24.6,24.14,24.35,23635028
7/23/2021 16:00:00,24.43,24.44,24.02,24.26,23475941
7/26/2021 16:00:00,24.32,24.96,24.28,24.86,23633103
7/27/2021 16:00:00,24.67,24.71,24.34,24.63,23444182
7/28/2021 16:00:00,24.7,25.06,24.47,24.86,19584641
7/29/2021 16:00:00,25.18,25.29,24.95,25.1,21897010
7/30/2021 16:00:00,25.05,25.15,24.55,24.7,24800341
8/2/2021 16:00:00,24.71,25.31,24.47,24.51,28905400
8/3/2021 16:00:00,24.43,24.98,24.2,24.93,32151045
8/4/2021 16:00:00,24.48,24.78,24.22,24.26,32261915
8/5/2021 16:00:00,24.41,24.83,24.3,24.53,22899994
8/6/2021 16:00:00,24.74,24.95,24.62,24.76,18107380
8/9/2021 16:00:00,24.43,24.6,24.24,24.41,21096707
8/10/2021 16:00:00,24.54,24.9,24.51,24.84,26641536
8/11/2021 16:00:00,24.77,25.07,24.62,25.03,23843077
8/12/2021 16:00:00,25.01,25.15,24.7,25.01,18269054
8/13/2021 16:00:00,25.02,25.02,24.65,24.71,16525361
8/16/2021 16:00:00,24.38,24.39,24.04,24.26,24129911
8/17/2021 16:00:00,24.02,24.4,23.79,24.01,25554106
8/18/2021 16:00:00,24,24.19,23.48,23.51,28152884
8/19/2021 16:00:00,23.1,23.25,22.57,22.9,49628129
8/20/2021 16:00:00,22.69,23.09,22.59,22.95,30793775
8/23/2021 16:00:00,23.5,23.87,23.45,23.81,29352209
8/24/2021 16:00:00,24.01,24.32,23.97,24.2,22691060
8/25/2021 16:00:00,24.15,24.52,23.99,24.39,19908774
8/26/2021 16:00:00,24.25,24.38,23.98,24.02,20732666
8/27/2021 16:00:00,24.32,24.82,24.26,24.66,23101326
8/30/2021 16:00:00,24.75,24.85,24.36,24.37,15908886
8/31/2021 16:00:00,24.25,24.47,24.14,24.2,26936587
9/1/2021 16:00:00,24.18,24.32,23.76,23.85,31729917
9/2/2021 16:00:00,24.07,24.65,24.07,24.45,30821648
9/3/2021 16:00:00,24.4,24.58,24.2,24.31,19583983
9/7/2021 16:00:00,24.2,24.5,24.08,24.17,21240800
9/8/2021 16:00:00,24.3,24.46,23.84,23.86,21899152
9/9/2021 16:00:00,23.7,24.28,23.57,23.91,25264757
9/10/2021 16:00:00,24.28,24.33,23.82,23.9,18756543
9/13/2021 16:00:00,24.21,24.75,24.21,24.58,34249834
9/14/2021 16:00:00,24.8,24.84,24.12,24.23,29467876
9/15/2021 16:00:00,24.57,25.15,24.53,25.13,38347479
9/16/2021 16:00:00,25.11,25.11,24.71,24.85,30321859
9/17/2021 16:00:00,24.72,25.11,24.6,24.66,32229525
9/20/2021 16:00:00,23.78,23.91,23.24,23.62,42830011
9/21/2021 16:00:00,23.9,24.03,23.43,23.68,25661747
9/22/2021 16:00:00,24.08,24.69,24.08,24.41,39626065
9/23/2021 16:00:00,24.54,25.34,24.43,25.26,24867147
9/24/2021 16:00:00,25.13,25.58,25.08,25.45,27751526
9/27/2021 16:00:00,26.01,26.46,25.98,26.36,40848684
9/28/2021 16:00:00,26.61,26.92,26.39,26.45,66487649
9/29/2021 16:00:00,26.42,26.61,26.1,26.45,34947178
9/30/2021 16:00:00,26.37,26.52,26.05,26.05,44599415
10/1/2021 16:00:00,26.24,26.95,26.24,26.92,41656005
10/4/2021 16:00:00,27.21,27.66,27.08,27.36,57407887
10/5/2021 16:00:00,27.75,28.03,27.23,27.52,49014807
10/6/2021 16:00:00,27.07,27.38,26.75,27.23,50087432
10/7/2021 16:00:00,27.3,27.59,27.17,27.44,38798075
10/8/2021 16:00:00,27.73,28.35,27.67,28.29,43100213
10/11/2021 16:00:00,28.71,28.8,28.15,28.18,43010749
10/12/2021 16:00:00,28.13,28.48,28.01,28.21,35519131
10/13/2021 16:00:00,28,28.33,27.69,28.18,28951265
10/14/2021 16:00:00,28.5,28.65,28.24,28.53,23396112
10/15/2021 16:00:00,28.85,28.96,28.65,28.67,22677414
10/18/2021 16:00:00,28.95,29.11,28.53,28.69,32628772
10/19/2021 16:00:00,28.81,29.11,28.65,29.01,22276253
10/20/2021 16:00:00,28.79,29.25,28.68,29.25,25106257
10/21/2021 16:00:00,29.02,29.13,28.47,28.71,32120878
10/22/2021 16:00:00,28.81,29,28.54,28.98,21502534
10/25/2021 16:00:00,29.33,29.56,29.18,29.4,25056090
10/26/2021 16:00:00,29.5,29.71,29.39,29.57,22751590
10/27/2021 16:00:00,29.25,29.41,28.66,28.72,34003784
10/28/2021 16:00:00,28.57,28.95,28.56,28.93,23367503
10/29/2021 16:00:00,29.07,29.14,28.62,28.74,21998929
11/1/2021 16:00:00,29.02,29.31,28.94,29.23,24828366
11/2/2021 16:00:00,29.06,29.29,28.86,28.96,17062698
11/3/2021 16:00:00,28.61,29.02,28.49,28.72,23337358
11/4/2021 16:00:00,29.14,29.22,28.5,28.76,38181610
11/5/2021 16:00:00,29.15,29.26,28.89,29.13,22603513
11/8/2021 16:00:00,29.38,29.7,29.23,29.4,20011158
11/9/2021 16:00:00,29.43,29.52,29.01,29.52,19688987
11/10/2021 16:00:00,29.39,29.49,28.56,28.74,36016457
11/11/2021 16:00:00,28.76,29.04,28.76,28.85,24498285
11/12/2021 16:00:00,28.73,28.89,28.6,28.78,17094986
11/15/2021 16:00:00,28.75,29.18,28.51,29.02,21375656
11/16/2021 16:00:00,29.1,29.3,28.92,29.06,20479415
11/17/2021 16:00:00,28.78,29.19,28.52,28.62,23669489
11/18/2021 16:00:00,28.55,28.77,28.1,28.45,28955461
11/19/2021 16:00:00,27.83,27.91,27.28,27.34,45689812
11/22/2021 16:00:00,27.3,28.24,27.29,27.82,33897329
11/23/2021 16:00:00,28.19,28.77,28.16,28.68,33863649
11/24/2021 16:00:00,28.53,29.12,28.49,28.96,21434324
11/26/2021 13:15:00,27.52,27.88,27.07,27.79,44727231
11/29/2021 16:00:00,28.4,28.68,27.86,27.95,35441220
11/30/2021 16:00:00,27.43,27.84,27.16,27.3,46261967
12/1/2021 16:00:00,27.94,28.19,26.99,27.01,44799676
12/2/2021 16:00:00,27.02,27.89,26.7,27.79,50371910
12/3/2021 16:00:00,28.17,28.29,27.31,27.57,37940112
12/6/2021 16:00:00,28,28.31,27.65,27.98,31969547
12/7/2021 16:00:00,28.37,28.91,28.34,28.64,36843346
12/8/2021 16:00:00,28.8,28.94,28.57,28.63,23514986
12/9/2021 16:00:00,28.45,28.53,28.24,28.41,23399407
12/10/2021 16:00:00,28.72,28.74,28.11,28.62,19525626
12/13/2021 16:00:00,28.37,28.45,27.69,27.83,28603968
12/14/2021 16:00:00,27.66,28.14,27.62,27.71,28798849
12/15/2021 16:00:00,27.67,27.74,26.96,27.58,33858091
12/16/2021 16:00:00,27.82,28.32,27.71,27.75,26865904
12/17/2021 16:00:00,27.55,27.68,26.94,27.19,34834574
12/20/2021 16:00:00,26.12,26.53,25.83,26.51,36330793
12/21/2021 16:00:00,26.78,27.36,26.77,27.26,25159686
12/22/2021 16:00:00,27.29,27.62,26.96,27.44,21103076
12/23/2021 16:00:00,27.56,27.83,27.44,27.45,16685276
12/27/2021 16:00:00,27.36,28.08,27.13,28.05,21742156
12/28/2021 16:00:00,28.12,28.3,27.88,28.03,17940733
12/29/2021 16:00:00,27.99,28.12,27.72,27.85,15109066
12/30/2021 16:00:00,27.86,28.08,27.66,27.68,13589987
12/31/2021 16:00:00,27.61,27.89,27.57,27.75,13241176
1/3/2022 16:00:00,27.79,28.66,27.78,28.61,32527141
1/4/2022 16:00:00,29,29.72,28.91,29.6,39978797
1/5/2022 16:00:00,29.89,30.22,29.55,29.6,45402016
1/6/2022 16:00:00,30.29,30.42,29.83,30.26,37340673
1/7/2022 16:00:00,30.37,30.75,30.16,30.67,35584587
1/10/2022 16:00:00,30.74,30.8,30.18,30.58,33236482
1/11/2022 16:00:00,30.84,31.67,30.58,31.62,38443870
1/12/2022 16:00:00,31.79,31.87,31.45,31.68,30248350
1/13/2022 16:00:00,31.68,31.93,31.39,31.52,29776988
1/14/2022 16:00:00,31.55,32.31,31.53,32.26,32400471
1/18/2022 16:00:00,32.6,32.77,31.89,32.39,41091165
1/19/2022 16:00:00,32.64,32.67,31.9,32.15,32989028
1/20/2022 16:00:00,31.94,32.71,31.79,31.86,41990402
1/21/2022 16:00:00,31.5,31.7,30.89,31.23,57269777
1/24/2022 16:00:00,30.49,31.55,29.92,31.44,62294641
1/25/2022 16:00:00,31.32,32.78,30.74,32.66,59217211
1/26/2022 16:00:00,33,33.27,32.24,32.6,65362736
1/27/2022 16:00:00,33.17,33.53,32.41,32.96,54450687
1/28/2022 16:00:00,32.74,33.14,32.13,32.82,52651198
1/31/2022 16:00:00,32.74,33.17,32.22,32.96,31649182
2/1/2022 16:00:00,32.77,34.22,32.69,34.14,45222321
2/2/2022 16:00:00,33.96,34.31,33.54,34.24,32598533
2/3/2022 16:00:00,34.1,34.17,33.55,33.92,30981274
2/4/2022 16:00:00,34.35,35,34.27,34.45,40866724
2/7/2022 16:00:00,34.28,35.22,34.03,34.89,32582458
2/8/2022 16:00:00,34.78,34.85,33.9,34.14,37882124
2/9/2022 16:00:00,34.22,34.69,34.14,34.42,35395715
2/10/2022 16:00:00,34.26,34.87,33.99,34.21,37821621
2/11/2022 16:00:00,34.44,35.25,34.23,35.21,46517005
2/14/2022 16:00:00,34.99,35.03,33.97,34.38,49816495
2/15/2022 16:00:00,33.53,34.1,33.34,34.02,43072396
2/16/2022 16:00:00,34.28,34.89,34.08,34.29,36722109
2/17/2022 16:00:00,34.26,34.59,33.97,34.24,33811427
2/18/2022 16:00:00,33.75,34.3,33.7,34.03,31645770
2/22/2022 16:00:00,35.06,35.06,32.97,33.48,46501366
2/23/2022 16:00:00,33.67,34.08,33.48,33.82,33978980
2/24/2022 16:00:00,34.54,34.58,32.68,33.56,61742931
2/25/2022 16:00:00,33.63,34.48,33.63,34.44,39211463
2/28/2022 16:00:00,34.2,35.33,34.01,35.29,48197133
3/1/2022 16:00:00,35.6,36.24,35.15,35.65,62115463
3/2/2022 16:00:00,36.19,36.75,36.02,36.46,45454101
3/3/2022 16:00:00,36.1,36.81,36.03,36.56,44559875
3/4/2022 16:00:00,36.56,37.64,36.46,37.62,52625893
3/7/2022 16:00:00,38.01,38.78,37.32,38.17,65607361
3/8/2022 16:00:00,39.04,40.11,37.67,38.77,98027181
3/9/2022 16:00:00,37.35,38.47,36.75,37.59,87018243
3/10/2022 16:00:00,38.03,38.83,37.76,38.74,68901344
3/11/2022 16:00:00,38.12,38.91,38.06,38.42,45918864
3/14/2022 16:00:00,37.6,37.87,36.78,37.28,50745013
3/15/2022 16:00:00,35.83,36.33,35.22,35.91,62362196
3/16/2022 16:00:00,36.05,36.36,35.37,35.74,53768064
3/17/2022 16:00:00,36.38,37.07,36.15,36.98,38478153
3/18/2022 16:00:00,36.91,37.19,36.66,36.94,29275387
3/21/2022 16:00:00,37.33,38.19,37.31,38.07,34357426
3/22/2022 16:00:00,37.91,38.12,37.35,37.78,33231054
3/23/2022 16:00:00,38.49,38.79,38.31,38.44,29331529
3/24/2022 16:00:00,38.58,38.91,38.27,38.53,26350284
3/25/2022 16:00:00,38.3,39.42,38.27,39.38,28049621
3/28/2022 16:00:00,38.57,38.58,38.15,38.4,34880188
3/29/2022 16:00:00,37.54,38.32,37.1,38.3,36636968
3/30/2022 16:00:00,38.67,39.02,38.43,38.74,24868234
3/31/2022 16:00:00,38.38,39.1,38.22,38.22,32803294
4/1/2022 16:00:00,38.17,38.89,38.15,38.53,24806291
4/4/2022 16:00:00,38.78,38.91,38.17,38.58,23003669
4/5/2022 16:00:00,38.65,39.24,37.93,37.98,27288559
4/6/2022 16:00:00,38.39,38.74,37.99,38.2,32164186
4/7/2022 16:00:00,38.38,38.83,37.67,38.7,27048693
4/8/2022 16:00:00,38.81,39.88,38.81,39.77,26713051
4/11/2022 16:00:00,39.34,39.35,38.48,38.57,26230495
4/12/2022 16:00:00,39.35,39.92,39.13,39.21,31964711
4/13/2022 16:00:00,39.69,39.91,39.03,39.8,24647942
4/14/2022 16:00:00,39.6,40.24,39.55,39.92,25934716
4/18/2022 16:00:00,40.26,40.75,40.01,40.51,30456565
4/19/2022 16:00:00,40.3,40.7,39.95,40.18,22863926
4/20/2022 16:00:00,40.28,40.55,39.9,40.34,26039656
4/21/2022 16:00:00,40.58,40.76,38.91,39.06,32578853
4/22/2022 16:00:00,38.9,39.46,38.08,38.1,35749637
4/25/2022 16:00:00,36.9,37.04,35.5,36.84,55362197
4/26/2022 16:00:00,37.12,37.9,36.8,36.89,44584346
4/27/2022 16:00:00,37.13,37.8,36.46,37.43,44566257
4/28/2022 16:00:00,37.68,38.88,36.94,38.57,43734848
4/29/2022 16:00:00,38.65,38.87,37.44,37.58,39708120
5/2/2022 16:00:00,37.35,38.19,37.23,38.17,52070620
5/3/2022 16:00:00,38.24,39.42,38.22,39.24,41649436
5/4/2022 16:00:00,40,40.96,39.49,40.88,45383728
5/5/2022 16:00:00,41.17,41.21,39.44,40.26,46596959
5/6/2022 16:00:00,40.78,41.46,39.96,41.46,47122824
5/9/2022 16:00:00,40.57,40.6,37.88,38.03,53021957
5/10/2022 16:00:00,38.62,39.35,37.57,38.38,56863902
5/11/2022 16:00:00,39.02,40.17,38.83,38.89,49852542
5/12/2022 16:00:00,38.88,39.08,37.84,39.06,45021768
5/13/2022 16:00:00,39.64,40.55,39.57,40.39,29718696
5/16/2022 16:00:00,40.53,41.88,40.51,41.46,28259397
5/17/2022 16:00:00,42.02,42.19,41.56,41.94,28164650
5/18/2022 16:00:00,42.24,42.29,40.37,40.86,33230686
5/19/2022 16:00:00,39.93,41.4,39.93,40.71,35720504
5/20/2022 16:00:00,41.21,41.7,40.07,40.89,31919998
5/23/2022 16:00:00,41.37,42.11,41.11,41.97,26644672
5/24/2022 16:00:00,41.5,42.3,41.18,42.13,26563838
5/25/2022 16:00:00,42.27,43.06,42.21,43,26323997
5/26/2022 16:00:00,43.26,43.79,43.23,43.47,21339145
5/27/2022 16:00:00,43.28,44.39,43.17,44.27,18667247
5/31/2022 16:00:00,45,45.23,43.37,43.6,39340576
6/1/2022 16:00:00,44.15,44.63,43.67,44.31,29648579
6/2/2022 16:00:00,44,44.48,43.73,44.17,26302723
6/3/2022 16:00:00,44.23,44.9,44.18,44.76,20525334
6/6/2022 16:00:00,44.97,45,44.47,44.71,16692311
6/7/2022 16:00:00,44.68,46.1,44.64,46.04,25689374
6/8/2022 16:00:00,46.27,46.66,45.86,46.14,28492681
6/9/2022 16:00:00,45.75,46.04,45.07,45.12,24588142
6/10/2022 16:00:00,44.6,45.27,43.84,44.36,31271763
6/13/2022 16:00:00,43.01,43.06,41.21,42.04,44731346
6/14/2022 16:00:00,42.89,43.44,41.57,42.12,34756409
6/15/2022 16:00:00,42.03,42.24,40.49,41.19,43223150
6/16/2022 16:00:00,40.1,40.31,38.53,38.87,57979147
6/17/2022 16:00:00,38.6,38.89,36.3,36.74,64234188
6/21/2022 16:00:00,37.31,38.48,37.24,38.22,35006746
6/22/2022 16:00:00,36.38,37.34,36.18,36.69,41212617
6/23/2022 16:00:00,36.87,37.13,34.74,35.33,56921148
6/24/2022 16:00:00,35.94,36.56,35.42,35.8,47398507
6/27/2022 16:00:00,36.21,37.1,36.17,36.85,33979401
6/28/2022 16:00:00,37.72,38.45,37.27,37.84,39800401
6/29/2022 16:00:00,38.37,38.49,36.42,36.53,35591959
6/30/2022 16:00:00,35.74,36.68,35.44,35.76,37766738
7/1/2022 16:00:00,36.19,36.45,35.07,36.29,34601989
7/5/2022 16:00:00,35.54,35.71,34.1,34.85,44932941
7/6/2022 16:00:00,34.48,35.1,33.23,34.26,48209505
7/7/2022 16:00:00,35.19,35.77,35.1,35.49,33793561
7/8/2022 16:00:00,35.92,36.07,34.98,35.48,21970314
7/11/2022 16:00:00,35.03,35.43,34.67,35.14,22754116
7/12/2022 16:00:00,34.22,34.65,33.83,34.45,32345148
7/13/2022 16:00:00,33.95,35.12,33.95,34.4,29489039
7/14/2022 16:00:00,33.19,33.78,32.74,33.74,36636771
7/15/2022 16:00:00,34.48,34.52,33.78,34.3,29960251
7/18/2022 16:00:00,35.21,35.66,34.92,35.08,25726762
7/19/2022 16:00:00,35.03,36.25,35.02,36.16,24388176
7/20/2022 16:00:00,35.76,36.67,35.61,36.51,20924706
7/21/2022 16:00:00,35.51,35.91,34.83,35.87,21579587
7/22/2022 16:00:00,36.01,36.37,35.37,35.58,20418165
7/25/2022 16:00:00,36.07,36.92,35.64,36.88,19556000
7/26/2022 16:00:00,37.32,37.48,36.3,36.55,18614370
7/27/2022 16:00:00,36.78,37.56,36.41,37.37,22405348
7/28/2022 16:00:00,37.71,37.96,36.89,37.58,23332670
7/29/2022 16:00:00,38.27,39.33,38.19,39.21,25833814
8/1/2022 16:00:00,38.54,38.64,37.89,38.4,25665504
8/2/2022 16:00:00,38.41,38.7,37.97,38.31,19932173
8/3/2022 16:00:00,38.47,38.59,36.98,37.21,28506573
8/4/2022 16:00:00,36.96,37.06,35.7,35.83,27995502
8/5/2022 16:00:00,35.35,36.85,35.35,36.54,22589765
8/8/2022 16:00:00,36.5,37.06,36.45,36.73,18882650
8/9/2022 16:00:00,37.25,37.85,37.19,37.38,17341547
8/10/2022 16:00:00,37.46,37.86,36.72,37.65,17394167
8/11/2022 16:00:00,38.35,39.27,38.24,38.94,30265776
8/12/2022 16:00:00,38.69,39.26,38.52,39.24,19190468
8/15/2022 16:00:00,37.82,38.68,37.47,38.47,21012209
8/16/2022 16:00:00,38.53,38.93,38.14,38.38,19678778
8/17/2022 16:00:00,38.21,39.1,38.1,38.7,22736164
8/18/2022 16:00:00,39.13,39.78,39.06,39.74,23432974
8/19/2022 16:00:00,39.64,40,39.41,39.73,19744227
8/22/2022 16:00:00,39.39,39.9,38.74,39.66,22848067
8/23/2022 16:00:00,40.31,41.4,40.28,41.09,27183512
8/24/2022 16:00:00,41.09,41.65,40.91,41.59,24546602
8/25/2022 16:00:00,41.83,42.12,41.51,41.91,19899277
8/26/2022 16:00:00,41.83,42.28,41.24,41.42,19317554
8/29/2022 16:00:00,41.4,42.59,41.3,42.05,26062525
8/30/2022 16:00:00,41.33,41.34,40.28,40.62,28820855
8/31/2022 16:00:00,39.62,40.92,39.47,40.25,29152256
9/1/2022 16:00:00,39.66,39.81,38.71,39.26,28302095
9/2/2022 16:00:00,40.23,40.51,39.77,39.98,28594084
9/6/2022 16:00:00,40.35,40.49,39.45,39.61,22784132
9/7/2022 16:00:00,38.74,39.32,38.39,39.15,30270666
9/8/2022 16:00:00,39.33,39.52,38.85,39.32,26840760
9/9/2022 16:00:00,40.03,40.49,39.73,40.3,19339380
9/12/2022 16:00:00,40.89,41.49,40.54,41.04,20865906
9/13/2022 16:00:00,40.4,41.09,39.83,40.01,30573038
9/14/2022 16:00:00,40.38,41.43,40.38,41.14,27192149
9/15/2022 16:00:00,40.41,40.58,39.88,40.08,27943150
9/16/2022 16:00:00,39.95,39.98,38.65,39.22,35201836
9/19/2022 16:00:00,37.73,38.85,37.64,38.82,18812925
9/20/2022 16:00:00,38.55,38.77,38.1,38.55,21149842
9/21/2022 16:00:00,39.28,39.33,37.97,37.99,34352932
9/22/2022 16:00:00,38.67,38.8,37.82,37.85,28874033
9/23/2022 16:00:00,36.38,36.45,34.97,35.24,52737815
9/26/2022 16:00:00,35.02,35.46,34.33,34.38,36079816
9/27/2022 16:00:00,34.97,35.41,34.57,34.76,33835551
9/28/2022 16:00:00,35.11,36.5,34.9,36.3,31573751
9/29/2022 16:00:00,36.03,36.38,35.4,36.3,24281497
9/30/2022 16:00:00,36.01,36.51,35.66,36.01,21684701
10/3/2022 16:00:00,37.31,38.24,37.24,38.05,34775311
10/4/2022 16:00:00,38.82,39.72,38.51,39.68,33165429
10/5/2022 16:00:00,39.67,40.82,39.33,40.5,30636847
10/6/2022 16:00:00,40.17,41.35,40.14,41.22,26335115
10/7/2022 16:00:00,41.31,41.77,40.6,40.9,28457658
10/10/2022 16:00:00,41.06,41.41,39.93,40.06,23165843
10/11/2022 16:00:00,39.31,40.42,39.15,39.74,26921104
10/12/2022 16:00:00,39.48,40.34,39.22,40.06,20551213
10/13/2022 16:00:00,39.53,41.86,39.53,41.7,35067421
10/14/2022 16:00:00,41.24,41.84,40.06,40.14,26755306
10/17/2022 16:00:00,40.77,41.31,40.53,40.64,18994191
10/18/2022 16:00:00,40.98,41.38,40.21,41,25187907
10/19/2022 16:00:00,41.12,42.36,41.1,42.21,31263774
10/20/2022 16:00:00,42.53,42.92,41.99,42.25,25261846
10/21/2022 16:00:00,42.48,43.55,42.37,43.47,25274182
10/24/2022 16:00:00,43.44,43.98,43.21,43.67,22496039
10/25/2022 16:00:00,43.5,43.92,43.27,43.72,18841826
10/26/2022 16:00:00,43.88,44.66,43.85,44.31,22706462
10/27/2022 16:00:00,44.92,45.22,44.34,44.47,25010642
10/28/2022 16:00:00,44.95,45.32,43.83,44.63,24663964
10/31/2022 16:00:00,44.19,45.59,44.14,45,29760433
11/1/2022 16:00:00,45.76,45.77,45.16,45.44,21755430
11/2/2022 16:00:00,45.29,45.53,44.24,44.34,28249565
11/3/2022 16:00:00,44.07,45.41,43.95,45.16,26817245
11/4/2022 16:00:00,46.17,46.51,45.07,45.71,30295307
11/7/2022 16:00:00,45.81,46.64,45.73,46.5,19387719
11/8/2022 16:00:00,46.41,46.74,45.97,46.54,21859253
11/9/2022 16:00:00,45.91,46.06,44.17,44.27,31513956
11/10/2022 16:00:00,45.18,45.3,44.25,45.25,29244107
11/11/2022 16:00:00,46.12,46.81,46.01,46.57,25541289
11/14/2022 16:00:00,46.43,47.36,46.43,46.55,23122640
11/15/2022 16:00:00,46.73,47.16,46.42,47.04,25771076
11/16/2022 16:00:00,46.62,46.91,45.84,46.08,23638603
11/17/2022 16:00:00,45.38,46.22,45.14,46.18,21429904
11/18/2022 16:00:00,45.33,45.94,44.76,45.82,23683055
11/21/2022 16:00:00,44.82,45.31,43.64,45.2,42576772
11/22/2022 16:00:00,45.76,46.72,45.55,46.61,26877457
11/23/2022 16:00:00,45.77,46.4,45.6,46.11,20598650
11/25/2022 13:15:00,46.14,46.46,45.86,45.94,7591311
11/28/2022 16:00:00,44.81,45.38,44.53,44.68,29150244
11/29/2022 16:00:00,45.17,45.62,45.01,45.35,19024193
11/30/2022 16:00:00,45.86,45.95,44.86,45.58,21915127
12/1/2022 16:00:00,45.9,46.13,45.27,45.43,19451019
12/2/2022 16:00:00,45.11,45.69,44.89,45.16,18384965
12/5/2022 16:00:00,45.6,45.78,43.44,43.82,25876919
12/6/2022 16:00:00,43.54,44.07,42.37,42.66,32465110
12/7/2022 16:00:00,42.65,43.21,42.19,42.56,24447088
12/8/2022 16:00:00,43.52,43.61,42.13,42.37,25640362
12/9/2022 16:00:00,42.24,42.7,41.33,41.34,24048943
12/12/2022 16:00:00,41.58,42.53,41.41,42.43,21092424
12/13/2022 16:00:00,43.25,43.59,42.89,43.23,27278688
12/14/2022 16:00:00,43.53,43.68,42.58,42.97,26337755
12/15/2022 16:00:00,42.59,42.81,41.98,42.71,20207545
12/16/2022 16:00:00,41.9,42.38,41.61,42.18,29550525
12/19/2022 16:00:00,42.19,42.33,41.44,41.75,18418305
12/20/2022 16:00:00,41.88,42.65,41.71,42.38,14296507
12/21/2022 16:00:00,43.24,43.38,42.61,43.18,17029113
12/22/2022 16:00:00,43.23,43.25,41.34,42.19,18679664
12/23/2022 16:00:00,42.75,43.54,42.53,43.53,14814960
12/27/2022 16:00:00,43.72,44.18,43.56,44,16374639
12/28/2022 16:00:00,43.94,43.94,42.88,43.01,15918974
12/29/2022 16:00:00,42.83,43.66,42.81,43.46,13457907
12/30/2022 16:00:00,43.23,43.82,43.23,43.74,11330914
1/3/2023 16:00:00,43.46,43.68,41.68,42.2,26541416
1/4/2023 16:00:00,41.58,42.44,41.42,42.2,22852575
1/5/2023 16:00:00,42.13,43.2,42.01,42.97,19361852
1/6/2023 16:00:00,43.52,44.32,43.41,43.78,22211189
1/9/2023 16:00:00,44.44,44.51,43.48,43.63,23001610
1/10/2023 16:00:00,43.91,44.03,43.25,43.94,15799501
1/11/2023 16:00:00,44.32,44.43,43.59,44.07,16451492
1/12/2023 16:00:00,44.34,45.2,44.25,44.91,18358035
1/13/2023 16:00:00,44.88,45.08,44.4,44.98,15904159
1/17/2023 16:00:00,45.08,45.54,44.89,45.07,16966599
1/18/2023 16:00:00,45.28,45.79,44.2,44.25,19037646
1/19/2023 16:00:00,43.99,44.98,43.9,44.8,17146862
1/20/2023 16:00:00,44.89,45.4,44.44,45.24,14280030
1/23/2023 16:00:00,45.57,45.8,45.16,45.3,14652544
1/24/2023 16:00:00,45.15,45.23,44.23,45.13,14886444
1/25/2023 16:00:00,44.91,45.13,44.19,45.13,13430617
1/26/2023 16:00:00,45.86,46.58,45.3,46.56,18331505
1/27/2023 16:00:00,46.31,46.54,45.54,45.62,17420541
1/30/2023 16:00:00,45.29,45.35,44.51,44.57,13762454
1/31/2023 16:00:00,44.42,45.03,43.97,44.97,13924137
2/1/2023 16:00:00,44.76,44.95,43.5,44.08,23483596
2/2/2023 16:00:00,43.91,44,42.6,43.08,24901506
2/3/2023 16:00:00,43.26,43.96,42.94,42.98,22727409
2/6/2023 16:00:00,43.02,43.35,42.26,42.79,15857170
2/7/2023 16:00:00,43.06,44.24,42.83,44.18,20507016
2/8/2023 16:00:00,44.14,44.37,43.53,43.78,13483580
2/9/2023 16:00:00,43.79,43.93,43.37,43.41,16075156
2/10/2023 16:00:00,44.13,45.2,44.09,45.11,20001627
2/13/2023 16:00:00,44.88,45.16,44.41,44.99,12372446
2/14/2023 16:00:00,44.64,45.33,44.51,45.01,13511305
2/15/2023 16:00:00,44.5,44.6,43.68,44.24,15972123
2/16/2023 16:00:00,44,44.38,43.76,43.81,12657087
2/17/2023 16:00:00,43.13,43.16,42.06,42.25,22340234
2/21/2023 16:00:00,42.06,42.52,41.96,42.04,16811279
2/22/2023 16:00:00,41.92,42.32,41.4,41.76,20135213
2/23/2023 16:00:00,42.39,42.63,41.85,42.39,17511674
2/24/2023 16:00:00,41.76,42.39,41.52,42.33,18748388
2/27/2023 16:00:00,42.42,42.64,42.11,42.46,15338191
2/28/2023 16:00:00,42.89,42.9,41.81,41.85,19003820
3/1/2023 16:00:00,41.88,42.89,41.73,42.67,18546968
3/2/2023 16:00:00,42.6,43.21,42.46,43.05,16402487
3/3/2023 16:00:00,42.53,43.85,42.5,43.63,25337598
3/6/2023 16:00:00,43.39,43.72,43.21,43.65,16949157
3/7/2023 16:00:00,43.39,43.5,42.78,42.89,18500179
3/8/2023 16:00:00,42.7,43.25,42.04,42.45,19699517
3/9/2023 16:00:00,42.7,43.3,41.84,41.85,18944056
3/10/2023 16:00:00,41.85,42.44,41.08,41.32,28312371
3/13/2023 16:00:00,40.26,41.2,39.56,40.48,41663451
3/14/2023 16:00:00,40.47,41.79,40.15,40.88,30533190
3/15/2023 16:00:00,39.38,39.67,38.12,38.68,57673510
3/16/2023 16:00:00,37.83,39.2,37.68,39.1,44401829
3/17/2023 16:00:00,38.88,39.2,38.17,38.49,33675782
3/20/2023 16:00:00,38.05,39.1,38.05,38.85,26144360
3/21/2023 16:00:00,39.65,40.32,39.53,40.2,29856229
3/22/2023 16:00:00,40.22,40.41,39.31,39.34,24604696
3/23/2023 16:00:00,39.56,39.9,38.42,38.8,24743111
3/24/2023 16:00:00,38.03,39.1,37.9,38.95,20649609
3/27/2023 16:00:00,39.35,40,39.04,39.78,20111926
3/28/2023 16:00:00,39.55,40.57,39.53,40.39,16298354
3/29/2023 16:00:00,40.79,40.99,40.53,40.95,18102274
3/30/2023 16:00:00,41.29,41.35,40.89,41.13,13730400
3/31/2023 16:00:00,41.24,41.48,41.08,41.42,16147327
4/3/2023 16:00:00,43.16,43.57,42.94,43.29,31226124
4/4/2023 16:00:00,43.42,43.48,42.13,42.51,24681487
4/5/2023 16:00:00,42.61,43.15,42.26,43.15,20276134
4/6/2023 16:00:00,43.08,43.12,42.4,42.49,16689270
4/10/2023 16:00:00,42.65,43.32,42.65,42.83,13488647
4/11/2023 16:00:00,43.07,43.51,42.82,43.24,12787580
4/12/2023 16:00:00,43.54,43.63,43.14,43.27,16667178
4/13/2023 16:00:00,43.2,43.65,43.1,43.54,15692262
4/14/2023 16:00:00,43.6,43.87,43.36,43.62,11780079
4/17/2023 16:00:00,43.47,43.65,42.95,43.1,11880993
4/18/2023 16:00:00,43,43.38,42.79,43.27,12246759
4/19/2023 16:00:00,42.88,43.16,42.65,43.12,17123070
4/20/2023 16:00:00,42.52,42.75,42.22,42.74,15198120
4/21/2023 16:00:00,42.9,42.92,42.3,42.49,16878782
4/24/2023 16:00:00,42.36,43.34,42.34,43.14,12625917
4/25/2023 16:00:00,42.72,42.8,42.08,42.33,15332606
4/26/2023 16:00:00,42.03,42.42,41.51,41.77,20035011
4/27/2023 16:00:00,41.74,42.02,41.35,41.92,17057343
4/28/2023 16:00:00,41.77,42.8,41.62,42.57,19114270
5/1/2023 16:00:00,42.03,42.54,41.86,42.09,13910686
5/2/2023 16:00:00,41.58,41.65,39.87,40.26,33823986
5/3/2023 16:00:00,39.74,40.21,39.48,39.49,29683773
5/4/2023 16:00:00,39.51,39.91,38.94,39.06,26430480
5/5/2023 16:00:00,40.14,40.43,39.9,40.12,19536652
5/8/2023 16:00:00,40.7,40.88,40.11,40.12,16355949
5/9/2023 16:00:00,39.8,40.51,39.71,40.13,20710621
5/10/2023 16:00:00,40.33,40.41,39.38,39.67,18026000
5/11/2023 16:00:00,39.12,39.41,38.9,39.2,19084137
5/12/2023 16:00:00,39.4,39.66,38.98,39.26,18956635
5/15/2023 16:00:00,39.41,39.69,39.1,39.46,16272278
5/16/2023 16:00:00,39.28,39.45,38.43,38.49,22260859
5/17/2023 16:00:00,38.89,39.44,38.6,39.23,23100333
5/18/2023 16:00:00,38.99,39.56,38.75,39.52,16577126
5/19/2023 16:00:00,39.88,40.13,39.6,39.82,18061094
5/22/2023 16:00:00,39.67,40.06,39.6,39.66,13471766
5/23/2023 16:00:00,40.03,40.53,39.93,40.08,21401872
5/24/2023 16:00:00,40.4,40.57,39.92,40.26,16737145
5/25/2023 16:00:00,39.67,39.76,39.17,39.54,19125452
5/26/2023 16:00:00,39.78,39.89,39.18,39.39,14392873
5/30/2023 16:00:00,38.7,39.03,38.55,38.98,20165805
5/31/2023 16:00:00,38.37,38.67,38.17,38.3,22398812
6/1/2023 16:00:00,38.39,39.21,38.13,38.77,25811840
6/2/2023 16:00:00,39.49,40.14,39.23,39.95,27639389
6/5/2023 16:00:00,40.53,40.53,39.62,39.69,18913096
6/6/2023 16:00:00,39.16,40.04,39.12,40.01,17375360
6/7/2023 16:00:00,40.2,41.12,40.17,41.07,30327137
6/8/2023 16:00:00,41.12,41.26,40.21,40.89,23081137
6/9/2023 16:00:00,40.87,41.07,40.56,40.67,19194061
6/12/2023 16:00:00,40.06,40.68,40,40.28,18196130
6/13/2023 16:00:00,40.72,41.26,40.45,40.47,20068212
6/14/2023 16:00:00,40.87,41.05,39.75,40.05,23802686
6/15/2023 16:00:00,40.12,40.8,40.11,40.49,23388539
6/16/2023 16:00:00,40.64,40.76,40.31,40.43,23730882
6/20/2023 16:00:00,39.81,39.85,38.89,39.18,21283660
6/21/2023 16:00:00,39.02,39.82,38.96,39.49,17236870
6/22/2023 16:00:00,39.13,39.17,38.82,38.96,16755381
6/23/2023 16:00:00,38.54,38.78,38.36,38.68,17452556
6/26/2023 16:00:00,38.75,39.6,38.66,39.38,16244304
6/27/2023 16:00:00,39.34,39.64,39.1,39.47,14194194
6/28/2023 16:00:00,39.42,39.92,39.08,39.87,16451630
6/29/2023 16:00:00,40.02,40.33,39.8,40.33,14217892
6/30/2023 16:00:00,40.6,40.79,40.3,40.59,17985293
7/3/2023 13:15:00,40.69,40.99,40.53,40.68,9769891
7/5/2023 16:00:00,40.85,40.86,40.23,40.46,16280342
7/6/2023 16:00:00,40.02,40.3,39.24,39.55,20983885
7/7/2023 16:00:00,39.35,40.77,39.32,40.4,24458027
7/10/2023 16:00:00,40.29,40.79,40.26,40.71,15462510
7/11/2023 16:00:00,40.9,41.67,40.82,41.61,19821023
7/12/2023 16:00:00,41.95,42.23,41.73,41.99,21538759
7/13/2023 16:00:00,41.99,42.25,41.44,41.83,26613237
7/14/2023 16:00:00,41.56,41.6,40.63,40.73,21994088
7/17/2023 16:00:00,40.58,40.82,40.46,40.65,16232309
7/18/2023 16:00:00,40.55,41.48,40.49,41.06,21607291
7/19/2023 16:00:00,41.06,41.58,40.97,41.3,18760482
7/20/2023 16:00:00,41.64,41.87,41.43,41.78,17724904
7/21/2023 16:00:00,41.94,42.17,41.67,42.15,15764505
7/24/2023 16:00:00,42.37,43.14,42.35,42.83,22269803
7/25/2023 16:00:00,42.81,43.31,42.55,43.06,16803262
7/26/2023 16:00:00,42.7,43.24,42.64,43.07,16394005
7/27/2023 16:00:00,43.31,43.48,42.68,42.8,17775303
7/28/2023 16:00:00,42.77,42.93,42.3,42.93,17318288
7/31/2023 16:00:00,43.3,43.87,43.18,43.74,18133239
8/1/2023 16:00:00,43.57,43.66,43.07,43.54,17904641
8/2/2023 16:00:00,43.24,43.46,42.6,42.97,22961517
8/3/2023 16:00:00,43.08,43.79,42.85,43.4,20816983
8/4/2023 16:00:00,43.71,44.12,43.41,43.46,21604149
8/7/2023 16:00:00,43.71,43.8,43.38,43.51,13410765
8/8/2023 16:00:00,42.81,43.74,42.48,43.73,18618558
8/9/2023 16:00:00,44.15,44.68,43.88,44.28,26042805
8/10/2023 16:00:00,44.34,44.85,43.97,44.27,19613252
8/11/2023 16:00:00,44.25,45,44.24,44.95,23344603
8/14/2023 16:00:00,44.83,44.95,44.46,44.76,15094733
8/15/2023 16:00:00,44.45,44.5,43.75,43.83,22491233
8/16/2023 16:00:00,43.88,44.35,43.42,43.45,18997729
8/17/2023 16:00:00,44.06,44.57,43.91,43.97,20232149
8/18/2023 16:00:00,43.72,44.46,43.58,44.41,17653648
8/21/2023 16:00:00,44.59,44.77,43.82,44.13,15244236
8/22/2023 16:00:00,44.18,44.34,43.76,43.79,12869736
8/23/2023 16:00:00,43.31,43.71,42.94,43.68,19399283
8/24/2023 16:00:00,43.28,43.84,43.25,43.38,16727513
8/25/2023 16:00:00,43.64,44.02,43.26,43.8,19018407
8/28/2023 16:00:00,43.91,44.42,43.83,44.09,12859097
8/29/2023 16:00:00,44.25,44.26,43.77,44.21,13509662
8/30/2023 16:00:00,44.41,44.51,44.24,44.43,13945062
8/31/2023 16:00:00,44.6,44.67,44.14,44.46,14808692
9/1/2023 16:00:00,44.95,45.42,44.94,45.37,17882080
9/5/2023 16:00:00,45.63,46.08,45.58,45.61,24368698
9/6/2023 16:00:00,45.52,45.88,45.3,45.63,20162145
9/7/2023 16:00:00,45.72,45.95,45.5,45.59,15364572
9/8/2023 16:00:00,45.8,46.36,45.78,46.03,17375861
9/11/2023 16:00:00,46.36,46.5,45.24,45.42,22047498
9/12/2023 16:00:00,45.91,46.54,45.83,46.49,26799673
9/13/2023 16:00:00,46.54,46.63,45.9,46.14,18157686
9/14/2023 16:00:00,46.62,46.84,46.48,46.68,18549904
9/15/2023 16:00:00,46.25,46.71,46.01,46.01,24806371
9/18/2023 16:00:00,46.14,46.28,45.72,46.06,16873326
9/19/2023 16:00:00,46.4,46.47,45.36,45.63,18135903
9/20/2023 16:00:00,45.4,45.92,45.17,45.2,17970995
9/21/2023 16:00:00,45.51,45.62,44.51,44.58,21723105
9/22/2023 16:00:00,44.92,45.22,44.61,44.66,21036026
9/25/2023 16:00:00,44.54,45.29,44.54,45.22,17536880
9/26/2023 16:00:00,44.83,45.23,44.76,44.96,16729981
9/27/2023 16:00:00,45.52,46.21,45.31,46.08,23144708
9/28/2023 16:00:00,45.88,46.39,45.77,46.13,24231374
9/29/2023 16:00:00,46.06,46.24,45.02,45.2,24184570
10/2/2023 16:00:00,45.14,45.26,43.99,44.3,25299903
10/3/2023 16:00:00,44.19,44.35,43.83,44.27,20733283
10/4/2023 16:00:00,43.61,43.68,42.46,42.88,29786159
10/5/2023 16:00:00,42.26,42.99,42.26,42.61,23518463
10/6/2023 16:00:00,42.61,43.26,42.13,42.87,25740547
10/9/2023 16:00:00,44.02,44.48,43.7,44.3,30744526
10/10/2023 16:00:00,44.34,44.64,44.09,44.35,20850253
10/11/2023 16:00:00,43.9,43.94,43.28,43.78,23572661
10/12/2023 16:00:00,44.25,44.29,43.63,43.83,19993223
10/13/2023 16:00:00,44.55,45.01,44.36,44.8,24266126
10/16/2023 16:00:00,45.09,45.23,44.67,45.1,19182636
10/17/2023 16:00:00,45,45.71,44.93,45.57,20211959
10/18/2023 16:00:00,45.75,46.17,45.65,45.98,23808386
10/19/2023 16:00:00,45.82,46.28,45.39,45.9,31648532
10/20/2023 16:00:00,45.82,45.99,44.97,45.13,23274777
10/23/2023 16:00:00,44.87,44.88,44.2,44.4,25944068
10/24/2023 16:00:00,44.51,44.55,43.76,43.78,22135798
10/25/2023 16:00:00,43.81,44.03,43.48,43.7,20706324
10/26/2023 16:00:00,43.3,43.56,42.92,43.36,22385166
10/27/2023 16:00:00,43.31,43.47,42.17,42.32,26904713
10/30/2023 16:00:00,42.47,42.77,42.05,42.46,22765336
10/31/2023 16:00:00,42.51,42.69,42.08,42.6,18602849
11/1/2023 16:00:00,42.87,43.1,42.44,42.5,23041252
11/2/2023 16:00:00,42.6,43.82,42.36,43.78,22661491
11/3/2023 16:00:00,43.7,43.84,43.08,43.34,23617502
11/6/2023 16:00:00,43.69,43.69,42.73,42.85,20517697
11/7/2023 16:00:00,42.29,42.37,41.71,41.9,23775148
11/8/2023 16:00:00,41.74,42.02,41.36,41.38,25371001
11/9/2023 16:00:00,41.68,41.78,41.23,41.25,19116124
11/10/2023 16:00:00,41.72,41.81,41.31,41.71,17291783
11/13/2023 16:00:00,41.77,42.09,41.64,42.01,14223684
11/14/2023 16:00:00,42.17,42.5,42.1,42.38,17361991
11/15/2023 16:00:00,42.32,42.83,42.24,42.3,16521763
11/16/2023 16:00:00,41.9,42.06,41.05,41.48,26582958
11/17/2023 16:00:00,41.83,42.63,41.73,42.35,24429670
11/20/2023 16:00:00,42.52,42.77,42.4,42.41,14549488
11/21/2023 16:00:00,42.21,42.39,41.91,42.31,13486888
11/22/2023 16:00:00,41.47,42.33,41.23,42.29,18275119
11/24/2023 13:15:00,42.28,42.78,42.25,42.47,9576297
11/27/2023 16:00:00,42.25,42.39,41.92,42.32,12250905
11/28/2023 16:00:00,42.4,42.72,42.25,42.33,14460898
11/29/2023 16:00:00,42.59,42.64,41.87,42.01,22633990
11/30/2023 16:00:00,42.37,42.9,41.79,42.29,29182290
12/1/2023 16:00:00,42.24,43.01,42.05,42.51,21523970
12/4/2023 16:00:00,42.2,42.58,42.01,42.32,18535141
12/5/2023 16:00:00,42.29,42.37,41.55,41.58,18873576
12/6/2023 16:00:00,41.31,41.6,40.8,40.96,31153298
12/7/2023 16:00:00,41.15,41.35,40.53,40.67,20454412
12/8/2023 16:00:00,40.95,41.24,40.86,41.12,17063628
12/11/2023 16:00:00,41.15,41.3,40.96,41.17,14672064
12/12/2023 16:00:00,40.78,40.83,40.37,40.6,22693343
12/13/2023 16:00:00,40.63,41.18,40.44,41.17,23222819
12/14/2023 16:00:00,41.58,42.43,41.58,42.38,30358689
12/15/2023 16:00:00,42,42.23,41.8,42.15,23183183
12/18/2023 16:00:00,42.49,42.71,42.05,42.09,21223566
12/19/2023 16:00:00,42.17,42.64,42.08,42.6,18431226
12/20/2023 16:00:00,42.75,43,42.15,42.2,19909087
12/21/2023 16:00:00,42.29,42.43,41.97,42.37,13031439
12/22/2023 16:00:00,42.67,42.86,42.42,42.49,12519124
12/26/2023 16:00:00,42.85,43.08,42.72,42.86,12991727
12/27/2023 16:00:00,42.86,43,42.51,42.67,10119096
12/28/2023 16:00:00,42.45,42.61,42,42.02,13099049
12/29/2023 16:00:00,42.16,42.2,41.8,41.92,12172730
1/2/2024 16:00:00,42.22,42.76,42.16,42.37,19650895
1/3/2024 16:00:00,42.44,43.21,42.22,43.06,18967999
1/4/2024 16:00:00,43.37,43.56,42.28,42.31,21024516
1/5/2024 16:00:00,42.71,42.73,42.14,42.34,17014649
1/8/2024 16:00:00,41.62,41.9,41.05,41.85,23609342
1/9/2024 16:00:00,41.91,41.95,41.09,41.18,16875228
1/10/2024 16:00:00,41.26,41.28,40.61,40.78,16579879
1/11/2024 16:00:00,41,41.1,40.72,40.88,19294285
1/12/2024 16:00:00,41.51,41.67,41.09,41.34,19384595
1/16/2024 16:00:00,41.25,41.31,40.33,40.35,18015626
1/17/2024 16:00:00,39.94,40.42,39.85,40.02,19642135
1/18/2024 16:00:00,40.03,40.07,39.49,39.96,17852797
1/19/2024 16:00:00,39.94,40.09,39.8,40.09,19970105
1/22/2024 16:00:00,40,40.32,39.74,40.24,15068363
1/23/2024 16:00:00,40.17,40.65,40.11,40.32,12354612
1/24/2024 16:00:00,40.53,40.92,40.34,40.9,16920485
1/25/2024 16:00:00,41.19,41.83,40.94,41.82,18804724
1/26/2024 16:00:00,41.77,42.14,41.46,42.13,18234763
1/29/2024 16:00:00,42.06,42.13,41.63,42.07,14840315
1/30/2024 16:00:00,41.65,42.51,41.49,42.5,17670559
1/31/2024 16:00:00,42.5,42.58,41.69,41.71,19290372
2/1/2024 16:00:00,41.96,42.15,41.32,41.7,25550688
2/2/2024 16:00:00,42.05,42.09,41.41,41.76,19037512
2/5/2024 16:00:00,41.51,41.9,41.2,41.66,15796807
2/6/2024 16:00:00,41.86,42.2,41.62,41.79,14028149
2/7/2024 16:00:00,41.91,42.09,41.54,41.88,13460228
2/8/2024 16:00:00,41.85,42.46,41.84,42.31,18100539
2/9/2024 16:00:00,42.39,42.57,41.61,41.66,19036669
2/12/2024 16:00:00,41.8,42.24,41.8,42.12,12946927
2/13/2024 16:00:00,42.16,42.3,41.42,41.69,20578407
2/14/2024 16:00:00,42,42.12,41.43,41.65,20447286
2/15/2024 16:00:00,41.64,42.93,41.61,42.81,21682213
2/16/2024 16:00:00,42.99,43.12,42.66,42.79,13480383
2/20/2024 16:00:00,42.83,42.86,42.34,42.4,14497788
2/21/2024 16:00:00,42.58,43.23,42.55,43.19,14378315
2/22/2024 16:00:00,42.92,43.45,42.71,43.27,17603416
2/23/2024 16:00:00,42.85,43.12,42.57,42.98,14476197
2/26/2024 16:00:00,42.93,43.41,42.72,43.13,11688172
2/27/2024 16:00:00,43.17,43.36,42.73,42.95,13158684
2/28/2024 16:00:00,43,43.33,42.69,42.86,13339812
2/29/2024 16:00:00,42.95,43.21,42.83,43.07,13667657
3/1/2024 16:00:00,43.38,43.77,43.31,43.57,16229844
3/4/2024 16:00:00,43.55,43.66,43.06,43.11,16599023
3/5/2024 16:00:00,43.04,43.71,42.99,43.43,16087126
3/6/2024 16:00:00,43.79,44.02,43.47,43.56,14004382
3/7/2024 16:00:00,43.62,44.18,43.59,43.93,12284598
3/8/2024 16:00:00,43.87,44.1,43.76,44.09,14125993
3/11/2024 16:00:00,44.1,44.56,43.77,44.54,12491860
3/12/2024 16:00:00,44.54,44.66,44.23,44.47,11890452
3/13/2024 16:00:00,44.94,45.43,44.86,45.18,21362595
3/14/2024 16:00:00,45.36,45.67,45.19,45.65,17973014
3/15/2024 16:00:00,45.61,46.11,45.51,45.78,18876683
3/18/2024 16:00:00,45.6,45.73,45.22,45.57,15248355
3/19/2024 16:00:00,45.57,46.12,45.54,46.09,14272893
3/20/2024 16:00:00,45.83,46.19,45.76,46.03,16329668
3/21/2024 16:00:00,46.11,46.4,45.96,46.3,11667097
3/22/2024 16:00:00,46.32,46.44,46.09,46.2,8974404
3/25/2024 16:00:00,46.36,46.94,46.35,46.63,17537190
3/26/2024 16:00:00,46.68,46.78,46.18,46.27,17686925
3/27/2024 16:00:00,46.17,46.71,46.09,46.7,16980041
3/28/2024 16:00:00,46.98,47.29,46.75,47.21,17307570
4/1/2024 16:00:00,47.35,47.7,46.88,47.56,21449514
4/2/2024 16:00:00,47.76,48.27,47.55,48.22,19335599
4/3/2024 16:00:00,48.4,48.62,48.24,48.55,14574431
4/4/2024 16:00:00,48.63,48.8,48.33,48.52,18470645
4/5/2024 16:00:00,48.72,49.23,48.43,49.04,15597269
4/8/2024 16:00:00,49.07,49.21,48.64,48.73,17017279
4/9/2024 16:00:00,48.94,49.07,48.39,48.75,17666552
4/10/2024 16:00:00,48.61,49.08,48.4,48.9,19599825
4/11/2024 16:00:00,49.05,49.07,48.17,48.86,19602346
4/12/2024 16:00:00,49.17,49.49,47.84,48.07,23286215
4/15/2024 16:00:00,48.3,48.53,47.56,47.62,24345363
4/16/2024 16:00:00,47.53,47.75,46.87,47.2,18248809
4/17/2024 16:00:00,47.1,47.57,46.73,47.07,13710457
4/18/2024 16:00:00,47.23,47.36,46.76,46.92,12777824
4/19/2024 16:00:00,47.01,47.81,46.94,47.49,17725720
4/22/2024 16:00:00,47.24,48.12,46.86,47.8,15122166
4/23/2024 16:00:00,47.58,48.06,47.35,48.06,14328745
4/24/2024 16:00:00,47.76,48.15,47.53,48.1,10651892
4/25/2024 16:00:00,48.04,48.46,47.63,48.32,13250097
4/26/2024 16:00:00,47.88,48.06,47.38,47.87,16183299
4/29/2024 16:00:00,47.73,48.3,47.7,48.2,11118164
4/30/2024 16:00:00,48,48.08,46.74,46.76,17699467
5/1/2024 16:00:00,46.7,46.85,45.77,46.02,25471850
5/2/2024 16:00:00,46.33,46.6,46.06,46.28,17308397
5/3/2024 16:00:00,46.32,46.37,45.67,46.29,19043868
5/6/2024 16:00:00,46.43,47.12,46.43,46.65,16722753
5/7/2024 16:00:00,46.72,46.95,46.59,46.61,10471146
5/8/2024 16:00:00,46.34,46.77,46.27,46.55,9905941
5/9/2024 16:00:00,46.6,47.18,46.6,47.18,11244746
5/10/2024 16:00:00,47.28,47.43,46.79,46.92,10284205
5/13/2024 16:00:00,47.03,47.2,46.59,46.79,10489028
5/14/2024 16:00:00,46.7,46.89,46.51,46.85,12176776
5/15/2024 16:00:00,46.75,47.04,46.06,46.96,19396118
5/16/2024 16:00:00,46.85,47.19,46.7,46.83,12290068
5/17/2024 16:00:00,46.91,47.55,46.9,47.48,14500791
5/20/2024 16:00:00,47.5,47.61,47.05,47.17,10067334
5/21/2024 16:00:00,47.05,47.43,46.91,46.94,11233839
5/22/2024 16:00:00,46.75,46.77,45.86,46.04,17433983
5/23/2024 16:00:00,46.27,46.43,45.54,45.62,13465690
5/24/2024 16:00:00,45.98,46.09,45.56,45.69,9520699
5/28/2024 16:00:00,45.85,46.28,45.73,46.16,14452061
5/29/2024 16:00:00,46.03,46.07,45.14,45.34,15026778
5/30/2024 16:00:00,45.24,45.64,45.23,45.47,11366388
5/31/2024 16:00:00,45.55,46.63,45.5,46.6,16251507
6/3/2024 16:00:00,46.45,46.46,45.05,45.38,20398294
6/4/2024 16:00:00,44.91,44.99,44.35,44.95,17360705
6/5/2024 16:00:00,45,45.07,44.67,44.94,10520075
6/6/2024 16:00:00,44.79,45.19,44.61,45.18,12753253
6/7/2024 16:00:00,45.09,45.52,44.78,45,10044889
6/10/2024 16:00:00,45.17,45.61,45,45.34,11274191
6/11/2024 16:00:00,45.14,45.3,44.72,45.25,9295563
6/12/2024 16:00:00,45.62,45.64,44.54,44.76,16280287
6/13/2024 16:00:00,44.64,44.77,44.12,44.35,14247820
6/14/2024 16:00:00,44.3,44.35,43.84,44.02,12905668
6/17/2024 16:00:00,43.96,44.33,43.8,44.14,14773860
6/18/2024 16:00:00,44.42,44.88,44.21,44.32,14642890
6/20/2024 16:00:00,44.45,45.37,44.31,45.14,17036926
6/21/2024 16:00:00,45.26,45.38,44.81,44.88,19993179
6/24/2024 16:00:00,44.77,45.81,44.69,45.64,15594111
6/25/2024 16:00:00,45.6,45.75,45.35,45.75,13835130
6/26/2024 16:00:00,45.8,45.8,45.08,45.3,11563699
6/27/2024 16:00:00,45.54,45.59,45.15,45.4,7815787
6/28/2024 16:00:00,45.75,45.91,45.41,45.58,12835016
7/1/2024 16:00:00,45.94,46.09,45.33,45.6,12281643
7/2/2024 16:00:00,46.04,46.05,45.28,45.57,12613385
7/3/2024 13:15:00,45.61,45.98,45.53,45.77,8140047
7/5/2024 16:00:00,45.68,45.71,44.85,45.05,11725246
7/8/2024 16:00:00,44.73,45.19,44.6,44.78,9797506
7/9/2024 16:00:00,44.33,44.87,44.2,44.38,9545597
7/10/2024 16:00:00,44.33,44.7,44.2,44.68,9660378
7/11/2024 16:00:00,44.57,45.24,44.41,45.15,11344837
7/12/2024 16:00:00,45.4,45.47,44.93,45.26,9058620
7/15/2024 16:00:00,45.58,46.36,45.41,45.95,15395973
7/16/2024 16:00:00,45.75,46.19,45.52,46.15,12064667
7/17/2024 16:00:00,46.26,46.91,46.25,46.61,14717675
7/18/2024 16:00:00,46.56,47.26,46.4,46.7,16433832
7/19/2024 16:00:00,46.62,46.94,46.07,46.19,13250136
7/22/2024 16:00:00,45.94,46.16,45.63,45.9,10763756
7/23/2024 16:00:00,45.77,45.81,45.11,45.17,16551898
7/24/2024 16:00:00,45.29,45.58,44.86,45.17,14664250
7/25/2024 16:00:00,45.2,46.1,44.99,45.95,18218702
7/26/2024 16:00:00,45.83,46.29,45.67,46.1,11865386
7/29/2024 16:00:00,46.1,46.14,45.27,45.7,13578260
7/30/2024 16:00:00,45.7,46.56,45.64,46.41,12836601
7/31/2024 16:00:00,47.04,47.07,46.57,46.61,18086875
8/1/2024 16:00:00,46.5,46.74,45.14,45.37,21279249
8/2/2024 16:00:00,44.85,45.1,43.76,44.2,22918104
8/5/2024 16:00:00,43.25,43.59,42.74,43.23,25019550
8/6/2024 16:00:00,43.39,43.98,43.22,43.49,15709299
8/7/2024 16:00:00,44.02,44.47,43.64,43.67,13062974
8/8/2024 16:00:00,43.79,44.67,43.79,44.61,10798420
8/9/2024 16:00:00,44.54,44.9,44.26,44.71,11172786
8/12/2024 16:00:00,44.97,45.21,43.75,44.93,14392936
8/13/2024 16:00:00,44.59,44.63,44.27,44.49,15693195
8/14/2024 16:00:00,44.58,44.95,44.4,44.75,10828802
8/15/2024 16:00:00,45.01,45.43,44.97,45.29,9167605
8/16/2024 16:00:00,45.01,45.35,44.97,45.24,8876521
8/19/2024 16:00:00,45.31,45.93,45.31,45.54,10881343
8/20/2024 16:00:00,45.44,45.48,44.32,44.34,16933237
8/21/2024 16:00:00,44.62,44.84,44.29,44.42,11368866
8/22/2024 16:00:00,44.45,44.73,44.36,44.53,9797718
8/23/2024 16:00:00,44.74,45.27,44.69,45.2,10367313
8/26/2024 16:00:00,45.7,46,45.27,45.6,9757380
8/27/2024 16:00:00,45.6,45.73,45.1,45.18,8313563
8/28/2024 16:00:00,44.9,45.16,44.69,44.89,8524501
8/29/2024 16:00:00,45.15,45.64,44.73,45.47,11249528
8/30/2024 16:00:00,45.01,45.66,44.91,45.64,14042634
9/3/2024 16:00:00,44.9,44.96,44.22,44.51,19097080
9/4/2024 16:00:00,44.55,44.84,43.8,43.89,15056992
9/5/2024 16:00:00,44.21,44.24,43.51,43.55,12495645
9/6/2024 16:00:00,43.65,43.91,42.83,43.01,17956014
9/9/2024 16:00:00,43.14,43.72,43.07,43.32,16412161
9/10/2024 16:00:00,43.38,43.44,42.21,42.57,24663410
9/11/2024 16:00:00,42.57,42.59,41.51,42.18,24062862
9/12/2024 16:00:00,42.34,42.72,42.03,42.56,15884613
9/13/2024 16:00:00,42.77,43.12,42.67,42.8,13097731
9/16/2024 16:00:00,43.16,43.56,42.96,43.29,13437719
9/17/2024 16:00:00,43.3,43.9,43.21,43.87,12517342
9/18/2024 16:00:00,43.81,44.5,43.75,43.96,14104789
9/19/2024 16:00:00,44.7,44.98,44.24,44.48,18903358
9/20/2024 16:00:00,44.3,44.49,43.89,44.38,13980802
9/23/2024 16:00:00,44.1,44.78,43.95,44.56,13315054
9/24/2024 16:00:00,45.07,45.07,44.39,44.45,17313654
9/25/2024 16:00:00,44.34,44.47,43.49,43.58,13816776
9/26/2024 16:00:00,42.72,43.29,42.59,42.73,23448157
9/27/2024 16:00:00,42.96,43.66,42.93,43.6,15244756
9/30/2024 16:00:00,43.5,43.98,43.26,43.9,11404712
10/1/2024 16:00:00,43.51,45.08,43.45,44.9,33057054
10/2/2024 16:00:00,45.53,45.65,44.86,45.36,20962571
10/3/2024 16:00:00,45.52,46.22,45.18,46.16,22363026
10/4/2024 16:00:00,46.55,46.73,46.13,46.59,17977892
10/7/2024 16:00:00,46.76,47.11,46.6,46.76,16259706
10/8/2024 16:00:00,46.15,46.2,45.32,45.54,19879941
10/9/2024 16:00:00,45.2,45.93,45.11,45.81,15759791
10/10/2024 16:00:00,46.07,46.38,45.73,46.12,13023699
10/11/2024 16:00:00,46.11,46.57,46.02,46.41,13207250
10/14/2024 16:00:00,46.08,46.46,46.01,46.39,11099257
10/15/2024 16:00:00,45.15,45.45,44.87,44.89,18919576
10/16/2024 16:00:00,45.15,45.25,44.98,45.11,9938549
10/17/2024 16:00:00,45.1,45.47,45.05,45.32,10716650
10/18/2024 16:00:00,45.24,45.37,44.85,45.17,12007591
10/21/2024 16:00:00,45.47,45.62,44.96,45.04,10581042
10/22/2024 16:00:00,45.2,45.35,44.98,45.14,8978235
10/23/2024 16:00:00,45.02,45.19,44.65,44.91,9906637
10/24/2024 16:00:00,45,45.14,44.6,44.9,8523606
10/25/2024 16:00:00,45.14,45.26,44.76,44.89,9552256
10/28/2024 16:00:00,43.93,44.63,43.89,44.6,12113963
10/29/2024 16:00:00,44.5,44.54,43.83,43.92,11895782
10/30/2024 16:00:00,44.08,44.37,43.91,44.02,9682076
10/31/2024 16:00:00,44.3,44.63,44.18,44.3,15811606
11/1/2024 16:00:00,44.9,45.06,43.93,44.02,13152292
11/4/2024 16:00:00,44.32,44.86,44.26,44.79,12905941
11/5/2024 16:00:00,45.01,45.2,44.81,45.09,10438333
11/6/2024 16:00:00,46.33,47.13,46.02,46.78,25026633
11/7/2024 16:00:00,46.75,46.75,46.21,46.57,13069002
11/8/2024 16:00:00,46.57,46.94,46.39,46.88,11168410
11/11/2024 16:00:00,46.89,47.3,46.67,47.14,10454743
11/12/2024 16:00:00,47.28,47.42,46.84,46.89,9250175
11/13/2024 16:00:00,47.03,47.45,46.47,47.26,11838119
11/14/2024 16:00:00,47.57,47.59,47.13,47.44,9005536
11/15/2024 16:00:00,47.39,47.85,47.2,47.37,14040246
11/18/2024 16:00:00,47.74,48.09,47.53,48,12617780
11/19/2024 16:00:00,47.61,47.98,47.46,47.69,11898209
11/20/2024 16:00:00,47.87,48.21,47.72,48.17,8958788
11/21/2024 16:00:00,48.39,48.93,48.27,48.56,16770514
11/22/2024 16:00:00,48.5,48.96,48.45,48.64,10777825
11/25/2024 16:00:00,48.63,48.87,47.56,47.68,16475341
11/26/2024 16:00:00,47.74,47.84,47.39,47.61,12466369
11/27/2024 16:00:00,47.57,47.97,47.5,47.56,7798222
11/29/2024 13:15:00,47.67,47.85,47.58,47.77,6818187
12/2/2024 16:00:00,47.75,47.83,46.84,47.26,11094978
12/3/2024 16:00:00,47.57,47.65,47.05,47.26,8943277
12/4/2024 16:00:00,47.24,47.24,45.84,46.12,16259026
12/5/2024 16:00:00,46.29,46.6,46.1,46.3,11331201
12/6/2024 16:00:00,46.2,46.21,45.42,45.51,13103314
12/9/2024 16:00:00,45.89,46.13,45.4,45.44,11813899
12/10/2024 16:00:00,45.7,45.76,45.06,45.13,11649914
12/11/2024 16:00:00,45.22,45.37,44.98,45.2,11573751
12/12/2024 16:00:00,45.12,45.2,44.79,44.84,10873147
12/13/2024 16:00:00,44.95,44.96,44.49,44.61,11173030
12/16/2024 16:00:00,44.49,44.49,43.6,43.63,12518076
12/17/2024 16:00:00,43.3,43.39,42.9,43.31,16005837
12/18/2024 16:00:00,43.19,43.39,42.03,42.03,19620612
12/19/2024 16:00:00,42.47,42.61,41.63,41.66,24994225
12/20/2024 16:00:00,41.66,42.22,41.55,42.07,17852405
12/23/2024 16:00:00,41.66,42.11,41.38,41.97,17222682
12/24/2024 13:00:00,42.09,42.4,41.81,42.32,7512092
12/26/2024 16:00:00,42.34,42.36,42.03,42.29,7693227
12/27/2024 16:00:00,42.25,42.74,42.07,42.28,10184850
12/30/2024 16:00:00,42.29,42.52,41.93,42.28,11772651
12/31/2024 16:00:00,42.38,42.95,42.29,42.83,10582535
1/2/2025 16:00:00,43.28,43.65,43.04,43.33,17443535
1/3/2025 16:00:00,43.59,43.88,43.41,43.74,11062034
1/6/2025 16:00:00,43.94,44.29,43.42,43.54,11417644
1/7/2025 16:00:00,43.86,44.31,43.59,43.97,12517888
1/8/2025 16:00:00,43.7,44.04,43.55,44.02,14241933
1/10/2025 16:00:00,44.65,45.1,43.96,44.2,17037896
1/13/2025 16:00:00,44.4,45.39,44.4,45.13,24448086
1/14/2025 16:00:00,45.05,45.65,44.98,45.61,15586503
1/15/2025 16:00:00,45.89,46.4,45.7,46.29,17328946
1/16/2025 16:00:00,46.13,46.66,46.08,46.62,12615301
1/17/2025 16:00:00,46.62,47.15,46.46,46.98,11949825
1/21/2025 16:00:00,46.86,47,46.5,46.74,24651028
1/22/2025 16:00:00,46.6,46.65,45.86,45.89,17940129
1/23/2025 16:00:00,46.24,46.41,45.77,46.1,14679566
1/24/2025 16:00:00,46.17,46.35,45.6,45.66,14578398
1/27/2025 16:00:00,45.4,45.58,44.87,45.18,15996700
1/28/2025 16:00:00,45.32,45.48,44.53,44.75,18700874
1/29/2025 16:00:00,44.64,45.08,44.58,44.85,10340879
1/30/2025 16:00:00,45.13,45.32,44.8,45.08,19546271
1/31/2025 16:00:00,44.96,45.06,43.72,43.82,22270018
2/3/2025 16:00:00,43.82,44.27,43.42,44.1,19908227
2/4/2025 16:00:00,43.89,45.12,43.82,45.02,20139909
2/5/2025 16:00:00,45.01,45.18,44.75,45.12,10885999
2/6/2025 16:00:00,45.32,45.43,44.05,44.29,20654812
2/7/2025 16:00:00,44.45,44.68,44.22,44.28,11284207
2/10/2025 16:00:00,44.68,45.33,44.68,45.26,12935678
2/11/2025 16:00:00,45.47,45.93,45.18,45.62,13113409
2/12/2025 16:00:00,45.25,45.56,44.44,44.52,19399387
2/13/2025 16:00:00,44.45,44.96,44.16,44.86,15775459
2/14/2025 16:00:00,45.03,45.66,45.03,45.04,12943246
2/18/2025 16:00:00,45.25,45.95,44.99,45.65,14787375
2/19/2025 16:00:00,45.84,46.44,45.81,46.01,12265622
2/20/2025 16:00:00,45.92,46.51,45.72,46.43,14166145
2/21/2025 16:00:00,46.15,46.28,45.44,45.47,15638302
2/24/2025 16:00:00,45.55,45.72,45.23,45.48,13147632
2/25/2025 16:00:00,45.47,45.68,44.45,44.82,13304336
2/26/2025 16:00:00,44.88,44.99,44.36,44.57,12152848
2/27/2025 16:00:00,44.88,45.35,44.49,44.81,15024001
2/28/2025 16:00:00,44.66,45.54,44.38,45.5,13313552
3/3/2025 16:00:00,45.68,45.94,43.51,43.91,24750876
3/4/2025 16:00:00,43.27,44.19,42.72,43.49,25338516
3/5/2025 16:00:00,42.86,43.07,42.01,42.85,28255412
3/6/2025 16:00:00,42.65,43.24,42.31,42.98,23552147
3/7/2025 16:00:00,43.18,44.03,43.18,43.72,22424565
3/10/2025 16:00:00,43.95,44.65,43.63,44.04,20022674
3/11/2025 16:00:00,44.22,44.41,43.46,43.69,15115104
3/12/2025 16:00:00,43.72,44.29,43.55,43.89,16120235
3/13/2025 16:00:00,43.74,44.37,43.33,43.59,15371017
3/14/2025 16:00:00,43.83,44.94,43.63,44.88,16011569
3/17/2025 16:00:00,44.85,45.81,44.85,45.6,14880792
3/18/2025 16:00:00,45.85,45.95,45.31,45.67,15403262
3/19/2025 16:00:00,45.73,46.62,45.72,46.42,15871295
3/20/2025 16:00:00,46.16,46.74,45.97,46.59,16581799
3/21/2025 16:00:00,46.43,46.54,45.97,46.26,18487766
3/24/2025 16:00:00,46.11,46.7,46.04,46.43,11912264
3/25/2025 16:00:00,46.63,47.02,46.48,46.62,11146002
3/26/2025 16:00:00,47.05,47.41,46.77,46.89,12785834
3/27/2025 16:00:00,46.75,46.93,46.25,46.44,9573864
3/28/2025 16:00:00,46.41,46.59,45.98,46.22,11124370
3/31/2025 16:00:00,46.05,47,46.05,46.73,14406865
4/1/2025 16:00:00,46.75,47.04,46.25,47,13560608
4/2/2025 16:00:00,46.6,47.11,46.49,47.07,16980299
4/3/2025 16:00:00,44.83,45.17,43.36,43.37,37828922
4/4/2025 16:00:00,41.83,42.3,39.38,39.38,50375957
4/7/2025 16:00:00,38.1,40.79,37.49,39.13,56953356
4/8/2025 16:00:00,40.33,40.54,37.61,38.22,45269235
4/9/2025 16:00:00,37.48,41.61,37.24,41.18,59481160
4/10/2025 16:00:00,39.93,40.11,37.74,38.49,39523259
4/11/2025 16:00:00,38.67,39.74,37.91,39.45,20958409
4/14/2025 16:00:00,40.38,40.38,39.19,39.59,16374089
4/15/2025 16:00:00,39.55,40.26,39.5,39.53,11083453
4/16/2025 16:00:00,39.77,40.52,39.67,39.85,13665713
4/17/2025 16:00:00,40.17,41.38,40.16,40.75,23954393
4/21/2025 16:00:00,40.17,40.21,39.24,39.69,15505960
4/22/2025 16:00:00,40.2,41,40.03,40.7,11048669
4/23/2025 16:00:00,41.05,41.49,40.37,40.62,21608065
4/24/2025 16:00:00,41,41.39,40.65,41.27,10609495
4/25/2025 16:00:00,40.9,41.23,40.74,41.2,8832390
4/28/2025 16:00:00,41.15,41.6,41.1,41.49,8218355
4/29/2025 16:00:00,41.02,41.52,40.94,41.37,9921658
4/30/2025 16:00:00,40.7,40.76,39.75,40.25,18907144
5/1/2025 16:00:00,39.92,40.93,39.92,40.4,18157210
5/2/2025 16:00:00,40.89,41.2,40.16,40.99,16019402
5/5/2025 16:00:00,40.48,40.53,40.03,40.25,14765105
5/6/2025 16:00:00,40.43,40.61,40.03,40.26,11497731
5/7/2025 16:00:00,40.35,40.48,39.97,40.28,11224120
5/8/2025 16:00:00,40.65,41.36,40.58,40.81,15282937
5/9/2025 16:00:00,41.3,41.42,40.88,41.22,9996574
5/12/2025 16:00:00,42.74,42.94,41.98,42.29,16305028
5/13/2025 16:00:00,42.5,43.22,42.33,42.89,14515784
5/14/2025 16:00:00,42.6,42.79,42.46,42.63,10666327
5/15/2025 16:00:00,42.09,42.83,41.98,42.81,14860766
5/16/2025 16:00:00,42.9,42.93,42.3,42.74,10862912
5/19/2025 16:00:00,42.39,42.43,41.87,42.19,12393533
5/20/2025 16:00:00,42.16,42.25,41.76,41.8,11391071
5/21/2025 16:00:00,41.55,41.63,41.02,41.03,12849160
5/22/2025 16:00:00,40.81,41.1,40.36,40.87,11866125
5/23/2025 16:00:00,40.51,41.1,40.49,41,11755456
5/27/2025 16:00:00,41.29,41.42,40.98,41.35,9514036
5/28/2025 16:00:00,41.55,41.68,40.72,40.83,14776304
5/29/2025 16:00:00,40.89,41.13,40.63,41.13,11896713
5/30/2025 16:00:00,40.82,40.98,40.44,40.77,15519308
6/2/2025 16:00:00,41.53,41.59,40.83,41.3,16015491
6/3/2025 16:00:00,41.33,42.05,40.94,41.79,15176324
6/4/2025 16:00:00,41.77,42.1,40.92,40.98,22469608
6/5/2025 16:00:00,41.28,41.3,40.83,40.94,13833664
6/6/2025 16:00:00,41.31,41.83,41.31,41.71,14278406
6/9/2025 16:00:00,41.87,42.22,41.54,41.79,14340165
6/10/2025 16:00:00,42.23,42.81,42.21,42.53,23046119
6/11/2025 16:00:00,42.82,43.22,42.4,43.15,24498300
6/12/2025 16:00:00,42.95,43.31,42.63,43.3,17014058
6/13/2025 16:00:00,44.11,44.29,43.48,44.05,42097371
6/16/2025 16:00:00,43.93,44.38,43.59,43.92,34703307
6/17/2025 16:00:00,44.29,44.66,44.01,44.33,33942066
6/18/2025 16:00:00,44.49,44.72,43.94,44.04,35236460
6/20/2025 16:00:00,44.22,44.61,44.09,44.49,28372375
6/23/2025 16:00:00,44.69,44.72,42.83,43.02,52844147
6/24/2025 16:00:00,42.39,42.9,42.29,42.46,32679354
6/25/2025 16:00:00,42.41,42.56,42.13,42.27,21861510
6/26/2025 16:00:00,42.37,42.96,42.26,42.88,16782807
6/27/2025 16:00:00,42.85,42.85,42.4,42.65,17705866
6/30/2025 16:00:00,42.49,42.67,42.28,42.41,13123759
7/1/2025 16:00:00,42.47,42.93,42.08,42.73,20386401
7/2/2025 16:00:00,43.09,43.54,42.62,43.47,21234429
7/3/2025 13:15:00,43.41,43.66,43.31,43.52,11133109
7/7/2025 16:00:00,43.33,43.48,42.65,43.1,17836602
7/8/2025 16:00:00,43.05,44.42,43.04,44.26,23736228
7/9/2025 16:00:00,44.15,44.32,43.9,44.03,14336578
7/10/2025 16:00:00,43.93,44.39,43.62,44.37,14412381
7/11/2025 16:00:00,44.29,44.72,44.16,44.57,15085776
7/14/2025 16:00:00,44.48,44.48,43.84,44.08,16720772
7/15/2025 16:00:00,43.99,44.18,43.39,43.44,16929788
7/16/2025 16:00:00,43.38,43.63,42.91,43.07,17750826
7/17/2025 16:00:00,42.85,43.39,42.74,43.33,18043210
7/18/2025 16:00:00,43.68,43.88,42.81,42.98,30487841
7/21/2025 16:00:00,43.01,43.09,42.45,42.54,15217229
7/22/2025 16:00:00,42.49,42.97,42.44,42.74,16222037
7/23/2025 16:00:00,42.91,43.43,42.8,43.41,14023041
7/24/2025 16:00:00,43.29,43.77,43.1,43.72,12011071
7/25/2025 16:00:00,43.76,43.84,43.32,43.55,10071567
7/28/2025 16:00:00,43.84,44.12,43.78,44.05,11852641
7/29/2025 16:00:00,44.12,44.49,43.97,44.48,12275980
7/30/2025 16:00:00,44.2,44.23,43.57,43.84,13276166
7/31/2025 16:00:00,43.38,44.11,43.38,43.61,12480399
8/1/2025 16:00:00,43.44,43.6,42.56,42.8,21164683
8/4/2025 16:00:00,42.72,43.04,42.48,42.7,13254821
8/5/2025 16:00:00,42.69,42.81,42.17,42.76,15706803
8/6/2025 16:00:00,43.03,43.28,42.24,42.36,19124727
8/7/2025 16:00:00,42.61,43.09,42.14,42.2,17521028
8/8/2025 16:00:00,42.4,42.85,42.18,42.47,20368113
8/11/2025 16:00:00,42.55,42.74,42.05,42.13,14414357
8/12/2025 16:00:00,42.21,42.7,42.09,42.33,17263511
8/13/2025 16:00:00,42.36,42.83,42.21,42.82,12800606
8/14/2025 16:00:00,42.79,42.84,42.33,42.78,12472298
8/15/2025 16:00:00,42.8,43.26,42.65,42.78,13648858
8/18/2025 16:00:00,42.56,42.73,42.28,42.53,13214222
8/19/2025 16:00:00,42.41,42.79,42.3,42.54,12846941
8/20/2025 16:00:00,42.61,43.07,42.57,42.9,13983605
8/21/2025 16:00:00,42.82,43.28,42.71,43.19,11044014
8/22/2025 16:00:00,43.34,44.18,43.27,44.07,15468166
8/25/2025 16:00:00,43.96,44.24,43.82,44.19,11706411
8/26/2025 16:00:00,44.01,44.16,43.7,44.12,11427750
8/27/2025 16:00:00,44.05,44.77,44,44.61,13438680
8/28/2025 16:00:00,44.63,45.02,44.33,44.95,12043142
8/29/2025 16:00:00,44.97,45.31,44.91,45.2,11872460
9/2/2025 16:00:00,45.08,45.34,44.74,45.26,12982220
9/3/2025 16:00:00,44.9,45.27,44.1,44.25,18009074
9/4/2025 16:00:00,44.25,44.73,44.06,44.54,12947743
9/5/2025 16:00:00,44.18,44.32,43.46,43.68,24091118
9/8/2025 16:00:00,43.83,44.02,43.19,43.58,17465932
9/9/2025 16:00:00,43.82,44.41,43.77,43.79,20596707
9/10/2025 16:00:00,43.89,44.58,43.79,44.56,14966411
9/11/2025 16:00:00,44.2,44.66,44.07,44.57,12588427
9/12/2025 16:00:00,44.75,44.95,44.29,44.3,11149133
9/15/2025 16:00:00,44.39,44.5,44.08,44.15,11644282
9/16/2025 16:00:00,44.35,45.03,44.34,44.89,20796728
9/17/2025 16:00:00,44.83,45.31,44.64,45,13022429
9/18/2025 16:00:00,45.04,45.13,44.52,44.86,14356524
9/19/2025 16:00:00,44.82,44.85,44.11,44.26,14989567
9/22/2025 16:00:00,43.73,44.05,43.56,43.84,11251171
9/23/2025 16:00:00,44.01,45.07,44.01,44.59,22107394
9/24/2025 16:00:00,44.91,45.59,44.86,45.17,17703067
9/25/2025 16:00:00,45.17,45.62,45.04,45.58,15943599
9/26/2025 16:00:00,45.65,46.46,45.64,46,20080840
9/29/2025 16:00:00,45.68,45.74,44.91,45.15,18837241
9/30/2025 16:00:00,44.76,44.85,44.32,44.67,23772378
10/1/2025 16:00:00,44.45,44.82,44.4,44.67,13830612
10/2/2025 16:00:00,44.57,44.97,44.17,44.22,15896803
10/3/2025 16:00:00,44.45,44.72,44.39,44.46,12023978
10/6/2025 16:00:00,44.74,44.93,44.5,44.68,10744236
10/7/2025 16:00:00,44.63,44.78,43.96,44.75,12662283
10/8/2025 16:00:00,44.75,44.75,44.15,44.49,10012105
10/9/2025 16:00:00,44.58,44.96,43.83,43.88,11698944
10/10/2025 16:00:00,43.56,43.78,42.6,42.61,22446124
10/13/2025 16:00:00,42.93,43.25,42.8,43.19,11444788
10/14/2025 16:00:00,42.58,43.43,42.52,43.19,12542293
10/15/2025 16:00:00,43.46,43.71,42.84,43.16,12133536
10/16/2025 16:00:00,43.24,43.37,42.35,42.64,14596926
10/17/2025 16:00:00,42.82,43.08,42.65,42.99,12036032
10/20/2025 16:00:00,43.07,43.54,43.07,43.45,12676177
10/21/2025 16:00:00,43.57,43.67,43.13,43.35,12942606
10/22/2025 16:00:00,43.64,44.09,43.27,43.9,16407037
10/23/2025 16:00:00,44.69,44.78,44.22,44.49,23654420
10/24/2025 16:00:00,44.69,44.7,44.01,44.04,10595450
10/27/2025 16:00:00,44.27,44.32,43.95,44.14,9798614
10/28/2025 16:00:00,43.98,44.12,43.66,43.68,11237250
10/29/2025 16:00:00,43.73,44.23,43.64,44.01,13403941
10/30/2025 16:00:00,43.99,44.31,43.68,43.75,10331749
10/31/2025 16:00:00,43.85,44.31,43.66,44.07,13492682
11/3/2025 16:00:00,44.08,44.19,43.57,44.07,11116327
11/4/2025 16:00:00,43.53,43.72,43.19,43.6,14738807
11/5/2025 16:00:00,43.6,44.2,43.54,43.71,11928579
11/6/2025 16:00:00,43.78,44.55,43.78,44.14,16077707
11/7/2025 16:00:00,44.29,44.87,44.17,44.77,17729210
11/10/2025 16:00:00,44.89,45.28,44.3,45.18,15632265
11/11/2025 16:00:00,45.45,46.09,45.41,45.77,19376378
11/12/2025 16:00:00,45.46,45.67,45.06,45.13,14931647
11/13/2025 16:00:00,45.27,45.65,45.04,45.24,16121910
11/14/2025 16:00:00,45.48,46.11,44.91,46.01,17089864
11/17/2025 16:00:00,45.96,45.97,44.99,45.17,18723669
11/18/2025 16:00:00,44.98,45.65,44.85,45.53,17419954
11/19/2025 16:00:00,44.73,45.08,44.41,44.94,20531369
11/20/2025 16:00:00,45.17,45.78,44.4,44.43,20815023
11/21/2025 16:00:00,44.51,44.91,44.04,44.71,19658610
11/24/2025 16:00:00,44.66,44.73,43.9,44.59,16840899
11/25/2025 16:00:00,44.24,44.48,43.94,44.31,14649462
11/26/2025 16:00:00,44.3,44.96,44.26,44.64,13305515
11/28/2025 13:15:00,44.67,45.42,44.6,45.23,8333313
12/1/2025 16:00:00,45.29,45.91,45.26,45.66,15575036
12/2/2025 16:00:00,45.59,45.59,44.84,45.07,16652460
12/3/2025 16:00:00,45.38,46,45.31,45.92,15086985
12/4/2025 16:00:00,45.89,46.18,45.76,46.11,11899849
12/5/2025 16:00:00,46.03,46.66,45.91,45.92,22164390
12/8/2025 16:00:00,45.66,45.92,45.27,45.42,27891927
12/9/2025 16:00:00,45.5,46.08,45.46,45.7,20917429
12/10/2025 16:00:00,45.84,46.27,45.63,46.18,26255067
12/11/2025 16:00:00,45.9,46.25,45.84,45.96,25827244
12/12/2025 16:00:00,46.05,46.24,45.39,45.51,33161151
12/15/2025 16:00:00,45.61,45.61,44.82,45.19,27521554
12/16/2025 16:00:00,44.83,44.85,43.77,43.81,49312410
12/17/2025 16:00:00,44.13,44.88,44.06,44.78,43375286
12/18/2025 16:00:00,44.65,44.71,43.98,44.13,29920197
12/19/2025 16:00:00,44.25,44.53,44.03,44.13,31959550
12/22/2025 16:00:00,44.14,44.49,44.09,44.21,23707420
12/23/2025 16:00:00,44.37,44.55,44.22,44.5,19137538
12/24/2025 13:00:00,44.42,44.56,44.31,44.37,11293864
12/26/2025 16:00:00,44.29,44.44,43.99,44.2,17884483
12/29/2025 16:00:00,44.51,44.74,44.29,44.62,31352054
12/30/2025 16:00:00,44.8,45.09,44.8,44.96,18654743
12/31/2025 16:00:00,44.93,45.02,44.57,44.71,16965922
1/2/2026 16:00:00,44.72,45.78,44.49,45.65,31935524
1/5/2026 16:00:00,47.16,47.32,45.75,46.89,94961037
1/6/2026 16:00:00,47,47.06,45.53,45.64,69568225
1/7/2026 16:00:00,45.82,45.82,45.08,45.13,42739166
1/8/2026 16:00:00,45.32,46.85,45.22,46.55,51451021
1/9/2026 16:00:00,46.75,46.88,46.51,46.67,38839945
1/12/2026 16:00:00,46.75,46.81,46.1,46.34,28264436
1/13/2026 16:00:00,46.73,47.39,46.68,47,50469235
1/14/2026 16:00:00,47.25,48.65,47.18,48.06,80750152
1/15/2026 16:00:00,47.63,48.07,47.27,47.61,49328793
1/16/2026 16:00:00,47.56,47.81,47.49,47.69,30796285
1/20/2026 16:00:00,48.09,48.31,47.5,47.6,50178699
1/21/2026 16:00:00,48.29,49.05,48.29,48.75,58996037
1/22/2026 16:00:00,48.62,49,48.42,48.91,50869509
1/23/2026 16:00:00,49.52,49.89,49.09,49.19,51431167
1/26/2026 16:00:00,49.87,49.89,48.95,49.22,40122625
1/27/2026 16:00:00,49.39,49.82,49.16,49.67,39840271
1/28/2026 16:00:00,49.97,50.14,49.56,50.05,41890386
1/29/2026 16:00:00,51.15,51.73,50.48,50.51,77520650
1/30/2026 16:00:00,50.36,51.09,49.88,51.05,74039404
2/2/2026 16:00:00,50.1,50.51,49.77,50.05,61479856
2/3/2026 16:00:00,50.24,51.78,50.02,51.67,83754106
2/4/2026 16:00:00,51.82,52.96,51.82,52.83,78149891
2/5/2026 16:00:00,52.26,52.49,51.44,52.21,54235648
2/6/2026 16:00:00,52.5,53.42,52.36,53.25,41669571
2/9/2026 16:00:00,53.21,53.72,52.98,53.64,38798501
2/10/2026 16:00:00,53.77,53.79,53.24,53.58,32145991
2/11/2026 16:00:00,54.28,55.11,54.25,54.98,57349665
2/12/2026 16:00:00,54.94,55.24,53.76,53.98,67427841
2/13/2026 16:00:00,53.94,54.58,53.81,54.35,48392131
2/17/2026 16:00:00,54.57,54.91,53.18,53.75,50499593
2/18/2026 16:00:00,54.53,54.86,54.22,54.78,59196116
2/19/2026 16:00:00,55.46,55.88,54.93,55.18,62513522
2/20/2026 16:00:00,55,55.29,54.51,54.88,50833496
2/23/2026 16:00:00,55.04,55.93,54.87,55.15,43946096
2/24/2026 16:00:00,55.11,55.22,54.4,55.1,42868038
2/25/2026 16:00:00,55.3,55.37,54.19,54.87,36149745
2/26/2026 16:00:00,54.37,55.67,54.12,55.05,46899798
2/27/2026 16:00:00,55.64,56.15,54.93,55.92,58904577
3/2/2026 16:00:00,57.77,57.88,56.27,57.04,134703405
3/3/2026 16:00:00,57.39,57.72,56.05,56.52,154484934
3/4/2026 16:00:00,56.06,56.43,55.33,56.19,70612417
3/5/2026 16:00:00,56.53,57.06,56.08,56.48,85025520
3/6/2026 16:00:00,57.15,57.34,56.17,56.57,67856614
3/9/2026 16:00:00,56.84,57.15,55.94,56.32,88319412
3/10/2026 16:00:00,56.06,56.46,55.37,55.6,88638620
3/11/2026 16:00:00,55.63,57.04,55.54,56.98,48743711
3/12/2026 16:00:00,57.13,58.22,57.06,57.51,69358708
3/13/2026 16:00:00,57.5,57.93,57.1,57.7,43374634
3/16/2026 16:00:00,57.77,58.1,57.27,57.9,39474322
3/17/2026 16:00:00,58.23,59.05,57.98,58.51,40137744
3/18/2026 16:00:00,58.74,58.97,58.43,58.43,42908022
3/19/2026 16:00:00,58.84,59.72,58.52,59.36,69231382
3/20/2026 16:00:00,59.56,60.32,59.28,59.31,73003415
3/23/2026 16:00:00,57.89,59.84,57.66,59.63,71027211
3/24/2026 16:00:00,59.84,61.47,59.77,60.84,51207451
3/25/2026 16:00:00,60.32,61,60.26,60.57,42680737
3/26/2026 16:00:00,60.67,61.86,60.59,61.52,54967638
3/27/2026 16:00:00,61.53,62.79,61.26,62.56,59553212
3/30/2026 16:00:00,63.13,63.46,61.78,61.96,49750121
3/31/2026 16:00:00,62.07,62.83,60.04,61.26,94766929
4/1/2026 16:00:00,59.72,60.62,58.36,58.97,96652895
4/2/2026 16:00:00,60.53,61.01,58.98,59.25,60400534
4/6/2026 16:00:00,59.11,59.69,58.89,59.68,25474157
4/7/2026 16:00:00,59.81,60.77,59.79,60.16,38811701
4/8/2026 16:00:00,56.68,58.19,56.18,58.05,88023629
4/9/2026 16:00:00,58.2,59.02,57.11,57.33,55088508
4/10/2026 16:00:00,57.17,57.48,56.4,56.94,42561689
4/13/2026 16:00:00,57.62,57.72,56.65,57.11,43100868
4/14/2026 16:00:00,56.5,56.5,55.41,55.95,58830078
4/15/2026 16:00:00,55.6,56.21,55.27,55.76,39551489
4/16/2026 16:00:00,55.84,56.88,55.77,56.58,31282568
4/17/2026 16:00:00,54.41,55.16,53.41,55.02,90913254
4/20/2026 16:00:00,55.1,55.72,54.8,55.07,35150037
4/21/2026 16:00:00,55.32,55.96,54.92,55.87,41299834
4/22/2026 16:00:00,56.36,56.78,56.13,56.54,40565508
4/23/2026 16:00:00,56.89,57.19,56.47,56.98,34707172
4/24/2026 16:00:00,56.77,56.92,56.17,56.87,36426745
4/27/2026 16:00:00,57.1,57.68,56.63,56.77,33070605
4/28/2026 16:00:00,57.72,58.05,57.38,57.71,39151281
4/29/2026 16:00:00,58.28,59.11,58.06,59.03,40616692
4/30/2026 16:00:00,58.34,59.84,57.94,59.65,35896767
5/1/2026 16:00:00,59.06,59.6,58.26,58.85,35828436
5/4/2026 16:00:00,58.73,59.63,58.22,59.39,36882957
5/5/2026 16:00:00,59.26,59.76,58.89,59.45,27041418
5/6/2026 16:00:00,57.37,57.89,56.66,57,57907517
5/7/2026 16:00:00,55.87,56.15,55.13,55.95,52909857
5/8/2026 16:00:00,55.85,56.23,55.46,55.7,30573489
5/11/2026 16:00:00,56.26,57.22,56.24,57.17,31943313
5/12/2026 16:00:00,57.73,57.84,57.14,57.57,36814545
5/13/2026 16:00:00,57.47,57.71,56.96,57.63,22707192
5/14/2026 16:00:00,57.65,58.18,57.51,58.07,23486954
5/15/2026 16:00:00,58.7,59.47,58.48,59.44,33565458
5/18/2026 16:00:00,59.13,60.7,58.72,60.58,41516591
5/19/2026 16:00:00,60.81,61.49,60.3,61.29,31111027
5/20/2026 16:00:00,60.81,61.7,59.68,59.8,61776771
5/21/2026 16:00:00,60.48,60.59,58.72,59.13,45851129
5/22/2026 16:00:00,58.96,59.61,58.83,59.49,42428854
5/26/2026 16:00:00,58.87,59.57,57.84,57.85,38819875
5/27/2026 16:00:00,57.01,57.5,56.48,56.99,48329833
5/28/2026 16:00:00,57.55,57.68,56.68,56.95,46554065
5/29/2026 16:00:00,56.68,56.79,55.99,56.29,32389634
6/1/2026 16:00:00,57.03,57.81,56.85,57.3,55879351
6/2/2026 16:00:00,57.19,58.17,57.08,57.96,23842616
6/3/2026 16:00:00,58.24,59.38,58.01,58.71,46312796
6/4/2026 16:00:00,58.5,59.03,58.17,58.75,23916328
6/5/2026 16:00:00,58.67,58.78,57.63,57.67,28212971
6/8/2026 16:00:00,58.08,58.96,57.97,58.33,25717786
6/9/2026 16:00:00,58.08,58.21,56.81,57.39,46026298
6/10/2026 16:00:00,57.94,59.04,57.78,58.25,36515274
6/11/2026 16:00:00,58.78,58.99,57.06,57.12,40863527
6/12/2026 16:00:00,56.79,58.15,56.63,57.55,31964734
6/15/2026 16:00:00,55.2,56.05,55.02,55.55,44319056
6/16/2026 16:00:00,55,55.48,54.95,55.36,42008394
6/17/2026 16:00:00,55.26,55.36,54.54,54.67,38553036
6/18/2026 16:00:00,54.14,54.25,53.25,53.77,39645691
6/22/2026 16:00:00,53.53,54.13,53.17,54.06,30765619
6/23/2026 16:00:00,54.14,54.56,53.87,54.46,38690404
6/24/2026 16:00:00,53.5,53.77,52.94,53.57,43034611
6/25/2026 16:00:00,53.2,54.32,53,54.09,28238616
6/26/2026 16:00:00,54,54.15,53.68,53.84,19025240
6/29/2026 16:00:00,53.98,54.28,53.47,53.58,25142317
6/30/2026 16:00:00,53.62,54.12,53.08,53.11,28283953
7/1/2026 16:00:00,53.05,53.44,52.62,52.81,33662700
7/2/2026 16:00:00,53.24,53.65,52.91,53.22,28538219
7/6/2026 16:00:00,53.06,53.55,53,53.13,24735265
7/7/2026 16:00:00,53.61,54.82,53.6,54.64,41833648
7/8/2026 16:00:00,55.46,56.04,54.87,55.6,39741354
7/9/2026 16:00:00,55.28,55.48,54.73,54.82,21770724
7/10/2026 16:00:00,55.08,55.24,54.36,55.08,22974653
7/13/2026 16:00:00,55.86,56.97,55.86,56.74,41200899
7/14/2026 16:00:00,57,57.22,56.29,56.95,32578965
7/15/2026 16:00:00,56.94,57.04,55.76,56.5,33184199
7/16/2026 16:00:00,56.66,57.3,56.6,57.02,27476980
7/17/2026 16:00:00,57.95,58.12,57.28,57.68,31397794
7/20/2026 16:00:00,57.56,58.39,57.41,57.94,27329327
7/21/2026 16:00:00,58.16,58.53,57.83,58.5,20315679
7/22/2026 16:00:00,59.27,59.52,58.9,59.2,29548569
7/23/2026 16:00:00,60.24,60.38,59.27,59.38,35838630
7/24/2026 16:00:00,59.4,60.45,59.4,59.62,34181899
7/27/2026 16:00:00,58.41,59.28,58.23,58.36,33826363
7/28/2026 16:00:00,58.41,58.79,57.25,57.57,27800812
7/29/2026 16:00:00,59.08,59.3,58.42,58.65,34175576
7/30/2026 16:00:00,58.08,59.11,58.02,58.96,23045725
7/31/2026 16:00:00,58.93,59.69,58.32,59.55,23556477
8/3/2026 16:00:00,58.69,59.33,58.16,58.79,26038366
8/4/2026 16:00:00,57.7,58.72,57.13,58.52,37661542
8/5/2026 16:00:00,58.77,58.98,57.21,57.31,33213539
8/6/2026 16:00:00,58.39,58.56,57.58,58.16,25084279
8/7/2026 16:00:00,57.53,58.05,57.11,57.5,21092719
8/10/2026 16:00:00,58.19,60.21,58.1,60.18,33677849
8/11/2026 16:00:00,59.99,61.08,59.99,60.93,22400839
8/12/2026 16:00:00,60.47,61.17,60.34,61.03,22584153
8/13/2026 16:00:00,60.52,61.13,60.23,61.06,20703555
8/14/2026 16:00:00,61.37,62.11,61.25,61.91,22777743
8/17/2026 16:00:00,62.22,62.69,61.79,62.58,23550295
8/18/2026 16:00:00,63.41,63.71,63.12,63.68,27280523
8/19/2026 16:00:00,63.85,64.25,63.4,63.58,25537823
8/20/2026 16:00:00,64.25,64.7,63.69,63.75,24304126
8/21/2026 16:00:00,63.91,64.3,63.35,63.64,27798587
8/24/2026 16:00:00,63.24,63.72,62.56,63.11,23010359
8/25/2026 16:00:00,62.2,62.79,62.04,62.06,27426442
8/26/2026 16:00:00,61.43,63.02,61.31,62.43,24398571
8/27/2026 16:00:00,62.23,62.72,61.55,62.29,29603991
8/28/2026 16:00:00,62.35,62.74,62.12,62.68,20624541
8/31/2026 16:00:00,63.8,64.44,63.14,63.96,27148839
9/1/2026 16:00:00,64.87,64.95,64.05,64.77,33275949
9/2/2026 16:00:00,64.27,65.35,64.25,65.1,27401415
9/3/2026 16:00:00,65.05,65.52,64.58,64.62,24079407
9/4/2026 16:00:00,64.04,64.33,63.38,64.06,26289553
9/8/2026 16:00:00,64.83,65.24,64.31,64.77,28088243
9/9/2026 16:00:00,65.56,65.92,65.01,65.31,25392376
9/10/2026 16:00:00,66.14,66.17,64.34,64.93,37212596
9/11/2026 16:00:00,64.89,65.72,64.71,65.14,30546274